cell_num	coverage_mean	coverage_variance	eff_seq_err_rate	ado_rate	mutation_rate	deletion_rate	insertion_rate	dataset	tool	snv_type	tool_setup	fine_tune_type	data_type	true_cell_names	cell_names	true_loci_info	loci_info	true_genotypes	genotypes	true_ternary	ternary	genotype_probs	true_positive	false_positive	true_negative	false_negative	recall	precision	f1_score	fall_out	true_positive_mu	false_positive_mu	true_negative_mu	false_negative_mu	recall_mu	precision_mu	f1_score_mu	fall_out_mu	true_positive_hetero_mu	false_positive_hetero_mu	true_negative_hetero_mu	false_negative_hetero_mu	recall_hetero_mu	precision_hetero_mu	f1_score_hetero_mu	fall_out_hetero_mu	true_positive_homo_mu	false_positive_homo_mu	true_negative_homo_mu	false_negative_homo_mu	recall_homo_mu	precision_homo_mu	f1_score_homo_mu	fall_out_homo_mu	true_homo_mu	true_homo_ref_as_hetero_mu	true_homo_mu_as_homo_ref	true_homo_mu_as_hetero_mu	true_positive_del	false_positive_del	true_negative_del	false_negative_del	recall_del	precision_del	fall_out_del	f1_score_del	true_positive_all_del	false_positive_all_del	true_negative_all_del	false_negative_all_del	recall_all_del	precision_all_del	fall_out_all_del	f1_score_all_del	true_positive_del_alt_left	false_positive_del_alt_left	true_negative_del_alt_left	false_negative_del_alt_left	recall_del_alt_left	precision_del_alt_left	fall_out_del_alt_left	f1_score_del_alt_left	true_positive_del_ref_left	false_positive_del_ref_left	true_negative_del_ref_left	false_negative_del_ref_left	recall_del_ref_left	precision_del_ref_left	fall_out_del_ref_left	f1_score_del_ref_left	true_del_ref_left_as_homo_ref	true_del_ref_left_as_hetero_mu	true_del_alt_left_as_hetero_mu	true_del_alt_left_as_homo_mu	true_positive_amp	false_positive_amp	true_negative_amp	false_negative_amp	recall_amp	precision_amp	fall_out_amp	f1_score_amp
40	5	20	0.001999	0.16334	3e-05	3e-06	0.0	0001	monovar	NA	true_parameters	NA	no_cnv	/raid/kang/DelSIEVE/simulation_results/IndelSIEVE_benchmark_pipeline_ld_203/benchmark_results/simulated_data/results/cell_names	/raid/kang/DelSIEVE/simulation_results/IndelSIEVE_benchmark_pipeline_ld_203/benchmark_results/monovar/from_true_params/no_cnv/0001/post_processed/filtered.cell_names	/raid/kang/DelSIEVE/simulation_results/IndelSIEVE_benchmark_pipeline_ld_203/benchmark_results/simulated_data/results/data_type/no_cnv/0001/true_evo_events_sites_names	/raid/kang/DelSIEVE/simulation_results/IndelSIEVE_benchmark_pipeline_ld_203/benchmark_results/monovar/from_true_params/no_cnv/0001/post_processed/filtered.loci_info	/raid/kang/DelSIEVE/simulation_results/IndelSIEVE_benchmark_pipeline_ld_203/benchmark_results/simulated_data/results/data_type/no_cnv/0001/true_evo_events_genotypes_numeric	/raid/kang/DelSIEVE/simulation_results/IndelSIEVE_benchmark_pipeline_ld_203/benchmark_results/monovar/from_true_params/no_cnv/0001/post_processed/filtered.genotypes	/raid/kang/DelSIEVE/simulation_results/IndelSIEVE_benchmark_pipeline_ld_203/benchmark_results/simulated_data/results/data_type/no_cnv/0001/true_evo_events_ternary_matrix.simple	/raid/kang/DelSIEVE/simulation_results/IndelSIEVE_benchmark_pipeline_ld_203/benchmark_results/monovar/from_true_params/no_cnv/0001/post_processed/filtered.ternary	/raid/kang/DelSIEVE/simulation_results/IndelSIEVE_benchmark_pipeline_ld_203/benchmark_results/monovar/from_true_params/no_cnv/0001/post_processed/filtered.genotype_probs	7253	1522	15555	4310	0.6272593617573294	0.8265527065527065	0.7132461402301111	0.0891257246588979	5741	10	18238	4639	0.5530828516377649	0.998261171970092	0.7117971607463889	0.0005480052608505	3921	320	19196	5191	0.4303116769095698	0.9245460976184862	0.5872837564592226	0.0163968026234884	532	978	26637	481	0.5251727541954591	0.352317880794702	0.4217201743955608	0.0354155350353069	1013	8	112	243	265	2759	24443	1173	0.1842837273991655	0.0876322751322751	0.1014263657084038	0.1187808157776781	0	3024	25605	11	0.0	0.0	0.1056271612700408	NA	0	0	28373	267	0.0	NA	0.0	NA	0	0	27480	1160	0.0	NA	0.0	NA	972	2	67	84	0	0	28640	0	NA	NA	0.0	NA
40	5	20	0.001999	0.16334	3e-05	3e-06	0.0	0002	monovar	NA	true_parameters	NA	no_cnv	/raid/kang/DelSIEVE/simulation_results/IndelSIEVE_benchmark_pipeline_ld_203/benchmark_results/simulated_data/results/cell_names	/raid/kang/DelSIEVE/simulation_results/IndelSIEVE_benchmark_pipeline_ld_203/benchmark_results/monovar/from_true_params/no_cnv/0002/post_processed/filtered.cell_names	/raid/kang/DelSIEVE/simulation_results/IndelSIEVE_benchmark_pipeline_ld_203/benchmark_results/simulated_data/results/data_type/no_cnv/0002/true_evo_events_sites_names	/raid/kang/DelSIEVE/simulation_results/IndelSIEVE_benchmark_pipeline_ld_203/benchmark_results/monovar/from_true_params/no_cnv/0002/post_processed/filtered.loci_info	/raid/kang/DelSIEVE/simulation_results/IndelSIEVE_benchmark_pipeline_ld_203/benchmark_results/simulated_data/results/data_type/no_cnv/0002/true_evo_events_genotypes_numeric	/raid/kang/DelSIEVE/simulation_results/IndelSIEVE_benchmark_pipeline_ld_203/benchmark_results/monovar/from_true_params/no_cnv/0002/post_processed/filtered.genotypes	/raid/kang/DelSIEVE/simulation_results/IndelSIEVE_benchmark_pipeline_ld_203/benchmark_results/simulated_data/results/data_type/no_cnv/0002/true_evo_events_ternary_matrix.simple	/raid/kang/DelSIEVE/simulation_results/IndelSIEVE_benchmark_pipeline_ld_203/benchmark_results/monovar/from_true_params/no_cnv/0002/post_processed/filtered.ternary	/raid/kang/DelSIEVE/simulation_results/IndelSIEVE_benchmark_pipeline_ld_203/benchmark_results/monovar/from_true_params/no_cnv/0002/post_processed/filtered.genotype_probs	7344	1553	15212	4331	0.6290364025695931	0.8254467798134203	0.7139801672175774	0.092633462570832	5869	18	17616	4931	0.543425925925926	0.9969424154917615	0.703421825373045	0.0010207553589656	3947	415	18658	5414	0.4216429868603781	0.9048601558917928	0.5752386504408658	0.0217585067897027	574	951	26273	636	0.4743801652892562	0.3763934426229508	0.419744058500914	0.0349324125771378	1210	15	142	338	213	2797	24539	891	0.1929347826086956	0.0707641196013289	0.1023192859233245	0.1035488575595527	3	3007	25430	0	1.0	0.0009966777408637	0.1057425185497767	0.0019913707268503	0	0	28205	235	0.0	NA	0.0	NA	0	0	27574	866	0.0	NA	0.0	NA	712	3	59	92	0	0	28440	0	NA	NA	0.0	NA
40	5	20	0.001999	0.16334	3e-05	3e-06	0.0	0003	monovar	NA	true_parameters	NA	no_cnv	/raid/kang/DelSIEVE/simulation_results/IndelSIEVE_benchmark_pipeline_ld_203/benchmark_results/simulated_data/results/cell_names	/raid/kang/DelSIEVE/simulation_results/IndelSIEVE_benchmark_pipeline_ld_203/benchmark_results/monovar/from_true_params/no_cnv/0003/post_processed/filtered.cell_names	/raid/kang/DelSIEVE/simulation_results/IndelSIEVE_benchmark_pipeline_ld_203/benchmark_results/simulated_data/results/data_type/no_cnv/0003/true_evo_events_sites_names	/raid/kang/DelSIEVE/simulation_results/IndelSIEVE_benchmark_pipeline_ld_203/benchmark_results/monovar/from_true_params/no_cnv/0003/post_processed/filtered.loci_info	/raid/kang/DelSIEVE/simulation_results/IndelSIEVE_benchmark_pipeline_ld_203/benchmark_results/simulated_data/results/data_type/no_cnv/0003/true_evo_events_genotypes_numeric	/raid/kang/DelSIEVE/simulation_results/IndelSIEVE_benchmark_pipeline_ld_203/benchmark_results/monovar/from_true_params/no_cnv/0003/post_processed/filtered.genotypes	/raid/kang/DelSIEVE/simulation_results/IndelSIEVE_benchmark_pipeline_ld_203/benchmark_results/simulated_data/results/data_type/no_cnv/0003/true_evo_events_ternary_matrix.simple	/raid/kang/DelSIEVE/simulation_results/IndelSIEVE_benchmark_pipeline_ld_203/benchmark_results/monovar/from_true_params/no_cnv/0003/post_processed/filtered.ternary	/raid/kang/DelSIEVE/simulation_results/IndelSIEVE_benchmark_pipeline_ld_203/benchmark_results/monovar/from_true_params/no_cnv/0003/post_processed/filtered.genotype_probs	7051	1527	15658	4284	0.6220555800617557	0.8219864770342737	0.7081805855471301	0.0888565609543206	5602	17	18325	4558	0.5513779527559055	0.996974550631785	0.7100576715888205	0.000926834587286	3857	413	19045	5187	0.4264705882352941	0.90327868852459	0.5793901156677183	0.0212252030013362	363	986	26600	553	0.3962882096069869	0.2690882134914751	0.3205298013245033	0.0357427680707605	916	17	109	326	253	2706	24439	1122	0.184	0.0855018587360594	0.0996868668263031	0.116751269035533	2	2957	25555	6	0.25	0.0006759040216289	0.1037107182940516	0.0013481631277384	0	0	28302	218	0.0	NA	0.0	NA	0	0	27371	1149	0.0	NA	0.0	NA	949	0	70	68	0	0	28520	0	NA	NA	0.0	NA
40	5	20	0.001999	0.16334	3e-05	3e-06	0.0	0004	monovar	NA	true_parameters	NA	no_cnv	/raid/kang/DelSIEVE/simulation_results/IndelSIEVE_benchmark_pipeline_ld_203/benchmark_results/simulated_data/results/cell_names	/raid/kang/DelSIEVE/simulation_results/IndelSIEVE_benchmark_pipeline_ld_203/benchmark_results/monovar/from_true_params/no_cnv/0004/post_processed/filtered.cell_names	/raid/kang/DelSIEVE/simulation_results/IndelSIEVE_benchmark_pipeline_ld_203/benchmark_results/simulated_data/results/data_type/no_cnv/0004/true_evo_events_sites_names	/raid/kang/DelSIEVE/simulation_results/IndelSIEVE_benchmark_pipeline_ld_203/benchmark_results/monovar/from_true_params/no_cnv/0004/post_processed/filtered.loci_info	/raid/kang/DelSIEVE/simulation_results/IndelSIEVE_benchmark_pipeline_ld_203/benchmark_results/simulated_data/results/data_type/no_cnv/0004/true_evo_events_genotypes_numeric	/raid/kang/DelSIEVE/simulation_results/IndelSIEVE_benchmark_pipeline_ld_203/benchmark_results/monovar/from_true_params/no_cnv/0004/post_processed/filtered.genotypes	/raid/kang/DelSIEVE/simulation_results/IndelSIEVE_benchmark_pipeline_ld_203/benchmark_results/simulated_data/results/data_type/no_cnv/0004/true_evo_events_ternary_matrix.simple	/raid/kang/DelSIEVE/simulation_results/IndelSIEVE_benchmark_pipeline_ld_203/benchmark_results/monovar/from_true_params/no_cnv/0004/post_processed/filtered.ternary	/raid/kang/DelSIEVE/simulation_results/IndelSIEVE_benchmark_pipeline_ld_203/benchmark_results/monovar/from_true_params/no_cnv/0004/post_processed/filtered.genotype_probs	6497	1401	16834	3828	0.6292493946731235	0.8226133198278045	0.7130549305822312	0.0768302714559912	5331	13	19074	4132	0.5633520025361936	0.9975673652694612	0.7200648342000405	0.0006810918426153	3716	339	19736	4759	0.4384660766961652	0.916399506781751	0.5931364724660814	0.0168866749688667	378	911	26721	540	0.4117647058823529	0.2932505818463926	0.342546443135478	0.0329690214244354	918	12	110	301	100	2454	25174	832	0.1072961373390558	0.0391542678151918	0.0888229332561169	0.057372346528973	0	2554	25999	7	0.0	0.0	0.0894476937624768	NA	0	0	28480	80	0.0	NA	0.0	NA	0	0	27715	845	0.0	NA	0.0	NA	758	1	25	16	0	0	28560	0	NA	NA	0.0	NA
40	5	20	0.001999	0.16334	3e-05	3e-06	0.0	0005	monovar	NA	true_parameters	NA	no_cnv	/raid/kang/DelSIEVE/simulation_results/IndelSIEVE_benchmark_pipeline_ld_203/benchmark_results/simulated_data/results/cell_names	/raid/kang/DelSIEVE/simulation_results/IndelSIEVE_benchmark_pipeline_ld_203/benchmark_results/monovar/from_true_params/no_cnv/0005/post_processed/filtered.cell_names	/raid/kang/DelSIEVE/simulation_results/IndelSIEVE_benchmark_pipeline_ld_203/benchmark_results/simulated_data/results/data_type/no_cnv/0005/true_evo_events_sites_names	/raid/kang/DelSIEVE/simulation_results/IndelSIEVE_benchmark_pipeline_ld_203/benchmark_results/monovar/from_true_params/no_cnv/0005/post_processed/filtered.loci_info	/raid/kang/DelSIEVE/simulation_results/IndelSIEVE_benchmark_pipeline_ld_203/benchmark_results/simulated_data/results/data_type/no_cnv/0005/true_evo_events_genotypes_numeric	/raid/kang/DelSIEVE/simulation_results/IndelSIEVE_benchmark_pipeline_ld_203/benchmark_results/monovar/from_true_params/no_cnv/0005/post_processed/filtered.genotypes	/raid/kang/DelSIEVE/simulation_results/IndelSIEVE_benchmark_pipeline_ld_203/benchmark_results/simulated_data/results/data_type/no_cnv/0005/true_evo_events_ternary_matrix.simple	/raid/kang/DelSIEVE/simulation_results/IndelSIEVE_benchmark_pipeline_ld_203/benchmark_results/monovar/from_true_params/no_cnv/0005/post_processed/filtered.ternary	/raid/kang/DelSIEVE/simulation_results/IndelSIEVE_benchmark_pipeline_ld_203/benchmark_results/monovar/from_true_params/no_cnv/0005/post_processed/filtered.genotype_probs	7313	1069	10153	4185	0.6360236562880501	0.8724648055356716	0.7357142857142857	0.0952593120655854	5830	17	12109	4757	0.5506753565693775	0.9970925260817514	0.7095046854082998	0.0014019462312386	3657	524	13392	5140	0.4157099011026486	0.8746711313082994	0.5635691169671752	0.0376544984190859	672	994	20264	783	0.4618556701030928	0.4033613445378151	0.4306312079461711	0.0467588672499764	1455	15	159	447	297	2238	19236	949	0.2383627608346709	0.1171597633136094	0.1042190556021235	0.1571012959534514	20	2515	20171	14	0.5882352941176471	0.0078895463510848	0.110861324164683	0.0155702608018684	0	0	22378	342	0.0	NA	0.0	NA	0	0	21850	870	0.0	NA	0.0	NA	703	2	60	145	0	0	22720	0	NA	NA	0.0	NA
40	5	20	0.001999	0.16334	3e-05	3e-06	0.0	0006	monovar	NA	true_parameters	NA	no_cnv	/raid/kang/DelSIEVE/simulation_results/IndelSIEVE_benchmark_pipeline_ld_203/benchmark_results/simulated_data/results/cell_names	/raid/kang/DelSIEVE/simulation_results/IndelSIEVE_benchmark_pipeline_ld_203/benchmark_results/monovar/from_true_params/no_cnv/0006/post_processed/filtered.cell_names	/raid/kang/DelSIEVE/simulation_results/IndelSIEVE_benchmark_pipeline_ld_203/benchmark_results/simulated_data/results/data_type/no_cnv/0006/true_evo_events_sites_names	/raid/kang/DelSIEVE/simulation_results/IndelSIEVE_benchmark_pipeline_ld_203/benchmark_results/monovar/from_true_params/no_cnv/0006/post_processed/filtered.loci_info	/raid/kang/DelSIEVE/simulation_results/IndelSIEVE_benchmark_pipeline_ld_203/benchmark_results/simulated_data/results/data_type/no_cnv/0006/true_evo_events_genotypes_numeric	/raid/kang/DelSIEVE/simulation_results/IndelSIEVE_benchmark_pipeline_ld_203/benchmark_results/monovar/from_true_params/no_cnv/0006/post_processed/filtered.genotypes	/raid/kang/DelSIEVE/simulation_results/IndelSIEVE_benchmark_pipeline_ld_203/benchmark_results/simulated_data/results/data_type/no_cnv/0006/true_evo_events_ternary_matrix.simple	/raid/kang/DelSIEVE/simulation_results/IndelSIEVE_benchmark_pipeline_ld_203/benchmark_results/monovar/from_true_params/no_cnv/0006/post_processed/filtered.ternary	/raid/kang/DelSIEVE/simulation_results/IndelSIEVE_benchmark_pipeline_ld_203/benchmark_results/monovar/from_true_params/no_cnv/0006/post_processed/filtered.genotype_probs	9963	1072	12904	4741	0.6775707290533188	0.9028545536927955	0.774155950114612	0.0767029192902118	8097	20	15222	5332	0.6029488420582322	0.997536035481089	0.7516012252854358	0.001312163758037	4955	614	16935	6167	0.4455133968710663	0.889746812713234	0.5937331496015816	0.0349877485896632	1056	1492	25233	890	0.5426515930113053	0.4144427001569858	0.4699599465954607	0.0558278765201122	1946	16	116	517	282	2636	24408	1354	0.1723716381418092	0.0966415352981494	0.0974707883449193	0.1238471673254282	17	2901	25724	38	0.3090909090909091	0.0058259081562714	0.1013449781659388	0.0114362596703666	0	0	28310	370	0.0	NA	0.0	NA	0	0	27469	1211	0.0	NA	0.0	NA	1039	4	77	175	0	0	28680	0	NA	NA	0.0	NA
40	5	20	0.001999	0.16334	3e-05	3e-06	0.0	0007	monovar	NA	true_parameters	NA	no_cnv	/raid/kang/DelSIEVE/simulation_results/IndelSIEVE_benchmark_pipeline_ld_203/benchmark_results/simulated_data/results/cell_names	/raid/kang/DelSIEVE/simulation_results/IndelSIEVE_benchmark_pipeline_ld_203/benchmark_results/monovar/from_true_params/no_cnv/0007/post_processed/filtered.cell_names	/raid/kang/DelSIEVE/simulation_results/IndelSIEVE_benchmark_pipeline_ld_203/benchmark_results/simulated_data/results/data_type/no_cnv/0007/true_evo_events_sites_names	/raid/kang/DelSIEVE/simulation_results/IndelSIEVE_benchmark_pipeline_ld_203/benchmark_results/monovar/from_true_params/no_cnv/0007/post_processed/filtered.loci_info	/raid/kang/DelSIEVE/simulation_results/IndelSIEVE_benchmark_pipeline_ld_203/benchmark_results/simulated_data/results/data_type/no_cnv/0007/true_evo_events_genotypes_numeric	/raid/kang/DelSIEVE/simulation_results/IndelSIEVE_benchmark_pipeline_ld_203/benchmark_results/monovar/from_true_params/no_cnv/0007/post_processed/filtered.genotypes	/raid/kang/DelSIEVE/simulation_results/IndelSIEVE_benchmark_pipeline_ld_203/benchmark_results/simulated_data/results/data_type/no_cnv/0007/true_evo_events_ternary_matrix.simple	/raid/kang/DelSIEVE/simulation_results/IndelSIEVE_benchmark_pipeline_ld_203/benchmark_results/monovar/from_true_params/no_cnv/0007/post_processed/filtered.ternary	/raid/kang/DelSIEVE/simulation_results/IndelSIEVE_benchmark_pipeline_ld_203/benchmark_results/monovar/from_true_params/no_cnv/0007/post_processed/filtered.genotype_probs	9762	1232	12587	5059	0.6586600094460563	0.8879388757504093	0.7563044741429402	0.0891526159635284	7754	14	15345	5517	0.5842815160877101	0.9981977342945416	0.7371072769618329	0.000911517676932	4494	657	17271	6208	0.4199215099981312	0.8724519510774607	0.5669589352173091	0.0366465863453815	1112	1505	25069	944	0.5408560311284046	0.4249140236912495	0.4759255296383479	0.0566343042071197	2056	12	151	534	430	2796	23781	1633	0.2084343189529811	0.1332920024798512	0.1052037476013094	0.1626016260162601	23	3203	25404	10	0.696969696969697	0.0071295722256664	0.1119656028244835	0.014114759128567	0	0	28117	523	0.0	NA	0.0	NA	0	0	27133	1507	0.0	NA	0.0	NA	1217	2	109	255	0	0	28640	0	NA	NA	0.0	NA
40	5	20	0.001999	0.16334	3e-05	3e-06	0.0	0008	monovar	NA	true_parameters	NA	no_cnv	/raid/kang/DelSIEVE/simulation_results/IndelSIEVE_benchmark_pipeline_ld_203/benchmark_results/simulated_data/results/cell_names	/raid/kang/DelSIEVE/simulation_results/IndelSIEVE_benchmark_pipeline_ld_203/benchmark_results/monovar/from_true_params/no_cnv/0008/post_processed/filtered.cell_names	/raid/kang/DelSIEVE/simulation_results/IndelSIEVE_benchmark_pipeline_ld_203/benchmark_results/simulated_data/results/data_type/no_cnv/0008/true_evo_events_sites_names	/raid/kang/DelSIEVE/simulation_results/IndelSIEVE_benchmark_pipeline_ld_203/benchmark_results/monovar/from_true_params/no_cnv/0008/post_processed/filtered.loci_info	/raid/kang/DelSIEVE/simulation_results/IndelSIEVE_benchmark_pipeline_ld_203/benchmark_results/simulated_data/results/data_type/no_cnv/0008/true_evo_events_genotypes_numeric	/raid/kang/DelSIEVE/simulation_results/IndelSIEVE_benchmark_pipeline_ld_203/benchmark_results/monovar/from_true_params/no_cnv/0008/post_processed/filtered.genotypes	/raid/kang/DelSIEVE/simulation_results/IndelSIEVE_benchmark_pipeline_ld_203/benchmark_results/simulated_data/results/data_type/no_cnv/0008/true_evo_events_ternary_matrix.simple	/raid/kang/DelSIEVE/simulation_results/IndelSIEVE_benchmark_pipeline_ld_203/benchmark_results/monovar/from_true_params/no_cnv/0008/post_processed/filtered.ternary	/raid/kang/DelSIEVE/simulation_results/IndelSIEVE_benchmark_pipeline_ld_203/benchmark_results/monovar/from_true_params/no_cnv/0008/post_processed/filtered.genotype_probs	6817	1520	16085	4178	0.6200090950432015	0.8176802207028907	0.7052555348644735	0.0863391082078954	5326	16	18634	4617	0.5356532233732274	0.9970048670909772	0.6968923781485116	0.0008579088471849	3736	397	19499	4961	0.4295734161205013	0.903943866440842	0.5823850350740453	0.0199537595496582	424	785	26851	533	0.4430512016718913	0.3507030603804797	0.3915050784856879	0.0284049790128817	957	16	108	302	269	2726	24533	1072	0.2005965697240865	0.0898163606010016	0.1000036685131516	0.1240774907749077	7	2988	25563	42	0.1428571428571428	0.0023372287145242	0.1046548282021645	0.0045992115637319	0	0	28304	296	0.0	NA	0.0	NA	0	0	27604	996	0.0	NA	0.0	NA	819	0	79	105	0	0	28600	0	NA	NA	0.0	NA
40	5	20	0.001999	0.16334	3e-05	3e-06	0.0	0009	monovar	NA	true_parameters	NA	no_cnv	/raid/kang/DelSIEVE/simulation_results/IndelSIEVE_benchmark_pipeline_ld_203/benchmark_results/simulated_data/results/cell_names	/raid/kang/DelSIEVE/simulation_results/IndelSIEVE_benchmark_pipeline_ld_203/benchmark_results/monovar/from_true_params/no_cnv/0009/post_processed/filtered.cell_names	/raid/kang/DelSIEVE/simulation_results/IndelSIEVE_benchmark_pipeline_ld_203/benchmark_results/simulated_data/results/data_type/no_cnv/0009/true_evo_events_sites_names	/raid/kang/DelSIEVE/simulation_results/IndelSIEVE_benchmark_pipeline_ld_203/benchmark_results/monovar/from_true_params/no_cnv/0009/post_processed/filtered.loci_info	/raid/kang/DelSIEVE/simulation_results/IndelSIEVE_benchmark_pipeline_ld_203/benchmark_results/simulated_data/results/data_type/no_cnv/0009/true_evo_events_genotypes_numeric	/raid/kang/DelSIEVE/simulation_results/IndelSIEVE_benchmark_pipeline_ld_203/benchmark_results/monovar/from_true_params/no_cnv/0009/post_processed/filtered.genotypes	/raid/kang/DelSIEVE/simulation_results/IndelSIEVE_benchmark_pipeline_ld_203/benchmark_results/simulated_data/results/data_type/no_cnv/0009/true_evo_events_ternary_matrix.simple	/raid/kang/DelSIEVE/simulation_results/IndelSIEVE_benchmark_pipeline_ld_203/benchmark_results/monovar/from_true_params/no_cnv/0009/post_processed/filtered.ternary	/raid/kang/DelSIEVE/simulation_results/IndelSIEVE_benchmark_pipeline_ld_203/benchmark_results/monovar/from_true_params/no_cnv/0009/post_processed/filtered.genotype_probs	8877	768	6514	4281	0.6746466028271774	0.9203732503888024	0.7785817655571635	0.1054655314474045	6889	13	8552	4977	0.5805663239507838	0.9981164879745	0.7341219096334186	0.0015178050204319	3540	656	10884	5351	0.3981554380834551	0.8436606291706387	0.5409948804156797	0.05684575389948	1310	1396	16762	963	0.5763308402991641	0.4841093865484109	0.5262100823458525	0.0768807137349928	2273	9	161	546	558	2185	16261	1436	0.279839518555667	0.2034269048487058	0.1184538653366583	0.2355921469284357	75	2668	17666	31	0.7075471698113207	0.0273423259205249	0.1312088128258089	0.0526500526500526	0	0	19729	711	0.0	NA	0.0	NA	0	0	19263	1177	0.0	NA	0.0	NA	903	4	97	373	0	0	20440	0	NA	NA	0.0	NA
40	5	20	0.001999	0.16334	3e-05	3e-06	0.0	0010	monovar	NA	true_parameters	NA	no_cnv	/raid/kang/DelSIEVE/simulation_results/IndelSIEVE_benchmark_pipeline_ld_203/benchmark_results/simulated_data/results/cell_names	/raid/kang/DelSIEVE/simulation_results/IndelSIEVE_benchmark_pipeline_ld_203/benchmark_results/monovar/from_true_params/no_cnv/0010/post_processed/filtered.cell_names	/raid/kang/DelSIEVE/simulation_results/IndelSIEVE_benchmark_pipeline_ld_203/benchmark_results/simulated_data/results/data_type/no_cnv/0010/true_evo_events_sites_names	/raid/kang/DelSIEVE/simulation_results/IndelSIEVE_benchmark_pipeline_ld_203/benchmark_results/monovar/from_true_params/no_cnv/0010/post_processed/filtered.loci_info	/raid/kang/DelSIEVE/simulation_results/IndelSIEVE_benchmark_pipeline_ld_203/benchmark_results/simulated_data/results/data_type/no_cnv/0010/true_evo_events_genotypes_numeric	/raid/kang/DelSIEVE/simulation_results/IndelSIEVE_benchmark_pipeline_ld_203/benchmark_results/monovar/from_true_params/no_cnv/0010/post_processed/filtered.genotypes	/raid/kang/DelSIEVE/simulation_results/IndelSIEVE_benchmark_pipeline_ld_203/benchmark_results/simulated_data/results/data_type/no_cnv/0010/true_evo_events_ternary_matrix.simple	/raid/kang/DelSIEVE/simulation_results/IndelSIEVE_benchmark_pipeline_ld_203/benchmark_results/monovar/from_true_params/no_cnv/0010/post_processed/filtered.ternary	/raid/kang/DelSIEVE/simulation_results/IndelSIEVE_benchmark_pipeline_ld_203/benchmark_results/monovar/from_true_params/no_cnv/0010/post_processed/filtered.genotype_probs	7479	947	11437	3577	0.6764652677279306	0.8876097792546879	0.7677856482907298	0.076469638242894	5972	21	13337	4099	0.5929897726144375	0.9964959118972134	0.7435258964143426	0.0015720916304836	3612	377	14685	4755	0.4316959483685909	0.9054900977688644	0.5846552282292004	0.0250298765104235	834	1170	20820	605	0.5795691452397498	0.4161676646706587	0.4844612256752831	0.0532060027285129	1439	17	97	312	240	2193	19997	1010	0.192	0.0986436498150431	0.0988283010365029	0.130328536519142	4	2429	20966	41	0.0888888888888888	0.0016440608302507	0.1038256037614875	0.003228410008071	0	0	23164	276	0.0	NA	0.0	NA	0	0	22511	929	0.0	NA	0.0	NA	766	4	44	127	0	0	23440	0	NA	NA	0.0	NA
40	5	20	0.001999	0.16334	3e-05	3e-06	0.0	0001	sciphi	candidate_snvs	NA	NA	no_cnv	/raid/kang/DelSIEVE/simulation_results/IndelSIEVE_benchmark_pipeline_ld_203/benchmark_results/simulated_data/results/cell_names	/raid/kang/DelSIEVE/simulation_results/IndelSIEVE_benchmark_pipeline_ld_203/benchmark_results/sciphi/no_cnv/0001/post_processed/sciphi.cell_names	/raid/kang/DelSIEVE/simulation_results/IndelSIEVE_benchmark_pipeline_ld_203/benchmark_results/simulated_data/results/data_type/no_cnv/0001/true_evo_events_sites_names	/raid/kang/DelSIEVE/simulation_results/IndelSIEVE_benchmark_pipeline_ld_203/benchmark_results/sciphi/no_cnv/0001/post_processed/sciphi.loci_info	/raid/kang/DelSIEVE/simulation_results/IndelSIEVE_benchmark_pipeline_ld_203/benchmark_results/simulated_data/results/data_type/no_cnv/0001/true_evo_events_genotypes_numeric	/raid/kang/DelSIEVE/simulation_results/IndelSIEVE_benchmark_pipeline_ld_203/benchmark_results/sciphi/no_cnv/0001/post_processed/sciphi.genotypes	/raid/kang/DelSIEVE/simulation_results/IndelSIEVE_benchmark_pipeline_ld_203/benchmark_results/simulated_data/results/data_type/no_cnv/0001/true_evo_events_ternary_matrix.simple	/raid/kang/DelSIEVE/simulation_results/IndelSIEVE_benchmark_pipeline_ld_203/benchmark_results/sciphi/no_cnv/0001/post_processed/sciphi.ternary	/raid/kang/DelSIEVE/simulation_results/IndelSIEVE_benchmark_pipeline_ld_203/benchmark_results/sciphi/no_cnv/0001/post_processed/sciphi.genotype_probs	8717	400	16677	2846	0.7538701029144685	0.956125918613579	0.8430367504835589	0.0234233179129823	8669	448	17800	1711	0.8351637764932562	0.9508610288472084	0.8892650151305329	0.0245506356861025	7458	1659	17857	1654	0.8184811237928007	0.8180322474498191	0.8182566240605629	0.0850071736011477	0	0	27615	1013	0.0	NA	NA	0.0	1013	400	24	989	0	0	20606	874	0.0	NA	0.0	NA	0	0	21480	0	NA	NA	0.0	NA	0	0	21225	255	0.0	NA	0.0	NA	0	0	20861	619	0.0	NA	0.0	NA	571	48	222	0	0	0	21480	0	NA	NA	0.0	NA
40	5	20	0.001999	0.16334	3e-05	3e-06	0.0	0002	sciphi	candidate_snvs	NA	NA	no_cnv	/raid/kang/DelSIEVE/simulation_results/IndelSIEVE_benchmark_pipeline_ld_203/benchmark_results/simulated_data/results/cell_names	/raid/kang/DelSIEVE/simulation_results/IndelSIEVE_benchmark_pipeline_ld_203/benchmark_results/sciphi/no_cnv/0002/post_processed/sciphi.cell_names	/raid/kang/DelSIEVE/simulation_results/IndelSIEVE_benchmark_pipeline_ld_203/benchmark_results/simulated_data/results/data_type/no_cnv/0002/true_evo_events_sites_names	/raid/kang/DelSIEVE/simulation_results/IndelSIEVE_benchmark_pipeline_ld_203/benchmark_results/sciphi/no_cnv/0002/post_processed/sciphi.loci_info	/raid/kang/DelSIEVE/simulation_results/IndelSIEVE_benchmark_pipeline_ld_203/benchmark_results/simulated_data/results/data_type/no_cnv/0002/true_evo_events_genotypes_numeric	/raid/kang/DelSIEVE/simulation_results/IndelSIEVE_benchmark_pipeline_ld_203/benchmark_results/sciphi/no_cnv/0002/post_processed/sciphi.genotypes	/raid/kang/DelSIEVE/simulation_results/IndelSIEVE_benchmark_pipeline_ld_203/benchmark_results/simulated_data/results/data_type/no_cnv/0002/true_evo_events_ternary_matrix.simple	/raid/kang/DelSIEVE/simulation_results/IndelSIEVE_benchmark_pipeline_ld_203/benchmark_results/sciphi/no_cnv/0002/post_processed/sciphi.ternary	/raid/kang/DelSIEVE/simulation_results/IndelSIEVE_benchmark_pipeline_ld_203/benchmark_results/sciphi/no_cnv/0002/post_processed/sciphi.genotype_probs	8625	358	16407	3050	0.7387580299785867	0.9601469442279862	0.8350275922160906	0.0213540113331345	8548	435	17199	2247	0.7918480778138027	0.951575197595458	0.8643947820811002	0.0246682545083361	7222	1761	17307	2139	0.7714987714987716	0.8039630413002338	0.7873964238988226	0.09235368156073	0	0	27219	1210	0.0	NA	NA	0.0	1210	358	84	1126	0	0	22070	770	0.0	NA	0.0	NA	0	0	22837	3	0.0	NA	0.0	NA	0	0	22616	224	0.0	NA	0.0	NA	0	0	22297	543	0.0	NA	0.0	NA	469	74	200	0	0	0	22840	0	NA	NA	0.0	NA
40	5	20	0.001999	0.16334	3e-05	3e-06	0.0	0003	sciphi	candidate_snvs	NA	NA	no_cnv	/raid/kang/DelSIEVE/simulation_results/IndelSIEVE_benchmark_pipeline_ld_203/benchmark_results/simulated_data/results/cell_names	/raid/kang/DelSIEVE/simulation_results/IndelSIEVE_benchmark_pipeline_ld_203/benchmark_results/sciphi/no_cnv/0003/post_processed/sciphi.cell_names	/raid/kang/DelSIEVE/simulation_results/IndelSIEVE_benchmark_pipeline_ld_203/benchmark_results/simulated_data/results/data_type/no_cnv/0003/true_evo_events_sites_names	/raid/kang/DelSIEVE/simulation_results/IndelSIEVE_benchmark_pipeline_ld_203/benchmark_results/sciphi/no_cnv/0003/post_processed/sciphi.loci_info	/raid/kang/DelSIEVE/simulation_results/IndelSIEVE_benchmark_pipeline_ld_203/benchmark_results/simulated_data/results/data_type/no_cnv/0003/true_evo_events_genotypes_numeric	/raid/kang/DelSIEVE/simulation_results/IndelSIEVE_benchmark_pipeline_ld_203/benchmark_results/sciphi/no_cnv/0003/post_processed/sciphi.genotypes	/raid/kang/DelSIEVE/simulation_results/IndelSIEVE_benchmark_pipeline_ld_203/benchmark_results/simulated_data/results/data_type/no_cnv/0003/true_evo_events_ternary_matrix.simple	/raid/kang/DelSIEVE/simulation_results/IndelSIEVE_benchmark_pipeline_ld_203/benchmark_results/sciphi/no_cnv/0003/post_processed/sciphi.ternary	/raid/kang/DelSIEVE/simulation_results/IndelSIEVE_benchmark_pipeline_ld_203/benchmark_results/sciphi/no_cnv/0003/post_processed/sciphi.genotype_probs	8208	285	16900	3127	0.7241288045875607	0.9664429530201344	0.8279201129715554	0.0165842304335176	8172	321	18021	1992	0.8040141676505312	0.962204168138467	0.8760250844187167	0.017500817795224	7140	1353	18109	1904	0.7894736842105263	0.8406923348640056	0.8142783828476935	0.0695200904326379	0	0	27590	916	0.0	NA	NA	0.0	916	285	69	847	0	0	20293	907	0.0	NA	0.0	NA	0	0	21198	2	0.0	NA	0.0	NA	0	0	20996	204	0.0	NA	0.0	NA	0	0	20499	701	0.0	NA	0.0	NA	665	36	185	0	0	0	21200	0	NA	NA	0.0	NA
40	5	20	0.001999	0.16334	3e-05	3e-06	0.0	0004	sciphi	candidate_snvs	NA	NA	no_cnv	/raid/kang/DelSIEVE/simulation_results/IndelSIEVE_benchmark_pipeline_ld_203/benchmark_results/simulated_data/results/cell_names	/raid/kang/DelSIEVE/simulation_results/IndelSIEVE_benchmark_pipeline_ld_203/benchmark_results/sciphi/no_cnv/0004/post_processed/sciphi.cell_names	/raid/kang/DelSIEVE/simulation_results/IndelSIEVE_benchmark_pipeline_ld_203/benchmark_results/simulated_data/results/data_type/no_cnv/0004/true_evo_events_sites_names	/raid/kang/DelSIEVE/simulation_results/IndelSIEVE_benchmark_pipeline_ld_203/benchmark_results/sciphi/no_cnv/0004/post_processed/sciphi.loci_info	/raid/kang/DelSIEVE/simulation_results/IndelSIEVE_benchmark_pipeline_ld_203/benchmark_results/simulated_data/results/data_type/no_cnv/0004/true_evo_events_genotypes_numeric	/raid/kang/DelSIEVE/simulation_results/IndelSIEVE_benchmark_pipeline_ld_203/benchmark_results/sciphi/no_cnv/0004/post_processed/sciphi.genotypes	/raid/kang/DelSIEVE/simulation_results/IndelSIEVE_benchmark_pipeline_ld_203/benchmark_results/simulated_data/results/data_type/no_cnv/0004/true_evo_events_ternary_matrix.simple	/raid/kang/DelSIEVE/simulation_results/IndelSIEVE_benchmark_pipeline_ld_203/benchmark_results/sciphi/no_cnv/0004/post_processed/sciphi.ternary	/raid/kang/DelSIEVE/simulation_results/IndelSIEVE_benchmark_pipeline_ld_203/benchmark_results/sciphi/no_cnv/0004/post_processed/sciphi.genotype_probs	7522	245	17990	2803	0.7285230024213075	0.9684562894296382	0.8315277470705283	0.0134357005758157	7486	281	18806	1967	0.7919179096583095	0.963821295223381	0.8694541231126598	0.0147220621365327	6566	1201	18864	1909	0.7747492625368732	0.8453714432856959	0.8085211180889054	0.0598554697233989	0	0	27622	918	0.0	NA	NA	0.0	918	245	55	863	0	0	19761	319	0.0	NA	0.0	NA	0	0	20080	0	NA	NA	0.0	NA	0	0	20020	60	0.0	NA	0.0	NA	0	0	19821	259	0.0	NA	0.0	NA	223	36	57	0	0	0	20080	0	NA	NA	0.0	NA
40	5	20	0.001999	0.16334	3e-05	3e-06	0.0	0005	sciphi	candidate_snvs	NA	NA	no_cnv	/raid/kang/DelSIEVE/simulation_results/IndelSIEVE_benchmark_pipeline_ld_203/benchmark_results/simulated_data/results/cell_names	/raid/kang/DelSIEVE/simulation_results/IndelSIEVE_benchmark_pipeline_ld_203/benchmark_results/sciphi/no_cnv/0005/post_processed/sciphi.cell_names	/raid/kang/DelSIEVE/simulation_results/IndelSIEVE_benchmark_pipeline_ld_203/benchmark_results/simulated_data/results/data_type/no_cnv/0005/true_evo_events_sites_names	/raid/kang/DelSIEVE/simulation_results/IndelSIEVE_benchmark_pipeline_ld_203/benchmark_results/sciphi/no_cnv/0005/post_processed/sciphi.loci_info	/raid/kang/DelSIEVE/simulation_results/IndelSIEVE_benchmark_pipeline_ld_203/benchmark_results/simulated_data/results/data_type/no_cnv/0005/true_evo_events_genotypes_numeric	/raid/kang/DelSIEVE/simulation_results/IndelSIEVE_benchmark_pipeline_ld_203/benchmark_results/sciphi/no_cnv/0005/post_processed/sciphi.genotypes	/raid/kang/DelSIEVE/simulation_results/IndelSIEVE_benchmark_pipeline_ld_203/benchmark_results/simulated_data/results/data_type/no_cnv/0005/true_evo_events_ternary_matrix.simple	/raid/kang/DelSIEVE/simulation_results/IndelSIEVE_benchmark_pipeline_ld_203/benchmark_results/sciphi/no_cnv/0005/post_processed/sciphi.ternary	/raid/kang/DelSIEVE/simulation_results/IndelSIEVE_benchmark_pipeline_ld_203/benchmark_results/sciphi/no_cnv/0005/post_processed/sciphi.genotype_probs	8637	280	10942	2861	0.7511741172377805	0.9685993046988898	0.8461425422483468	0.0249509891284975	8544	373	11753	2043	0.8070274865400964	0.9581697880453068	0.8761279737489747	0.0307603496618835	6887	2030	11886	1910	0.7828805274525407	0.7723449590669508	0.7775770576944789	0.1458752515090543	0	0	21258	1455	0.0	NA	NA	0.0	1455	280	93	1362	0	0	18297	903	0.0	NA	0.0	NA	0	0	19180	20	0.0	NA	0.0	NA	0	0	18865	335	0.0	NA	0.0	NA	0	0	18652	548	0.0	NA	0.0	NA	455	93	295	0	0	0	19200	0	NA	NA	0.0	NA
40	5	20	0.001999	0.16334	3e-05	3e-06	0.0	0006	sciphi	candidate_snvs	NA	NA	no_cnv	/raid/kang/DelSIEVE/simulation_results/IndelSIEVE_benchmark_pipeline_ld_203/benchmark_results/simulated_data/results/cell_names	/raid/kang/DelSIEVE/simulation_results/IndelSIEVE_benchmark_pipeline_ld_203/benchmark_results/sciphi/no_cnv/0006/post_processed/sciphi.cell_names	/raid/kang/DelSIEVE/simulation_results/IndelSIEVE_benchmark_pipeline_ld_203/benchmark_results/simulated_data/results/data_type/no_cnv/0006/true_evo_events_sites_names	/raid/kang/DelSIEVE/simulation_results/IndelSIEVE_benchmark_pipeline_ld_203/benchmark_results/sciphi/no_cnv/0006/post_processed/sciphi.loci_info	/raid/kang/DelSIEVE/simulation_results/IndelSIEVE_benchmark_pipeline_ld_203/benchmark_results/simulated_data/results/data_type/no_cnv/0006/true_evo_events_genotypes_numeric	/raid/kang/DelSIEVE/simulation_results/IndelSIEVE_benchmark_pipeline_ld_203/benchmark_results/sciphi/no_cnv/0006/post_processed/sciphi.genotypes	/raid/kang/DelSIEVE/simulation_results/IndelSIEVE_benchmark_pipeline_ld_203/benchmark_results/simulated_data/results/data_type/no_cnv/0006/true_evo_events_ternary_matrix.simple	/raid/kang/DelSIEVE/simulation_results/IndelSIEVE_benchmark_pipeline_ld_203/benchmark_results/sciphi/no_cnv/0006/post_processed/sciphi.ternary	/raid/kang/DelSIEVE/simulation_results/IndelSIEVE_benchmark_pipeline_ld_203/benchmark_results/sciphi/no_cnv/0006/post_processed/sciphi.genotype_probs	11888	478	13498	2816	0.808487486398259	0.9613456251010836	0.878315478389361	0.0342014882655981	11846	520	14722	1583	0.8821207833792538	0.957949215591137	0.9184725722039154	0.034116257708962	9619	2747	14802	1503	0.8648624348138824	0.7778586446708717	0.8190565395095367	0.1565331357912131	0	0	26725	1946	0.0	NA	NA	0.0	1946	478	52	1894	0	0	21276	964	0.0	NA	0.0	NA	0	0	22223	17	0.0	NA	0.0	NA	0	0	21879	361	0.0	NA	0.0	NA	0	0	21654	586	0.0	NA	0.0	NA	551	35	333	0	0	0	22240	0	NA	NA	0.0	NA
40	5	20	0.001999	0.16334	3e-05	3e-06	0.0	0007	sciphi	candidate_snvs	NA	NA	no_cnv	/raid/kang/DelSIEVE/simulation_results/IndelSIEVE_benchmark_pipeline_ld_203/benchmark_results/simulated_data/results/cell_names	/raid/kang/DelSIEVE/simulation_results/IndelSIEVE_benchmark_pipeline_ld_203/benchmark_results/sciphi/no_cnv/0007/post_processed/sciphi.cell_names	/raid/kang/DelSIEVE/simulation_results/IndelSIEVE_benchmark_pipeline_ld_203/benchmark_results/simulated_data/results/data_type/no_cnv/0007/true_evo_events_sites_names	/raid/kang/DelSIEVE/simulation_results/IndelSIEVE_benchmark_pipeline_ld_203/benchmark_results/sciphi/no_cnv/0007/post_processed/sciphi.loci_info	/raid/kang/DelSIEVE/simulation_results/IndelSIEVE_benchmark_pipeline_ld_203/benchmark_results/simulated_data/results/data_type/no_cnv/0007/true_evo_events_genotypes_numeric	/raid/kang/DelSIEVE/simulation_results/IndelSIEVE_benchmark_pipeline_ld_203/benchmark_results/sciphi/no_cnv/0007/post_processed/sciphi.genotypes	/raid/kang/DelSIEVE/simulation_results/IndelSIEVE_benchmark_pipeline_ld_203/benchmark_results/simulated_data/results/data_type/no_cnv/0007/true_evo_events_ternary_matrix.simple	/raid/kang/DelSIEVE/simulation_results/IndelSIEVE_benchmark_pipeline_ld_203/benchmark_results/sciphi/no_cnv/0007/post_processed/sciphi.ternary	/raid/kang/DelSIEVE/simulation_results/IndelSIEVE_benchmark_pipeline_ld_203/benchmark_results/sciphi/no_cnv/0007/post_processed/sciphi.genotype_probs	12331	672	13147	2490	0.8319951420282032	0.9483196185495656	0.8863571017826337	0.04862869961647	12216	787	14572	1055	0.9205033531760982	0.9394755056525416	0.92989266955926	0.0512403151246826	9681	3322	14606	1021	0.9045972715380304	0.7445204952703223	0.8167897068129086	0.1852967425256582	0	0	26574	2056	0.0	NA	NA	0.0	2056	672	19	2037	0	0	22098	1502	0.0	NA	0.0	NA	0	0	23577	23	0.0	NA	0.0	NA	0	0	23087	513	0.0	NA	0.0	NA	0	0	22634	966	0.0	NA	0.0	NA	861	105	498	0	0	0	23600	0	NA	NA	0.0	NA
40	5	20	0.001999	0.16334	3e-05	3e-06	0.0	0008	sciphi	candidate_snvs	NA	NA	no_cnv	/raid/kang/DelSIEVE/simulation_results/IndelSIEVE_benchmark_pipeline_ld_203/benchmark_results/simulated_data/results/cell_names	/raid/kang/DelSIEVE/simulation_results/IndelSIEVE_benchmark_pipeline_ld_203/benchmark_results/sciphi/no_cnv/0008/post_processed/sciphi.cell_names	/raid/kang/DelSIEVE/simulation_results/IndelSIEVE_benchmark_pipeline_ld_203/benchmark_results/simulated_data/results/data_type/no_cnv/0008/true_evo_events_sites_names	/raid/kang/DelSIEVE/simulation_results/IndelSIEVE_benchmark_pipeline_ld_203/benchmark_results/sciphi/no_cnv/0008/post_processed/sciphi.loci_info	/raid/kang/DelSIEVE/simulation_results/IndelSIEVE_benchmark_pipeline_ld_203/benchmark_results/simulated_data/results/data_type/no_cnv/0008/true_evo_events_genotypes_numeric	/raid/kang/DelSIEVE/simulation_results/IndelSIEVE_benchmark_pipeline_ld_203/benchmark_results/sciphi/no_cnv/0008/post_processed/sciphi.genotypes	/raid/kang/DelSIEVE/simulation_results/IndelSIEVE_benchmark_pipeline_ld_203/benchmark_results/simulated_data/results/data_type/no_cnv/0008/true_evo_events_ternary_matrix.simple	/raid/kang/DelSIEVE/simulation_results/IndelSIEVE_benchmark_pipeline_ld_203/benchmark_results/sciphi/no_cnv/0008/post_processed/sciphi.ternary	/raid/kang/DelSIEVE/simulation_results/IndelSIEVE_benchmark_pipeline_ld_203/benchmark_results/sciphi/no_cnv/0008/post_processed/sciphi.genotype_probs	8209	563	17042	2786	0.746612096407458	0.9358185134518924	0.8305762128800527	0.0319795512638454	8167	605	18045	1776	0.8213818766971739	0.931030551755586	0.8727758482500668	0.0324396782841823	6973	1799	18097	1724	0.8017707255375417	0.7949156406748746	0.798328467571126	0.0904201849618013	0	0	27636	957	0.0	NA	NA	0.0	957	563	29	928	0	0	21089	831	0.0	NA	0.0	NA	0	0	21913	7	0.0	NA	0.0	NA	0	0	21631	289	0.0	NA	0.0	NA	0	0	21385	535	0.0	NA	0.0	NA	496	39	266	0	0	0	21920	0	NA	NA	0.0	NA
40	5	20	0.001999	0.16334	3e-05	3e-06	0.0	0009	sciphi	candidate_snvs	NA	NA	no_cnv	/raid/kang/DelSIEVE/simulation_results/IndelSIEVE_benchmark_pipeline_ld_203/benchmark_results/simulated_data/results/cell_names	/raid/kang/DelSIEVE/simulation_results/IndelSIEVE_benchmark_pipeline_ld_203/benchmark_results/sciphi/no_cnv/0009/post_processed/sciphi.cell_names	/raid/kang/DelSIEVE/simulation_results/IndelSIEVE_benchmark_pipeline_ld_203/benchmark_results/simulated_data/results/data_type/no_cnv/0009/true_evo_events_sites_names	/raid/kang/DelSIEVE/simulation_results/IndelSIEVE_benchmark_pipeline_ld_203/benchmark_results/sciphi/no_cnv/0009/post_processed/sciphi.loci_info	/raid/kang/DelSIEVE/simulation_results/IndelSIEVE_benchmark_pipeline_ld_203/benchmark_results/simulated_data/results/data_type/no_cnv/0009/true_evo_events_genotypes_numeric	/raid/kang/DelSIEVE/simulation_results/IndelSIEVE_benchmark_pipeline_ld_203/benchmark_results/sciphi/no_cnv/0009/post_processed/sciphi.genotypes	/raid/kang/DelSIEVE/simulation_results/IndelSIEVE_benchmark_pipeline_ld_203/benchmark_results/simulated_data/results/data_type/no_cnv/0009/true_evo_events_ternary_matrix.simple	/raid/kang/DelSIEVE/simulation_results/IndelSIEVE_benchmark_pipeline_ld_203/benchmark_results/sciphi/no_cnv/0009/post_processed/sciphi.ternary	/raid/kang/DelSIEVE/simulation_results/IndelSIEVE_benchmark_pipeline_ld_203/benchmark_results/sciphi/no_cnv/0009/post_processed/sciphi.genotype_probs	11039	478	6804	2119	0.8389572883416933	0.958496136146566	0.8947517730496454	0.0656413073331502	10942	575	7990	914	0.9229082321187584	0.9500738039419988	0.9362940144611304	0.0671336835960303	8025	3492	8038	866	0.902598132943426	0.6967960406355822	0.7864562916503332	0.3028620988725065	0	0	18148	2273	0.0	NA	NA	0.0	2273	478	18	2255	0	0	16933	1507	0.0	NA	0.0	NA	0	0	18365	75	0.0	NA	0.0	NA	0	0	17748	692	0.0	NA	0.0	NA	0	0	17700	740	0.0	NA	0.0	NA	662	78	662	0	0	0	18440	0	NA	NA	0.0	NA
40	5	20	0.001999	0.16334	3e-05	3e-06	0.0	0010	sciphi	candidate_snvs	NA	NA	no_cnv	/raid/kang/DelSIEVE/simulation_results/IndelSIEVE_benchmark_pipeline_ld_203/benchmark_results/simulated_data/results/cell_names	/raid/kang/DelSIEVE/simulation_results/IndelSIEVE_benchmark_pipeline_ld_203/benchmark_results/sciphi/no_cnv/0010/post_processed/sciphi.cell_names	/raid/kang/DelSIEVE/simulation_results/IndelSIEVE_benchmark_pipeline_ld_203/benchmark_results/simulated_data/results/data_type/no_cnv/0010/true_evo_events_sites_names	/raid/kang/DelSIEVE/simulation_results/IndelSIEVE_benchmark_pipeline_ld_203/benchmark_results/sciphi/no_cnv/0010/post_processed/sciphi.loci_info	/raid/kang/DelSIEVE/simulation_results/IndelSIEVE_benchmark_pipeline_ld_203/benchmark_results/simulated_data/results/data_type/no_cnv/0010/true_evo_events_genotypes_numeric	/raid/kang/DelSIEVE/simulation_results/IndelSIEVE_benchmark_pipeline_ld_203/benchmark_results/sciphi/no_cnv/0010/post_processed/sciphi.genotypes	/raid/kang/DelSIEVE/simulation_results/IndelSIEVE_benchmark_pipeline_ld_203/benchmark_results/simulated_data/results/data_type/no_cnv/0010/true_evo_events_ternary_matrix.simple	/raid/kang/DelSIEVE/simulation_results/IndelSIEVE_benchmark_pipeline_ld_203/benchmark_results/sciphi/no_cnv/0010/post_processed/sciphi.ternary	/raid/kang/DelSIEVE/simulation_results/IndelSIEVE_benchmark_pipeline_ld_203/benchmark_results/sciphi/no_cnv/0010/post_processed/sciphi.genotype_probs	8239	157	12227	2817	0.7452062228654125	0.981300619342544	0.8471108369319351	0.0126776485788113	8211	185	13173	1860	0.815311289842121	0.9779656979514054	0.8892619266800239	0.0138493786494984	6597	1799	13263	1770	0.7884546432413051	0.7857313006193426	0.7870906162381435	0.1194396494489443	0	0	21990	1439	0.0	NA	NA	0.0	1439	157	64	1375	0	0	16750	770	0.0	NA	0.0	NA	0	0	17516	4	0.0	NA	0.0	NA	0	0	17255	265	0.0	NA	0.0	NA	0	0	17019	501	0.0	NA	0.0	NA	473	28	239	0	0	0	17520	0	NA	NA	0.0	NA
40	5	20	0.001999	0.16334	3e-05	3e-06	0.0	0001	sciphin	candidate_snvs	NA	NA	no_cnv	/raid/kang/DelSIEVE/simulation_results/IndelSIEVE_benchmark_pipeline_ld_203/benchmark_results/simulated_data/results/cell_names	/raid/kang/DelSIEVE/simulation_results/IndelSIEVE_benchmark_pipeline_ld_203/benchmark_results/sciphin/no_cnv/0001/post_processed/sciphin.cell_names	/raid/kang/DelSIEVE/simulation_results/IndelSIEVE_benchmark_pipeline_ld_203/benchmark_results/simulated_data/results/data_type/no_cnv/0001/true_evo_events_sites_names	/raid/kang/DelSIEVE/simulation_results/IndelSIEVE_benchmark_pipeline_ld_203/benchmark_results/sciphin/no_cnv/0001/post_processed/sciphin.loci_info	/raid/kang/DelSIEVE/simulation_results/IndelSIEVE_benchmark_pipeline_ld_203/benchmark_results/simulated_data/results/data_type/no_cnv/0001/true_evo_events_genotypes_numeric	/raid/kang/DelSIEVE/simulation_results/IndelSIEVE_benchmark_pipeline_ld_203/benchmark_results/sciphin/no_cnv/0001/post_processed/sciphin.genotypes	/raid/kang/DelSIEVE/simulation_results/IndelSIEVE_benchmark_pipeline_ld_203/benchmark_results/simulated_data/results/data_type/no_cnv/0001/true_evo_events_ternary_matrix.simple	/raid/kang/DelSIEVE/simulation_results/IndelSIEVE_benchmark_pipeline_ld_203/benchmark_results/sciphin/no_cnv/0001/post_processed/sciphin.ternary	/raid/kang/DelSIEVE/simulation_results/IndelSIEVE_benchmark_pipeline_ld_203/benchmark_results/sciphin/no_cnv/0001/post_processed/sciphin.genotype_probs	8624	107	16970	2939	0.7458272074721093	0.987744817317604	0.8499063762688479	0.0062657375417227	8600	131	18117	1780	0.8285163776493256	0.9849959912953844	0.9000052325885616	0.0071788689171416	7388	1343	18173	1724	0.8107989464442493	0.8461802771732906	0.8281118645967608	0.0688153310104529	0	0	27615	1013	0.0	NA	NA	0.0	1013	107	21	992	0	0	20606	874	0.0	NA	0.0	NA	0	0	21480	0	NA	NA	0.0	NA	0	0	21225	255	0.0	NA	0.0	NA	0	0	20861	619	0.0	NA	0.0	NA	595	24	220	0	0	0	21480	0	NA	NA	0.0	NA
40	5	20	0.001999	0.16334	3e-05	3e-06	0.0	0002	sciphin	candidate_snvs	NA	NA	no_cnv	/raid/kang/DelSIEVE/simulation_results/IndelSIEVE_benchmark_pipeline_ld_203/benchmark_results/simulated_data/results/cell_names	/raid/kang/DelSIEVE/simulation_results/IndelSIEVE_benchmark_pipeline_ld_203/benchmark_results/sciphin/no_cnv/0002/post_processed/sciphin.cell_names	/raid/kang/DelSIEVE/simulation_results/IndelSIEVE_benchmark_pipeline_ld_203/benchmark_results/simulated_data/results/data_type/no_cnv/0002/true_evo_events_sites_names	/raid/kang/DelSIEVE/simulation_results/IndelSIEVE_benchmark_pipeline_ld_203/benchmark_results/sciphin/no_cnv/0002/post_processed/sciphin.loci_info	/raid/kang/DelSIEVE/simulation_results/IndelSIEVE_benchmark_pipeline_ld_203/benchmark_results/simulated_data/results/data_type/no_cnv/0002/true_evo_events_genotypes_numeric	/raid/kang/DelSIEVE/simulation_results/IndelSIEVE_benchmark_pipeline_ld_203/benchmark_results/sciphin/no_cnv/0002/post_processed/sciphin.genotypes	/raid/kang/DelSIEVE/simulation_results/IndelSIEVE_benchmark_pipeline_ld_203/benchmark_results/simulated_data/results/data_type/no_cnv/0002/true_evo_events_ternary_matrix.simple	/raid/kang/DelSIEVE/simulation_results/IndelSIEVE_benchmark_pipeline_ld_203/benchmark_results/sciphin/no_cnv/0002/post_processed/sciphin.ternary	/raid/kang/DelSIEVE/simulation_results/IndelSIEVE_benchmark_pipeline_ld_203/benchmark_results/sciphin/no_cnv/0002/post_processed/sciphin.genotype_probs	8623	81	16684	3052	0.7385867237687366	0.9906939338235294	0.8462633102703763	0.0048314941843125	8572	132	17502	2223	0.7940713293191293	0.9848345588235294	0.8792245756192626	0.0074855392990813	7224	1480	17588	2137	0.771712423886337	0.8299632352941176	0.799778577359535	0.0776169498636459	0	0	27219	1210	0.0	NA	NA	0.0	1210	81	62	1148	0	0	22070	770	0.0	NA	0.0	NA	0	0	22837	3	0.0	NA	0.0	NA	0	0	22616	224	0.0	NA	0.0	NA	0	0	22297	543	0.0	NA	0.0	NA	495	48	200	0	0	0	22840	0	NA	NA	0.0	NA
40	5	20	0.001999	0.16334	3e-05	3e-06	0.0	0003	sciphin	candidate_snvs	NA	NA	no_cnv	/raid/kang/DelSIEVE/simulation_results/IndelSIEVE_benchmark_pipeline_ld_203/benchmark_results/simulated_data/results/cell_names	/raid/kang/DelSIEVE/simulation_results/IndelSIEVE_benchmark_pipeline_ld_203/benchmark_results/sciphin/no_cnv/0003/post_processed/sciphin.cell_names	/raid/kang/DelSIEVE/simulation_results/IndelSIEVE_benchmark_pipeline_ld_203/benchmark_results/simulated_data/results/data_type/no_cnv/0003/true_evo_events_sites_names	/raid/kang/DelSIEVE/simulation_results/IndelSIEVE_benchmark_pipeline_ld_203/benchmark_results/sciphin/no_cnv/0003/post_processed/sciphin.loci_info	/raid/kang/DelSIEVE/simulation_results/IndelSIEVE_benchmark_pipeline_ld_203/benchmark_results/simulated_data/results/data_type/no_cnv/0003/true_evo_events_genotypes_numeric	/raid/kang/DelSIEVE/simulation_results/IndelSIEVE_benchmark_pipeline_ld_203/benchmark_results/sciphin/no_cnv/0003/post_processed/sciphin.genotypes	/raid/kang/DelSIEVE/simulation_results/IndelSIEVE_benchmark_pipeline_ld_203/benchmark_results/simulated_data/results/data_type/no_cnv/0003/true_evo_events_ternary_matrix.simple	/raid/kang/DelSIEVE/simulation_results/IndelSIEVE_benchmark_pipeline_ld_203/benchmark_results/sciphin/no_cnv/0003/post_processed/sciphin.ternary	/raid/kang/DelSIEVE/simulation_results/IndelSIEVE_benchmark_pipeline_ld_203/benchmark_results/sciphin/no_cnv/0003/post_processed/sciphin.genotype_probs	8230	98	17087	3105	0.7260696956329952	0.9882324687800192	0.8371052230076795	0.0057026476578411	8213	115	18227	1951	0.8080480125934671	0.9861911623439	0.8882760112481073	0.0062697633845818	7155	1173	18289	1889	0.7911322423706325	0.859149855907781	0.823739350679254	0.0602712979138834	0	0	27590	916	0.0	NA	NA	0.0	916	98	52	864	0	0	20293	907	0.0	NA	0.0	NA	0	0	21198	2	0.0	NA	0.0	NA	0	0	20996	204	0.0	NA	0.0	NA	0	0	20499	701	0.0	NA	0.0	NA	684	17	194	0	0	0	21200	0	NA	NA	0.0	NA
40	5	20	0.001999	0.16334	3e-05	3e-06	0.0	0004	sciphin	candidate_snvs	NA	NA	no_cnv	/raid/kang/DelSIEVE/simulation_results/IndelSIEVE_benchmark_pipeline_ld_203/benchmark_results/simulated_data/results/cell_names	/raid/kang/DelSIEVE/simulation_results/IndelSIEVE_benchmark_pipeline_ld_203/benchmark_results/sciphin/no_cnv/0004/post_processed/sciphin.cell_names	/raid/kang/DelSIEVE/simulation_results/IndelSIEVE_benchmark_pipeline_ld_203/benchmark_results/simulated_data/results/data_type/no_cnv/0004/true_evo_events_sites_names	/raid/kang/DelSIEVE/simulation_results/IndelSIEVE_benchmark_pipeline_ld_203/benchmark_results/sciphin/no_cnv/0004/post_processed/sciphin.loci_info	/raid/kang/DelSIEVE/simulation_results/IndelSIEVE_benchmark_pipeline_ld_203/benchmark_results/simulated_data/results/data_type/no_cnv/0004/true_evo_events_genotypes_numeric	/raid/kang/DelSIEVE/simulation_results/IndelSIEVE_benchmark_pipeline_ld_203/benchmark_results/sciphin/no_cnv/0004/post_processed/sciphin.genotypes	/raid/kang/DelSIEVE/simulation_results/IndelSIEVE_benchmark_pipeline_ld_203/benchmark_results/simulated_data/results/data_type/no_cnv/0004/true_evo_events_ternary_matrix.simple	/raid/kang/DelSIEVE/simulation_results/IndelSIEVE_benchmark_pipeline_ld_203/benchmark_results/sciphin/no_cnv/0004/post_processed/sciphin.ternary	/raid/kang/DelSIEVE/simulation_results/IndelSIEVE_benchmark_pipeline_ld_203/benchmark_results/sciphin/no_cnv/0004/post_processed/sciphin.genotype_probs	7488	84	18151	2837	0.725230024213075	0.9889064976228208	0.8367882885399787	0.0046065259117082	7479	93	18994	1974	0.7911774039987306	0.9877179080824088	0.8785903083700441	0.0048724262587101	6541	1031	19034	1934	0.7717994100294985	0.8638404648705758	0.8152302611079951	0.0513830052329927	0	0	27622	918	0.0	NA	NA	0.0	918	84	36	882	0	0	19761	319	0.0	NA	0.0	NA	0	0	20080	0	NA	NA	0.0	NA	0	0	20020	60	0.0	NA	0.0	NA	0	0	19821	259	0.0	NA	0.0	NA	250	9	56	0	0	0	20080	0	NA	NA	0.0	NA
40	5	20	0.001999	0.16334	3e-05	3e-06	0.0	0005	sciphin	candidate_snvs	NA	NA	no_cnv	/raid/kang/DelSIEVE/simulation_results/IndelSIEVE_benchmark_pipeline_ld_203/benchmark_results/simulated_data/results/cell_names	/raid/kang/DelSIEVE/simulation_results/IndelSIEVE_benchmark_pipeline_ld_203/benchmark_results/sciphin/no_cnv/0005/post_processed/sciphin.cell_names	/raid/kang/DelSIEVE/simulation_results/IndelSIEVE_benchmark_pipeline_ld_203/benchmark_results/simulated_data/results/data_type/no_cnv/0005/true_evo_events_sites_names	/raid/kang/DelSIEVE/simulation_results/IndelSIEVE_benchmark_pipeline_ld_203/benchmark_results/sciphin/no_cnv/0005/post_processed/sciphin.loci_info	/raid/kang/DelSIEVE/simulation_results/IndelSIEVE_benchmark_pipeline_ld_203/benchmark_results/simulated_data/results/data_type/no_cnv/0005/true_evo_events_genotypes_numeric	/raid/kang/DelSIEVE/simulation_results/IndelSIEVE_benchmark_pipeline_ld_203/benchmark_results/sciphin/no_cnv/0005/post_processed/sciphin.genotypes	/raid/kang/DelSIEVE/simulation_results/IndelSIEVE_benchmark_pipeline_ld_203/benchmark_results/simulated_data/results/data_type/no_cnv/0005/true_evo_events_ternary_matrix.simple	/raid/kang/DelSIEVE/simulation_results/IndelSIEVE_benchmark_pipeline_ld_203/benchmark_results/sciphin/no_cnv/0005/post_processed/sciphin.ternary	/raid/kang/DelSIEVE/simulation_results/IndelSIEVE_benchmark_pipeline_ld_203/benchmark_results/sciphin/no_cnv/0005/post_processed/sciphin.genotype_probs	8834	92	11130	2664	0.7683075317446513	0.9896930315930988	0.8650607128867999	0.0081981821422206	8822	104	12022	1765	0.8332861056012091	0.98834864440959	0.9042177010198328	0.0085766122381659	7106	1820	12096	1691	0.8077753779697624	0.7961012771678243	0.8018958415618123	0.1307847082494969	0	0	21258	1455	0.0	NA	NA	0.0	1455	92	50	1405	0	0	18297	903	0.0	NA	0.0	NA	0	0	19180	20	0.0	NA	0.0	NA	0	0	18865	335	0.0	NA	0.0	NA	0	0	18652	548	0.0	NA	0.0	NA	536	12	311	0	0	0	19200	0	NA	NA	0.0	NA
40	5	20	0.001999	0.16334	3e-05	3e-06	0.0	0006	sciphin	candidate_snvs	NA	NA	no_cnv	/raid/kang/DelSIEVE/simulation_results/IndelSIEVE_benchmark_pipeline_ld_203/benchmark_results/simulated_data/results/cell_names	/raid/kang/DelSIEVE/simulation_results/IndelSIEVE_benchmark_pipeline_ld_203/benchmark_results/sciphin/no_cnv/0006/post_processed/sciphin.cell_names	/raid/kang/DelSIEVE/simulation_results/IndelSIEVE_benchmark_pipeline_ld_203/benchmark_results/simulated_data/results/data_type/no_cnv/0006/true_evo_events_sites_names	/raid/kang/DelSIEVE/simulation_results/IndelSIEVE_benchmark_pipeline_ld_203/benchmark_results/sciphin/no_cnv/0006/post_processed/sciphin.loci_info	/raid/kang/DelSIEVE/simulation_results/IndelSIEVE_benchmark_pipeline_ld_203/benchmark_results/simulated_data/results/data_type/no_cnv/0006/true_evo_events_genotypes_numeric	/raid/kang/DelSIEVE/simulation_results/IndelSIEVE_benchmark_pipeline_ld_203/benchmark_results/sciphin/no_cnv/0006/post_processed/sciphin.genotypes	/raid/kang/DelSIEVE/simulation_results/IndelSIEVE_benchmark_pipeline_ld_203/benchmark_results/simulated_data/results/data_type/no_cnv/0006/true_evo_events_ternary_matrix.simple	/raid/kang/DelSIEVE/simulation_results/IndelSIEVE_benchmark_pipeline_ld_203/benchmark_results/sciphin/no_cnv/0006/post_processed/sciphin.ternary	/raid/kang/DelSIEVE/simulation_results/IndelSIEVE_benchmark_pipeline_ld_203/benchmark_results/sciphin/no_cnv/0006/post_processed/sciphin.genotype_probs	11670	115	13861	3034	0.7936615886833515	0.990241832838354	0.8811204650987202	0.0082283915283342	11651	134	15108	1778	0.8675999702137166	0.9886296139159948	0.924169112397874	0.0087914971788479	9426	2359	15190	1696	0.8475094407480669	0.7998302927450148	0.8229798751473348	0.1344236138811328	0	0	26725	1946	0.0	NA	NA	0.0	1946	115	61	1885	0	0	21276	964	0.0	NA	0.0	NA	0	0	22223	17	0.0	NA	0.0	NA	0	0	21879	361	0.0	NA	0.0	NA	0	0	21654	586	0.0	NA	0.0	NA	568	18	340	0	0	0	22240	0	NA	NA	0.0	NA
40	5	20	0.001999	0.16334	3e-05	3e-06	0.0	0007	sciphin	candidate_snvs	NA	NA	no_cnv	/raid/kang/DelSIEVE/simulation_results/IndelSIEVE_benchmark_pipeline_ld_203/benchmark_results/simulated_data/results/cell_names	/raid/kang/DelSIEVE/simulation_results/IndelSIEVE_benchmark_pipeline_ld_203/benchmark_results/sciphin/no_cnv/0007/post_processed/sciphin.cell_names	/raid/kang/DelSIEVE/simulation_results/IndelSIEVE_benchmark_pipeline_ld_203/benchmark_results/simulated_data/results/data_type/no_cnv/0007/true_evo_events_sites_names	/raid/kang/DelSIEVE/simulation_results/IndelSIEVE_benchmark_pipeline_ld_203/benchmark_results/sciphin/no_cnv/0007/post_processed/sciphin.loci_info	/raid/kang/DelSIEVE/simulation_results/IndelSIEVE_benchmark_pipeline_ld_203/benchmark_results/simulated_data/results/data_type/no_cnv/0007/true_evo_events_genotypes_numeric	/raid/kang/DelSIEVE/simulation_results/IndelSIEVE_benchmark_pipeline_ld_203/benchmark_results/sciphin/no_cnv/0007/post_processed/sciphin.genotypes	/raid/kang/DelSIEVE/simulation_results/IndelSIEVE_benchmark_pipeline_ld_203/benchmark_results/simulated_data/results/data_type/no_cnv/0007/true_evo_events_ternary_matrix.simple	/raid/kang/DelSIEVE/simulation_results/IndelSIEVE_benchmark_pipeline_ld_203/benchmark_results/sciphin/no_cnv/0007/post_processed/sciphin.ternary	/raid/kang/DelSIEVE/simulation_results/IndelSIEVE_benchmark_pipeline_ld_203/benchmark_results/sciphin/no_cnv/0007/post_processed/sciphin.genotype_probs	11870	89	13730	2951	0.800890628162742	0.9925579061794464	0.8864824495892457	0.0064404081337289	11843	116	15243	1428	0.8923969557682164	0.9903001923237728	0.93880301228696	0.0075525750374373	9315	2644	15284	1387	0.870398056438049	0.7789112802073752	0.8221172940293897	0.1474788041053101	0	0	26574	2056	0.0	NA	NA	0.0	2056	89	23	2033	0	0	22098	1502	0.0	NA	0.0	NA	0	0	23577	23	0.0	NA	0.0	NA	0	0	23087	513	0.0	NA	0.0	NA	0	0	22634	966	0.0	NA	0.0	NA	948	18	495	0	0	0	23600	0	NA	NA	0.0	NA
40	5	20	0.001999	0.16334	3e-05	3e-06	0.0	0008	sciphin	candidate_snvs	NA	NA	no_cnv	/raid/kang/DelSIEVE/simulation_results/IndelSIEVE_benchmark_pipeline_ld_203/benchmark_results/simulated_data/results/cell_names	/raid/kang/DelSIEVE/simulation_results/IndelSIEVE_benchmark_pipeline_ld_203/benchmark_results/sciphin/no_cnv/0008/post_processed/sciphin.cell_names	/raid/kang/DelSIEVE/simulation_results/IndelSIEVE_benchmark_pipeline_ld_203/benchmark_results/simulated_data/results/data_type/no_cnv/0008/true_evo_events_sites_names	/raid/kang/DelSIEVE/simulation_results/IndelSIEVE_benchmark_pipeline_ld_203/benchmark_results/sciphin/no_cnv/0008/post_processed/sciphin.loci_info	/raid/kang/DelSIEVE/simulation_results/IndelSIEVE_benchmark_pipeline_ld_203/benchmark_results/simulated_data/results/data_type/no_cnv/0008/true_evo_events_genotypes_numeric	/raid/kang/DelSIEVE/simulation_results/IndelSIEVE_benchmark_pipeline_ld_203/benchmark_results/sciphin/no_cnv/0008/post_processed/sciphin.genotypes	/raid/kang/DelSIEVE/simulation_results/IndelSIEVE_benchmark_pipeline_ld_203/benchmark_results/simulated_data/results/data_type/no_cnv/0008/true_evo_events_ternary_matrix.simple	/raid/kang/DelSIEVE/simulation_results/IndelSIEVE_benchmark_pipeline_ld_203/benchmark_results/sciphin/no_cnv/0008/post_processed/sciphin.ternary	/raid/kang/DelSIEVE/simulation_results/IndelSIEVE_benchmark_pipeline_ld_203/benchmark_results/sciphin/no_cnv/0008/post_processed/sciphin.genotype_probs	8223	128	17477	2772	0.7478854024556617	0.9846724943120584	0.8500982115165927	0.0072706617438227	8212	139	18511	1731	0.8259076737403198	0.9833552867920008	0.8977806931234285	0.0074530831099195	7011	1340	18556	1686	0.8061400482925146	0.8395401748293617	0.8225011731581416	0.0673502211499798	0	0	27636	957	0.0	NA	NA	0.0	957	128	28	929	0	0	21089	831	0.0	NA	0.0	NA	0	0	21913	7	0.0	NA	0.0	NA	0	0	21631	289	0.0	NA	0.0	NA	0	0	21385	535	0.0	NA	0.0	NA	527	8	272	0	0	0	21920	0	NA	NA	0.0	NA
40	5	20	0.001999	0.16334	3e-05	3e-06	0.0	0009	sciphin	candidate_snvs	NA	NA	no_cnv	/raid/kang/DelSIEVE/simulation_results/IndelSIEVE_benchmark_pipeline_ld_203/benchmark_results/simulated_data/results/cell_names	/raid/kang/DelSIEVE/simulation_results/IndelSIEVE_benchmark_pipeline_ld_203/benchmark_results/sciphin/no_cnv/0009/post_processed/sciphin.cell_names	/raid/kang/DelSIEVE/simulation_results/IndelSIEVE_benchmark_pipeline_ld_203/benchmark_results/simulated_data/results/data_type/no_cnv/0009/true_evo_events_sites_names	/raid/kang/DelSIEVE/simulation_results/IndelSIEVE_benchmark_pipeline_ld_203/benchmark_results/sciphin/no_cnv/0009/post_processed/sciphin.loci_info	/raid/kang/DelSIEVE/simulation_results/IndelSIEVE_benchmark_pipeline_ld_203/benchmark_results/simulated_data/results/data_type/no_cnv/0009/true_evo_events_genotypes_numeric	/raid/kang/DelSIEVE/simulation_results/IndelSIEVE_benchmark_pipeline_ld_203/benchmark_results/sciphin/no_cnv/0009/post_processed/sciphin.genotypes	/raid/kang/DelSIEVE/simulation_results/IndelSIEVE_benchmark_pipeline_ld_203/benchmark_results/simulated_data/results/data_type/no_cnv/0009/true_evo_events_ternary_matrix.simple	/raid/kang/DelSIEVE/simulation_results/IndelSIEVE_benchmark_pipeline_ld_203/benchmark_results/sciphin/no_cnv/0009/post_processed/sciphin.ternary	/raid/kang/DelSIEVE/simulation_results/IndelSIEVE_benchmark_pipeline_ld_203/benchmark_results/sciphin/no_cnv/0009/post_processed/sciphin.genotype_probs	10675	91	7191	2483	0.8112935096519228	0.9915474642392718	0.8924092961043304	0.0124965668772315	10638	128	8437	1218	0.8972672064777328	0.9881107189299648	0.9405003978428078	0.014944541739638	7714	3052	8478	1177	0.8676189405016309	0.716514954486346	0.7848603550897899	0.2647007805724197	0	0	18148	2273	0.0	NA	NA	0.0	2273	91	20	2253	0	0	16933	1507	0.0	NA	0.0	NA	0	0	18365	75	0.0	NA	0.0	NA	0	0	17748	692	0.0	NA	0.0	NA	0	0	17700	740	0.0	NA	0.0	NA	722	18	671	0	0	0	18440	0	NA	NA	0.0	NA
40	5	20	0.001999	0.16334	3e-05	3e-06	0.0	0010	sciphin	candidate_snvs	NA	NA	no_cnv	/raid/kang/DelSIEVE/simulation_results/IndelSIEVE_benchmark_pipeline_ld_203/benchmark_results/simulated_data/results/cell_names	/raid/kang/DelSIEVE/simulation_results/IndelSIEVE_benchmark_pipeline_ld_203/benchmark_results/sciphin/no_cnv/0010/post_processed/sciphin.cell_names	/raid/kang/DelSIEVE/simulation_results/IndelSIEVE_benchmark_pipeline_ld_203/benchmark_results/simulated_data/results/data_type/no_cnv/0010/true_evo_events_sites_names	/raid/kang/DelSIEVE/simulation_results/IndelSIEVE_benchmark_pipeline_ld_203/benchmark_results/sciphin/no_cnv/0010/post_processed/sciphin.loci_info	/raid/kang/DelSIEVE/simulation_results/IndelSIEVE_benchmark_pipeline_ld_203/benchmark_results/simulated_data/results/data_type/no_cnv/0010/true_evo_events_genotypes_numeric	/raid/kang/DelSIEVE/simulation_results/IndelSIEVE_benchmark_pipeline_ld_203/benchmark_results/sciphin/no_cnv/0010/post_processed/sciphin.genotypes	/raid/kang/DelSIEVE/simulation_results/IndelSIEVE_benchmark_pipeline_ld_203/benchmark_results/simulated_data/results/data_type/no_cnv/0010/true_evo_events_ternary_matrix.simple	/raid/kang/DelSIEVE/simulation_results/IndelSIEVE_benchmark_pipeline_ld_203/benchmark_results/sciphin/no_cnv/0010/post_processed/sciphin.ternary	/raid/kang/DelSIEVE/simulation_results/IndelSIEVE_benchmark_pipeline_ld_203/benchmark_results/sciphin/no_cnv/0010/post_processed/sciphin.genotype_probs	8224	108	12276	2832	0.743849493487699	0.9870379260681708	0.8483598101918712	0.0087209302325581	8201	131	13227	1870	0.8143183397875087	0.9842774843975036	0.8912677280878117	0.0098068573139691	6579	1753	13309	1788	0.7863033345285049	0.7896063370139222	0.7879513743337924	0.1163856061612003	0	0	21990	1439	0.0	NA	NA	0.0	1439	108	61	1378	0	0	16750	770	0.0	NA	0.0	NA	0	0	17516	4	0.0	NA	0.0	NA	0	0	17255	265	0.0	NA	0.0	NA	0	0	17019	501	0.0	NA	0.0	NA	478	23	244	0	0	0	17520	0	NA	NA	0.0	NA
40	5	20	0.001999	0.16334	3e-05	3e-06	0.0	0001	sieve	candidate_snvs	smc_mu_ld_stage_1	mt	no_cnv	/raid/kang/DelSIEVE/simulation_results/IndelSIEVE_benchmark_pipeline_ld_203/benchmark_results/simulated_data/results/cell_names	/raid/kang/DelSIEVE/simulation_results/IndelSIEVE_benchmark_pipeline_ld_203/benchmark_results/indelsieve/from_candidate/variant_calling/mt/no_cnv/smc_mu_ld_stage_1/0001/indelsieve_median.cell_names	/raid/kang/DelSIEVE/simulation_results/IndelSIEVE_benchmark_pipeline_ld_203/benchmark_results/simulated_data/results/data_type/no_cnv/0001/true_evo_events_sites_names	/raid/kang/DelSIEVE/simulation_results/IndelSIEVE_benchmark_pipeline_ld_203/benchmark_results/indelsieve/from_candidate/variant_calling/mt/no_cnv/smc_mu_ld_stage_1/0001/indelsieve_median.loci_info	/raid/kang/DelSIEVE/simulation_results/IndelSIEVE_benchmark_pipeline_ld_203/benchmark_results/simulated_data/results/data_type/no_cnv/0001/true_evo_events_genotypes_numeric	/raid/kang/DelSIEVE/simulation_results/IndelSIEVE_benchmark_pipeline_ld_203/benchmark_results/indelsieve/from_candidate/variant_calling/mt/no_cnv/smc_mu_ld_stage_1/0001/indelsieve_median.genotypes	/raid/kang/DelSIEVE/simulation_results/IndelSIEVE_benchmark_pipeline_ld_203/benchmark_results/simulated_data/results/data_type/no_cnv/0001/true_evo_events_ternary_matrix.simple	/raid/kang/DelSIEVE/simulation_results/IndelSIEVE_benchmark_pipeline_ld_203/benchmark_results/indelsieve/from_candidate/variant_calling/mt/no_cnv/smc_mu_ld_stage_1/0001/indelsieve_median.ternary	/raid/kang/DelSIEVE/simulation_results/IndelSIEVE_benchmark_pipeline_ld_203/benchmark_results/indelsieve/from_candidate/variant_calling/mt/no_cnv/smc_mu_ld_stage_1/0001/indelsieve_median.probs	9527	123	16954	2036	0.8239211277350169	0.9872538860103628	0.8982227879130722	0.007202670258242	9499	151	18097	881	0.9151252408477842	0.9843523316062176	0.9484772840738892	0.0082748794388426	8077	479	19037	1035	0.8864135206321334	0.9440158952781672	0.914308354086484	0.0245439639270342	742	352	27263	271	0.7324777887462981	0.6782449725776966	0.7043189368770764	0.0127466956364294	1013	123	8	263	0	0	20606	874	0.0	NA	0.0	NA	0	0	21480	0	NA	NA	0.0	NA	0	0	21225	255	0.0	NA	0.0	NA	0	0	20861	619	0.0	NA	0.0	NA	591	27	66	185	0	0	21480	0	NA	NA	0.0	NA
40	5	20	0.001999	0.16334	3e-05	3e-06	0.0	0002	sieve	candidate_snvs	smc_mu_ld_stage_1	mt	no_cnv	/raid/kang/DelSIEVE/simulation_results/IndelSIEVE_benchmark_pipeline_ld_203/benchmark_results/simulated_data/results/cell_names	/raid/kang/DelSIEVE/simulation_results/IndelSIEVE_benchmark_pipeline_ld_203/benchmark_results/indelsieve/from_candidate/variant_calling/mt/no_cnv/smc_mu_ld_stage_1/0002/indelsieve_median.cell_names	/raid/kang/DelSIEVE/simulation_results/IndelSIEVE_benchmark_pipeline_ld_203/benchmark_results/simulated_data/results/data_type/no_cnv/0002/true_evo_events_sites_names	/raid/kang/DelSIEVE/simulation_results/IndelSIEVE_benchmark_pipeline_ld_203/benchmark_results/indelsieve/from_candidate/variant_calling/mt/no_cnv/smc_mu_ld_stage_1/0002/indelsieve_median.loci_info	/raid/kang/DelSIEVE/simulation_results/IndelSIEVE_benchmark_pipeline_ld_203/benchmark_results/simulated_data/results/data_type/no_cnv/0002/true_evo_events_genotypes_numeric	/raid/kang/DelSIEVE/simulation_results/IndelSIEVE_benchmark_pipeline_ld_203/benchmark_results/indelsieve/from_candidate/variant_calling/mt/no_cnv/smc_mu_ld_stage_1/0002/indelsieve_median.genotypes	/raid/kang/DelSIEVE/simulation_results/IndelSIEVE_benchmark_pipeline_ld_203/benchmark_results/simulated_data/results/data_type/no_cnv/0002/true_evo_events_ternary_matrix.simple	/raid/kang/DelSIEVE/simulation_results/IndelSIEVE_benchmark_pipeline_ld_203/benchmark_results/indelsieve/from_candidate/variant_calling/mt/no_cnv/smc_mu_ld_stage_1/0002/indelsieve_median.ternary	/raid/kang/DelSIEVE/simulation_results/IndelSIEVE_benchmark_pipeline_ld_203/benchmark_results/indelsieve/from_candidate/variant_calling/mt/no_cnv/smc_mu_ld_stage_1/0002/indelsieve_median.probs	9938	208	16557	1737	0.851220556745182	0.9794993100729352	0.910865679849686	0.0124067998807038	9900	246	17388	895	0.9170912459471978	0.9757539917208752	0.9455135857886444	0.013950323239197	8396	617	18451	965	0.8969127229996795	0.9315433263064462	0.9139000761946228	0.0323578770715334	919	214	27005	291	0.759504132231405	0.8111209179170344	0.7844643619291507	0.0078621551122377	1210	208	13	278	0	0	21849	751	0.0	NA	0.0	NA	0	0	22597	3	0.0	NA	0.0	NA	0	0	22376	224	0.0	NA	0.0	NA	0	0	22076	524	0.0	NA	0.0	NA	489	35	93	128	0	0	22600	0	NA	NA	0.0	NA
40	5	20	0.001999	0.16334	3e-05	3e-06	0.0	0003	sieve	candidate_snvs	smc_mu_ld_stage_1	mt	no_cnv	/raid/kang/DelSIEVE/simulation_results/IndelSIEVE_benchmark_pipeline_ld_203/benchmark_results/simulated_data/results/cell_names	/raid/kang/DelSIEVE/simulation_results/IndelSIEVE_benchmark_pipeline_ld_203/benchmark_results/indelsieve/from_candidate/variant_calling/mt/no_cnv/smc_mu_ld_stage_1/0003/indelsieve_median.cell_names	/raid/kang/DelSIEVE/simulation_results/IndelSIEVE_benchmark_pipeline_ld_203/benchmark_results/simulated_data/results/data_type/no_cnv/0003/true_evo_events_sites_names	/raid/kang/DelSIEVE/simulation_results/IndelSIEVE_benchmark_pipeline_ld_203/benchmark_results/indelsieve/from_candidate/variant_calling/mt/no_cnv/smc_mu_ld_stage_1/0003/indelsieve_median.loci_info	/raid/kang/DelSIEVE/simulation_results/IndelSIEVE_benchmark_pipeline_ld_203/benchmark_results/simulated_data/results/data_type/no_cnv/0003/true_evo_events_genotypes_numeric	/raid/kang/DelSIEVE/simulation_results/IndelSIEVE_benchmark_pipeline_ld_203/benchmark_results/indelsieve/from_candidate/variant_calling/mt/no_cnv/smc_mu_ld_stage_1/0003/indelsieve_median.genotypes	/raid/kang/DelSIEVE/simulation_results/IndelSIEVE_benchmark_pipeline_ld_203/benchmark_results/simulated_data/results/data_type/no_cnv/0003/true_evo_events_ternary_matrix.simple	/raid/kang/DelSIEVE/simulation_results/IndelSIEVE_benchmark_pipeline_ld_203/benchmark_results/indelsieve/from_candidate/variant_calling/mt/no_cnv/smc_mu_ld_stage_1/0003/indelsieve_median.ternary	/raid/kang/DelSIEVE/simulation_results/IndelSIEVE_benchmark_pipeline_ld_203/benchmark_results/indelsieve/from_candidate/variant_calling/mt/no_cnv/smc_mu_ld_stage_1/0003/indelsieve_median.probs	9248	184	17001	2087	0.815880017644464	0.9804919423240034	0.8906438098906919	0.0107070119290078	9220	212	18130	944	0.9071231798504524	0.9775233248515692	0.9410083690549093	0.0115581725002725	8039	564	18898	1005	0.8888766032728881	0.934441473904452	0.9110897036323456	0.0289795498920974	598	231	27359	318	0.6528384279475983	0.721351025331725	0.6853868194842407	0.0083725987676694	916	184	20	298	0	0	20133	907	0.0	NA	0.0	NA	0	0	21038	2	0.0	NA	0.0	NA	0	0	20836	204	0.0	NA	0.0	NA	0	0	20339	701	0.0	NA	0.0	NA	673	28	54	147	0	0	21040	0	NA	NA	0.0	NA
40	5	20	0.001999	0.16334	3e-05	3e-06	0.0	0004	sieve	candidate_snvs	smc_mu_ld_stage_1	mt	no_cnv	/raid/kang/DelSIEVE/simulation_results/IndelSIEVE_benchmark_pipeline_ld_203/benchmark_results/simulated_data/results/cell_names	/raid/kang/DelSIEVE/simulation_results/IndelSIEVE_benchmark_pipeline_ld_203/benchmark_results/indelsieve/from_candidate/variant_calling/mt/no_cnv/smc_mu_ld_stage_1/0004/indelsieve_median.cell_names	/raid/kang/DelSIEVE/simulation_results/IndelSIEVE_benchmark_pipeline_ld_203/benchmark_results/simulated_data/results/data_type/no_cnv/0004/true_evo_events_sites_names	/raid/kang/DelSIEVE/simulation_results/IndelSIEVE_benchmark_pipeline_ld_203/benchmark_results/indelsieve/from_candidate/variant_calling/mt/no_cnv/smc_mu_ld_stage_1/0004/indelsieve_median.loci_info	/raid/kang/DelSIEVE/simulation_results/IndelSIEVE_benchmark_pipeline_ld_203/benchmark_results/simulated_data/results/data_type/no_cnv/0004/true_evo_events_genotypes_numeric	/raid/kang/DelSIEVE/simulation_results/IndelSIEVE_benchmark_pipeline_ld_203/benchmark_results/indelsieve/from_candidate/variant_calling/mt/no_cnv/smc_mu_ld_stage_1/0004/indelsieve_median.genotypes	/raid/kang/DelSIEVE/simulation_results/IndelSIEVE_benchmark_pipeline_ld_203/benchmark_results/simulated_data/results/data_type/no_cnv/0004/true_evo_events_ternary_matrix.simple	/raid/kang/DelSIEVE/simulation_results/IndelSIEVE_benchmark_pipeline_ld_203/benchmark_results/indelsieve/from_candidate/variant_calling/mt/no_cnv/smc_mu_ld_stage_1/0004/indelsieve_median.ternary	/raid/kang/DelSIEVE/simulation_results/IndelSIEVE_benchmark_pipeline_ld_203/benchmark_results/indelsieve/from_candidate/variant_calling/mt/no_cnv/smc_mu_ld_stage_1/0004/indelsieve_median.probs	8481	179	18056	1844	0.8214043583535109	0.9793302540415704	0.8934421912035818	0.0098162873594735	8450	210	18877	1003	0.8938961176346133	0.9757505773672056	0.9330315243195496	0.0110022528422486	7366	486	19579	1109	0.8691445427728614	0.9381049414161996	0.9023090586145648	0.0242212808372788	666	142	27480	252	0.7254901960784313	0.8242574257425742	0.7717265353418308	0.005140829773369	918	179	7	245	0	0	19562	318	0.0	NA	0.0	NA	0	0	19880	0	NA	NA	0.0	NA	0	0	19820	60	0.0	NA	0.0	NA	0	0	19622	258	0.0	NA	0.0	NA	227	30	32	28	0	0	19880	0	NA	NA	0.0	NA
40	5	20	0.001999	0.16334	3e-05	3e-06	0.0	0005	sieve	candidate_snvs	smc_mu_ld_stage_1	mt	no_cnv	/raid/kang/DelSIEVE/simulation_results/IndelSIEVE_benchmark_pipeline_ld_203/benchmark_results/simulated_data/results/cell_names	/raid/kang/DelSIEVE/simulation_results/IndelSIEVE_benchmark_pipeline_ld_203/benchmark_results/indelsieve/from_candidate/variant_calling/mt/no_cnv/smc_mu_ld_stage_1/0005/indelsieve_median.cell_names	/raid/kang/DelSIEVE/simulation_results/IndelSIEVE_benchmark_pipeline_ld_203/benchmark_results/simulated_data/results/data_type/no_cnv/0005/true_evo_events_sites_names	/raid/kang/DelSIEVE/simulation_results/IndelSIEVE_benchmark_pipeline_ld_203/benchmark_results/indelsieve/from_candidate/variant_calling/mt/no_cnv/smc_mu_ld_stage_1/0005/indelsieve_median.loci_info	/raid/kang/DelSIEVE/simulation_results/IndelSIEVE_benchmark_pipeline_ld_203/benchmark_results/simulated_data/results/data_type/no_cnv/0005/true_evo_events_genotypes_numeric	/raid/kang/DelSIEVE/simulation_results/IndelSIEVE_benchmark_pipeline_ld_203/benchmark_results/indelsieve/from_candidate/variant_calling/mt/no_cnv/smc_mu_ld_stage_1/0005/indelsieve_median.genotypes	/raid/kang/DelSIEVE/simulation_results/IndelSIEVE_benchmark_pipeline_ld_203/benchmark_results/simulated_data/results/data_type/no_cnv/0005/true_evo_events_ternary_matrix.simple	/raid/kang/DelSIEVE/simulation_results/IndelSIEVE_benchmark_pipeline_ld_203/benchmark_results/indelsieve/from_candidate/variant_calling/mt/no_cnv/smc_mu_ld_stage_1/0005/indelsieve_median.ternary	/raid/kang/DelSIEVE/simulation_results/IndelSIEVE_benchmark_pipeline_ld_203/benchmark_results/indelsieve/from_candidate/variant_calling/mt/no_cnv/smc_mu_ld_stage_1/0005/indelsieve_median.probs	9739	150	11072	1759	0.8470168724995651	0.9848316311052684	0.910740169261701	0.0133666013188379	9709	180	11946	878	0.9170681023897232	0.981797957326322	0.9483297519046688	0.0148441365660564	7791	570	13346	1006	0.8856428327839037	0.9318263365626122	0.908147802774216	0.040960045990227	1108	420	20838	347	0.7615120274914089	0.725130890052356	0.7428762990278244	0.0197572678521027	1455	150	6	341	0	0	17977	903	0.0	NA	0.0	NA	0	0	18860	20	0.0	NA	0.0	NA	0	0	18545	335	0.0	NA	0.0	NA	0	0	18332	548	0.0	NA	0.0	NA	518	29	50	279	0	0	18880	0	NA	NA	0.0	NA
40	5	20	0.001999	0.16334	3e-05	3e-06	0.0	0006	sieve	candidate_snvs	smc_mu_ld_stage_1	mt	no_cnv	/raid/kang/DelSIEVE/simulation_results/IndelSIEVE_benchmark_pipeline_ld_203/benchmark_results/simulated_data/results/cell_names	/raid/kang/DelSIEVE/simulation_results/IndelSIEVE_benchmark_pipeline_ld_203/benchmark_results/indelsieve/from_candidate/variant_calling/mt/no_cnv/smc_mu_ld_stage_1/0006/indelsieve_median.cell_names	/raid/kang/DelSIEVE/simulation_results/IndelSIEVE_benchmark_pipeline_ld_203/benchmark_results/simulated_data/results/data_type/no_cnv/0006/true_evo_events_sites_names	/raid/kang/DelSIEVE/simulation_results/IndelSIEVE_benchmark_pipeline_ld_203/benchmark_results/indelsieve/from_candidate/variant_calling/mt/no_cnv/smc_mu_ld_stage_1/0006/indelsieve_median.loci_info	/raid/kang/DelSIEVE/simulation_results/IndelSIEVE_benchmark_pipeline_ld_203/benchmark_results/simulated_data/results/data_type/no_cnv/0006/true_evo_events_genotypes_numeric	/raid/kang/DelSIEVE/simulation_results/IndelSIEVE_benchmark_pipeline_ld_203/benchmark_results/indelsieve/from_candidate/variant_calling/mt/no_cnv/smc_mu_ld_stage_1/0006/indelsieve_median.genotypes	/raid/kang/DelSIEVE/simulation_results/IndelSIEVE_benchmark_pipeline_ld_203/benchmark_results/simulated_data/results/data_type/no_cnv/0006/true_evo_events_ternary_matrix.simple	/raid/kang/DelSIEVE/simulation_results/IndelSIEVE_benchmark_pipeline_ld_203/benchmark_results/indelsieve/from_candidate/variant_calling/mt/no_cnv/smc_mu_ld_stage_1/0006/indelsieve_median.ternary	/raid/kang/DelSIEVE/simulation_results/IndelSIEVE_benchmark_pipeline_ld_203/benchmark_results/indelsieve/from_candidate/variant_calling/mt/no_cnv/smc_mu_ld_stage_1/0006/indelsieve_median.probs	12707	143	13833	1997	0.8641866158868335	0.9888715953307392	0.9223343253248169	0.0102318259874069	12666	184	15058	763	0.9431826643830516	0.98568093385214	0.963963621142357	0.0120719065739404	10206	610	16939	916	0.91764071210214	0.9436020710059172	0.9304403318442884	0.0347598153740953	1545	489	26236	401	0.7939362795477903	0.7595870206489675	0.7763819095477387	0.0182974742750233	1946	141	18	383	0	0	21161	959	0.0	NA	0.0	NA	0	0	22103	17	0.0	NA	0.0	NA	0	0	21759	361	0.0	NA	0.0	NA	0	0	21539	581	0.0	NA	0.0	NA	548	31	48	312	0	0	22120	0	NA	NA	0.0	NA
40	5	20	0.001999	0.16334	3e-05	3e-06	0.0	0007	sieve	candidate_snvs	smc_mu_ld_stage_1	mt	no_cnv	/raid/kang/DelSIEVE/simulation_results/IndelSIEVE_benchmark_pipeline_ld_203/benchmark_results/simulated_data/results/cell_names	/raid/kang/DelSIEVE/simulation_results/IndelSIEVE_benchmark_pipeline_ld_203/benchmark_results/indelsieve/from_candidate/variant_calling/mt/no_cnv/smc_mu_ld_stage_1/0007/indelsieve_median.cell_names	/raid/kang/DelSIEVE/simulation_results/IndelSIEVE_benchmark_pipeline_ld_203/benchmark_results/simulated_data/results/data_type/no_cnv/0007/true_evo_events_sites_names	/raid/kang/DelSIEVE/simulation_results/IndelSIEVE_benchmark_pipeline_ld_203/benchmark_results/indelsieve/from_candidate/variant_calling/mt/no_cnv/smc_mu_ld_stage_1/0007/indelsieve_median.loci_info	/raid/kang/DelSIEVE/simulation_results/IndelSIEVE_benchmark_pipeline_ld_203/benchmark_results/simulated_data/results/data_type/no_cnv/0007/true_evo_events_genotypes_numeric	/raid/kang/DelSIEVE/simulation_results/IndelSIEVE_benchmark_pipeline_ld_203/benchmark_results/indelsieve/from_candidate/variant_calling/mt/no_cnv/smc_mu_ld_stage_1/0007/indelsieve_median.genotypes	/raid/kang/DelSIEVE/simulation_results/IndelSIEVE_benchmark_pipeline_ld_203/benchmark_results/simulated_data/results/data_type/no_cnv/0007/true_evo_events_ternary_matrix.simple	/raid/kang/DelSIEVE/simulation_results/IndelSIEVE_benchmark_pipeline_ld_203/benchmark_results/indelsieve/from_candidate/variant_calling/mt/no_cnv/smc_mu_ld_stage_1/0007/indelsieve_median.ternary	/raid/kang/DelSIEVE/simulation_results/IndelSIEVE_benchmark_pipeline_ld_203/benchmark_results/indelsieve/from_candidate/variant_calling/mt/no_cnv/smc_mu_ld_stage_1/0007/indelsieve_median.probs	12717	118	13701	2104	0.8580392686053573	0.9908063887806778	0.919655770899624	0.0085389680874158	12671	164	15195	600	0.954788636877402	0.987222438644332	0.97073469700452	0.0106777785012045	9982	581	17347	720	0.9327228555410204	0.9449966865473824	0.9388196567129086	0.0324074074074074	1677	595	25979	379	0.8156614785992218	0.7381161971830986	0.7749537892791127	0.0223903063144426	2056	118	9	370	0	0	22098	1502	0.0	NA	0.0	NA	0	0	23577	23	0.0	NA	0.0	NA	0	0	23087	513	0.0	NA	0.0	NA	0	0	22634	966	0.0	NA	0.0	NA	930	36	56	455	0	0	23600	0	NA	NA	0.0	NA
40	5	20	0.001999	0.16334	3e-05	3e-06	0.0	0008	sieve	candidate_snvs	smc_mu_ld_stage_1	mt	no_cnv	/raid/kang/DelSIEVE/simulation_results/IndelSIEVE_benchmark_pipeline_ld_203/benchmark_results/simulated_data/results/cell_names	/raid/kang/DelSIEVE/simulation_results/IndelSIEVE_benchmark_pipeline_ld_203/benchmark_results/indelsieve/from_candidate/variant_calling/mt/no_cnv/smc_mu_ld_stage_1/0008/indelsieve_median.cell_names	/raid/kang/DelSIEVE/simulation_results/IndelSIEVE_benchmark_pipeline_ld_203/benchmark_results/simulated_data/results/data_type/no_cnv/0008/true_evo_events_sites_names	/raid/kang/DelSIEVE/simulation_results/IndelSIEVE_benchmark_pipeline_ld_203/benchmark_results/indelsieve/from_candidate/variant_calling/mt/no_cnv/smc_mu_ld_stage_1/0008/indelsieve_median.loci_info	/raid/kang/DelSIEVE/simulation_results/IndelSIEVE_benchmark_pipeline_ld_203/benchmark_results/simulated_data/results/data_type/no_cnv/0008/true_evo_events_genotypes_numeric	/raid/kang/DelSIEVE/simulation_results/IndelSIEVE_benchmark_pipeline_ld_203/benchmark_results/indelsieve/from_candidate/variant_calling/mt/no_cnv/smc_mu_ld_stage_1/0008/indelsieve_median.genotypes	/raid/kang/DelSIEVE/simulation_results/IndelSIEVE_benchmark_pipeline_ld_203/benchmark_results/simulated_data/results/data_type/no_cnv/0008/true_evo_events_ternary_matrix.simple	/raid/kang/DelSIEVE/simulation_results/IndelSIEVE_benchmark_pipeline_ld_203/benchmark_results/indelsieve/from_candidate/variant_calling/mt/no_cnv/smc_mu_ld_stage_1/0008/indelsieve_median.ternary	/raid/kang/DelSIEVE/simulation_results/IndelSIEVE_benchmark_pipeline_ld_203/benchmark_results/indelsieve/from_candidate/variant_calling/mt/no_cnv/smc_mu_ld_stage_1/0008/indelsieve_median.probs	9136	190	17415	1859	0.8309231468849477	0.979626849667596	0.8991683480143695	0.0107923885259869	9123	203	18447	820	0.9175299205471186	0.9782328972764316	0.946909543826872	0.0108847184986595	7804	502	19394	893	0.897320915258135	0.9395617625812666	0.917955654884432	0.0252312022517088	718	302	27334	239	0.7502612330198537	0.703921568627451	0.7263530601922104	0.0109277753654653	957	190	6	233	0	0	21050	830	0.0	NA	0.0	NA	0	0	21873	7	0.0	NA	0.0	NA	0	0	21591	289	0.0	NA	0.0	NA	0	0	21346	534	0.0	NA	0.0	NA	524	10	68	219	0	0	21880	0	NA	NA	0.0	NA
40	5	20	0.001999	0.16334	3e-05	3e-06	0.0	0009	sieve	candidate_snvs	smc_mu_ld_stage_1	mt	no_cnv	/raid/kang/DelSIEVE/simulation_results/IndelSIEVE_benchmark_pipeline_ld_203/benchmark_results/simulated_data/results/cell_names	/raid/kang/DelSIEVE/simulation_results/IndelSIEVE_benchmark_pipeline_ld_203/benchmark_results/indelsieve/from_candidate/variant_calling/mt/no_cnv/smc_mu_ld_stage_1/0009/indelsieve_median.cell_names	/raid/kang/DelSIEVE/simulation_results/IndelSIEVE_benchmark_pipeline_ld_203/benchmark_results/simulated_data/results/data_type/no_cnv/0009/true_evo_events_sites_names	/raid/kang/DelSIEVE/simulation_results/IndelSIEVE_benchmark_pipeline_ld_203/benchmark_results/indelsieve/from_candidate/variant_calling/mt/no_cnv/smc_mu_ld_stage_1/0009/indelsieve_median.loci_info	/raid/kang/DelSIEVE/simulation_results/IndelSIEVE_benchmark_pipeline_ld_203/benchmark_results/simulated_data/results/data_type/no_cnv/0009/true_evo_events_genotypes_numeric	/raid/kang/DelSIEVE/simulation_results/IndelSIEVE_benchmark_pipeline_ld_203/benchmark_results/indelsieve/from_candidate/variant_calling/mt/no_cnv/smc_mu_ld_stage_1/0009/indelsieve_median.genotypes	/raid/kang/DelSIEVE/simulation_results/IndelSIEVE_benchmark_pipeline_ld_203/benchmark_results/simulated_data/results/data_type/no_cnv/0009/true_evo_events_ternary_matrix.simple	/raid/kang/DelSIEVE/simulation_results/IndelSIEVE_benchmark_pipeline_ld_203/benchmark_results/indelsieve/from_candidate/variant_calling/mt/no_cnv/smc_mu_ld_stage_1/0009/indelsieve_median.ternary	/raid/kang/DelSIEVE/simulation_results/IndelSIEVE_benchmark_pipeline_ld_203/benchmark_results/indelsieve/from_candidate/variant_calling/mt/no_cnv/smc_mu_ld_stage_1/0009/indelsieve_median.probs	11513	109	7173	1645	0.8749810001519988	0.9906212355876786	0.9292171105730428	0.01496841527053	11415	207	8358	441	0.9628036437246964	0.9821889519876096	0.9723996933299258	0.0241681260945709	8351	654	10876	540	0.939264424699134	0.9273736812881732	0.9332811801519894	0.056721595836947	1876	741	17407	397	0.8253409590849098	0.7168513565150936	0.7672801635991818	0.0408309455587392	2273	109	5	392	0	0	16853	1507	0.0	NA	0.0	NA	0	0	18285	75	0.0	NA	0.0	NA	0	0	17668	692	0.0	NA	0.0	NA	0	0	17620	740	0.0	NA	0.0	NA	701	39	79	611	0	0	18360	0	NA	NA	0.0	NA
40	5	20	0.001999	0.16334	3e-05	3e-06	0.0	0010	sieve	candidate_snvs	smc_mu_ld_stage_1	mt	no_cnv	/raid/kang/DelSIEVE/simulation_results/IndelSIEVE_benchmark_pipeline_ld_203/benchmark_results/simulated_data/results/cell_names	/raid/kang/DelSIEVE/simulation_results/IndelSIEVE_benchmark_pipeline_ld_203/benchmark_results/indelsieve/from_candidate/variant_calling/mt/no_cnv/smc_mu_ld_stage_1/0010/indelsieve_mode_gaussian.cell_names	/raid/kang/DelSIEVE/simulation_results/IndelSIEVE_benchmark_pipeline_ld_203/benchmark_results/simulated_data/results/data_type/no_cnv/0010/true_evo_events_sites_names	/raid/kang/DelSIEVE/simulation_results/IndelSIEVE_benchmark_pipeline_ld_203/benchmark_results/indelsieve/from_candidate/variant_calling/mt/no_cnv/smc_mu_ld_stage_1/0010/indelsieve_mode_gaussian.loci_info	/raid/kang/DelSIEVE/simulation_results/IndelSIEVE_benchmark_pipeline_ld_203/benchmark_results/simulated_data/results/data_type/no_cnv/0010/true_evo_events_genotypes_numeric	/raid/kang/DelSIEVE/simulation_results/IndelSIEVE_benchmark_pipeline_ld_203/benchmark_results/indelsieve/from_candidate/variant_calling/mt/no_cnv/smc_mu_ld_stage_1/0010/indelsieve_mode_gaussian.genotypes	/raid/kang/DelSIEVE/simulation_results/IndelSIEVE_benchmark_pipeline_ld_203/benchmark_results/simulated_data/results/data_type/no_cnv/0010/true_evo_events_ternary_matrix.simple	/raid/kang/DelSIEVE/simulation_results/IndelSIEVE_benchmark_pipeline_ld_203/benchmark_results/indelsieve/from_candidate/variant_calling/mt/no_cnv/smc_mu_ld_stage_1/0010/indelsieve_mode_gaussian.ternary	/raid/kang/DelSIEVE/simulation_results/IndelSIEVE_benchmark_pipeline_ld_203/benchmark_results/indelsieve/from_candidate/variant_calling/mt/no_cnv/smc_mu_ld_stage_1/0010/indelsieve_mode_gaussian.probs	9200	157	12227	1856	0.8321273516642547	0.9832211178796624	0.9013863714299712	0.0126776485788113	9174	183	13175	897	0.9109323801012807	0.9804424495030458	0.9444101297096972	0.0136996556370714	7374	580	14482	993	0.8813194693438509	0.92708071410611	0.9036211016481832	0.0385075023237285	1088	315	21675	351	0.7560806115357888	0.7754811119030649	0.7656579873328642	0.0143246930422919	1439	157	14	337	0	0	16553	767	0.0	NA	0.0	NA	0	0	17316	4	0.0	NA	0.0	NA	0	0	17055	265	0.0	NA	0.0	NA	0	0	16822	498	0.0	NA	0.0	NA	472	26	60	201	0	0	17320	0	NA	NA	0.0	NA
40	5	20	0.001999	0.16334	3e-05	3e-06	0.0	0001	indelsieve	candidate_snvs	smc_mudel_ld_stage_1	mt	no_cnv	/raid/kang/DelSIEVE/simulation_results/IndelSIEVE_benchmark_pipeline_ld_203/benchmark_results/simulated_data/results/cell_names	/raid/kang/DelSIEVE/simulation_results/IndelSIEVE_benchmark_pipeline_ld_203/benchmark_results/indelsieve/from_candidate/variant_calling/mt/no_cnv/smc_mudel_ld_stage_1/0001/indelsieve_median.cell_names	/raid/kang/DelSIEVE/simulation_results/IndelSIEVE_benchmark_pipeline_ld_203/benchmark_results/simulated_data/results/data_type/no_cnv/0001/true_evo_events_sites_names	/raid/kang/DelSIEVE/simulation_results/IndelSIEVE_benchmark_pipeline_ld_203/benchmark_results/indelsieve/from_candidate/variant_calling/mt/no_cnv/smc_mudel_ld_stage_1/0001/indelsieve_median.loci_info	/raid/kang/DelSIEVE/simulation_results/IndelSIEVE_benchmark_pipeline_ld_203/benchmark_results/simulated_data/results/data_type/no_cnv/0001/true_evo_events_genotypes_numeric	/raid/kang/DelSIEVE/simulation_results/IndelSIEVE_benchmark_pipeline_ld_203/benchmark_results/indelsieve/from_candidate/variant_calling/mt/no_cnv/smc_mudel_ld_stage_1/0001/indelsieve_median.genotypes	/raid/kang/DelSIEVE/simulation_results/IndelSIEVE_benchmark_pipeline_ld_203/benchmark_results/simulated_data/results/data_type/no_cnv/0001/true_evo_events_ternary_matrix.simple	/raid/kang/DelSIEVE/simulation_results/IndelSIEVE_benchmark_pipeline_ld_203/benchmark_results/indelsieve/from_candidate/variant_calling/mt/no_cnv/smc_mudel_ld_stage_1/0001/indelsieve_median.ternary	/raid/kang/DelSIEVE/simulation_results/IndelSIEVE_benchmark_pipeline_ld_203/benchmark_results/indelsieve/from_candidate/variant_calling/mt/no_cnv/smc_mudel_ld_stage_1/0001/indelsieve_median.probs	9796	536	16541	1767	0.8471849865951743	0.9481223383662408	0.894816168074903	0.0313872460033963	9480	143	18105	900	0.9132947976878611	0.9851397693027124	0.947857821326801	0.0078364752301622	8004	424	19034	1166	0.8728462377317339	0.9496915045087804	0.9096488237299694	0.0217905231781272	690	153	27520	265	0.7225130890052356	0.8185053380782918	0.7675194660734148	0.0055288548404582	955	120	8	257	450	611	19995	424	0.5148741418764302	0.4241281809613572	0.0296515577986994	0.4651162790697674	0	0	21480	0	NA	NA	0.0	NA	198	154	21071	57	0.7764705882352941	0.5625	0.0072555948174322	0.6523887973640857	247	462	20399	372	0.3990306946688207	0.3483779971791255	0.0221465893293705	0.3719879518072289	351	18	29	24	0	0	21480	0	NA	NA	0.0	NA
40	5	20	0.001999	0.16334	3e-05	3e-06	0.0	0002	indelsieve	candidate_snvs	smc_mudel_ld_stage_1	mt	no_cnv	/raid/kang/DelSIEVE/simulation_results/IndelSIEVE_benchmark_pipeline_ld_203/benchmark_results/simulated_data/results/cell_names	/raid/kang/DelSIEVE/simulation_results/IndelSIEVE_benchmark_pipeline_ld_203/benchmark_results/indelsieve/from_candidate/variant_calling/mt/no_cnv/smc_mudel_ld_stage_1/0002/indelsieve_median.cell_names	/raid/kang/DelSIEVE/simulation_results/IndelSIEVE_benchmark_pipeline_ld_203/benchmark_results/simulated_data/results/data_type/no_cnv/0002/true_evo_events_sites_names	/raid/kang/DelSIEVE/simulation_results/IndelSIEVE_benchmark_pipeline_ld_203/benchmark_results/indelsieve/from_candidate/variant_calling/mt/no_cnv/smc_mudel_ld_stage_1/0002/indelsieve_median.loci_info	/raid/kang/DelSIEVE/simulation_results/IndelSIEVE_benchmark_pipeline_ld_203/benchmark_results/simulated_data/results/data_type/no_cnv/0002/true_evo_events_genotypes_numeric	/raid/kang/DelSIEVE/simulation_results/IndelSIEVE_benchmark_pipeline_ld_203/benchmark_results/indelsieve/from_candidate/variant_calling/mt/no_cnv/smc_mudel_ld_stage_1/0002/indelsieve_median.genotypes	/raid/kang/DelSIEVE/simulation_results/IndelSIEVE_benchmark_pipeline_ld_203/benchmark_results/simulated_data/results/data_type/no_cnv/0002/true_evo_events_ternary_matrix.simple	/raid/kang/DelSIEVE/simulation_results/IndelSIEVE_benchmark_pipeline_ld_203/benchmark_results/indelsieve/from_candidate/variant_calling/mt/no_cnv/smc_mudel_ld_stage_1/0002/indelsieve_median.ternary	/raid/kang/DelSIEVE/simulation_results/IndelSIEVE_benchmark_pipeline_ld_203/benchmark_results/indelsieve/from_candidate/variant_calling/mt/no_cnv/smc_mudel_ld_stage_1/0002/indelsieve_median.probs	10093	458	16307	1582	0.8644967880085653	0.9565917922471804	0.9082156033474308	0.0273188189680882	9897	232	17402	898	0.916813339509032	0.977095468456906	0.9459950296310456	0.0131564024044459	8364	551	18467	1047	0.8887472107108703	0.9381940549635446	0.9128014842300556	0.0289725523188558	876	101	27168	284	0.7551724137931034	0.8966223132036848	0.8198408984557791	0.003703839524735	1160	198	13	271	313	346	21503	438	0.4167776298268975	0.4749620637329286	0.0158359650327246	0.4439716312056738	0	0	22597	3	0.0	NA	0.0	NA	157	80	22296	67	0.7008928571428571	0.6624472573839663	0.0035752592062924	0.6811279826464208	153	269	21807	371	0.2919847328244275	0.3625592417061611	0.0121851784743612	0.3234672304439746	340	31	51	13	0	0	22600	0	NA	NA	0.0	NA
40	5	20	0.001999	0.16334	3e-05	3e-06	0.0	0003	indelsieve	candidate_snvs	smc_mudel_ld_stage_1	mt	no_cnv	/raid/kang/DelSIEVE/simulation_results/IndelSIEVE_benchmark_pipeline_ld_203/benchmark_results/simulated_data/results/cell_names	/raid/kang/DelSIEVE/simulation_results/IndelSIEVE_benchmark_pipeline_ld_203/benchmark_results/indelsieve/from_candidate/variant_calling/mt/no_cnv/smc_mudel_ld_stage_1/0003/indelsieve_median.cell_names	/raid/kang/DelSIEVE/simulation_results/IndelSIEVE_benchmark_pipeline_ld_203/benchmark_results/simulated_data/results/data_type/no_cnv/0003/true_evo_events_sites_names	/raid/kang/DelSIEVE/simulation_results/IndelSIEVE_benchmark_pipeline_ld_203/benchmark_results/indelsieve/from_candidate/variant_calling/mt/no_cnv/smc_mudel_ld_stage_1/0003/indelsieve_median.loci_info	/raid/kang/DelSIEVE/simulation_results/IndelSIEVE_benchmark_pipeline_ld_203/benchmark_results/simulated_data/results/data_type/no_cnv/0003/true_evo_events_genotypes_numeric	/raid/kang/DelSIEVE/simulation_results/IndelSIEVE_benchmark_pipeline_ld_203/benchmark_results/indelsieve/from_candidate/variant_calling/mt/no_cnv/smc_mudel_ld_stage_1/0003/indelsieve_median.genotypes	/raid/kang/DelSIEVE/simulation_results/IndelSIEVE_benchmark_pipeline_ld_203/benchmark_results/simulated_data/results/data_type/no_cnv/0003/true_evo_events_ternary_matrix.simple	/raid/kang/DelSIEVE/simulation_results/IndelSIEVE_benchmark_pipeline_ld_203/benchmark_results/indelsieve/from_candidate/variant_calling/mt/no_cnv/smc_mudel_ld_stage_1/0003/indelsieve_median.ternary	/raid/kang/DelSIEVE/simulation_results/IndelSIEVE_benchmark_pipeline_ld_203/benchmark_results/indelsieve/from_candidate/variant_calling/mt/no_cnv/smc_mudel_ld_stage_1/0003/indelsieve_median.probs	9548	439	16746	1787	0.8423467137185708	0.9560428557124262	0.8956007879185818	0.0255455338958393	9206	199	18143	958	0.905745769382133	0.9788410419989368	0.9408758751085902	0.0108494166394068	7982	525	18895	1104	0.8784943869689632	0.9382861173151522	0.9074063548002046	0.0270339855818743	560	108	27524	314	0.6407322654462243	0.8383233532934131	0.7263294422827495	0.0039085118702953	874	178	19	294	449	363	19770	458	0.4950385887541345	0.5529556650246306	0.01803009983609	0.5223967422920303	0	0	21038	2	0.0	NA	0.0	NA	140	90	20746	64	0.6862745098039216	0.6086956521739131	0.0043194471107698	0.6451612903225807	308	274	20065	393	0.4393723252496433	0.5292096219931272	0.0134716554402871	0.4801247077162899	372	21	32	29	0	0	21040	0	NA	NA	0.0	NA
40	5	20	0.001999	0.16334	3e-05	3e-06	0.0	0004	indelsieve	candidate_snvs	smc_mudel_ld_stage_1	mt	no_cnv	/raid/kang/DelSIEVE/simulation_results/IndelSIEVE_benchmark_pipeline_ld_203/benchmark_results/simulated_data/results/cell_names	/raid/kang/DelSIEVE/simulation_results/IndelSIEVE_benchmark_pipeline_ld_203/benchmark_results/indelsieve/from_candidate/variant_calling/mt/no_cnv/smc_mudel_ld_stage_1/0004/indelsieve_median.cell_names	/raid/kang/DelSIEVE/simulation_results/IndelSIEVE_benchmark_pipeline_ld_203/benchmark_results/simulated_data/results/data_type/no_cnv/0004/true_evo_events_sites_names	/raid/kang/DelSIEVE/simulation_results/IndelSIEVE_benchmark_pipeline_ld_203/benchmark_results/indelsieve/from_candidate/variant_calling/mt/no_cnv/smc_mudel_ld_stage_1/0004/indelsieve_median.loci_info	/raid/kang/DelSIEVE/simulation_results/IndelSIEVE_benchmark_pipeline_ld_203/benchmark_results/simulated_data/results/data_type/no_cnv/0004/true_evo_events_genotypes_numeric	/raid/kang/DelSIEVE/simulation_results/IndelSIEVE_benchmark_pipeline_ld_203/benchmark_results/indelsieve/from_candidate/variant_calling/mt/no_cnv/smc_mudel_ld_stage_1/0004/indelsieve_median.genotypes	/raid/kang/DelSIEVE/simulation_results/IndelSIEVE_benchmark_pipeline_ld_203/benchmark_results/simulated_data/results/data_type/no_cnv/0004/true_evo_events_ternary_matrix.simple	/raid/kang/DelSIEVE/simulation_results/IndelSIEVE_benchmark_pipeline_ld_203/benchmark_results/indelsieve/from_candidate/variant_calling/mt/no_cnv/smc_mudel_ld_stage_1/0004/indelsieve_median.ternary	/raid/kang/DelSIEVE/simulation_results/IndelSIEVE_benchmark_pipeline_ld_203/benchmark_results/indelsieve/from_candidate/variant_calling/mt/no_cnv/smc_mudel_ld_stage_1/0004/indelsieve_median.probs	8488	288	17947	1837	0.8220823244552058	0.96718322698268	0.8887492801424008	0.0157938031258568	8447	206	18881	1006	0.8935787580662223	0.976193227782272	0.9330608638020544	0.0107926861214439	7359	478	19587	1116	0.8683185840707964	0.9390072731912722	0.9022805296714076	0.0238225766259656	666	131	27491	252	0.7254901960784313	0.835633626097867	0.7766763848396501	0.0047425964810658	918	175	8	244	12	130	19432	306	0.0377358490566037	0.0845070422535211	0.0066455372661282	0.0521739130434782	0	0	19880	0	NA	NA	0.0	NA	8	11	19809	52	0.1333333333333333	0.4210526315789473	0.0005549949545913	0.2025316455696202	4	119	19503	254	0.0155038759689922	0.032520325203252	0.00606462134339	0.0209973753280839	223	30	29	23	0	0	19880	0	NA	NA	0.0	NA
40	5	20	0.001999	0.16334	3e-05	3e-06	0.0	0005	indelsieve	candidate_snvs	smc_mudel_ld_stage_1	mt	no_cnv	/raid/kang/DelSIEVE/simulation_results/IndelSIEVE_benchmark_pipeline_ld_203/benchmark_results/simulated_data/results/cell_names	/raid/kang/DelSIEVE/simulation_results/IndelSIEVE_benchmark_pipeline_ld_203/benchmark_results/indelsieve/from_candidate/variant_calling/mt/no_cnv/smc_mudel_ld_stage_1/0005/indelsieve_mode_gaussian.cell_names	/raid/kang/DelSIEVE/simulation_results/IndelSIEVE_benchmark_pipeline_ld_203/benchmark_results/simulated_data/results/data_type/no_cnv/0005/true_evo_events_sites_names	/raid/kang/DelSIEVE/simulation_results/IndelSIEVE_benchmark_pipeline_ld_203/benchmark_results/indelsieve/from_candidate/variant_calling/mt/no_cnv/smc_mudel_ld_stage_1/0005/indelsieve_mode_gaussian.loci_info	/raid/kang/DelSIEVE/simulation_results/IndelSIEVE_benchmark_pipeline_ld_203/benchmark_results/simulated_data/results/data_type/no_cnv/0005/true_evo_events_genotypes_numeric	/raid/kang/DelSIEVE/simulation_results/IndelSIEVE_benchmark_pipeline_ld_203/benchmark_results/indelsieve/from_candidate/variant_calling/mt/no_cnv/smc_mudel_ld_stage_1/0005/indelsieve_mode_gaussian.genotypes	/raid/kang/DelSIEVE/simulation_results/IndelSIEVE_benchmark_pipeline_ld_203/benchmark_results/simulated_data/results/data_type/no_cnv/0005/true_evo_events_ternary_matrix.simple	/raid/kang/DelSIEVE/simulation_results/IndelSIEVE_benchmark_pipeline_ld_203/benchmark_results/indelsieve/from_candidate/variant_calling/mt/no_cnv/smc_mudel_ld_stage_1/0005/indelsieve_mode_gaussian.ternary	/raid/kang/DelSIEVE/simulation_results/IndelSIEVE_benchmark_pipeline_ld_203/benchmark_results/indelsieve/from_candidate/variant_calling/mt/no_cnv/smc_mudel_ld_stage_1/0005/indelsieve_mode_gaussian.probs	9965	417	10805	1533	0.8666724647764829	0.959834328645733	0.9108775137111518	0.0371591516663696	9689	165	11961	898	0.9151789931047511	0.9832555307489343	0.9479966733525758	0.0136071251855517	7741	516	13250	1206	0.8652062143735331	0.9375075693351096	0.8999069983724715	0.0374836553828272	973	122	21286	332	0.7455938697318008	0.8885844748858448	0.8108333333333334	0.0056988041853512	1305	139	6	323	477	553	17424	426	0.5282392026578073	0.4631067961165048	0.0307615286199032	0.4935333678220383	16	8	18852	4	0.8	0.6666666666666666	0.000424178154825	0.7272727272727272	272	230	18315	63	0.8119402985074626	0.5418326693227091	0.0124022647613912	0.6499402628434886	181	323	18009	367	0.3302919708029197	0.3591269841269841	0.0176194632336897	0.3441064638783269	341	25	29	28	0	0	18880	0	NA	NA	0.0	NA
40	5	20	0.001999	0.16334	3e-05	3e-06	0.0	0006	indelsieve	candidate_snvs	smc_mudel_ld_stage_1	mt	no_cnv	/raid/kang/DelSIEVE/simulation_results/IndelSIEVE_benchmark_pipeline_ld_203/benchmark_results/simulated_data/results/cell_names	/raid/kang/DelSIEVE/simulation_results/IndelSIEVE_benchmark_pipeline_ld_203/benchmark_results/indelsieve/from_candidate/variant_calling/mt/no_cnv/smc_mudel_ld_stage_1/0006/indelsieve_median.cell_names	/raid/kang/DelSIEVE/simulation_results/IndelSIEVE_benchmark_pipeline_ld_203/benchmark_results/simulated_data/results/data_type/no_cnv/0006/true_evo_events_sites_names	/raid/kang/DelSIEVE/simulation_results/IndelSIEVE_benchmark_pipeline_ld_203/benchmark_results/indelsieve/from_candidate/variant_calling/mt/no_cnv/smc_mudel_ld_stage_1/0006/indelsieve_median.loci_info	/raid/kang/DelSIEVE/simulation_results/IndelSIEVE_benchmark_pipeline_ld_203/benchmark_results/simulated_data/results/data_type/no_cnv/0006/true_evo_events_genotypes_numeric	/raid/kang/DelSIEVE/simulation_results/IndelSIEVE_benchmark_pipeline_ld_203/benchmark_results/indelsieve/from_candidate/variant_calling/mt/no_cnv/smc_mudel_ld_stage_1/0006/indelsieve_median.genotypes	/raid/kang/DelSIEVE/simulation_results/IndelSIEVE_benchmark_pipeline_ld_203/benchmark_results/simulated_data/results/data_type/no_cnv/0006/true_evo_events_ternary_matrix.simple	/raid/kang/DelSIEVE/simulation_results/IndelSIEVE_benchmark_pipeline_ld_203/benchmark_results/indelsieve/from_candidate/variant_calling/mt/no_cnv/smc_mudel_ld_stage_1/0006/indelsieve_median.ternary	/raid/kang/DelSIEVE/simulation_results/IndelSIEVE_benchmark_pipeline_ld_203/benchmark_results/indelsieve/from_candidate/variant_calling/mt/no_cnv/smc_mudel_ld_stage_1/0006/indelsieve_median.probs	13038	375	13601	1666	0.8866974972796517	0.972042048758667	0.9274104634207064	0.0268317115054378	12650	163	15079	779	0.941991213046392	0.9872785452275034	0.9641033457815716	0.0106941346280015	10149	569	16880	1073	0.9043842452325788	0.946911737264415	0.9251595259799452	0.0326093185855922	1443	185	26640	403	0.7816901408450704	0.8863636363636364	0.8307426597582038	0.0068965517241379	1846	131	18	385	604	463	20698	355	0.629822732012513	0.5660731021555764	0.0218798733519209	0.596248766041461	5	0	22103	12	0.2941176470588235	1.0	0.0	0.4545454545454545	280	187	21572	81	0.775623268698061	0.5995717344753747	0.0085941449515143	0.6763285024154589	304	291	21248	277	0.5232358003442341	0.5109243697478991	0.0135103765263011	0.5170068027210885	249	25	28	52	0	0	22120	0	NA	NA	0.0	NA
40	5	20	0.001999	0.16334	3e-05	3e-06	0.0	0007	indelsieve	candidate_snvs	smc_mudel_ld_stage_1	mt	no_cnv	/raid/kang/DelSIEVE/simulation_results/IndelSIEVE_benchmark_pipeline_ld_203/benchmark_results/simulated_data/results/cell_names	/raid/kang/DelSIEVE/simulation_results/IndelSIEVE_benchmark_pipeline_ld_203/benchmark_results/indelsieve/from_candidate/variant_calling/mt/no_cnv/smc_mudel_ld_stage_1/0007/indelsieve_median.cell_names	/raid/kang/DelSIEVE/simulation_results/IndelSIEVE_benchmark_pipeline_ld_203/benchmark_results/simulated_data/results/data_type/no_cnv/0007/true_evo_events_sites_names	/raid/kang/DelSIEVE/simulation_results/IndelSIEVE_benchmark_pipeline_ld_203/benchmark_results/indelsieve/from_candidate/variant_calling/mt/no_cnv/smc_mudel_ld_stage_1/0007/indelsieve_median.loci_info	/raid/kang/DelSIEVE/simulation_results/IndelSIEVE_benchmark_pipeline_ld_203/benchmark_results/simulated_data/results/data_type/no_cnv/0007/true_evo_events_genotypes_numeric	/raid/kang/DelSIEVE/simulation_results/IndelSIEVE_benchmark_pipeline_ld_203/benchmark_results/indelsieve/from_candidate/variant_calling/mt/no_cnv/smc_mudel_ld_stage_1/0007/indelsieve_median.genotypes	/raid/kang/DelSIEVE/simulation_results/IndelSIEVE_benchmark_pipeline_ld_203/benchmark_results/simulated_data/results/data_type/no_cnv/0007/true_evo_events_ternary_matrix.simple	/raid/kang/DelSIEVE/simulation_results/IndelSIEVE_benchmark_pipeline_ld_203/benchmark_results/indelsieve/from_candidate/variant_calling/mt/no_cnv/smc_mudel_ld_stage_1/0007/indelsieve_median.ternary	/raid/kang/DelSIEVE/simulation_results/IndelSIEVE_benchmark_pipeline_ld_203/benchmark_results/indelsieve/from_candidate/variant_calling/mt/no_cnv/smc_mudel_ld_stage_1/0007/indelsieve_median.probs	13301	588	13231	1520	0.8974428176236421	0.9576643386852906	0.9265761058864506	0.0425501121644113	12636	130	15229	635	0.952151307361917	0.989816700610998	0.97061873487729	0.0084640927143694	9892	513	17289	936	0.9135574436645734	0.9506967803940414	0.9317571704422364	0.0288169868554095	1566	189	26511	364	0.81139896373057	0.8923076923076924	0.8499321573948441	0.0070786516853932	1930	110	10	354	1002	727	21371	500	0.6671105193075899	0.5795257374204743	0.0328989048782695	0.6202414113277623	15	0	23577	8	0.6521739130434783	1.0	0.0	0.7894736842105263	395	211	22876	118	0.7699805068226121	0.6518151815181518	0.0091393424871139	0.705987488829312	585	523	22111	381	0.6055900621118012	0.5279783393501805	0.0231068304320933	0.5641272902603663	363	18	31	84	0	0	23600	0	NA	NA	0.0	NA
40	5	20	0.001999	0.16334	3e-05	3e-06	0.0	0008	indelsieve	candidate_snvs	smc_mudel_ld_stage_1	mt	no_cnv	/raid/kang/DelSIEVE/simulation_results/IndelSIEVE_benchmark_pipeline_ld_203/benchmark_results/simulated_data/results/cell_names	/raid/kang/DelSIEVE/simulation_results/IndelSIEVE_benchmark_pipeline_ld_203/benchmark_results/indelsieve/from_candidate/variant_calling/mt/no_cnv/smc_mudel_ld_stage_1/0008/indelsieve_median.cell_names	/raid/kang/DelSIEVE/simulation_results/IndelSIEVE_benchmark_pipeline_ld_203/benchmark_results/simulated_data/results/data_type/no_cnv/0008/true_evo_events_sites_names	/raid/kang/DelSIEVE/simulation_results/IndelSIEVE_benchmark_pipeline_ld_203/benchmark_results/indelsieve/from_candidate/variant_calling/mt/no_cnv/smc_mudel_ld_stage_1/0008/indelsieve_median.loci_info	/raid/kang/DelSIEVE/simulation_results/IndelSIEVE_benchmark_pipeline_ld_203/benchmark_results/simulated_data/results/data_type/no_cnv/0008/true_evo_events_genotypes_numeric	/raid/kang/DelSIEVE/simulation_results/IndelSIEVE_benchmark_pipeline_ld_203/benchmark_results/indelsieve/from_candidate/variant_calling/mt/no_cnv/smc_mudel_ld_stage_1/0008/indelsieve_median.genotypes	/raid/kang/DelSIEVE/simulation_results/IndelSIEVE_benchmark_pipeline_ld_203/benchmark_results/simulated_data/results/data_type/no_cnv/0008/true_evo_events_ternary_matrix.simple	/raid/kang/DelSIEVE/simulation_results/IndelSIEVE_benchmark_pipeline_ld_203/benchmark_results/indelsieve/from_candidate/variant_calling/mt/no_cnv/smc_mudel_ld_stage_1/0008/indelsieve_median.ternary	/raid/kang/DelSIEVE/simulation_results/IndelSIEVE_benchmark_pipeline_ld_203/benchmark_results/indelsieve/from_candidate/variant_calling/mt/no_cnv/smc_mudel_ld_stage_1/0008/indelsieve_median.probs	9341	400	17205	1654	0.8495679854479309	0.9589364541628168	0.9009452160493826	0.0227208179494461	9096	198	18452	847	0.914814442321231	0.9786959328599096	0.945677600457452	0.0106166219839142	7747	475	19394	977	0.8880100871160018	0.9422281683288738	0.9143160627876786	0.0239065881523982	691	121	27542	239	0.7430107526881721	0.8509852216748769	0.7933409873708381	0.0043740736724144	930	187	6	233	410	297	20753	420	0.4939759036144578	0.57991513437058	0.0141092636579572	0.5335068314899154	0	0	21873	7	0.0	NA	0.0	NA	188	72	21519	101	0.6505190311418685	0.7230769230769231	0.0033347228011671	0.6848816029143898	215	232	21114	319	0.4026217228464419	0.4809843400447427	0.0108685468003373	0.4383282364933741	311	8	46	50	0	0	21880	0	NA	NA	0.0	NA
40	5	20	0.001999	0.16334	3e-05	3e-06	0.0	0009	indelsieve	candidate_snvs	smc_mudel_ld_stage_1	mt	no_cnv	/raid/kang/DelSIEVE/simulation_results/IndelSIEVE_benchmark_pipeline_ld_203/benchmark_results/simulated_data/results/cell_names	/raid/kang/DelSIEVE/simulation_results/IndelSIEVE_benchmark_pipeline_ld_203/benchmark_results/indelsieve/from_candidate/variant_calling/mt/no_cnv/smc_mudel_ld_stage_1/0009/indelsieve_median.cell_names	/raid/kang/DelSIEVE/simulation_results/IndelSIEVE_benchmark_pipeline_ld_203/benchmark_results/simulated_data/results/data_type/no_cnv/0009/true_evo_events_sites_names	/raid/kang/DelSIEVE/simulation_results/IndelSIEVE_benchmark_pipeline_ld_203/benchmark_results/indelsieve/from_candidate/variant_calling/mt/no_cnv/smc_mudel_ld_stage_1/0009/indelsieve_median.loci_info	/raid/kang/DelSIEVE/simulation_results/IndelSIEVE_benchmark_pipeline_ld_203/benchmark_results/simulated_data/results/data_type/no_cnv/0009/true_evo_events_genotypes_numeric	/raid/kang/DelSIEVE/simulation_results/IndelSIEVE_benchmark_pipeline_ld_203/benchmark_results/indelsieve/from_candidate/variant_calling/mt/no_cnv/smc_mudel_ld_stage_1/0009/indelsieve_median.genotypes	/raid/kang/DelSIEVE/simulation_results/IndelSIEVE_benchmark_pipeline_ld_203/benchmark_results/simulated_data/results/data_type/no_cnv/0009/true_evo_events_ternary_matrix.simple	/raid/kang/DelSIEVE/simulation_results/IndelSIEVE_benchmark_pipeline_ld_203/benchmark_results/indelsieve/from_candidate/variant_calling/mt/no_cnv/smc_mudel_ld_stage_1/0009/indelsieve_median.ternary	/raid/kang/DelSIEVE/simulation_results/IndelSIEVE_benchmark_pipeline_ld_203/benchmark_results/indelsieve/from_candidate/variant_calling/mt/no_cnv/smc_mudel_ld_stage_1/0009/indelsieve_median.probs	11853	317	6965	1305	0.9008207934336524	0.9739523418241578	0.9359602021478206	0.0435319967042021	11400	146	8419	456	0.9615384615384616	0.9873549281136323	0.9742757029313732	0.0170461179217746	8327	573	10955	566	0.936354436073316	0.9356179775280898	0.9359860619344686	0.0497050659264399	1869	212	17938	402	0.8229854689564069	0.8981259010091303	0.8589154411764706	0.0116804407713498	2271	107	5	397	961	228	16625	546	0.6376907763769077	0.808242220353238	0.0135287485907553	0.7129080118694362	65	0	18285	10	0.8666666666666667	1.0	0.0	0.9285714285714286	546	19	17649	146	0.7890173410404624	0.9663716814159292	0.0010753905365632	0.8687350835322196	337	222	17398	403	0.4554054054054054	0.6028622540250447	0.0125993189557321	0.518860662047729	371	31	38	104	0	0	18360	0	NA	NA	0.0	NA
40	5	20	0.001999	0.16334	3e-05	3e-06	0.0	0010	indelsieve	candidate_snvs	smc_mudel_ld_stage_1	mt	no_cnv	/raid/kang/DelSIEVE/simulation_results/IndelSIEVE_benchmark_pipeline_ld_203/benchmark_results/simulated_data/results/cell_names	/raid/kang/DelSIEVE/simulation_results/IndelSIEVE_benchmark_pipeline_ld_203/benchmark_results/indelsieve/from_candidate/variant_calling/mt/no_cnv/smc_mudel_ld_stage_1/0010/indelsieve_mode_gaussian.cell_names	/raid/kang/DelSIEVE/simulation_results/IndelSIEVE_benchmark_pipeline_ld_203/benchmark_results/simulated_data/results/data_type/no_cnv/0010/true_evo_events_sites_names	/raid/kang/DelSIEVE/simulation_results/IndelSIEVE_benchmark_pipeline_ld_203/benchmark_results/indelsieve/from_candidate/variant_calling/mt/no_cnv/smc_mudel_ld_stage_1/0010/indelsieve_mode_gaussian.loci_info	/raid/kang/DelSIEVE/simulation_results/IndelSIEVE_benchmark_pipeline_ld_203/benchmark_results/simulated_data/results/data_type/no_cnv/0010/true_evo_events_genotypes_numeric	/raid/kang/DelSIEVE/simulation_results/IndelSIEVE_benchmark_pipeline_ld_203/benchmark_results/indelsieve/from_candidate/variant_calling/mt/no_cnv/smc_mudel_ld_stage_1/0010/indelsieve_mode_gaussian.genotypes	/raid/kang/DelSIEVE/simulation_results/IndelSIEVE_benchmark_pipeline_ld_203/benchmark_results/simulated_data/results/data_type/no_cnv/0010/true_evo_events_ternary_matrix.simple	/raid/kang/DelSIEVE/simulation_results/IndelSIEVE_benchmark_pipeline_ld_203/benchmark_results/indelsieve/from_candidate/variant_calling/mt/no_cnv/smc_mudel_ld_stage_1/0010/indelsieve_mode_gaussian.ternary	/raid/kang/DelSIEVE/simulation_results/IndelSIEVE_benchmark_pipeline_ld_203/benchmark_results/indelsieve/from_candidate/variant_calling/mt/no_cnv/smc_mudel_ld_stage_1/0010/indelsieve_mode_gaussian.probs	9434	246	12138	1622	0.8532923299565847	0.974586776859504	0.9099151234567904	0.0198643410852713	9162	177	13181	909	0.9097408400357462	0.9810472213299068	0.944049459041731	0.0132504865997903	7340	551	14494	1044	0.8754770992366412	0.930173615511342	0.9019969278033794	0.0366234629444998	1075	123	21884	347	0.7559774964838256	0.8973288814691152	0.8206106870229009	0.005589130731131	1422	157	14	332	461	130	16423	306	0.6010430247718384	0.7800338409475466	0.007853561287984	0.678939617083947	0	0	17316	4	0.0	NA	0.0	NA	213	37	17018	52	0.8037735849056604	0.852	0.0021694517736734	0.8271844660194175	245	96	16726	253	0.4919678714859438	0.718475073313783	0.0057068125074307	0.5840286054827175	233	20	42	6	0	0	17320	0	NA	NA	0.0	NA
40	5	20	0.001999	0.16334	3e-05	3e-06	0.0	0001	sieve	candidate_snvs	smc_mu_ld_stage_1-smc_mu_ld_stage_2	mt	no_cnv	/raid/kang/DelSIEVE/simulation_results/IndelSIEVE_benchmark_pipeline_ld_203/benchmark_results/simulated_data/results/cell_names	/raid/kang/DelSIEVE/simulation_results/IndelSIEVE_benchmark_pipeline_ld_203/benchmark_results/indelsieve/from_candidate/variant_calling/stage2/mt/no_cnv/smc_mu_ld_stage_1-smc_mu_ld_stage_2/0001/indelsieve_median.cell_names	/raid/kang/DelSIEVE/simulation_results/IndelSIEVE_benchmark_pipeline_ld_203/benchmark_results/simulated_data/results/data_type/no_cnv/0001/true_evo_events_sites_names	/raid/kang/DelSIEVE/simulation_results/IndelSIEVE_benchmark_pipeline_ld_203/benchmark_results/indelsieve/from_candidate/variant_calling/stage2/mt/no_cnv/smc_mu_ld_stage_1-smc_mu_ld_stage_2/0001/indelsieve_median.loci_info	/raid/kang/DelSIEVE/simulation_results/IndelSIEVE_benchmark_pipeline_ld_203/benchmark_results/simulated_data/results/data_type/no_cnv/0001/true_evo_events_genotypes_numeric	/raid/kang/DelSIEVE/simulation_results/IndelSIEVE_benchmark_pipeline_ld_203/benchmark_results/indelsieve/from_candidate/variant_calling/stage2/mt/no_cnv/smc_mu_ld_stage_1-smc_mu_ld_stage_2/0001/indelsieve_median.genotypes	/raid/kang/DelSIEVE/simulation_results/IndelSIEVE_benchmark_pipeline_ld_203/benchmark_results/simulated_data/results/data_type/no_cnv/0001/true_evo_events_ternary_matrix.simple	/raid/kang/DelSIEVE/simulation_results/IndelSIEVE_benchmark_pipeline_ld_203/benchmark_results/indelsieve/from_candidate/variant_calling/stage2/mt/no_cnv/smc_mu_ld_stage_1-smc_mu_ld_stage_2/0001/indelsieve_median.ternary	/raid/kang/DelSIEVE/simulation_results/IndelSIEVE_benchmark_pipeline_ld_203/benchmark_results/indelsieve/from_candidate/variant_calling/stage2/mt/no_cnv/smc_mu_ld_stage_1-smc_mu_ld_stage_2/0001/indelsieve_median.probs	9621	310	16767	1942	0.8320505059240682	0.9687846138354648	0.8952265748581	0.0181530713825613	9581	350	17898	799	0.9230250481695568	0.9647568220722988	0.9434296686524544	0.0191801841297676	8283	784	18732	829	0.9090210711150132	0.9135325907135768	0.9112712470432918	0.0401721664275466	678	186	27429	335	0.6692991115498519	0.7847222222222222	0.7224294086307939	0.0067354698533405	1013	310	6	329	0	0	20606	874	0.0	NA	0.0	NA	0	0	21480	0	NA	NA	0.0	NA	0	0	21225	255	0.0	NA	0.0	NA	0	0	20861	619	0.0	NA	0.0	NA	579	39	106	144	0	0	21480	0	NA	NA	0.0	NA
40	5	20	0.001999	0.16334	3e-05	3e-06	0.0	0001	indelsieve	candidate_snvs	smc_mudel_ld_stage_1-smc_mudel_ld_stage_2	mt	no_cnv	/raid/kang/DelSIEVE/simulation_results/IndelSIEVE_benchmark_pipeline_ld_203/benchmark_results/simulated_data/results/cell_names	/raid/kang/DelSIEVE/simulation_results/IndelSIEVE_benchmark_pipeline_ld_203/benchmark_results/indelsieve/from_candidate/variant_calling/stage2/mt/no_cnv/smc_mudel_ld_stage_1-smc_mudel_ld_stage_2/0001/indelsieve_median.cell_names	/raid/kang/DelSIEVE/simulation_results/IndelSIEVE_benchmark_pipeline_ld_203/benchmark_results/simulated_data/results/data_type/no_cnv/0001/true_evo_events_sites_names	/raid/kang/DelSIEVE/simulation_results/IndelSIEVE_benchmark_pipeline_ld_203/benchmark_results/indelsieve/from_candidate/variant_calling/stage2/mt/no_cnv/smc_mudel_ld_stage_1-smc_mudel_ld_stage_2/0001/indelsieve_median.loci_info	/raid/kang/DelSIEVE/simulation_results/IndelSIEVE_benchmark_pipeline_ld_203/benchmark_results/simulated_data/results/data_type/no_cnv/0001/true_evo_events_genotypes_numeric	/raid/kang/DelSIEVE/simulation_results/IndelSIEVE_benchmark_pipeline_ld_203/benchmark_results/indelsieve/from_candidate/variant_calling/stage2/mt/no_cnv/smc_mudel_ld_stage_1-smc_mudel_ld_stage_2/0001/indelsieve_median.genotypes	/raid/kang/DelSIEVE/simulation_results/IndelSIEVE_benchmark_pipeline_ld_203/benchmark_results/simulated_data/results/data_type/no_cnv/0001/true_evo_events_ternary_matrix.simple	/raid/kang/DelSIEVE/simulation_results/IndelSIEVE_benchmark_pipeline_ld_203/benchmark_results/indelsieve/from_candidate/variant_calling/stage2/mt/no_cnv/smc_mudel_ld_stage_1-smc_mudel_ld_stage_2/0001/indelsieve_median.ternary	/raid/kang/DelSIEVE/simulation_results/IndelSIEVE_benchmark_pipeline_ld_203/benchmark_results/indelsieve/from_candidate/variant_calling/stage2/mt/no_cnv/smc_mudel_ld_stage_1-smc_mudel_ld_stage_2/0001/indelsieve_median.probs	9743	333	16744	1820	0.8426014010204964	0.9669511710996428	0.9005037201349416	0.0194999121625578	9572	344	17904	808	0.9221579961464356	0.9653085921742638	0.9432400472999606	0.0188513809732573	8264	746	18743	875	0.9042564832038515	0.9172031076581576	0.910683784230536	0.0382780029760377	646	81	27561	340	0.6551724137931034	0.8885832187070152	0.7542323409223586	0.0029303234208812	986	307	6	334	253	86	20520	621	0.2894736842105263	0.7463126843657817	0.0041735416868873	0.4171475680131904	0	0	21480	0	NA	NA	0.0	NA	125	54	21171	130	0.4901960784313725	0.6983240223463687	0.0025441696113074	0.576036866359447	124	36	20825	495	0.2003231017770597	0.775	0.0017257082594314	0.3183568677792041	458	34	71	54	0	0	21480	0	NA	NA	0.0	NA
40	5	20	0.001999	0.16334	3e-05	3e-06	0.0	0002	sieve	candidate_snvs	smc_mu_ld_stage_1-smc_mu_ld_stage_2	mt	no_cnv	/raid/kang/DelSIEVE/simulation_results/IndelSIEVE_benchmark_pipeline_ld_203/benchmark_results/simulated_data/results/cell_names	/raid/kang/DelSIEVE/simulation_results/IndelSIEVE_benchmark_pipeline_ld_203/benchmark_results/indelsieve/from_candidate/variant_calling/stage2/mt/no_cnv/smc_mu_ld_stage_1-smc_mu_ld_stage_2/0002/indelsieve_median.cell_names	/raid/kang/DelSIEVE/simulation_results/IndelSIEVE_benchmark_pipeline_ld_203/benchmark_results/simulated_data/results/data_type/no_cnv/0002/true_evo_events_sites_names	/raid/kang/DelSIEVE/simulation_results/IndelSIEVE_benchmark_pipeline_ld_203/benchmark_results/indelsieve/from_candidate/variant_calling/stage2/mt/no_cnv/smc_mu_ld_stage_1-smc_mu_ld_stage_2/0002/indelsieve_median.loci_info	/raid/kang/DelSIEVE/simulation_results/IndelSIEVE_benchmark_pipeline_ld_203/benchmark_results/simulated_data/results/data_type/no_cnv/0002/true_evo_events_genotypes_numeric	/raid/kang/DelSIEVE/simulation_results/IndelSIEVE_benchmark_pipeline_ld_203/benchmark_results/indelsieve/from_candidate/variant_calling/stage2/mt/no_cnv/smc_mu_ld_stage_1-smc_mu_ld_stage_2/0002/indelsieve_median.genotypes	/raid/kang/DelSIEVE/simulation_results/IndelSIEVE_benchmark_pipeline_ld_203/benchmark_results/simulated_data/results/data_type/no_cnv/0002/true_evo_events_ternary_matrix.simple	/raid/kang/DelSIEVE/simulation_results/IndelSIEVE_benchmark_pipeline_ld_203/benchmark_results/indelsieve/from_candidate/variant_calling/stage2/mt/no_cnv/smc_mu_ld_stage_1-smc_mu_ld_stage_2/0002/indelsieve_median.ternary	/raid/kang/DelSIEVE/simulation_results/IndelSIEVE_benchmark_pipeline_ld_203/benchmark_results/indelsieve/from_candidate/variant_calling/stage2/mt/no_cnv/smc_mu_ld_stage_1-smc_mu_ld_stage_2/0002/indelsieve_median.probs	10046	287	16478	1629	0.8604710920770878	0.9722249104809833	0.9129407488186114	0.0171189979123173	9995	338	17296	800	0.9258916164891152	0.9672892673957224	0.9461378265808406	0.0191675172961324	8560	797	18271	801	0.9144322187800448	0.9148231270706424	0.9146276311571748	0.0417977763792741	835	141	27078	375	0.6900826446280992	0.8555327868852459	0.7639524245196706	0.0051802050038575	1210	287	13	362	0	0	21849	751	0.0	NA	0.0	NA	0	0	22597	3	0.0	NA	0.0	NA	0	0	22376	224	0.0	NA	0.0	NA	0	0	22076	524	0.0	NA	0.0	NA	476	48	100	121	0	0	22600	0	NA	NA	0.0	NA
40	5	20	0.001999	0.16334	3e-05	3e-06	0.0	0002	indelsieve	candidate_snvs	smc_mudel_ld_stage_1-smc_mudel_ld_stage_2	mt	no_cnv	/raid/kang/DelSIEVE/simulation_results/IndelSIEVE_benchmark_pipeline_ld_203/benchmark_results/simulated_data/results/cell_names	/raid/kang/DelSIEVE/simulation_results/IndelSIEVE_benchmark_pipeline_ld_203/benchmark_results/indelsieve/from_candidate/variant_calling/stage2/mt/no_cnv/smc_mudel_ld_stage_1-smc_mudel_ld_stage_2/0002/indelsieve_median.cell_names	/raid/kang/DelSIEVE/simulation_results/IndelSIEVE_benchmark_pipeline_ld_203/benchmark_results/simulated_data/results/data_type/no_cnv/0002/true_evo_events_sites_names	/raid/kang/DelSIEVE/simulation_results/IndelSIEVE_benchmark_pipeline_ld_203/benchmark_results/indelsieve/from_candidate/variant_calling/stage2/mt/no_cnv/smc_mudel_ld_stage_1-smc_mudel_ld_stage_2/0002/indelsieve_median.loci_info	/raid/kang/DelSIEVE/simulation_results/IndelSIEVE_benchmark_pipeline_ld_203/benchmark_results/simulated_data/results/data_type/no_cnv/0002/true_evo_events_genotypes_numeric	/raid/kang/DelSIEVE/simulation_results/IndelSIEVE_benchmark_pipeline_ld_203/benchmark_results/indelsieve/from_candidate/variant_calling/stage2/mt/no_cnv/smc_mudel_ld_stage_1-smc_mudel_ld_stage_2/0002/indelsieve_median.genotypes	/raid/kang/DelSIEVE/simulation_results/IndelSIEVE_benchmark_pipeline_ld_203/benchmark_results/simulated_data/results/data_type/no_cnv/0002/true_evo_events_ternary_matrix.simple	/raid/kang/DelSIEVE/simulation_results/IndelSIEVE_benchmark_pipeline_ld_203/benchmark_results/indelsieve/from_candidate/variant_calling/stage2/mt/no_cnv/smc_mudel_ld_stage_1-smc_mudel_ld_stage_2/0002/indelsieve_median.ternary	/raid/kang/DelSIEVE/simulation_results/IndelSIEVE_benchmark_pipeline_ld_203/benchmark_results/indelsieve/from_candidate/variant_calling/stage2/mt/no_cnv/smc_mudel_ld_stage_1-smc_mudel_ld_stage_2/0002/indelsieve_median.probs	10079	284	16481	1596	0.8632976445396146	0.9725948084531506	0.914692803339686	0.0169400536832687	9993	335	17299	802	0.925706345530338	0.967563903950426	0.9461724186905268	0.0189973914029715	8555	794	18274	806	0.9138980878111312	0.9150711306022036	0.9144842330304648	0.0416404447241451	830	144	27075	380	0.6859504132231405	0.8521560574948666	0.76007326007326	0.0052904221315992	1210	284	13	367	40	0	21849	711	0.0532623169107856	1.0	0.0	0.1011378002528445	0	0	22597	3	0.0	NA	0.0	NA	5	0	22376	219	0.0223214285714285	1.0	0.0	0.0436681222707423	35	0	22076	489	0.0667938931297709	1.0	0.0	0.1252236135957066	441	48	95	121	0	0	22600	0	NA	NA	0.0	NA
40	5	20	0.001999	0.16334	3e-05	3e-06	0.0	0003	sieve	candidate_snvs	smc_mu_ld_stage_1-smc_mu_ld_stage_2	mt	no_cnv	/raid/kang/DelSIEVE/simulation_results/IndelSIEVE_benchmark_pipeline_ld_203/benchmark_results/simulated_data/results/cell_names	/raid/kang/DelSIEVE/simulation_results/IndelSIEVE_benchmark_pipeline_ld_203/benchmark_results/indelsieve/from_candidate/variant_calling/stage2/mt/no_cnv/smc_mu_ld_stage_1-smc_mu_ld_stage_2/0003/indelsieve_median.cell_names	/raid/kang/DelSIEVE/simulation_results/IndelSIEVE_benchmark_pipeline_ld_203/benchmark_results/simulated_data/results/data_type/no_cnv/0003/true_evo_events_sites_names	/raid/kang/DelSIEVE/simulation_results/IndelSIEVE_benchmark_pipeline_ld_203/benchmark_results/indelsieve/from_candidate/variant_calling/stage2/mt/no_cnv/smc_mu_ld_stage_1-smc_mu_ld_stage_2/0003/indelsieve_median.loci_info	/raid/kang/DelSIEVE/simulation_results/IndelSIEVE_benchmark_pipeline_ld_203/benchmark_results/simulated_data/results/data_type/no_cnv/0003/true_evo_events_genotypes_numeric	/raid/kang/DelSIEVE/simulation_results/IndelSIEVE_benchmark_pipeline_ld_203/benchmark_results/indelsieve/from_candidate/variant_calling/stage2/mt/no_cnv/smc_mu_ld_stage_1-smc_mu_ld_stage_2/0003/indelsieve_median.genotypes	/raid/kang/DelSIEVE/simulation_results/IndelSIEVE_benchmark_pipeline_ld_203/benchmark_results/simulated_data/results/data_type/no_cnv/0003/true_evo_events_ternary_matrix.simple	/raid/kang/DelSIEVE/simulation_results/IndelSIEVE_benchmark_pipeline_ld_203/benchmark_results/indelsieve/from_candidate/variant_calling/stage2/mt/no_cnv/smc_mu_ld_stage_1-smc_mu_ld_stage_2/0003/indelsieve_median.ternary	/raid/kang/DelSIEVE/simulation_results/IndelSIEVE_benchmark_pipeline_ld_203/benchmark_results/indelsieve/from_candidate/variant_calling/stage2/mt/no_cnv/smc_mu_ld_stage_1-smc_mu_ld_stage_2/0003/indelsieve_median.probs	9334	324	16861	2001	0.823467137185708	0.9664526817146408	0.8892487972181202	0.0188536514402094	9299	359	17983	865	0.914895710350256	0.9628287430109752	0.9382504288164664	0.0195725656962163	8179	863	18599	865	0.9043564794338788	0.9045565140455653	0.9044564856795312	0.0443428219093618	498	118	27472	418	0.5436681222707423	0.8084415584415584	0.6501305483028721	0.0042769119246103	916	324	20	398	0	0	20133	907	0.0	NA	0.0	NA	0	0	21038	2	0.0	NA	0.0	NA	0	0	20836	204	0.0	NA	0.0	NA	0	0	20339	701	0.0	NA	0.0	NA	666	35	106	95	0	0	21040	0	NA	NA	0.0	NA
40	5	20	0.001999	0.16334	3e-05	3e-06	0.0	0003	indelsieve	candidate_snvs	smc_mudel_ld_stage_1-smc_mudel_ld_stage_2	mt	no_cnv	/raid/kang/DelSIEVE/simulation_results/IndelSIEVE_benchmark_pipeline_ld_203/benchmark_results/simulated_data/results/cell_names	/raid/kang/DelSIEVE/simulation_results/IndelSIEVE_benchmark_pipeline_ld_203/benchmark_results/indelsieve/from_candidate/variant_calling/stage2/mt/no_cnv/smc_mudel_ld_stage_1-smc_mudel_ld_stage_2/0003/indelsieve_median.cell_names	/raid/kang/DelSIEVE/simulation_results/IndelSIEVE_benchmark_pipeline_ld_203/benchmark_results/simulated_data/results/data_type/no_cnv/0003/true_evo_events_sites_names	/raid/kang/DelSIEVE/simulation_results/IndelSIEVE_benchmark_pipeline_ld_203/benchmark_results/indelsieve/from_candidate/variant_calling/stage2/mt/no_cnv/smc_mudel_ld_stage_1-smc_mudel_ld_stage_2/0003/indelsieve_median.loci_info	/raid/kang/DelSIEVE/simulation_results/IndelSIEVE_benchmark_pipeline_ld_203/benchmark_results/simulated_data/results/data_type/no_cnv/0003/true_evo_events_genotypes_numeric	/raid/kang/DelSIEVE/simulation_results/IndelSIEVE_benchmark_pipeline_ld_203/benchmark_results/indelsieve/from_candidate/variant_calling/stage2/mt/no_cnv/smc_mudel_ld_stage_1-smc_mudel_ld_stage_2/0003/indelsieve_median.genotypes	/raid/kang/DelSIEVE/simulation_results/IndelSIEVE_benchmark_pipeline_ld_203/benchmark_results/simulated_data/results/data_type/no_cnv/0003/true_evo_events_ternary_matrix.simple	/raid/kang/DelSIEVE/simulation_results/IndelSIEVE_benchmark_pipeline_ld_203/benchmark_results/indelsieve/from_candidate/variant_calling/stage2/mt/no_cnv/smc_mudel_ld_stage_1-smc_mudel_ld_stage_2/0003/indelsieve_median.ternary	/raid/kang/DelSIEVE/simulation_results/IndelSIEVE_benchmark_pipeline_ld_203/benchmark_results/indelsieve/from_candidate/variant_calling/stage2/mt/no_cnv/smc_mudel_ld_stage_1-smc_mudel_ld_stage_2/0003/indelsieve_median.probs	9454	346	16839	1881	0.8340538156153506	0.9646938775510204	0.8946297610598533	0.0201338376491126	9297	354	17988	867	0.91469893742621	0.9633198632266088	0.9383800151400454	0.019299967288191	8176	830	18632	868	0.9040247678018576	0.9078392182989118	0.9059279778393352	0.0426472099475901	502	72	27518	414	0.5480349344978166	0.8745644599303136	0.6738255033557048	0.0026096411743385	916	320	20	394	192	28	20105	715	0.2116868798235942	0.8727272727272727	0.0013907515025083	0.3407275953859804	0	0	21038	2	0.0	NA	0.0	NA	70	1	20835	134	0.3431372549019608	0.9859154929577464	4.799385678633135e-05	0.509090909090909	122	27	20312	579	0.1740370898716119	0.8187919463087249	0.0013274988937509	0.2870588235294117	545	34	82	49	0	0	21040	0	NA	NA	0.0	NA
40	5	20	0.001999	0.16334	3e-05	3e-06	0.0	0004	sieve	candidate_snvs	smc_mu_ld_stage_1-smc_mu_ld_stage_2	mt	no_cnv	/raid/kang/DelSIEVE/simulation_results/IndelSIEVE_benchmark_pipeline_ld_203/benchmark_results/simulated_data/results/cell_names	/raid/kang/DelSIEVE/simulation_results/IndelSIEVE_benchmark_pipeline_ld_203/benchmark_results/indelsieve/from_candidate/variant_calling/stage2/mt/no_cnv/smc_mu_ld_stage_1-smc_mu_ld_stage_2/0004/indelsieve_median.cell_names	/raid/kang/DelSIEVE/simulation_results/IndelSIEVE_benchmark_pipeline_ld_203/benchmark_results/simulated_data/results/data_type/no_cnv/0004/true_evo_events_sites_names	/raid/kang/DelSIEVE/simulation_results/IndelSIEVE_benchmark_pipeline_ld_203/benchmark_results/indelsieve/from_candidate/variant_calling/stage2/mt/no_cnv/smc_mu_ld_stage_1-smc_mu_ld_stage_2/0004/indelsieve_median.loci_info	/raid/kang/DelSIEVE/simulation_results/IndelSIEVE_benchmark_pipeline_ld_203/benchmark_results/simulated_data/results/data_type/no_cnv/0004/true_evo_events_genotypes_numeric	/raid/kang/DelSIEVE/simulation_results/IndelSIEVE_benchmark_pipeline_ld_203/benchmark_results/indelsieve/from_candidate/variant_calling/stage2/mt/no_cnv/smc_mu_ld_stage_1-smc_mu_ld_stage_2/0004/indelsieve_median.genotypes	/raid/kang/DelSIEVE/simulation_results/IndelSIEVE_benchmark_pipeline_ld_203/benchmark_results/simulated_data/results/data_type/no_cnv/0004/true_evo_events_ternary_matrix.simple	/raid/kang/DelSIEVE/simulation_results/IndelSIEVE_benchmark_pipeline_ld_203/benchmark_results/indelsieve/from_candidate/variant_calling/stage2/mt/no_cnv/smc_mu_ld_stage_1-smc_mu_ld_stage_2/0004/indelsieve_median.ternary	/raid/kang/DelSIEVE/simulation_results/IndelSIEVE_benchmark_pipeline_ld_203/benchmark_results/indelsieve/from_candidate/variant_calling/stage2/mt/no_cnv/smc_mu_ld_stage_1-smc_mu_ld_stage_2/0004/indelsieve_median.probs	8580	350	17885	1745	0.8309927360774818	0.9608062709966404	0.8911970916645027	0.019193857965451	8550	380	18707	903	0.904474769914313	0.9574468085106383	0.930207256704564	0.0199088384764499	7544	782	19283	931	0.8901474926253687	0.9060773480662984	0.898041783227189	0.0389733366558684	555	49	27573	363	0.6045751633986928	0.9188741721854304	0.7293035479632063	0.001773948302078	918	350	7	356	0	0	19562	318	0.0	NA	0.0	NA	0	0	19880	0	NA	NA	0.0	NA	0	0	19820	60	0.0	NA	0.0	NA	0	0	19622	258	0.0	NA	0.0	NA	228	30	46	14	0	0	19880	0	NA	NA	0.0	NA
40	5	20	0.001999	0.16334	3e-05	3e-06	0.0	0004	indelsieve	candidate_snvs	smc_mudel_ld_stage_1-smc_mudel_ld_stage_2	mt	no_cnv	/raid/kang/DelSIEVE/simulation_results/IndelSIEVE_benchmark_pipeline_ld_203/benchmark_results/simulated_data/results/cell_names	/raid/kang/DelSIEVE/simulation_results/IndelSIEVE_benchmark_pipeline_ld_203/benchmark_results/indelsieve/from_candidate/variant_calling/stage2/mt/no_cnv/smc_mudel_ld_stage_1-smc_mudel_ld_stage_2/0004/indelsieve_median.cell_names	/raid/kang/DelSIEVE/simulation_results/IndelSIEVE_benchmark_pipeline_ld_203/benchmark_results/simulated_data/results/data_type/no_cnv/0004/true_evo_events_sites_names	/raid/kang/DelSIEVE/simulation_results/IndelSIEVE_benchmark_pipeline_ld_203/benchmark_results/indelsieve/from_candidate/variant_calling/stage2/mt/no_cnv/smc_mudel_ld_stage_1-smc_mudel_ld_stage_2/0004/indelsieve_median.loci_info	/raid/kang/DelSIEVE/simulation_results/IndelSIEVE_benchmark_pipeline_ld_203/benchmark_results/simulated_data/results/data_type/no_cnv/0004/true_evo_events_genotypes_numeric	/raid/kang/DelSIEVE/simulation_results/IndelSIEVE_benchmark_pipeline_ld_203/benchmark_results/indelsieve/from_candidate/variant_calling/stage2/mt/no_cnv/smc_mudel_ld_stage_1-smc_mudel_ld_stage_2/0004/indelsieve_median.genotypes	/raid/kang/DelSIEVE/simulation_results/IndelSIEVE_benchmark_pipeline_ld_203/benchmark_results/simulated_data/results/data_type/no_cnv/0004/true_evo_events_ternary_matrix.simple	/raid/kang/DelSIEVE/simulation_results/IndelSIEVE_benchmark_pipeline_ld_203/benchmark_results/indelsieve/from_candidate/variant_calling/stage2/mt/no_cnv/smc_mudel_ld_stage_1-smc_mudel_ld_stage_2/0004/indelsieve_median.ternary	/raid/kang/DelSIEVE/simulation_results/IndelSIEVE_benchmark_pipeline_ld_203/benchmark_results/indelsieve/from_candidate/variant_calling/stage2/mt/no_cnv/smc_mudel_ld_stage_1-smc_mudel_ld_stage_2/0004/indelsieve_median.probs	8585	377	17858	1740	0.8314769975786925	0.9579334969872796	0.8902369471664853	0.0206745270085001	8549	376	18711	904	0.904368983391516	0.9578711484593836	0.9303515072369136	0.0196992717556452	7543	778	19284	935	0.8897145553196508	0.9065016224011536	0.8980296446217038	0.0387797826737114	552	49	27576	363	0.6032786885245902	0.91846921797005	0.7282321899736147	0.0017737556561085	915	346	7	356	4	36	19526	314	0.0125786163522012	0.1	0.0018403026275431	0.0223463687150838	0	0	19880	0	NA	NA	0.0	NA	0	3	19817	60	0.0	0.0	0.000151362260343	NA	4	33	19589	254	0.0155038759689922	0.1081081081081081	0.001681785750688	0.0271186440677966	224	30	46	14	0	0	19880	0	NA	NA	0.0	NA
40	5	20	0.001999	0.16334	3e-05	3e-06	0.0	0005	sieve	candidate_snvs	smc_mu_ld_stage_1-smc_mu_ld_stage_2	mt	no_cnv	/raid/kang/DelSIEVE/simulation_results/IndelSIEVE_benchmark_pipeline_ld_203/benchmark_results/simulated_data/results/cell_names	/raid/kang/DelSIEVE/simulation_results/IndelSIEVE_benchmark_pipeline_ld_203/benchmark_results/indelsieve/from_candidate/variant_calling/stage2/mt/no_cnv/smc_mu_ld_stage_1-smc_mu_ld_stage_2/0005/indelsieve_median.cell_names	/raid/kang/DelSIEVE/simulation_results/IndelSIEVE_benchmark_pipeline_ld_203/benchmark_results/simulated_data/results/data_type/no_cnv/0005/true_evo_events_sites_names	/raid/kang/DelSIEVE/simulation_results/IndelSIEVE_benchmark_pipeline_ld_203/benchmark_results/indelsieve/from_candidate/variant_calling/stage2/mt/no_cnv/smc_mu_ld_stage_1-smc_mu_ld_stage_2/0005/indelsieve_median.loci_info	/raid/kang/DelSIEVE/simulation_results/IndelSIEVE_benchmark_pipeline_ld_203/benchmark_results/simulated_data/results/data_type/no_cnv/0005/true_evo_events_genotypes_numeric	/raid/kang/DelSIEVE/simulation_results/IndelSIEVE_benchmark_pipeline_ld_203/benchmark_results/indelsieve/from_candidate/variant_calling/stage2/mt/no_cnv/smc_mu_ld_stage_1-smc_mu_ld_stage_2/0005/indelsieve_median.genotypes	/raid/kang/DelSIEVE/simulation_results/IndelSIEVE_benchmark_pipeline_ld_203/benchmark_results/simulated_data/results/data_type/no_cnv/0005/true_evo_events_ternary_matrix.simple	/raid/kang/DelSIEVE/simulation_results/IndelSIEVE_benchmark_pipeline_ld_203/benchmark_results/indelsieve/from_candidate/variant_calling/stage2/mt/no_cnv/smc_mu_ld_stage_1-smc_mu_ld_stage_2/0005/indelsieve_median.ternary	/raid/kang/DelSIEVE/simulation_results/IndelSIEVE_benchmark_pipeline_ld_203/benchmark_results/indelsieve/from_candidate/variant_calling/stage2/mt/no_cnv/smc_mu_ld_stage_1-smc_mu_ld_stage_2/0005/indelsieve_median.probs	10004	324	10898	1494	0.8700643590189598	0.9686289697908598	0.9167048474296712	0.02887185884869	9940	388	11738	647	0.9388873146311514	0.9624322230828816	0.9505139851781018	0.0319973610423882	8091	931	12985	706	0.919745367739002	0.8968078031478608	0.9081317694595656	0.0669014084507042	1005	301	20957	450	0.6907216494845361	0.7695252679938744	0.7279971024990946	0.0141593752940069	1455	324	5	445	0	0	17977	903	0.0	NA	0.0	NA	0	0	18860	20	0.0	NA	0.0	NA	0	0	18545	335	0.0	NA	0.0	NA	0	0	18332	548	0.0	NA	0.0	NA	484	63	99	231	0	0	18880	0	NA	NA	0.0	NA
40	5	20	0.001999	0.16334	3e-05	3e-06	0.0	0005	indelsieve	candidate_snvs	smc_mudel_ld_stage_1-smc_mudel_ld_stage_2	mt	no_cnv	/raid/kang/DelSIEVE/simulation_results/IndelSIEVE_benchmark_pipeline_ld_203/benchmark_results/simulated_data/results/cell_names	/raid/kang/DelSIEVE/simulation_results/IndelSIEVE_benchmark_pipeline_ld_203/benchmark_results/indelsieve/from_candidate/variant_calling/stage2/mt/no_cnv/smc_mudel_ld_stage_1-smc_mudel_ld_stage_2/0005/indelsieve_median.cell_names	/raid/kang/DelSIEVE/simulation_results/IndelSIEVE_benchmark_pipeline_ld_203/benchmark_results/simulated_data/results/data_type/no_cnv/0005/true_evo_events_sites_names	/raid/kang/DelSIEVE/simulation_results/IndelSIEVE_benchmark_pipeline_ld_203/benchmark_results/indelsieve/from_candidate/variant_calling/stage2/mt/no_cnv/smc_mudel_ld_stage_1-smc_mudel_ld_stage_2/0005/indelsieve_median.loci_info	/raid/kang/DelSIEVE/simulation_results/IndelSIEVE_benchmark_pipeline_ld_203/benchmark_results/simulated_data/results/data_type/no_cnv/0005/true_evo_events_genotypes_numeric	/raid/kang/DelSIEVE/simulation_results/IndelSIEVE_benchmark_pipeline_ld_203/benchmark_results/indelsieve/from_candidate/variant_calling/stage2/mt/no_cnv/smc_mudel_ld_stage_1-smc_mudel_ld_stage_2/0005/indelsieve_median.genotypes	/raid/kang/DelSIEVE/simulation_results/IndelSIEVE_benchmark_pipeline_ld_203/benchmark_results/simulated_data/results/data_type/no_cnv/0005/true_evo_events_ternary_matrix.simple	/raid/kang/DelSIEVE/simulation_results/IndelSIEVE_benchmark_pipeline_ld_203/benchmark_results/indelsieve/from_candidate/variant_calling/stage2/mt/no_cnv/smc_mudel_ld_stage_1-smc_mudel_ld_stage_2/0005/indelsieve_median.ternary	/raid/kang/DelSIEVE/simulation_results/IndelSIEVE_benchmark_pipeline_ld_203/benchmark_results/indelsieve/from_candidate/variant_calling/stage2/mt/no_cnv/smc_mudel_ld_stage_1-smc_mudel_ld_stage_2/0005/indelsieve_median.probs	10105	433	10789	1393	0.8788484953905027	0.9589106092237616	0.9171355962969686	0.0385849224737123	9936	390	11736	651	0.938509492774157	0.9622312608948286	0.9502223497346148	0.0321622958931222	8078	883	12992	760	0.9140076940484272	0.9014618904140164	0.9076914433395136	0.0636396396396396	983	194	21105	431	0.6951909476661952	0.8351741716227697	0.7587803936703975	0.0091084088454857	1414	326	5	426	216	184	17793	687	0.2392026578073089	0.54	0.0102353006619569	0.3315425940138143	0	0	18860	20	0.0	NA	0.0	NA	119	69	18476	216	0.3552238805970149	0.6329787234042553	0.0037206794284173	0.4550669216061185	95	117	18215	453	0.1733576642335766	0.4481132075471698	0.0063822823478071	0.25	389	63	68	143	0	0	18880	0	NA	NA	0.0	NA
40	5	20	0.001999	0.16334	3e-05	3e-06	0.0	0006	sieve	candidate_snvs	smc_mu_ld_stage_1-smc_mu_ld_stage_2	mt	no_cnv	/raid/kang/DelSIEVE/simulation_results/IndelSIEVE_benchmark_pipeline_ld_203/benchmark_results/simulated_data/results/cell_names	/raid/kang/DelSIEVE/simulation_results/IndelSIEVE_benchmark_pipeline_ld_203/benchmark_results/indelsieve/from_candidate/variant_calling/stage2/mt/no_cnv/smc_mu_ld_stage_1-smc_mu_ld_stage_2/0006/indelsieve_median.cell_names	/raid/kang/DelSIEVE/simulation_results/IndelSIEVE_benchmark_pipeline_ld_203/benchmark_results/simulated_data/results/data_type/no_cnv/0006/true_evo_events_sites_names	/raid/kang/DelSIEVE/simulation_results/IndelSIEVE_benchmark_pipeline_ld_203/benchmark_results/indelsieve/from_candidate/variant_calling/stage2/mt/no_cnv/smc_mu_ld_stage_1-smc_mu_ld_stage_2/0006/indelsieve_median.loci_info	/raid/kang/DelSIEVE/simulation_results/IndelSIEVE_benchmark_pipeline_ld_203/benchmark_results/simulated_data/results/data_type/no_cnv/0006/true_evo_events_genotypes_numeric	/raid/kang/DelSIEVE/simulation_results/IndelSIEVE_benchmark_pipeline_ld_203/benchmark_results/indelsieve/from_candidate/variant_calling/stage2/mt/no_cnv/smc_mu_ld_stage_1-smc_mu_ld_stage_2/0006/indelsieve_median.genotypes	/raid/kang/DelSIEVE/simulation_results/IndelSIEVE_benchmark_pipeline_ld_203/benchmark_results/simulated_data/results/data_type/no_cnv/0006/true_evo_events_ternary_matrix.simple	/raid/kang/DelSIEVE/simulation_results/IndelSIEVE_benchmark_pipeline_ld_203/benchmark_results/indelsieve/from_candidate/variant_calling/stage2/mt/no_cnv/smc_mu_ld_stage_1-smc_mu_ld_stage_2/0006/indelsieve_median.ternary	/raid/kang/DelSIEVE/simulation_results/IndelSIEVE_benchmark_pipeline_ld_203/benchmark_results/indelsieve/from_candidate/variant_calling/stage2/mt/no_cnv/smc_mu_ld_stage_1-smc_mu_ld_stage_2/0006/indelsieve_median.probs	12813	242	13734	1891	0.8713955386289445	0.9814630409804672	0.9231600561979898	0.0173153978248425	12775	280	14962	654	0.9512994266140442	0.9785522788203752	0.9647334239540856	0.018370292612518	10442	893	16656	680	0.9388599172810644	0.921217468019409	0.9299550251591931	0.0508860903755199	1433	287	26438	513	0.736382322713258	0.833139534883721	0.7817785051827605	0.0107390084190832	1946	242	18	495	0	0	21161	959	0.0	NA	0.0	NA	0	0	22103	17	0.0	NA	0.0	NA	0	0	21759	361	0.0	NA	0.0	NA	0	0	21539	581	0.0	NA	0.0	NA	551	29	120	240	0	0	22120	0	NA	NA	0.0	NA
40	5	20	0.001999	0.16334	3e-05	3e-06	0.0	0006	indelsieve	candidate_snvs	smc_mudel_ld_stage_1-smc_mudel_ld_stage_2	mt	no_cnv	/raid/kang/DelSIEVE/simulation_results/IndelSIEVE_benchmark_pipeline_ld_203/benchmark_results/simulated_data/results/cell_names	/raid/kang/DelSIEVE/simulation_results/IndelSIEVE_benchmark_pipeline_ld_203/benchmark_results/indelsieve/from_candidate/variant_calling/stage2/mt/no_cnv/smc_mudel_ld_stage_1-smc_mudel_ld_stage_2/0006/indelsieve_median.cell_names	/raid/kang/DelSIEVE/simulation_results/IndelSIEVE_benchmark_pipeline_ld_203/benchmark_results/simulated_data/results/data_type/no_cnv/0006/true_evo_events_sites_names	/raid/kang/DelSIEVE/simulation_results/IndelSIEVE_benchmark_pipeline_ld_203/benchmark_results/indelsieve/from_candidate/variant_calling/stage2/mt/no_cnv/smc_mudel_ld_stage_1-smc_mudel_ld_stage_2/0006/indelsieve_median.loci_info	/raid/kang/DelSIEVE/simulation_results/IndelSIEVE_benchmark_pipeline_ld_203/benchmark_results/simulated_data/results/data_type/no_cnv/0006/true_evo_events_genotypes_numeric	/raid/kang/DelSIEVE/simulation_results/IndelSIEVE_benchmark_pipeline_ld_203/benchmark_results/indelsieve/from_candidate/variant_calling/stage2/mt/no_cnv/smc_mudel_ld_stage_1-smc_mudel_ld_stage_2/0006/indelsieve_median.genotypes	/raid/kang/DelSIEVE/simulation_results/IndelSIEVE_benchmark_pipeline_ld_203/benchmark_results/simulated_data/results/data_type/no_cnv/0006/true_evo_events_ternary_matrix.simple	/raid/kang/DelSIEVE/simulation_results/IndelSIEVE_benchmark_pipeline_ld_203/benchmark_results/indelsieve/from_candidate/variant_calling/stage2/mt/no_cnv/smc_mudel_ld_stage_1-smc_mudel_ld_stage_2/0006/indelsieve_median.ternary	/raid/kang/DelSIEVE/simulation_results/IndelSIEVE_benchmark_pipeline_ld_203/benchmark_results/indelsieve/from_candidate/variant_calling/stage2/mt/no_cnv/smc_mudel_ld_stage_1-smc_mudel_ld_stage_2/0006/indelsieve_median.probs	12904	296	13680	1800	0.8775843307943417	0.9775757575757577	0.9248853211009176	0.0211791642816256	12769	277	14965	660	0.9508526323627968	0.9787674382952628	0.964608120868744	0.0181734680488124	10423	849	16698	701	0.9369830996044588	0.924680624556423	0.9307912127165564	0.0483843392032826	1433	162	26565	511	0.7371399176954733	0.8984326018808777	0.8098332862390505	0.0060612863396565	1944	239	18	493	264	69	21092	695	0.2752867570385818	0.7927927927927928	0.0032607154671329	0.4086687306501548	0	0	22103	17	0.0	NA	0.0	NA	166	13	21746	195	0.4598337950138504	0.9273743016759776	0.0005974539271106	0.6148148148148148	96	58	21481	485	0.1652323580034423	0.6233766233766234	0.0026927898231115	0.2612244897959184	457	26	84	110	0	0	22120	0	NA	NA	0.0	NA
40	5	20	0.001999	0.16334	3e-05	3e-06	0.0	0007	sieve	candidate_snvs	smc_mu_ld_stage_1-smc_mu_ld_stage_2	mt	no_cnv	/raid/kang/DelSIEVE/simulation_results/IndelSIEVE_benchmark_pipeline_ld_203/benchmark_results/simulated_data/results/cell_names	/raid/kang/DelSIEVE/simulation_results/IndelSIEVE_benchmark_pipeline_ld_203/benchmark_results/indelsieve/from_candidate/variant_calling/stage2/mt/no_cnv/smc_mu_ld_stage_1-smc_mu_ld_stage_2/0007/indelsieve_median.cell_names	/raid/kang/DelSIEVE/simulation_results/IndelSIEVE_benchmark_pipeline_ld_203/benchmark_results/simulated_data/results/data_type/no_cnv/0007/true_evo_events_sites_names	/raid/kang/DelSIEVE/simulation_results/IndelSIEVE_benchmark_pipeline_ld_203/benchmark_results/indelsieve/from_candidate/variant_calling/stage2/mt/no_cnv/smc_mu_ld_stage_1-smc_mu_ld_stage_2/0007/indelsieve_median.loci_info	/raid/kang/DelSIEVE/simulation_results/IndelSIEVE_benchmark_pipeline_ld_203/benchmark_results/simulated_data/results/data_type/no_cnv/0007/true_evo_events_genotypes_numeric	/raid/kang/DelSIEVE/simulation_results/IndelSIEVE_benchmark_pipeline_ld_203/benchmark_results/indelsieve/from_candidate/variant_calling/stage2/mt/no_cnv/smc_mu_ld_stage_1-smc_mu_ld_stage_2/0007/indelsieve_median.genotypes	/raid/kang/DelSIEVE/simulation_results/IndelSIEVE_benchmark_pipeline_ld_203/benchmark_results/simulated_data/results/data_type/no_cnv/0007/true_evo_events_ternary_matrix.simple	/raid/kang/DelSIEVE/simulation_results/IndelSIEVE_benchmark_pipeline_ld_203/benchmark_results/indelsieve/from_candidate/variant_calling/stage2/mt/no_cnv/smc_mu_ld_stage_1-smc_mu_ld_stage_2/0007/indelsieve_median.ternary	/raid/kang/DelSIEVE/simulation_results/IndelSIEVE_benchmark_pipeline_ld_203/benchmark_results/indelsieve/from_candidate/variant_calling/stage2/mt/no_cnv/smc_mu_ld_stage_1-smc_mu_ld_stage_2/0007/indelsieve_median.probs	12853	303	13516	1968	0.8672154375548209	0.9769686834904228	0.9188261786467457	0.0219263333092119	12802	354	15005	469	0.9646597844925024	0.9730921252660384	0.96885760774965	0.0230483755452828	10230	853	17075	472	0.9558960941880024	0.923035279256519	0.9391783337158596	0.0475792057117358	1620	453	26121	436	0.7879377431906615	0.7814761215629522	0.7846936304189877	0.0170467374125084	2056	303	9	427	0	0	22098	1502	0.0	NA	0.0	NA	0	0	23577	23	0.0	NA	0.0	NA	0	0	23087	513	0.0	NA	0.0	NA	0	0	22634	966	0.0	NA	0.0	NA	926	40	81	429	0	0	23600	0	NA	NA	0.0	NA
40	5	20	0.001999	0.16334	3e-05	3e-06	0.0	0007	indelsieve	candidate_snvs	smc_mudel_ld_stage_1-smc_mudel_ld_stage_2	mt	no_cnv	/raid/kang/DelSIEVE/simulation_results/IndelSIEVE_benchmark_pipeline_ld_203/benchmark_results/simulated_data/results/cell_names	/raid/kang/DelSIEVE/simulation_results/IndelSIEVE_benchmark_pipeline_ld_203/benchmark_results/indelsieve/from_candidate/variant_calling/stage2/mt/no_cnv/smc_mudel_ld_stage_1-smc_mudel_ld_stage_2/0007/indelsieve_median.cell_names	/raid/kang/DelSIEVE/simulation_results/IndelSIEVE_benchmark_pipeline_ld_203/benchmark_results/simulated_data/results/data_type/no_cnv/0007/true_evo_events_sites_names	/raid/kang/DelSIEVE/simulation_results/IndelSIEVE_benchmark_pipeline_ld_203/benchmark_results/indelsieve/from_candidate/variant_calling/stage2/mt/no_cnv/smc_mudel_ld_stage_1-smc_mudel_ld_stage_2/0007/indelsieve_median.loci_info	/raid/kang/DelSIEVE/simulation_results/IndelSIEVE_benchmark_pipeline_ld_203/benchmark_results/simulated_data/results/data_type/no_cnv/0007/true_evo_events_genotypes_numeric	/raid/kang/DelSIEVE/simulation_results/IndelSIEVE_benchmark_pipeline_ld_203/benchmark_results/indelsieve/from_candidate/variant_calling/stage2/mt/no_cnv/smc_mudel_ld_stage_1-smc_mudel_ld_stage_2/0007/indelsieve_median.genotypes	/raid/kang/DelSIEVE/simulation_results/IndelSIEVE_benchmark_pipeline_ld_203/benchmark_results/simulated_data/results/data_type/no_cnv/0007/true_evo_events_ternary_matrix.simple	/raid/kang/DelSIEVE/simulation_results/IndelSIEVE_benchmark_pipeline_ld_203/benchmark_results/indelsieve/from_candidate/variant_calling/stage2/mt/no_cnv/smc_mudel_ld_stage_1-smc_mudel_ld_stage_2/0007/indelsieve_median.ternary	/raid/kang/DelSIEVE/simulation_results/IndelSIEVE_benchmark_pipeline_ld_203/benchmark_results/indelsieve/from_candidate/variant_calling/stage2/mt/no_cnv/smc_mudel_ld_stage_1-smc_mudel_ld_stage_2/0007/indelsieve_median.probs	13130	402	13417	1691	0.8859051346063018	0.9702926396689328	0.9261806510774874	0.0290903828062812	12794	327	15032	477	0.9640569663175343	0.9750781190458044	0.9695362230979084	0.0212904485969138	10212	759	17133	526	0.9510150866083068	0.9308176100628932	0.9408079598323276	0.0424211938296445	1617	267	26343	403	0.8004950495049505	0.85828025477707	0.8283811475409837	0.0100338218714768	2020	292	9	394	508	169	21929	994	0.3382157123834887	0.7503692762186115	0.0076477509276857	0.4662689307021569	0	0	23577	23	0.0	NA	0.0	NA	210	56	23031	303	0.4093567251461988	0.7894736842105263	0.0024256074847316	0.5391527599486521	283	128	22506	683	0.2929606625258799	0.6885644768856448	0.0056552089776442	0.411038489469862	658	25	47	252	0	0	23600	0	NA	NA	0.0	NA
40	5	20	0.001999	0.16334	3e-05	3e-06	0.0	0008	sieve	candidate_snvs	smc_mu_ld_stage_1-smc_mu_ld_stage_2	mt	no_cnv	/raid/kang/DelSIEVE/simulation_results/IndelSIEVE_benchmark_pipeline_ld_203/benchmark_results/simulated_data/results/cell_names	/raid/kang/DelSIEVE/simulation_results/IndelSIEVE_benchmark_pipeline_ld_203/benchmark_results/indelsieve/from_candidate/variant_calling/stage2/mt/no_cnv/smc_mu_ld_stage_1-smc_mu_ld_stage_2/0008/indelsieve_median.cell_names	/raid/kang/DelSIEVE/simulation_results/IndelSIEVE_benchmark_pipeline_ld_203/benchmark_results/simulated_data/results/data_type/no_cnv/0008/true_evo_events_sites_names	/raid/kang/DelSIEVE/simulation_results/IndelSIEVE_benchmark_pipeline_ld_203/benchmark_results/indelsieve/from_candidate/variant_calling/stage2/mt/no_cnv/smc_mu_ld_stage_1-smc_mu_ld_stage_2/0008/indelsieve_median.loci_info	/raid/kang/DelSIEVE/simulation_results/IndelSIEVE_benchmark_pipeline_ld_203/benchmark_results/simulated_data/results/data_type/no_cnv/0008/true_evo_events_genotypes_numeric	/raid/kang/DelSIEVE/simulation_results/IndelSIEVE_benchmark_pipeline_ld_203/benchmark_results/indelsieve/from_candidate/variant_calling/stage2/mt/no_cnv/smc_mu_ld_stage_1-smc_mu_ld_stage_2/0008/indelsieve_median.genotypes	/raid/kang/DelSIEVE/simulation_results/IndelSIEVE_benchmark_pipeline_ld_203/benchmark_results/simulated_data/results/data_type/no_cnv/0008/true_evo_events_ternary_matrix.simple	/raid/kang/DelSIEVE/simulation_results/IndelSIEVE_benchmark_pipeline_ld_203/benchmark_results/indelsieve/from_candidate/variant_calling/stage2/mt/no_cnv/smc_mu_ld_stage_1-smc_mu_ld_stage_2/0008/indelsieve_median.ternary	/raid/kang/DelSIEVE/simulation_results/IndelSIEVE_benchmark_pipeline_ld_203/benchmark_results/indelsieve/from_candidate/variant_calling/stage2/mt/no_cnv/smc_mu_ld_stage_1-smc_mu_ld_stage_2/0008/indelsieve_median.probs	9205	304	17301	1790	0.8371987266939518	0.9680302870964348	0.897873585641826	0.017267821641579	9177	332	18318	766	0.9229608769988936	0.9650857082763696	0.9435533621221468	0.0178016085790884	7929	749	19147	768	0.9116936874784408	0.9136897902742568	0.9126906474820144	0.0376457579412947	655	176	27460	302	0.6844305120167189	0.7882069795427196	0.732662192393736	0.006368504848748	957	304	6	296	0	0	21050	830	0.0	NA	0.0	NA	0	0	21873	7	0.0	NA	0.0	NA	0	0	21591	289	0.0	NA	0.0	NA	0	0	21346	534	0.0	NA	0.0	NA	509	25	122	165	0	0	21880	0	NA	NA	0.0	NA
40	5	20	0.001999	0.16334	3e-05	3e-06	0.0	0008	indelsieve	candidate_snvs	smc_mudel_ld_stage_1-smc_mudel_ld_stage_2	mt	no_cnv	/raid/kang/DelSIEVE/simulation_results/IndelSIEVE_benchmark_pipeline_ld_203/benchmark_results/simulated_data/results/cell_names	/raid/kang/DelSIEVE/simulation_results/IndelSIEVE_benchmark_pipeline_ld_203/benchmark_results/indelsieve/from_candidate/variant_calling/stage2/mt/no_cnv/smc_mudel_ld_stage_1-smc_mudel_ld_stage_2/0008/indelsieve_median.cell_names	/raid/kang/DelSIEVE/simulation_results/IndelSIEVE_benchmark_pipeline_ld_203/benchmark_results/simulated_data/results/data_type/no_cnv/0008/true_evo_events_sites_names	/raid/kang/DelSIEVE/simulation_results/IndelSIEVE_benchmark_pipeline_ld_203/benchmark_results/indelsieve/from_candidate/variant_calling/stage2/mt/no_cnv/smc_mudel_ld_stage_1-smc_mudel_ld_stage_2/0008/indelsieve_median.loci_info	/raid/kang/DelSIEVE/simulation_results/IndelSIEVE_benchmark_pipeline_ld_203/benchmark_results/simulated_data/results/data_type/no_cnv/0008/true_evo_events_genotypes_numeric	/raid/kang/DelSIEVE/simulation_results/IndelSIEVE_benchmark_pipeline_ld_203/benchmark_results/indelsieve/from_candidate/variant_calling/stage2/mt/no_cnv/smc_mudel_ld_stage_1-smc_mudel_ld_stage_2/0008/indelsieve_median.genotypes	/raid/kang/DelSIEVE/simulation_results/IndelSIEVE_benchmark_pipeline_ld_203/benchmark_results/simulated_data/results/data_type/no_cnv/0008/true_evo_events_ternary_matrix.simple	/raid/kang/DelSIEVE/simulation_results/IndelSIEVE_benchmark_pipeline_ld_203/benchmark_results/indelsieve/from_candidate/variant_calling/stage2/mt/no_cnv/smc_mudel_ld_stage_1-smc_mudel_ld_stage_2/0008/indelsieve_median.ternary	/raid/kang/DelSIEVE/simulation_results/IndelSIEVE_benchmark_pipeline_ld_203/benchmark_results/indelsieve/from_candidate/variant_calling/stage2/mt/no_cnv/smc_mudel_ld_stage_1-smc_mudel_ld_stage_2/0008/indelsieve_median.probs	9327	308	17297	1668	0.8482946793997271	0.968033212247016	0.9042171594764904	0.0174950298210735	9172	323	18327	771	0.9224580106607664	0.9659820958399158	0.9437184895565388	0.0173190348525469	7919	711	19185	778	0.9105438657008164	0.9176129779837776	0.9140647544295032	0.035735826296743	655	98	27538	302	0.6844305120167189	0.8698539176626826	0.7660818713450293	0.0035460992907801	957	299	6	296	231	21	21029	599	0.2783132530120482	0.9166666666666666	0.0009976247030878	0.4269870609981515	0	0	21873	7	0.0	NA	0.0	NA	104	8	21583	185	0.3598615916955017	0.9285714285714286	0.0003705247556852	0.5187032418952618	122	18	21328	412	0.2284644194756554	0.8714285714285714	0.0008432493207158	0.3620178041543027	391	21	93	87	0	0	21880	0	NA	NA	0.0	NA
40	5	20	0.001999	0.16334	3e-05	3e-06	0.0	0009	sieve	candidate_snvs	smc_mu_ld_stage_1-smc_mu_ld_stage_2	mt	no_cnv	/raid/kang/DelSIEVE/simulation_results/IndelSIEVE_benchmark_pipeline_ld_203/benchmark_results/simulated_data/results/cell_names	/raid/kang/DelSIEVE/simulation_results/IndelSIEVE_benchmark_pipeline_ld_203/benchmark_results/indelsieve/from_candidate/variant_calling/stage2/mt/no_cnv/smc_mu_ld_stage_1-smc_mu_ld_stage_2/0009/indelsieve_median.cell_names	/raid/kang/DelSIEVE/simulation_results/IndelSIEVE_benchmark_pipeline_ld_203/benchmark_results/simulated_data/results/data_type/no_cnv/0009/true_evo_events_sites_names	/raid/kang/DelSIEVE/simulation_results/IndelSIEVE_benchmark_pipeline_ld_203/benchmark_results/indelsieve/from_candidate/variant_calling/stage2/mt/no_cnv/smc_mu_ld_stage_1-smc_mu_ld_stage_2/0009/indelsieve_median.loci_info	/raid/kang/DelSIEVE/simulation_results/IndelSIEVE_benchmark_pipeline_ld_203/benchmark_results/simulated_data/results/data_type/no_cnv/0009/true_evo_events_genotypes_numeric	/raid/kang/DelSIEVE/simulation_results/IndelSIEVE_benchmark_pipeline_ld_203/benchmark_results/indelsieve/from_candidate/variant_calling/stage2/mt/no_cnv/smc_mu_ld_stage_1-smc_mu_ld_stage_2/0009/indelsieve_median.genotypes	/raid/kang/DelSIEVE/simulation_results/IndelSIEVE_benchmark_pipeline_ld_203/benchmark_results/simulated_data/results/data_type/no_cnv/0009/true_evo_events_ternary_matrix.simple	/raid/kang/DelSIEVE/simulation_results/IndelSIEVE_benchmark_pipeline_ld_203/benchmark_results/indelsieve/from_candidate/variant_calling/stage2/mt/no_cnv/smc_mu_ld_stage_1-smc_mu_ld_stage_2/0009/indelsieve_median.ternary	/raid/kang/DelSIEVE/simulation_results/IndelSIEVE_benchmark_pipeline_ld_203/benchmark_results/indelsieve/from_candidate/variant_calling/stage2/mt/no_cnv/smc_mu_ld_stage_1-smc_mu_ld_stage_2/0009/indelsieve_median.probs	11633	155	7127	1525	0.8841009271925825	0.9868510349507974	0.9326545337929928	0.0212853611645152	11522	266	8299	334	0.9718286099865048	0.9774346793349168	0.9746235831500591	0.0310566258026853	8520	805	10725	371	0.9582724103025532	0.9136729222520108	0.9354413702239788	0.0698178664353859	1808	655	17493	465	0.7954245490541135	0.7340641494112871	0.7635135135135136	0.0360921313643376	2273	155	3	462	0	0	16853	1507	0.0	NA	0.0	NA	0	0	18285	75	0.0	NA	0.0	NA	0	0	17668	692	0.0	NA	0.0	NA	0	0	17620	740	0.0	NA	0.0	NA	688	52	101	589	0	0	18360	0	NA	NA	0.0	NA
40	5	20	0.001999	0.16334	3e-05	3e-06	0.0	0009	indelsieve	candidate_snvs	smc_mudel_ld_stage_1-smc_mudel_ld_stage_2	mt	no_cnv	/raid/kang/DelSIEVE/simulation_results/IndelSIEVE_benchmark_pipeline_ld_203/benchmark_results/simulated_data/results/cell_names	/raid/kang/DelSIEVE/simulation_results/IndelSIEVE_benchmark_pipeline_ld_203/benchmark_results/indelsieve/from_candidate/variant_calling/stage2/mt/no_cnv/smc_mudel_ld_stage_1-smc_mudel_ld_stage_2/0009/indelsieve_median.cell_names	/raid/kang/DelSIEVE/simulation_results/IndelSIEVE_benchmark_pipeline_ld_203/benchmark_results/simulated_data/results/data_type/no_cnv/0009/true_evo_events_sites_names	/raid/kang/DelSIEVE/simulation_results/IndelSIEVE_benchmark_pipeline_ld_203/benchmark_results/indelsieve/from_candidate/variant_calling/stage2/mt/no_cnv/smc_mudel_ld_stage_1-smc_mudel_ld_stage_2/0009/indelsieve_median.loci_info	/raid/kang/DelSIEVE/simulation_results/IndelSIEVE_benchmark_pipeline_ld_203/benchmark_results/simulated_data/results/data_type/no_cnv/0009/true_evo_events_genotypes_numeric	/raid/kang/DelSIEVE/simulation_results/IndelSIEVE_benchmark_pipeline_ld_203/benchmark_results/indelsieve/from_candidate/variant_calling/stage2/mt/no_cnv/smc_mudel_ld_stage_1-smc_mudel_ld_stage_2/0009/indelsieve_median.genotypes	/raid/kang/DelSIEVE/simulation_results/IndelSIEVE_benchmark_pipeline_ld_203/benchmark_results/simulated_data/results/data_type/no_cnv/0009/true_evo_events_ternary_matrix.simple	/raid/kang/DelSIEVE/simulation_results/IndelSIEVE_benchmark_pipeline_ld_203/benchmark_results/indelsieve/from_candidate/variant_calling/stage2/mt/no_cnv/smc_mudel_ld_stage_1-smc_mudel_ld_stage_2/0009/indelsieve_median.ternary	/raid/kang/DelSIEVE/simulation_results/IndelSIEVE_benchmark_pipeline_ld_203/benchmark_results/indelsieve/from_candidate/variant_calling/stage2/mt/no_cnv/smc_mudel_ld_stage_1-smc_mudel_ld_stage_2/0009/indelsieve_median.probs	11874	202	7080	1284	0.9024167806657548	0.9832726068234516	0.9411111991757154	0.0277396319692392	11522	236	8329	334	0.9718286099865048	0.9799285592787887	0.9758617769120014	0.0275539988324576	8516	755	10775	375	0.9578225171521764	0.9185632617840578	0.9377821825790112	0.0654813529921942	1811	295	17853	462	0.7967443906731192	0.8599240265906932	0.8271294816168074	0.01625523473661	2273	155	3	459	649	50	16803	858	0.4306569343065693	0.9284692417739628	0.0029668308313059	0.5883952855847688	41	0	18285	34	0.5466666666666666	1.0	0.0	0.7068965517241379	355	26	17642	337	0.5130057803468208	0.931758530183727	0.0014715870500339	0.6616961789375583	226	51	17569	514	0.3054054054054054	0.8158844765342961	0.002894438138479	0.4444444444444445	464	49	85	250	0	0	18360	0	NA	NA	0.0	NA
40	5	20	0.001999	0.16334	3e-05	3e-06	0.0	0010	sieve	candidate_snvs	smc_mu_ld_stage_1-smc_mu_ld_stage_2	mt	no_cnv	/raid/kang/DelSIEVE/simulation_results/IndelSIEVE_benchmark_pipeline_ld_203/benchmark_results/simulated_data/results/cell_names	/raid/kang/DelSIEVE/simulation_results/IndelSIEVE_benchmark_pipeline_ld_203/benchmark_results/indelsieve/from_candidate/variant_calling/stage2/mt/no_cnv/smc_mu_ld_stage_1-smc_mu_ld_stage_2/0010/indelsieve_median.cell_names	/raid/kang/DelSIEVE/simulation_results/IndelSIEVE_benchmark_pipeline_ld_203/benchmark_results/simulated_data/results/data_type/no_cnv/0010/true_evo_events_sites_names	/raid/kang/DelSIEVE/simulation_results/IndelSIEVE_benchmark_pipeline_ld_203/benchmark_results/indelsieve/from_candidate/variant_calling/stage2/mt/no_cnv/smc_mu_ld_stage_1-smc_mu_ld_stage_2/0010/indelsieve_median.loci_info	/raid/kang/DelSIEVE/simulation_results/IndelSIEVE_benchmark_pipeline_ld_203/benchmark_results/simulated_data/results/data_type/no_cnv/0010/true_evo_events_genotypes_numeric	/raid/kang/DelSIEVE/simulation_results/IndelSIEVE_benchmark_pipeline_ld_203/benchmark_results/indelsieve/from_candidate/variant_calling/stage2/mt/no_cnv/smc_mu_ld_stage_1-smc_mu_ld_stage_2/0010/indelsieve_median.genotypes	/raid/kang/DelSIEVE/simulation_results/IndelSIEVE_benchmark_pipeline_ld_203/benchmark_results/simulated_data/results/data_type/no_cnv/0010/true_evo_events_ternary_matrix.simple	/raid/kang/DelSIEVE/simulation_results/IndelSIEVE_benchmark_pipeline_ld_203/benchmark_results/indelsieve/from_candidate/variant_calling/stage2/mt/no_cnv/smc_mu_ld_stage_1-smc_mu_ld_stage_2/0010/indelsieve_median.ternary	/raid/kang/DelSIEVE/simulation_results/IndelSIEVE_benchmark_pipeline_ld_203/benchmark_results/indelsieve/from_candidate/variant_calling/stage2/mt/no_cnv/smc_mu_ld_stage_1-smc_mu_ld_stage_2/0010/indelsieve_median.probs	9303	309	12075	1753	0.8414435600578871	0.967852684144819	0.9002322430810915	0.0249515503875969	9264	348	13010	807	0.9198689305927912	0.9637952559300874	0.9413199207437892	0.0260518041622997	7546	814	14248	821	0.9018764192661648	0.9026315789473685	0.9022538410952352	0.0540432877439915	1026	226	21764	413	0.7129951355107713	0.8194888178913738	0.7625418060200669	0.0102773988176443	1439	309	14	399	0	0	16553	767	0.0	NA	0.0	NA	0	0	17316	4	0.0	NA	0.0	NA	0	0	17055	265	0.0	NA	0.0	NA	0	0	16822	498	0.0	NA	0.0	NA	459	37	69	193	0	0	17320	0	NA	NA	0.0	NA
40	5	20	0.001999	0.16334	3e-05	3e-06	0.0	0010	indelsieve	candidate_snvs	smc_mudel_ld_stage_1-smc_mudel_ld_stage_2	mt	no_cnv	/raid/kang/DelSIEVE/simulation_results/IndelSIEVE_benchmark_pipeline_ld_203/benchmark_results/simulated_data/results/cell_names	/raid/kang/DelSIEVE/simulation_results/IndelSIEVE_benchmark_pipeline_ld_203/benchmark_results/indelsieve/from_candidate/variant_calling/stage2/mt/no_cnv/smc_mudel_ld_stage_1-smc_mudel_ld_stage_2/0010/indelsieve_median.cell_names	/raid/kang/DelSIEVE/simulation_results/IndelSIEVE_benchmark_pipeline_ld_203/benchmark_results/simulated_data/results/data_type/no_cnv/0010/true_evo_events_sites_names	/raid/kang/DelSIEVE/simulation_results/IndelSIEVE_benchmark_pipeline_ld_203/benchmark_results/indelsieve/from_candidate/variant_calling/stage2/mt/no_cnv/smc_mudel_ld_stage_1-smc_mudel_ld_stage_2/0010/indelsieve_median.loci_info	/raid/kang/DelSIEVE/simulation_results/IndelSIEVE_benchmark_pipeline_ld_203/benchmark_results/simulated_data/results/data_type/no_cnv/0010/true_evo_events_genotypes_numeric	/raid/kang/DelSIEVE/simulation_results/IndelSIEVE_benchmark_pipeline_ld_203/benchmark_results/indelsieve/from_candidate/variant_calling/stage2/mt/no_cnv/smc_mudel_ld_stage_1-smc_mudel_ld_stage_2/0010/indelsieve_median.genotypes	/raid/kang/DelSIEVE/simulation_results/IndelSIEVE_benchmark_pipeline_ld_203/benchmark_results/simulated_data/results/data_type/no_cnv/0010/true_evo_events_ternary_matrix.simple	/raid/kang/DelSIEVE/simulation_results/IndelSIEVE_benchmark_pipeline_ld_203/benchmark_results/indelsieve/from_candidate/variant_calling/stage2/mt/no_cnv/smc_mudel_ld_stage_1-smc_mudel_ld_stage_2/0010/indelsieve_median.ternary	/raid/kang/DelSIEVE/simulation_results/IndelSIEVE_benchmark_pipeline_ld_203/benchmark_results/indelsieve/from_candidate/variant_calling/stage2/mt/no_cnv/smc_mudel_ld_stage_1-smc_mudel_ld_stage_2/0010/indelsieve_median.probs	9461	311	12073	1595	0.8557344428364689	0.968174375767499	0.9084885730747072	0.0251130490956072	9264	339	13019	807	0.9198689305927912	0.964698531708841	0.9417505336992986	0.0253780506063782	7546	786	14276	821	0.9018764192661648	0.9056649063850216	0.9037666926163244	0.0521843048731908	1024	85	21905	415	0.7116052814454482	0.9233543733092876	0.803767660910518	0.0038653933606184	1439	304	14	401	322	9	16544	445	0.4198174706649283	0.972809667673716	0.0005437080891681	0.5865209471766849	0	0	17316	4	0.0	NA	0.0	NA	162	0	17055	103	0.6113207547169811	1.0	0.0	0.7587822014051523	157	12	16810	341	0.3152610441767068	0.9289940828402368	0.0007133515634288	0.4707646176911543	306	33	48	52	0	0	17320	0	NA	NA	0.0	NA
