cell_num	coverage_mean	coverage_variance	eff_seq_err_rate	ado_rate	mutation_rate	deletion_rate	insertion_rate	dataset	tool	snv_type	tool_setup	fine_tune_type	data_type	true_cell_names	cell_names	true_loci_info	loci_info	true_genotypes	genotypes	true_ternary	ternary	genotype_probs	true_positive	false_positive	true_negative	false_negative	recall	precision	f1_score	fall_out	true_positive_mu	false_positive_mu	true_negative_mu	false_negative_mu	recall_mu	precision_mu	f1_score_mu	fall_out_mu	true_positive_hetero_mu	false_positive_hetero_mu	true_negative_hetero_mu	false_negative_hetero_mu	recall_hetero_mu	precision_hetero_mu	f1_score_hetero_mu	fall_out_hetero_mu	true_positive_homo_mu	false_positive_homo_mu	true_negative_homo_mu	false_negative_homo_mu	recall_homo_mu	precision_homo_mu	f1_score_homo_mu	fall_out_homo_mu	true_homo_mu	true_homo_ref_as_hetero_mu	true_homo_mu_as_homo_ref	true_homo_mu_as_hetero_mu	true_positive_del	false_positive_del	true_negative_del	false_negative_del	recall_del	precision_del	fall_out_del	f1_score_del	true_positive_all_del	false_positive_all_del	true_negative_all_del	false_negative_all_del	recall_all_del	precision_all_del	fall_out_all_del	f1_score_all_del	true_positive_del_alt_left	false_positive_del_alt_left	true_negative_del_alt_left	false_negative_del_alt_left	recall_del_alt_left	precision_del_alt_left	fall_out_del_alt_left	f1_score_del_alt_left	true_positive_del_ref_left	false_positive_del_ref_left	true_negative_del_ref_left	false_negative_del_ref_left	recall_del_ref_left	precision_del_ref_left	fall_out_del_ref_left	f1_score_del_ref_left	true_del_ref_left_as_homo_ref	true_del_ref_left_as_hetero_mu	true_del_alt_left_as_hetero_mu	true_del_alt_left_as_homo_mu	true_positive_amp	false_positive_amp	true_negative_amp	false_negative_amp	recall_amp	precision_amp	fall_out_amp	f1_score_amp
40	20	2	0.001999	0.16334	3e-05	3e-06	0.0	0001	monovar	NA	true_parameters	NA	no_cnv	/raid/kang/DelSIEVE/simulation_results/IndelSIEVE_benchmark_pipeline_ld_003/benchmark_results/simulated_data/results/cell_names	/raid/kang/DelSIEVE/simulation_results/IndelSIEVE_benchmark_pipeline_ld_003/benchmark_results/monovar/from_true_params/no_cnv/0001/post_processed/filtered.cell_names	/raid/kang/DelSIEVE/simulation_results/IndelSIEVE_benchmark_pipeline_ld_003/benchmark_results/simulated_data/results/data_type/no_cnv/0001/true_evo_events_sites_names	/raid/kang/DelSIEVE/simulation_results/IndelSIEVE_benchmark_pipeline_ld_003/benchmark_results/monovar/from_true_params/no_cnv/0001/post_processed/filtered.loci_info	/raid/kang/DelSIEVE/simulation_results/IndelSIEVE_benchmark_pipeline_ld_003/benchmark_results/simulated_data/results/data_type/no_cnv/0001/true_evo_events_genotypes_numeric	/raid/kang/DelSIEVE/simulation_results/IndelSIEVE_benchmark_pipeline_ld_003/benchmark_results/monovar/from_true_params/no_cnv/0001/post_processed/filtered.genotypes	/raid/kang/DelSIEVE/simulation_results/IndelSIEVE_benchmark_pipeline_ld_003/benchmark_results/simulated_data/results/data_type/no_cnv/0001/true_evo_events_ternary_matrix.simple	/raid/kang/DelSIEVE/simulation_results/IndelSIEVE_benchmark_pipeline_ld_003/benchmark_results/monovar/from_true_params/no_cnv/0001/post_processed/filtered.ternary	/raid/kang/DelSIEVE/simulation_results/IndelSIEVE_benchmark_pipeline_ld_003/benchmark_results/monovar/from_true_params/no_cnv/0001/post_processed/filtered.genotype_probs	8270	303	15530	4177	0.6644171286253716	0.9646564796453984	0.7868696479543293	0.0191372449946314	7749	3	17080	3441	0.6924932975871314	0.9996130030959752	0.8181818181818181	0.0001756131826962	4769	321	18447	4736	0.501735928458706	0.936935166994106	0.6535114765330592	0.0171035805626598	1067	1595	25245	366	0.7445917655268667	0.4008264462809917	0.5211233211233212	0.0594262295081967	1433	3	53	270	212	609	26162	1297	0.1404903909874088	0.2582216808769793	0.0227484965074147	0.1819742489270386	9	812	27428	31	0.225	0.0109622411693057	0.0287535410764872	0.0209059233449477	0	0	28021	259	0.0	NA	0.0	NA	0	0	27070	1210	0.0	NA	0.0	NA	1043	0	48	152	0	0	28280	0	NA	NA	0.0	NA
40	20	2	0.001999	0.16334	3e-05	3e-06	0.0	0002	monovar	NA	true_parameters	NA	no_cnv	/raid/kang/DelSIEVE/simulation_results/IndelSIEVE_benchmark_pipeline_ld_003/benchmark_results/simulated_data/results/cell_names	/raid/kang/DelSIEVE/simulation_results/IndelSIEVE_benchmark_pipeline_ld_003/benchmark_results/monovar/from_true_params/no_cnv/0002/post_processed/filtered.cell_names	/raid/kang/DelSIEVE/simulation_results/IndelSIEVE_benchmark_pipeline_ld_003/benchmark_results/simulated_data/results/data_type/no_cnv/0002/true_evo_events_sites_names	/raid/kang/DelSIEVE/simulation_results/IndelSIEVE_benchmark_pipeline_ld_003/benchmark_results/monovar/from_true_params/no_cnv/0002/post_processed/filtered.loci_info	/raid/kang/DelSIEVE/simulation_results/IndelSIEVE_benchmark_pipeline_ld_003/benchmark_results/simulated_data/results/data_type/no_cnv/0002/true_evo_events_genotypes_numeric	/raid/kang/DelSIEVE/simulation_results/IndelSIEVE_benchmark_pipeline_ld_003/benchmark_results/monovar/from_true_params/no_cnv/0002/post_processed/filtered.genotypes	/raid/kang/DelSIEVE/simulation_results/IndelSIEVE_benchmark_pipeline_ld_003/benchmark_results/simulated_data/results/data_type/no_cnv/0002/true_evo_events_ternary_matrix.simple	/raid/kang/DelSIEVE/simulation_results/IndelSIEVE_benchmark_pipeline_ld_003/benchmark_results/monovar/from_true_params/no_cnv/0002/post_processed/filtered.ternary	/raid/kang/DelSIEVE/simulation_results/IndelSIEVE_benchmark_pipeline_ld_003/benchmark_results/monovar/from_true_params/no_cnv/0002/post_processed/filtered.genotype_probs	8117	314	15697	4392	0.6488927971860261	0.9627564938915906	0.7752626552053488	0.0196115170820061	7597	5	17585	3317	0.696078431372549	0.9993422783478032	0.8205875999135882	0.0002842524161455	4657	220	18858	4769	0.4940589857840017	0.954890301414804	0.6511920576102915	0.0115316070866967	928	1797	25558	221	0.8076588337684943	0.3405504587155963	0.4790913784202374	0.0656918296472308	1149	4	29	159	216	613	25973	1718	0.1116856256463288	0.2605548854041013	0.0230572481757315	0.1563517915309446	8	821	27691	0	1.0	0.0096501809408926	0.0287948933782267	0.019115890083632	0	0	28165	355	0.0	NA	0.0	NA	0	0	26949	1571	0.0	NA	0.0	NA	1416	1	56	217	0	0	28520	0	NA	NA	0.0	NA
40	20	2	0.001999	0.16334	3e-05	3e-06	0.0	0003	monovar	NA	true_parameters	NA	no_cnv	/raid/kang/DelSIEVE/simulation_results/IndelSIEVE_benchmark_pipeline_ld_003/benchmark_results/simulated_data/results/cell_names	/raid/kang/DelSIEVE/simulation_results/IndelSIEVE_benchmark_pipeline_ld_003/benchmark_results/monovar/from_true_params/no_cnv/0003/post_processed/filtered.cell_names	/raid/kang/DelSIEVE/simulation_results/IndelSIEVE_benchmark_pipeline_ld_003/benchmark_results/simulated_data/results/data_type/no_cnv/0003/true_evo_events_sites_names	/raid/kang/DelSIEVE/simulation_results/IndelSIEVE_benchmark_pipeline_ld_003/benchmark_results/monovar/from_true_params/no_cnv/0003/post_processed/filtered.loci_info	/raid/kang/DelSIEVE/simulation_results/IndelSIEVE_benchmark_pipeline_ld_003/benchmark_results/simulated_data/results/data_type/no_cnv/0003/true_evo_events_genotypes_numeric	/raid/kang/DelSIEVE/simulation_results/IndelSIEVE_benchmark_pipeline_ld_003/benchmark_results/monovar/from_true_params/no_cnv/0003/post_processed/filtered.genotypes	/raid/kang/DelSIEVE/simulation_results/IndelSIEVE_benchmark_pipeline_ld_003/benchmark_results/simulated_data/results/data_type/no_cnv/0003/true_evo_events_ternary_matrix.simple	/raid/kang/DelSIEVE/simulation_results/IndelSIEVE_benchmark_pipeline_ld_003/benchmark_results/monovar/from_true_params/no_cnv/0003/post_processed/filtered.ternary	/raid/kang/DelSIEVE/simulation_results/IndelSIEVE_benchmark_pipeline_ld_003/benchmark_results/monovar/from_true_params/no_cnv/0003/post_processed/filtered.genotype_probs	10351	319	12728	5122	0.6689717572545725	0.9701030927835051	0.7918754542324905	0.0244500651490764	9703	1	14763	4047	0.7056727272727272	0.9998969497114591	0.8274068389187346	6.77323218639935e-05	5349	418	17317	5430	0.4962426941274701	0.9275186405410092	0.6465611023812402	0.0235692134197913	1981	1956	24106	471	0.8079119086460033	0.5031750063500127	0.6201283455939898	0.0750517995549075	2452	1	53	345	293	673	25605	1949	0.1306868867082961	0.3033126293995859	0.0256107770758809	0.1826683291770573	51	915	27544	10	0.8360655737704918	0.0527950310559006	0.0321515162163111	0.0993184031158714	0	0	27995	525	0.0	NA	0.0	NA	0	0	26864	1656	0.0	NA	0.0	NA	1480	0	72	369	0	0	28520	0	NA	NA	0.0	NA
40	20	2	0.001999	0.16334	3e-05	3e-06	0.0	0004	monovar	NA	true_parameters	NA	no_cnv	/raid/kang/DelSIEVE/simulation_results/IndelSIEVE_benchmark_pipeline_ld_003/benchmark_results/simulated_data/results/cell_names	/raid/kang/DelSIEVE/simulation_results/IndelSIEVE_benchmark_pipeline_ld_003/benchmark_results/monovar/from_true_params/no_cnv/0004/post_processed/filtered.cell_names	/raid/kang/DelSIEVE/simulation_results/IndelSIEVE_benchmark_pipeline_ld_003/benchmark_results/simulated_data/results/data_type/no_cnv/0004/true_evo_events_sites_names	/raid/kang/DelSIEVE/simulation_results/IndelSIEVE_benchmark_pipeline_ld_003/benchmark_results/monovar/from_true_params/no_cnv/0004/post_processed/filtered.loci_info	/raid/kang/DelSIEVE/simulation_results/IndelSIEVE_benchmark_pipeline_ld_003/benchmark_results/simulated_data/results/data_type/no_cnv/0004/true_evo_events_genotypes_numeric	/raid/kang/DelSIEVE/simulation_results/IndelSIEVE_benchmark_pipeline_ld_003/benchmark_results/monovar/from_true_params/no_cnv/0004/post_processed/filtered.genotypes	/raid/kang/DelSIEVE/simulation_results/IndelSIEVE_benchmark_pipeline_ld_003/benchmark_results/simulated_data/results/data_type/no_cnv/0004/true_evo_events_ternary_matrix.simple	/raid/kang/DelSIEVE/simulation_results/IndelSIEVE_benchmark_pipeline_ld_003/benchmark_results/monovar/from_true_params/no_cnv/0004/post_processed/filtered.ternary	/raid/kang/DelSIEVE/simulation_results/IndelSIEVE_benchmark_pipeline_ld_003/benchmark_results/monovar/from_true_params/no_cnv/0004/post_processed/filtered.genotype_probs	9809	320	13956	4515	0.6847947500698129	0.9684075426991806	0.8022737496421708	0.022415242364808	9248	1	15602	3744	0.7118226600985221	0.9998918802032652	0.8316172833955308	6.409023905659168e-05	5314	351	17679	5251	0.5029815428300994	0.9380406001765224	0.6548367221195317	0.0194675540765391	1598	1986	24617	394	0.8022088353413654	0.4458705357142857	0.573170731707317	0.0746532345976017	1992	1	48	294	241	639	26194	1526	0.1363893604980192	0.2738636363636363	0.0238139604218685	0.1820929353985644	13	867	27711	9	0.5909090909090909	0.0147727272727272	0.0303380222548813	0.0288248337028824	0	0	28160	440	0.0	NA	0.0	NA	0	0	27295	1305	0.0	NA	0.0	NA	1170	0	56	279	0	0	28600	0	NA	NA	0.0	NA
40	20	2	0.001999	0.16334	3e-05	3e-06	0.0	0005	monovar	NA	true_parameters	NA	no_cnv	/raid/kang/DelSIEVE/simulation_results/IndelSIEVE_benchmark_pipeline_ld_003/benchmark_results/simulated_data/results/cell_names	/raid/kang/DelSIEVE/simulation_results/IndelSIEVE_benchmark_pipeline_ld_003/benchmark_results/monovar/from_true_params/no_cnv/0005/post_processed/filtered.cell_names	/raid/kang/DelSIEVE/simulation_results/IndelSIEVE_benchmark_pipeline_ld_003/benchmark_results/simulated_data/results/data_type/no_cnv/0005/true_evo_events_sites_names	/raid/kang/DelSIEVE/simulation_results/IndelSIEVE_benchmark_pipeline_ld_003/benchmark_results/monovar/from_true_params/no_cnv/0005/post_processed/filtered.loci_info	/raid/kang/DelSIEVE/simulation_results/IndelSIEVE_benchmark_pipeline_ld_003/benchmark_results/simulated_data/results/data_type/no_cnv/0005/true_evo_events_genotypes_numeric	/raid/kang/DelSIEVE/simulation_results/IndelSIEVE_benchmark_pipeline_ld_003/benchmark_results/monovar/from_true_params/no_cnv/0005/post_processed/filtered.genotypes	/raid/kang/DelSIEVE/simulation_results/IndelSIEVE_benchmark_pipeline_ld_003/benchmark_results/simulated_data/results/data_type/no_cnv/0005/true_evo_events_ternary_matrix.simple	/raid/kang/DelSIEVE/simulation_results/IndelSIEVE_benchmark_pipeline_ld_003/benchmark_results/monovar/from_true_params/no_cnv/0005/post_processed/filtered.ternary	/raid/kang/DelSIEVE/simulation_results/IndelSIEVE_benchmark_pipeline_ld_003/benchmark_results/monovar/from_true_params/no_cnv/0005/post_processed/filtered.genotype_probs	7989	314	13737	3760	0.6799727636394587	0.9621823437311816	0.7968282465589467	0.022347163902925	7527	4	15193	3062	0.710831995466994	0.999468862036914	0.830794701986755	0.0002632098440481	4449	292	16638	4407	0.5023712737127372	0.9384096182240034	0.6544090608222402	0.0172474896633195	1101	1689	22662	334	0.7672473867595819	0.3946236559139785	0.5211834319526628	0.0693606012073426	1435	4	43	252	169	603	23739	1289	0.115912208504801	0.2189119170984456	0.0247719990140497	0.1515695067264574	50	722	24989	39	0.5617977528089888	0.0647668393782383	0.0280813659523161	0.1161440185830429	0	0	25488	312	0.0	NA	0.0	NA	0	0	24743	1057	0.0	NA	0.0	NA	978	0	36	213	0	0	25800	0	NA	NA	0.0	NA
40	20	2	0.001999	0.16334	3e-05	3e-06	0.0	0006	monovar	NA	true_parameters	NA	no_cnv	/raid/kang/DelSIEVE/simulation_results/IndelSIEVE_benchmark_pipeline_ld_003/benchmark_results/simulated_data/results/cell_names	/raid/kang/DelSIEVE/simulation_results/IndelSIEVE_benchmark_pipeline_ld_003/benchmark_results/monovar/from_true_params/no_cnv/0006/post_processed/filtered.cell_names	/raid/kang/DelSIEVE/simulation_results/IndelSIEVE_benchmark_pipeline_ld_003/benchmark_results/simulated_data/results/data_type/no_cnv/0006/true_evo_events_sites_names	/raid/kang/DelSIEVE/simulation_results/IndelSIEVE_benchmark_pipeline_ld_003/benchmark_results/monovar/from_true_params/no_cnv/0006/post_processed/filtered.loci_info	/raid/kang/DelSIEVE/simulation_results/IndelSIEVE_benchmark_pipeline_ld_003/benchmark_results/simulated_data/results/data_type/no_cnv/0006/true_evo_events_genotypes_numeric	/raid/kang/DelSIEVE/simulation_results/IndelSIEVE_benchmark_pipeline_ld_003/benchmark_results/monovar/from_true_params/no_cnv/0006/post_processed/filtered.genotypes	/raid/kang/DelSIEVE/simulation_results/IndelSIEVE_benchmark_pipeline_ld_003/benchmark_results/simulated_data/results/data_type/no_cnv/0006/true_evo_events_ternary_matrix.simple	/raid/kang/DelSIEVE/simulation_results/IndelSIEVE_benchmark_pipeline_ld_003/benchmark_results/monovar/from_true_params/no_cnv/0006/post_processed/filtered.ternary	/raid/kang/DelSIEVE/simulation_results/IndelSIEVE_benchmark_pipeline_ld_003/benchmark_results/monovar/from_true_params/no_cnv/0006/post_processed/filtered.genotype_probs	10477	326	12699	5018	0.6761535979348177	0.9698231972600204	0.7967906304661951	0.0250287907869481	9797	5	14541	4175	0.7011880904666475	0.999489900020404	0.8241776730882476	0.0003437371098583	5144	388	17232	5754	0.4720132134336575	0.9298626174981924	0.6261716372489348	0.0220204313280363	2036	2234	23762	486	0.8072957969865187	0.4768149882903981	0.5995288574793876	0.0859362978919833	2522	4	87	323	286	715	25730	1789	0.1378313253012048	0.2857142857142857	0.0270372471166572	0.1859557867360208	16	985	27519	0	1.0	0.0159840159840159	0.0345565534661801	0.031465093411996	0	0	27966	554	0.0	NA	0.0	NA	0	0	27015	1505	0.0	NA	0.0	NA	1336	1	60	383	0	0	28520	0	NA	NA	0.0	NA
40	20	2	0.001999	0.16334	3e-05	3e-06	0.0	0007	monovar	NA	true_parameters	NA	no_cnv	/raid/kang/DelSIEVE/simulation_results/IndelSIEVE_benchmark_pipeline_ld_003/benchmark_results/simulated_data/results/cell_names	/raid/kang/DelSIEVE/simulation_results/IndelSIEVE_benchmark_pipeline_ld_003/benchmark_results/monovar/from_true_params/no_cnv/0007/post_processed/filtered.cell_names	/raid/kang/DelSIEVE/simulation_results/IndelSIEVE_benchmark_pipeline_ld_003/benchmark_results/simulated_data/results/data_type/no_cnv/0007/true_evo_events_sites_names	/raid/kang/DelSIEVE/simulation_results/IndelSIEVE_benchmark_pipeline_ld_003/benchmark_results/monovar/from_true_params/no_cnv/0007/post_processed/filtered.loci_info	/raid/kang/DelSIEVE/simulation_results/IndelSIEVE_benchmark_pipeline_ld_003/benchmark_results/simulated_data/results/data_type/no_cnv/0007/true_evo_events_genotypes_numeric	/raid/kang/DelSIEVE/simulation_results/IndelSIEVE_benchmark_pipeline_ld_003/benchmark_results/monovar/from_true_params/no_cnv/0007/post_processed/filtered.genotypes	/raid/kang/DelSIEVE/simulation_results/IndelSIEVE_benchmark_pipeline_ld_003/benchmark_results/simulated_data/results/data_type/no_cnv/0007/true_evo_events_ternary_matrix.simple	/raid/kang/DelSIEVE/simulation_results/IndelSIEVE_benchmark_pipeline_ld_003/benchmark_results/monovar/from_true_params/no_cnv/0007/post_processed/filtered.ternary	/raid/kang/DelSIEVE/simulation_results/IndelSIEVE_benchmark_pipeline_ld_003/benchmark_results/monovar/from_true_params/no_cnv/0007/post_processed/filtered.genotype_probs	5855	372	18799	3574	0.6209566231837946	0.9402601573791552	0.74795605518651	0.0194043085911011	5534	1	20100	2960	0.6515187190958324	0.9998193315266486	0.7889372015111555	4.974876871797423e-05	3651	192	20872	3880	0.4847961758066658	0.9500390320062452	0.6419905046597503	0.0091150778579567	599	1093	26693	210	0.7404202719406675	0.3540189125295508	0.4790083966413435	0.0393363564384942	809	1	19	174	103	589	26922	986	0.0945821854912764	0.1488439306358381	0.0214096179709934	0.1156653565412689	3	689	27906	2	0.6	0.0043352601156069	0.024095121524742	0.0086083213773314	0	0	28441	159	0.0	NA	0.0	NA	0	0	27675	925	0.0	NA	0.0	NA	852	0	17	106	0	0	28600	0	NA	NA	0.0	NA
40	20	2	0.001999	0.16334	3e-05	3e-06	0.0	0008	monovar	NA	true_parameters	NA	no_cnv	/raid/kang/DelSIEVE/simulation_results/IndelSIEVE_benchmark_pipeline_ld_003/benchmark_results/simulated_data/results/cell_names	/raid/kang/DelSIEVE/simulation_results/IndelSIEVE_benchmark_pipeline_ld_003/benchmark_results/monovar/from_true_params/no_cnv/0008/post_processed/filtered.cell_names	/raid/kang/DelSIEVE/simulation_results/IndelSIEVE_benchmark_pipeline_ld_003/benchmark_results/simulated_data/results/data_type/no_cnv/0008/true_evo_events_sites_names	/raid/kang/DelSIEVE/simulation_results/IndelSIEVE_benchmark_pipeline_ld_003/benchmark_results/monovar/from_true_params/no_cnv/0008/post_processed/filtered.loci_info	/raid/kang/DelSIEVE/simulation_results/IndelSIEVE_benchmark_pipeline_ld_003/benchmark_results/simulated_data/results/data_type/no_cnv/0008/true_evo_events_genotypes_numeric	/raid/kang/DelSIEVE/simulation_results/IndelSIEVE_benchmark_pipeline_ld_003/benchmark_results/monovar/from_true_params/no_cnv/0008/post_processed/filtered.genotypes	/raid/kang/DelSIEVE/simulation_results/IndelSIEVE_benchmark_pipeline_ld_003/benchmark_results/simulated_data/results/data_type/no_cnv/0008/true_evo_events_ternary_matrix.simple	/raid/kang/DelSIEVE/simulation_results/IndelSIEVE_benchmark_pipeline_ld_003/benchmark_results/monovar/from_true_params/no_cnv/0008/post_processed/filtered.ternary	/raid/kang/DelSIEVE/simulation_results/IndelSIEVE_benchmark_pipeline_ld_003/benchmark_results/monovar/from_true_params/no_cnv/0008/post_processed/filtered.genotype_probs	7816	360	16679	3785	0.6737350228428584	0.9559686888454012	0.7904131061333872	0.0211280004695111	7439	3	18142	3050	0.7092191820001906	0.999596882558452	0.8297362110311751	0.000165334802976	4639	259	19488	4248	0.5219984246652414	0.9471212739893834	0.673050417120058	0.0131159163417227	1121	1423	25772	318	0.7790132036136206	0.4406446540880503	0.5628922922420286	0.052325795182938	1439	3	34	237	141	593	26772	1134	0.1105882352941176	0.1920980926430517	0.0216700164443632	0.1403683424589347	7	727	27877	29	0.1944444444444444	0.0095367847411444	0.025416025730667	0.0181818181818181	0	0	28471	169	0.0	NA	0.0	NA	0	0	27570	1070	0.0	NA	0.0	NA	962	0	19	111	0	0	28640	0	NA	NA	0.0	NA
40	20	2	0.001999	0.16334	3e-05	3e-06	0.0	0009	monovar	NA	true_parameters	NA	no_cnv	/raid/kang/DelSIEVE/simulation_results/IndelSIEVE_benchmark_pipeline_ld_003/benchmark_results/simulated_data/results/cell_names	/raid/kang/DelSIEVE/simulation_results/IndelSIEVE_benchmark_pipeline_ld_003/benchmark_results/monovar/from_true_params/no_cnv/0009/post_processed/filtered.cell_names	/raid/kang/DelSIEVE/simulation_results/IndelSIEVE_benchmark_pipeline_ld_003/benchmark_results/simulated_data/results/data_type/no_cnv/0009/true_evo_events_sites_names	/raid/kang/DelSIEVE/simulation_results/IndelSIEVE_benchmark_pipeline_ld_003/benchmark_results/monovar/from_true_params/no_cnv/0009/post_processed/filtered.loci_info	/raid/kang/DelSIEVE/simulation_results/IndelSIEVE_benchmark_pipeline_ld_003/benchmark_results/simulated_data/results/data_type/no_cnv/0009/true_evo_events_genotypes_numeric	/raid/kang/DelSIEVE/simulation_results/IndelSIEVE_benchmark_pipeline_ld_003/benchmark_results/monovar/from_true_params/no_cnv/0009/post_processed/filtered.genotypes	/raid/kang/DelSIEVE/simulation_results/IndelSIEVE_benchmark_pipeline_ld_003/benchmark_results/simulated_data/results/data_type/no_cnv/0009/true_evo_events_ternary_matrix.simple	/raid/kang/DelSIEVE/simulation_results/IndelSIEVE_benchmark_pipeline_ld_003/benchmark_results/monovar/from_true_params/no_cnv/0009/post_processed/filtered.ternary	/raid/kang/DelSIEVE/simulation_results/IndelSIEVE_benchmark_pipeline_ld_003/benchmark_results/monovar/from_true_params/no_cnv/0009/post_processed/filtered.genotype_probs	8025	349	15363	4143	0.659516765285996	0.9583233818963458	0.7813260636744231	0.0222123217922606	7519	2	16799	3558	0.6787938972646024	0.9997340779151708	0.808581567910528	0.0001190405333015	4572	273	18164	4869	0.4842707340324118	0.9436532507739938	0.6400671986560269	0.0148071812116938	1011	1665	24915	287	0.7788906009244992	0.3778026905829596	0.5088072471061902	0.0626410835214447	1298	1	47	213	207	646	25805	1222	0.1448565430370888	0.2426729191090269	0.0244225171071037	0.1814198071866783	20	833	27019	8	0.7142857142857143	0.0234466588511137	0.0299080855952893	0.0454029511918274	0	0	27540	340	0.0	NA	0.0	NA	0	0	26819	1061	0.0	NA	0.0	NA	923	1	58	210	0	0	27880	0	NA	NA	0.0	NA
40	20	2	0.001999	0.16334	3e-05	3e-06	0.0	0010	monovar	NA	true_parameters	NA	no_cnv	/raid/kang/DelSIEVE/simulation_results/IndelSIEVE_benchmark_pipeline_ld_003/benchmark_results/simulated_data/results/cell_names	/raid/kang/DelSIEVE/simulation_results/IndelSIEVE_benchmark_pipeline_ld_003/benchmark_results/monovar/from_true_params/no_cnv/0010/post_processed/filtered.cell_names	/raid/kang/DelSIEVE/simulation_results/IndelSIEVE_benchmark_pipeline_ld_003/benchmark_results/simulated_data/results/data_type/no_cnv/0010/true_evo_events_sites_names	/raid/kang/DelSIEVE/simulation_results/IndelSIEVE_benchmark_pipeline_ld_003/benchmark_results/monovar/from_true_params/no_cnv/0010/post_processed/filtered.loci_info	/raid/kang/DelSIEVE/simulation_results/IndelSIEVE_benchmark_pipeline_ld_003/benchmark_results/simulated_data/results/data_type/no_cnv/0010/true_evo_events_genotypes_numeric	/raid/kang/DelSIEVE/simulation_results/IndelSIEVE_benchmark_pipeline_ld_003/benchmark_results/monovar/from_true_params/no_cnv/0010/post_processed/filtered.genotypes	/raid/kang/DelSIEVE/simulation_results/IndelSIEVE_benchmark_pipeline_ld_003/benchmark_results/simulated_data/results/data_type/no_cnv/0010/true_evo_events_ternary_matrix.simple	/raid/kang/DelSIEVE/simulation_results/IndelSIEVE_benchmark_pipeline_ld_003/benchmark_results/monovar/from_true_params/no_cnv/0010/post_processed/filtered.ternary	/raid/kang/DelSIEVE/simulation_results/IndelSIEVE_benchmark_pipeline_ld_003/benchmark_results/monovar/from_true_params/no_cnv/0010/post_processed/filtered.genotype_probs	5875	369	15539	3257	0.6433420937363119	0.940903267136451	0.7641779396462018	0.0231958762886597	5559	2	16803	2663	0.6761128679153491	0.9996403524545944	0.8066458680983821	0.0001190121987503	3508	197	17714	3608	0.492973580663294	0.9468286099865048	0.6483689123001571	0.0109988275361509	695	1161	22953	218	0.7612267250821467	0.3744612068965517	0.5019862766341638	0.0481463050510077	913	1	25	171	130	553	23384	973	0.1178603807796917	0.1903367496339678	0.0231023102310231	0.1455767077267637	6	677	24353	4	0.6	0.0087847730600292	0.0270475429484618	0.0173160173160173	0	0	24834	206	0.0	NA	0.0	NA	0	0	24153	887	0.0	NA	0.0	NA	796	1	24	125	0	0	25040	0	NA	NA	0.0	NA
40	20	2	0.001999	0.16334	3e-05	3e-06	0.0	0001	sciphi	candidate_snvs	NA	NA	no_cnv	/raid/kang/DelSIEVE/simulation_results/IndelSIEVE_benchmark_pipeline_ld_003/benchmark_results/simulated_data/results/cell_names	/raid/kang/DelSIEVE/simulation_results/IndelSIEVE_benchmark_pipeline_ld_003/benchmark_results/sciphi/no_cnv/0001/post_processed/sciphi.cell_names	/raid/kang/DelSIEVE/simulation_results/IndelSIEVE_benchmark_pipeline_ld_003/benchmark_results/simulated_data/results/data_type/no_cnv/0001/true_evo_events_sites_names	/raid/kang/DelSIEVE/simulation_results/IndelSIEVE_benchmark_pipeline_ld_003/benchmark_results/sciphi/no_cnv/0001/post_processed/sciphi.loci_info	/raid/kang/DelSIEVE/simulation_results/IndelSIEVE_benchmark_pipeline_ld_003/benchmark_results/simulated_data/results/data_type/no_cnv/0001/true_evo_events_genotypes_numeric	/raid/kang/DelSIEVE/simulation_results/IndelSIEVE_benchmark_pipeline_ld_003/benchmark_results/sciphi/no_cnv/0001/post_processed/sciphi.genotypes	/raid/kang/DelSIEVE/simulation_results/IndelSIEVE_benchmark_pipeline_ld_003/benchmark_results/simulated_data/results/data_type/no_cnv/0001/true_evo_events_ternary_matrix.simple	/raid/kang/DelSIEVE/simulation_results/IndelSIEVE_benchmark_pipeline_ld_003/benchmark_results/sciphi/no_cnv/0001/post_processed/sciphi.ternary	/raid/kang/DelSIEVE/simulation_results/IndelSIEVE_benchmark_pipeline_ld_003/benchmark_results/sciphi/no_cnv/0001/post_processed/sciphi.genotype_probs	10122	866	14967	2325	0.8132080019281754	0.9211867491809248	0.863836142521869	0.0546958883344912	10017	971	16112	1173	0.8951742627345844	0.9116308700400436	0.903327621967716	0.0568401334660188	8368	2620	16148	1137	0.880378748027354	0.7615580633418274	0.8166691065241789	0.1395993179880648	0	0	26840	1433	0.0	NA	NA	0.0	1433	866	21	1412	0	0	23739	1141	0.0	NA	0.0	NA	0	0	24871	9	0.0	NA	0.0	NA	0	0	24628	252	0.0	NA	0.0	NA	0	0	24000	880	0.0	NA	0.0	NA	784	96	237	0	0	0	24880	0	NA	NA	0.0	NA
40	20	2	0.001999	0.16334	3e-05	3e-06	0.0	0002	sciphi	candidate_snvs	NA	NA	no_cnv	/raid/kang/DelSIEVE/simulation_results/IndelSIEVE_benchmark_pipeline_ld_003/benchmark_results/simulated_data/results/cell_names	/raid/kang/DelSIEVE/simulation_results/IndelSIEVE_benchmark_pipeline_ld_003/benchmark_results/sciphi/no_cnv/0002/post_processed/sciphi.cell_names	/raid/kang/DelSIEVE/simulation_results/IndelSIEVE_benchmark_pipeline_ld_003/benchmark_results/simulated_data/results/data_type/no_cnv/0002/true_evo_events_sites_names	/raid/kang/DelSIEVE/simulation_results/IndelSIEVE_benchmark_pipeline_ld_003/benchmark_results/sciphi/no_cnv/0002/post_processed/sciphi.loci_info	/raid/kang/DelSIEVE/simulation_results/IndelSIEVE_benchmark_pipeline_ld_003/benchmark_results/simulated_data/results/data_type/no_cnv/0002/true_evo_events_genotypes_numeric	/raid/kang/DelSIEVE/simulation_results/IndelSIEVE_benchmark_pipeline_ld_003/benchmark_results/sciphi/no_cnv/0002/post_processed/sciphi.genotypes	/raid/kang/DelSIEVE/simulation_results/IndelSIEVE_benchmark_pipeline_ld_003/benchmark_results/simulated_data/results/data_type/no_cnv/0002/true_evo_events_ternary_matrix.simple	/raid/kang/DelSIEVE/simulation_results/IndelSIEVE_benchmark_pipeline_ld_003/benchmark_results/sciphi/no_cnv/0002/post_processed/sciphi.ternary	/raid/kang/DelSIEVE/simulation_results/IndelSIEVE_benchmark_pipeline_ld_003/benchmark_results/sciphi/no_cnv/0002/post_processed/sciphi.genotype_probs	10199	1521	14490	2310	0.8153329602686066	0.870221843003413	0.8418836930950513	0.0949971894322653	10019	1701	15889	895	0.9179952354773684	0.854863481228669	0.8853052929221525	0.0967026719727117	8552	3168	15910	874	0.907277742414598	0.7296928327645051	0.8088527381064977	0.1660551420484327	0	0	27355	1149	0.0	NA	NA	0.0	1149	1521	13	1136	0	0	22585	1335	0.0	NA	0.0	NA	0	0	23912	8	0.0	NA	0.0	NA	0	0	23581	339	0.0	NA	0.0	NA	0	0	22932	988	0.0	NA	0.0	NA	812	176	331	0	0	0	23920	0	NA	NA	0.0	NA
40	20	2	0.001999	0.16334	3e-05	3e-06	0.0	0003	sciphi	candidate_snvs	NA	NA	no_cnv	/raid/kang/DelSIEVE/simulation_results/IndelSIEVE_benchmark_pipeline_ld_003/benchmark_results/simulated_data/results/cell_names	/raid/kang/DelSIEVE/simulation_results/IndelSIEVE_benchmark_pipeline_ld_003/benchmark_results/sciphi/no_cnv/0003/post_processed/sciphi.cell_names	/raid/kang/DelSIEVE/simulation_results/IndelSIEVE_benchmark_pipeline_ld_003/benchmark_results/simulated_data/results/data_type/no_cnv/0003/true_evo_events_sites_names	/raid/kang/DelSIEVE/simulation_results/IndelSIEVE_benchmark_pipeline_ld_003/benchmark_results/sciphi/no_cnv/0003/post_processed/sciphi.loci_info	/raid/kang/DelSIEVE/simulation_results/IndelSIEVE_benchmark_pipeline_ld_003/benchmark_results/simulated_data/results/data_type/no_cnv/0003/true_evo_events_genotypes_numeric	/raid/kang/DelSIEVE/simulation_results/IndelSIEVE_benchmark_pipeline_ld_003/benchmark_results/sciphi/no_cnv/0003/post_processed/sciphi.genotypes	/raid/kang/DelSIEVE/simulation_results/IndelSIEVE_benchmark_pipeline_ld_003/benchmark_results/simulated_data/results/data_type/no_cnv/0003/true_evo_events_ternary_matrix.simple	/raid/kang/DelSIEVE/simulation_results/IndelSIEVE_benchmark_pipeline_ld_003/benchmark_results/sciphi/no_cnv/0003/post_processed/sciphi.ternary	/raid/kang/DelSIEVE/simulation_results/IndelSIEVE_benchmark_pipeline_ld_003/benchmark_results/sciphi/no_cnv/0003/post_processed/sciphi.genotype_probs	12612	492	12555	2861	0.8150972662056486	0.9624542124542124	0.8826678797634462	0.0377098183490457	12483	621	14143	1267	0.9078545454545456	0.95260989010989	0.929693900350041	0.0420617718775399	9550	3554	14181	1229	0.8859820020410056	0.7287851037851037	0.7997320269647866	0.2003946997462644	0	0	26062	2452	0.0	NA	NA	0.0	2452	492	21	2431	0	0	24064	1736	0.0	NA	0.0	NA	0	0	25749	51	0.0	NA	0.0	NA	0	0	25281	519	0.0	NA	0.0	NA	0	0	24634	1166	0.0	NA	0.0	NA	1042	124	502	0	0	0	25800	0	NA	NA	0.0	NA
40	20	2	0.001999	0.16334	3e-05	3e-06	0.0	0004	sciphi	candidate_snvs	NA	NA	no_cnv	/raid/kang/DelSIEVE/simulation_results/IndelSIEVE_benchmark_pipeline_ld_003/benchmark_results/simulated_data/results/cell_names	/raid/kang/DelSIEVE/simulation_results/IndelSIEVE_benchmark_pipeline_ld_003/benchmark_results/sciphi/no_cnv/0004/post_processed/sciphi.cell_names	/raid/kang/DelSIEVE/simulation_results/IndelSIEVE_benchmark_pipeline_ld_003/benchmark_results/simulated_data/results/data_type/no_cnv/0004/true_evo_events_sites_names	/raid/kang/DelSIEVE/simulation_results/IndelSIEVE_benchmark_pipeline_ld_003/benchmark_results/sciphi/no_cnv/0004/post_processed/sciphi.loci_info	/raid/kang/DelSIEVE/simulation_results/IndelSIEVE_benchmark_pipeline_ld_003/benchmark_results/simulated_data/results/data_type/no_cnv/0004/true_evo_events_genotypes_numeric	/raid/kang/DelSIEVE/simulation_results/IndelSIEVE_benchmark_pipeline_ld_003/benchmark_results/sciphi/no_cnv/0004/post_processed/sciphi.genotypes	/raid/kang/DelSIEVE/simulation_results/IndelSIEVE_benchmark_pipeline_ld_003/benchmark_results/simulated_data/results/data_type/no_cnv/0004/true_evo_events_ternary_matrix.simple	/raid/kang/DelSIEVE/simulation_results/IndelSIEVE_benchmark_pipeline_ld_003/benchmark_results/sciphi/no_cnv/0004/post_processed/sciphi.ternary	/raid/kang/DelSIEVE/simulation_results/IndelSIEVE_benchmark_pipeline_ld_003/benchmark_results/sciphi/no_cnv/0004/post_processed/sciphi.genotype_probs	12468	2404	11872	1856	0.870427254956716	0.8383539537385691	0.8540896013152487	0.1683945082656206	12219	2653	12950	774	0.9404294620180096	0.8216110812264659	0.8770141754889647	0.1700314042171377	9810	5062	12969	755	0.9285376242309512	0.6596288327057558	0.7713173723316429	0.2807387277466585	0	0	26604	1992	0.0	NA	NA	0.0	1992	2404	8	1984	0	0	24745	1415	0.0	NA	0.0	NA	0	0	26147	13	0.0	NA	0.0	NA	0	0	25724	436	0.0	NA	0.0	NA	0	0	25194	966	0.0	NA	0.0	NA	718	248	425	0	0	0	26160	0	NA	NA	0.0	NA
40	20	2	0.001999	0.16334	3e-05	3e-06	0.0	0005	sciphi	candidate_snvs	NA	NA	no_cnv	/raid/kang/DelSIEVE/simulation_results/IndelSIEVE_benchmark_pipeline_ld_003/benchmark_results/simulated_data/results/cell_names	/raid/kang/DelSIEVE/simulation_results/IndelSIEVE_benchmark_pipeline_ld_003/benchmark_results/sciphi/no_cnv/0005/post_processed/sciphi.cell_names	/raid/kang/DelSIEVE/simulation_results/IndelSIEVE_benchmark_pipeline_ld_003/benchmark_results/simulated_data/results/data_type/no_cnv/0005/true_evo_events_sites_names	/raid/kang/DelSIEVE/simulation_results/IndelSIEVE_benchmark_pipeline_ld_003/benchmark_results/sciphi/no_cnv/0005/post_processed/sciphi.loci_info	/raid/kang/DelSIEVE/simulation_results/IndelSIEVE_benchmark_pipeline_ld_003/benchmark_results/simulated_data/results/data_type/no_cnv/0005/true_evo_events_genotypes_numeric	/raid/kang/DelSIEVE/simulation_results/IndelSIEVE_benchmark_pipeline_ld_003/benchmark_results/sciphi/no_cnv/0005/post_processed/sciphi.genotypes	/raid/kang/DelSIEVE/simulation_results/IndelSIEVE_benchmark_pipeline_ld_003/benchmark_results/simulated_data/results/data_type/no_cnv/0005/true_evo_events_ternary_matrix.simple	/raid/kang/DelSIEVE/simulation_results/IndelSIEVE_benchmark_pipeline_ld_003/benchmark_results/sciphi/no_cnv/0005/post_processed/sciphi.ternary	/raid/kang/DelSIEVE/simulation_results/IndelSIEVE_benchmark_pipeline_ld_003/benchmark_results/sciphi/no_cnv/0005/post_processed/sciphi.genotype_probs	9642	1025	13026	2107	0.8206655885607286	0.9039092528358488	0.8602783725910065	0.0729485445875738	9531	1136	14061	1060	0.8999150221886507	0.8935033280209993	0.8966977138018627	0.0747515957096795	7814	2853	14079	1042	0.8823396567299007	0.7325396081372457	0.800491727705783	0.1684975194897236	0	0	24353	1435	0.0	NA	NA	0.0	1435	1025	10	1425	0	0	21899	901	0.0	NA	0.0	NA	0	0	22750	50	0.0	NA	0.0	NA	0	0	22500	300	0.0	NA	0.0	NA	0	0	22249	551	0.0	NA	0.0	NA	443	108	292	0	0	0	22800	0	NA	NA	0.0	NA
40	20	2	0.001999	0.16334	3e-05	3e-06	0.0	0006	sciphi	candidate_snvs	NA	NA	no_cnv	/raid/kang/DelSIEVE/simulation_results/IndelSIEVE_benchmark_pipeline_ld_003/benchmark_results/simulated_data/results/cell_names	/raid/kang/DelSIEVE/simulation_results/IndelSIEVE_benchmark_pipeline_ld_003/benchmark_results/sciphi/no_cnv/0006/post_processed/sciphi.cell_names	/raid/kang/DelSIEVE/simulation_results/IndelSIEVE_benchmark_pipeline_ld_003/benchmark_results/simulated_data/results/data_type/no_cnv/0006/true_evo_events_sites_names	/raid/kang/DelSIEVE/simulation_results/IndelSIEVE_benchmark_pipeline_ld_003/benchmark_results/sciphi/no_cnv/0006/post_processed/sciphi.loci_info	/raid/kang/DelSIEVE/simulation_results/IndelSIEVE_benchmark_pipeline_ld_003/benchmark_results/simulated_data/results/data_type/no_cnv/0006/true_evo_events_genotypes_numeric	/raid/kang/DelSIEVE/simulation_results/IndelSIEVE_benchmark_pipeline_ld_003/benchmark_results/sciphi/no_cnv/0006/post_processed/sciphi.genotypes	/raid/kang/DelSIEVE/simulation_results/IndelSIEVE_benchmark_pipeline_ld_003/benchmark_results/simulated_data/results/data_type/no_cnv/0006/true_evo_events_ternary_matrix.simple	/raid/kang/DelSIEVE/simulation_results/IndelSIEVE_benchmark_pipeline_ld_003/benchmark_results/sciphi/no_cnv/0006/post_processed/sciphi.ternary	/raid/kang/DelSIEVE/simulation_results/IndelSIEVE_benchmark_pipeline_ld_003/benchmark_results/sciphi/no_cnv/0006/post_processed/sciphi.genotype_probs	13497	1209	11816	1998	0.871055179090029	0.9177886576907384	0.8938114631965829	0.0928214971209213	13232	1474	13072	738	0.9471725125268432	0.8997688018495852	0.922862323894546	0.1013336999862505	10187	4519	13099	711	0.9347586713158378	0.6927104583163335	0.7957350413997814	0.2564990350777614	0	0	25994	2522	0.0	NA	NA	0.0	2522	1209	14	2508	0	0	23796	1604	0.0	NA	0.0	NA	0	0	25384	16	0.0	NA	0.0	NA	0	0	24850	550	0.0	NA	0.0	NA	0	0	24362	1038	0.0	NA	0.0	NA	777	261	537	0	0	0	25400	0	NA	NA	0.0	NA
40	20	2	0.001999	0.16334	3e-05	3e-06	0.0	0007	sciphi	candidate_snvs	NA	NA	no_cnv	/raid/kang/DelSIEVE/simulation_results/IndelSIEVE_benchmark_pipeline_ld_003/benchmark_results/simulated_data/results/cell_names	/raid/kang/DelSIEVE/simulation_results/IndelSIEVE_benchmark_pipeline_ld_003/benchmark_results/sciphi/no_cnv/0007/post_processed/sciphi.cell_names	/raid/kang/DelSIEVE/simulation_results/IndelSIEVE_benchmark_pipeline_ld_003/benchmark_results/simulated_data/results/data_type/no_cnv/0007/true_evo_events_sites_names	/raid/kang/DelSIEVE/simulation_results/IndelSIEVE_benchmark_pipeline_ld_003/benchmark_results/sciphi/no_cnv/0007/post_processed/sciphi.loci_info	/raid/kang/DelSIEVE/simulation_results/IndelSIEVE_benchmark_pipeline_ld_003/benchmark_results/simulated_data/results/data_type/no_cnv/0007/true_evo_events_genotypes_numeric	/raid/kang/DelSIEVE/simulation_results/IndelSIEVE_benchmark_pipeline_ld_003/benchmark_results/sciphi/no_cnv/0007/post_processed/sciphi.genotypes	/raid/kang/DelSIEVE/simulation_results/IndelSIEVE_benchmark_pipeline_ld_003/benchmark_results/simulated_data/results/data_type/no_cnv/0007/true_evo_events_ternary_matrix.simple	/raid/kang/DelSIEVE/simulation_results/IndelSIEVE_benchmark_pipeline_ld_003/benchmark_results/sciphi/no_cnv/0007/post_processed/sciphi.ternary	/raid/kang/DelSIEVE/simulation_results/IndelSIEVE_benchmark_pipeline_ld_003/benchmark_results/sciphi/no_cnv/0007/post_processed/sciphi.genotype_probs	7312	1312	17859	2117	0.7754799024286775	0.8478664192949907	0.8100592699274358	0.0684367012675395	7233	1391	18710	1261	0.8515422651283259	0.8387059369202227	0.8450753592709428	0.0692005372867021	6293	2331	18733	1238	0.8356128004249104	0.7297077922077922	0.779077684927267	0.1106627421192556	0	0	27786	809	0.0	NA	NA	0.0	809	1312	13	796	0	0	23598	642	0.0	NA	0.0	NA	0	0	24237	3	0.0	NA	0.0	NA	0	0	24086	154	0.0	NA	0.0	NA	0	0	23755	485	0.0	NA	0.0	NA	406	79	144	0	0	0	24240	0	NA	NA	0.0	NA
40	20	2	0.001999	0.16334	3e-05	3e-06	0.0	0008	sciphi	candidate_snvs	NA	NA	no_cnv	/raid/kang/DelSIEVE/simulation_results/IndelSIEVE_benchmark_pipeline_ld_003/benchmark_results/simulated_data/results/cell_names	/raid/kang/DelSIEVE/simulation_results/IndelSIEVE_benchmark_pipeline_ld_003/benchmark_results/sciphi/no_cnv/0008/post_processed/sciphi.cell_names	/raid/kang/DelSIEVE/simulation_results/IndelSIEVE_benchmark_pipeline_ld_003/benchmark_results/simulated_data/results/data_type/no_cnv/0008/true_evo_events_sites_names	/raid/kang/DelSIEVE/simulation_results/IndelSIEVE_benchmark_pipeline_ld_003/benchmark_results/sciphi/no_cnv/0008/post_processed/sciphi.loci_info	/raid/kang/DelSIEVE/simulation_results/IndelSIEVE_benchmark_pipeline_ld_003/benchmark_results/simulated_data/results/data_type/no_cnv/0008/true_evo_events_genotypes_numeric	/raid/kang/DelSIEVE/simulation_results/IndelSIEVE_benchmark_pipeline_ld_003/benchmark_results/sciphi/no_cnv/0008/post_processed/sciphi.genotypes	/raid/kang/DelSIEVE/simulation_results/IndelSIEVE_benchmark_pipeline_ld_003/benchmark_results/simulated_data/results/data_type/no_cnv/0008/true_evo_events_ternary_matrix.simple	/raid/kang/DelSIEVE/simulation_results/IndelSIEVE_benchmark_pipeline_ld_003/benchmark_results/sciphi/no_cnv/0008/post_processed/sciphi.ternary	/raid/kang/DelSIEVE/simulation_results/IndelSIEVE_benchmark_pipeline_ld_003/benchmark_results/sciphi/no_cnv/0008/post_processed/sciphi.genotype_probs	9868	2032	15007	1733	0.8506163261787777	0.8292436974789916	0.8397940513169654	0.1192558248723516	9725	2175	15970	764	0.9271617885403756	0.8172268907563025	0.8687301799991066	0.1198677321576191	8137	3763	15984	750	0.9156070665016316	0.683781512605042	0.7828931543753308	0.1905605914822504	0	0	27195	1439	0.0	NA	NA	0.0	1439	2032	8	1431	0	0	23548	812	0.0	NA	0.0	NA	0	0	24353	7	0.0	NA	0.0	NA	0	0	24197	163	0.0	NA	0.0	NA	0	0	23718	642	0.0	NA	0.0	NA	499	143	157	0	0	0	24360	0	NA	NA	0.0	NA
40	20	2	0.001999	0.16334	3e-05	3e-06	0.0	0009	sciphi	candidate_snvs	NA	NA	no_cnv	/raid/kang/DelSIEVE/simulation_results/IndelSIEVE_benchmark_pipeline_ld_003/benchmark_results/simulated_data/results/cell_names	/raid/kang/DelSIEVE/simulation_results/IndelSIEVE_benchmark_pipeline_ld_003/benchmark_results/sciphi/no_cnv/0009/post_processed/sciphi.cell_names	/raid/kang/DelSIEVE/simulation_results/IndelSIEVE_benchmark_pipeline_ld_003/benchmark_results/simulated_data/results/data_type/no_cnv/0009/true_evo_events_sites_names	/raid/kang/DelSIEVE/simulation_results/IndelSIEVE_benchmark_pipeline_ld_003/benchmark_results/sciphi/no_cnv/0009/post_processed/sciphi.loci_info	/raid/kang/DelSIEVE/simulation_results/IndelSIEVE_benchmark_pipeline_ld_003/benchmark_results/simulated_data/results/data_type/no_cnv/0009/true_evo_events_genotypes_numeric	/raid/kang/DelSIEVE/simulation_results/IndelSIEVE_benchmark_pipeline_ld_003/benchmark_results/sciphi/no_cnv/0009/post_processed/sciphi.genotypes	/raid/kang/DelSIEVE/simulation_results/IndelSIEVE_benchmark_pipeline_ld_003/benchmark_results/simulated_data/results/data_type/no_cnv/0009/true_evo_events_ternary_matrix.simple	/raid/kang/DelSIEVE/simulation_results/IndelSIEVE_benchmark_pipeline_ld_003/benchmark_results/sciphi/no_cnv/0009/post_processed/sciphi.ternary	/raid/kang/DelSIEVE/simulation_results/IndelSIEVE_benchmark_pipeline_ld_003/benchmark_results/sciphi/no_cnv/0009/post_processed/sciphi.genotype_probs	9941	939	14773	2227	0.8169789612097305	0.9136948529411764	0.8626345019090593	0.0597632382892057	9804	1076	15725	1273	0.8850771869639794	0.9011029411764706	0.8930181718814045	0.0640438069162549	8199	2681	15756	1242	0.8684461391801716	0.7535845588235294	0.8069484769450322	0.1454141129250962	0	0	26580	1298	0.0	NA	NA	0.0	1298	939	15	1283	0	0	23170	1110	0.0	NA	0.0	NA	0	0	24260	20	0.0	NA	0.0	NA	0	0	23942	338	0.0	NA	0.0	NA	0	0	23528	752	0.0	NA	0.0	NA	623	129	322	0	0	0	24280	0	NA	NA	0.0	NA
40	20	2	0.001999	0.16334	3e-05	3e-06	0.0	0010	sciphi	candidate_snvs	NA	NA	no_cnv	/raid/kang/DelSIEVE/simulation_results/IndelSIEVE_benchmark_pipeline_ld_003/benchmark_results/simulated_data/results/cell_names	/raid/kang/DelSIEVE/simulation_results/IndelSIEVE_benchmark_pipeline_ld_003/benchmark_results/sciphi/no_cnv/0010/post_processed/sciphi.cell_names	/raid/kang/DelSIEVE/simulation_results/IndelSIEVE_benchmark_pipeline_ld_003/benchmark_results/simulated_data/results/data_type/no_cnv/0010/true_evo_events_sites_names	/raid/kang/DelSIEVE/simulation_results/IndelSIEVE_benchmark_pipeline_ld_003/benchmark_results/sciphi/no_cnv/0010/post_processed/sciphi.loci_info	/raid/kang/DelSIEVE/simulation_results/IndelSIEVE_benchmark_pipeline_ld_003/benchmark_results/simulated_data/results/data_type/no_cnv/0010/true_evo_events_genotypes_numeric	/raid/kang/DelSIEVE/simulation_results/IndelSIEVE_benchmark_pipeline_ld_003/benchmark_results/sciphi/no_cnv/0010/post_processed/sciphi.genotypes	/raid/kang/DelSIEVE/simulation_results/IndelSIEVE_benchmark_pipeline_ld_003/benchmark_results/simulated_data/results/data_type/no_cnv/0010/true_evo_events_ternary_matrix.simple	/raid/kang/DelSIEVE/simulation_results/IndelSIEVE_benchmark_pipeline_ld_003/benchmark_results/sciphi/no_cnv/0010/post_processed/sciphi.ternary	/raid/kang/DelSIEVE/simulation_results/IndelSIEVE_benchmark_pipeline_ld_003/benchmark_results/sciphi/no_cnv/0010/post_processed/sciphi.genotype_probs	6811	861	15047	2321	0.7458388085851949	0.8877737226277372	0.8106403237324447	0.0541237113402061	6757	915	15890	1465	0.8218195086353686	0.8807351407716372	0.8502579589782309	0.0544480809282951	5686	1986	15925	1430	0.799044406970208	0.7411366006256517	0.769001893427103	0.1108815811512478	0	0	24114	913	0.0	NA	NA	0.0	913	861	17	896	0	0	20947	733	0.0	NA	0.0	NA	0	0	21674	6	0.0	NA	0.0	NA	0	0	21487	193	0.0	NA	0.0	NA	0	0	21146	534	0.0	NA	0.0	NA	483	51	175	0	0	0	21680	0	NA	NA	0.0	NA
40	20	2	0.001999	0.16334	3e-05	3e-06	0.0	0001	sciphin	candidate_snvs	NA	NA	no_cnv	/raid/kang/DelSIEVE/simulation_results/IndelSIEVE_benchmark_pipeline_ld_003/benchmark_results/simulated_data/results/cell_names	/raid/kang/DelSIEVE/simulation_results/IndelSIEVE_benchmark_pipeline_ld_003/benchmark_results/sciphin/no_cnv/0001/post_processed/sciphin.cell_names	/raid/kang/DelSIEVE/simulation_results/IndelSIEVE_benchmark_pipeline_ld_003/benchmark_results/simulated_data/results/data_type/no_cnv/0001/true_evo_events_sites_names	/raid/kang/DelSIEVE/simulation_results/IndelSIEVE_benchmark_pipeline_ld_003/benchmark_results/sciphin/no_cnv/0001/post_processed/sciphin.loci_info	/raid/kang/DelSIEVE/simulation_results/IndelSIEVE_benchmark_pipeline_ld_003/benchmark_results/simulated_data/results/data_type/no_cnv/0001/true_evo_events_genotypes_numeric	/raid/kang/DelSIEVE/simulation_results/IndelSIEVE_benchmark_pipeline_ld_003/benchmark_results/sciphin/no_cnv/0001/post_processed/sciphin.genotypes	/raid/kang/DelSIEVE/simulation_results/IndelSIEVE_benchmark_pipeline_ld_003/benchmark_results/simulated_data/results/data_type/no_cnv/0001/true_evo_events_ternary_matrix.simple	/raid/kang/DelSIEVE/simulation_results/IndelSIEVE_benchmark_pipeline_ld_003/benchmark_results/sciphin/no_cnv/0001/post_processed/sciphin.ternary	/raid/kang/DelSIEVE/simulation_results/IndelSIEVE_benchmark_pipeline_ld_003/benchmark_results/sciphin/no_cnv/0001/post_processed/sciphin.genotype_probs	10252	466	15367	2195	0.8236522856913312	0.9565217391304348	0.8851284265055039	0.0294321985726015	10219	499	16584	971	0.9132260947274352	0.9534428064937488	0.9329012232974256	0.0292103260551425	8559	2159	16609	946	0.9004734350341925	0.7985631647695466	0.8464619492656875	0.1150362318840579	0	0	26840	1433	0.0	NA	NA	0.0	1433	466	11	1422	0	0	23739	1141	0.0	NA	0.0	NA	0	0	24871	9	0.0	NA	0.0	NA	0	0	24628	252	0.0	NA	0.0	NA	0	0	24000	880	0.0	NA	0.0	NA	856	24	238	0	0	0	24880	0	NA	NA	0.0	NA
40	20	2	0.001999	0.16334	3e-05	3e-06	0.0	0002	sciphin	candidate_snvs	NA	NA	no_cnv	/raid/kang/DelSIEVE/simulation_results/IndelSIEVE_benchmark_pipeline_ld_003/benchmark_results/simulated_data/results/cell_names	/raid/kang/DelSIEVE/simulation_results/IndelSIEVE_benchmark_pipeline_ld_003/benchmark_results/sciphin/no_cnv/0002/post_processed/sciphin.cell_names	/raid/kang/DelSIEVE/simulation_results/IndelSIEVE_benchmark_pipeline_ld_003/benchmark_results/simulated_data/results/data_type/no_cnv/0002/true_evo_events_sites_names	/raid/kang/DelSIEVE/simulation_results/IndelSIEVE_benchmark_pipeline_ld_003/benchmark_results/sciphin/no_cnv/0002/post_processed/sciphin.loci_info	/raid/kang/DelSIEVE/simulation_results/IndelSIEVE_benchmark_pipeline_ld_003/benchmark_results/simulated_data/results/data_type/no_cnv/0002/true_evo_events_genotypes_numeric	/raid/kang/DelSIEVE/simulation_results/IndelSIEVE_benchmark_pipeline_ld_003/benchmark_results/sciphin/no_cnv/0002/post_processed/sciphin.genotypes	/raid/kang/DelSIEVE/simulation_results/IndelSIEVE_benchmark_pipeline_ld_003/benchmark_results/simulated_data/results/data_type/no_cnv/0002/true_evo_events_ternary_matrix.simple	/raid/kang/DelSIEVE/simulation_results/IndelSIEVE_benchmark_pipeline_ld_003/benchmark_results/sciphin/no_cnv/0002/post_processed/sciphin.ternary	/raid/kang/DelSIEVE/simulation_results/IndelSIEVE_benchmark_pipeline_ld_003/benchmark_results/sciphin/no_cnv/0002/post_processed/sciphin.genotype_probs	10017	310	15701	2492	0.8007834359261332	0.9699816016268036	0.8772990015764583	0.0193616888389232	9967	360	17230	947	0.913230712845886	0.9651399244698364	0.9384680570594603	0.0204661739624786	8500	1827	17251	926	0.9017610863568852	0.8230851166844195	0.860628765250848	0.0957647552154313	0	0	27355	1149	0.0	NA	NA	0.0	1149	310	15	1134	0	0	22585	1335	0.0	NA	0.0	NA	0	0	23912	8	0.0	NA	0.0	NA	0	0	23581	339	0.0	NA	0.0	NA	0	0	22932	988	0.0	NA	0.0	NA	939	49	333	0	0	0	23920	0	NA	NA	0.0	NA
40	20	2	0.001999	0.16334	3e-05	3e-06	0.0	0003	sciphin	candidate_snvs	NA	NA	no_cnv	/raid/kang/DelSIEVE/simulation_results/IndelSIEVE_benchmark_pipeline_ld_003/benchmark_results/simulated_data/results/cell_names	/raid/kang/DelSIEVE/simulation_results/IndelSIEVE_benchmark_pipeline_ld_003/benchmark_results/sciphin/no_cnv/0003/post_processed/sciphin.cell_names	/raid/kang/DelSIEVE/simulation_results/IndelSIEVE_benchmark_pipeline_ld_003/benchmark_results/simulated_data/results/data_type/no_cnv/0003/true_evo_events_sites_names	/raid/kang/DelSIEVE/simulation_results/IndelSIEVE_benchmark_pipeline_ld_003/benchmark_results/sciphin/no_cnv/0003/post_processed/sciphin.loci_info	/raid/kang/DelSIEVE/simulation_results/IndelSIEVE_benchmark_pipeline_ld_003/benchmark_results/simulated_data/results/data_type/no_cnv/0003/true_evo_events_genotypes_numeric	/raid/kang/DelSIEVE/simulation_results/IndelSIEVE_benchmark_pipeline_ld_003/benchmark_results/sciphin/no_cnv/0003/post_processed/sciphin.genotypes	/raid/kang/DelSIEVE/simulation_results/IndelSIEVE_benchmark_pipeline_ld_003/benchmark_results/simulated_data/results/data_type/no_cnv/0003/true_evo_events_ternary_matrix.simple	/raid/kang/DelSIEVE/simulation_results/IndelSIEVE_benchmark_pipeline_ld_003/benchmark_results/sciphin/no_cnv/0003/post_processed/sciphin.ternary	/raid/kang/DelSIEVE/simulation_results/IndelSIEVE_benchmark_pipeline_ld_003/benchmark_results/sciphin/no_cnv/0003/post_processed/sciphin.genotype_probs	12970	374	12673	2503	0.8382343436954696	0.97197242206235	0.9001630981712183	0.0286655936230551	12933	411	14353	817	0.9405818181818182	0.9691996402877698	0.9546763120986196	0.0278379842861013	9976	3368	14367	803	0.92550329344095	0.7476019184652278	0.8270944741532976	0.1899069636312376	0	0	26062	2452	0.0	NA	NA	0.0	2452	374	5	2447	0	0	24064	1736	0.0	NA	0.0	NA	0	0	25749	51	0.0	NA	0.0	NA	0	0	25281	519	0.0	NA	0.0	NA	0	0	24634	1166	0.0	NA	0.0	NA	1134	32	510	0	0	0	25800	0	NA	NA	0.0	NA
40	20	2	0.001999	0.16334	3e-05	3e-06	0.0	0004	sciphin	candidate_snvs	NA	NA	no_cnv	/raid/kang/DelSIEVE/simulation_results/IndelSIEVE_benchmark_pipeline_ld_003/benchmark_results/simulated_data/results/cell_names	/raid/kang/DelSIEVE/simulation_results/IndelSIEVE_benchmark_pipeline_ld_003/benchmark_results/sciphin/no_cnv/0004/post_processed/sciphin.cell_names	/raid/kang/DelSIEVE/simulation_results/IndelSIEVE_benchmark_pipeline_ld_003/benchmark_results/simulated_data/results/data_type/no_cnv/0004/true_evo_events_sites_names	/raid/kang/DelSIEVE/simulation_results/IndelSIEVE_benchmark_pipeline_ld_003/benchmark_results/sciphin/no_cnv/0004/post_processed/sciphin.loci_info	/raid/kang/DelSIEVE/simulation_results/IndelSIEVE_benchmark_pipeline_ld_003/benchmark_results/simulated_data/results/data_type/no_cnv/0004/true_evo_events_genotypes_numeric	/raid/kang/DelSIEVE/simulation_results/IndelSIEVE_benchmark_pipeline_ld_003/benchmark_results/sciphin/no_cnv/0004/post_processed/sciphin.genotypes	/raid/kang/DelSIEVE/simulation_results/IndelSIEVE_benchmark_pipeline_ld_003/benchmark_results/simulated_data/results/data_type/no_cnv/0004/true_evo_events_ternary_matrix.simple	/raid/kang/DelSIEVE/simulation_results/IndelSIEVE_benchmark_pipeline_ld_003/benchmark_results/sciphin/no_cnv/0004/post_processed/sciphin.ternary	/raid/kang/DelSIEVE/simulation_results/IndelSIEVE_benchmark_pipeline_ld_003/benchmark_results/sciphin/no_cnv/0004/post_processed/sciphin.genotype_probs	12281	309	13967	2043	0.8573722423903938	0.9754567116759332	0.91261053726685	0.0216447184085177	12238	352	15251	755	0.9418917878857846	0.972041302621128	0.9567290779032952	0.0225597641479202	9822	2768	15263	743	0.9296734500709892	0.7801429706115965	0.8483696825739581	0.1535133935999112	0	0	26604	1992	0.0	NA	NA	0.0	1992	309	4	1988	0	0	24745	1415	0.0	NA	0.0	NA	0	0	26147	13	0.0	NA	0.0	NA	0	0	25724	436	0.0	NA	0.0	NA	0	0	25194	966	0.0	NA	0.0	NA	924	42	428	0	0	0	26160	0	NA	NA	0.0	NA
40	20	2	0.001999	0.16334	3e-05	3e-06	0.0	0005	sciphin	candidate_snvs	NA	NA	no_cnv	/raid/kang/DelSIEVE/simulation_results/IndelSIEVE_benchmark_pipeline_ld_003/benchmark_results/simulated_data/results/cell_names	/raid/kang/DelSIEVE/simulation_results/IndelSIEVE_benchmark_pipeline_ld_003/benchmark_results/sciphin/no_cnv/0005/post_processed/sciphin.cell_names	/raid/kang/DelSIEVE/simulation_results/IndelSIEVE_benchmark_pipeline_ld_003/benchmark_results/simulated_data/results/data_type/no_cnv/0005/true_evo_events_sites_names	/raid/kang/DelSIEVE/simulation_results/IndelSIEVE_benchmark_pipeline_ld_003/benchmark_results/sciphin/no_cnv/0005/post_processed/sciphin.loci_info	/raid/kang/DelSIEVE/simulation_results/IndelSIEVE_benchmark_pipeline_ld_003/benchmark_results/simulated_data/results/data_type/no_cnv/0005/true_evo_events_genotypes_numeric	/raid/kang/DelSIEVE/simulation_results/IndelSIEVE_benchmark_pipeline_ld_003/benchmark_results/sciphin/no_cnv/0005/post_processed/sciphin.genotypes	/raid/kang/DelSIEVE/simulation_results/IndelSIEVE_benchmark_pipeline_ld_003/benchmark_results/simulated_data/results/data_type/no_cnv/0005/true_evo_events_ternary_matrix.simple	/raid/kang/DelSIEVE/simulation_results/IndelSIEVE_benchmark_pipeline_ld_003/benchmark_results/sciphin/no_cnv/0005/post_processed/sciphin.ternary	/raid/kang/DelSIEVE/simulation_results/IndelSIEVE_benchmark_pipeline_ld_003/benchmark_results/sciphin/no_cnv/0005/post_processed/sciphin.genotype_probs	9854	313	13738	1895	0.8387096774193549	0.9692141241270776	0.8992516882642819	0.0222759945911323	9808	359	14838	783	0.9260693041261449	0.9646896823054982	0.9449850659986512	0.023623083503323	8085	2082	14850	771	0.912940379403794	0.7952198288580702	0.8500236555748304	0.122962437987243	0	0	24353	1435	0.0	NA	NA	0.0	1435	313	8	1427	0	0	21899	901	0.0	NA	0.0	NA	0	0	22750	50	0.0	NA	0.0	NA	0	0	22500	300	0.0	NA	0.0	NA	0	0	22249	551	0.0	NA	0.0	NA	507	44	296	0	0	0	22800	0	NA	NA	0.0	NA
40	20	2	0.001999	0.16334	3e-05	3e-06	0.0	0006	sciphin	candidate_snvs	NA	NA	no_cnv	/raid/kang/DelSIEVE/simulation_results/IndelSIEVE_benchmark_pipeline_ld_003/benchmark_results/simulated_data/results/cell_names	/raid/kang/DelSIEVE/simulation_results/IndelSIEVE_benchmark_pipeline_ld_003/benchmark_results/sciphin/no_cnv/0006/post_processed/sciphin.cell_names	/raid/kang/DelSIEVE/simulation_results/IndelSIEVE_benchmark_pipeline_ld_003/benchmark_results/simulated_data/results/data_type/no_cnv/0006/true_evo_events_sites_names	/raid/kang/DelSIEVE/simulation_results/IndelSIEVE_benchmark_pipeline_ld_003/benchmark_results/sciphin/no_cnv/0006/post_processed/sciphin.loci_info	/raid/kang/DelSIEVE/simulation_results/IndelSIEVE_benchmark_pipeline_ld_003/benchmark_results/simulated_data/results/data_type/no_cnv/0006/true_evo_events_genotypes_numeric	/raid/kang/DelSIEVE/simulation_results/IndelSIEVE_benchmark_pipeline_ld_003/benchmark_results/sciphin/no_cnv/0006/post_processed/sciphin.genotypes	/raid/kang/DelSIEVE/simulation_results/IndelSIEVE_benchmark_pipeline_ld_003/benchmark_results/simulated_data/results/data_type/no_cnv/0006/true_evo_events_ternary_matrix.simple	/raid/kang/DelSIEVE/simulation_results/IndelSIEVE_benchmark_pipeline_ld_003/benchmark_results/sciphin/no_cnv/0006/post_processed/sciphin.ternary	/raid/kang/DelSIEVE/simulation_results/IndelSIEVE_benchmark_pipeline_ld_003/benchmark_results/sciphin/no_cnv/0006/post_processed/sciphin.genotype_probs	13172	286	12739	2323	0.850080671184253	0.978748699658196	0.9098884398853314	0.021957773512476	13121	337	14209	849	0.939226914817466	0.9749591321147272	0.9567595158232464	0.0231678812044548	10065	3393	14225	833	0.9235639566893008	0.7478823004904146	0.8264903925110857	0.1925871268021342	0	0	25994	2522	0.0	NA	NA	0.0	2522	286	6	2516	0	0	23796	1604	0.0	NA	0.0	NA	0	0	25384	16	0.0	NA	0.0	NA	0	0	24850	550	0.0	NA	0.0	NA	0	0	24362	1038	0.0	NA	0.0	NA	991	47	540	0	0	0	25400	0	NA	NA	0.0	NA
40	20	2	0.001999	0.16334	3e-05	3e-06	0.0	0007	sciphin	candidate_snvs	NA	NA	no_cnv	/raid/kang/DelSIEVE/simulation_results/IndelSIEVE_benchmark_pipeline_ld_003/benchmark_results/simulated_data/results/cell_names	/raid/kang/DelSIEVE/simulation_results/IndelSIEVE_benchmark_pipeline_ld_003/benchmark_results/sciphin/no_cnv/0007/post_processed/sciphin.cell_names	/raid/kang/DelSIEVE/simulation_results/IndelSIEVE_benchmark_pipeline_ld_003/benchmark_results/simulated_data/results/data_type/no_cnv/0007/true_evo_events_sites_names	/raid/kang/DelSIEVE/simulation_results/IndelSIEVE_benchmark_pipeline_ld_003/benchmark_results/sciphin/no_cnv/0007/post_processed/sciphin.loci_info	/raid/kang/DelSIEVE/simulation_results/IndelSIEVE_benchmark_pipeline_ld_003/benchmark_results/simulated_data/results/data_type/no_cnv/0007/true_evo_events_genotypes_numeric	/raid/kang/DelSIEVE/simulation_results/IndelSIEVE_benchmark_pipeline_ld_003/benchmark_results/sciphin/no_cnv/0007/post_processed/sciphin.genotypes	/raid/kang/DelSIEVE/simulation_results/IndelSIEVE_benchmark_pipeline_ld_003/benchmark_results/simulated_data/results/data_type/no_cnv/0007/true_evo_events_ternary_matrix.simple	/raid/kang/DelSIEVE/simulation_results/IndelSIEVE_benchmark_pipeline_ld_003/benchmark_results/sciphin/no_cnv/0007/post_processed/sciphin.ternary	/raid/kang/DelSIEVE/simulation_results/IndelSIEVE_benchmark_pipeline_ld_003/benchmark_results/sciphin/no_cnv/0007/post_processed/sciphin.genotype_probs	7591	275	18896	1838	0.8050694665393997	0.9650394101195016	0.8778259612604798	0.0143445829638516	7577	289	19812	917	0.8920414410171886	0.96325959827104	0.9262836185819072	0.0143773941594945	6619	1247	19817	912	0.8789005444164122	0.8414696160691584	0.8597778788075598	0.059200531712875	0	0	27786	809	0.0	NA	NA	0.0	809	275	3	806	0	0	23598	642	0.0	NA	0.0	NA	0	0	24237	3	0.0	NA	0.0	NA	0	0	24086	154	0.0	NA	0.0	NA	0	0	23755	485	0.0	NA	0.0	NA	471	14	152	0	0	0	24240	0	NA	NA	0.0	NA
40	20	2	0.001999	0.16334	3e-05	3e-06	0.0	0008	sciphin	candidate_snvs	NA	NA	no_cnv	/raid/kang/DelSIEVE/simulation_results/IndelSIEVE_benchmark_pipeline_ld_003/benchmark_results/simulated_data/results/cell_names	/raid/kang/DelSIEVE/simulation_results/IndelSIEVE_benchmark_pipeline_ld_003/benchmark_results/sciphin/no_cnv/0008/post_processed/sciphin.cell_names	/raid/kang/DelSIEVE/simulation_results/IndelSIEVE_benchmark_pipeline_ld_003/benchmark_results/simulated_data/results/data_type/no_cnv/0008/true_evo_events_sites_names	/raid/kang/DelSIEVE/simulation_results/IndelSIEVE_benchmark_pipeline_ld_003/benchmark_results/sciphin/no_cnv/0008/post_processed/sciphin.loci_info	/raid/kang/DelSIEVE/simulation_results/IndelSIEVE_benchmark_pipeline_ld_003/benchmark_results/simulated_data/results/data_type/no_cnv/0008/true_evo_events_genotypes_numeric	/raid/kang/DelSIEVE/simulation_results/IndelSIEVE_benchmark_pipeline_ld_003/benchmark_results/sciphin/no_cnv/0008/post_processed/sciphin.genotypes	/raid/kang/DelSIEVE/simulation_results/IndelSIEVE_benchmark_pipeline_ld_003/benchmark_results/simulated_data/results/data_type/no_cnv/0008/true_evo_events_ternary_matrix.simple	/raid/kang/DelSIEVE/simulation_results/IndelSIEVE_benchmark_pipeline_ld_003/benchmark_results/sciphin/no_cnv/0008/post_processed/sciphin.ternary	/raid/kang/DelSIEVE/simulation_results/IndelSIEVE_benchmark_pipeline_ld_003/benchmark_results/sciphin/no_cnv/0008/post_processed/sciphin.genotype_probs	9652	349	16690	1949	0.831997241617102	0.9651034896510348	0.8936209610221275	0.0204824226773871	9631	370	17775	858	0.9182000190675946	0.963003699630037	0.9400683260126892	0.0203912923670432	8041	1960	17787	846	0.9048047710138404	0.804019598040196	0.8514400677678948	0.0992555831265508	0	0	27195	1439	0.0	NA	NA	0.0	1439	349	6	1433	0	0	23548	812	0.0	NA	0.0	NA	0	0	24353	7	0.0	NA	0.0	NA	0	0	24197	163	0.0	NA	0.0	NA	0	0	23718	642	0.0	NA	0.0	NA	621	21	157	0	0	0	24360	0	NA	NA	0.0	NA
40	20	2	0.001999	0.16334	3e-05	3e-06	0.0	0009	sciphin	candidate_snvs	NA	NA	no_cnv	/raid/kang/DelSIEVE/simulation_results/IndelSIEVE_benchmark_pipeline_ld_003/benchmark_results/simulated_data/results/cell_names	/raid/kang/DelSIEVE/simulation_results/IndelSIEVE_benchmark_pipeline_ld_003/benchmark_results/sciphin/no_cnv/0009/post_processed/sciphin.cell_names	/raid/kang/DelSIEVE/simulation_results/IndelSIEVE_benchmark_pipeline_ld_003/benchmark_results/simulated_data/results/data_type/no_cnv/0009/true_evo_events_sites_names	/raid/kang/DelSIEVE/simulation_results/IndelSIEVE_benchmark_pipeline_ld_003/benchmark_results/sciphin/no_cnv/0009/post_processed/sciphin.loci_info	/raid/kang/DelSIEVE/simulation_results/IndelSIEVE_benchmark_pipeline_ld_003/benchmark_results/simulated_data/results/data_type/no_cnv/0009/true_evo_events_genotypes_numeric	/raid/kang/DelSIEVE/simulation_results/IndelSIEVE_benchmark_pipeline_ld_003/benchmark_results/sciphin/no_cnv/0009/post_processed/sciphin.genotypes	/raid/kang/DelSIEVE/simulation_results/IndelSIEVE_benchmark_pipeline_ld_003/benchmark_results/simulated_data/results/data_type/no_cnv/0009/true_evo_events_ternary_matrix.simple	/raid/kang/DelSIEVE/simulation_results/IndelSIEVE_benchmark_pipeline_ld_003/benchmark_results/sciphin/no_cnv/0009/post_processed/sciphin.ternary	/raid/kang/DelSIEVE/simulation_results/IndelSIEVE_benchmark_pipeline_ld_003/benchmark_results/sciphin/no_cnv/0009/post_processed/sciphin.genotype_probs	10187	359	15353	1981	0.8371959237343852	0.9659586573108287	0.8969798362243551	0.0228487780040733	10138	408	16393	939	0.9152297553489211	0.9613123459131424	0.9377052212921426	0.0242842687935241	8521	2025	16412	920	0.902552695689016	0.8079840697894937	0.8526542252464101	0.1098334870098172	0	0	26580	1298	0.0	NA	NA	0.0	1298	359	10	1288	0	0	23170	1110	0.0	NA	0.0	NA	0	0	24260	20	0.0	NA	0.0	NA	0	0	23942	338	0.0	NA	0.0	NA	0	0	23528	752	0.0	NA	0.0	NA	710	42	329	0	0	0	24280	0	NA	NA	0.0	NA
40	20	2	0.001999	0.16334	3e-05	3e-06	0.0	0010	sciphin	candidate_snvs	NA	NA	no_cnv	/raid/kang/DelSIEVE/simulation_results/IndelSIEVE_benchmark_pipeline_ld_003/benchmark_results/simulated_data/results/cell_names	/raid/kang/DelSIEVE/simulation_results/IndelSIEVE_benchmark_pipeline_ld_003/benchmark_results/sciphin/no_cnv/0010/post_processed/sciphin.cell_names	/raid/kang/DelSIEVE/simulation_results/IndelSIEVE_benchmark_pipeline_ld_003/benchmark_results/simulated_data/results/data_type/no_cnv/0010/true_evo_events_sites_names	/raid/kang/DelSIEVE/simulation_results/IndelSIEVE_benchmark_pipeline_ld_003/benchmark_results/sciphin/no_cnv/0010/post_processed/sciphin.loci_info	/raid/kang/DelSIEVE/simulation_results/IndelSIEVE_benchmark_pipeline_ld_003/benchmark_results/simulated_data/results/data_type/no_cnv/0010/true_evo_events_genotypes_numeric	/raid/kang/DelSIEVE/simulation_results/IndelSIEVE_benchmark_pipeline_ld_003/benchmark_results/sciphin/no_cnv/0010/post_processed/sciphin.genotypes	/raid/kang/DelSIEVE/simulation_results/IndelSIEVE_benchmark_pipeline_ld_003/benchmark_results/simulated_data/results/data_type/no_cnv/0010/true_evo_events_ternary_matrix.simple	/raid/kang/DelSIEVE/simulation_results/IndelSIEVE_benchmark_pipeline_ld_003/benchmark_results/sciphin/no_cnv/0010/post_processed/sciphin.ternary	/raid/kang/DelSIEVE/simulation_results/IndelSIEVE_benchmark_pipeline_ld_003/benchmark_results/sciphin/no_cnv/0010/post_processed/sciphin.genotype_probs	7265	425	15483	1867	0.7955540954883925	0.9447334200260078	0.8637498513850909	0.0267161176766406	7244	446	16359	978	0.8810508392118706	0.942002600780234	0.910507792860734	0.0265397203213329	6151	1539	16372	965	0.8643901068015739	0.7998699609882964	0.8308793732270702	0.0859248506504382	0	0	24114	913	0.0	NA	NA	0.0	913	425	6	907	0	0	20947	733	0.0	NA	0.0	NA	0	0	21674	6	0.0	NA	0.0	NA	0	0	21487	193	0.0	NA	0.0	NA	0	0	21146	534	0.0	NA	0.0	NA	513	21	186	0	0	0	21680	0	NA	NA	0.0	NA
40	20	2	0.001999	0.16334	3e-05	3e-06	0.0	0001	sieve	candidate_snvs	smc_mu_ld_stage_1	mt	no_cnv	/raid/kang/DelSIEVE/simulation_results/IndelSIEVE_benchmark_pipeline_ld_003/benchmark_results/simulated_data/results/cell_names	/raid/kang/DelSIEVE/simulation_results/IndelSIEVE_benchmark_pipeline_ld_003/benchmark_results/indelsieve/from_candidate/variant_calling/mt/no_cnv/smc_mu_ld_stage_1/0001/indelsieve_median.cell_names	/raid/kang/DelSIEVE/simulation_results/IndelSIEVE_benchmark_pipeline_ld_003/benchmark_results/simulated_data/results/data_type/no_cnv/0001/true_evo_events_sites_names	/raid/kang/DelSIEVE/simulation_results/IndelSIEVE_benchmark_pipeline_ld_003/benchmark_results/indelsieve/from_candidate/variant_calling/mt/no_cnv/smc_mu_ld_stage_1/0001/indelsieve_median.loci_info	/raid/kang/DelSIEVE/simulation_results/IndelSIEVE_benchmark_pipeline_ld_003/benchmark_results/simulated_data/results/data_type/no_cnv/0001/true_evo_events_genotypes_numeric	/raid/kang/DelSIEVE/simulation_results/IndelSIEVE_benchmark_pipeline_ld_003/benchmark_results/indelsieve/from_candidate/variant_calling/mt/no_cnv/smc_mu_ld_stage_1/0001/indelsieve_median.genotypes	/raid/kang/DelSIEVE/simulation_results/IndelSIEVE_benchmark_pipeline_ld_003/benchmark_results/simulated_data/results/data_type/no_cnv/0001/true_evo_events_ternary_matrix.simple	/raid/kang/DelSIEVE/simulation_results/IndelSIEVE_benchmark_pipeline_ld_003/benchmark_results/indelsieve/from_candidate/variant_calling/mt/no_cnv/smc_mu_ld_stage_1/0001/indelsieve_median.ternary	/raid/kang/DelSIEVE/simulation_results/IndelSIEVE_benchmark_pipeline_ld_003/benchmark_results/indelsieve/from_candidate/variant_calling/mt/no_cnv/smc_mu_ld_stage_1/0001/indelsieve_median.probs	10871	99	15734	1576	0.8733831445328192	0.990975387420237	0.9284707690993724	0.0062527632160677	10821	149	16934	369	0.967024128686327	0.9864175022789424	0.976624548736462	0.0087221214072469	9108	392	18376	397	0.9582325092056811	0.9587368421052632	0.9584846093133388	0.0208866155157715	1278	192	26648	155	0.8918353105373342	0.8693877551020408	0.8804684808818464	0.0071535022354694	1433	99	4	151	0	0	23426	1134	0.0	NA	0.0	NA	0	0	24551	9	0.0	NA	0.0	NA	0	0	24308	252	0.0	NA	0.0	NA	0	0	23687	873	0.0	NA	0.0	NA	823	49	93	157	0	0	24560	0	NA	NA	0.0	NA
40	20	2	0.001999	0.16334	3e-05	3e-06	0.0	0002	sieve	candidate_snvs	smc_mu_ld_stage_1	mt	no_cnv	/raid/kang/DelSIEVE/simulation_results/IndelSIEVE_benchmark_pipeline_ld_003/benchmark_results/simulated_data/results/cell_names	/raid/kang/DelSIEVE/simulation_results/IndelSIEVE_benchmark_pipeline_ld_003/benchmark_results/indelsieve/from_candidate/variant_calling/mt/no_cnv/smc_mu_ld_stage_1/0002/indelsieve_mode_gaussian.cell_names	/raid/kang/DelSIEVE/simulation_results/IndelSIEVE_benchmark_pipeline_ld_003/benchmark_results/simulated_data/results/data_type/no_cnv/0002/true_evo_events_sites_names	/raid/kang/DelSIEVE/simulation_results/IndelSIEVE_benchmark_pipeline_ld_003/benchmark_results/indelsieve/from_candidate/variant_calling/mt/no_cnv/smc_mu_ld_stage_1/0002/indelsieve_mode_gaussian.loci_info	/raid/kang/DelSIEVE/simulation_results/IndelSIEVE_benchmark_pipeline_ld_003/benchmark_results/simulated_data/results/data_type/no_cnv/0002/true_evo_events_genotypes_numeric	/raid/kang/DelSIEVE/simulation_results/IndelSIEVE_benchmark_pipeline_ld_003/benchmark_results/indelsieve/from_candidate/variant_calling/mt/no_cnv/smc_mu_ld_stage_1/0002/indelsieve_mode_gaussian.genotypes	/raid/kang/DelSIEVE/simulation_results/IndelSIEVE_benchmark_pipeline_ld_003/benchmark_results/simulated_data/results/data_type/no_cnv/0002/true_evo_events_ternary_matrix.simple	/raid/kang/DelSIEVE/simulation_results/IndelSIEVE_benchmark_pipeline_ld_003/benchmark_results/indelsieve/from_candidate/variant_calling/mt/no_cnv/smc_mu_ld_stage_1/0002/indelsieve_mode_gaussian.ternary	/raid/kang/DelSIEVE/simulation_results/IndelSIEVE_benchmark_pipeline_ld_003/benchmark_results/indelsieve/from_candidate/variant_calling/mt/no_cnv/smc_mu_ld_stage_1/0002/indelsieve_mode_gaussian.probs	10600	99	15912	1909	0.8473898792869134	0.9907467987662398	0.9134781109962083	0.0061832490163012	10546	153	17437	368	0.9662818398387392	0.9856995980932798	0.9758941377874428	0.0086981239340534	9040	401	18677	386	0.9590494377254404	0.9575256858383646	0.958286956060847	0.0210189747352972	1008	250	27105	141	0.8772845953002611	0.8012718600953895	0.8375571250519319	0.0091390970572107	1149	99	4	137	0	0	22475	1325	0.0	NA	0.0	NA	0	0	23792	8	0.0	NA	0.0	NA	0	0	23461	339	0.0	NA	0.0	NA	0	0	22822	978	0.0	NA	0.0	NA	925	53	112	224	0	0	23800	0	NA	NA	0.0	NA
40	20	2	0.001999	0.16334	3e-05	3e-06	0.0	0003	sieve	candidate_snvs	smc_mu_ld_stage_1	mt	no_cnv	/raid/kang/DelSIEVE/simulation_results/IndelSIEVE_benchmark_pipeline_ld_003/benchmark_results/simulated_data/results/cell_names	/raid/kang/DelSIEVE/simulation_results/IndelSIEVE_benchmark_pipeline_ld_003/benchmark_results/indelsieve/from_candidate/variant_calling/mt/no_cnv/smc_mu_ld_stage_1/0003/indelsieve_median.cell_names	/raid/kang/DelSIEVE/simulation_results/IndelSIEVE_benchmark_pipeline_ld_003/benchmark_results/simulated_data/results/data_type/no_cnv/0003/true_evo_events_sites_names	/raid/kang/DelSIEVE/simulation_results/IndelSIEVE_benchmark_pipeline_ld_003/benchmark_results/indelsieve/from_candidate/variant_calling/mt/no_cnv/smc_mu_ld_stage_1/0003/indelsieve_median.loci_info	/raid/kang/DelSIEVE/simulation_results/IndelSIEVE_benchmark_pipeline_ld_003/benchmark_results/simulated_data/results/data_type/no_cnv/0003/true_evo_events_genotypes_numeric	/raid/kang/DelSIEVE/simulation_results/IndelSIEVE_benchmark_pipeline_ld_003/benchmark_results/indelsieve/from_candidate/variant_calling/mt/no_cnv/smc_mu_ld_stage_1/0003/indelsieve_median.genotypes	/raid/kang/DelSIEVE/simulation_results/IndelSIEVE_benchmark_pipeline_ld_003/benchmark_results/simulated_data/results/data_type/no_cnv/0003/true_evo_events_ternary_matrix.simple	/raid/kang/DelSIEVE/simulation_results/IndelSIEVE_benchmark_pipeline_ld_003/benchmark_results/indelsieve/from_candidate/variant_calling/mt/no_cnv/smc_mu_ld_stage_1/0003/indelsieve_median.ternary	/raid/kang/DelSIEVE/simulation_results/IndelSIEVE_benchmark_pipeline_ld_003/benchmark_results/indelsieve/from_candidate/variant_calling/mt/no_cnv/smc_mu_ld_stage_1/0003/indelsieve_median.probs	13579	74	12973	1894	0.8775932269113941	0.994579945799458	0.9324315044976996	0.0056718019468076	13495	158	14606	255	0.9814545454545456	0.988427451842086	0.984928657446265	0.0107017068545109	10467	412	17323	312	0.9710548288338436	0.9621288721389832	0.9665712438821682	0.0232308993515647	2289	485	25577	163	0.9335236541598696	0.8251622206200433	0.8760045924225028	0.0186094697260379	2452	74	3	160	0	0	24064	1736	0.0	NA	0.0	NA	0	0	25749	51	0.0	NA	0.0	NA	0	0	25281	519	0.0	NA	0.0	NA	0	0	24634	1166	0.0	NA	0.0	NA	1119	47	99	418	0	0	25800	0	NA	NA	0.0	NA
40	20	2	0.001999	0.16334	3e-05	3e-06	0.0	0004	sieve	candidate_snvs	smc_mu_ld_stage_1	mt	no_cnv	/raid/kang/DelSIEVE/simulation_results/IndelSIEVE_benchmark_pipeline_ld_003/benchmark_results/simulated_data/results/cell_names	/raid/kang/DelSIEVE/simulation_results/IndelSIEVE_benchmark_pipeline_ld_003/benchmark_results/indelsieve/from_candidate/variant_calling/mt/no_cnv/smc_mu_ld_stage_1/0004/indelsieve_median.cell_names	/raid/kang/DelSIEVE/simulation_results/IndelSIEVE_benchmark_pipeline_ld_003/benchmark_results/simulated_data/results/data_type/no_cnv/0004/true_evo_events_sites_names	/raid/kang/DelSIEVE/simulation_results/IndelSIEVE_benchmark_pipeline_ld_003/benchmark_results/indelsieve/from_candidate/variant_calling/mt/no_cnv/smc_mu_ld_stage_1/0004/indelsieve_median.loci_info	/raid/kang/DelSIEVE/simulation_results/IndelSIEVE_benchmark_pipeline_ld_003/benchmark_results/simulated_data/results/data_type/no_cnv/0004/true_evo_events_genotypes_numeric	/raid/kang/DelSIEVE/simulation_results/IndelSIEVE_benchmark_pipeline_ld_003/benchmark_results/indelsieve/from_candidate/variant_calling/mt/no_cnv/smc_mu_ld_stage_1/0004/indelsieve_median.genotypes	/raid/kang/DelSIEVE/simulation_results/IndelSIEVE_benchmark_pipeline_ld_003/benchmark_results/simulated_data/results/data_type/no_cnv/0004/true_evo_events_ternary_matrix.simple	/raid/kang/DelSIEVE/simulation_results/IndelSIEVE_benchmark_pipeline_ld_003/benchmark_results/indelsieve/from_candidate/variant_calling/mt/no_cnv/smc_mu_ld_stage_1/0004/indelsieve_median.ternary	/raid/kang/DelSIEVE/simulation_results/IndelSIEVE_benchmark_pipeline_ld_003/benchmark_results/indelsieve/from_candidate/variant_calling/mt/no_cnv/smc_mu_ld_stage_1/0004/indelsieve_median.probs	12816	91	14185	1508	0.8947221446523318	0.992949562253041	0.9412801586427234	0.0063743345474922	12757	150	15453	235	0.9819119458128078	0.9883783993181994	0.9851345611799682	0.0096135358584887	10303	358	17672	262	0.97520113582584	0.9664196604446113	0.9707905399038914	0.0198557958957293	1882	364	26239	110	0.9447791164658634	0.8379341050756901	0.8881547899952807	0.0136826673683419	1992	90	1	109	0	0	24714	1406	0.0	NA	0.0	NA	0	0	26107	13	0.0	NA	0.0	NA	0	0	25685	435	0.0	NA	0.0	NA	0	0	25162	958	0.0	NA	0.0	NA	900	58	101	332	0	0	26120	0	NA	NA	0.0	NA
40	20	2	0.001999	0.16334	3e-05	3e-06	0.0	0005	sieve	candidate_snvs	smc_mu_ld_stage_1	mt	no_cnv	/raid/kang/DelSIEVE/simulation_results/IndelSIEVE_benchmark_pipeline_ld_003/benchmark_results/simulated_data/results/cell_names	/raid/kang/DelSIEVE/simulation_results/IndelSIEVE_benchmark_pipeline_ld_003/benchmark_results/indelsieve/from_candidate/variant_calling/mt/no_cnv/smc_mu_ld_stage_1/0005/indelsieve_median.cell_names	/raid/kang/DelSIEVE/simulation_results/IndelSIEVE_benchmark_pipeline_ld_003/benchmark_results/simulated_data/results/data_type/no_cnv/0005/true_evo_events_sites_names	/raid/kang/DelSIEVE/simulation_results/IndelSIEVE_benchmark_pipeline_ld_003/benchmark_results/indelsieve/from_candidate/variant_calling/mt/no_cnv/smc_mu_ld_stage_1/0005/indelsieve_median.loci_info	/raid/kang/DelSIEVE/simulation_results/IndelSIEVE_benchmark_pipeline_ld_003/benchmark_results/simulated_data/results/data_type/no_cnv/0005/true_evo_events_genotypes_numeric	/raid/kang/DelSIEVE/simulation_results/IndelSIEVE_benchmark_pipeline_ld_003/benchmark_results/indelsieve/from_candidate/variant_calling/mt/no_cnv/smc_mu_ld_stage_1/0005/indelsieve_median.genotypes	/raid/kang/DelSIEVE/simulation_results/IndelSIEVE_benchmark_pipeline_ld_003/benchmark_results/simulated_data/results/data_type/no_cnv/0005/true_evo_events_ternary_matrix.simple	/raid/kang/DelSIEVE/simulation_results/IndelSIEVE_benchmark_pipeline_ld_003/benchmark_results/indelsieve/from_candidate/variant_calling/mt/no_cnv/smc_mu_ld_stage_1/0005/indelsieve_median.ternary	/raid/kang/DelSIEVE/simulation_results/IndelSIEVE_benchmark_pipeline_ld_003/benchmark_results/indelsieve/from_candidate/variant_calling/mt/no_cnv/smc_mu_ld_stage_1/0005/indelsieve_median.probs	10363	76	13975	1386	0.8820325134053962	0.9927196091579652	0.9341085271317828	0.0054088676962493	10285	154	15043	305	0.9711992445703492	0.9852476290832456	0.9781729991915924	0.0101335789958544	8508	372	16559	348	0.9607046070460704	0.958108108108108	0.959404600811908	0.0219715315102474	1302	257	24095	133	0.9073170731707316	0.8351507376523413	0.8697394789579157	0.0105535479632063	1435	76	2	131	0	0	21668	892	0.0	NA	0.0	NA	0	0	22510	50	0.0	NA	0.0	NA	0	0	22261	299	0.0	NA	0.0	NA	0	0	22017	543	0.0	NA	0.0	NA	488	55	89	208	0	0	22560	0	NA	NA	0.0	NA
40	20	2	0.001999	0.16334	3e-05	3e-06	0.0	0006	sieve	candidate_snvs	smc_mu_ld_stage_1	mt	no_cnv	/raid/kang/DelSIEVE/simulation_results/IndelSIEVE_benchmark_pipeline_ld_003/benchmark_results/simulated_data/results/cell_names	/raid/kang/DelSIEVE/simulation_results/IndelSIEVE_benchmark_pipeline_ld_003/benchmark_results/indelsieve/from_candidate/variant_calling/mt/no_cnv/smc_mu_ld_stage_1/0006/indelsieve_median.cell_names	/raid/kang/DelSIEVE/simulation_results/IndelSIEVE_benchmark_pipeline_ld_003/benchmark_results/simulated_data/results/data_type/no_cnv/0006/true_evo_events_sites_names	/raid/kang/DelSIEVE/simulation_results/IndelSIEVE_benchmark_pipeline_ld_003/benchmark_results/indelsieve/from_candidate/variant_calling/mt/no_cnv/smc_mu_ld_stage_1/0006/indelsieve_median.loci_info	/raid/kang/DelSIEVE/simulation_results/IndelSIEVE_benchmark_pipeline_ld_003/benchmark_results/simulated_data/results/data_type/no_cnv/0006/true_evo_events_genotypes_numeric	/raid/kang/DelSIEVE/simulation_results/IndelSIEVE_benchmark_pipeline_ld_003/benchmark_results/indelsieve/from_candidate/variant_calling/mt/no_cnv/smc_mu_ld_stage_1/0006/indelsieve_median.genotypes	/raid/kang/DelSIEVE/simulation_results/IndelSIEVE_benchmark_pipeline_ld_003/benchmark_results/simulated_data/results/data_type/no_cnv/0006/true_evo_events_ternary_matrix.simple	/raid/kang/DelSIEVE/simulation_results/IndelSIEVE_benchmark_pipeline_ld_003/benchmark_results/indelsieve/from_candidate/variant_calling/mt/no_cnv/smc_mu_ld_stage_1/0006/indelsieve_median.ternary	/raid/kang/DelSIEVE/simulation_results/IndelSIEVE_benchmark_pipeline_ld_003/benchmark_results/indelsieve/from_candidate/variant_calling/mt/no_cnv/smc_mu_ld_stage_1/0006/indelsieve_median.probs	13742	75	12950	1753	0.886866731203614	0.994571904176015	0.937636462882096	0.0057581573896353	13667	150	14396	303	0.9783106657122406	0.98914380835203	0.9836974124590636	0.0103121132957514	10575	413	17205	323	0.9703615342264637	0.9624135420458684	0.966371196198483	0.0234419343852877	2357	472	25522	165	0.9345757335448056	0.8331565924354896	0.8809568304989721	0.0181580364699546	2522	75	4	161	0	0	23412	1548	0.0	NA	0.0	NA	0	0	24944	16	0.0	NA	0.0	NA	0	0	24410	550	0.0	NA	0.0	NA	0	0	23978	982	0.0	NA	0.0	NA	911	71	106	441	0	0	24960	0	NA	NA	0.0	NA
40	20	2	0.001999	0.16334	3e-05	3e-06	0.0	0007	sieve	candidate_snvs	smc_mu_ld_stage_1	mt	no_cnv	/raid/kang/DelSIEVE/simulation_results/IndelSIEVE_benchmark_pipeline_ld_003/benchmark_results/simulated_data/results/cell_names	/raid/kang/DelSIEVE/simulation_results/IndelSIEVE_benchmark_pipeline_ld_003/benchmark_results/indelsieve/from_candidate/variant_calling/mt/no_cnv/smc_mu_ld_stage_1/0007/indelsieve_median.cell_names	/raid/kang/DelSIEVE/simulation_results/IndelSIEVE_benchmark_pipeline_ld_003/benchmark_results/simulated_data/results/data_type/no_cnv/0007/true_evo_events_sites_names	/raid/kang/DelSIEVE/simulation_results/IndelSIEVE_benchmark_pipeline_ld_003/benchmark_results/indelsieve/from_candidate/variant_calling/mt/no_cnv/smc_mu_ld_stage_1/0007/indelsieve_median.loci_info	/raid/kang/DelSIEVE/simulation_results/IndelSIEVE_benchmark_pipeline_ld_003/benchmark_results/simulated_data/results/data_type/no_cnv/0007/true_evo_events_genotypes_numeric	/raid/kang/DelSIEVE/simulation_results/IndelSIEVE_benchmark_pipeline_ld_003/benchmark_results/indelsieve/from_candidate/variant_calling/mt/no_cnv/smc_mu_ld_stage_1/0007/indelsieve_median.genotypes	/raid/kang/DelSIEVE/simulation_results/IndelSIEVE_benchmark_pipeline_ld_003/benchmark_results/simulated_data/results/data_type/no_cnv/0007/true_evo_events_ternary_matrix.simple	/raid/kang/DelSIEVE/simulation_results/IndelSIEVE_benchmark_pipeline_ld_003/benchmark_results/indelsieve/from_candidate/variant_calling/mt/no_cnv/smc_mu_ld_stage_1/0007/indelsieve_median.ternary	/raid/kang/DelSIEVE/simulation_results/IndelSIEVE_benchmark_pipeline_ld_003/benchmark_results/indelsieve/from_candidate/variant_calling/mt/no_cnv/smc_mu_ld_stage_1/0007/indelsieve_median.probs	8120	124	19047	1309	0.8611729769858946	0.984958757884522	0.9189158603519492	0.0064681028637003	8078	166	19935	416	0.9510242524134684	0.9798641436196022	0.9652288206476282	0.0082582956071837	7086	323	20741	445	0.9409109016066924	0.956404373059792	0.9485943775100402	0.0153342195214584	705	130	27656	104	0.8714462299134734	0.844311377245509	0.8576642335766423	0.0046786151299215	809	124	0	104	0	0	23285	635	0.0	NA	0.0	NA	0	0	23917	3	0.0	NA	0.0	NA	0	0	23766	154	0.0	NA	0.0	NA	0	0	23442	478	0.0	NA	0.0	NA	436	41	54	100	0	0	23920	0	NA	NA	0.0	NA
40	20	2	0.001999	0.16334	3e-05	3e-06	0.0	0008	sieve	candidate_snvs	smc_mu_ld_stage_1	mt	no_cnv	/raid/kang/DelSIEVE/simulation_results/IndelSIEVE_benchmark_pipeline_ld_003/benchmark_results/simulated_data/results/cell_names	/raid/kang/DelSIEVE/simulation_results/IndelSIEVE_benchmark_pipeline_ld_003/benchmark_results/indelsieve/from_candidate/variant_calling/mt/no_cnv/smc_mu_ld_stage_1/0008/indelsieve_median.cell_names	/raid/kang/DelSIEVE/simulation_results/IndelSIEVE_benchmark_pipeline_ld_003/benchmark_results/simulated_data/results/data_type/no_cnv/0008/true_evo_events_sites_names	/raid/kang/DelSIEVE/simulation_results/IndelSIEVE_benchmark_pipeline_ld_003/benchmark_results/indelsieve/from_candidate/variant_calling/mt/no_cnv/smc_mu_ld_stage_1/0008/indelsieve_median.loci_info	/raid/kang/DelSIEVE/simulation_results/IndelSIEVE_benchmark_pipeline_ld_003/benchmark_results/simulated_data/results/data_type/no_cnv/0008/true_evo_events_genotypes_numeric	/raid/kang/DelSIEVE/simulation_results/IndelSIEVE_benchmark_pipeline_ld_003/benchmark_results/indelsieve/from_candidate/variant_calling/mt/no_cnv/smc_mu_ld_stage_1/0008/indelsieve_median.genotypes	/raid/kang/DelSIEVE/simulation_results/IndelSIEVE_benchmark_pipeline_ld_003/benchmark_results/simulated_data/results/data_type/no_cnv/0008/true_evo_events_ternary_matrix.simple	/raid/kang/DelSIEVE/simulation_results/IndelSIEVE_benchmark_pipeline_ld_003/benchmark_results/indelsieve/from_candidate/variant_calling/mt/no_cnv/smc_mu_ld_stage_1/0008/indelsieve_median.ternary	/raid/kang/DelSIEVE/simulation_results/IndelSIEVE_benchmark_pipeline_ld_003/benchmark_results/indelsieve/from_candidate/variant_calling/mt/no_cnv/smc_mu_ld_stage_1/0008/indelsieve_median.probs	10174	113	16926	1427	0.8769933626411516	0.9890152619811412	0.929641812865497	0.0066318445918187	10124	163	17982	365	0.9652016398131376	0.9841547584329736	0.9745860608394302	0.0089831909616974	8494	324	19423	393	0.9557781028468548	0.9632569743706056	0.9595029652640495	0.0164075555780624	1327	142	27053	112	0.922168172341904	0.9033356024506468	0.9126547455295736	0.0052215480786909	1439	113	2	110	0	0	23432	808	0.0	NA	0.0	NA	0	0	24233	7	0.0	NA	0.0	NA	0	0	24077	163	0.0	NA	0.0	NA	0	0	23602	638	0.0	NA	0.0	NA	588	50	51	111	0	0	24240	0	NA	NA	0.0	NA
40	20	2	0.001999	0.16334	3e-05	3e-06	0.0	0009	sieve	candidate_snvs	smc_mu_ld_stage_1	mt	no_cnv	/raid/kang/DelSIEVE/simulation_results/IndelSIEVE_benchmark_pipeline_ld_003/benchmark_results/simulated_data/results/cell_names	/raid/kang/DelSIEVE/simulation_results/IndelSIEVE_benchmark_pipeline_ld_003/benchmark_results/indelsieve/from_candidate/variant_calling/mt/no_cnv/smc_mu_ld_stage_1/0009/indelsieve_median.cell_names	/raid/kang/DelSIEVE/simulation_results/IndelSIEVE_benchmark_pipeline_ld_003/benchmark_results/simulated_data/results/data_type/no_cnv/0009/true_evo_events_sites_names	/raid/kang/DelSIEVE/simulation_results/IndelSIEVE_benchmark_pipeline_ld_003/benchmark_results/indelsieve/from_candidate/variant_calling/mt/no_cnv/smc_mu_ld_stage_1/0009/indelsieve_median.loci_info	/raid/kang/DelSIEVE/simulation_results/IndelSIEVE_benchmark_pipeline_ld_003/benchmark_results/simulated_data/results/data_type/no_cnv/0009/true_evo_events_genotypes_numeric	/raid/kang/DelSIEVE/simulation_results/IndelSIEVE_benchmark_pipeline_ld_003/benchmark_results/indelsieve/from_candidate/variant_calling/mt/no_cnv/smc_mu_ld_stage_1/0009/indelsieve_median.genotypes	/raid/kang/DelSIEVE/simulation_results/IndelSIEVE_benchmark_pipeline_ld_003/benchmark_results/simulated_data/results/data_type/no_cnv/0009/true_evo_events_ternary_matrix.simple	/raid/kang/DelSIEVE/simulation_results/IndelSIEVE_benchmark_pipeline_ld_003/benchmark_results/indelsieve/from_candidate/variant_calling/mt/no_cnv/smc_mu_ld_stage_1/0009/indelsieve_median.ternary	/raid/kang/DelSIEVE/simulation_results/IndelSIEVE_benchmark_pipeline_ld_003/benchmark_results/indelsieve/from_candidate/variant_calling/mt/no_cnv/smc_mu_ld_stage_1/0009/indelsieve_median.probs	10787	72	15640	1381	0.8865055884286653	0.9933695552076618	0.9369001606809398	0.0045824847250509	10713	146	16655	364	0.9671391170894648	0.9865549313933144	0.976750547045952	0.008689958931016	9062	367	18070	379	0.9598559474631924	0.9610775267790858	0.9604663487016428	0.01990562455931	1158	272	26308	140	0.8921417565485362	0.8097902097902098	0.8489736070381232	0.0102332580887885	1298	72	4	136	0	0	23170	1110	0.0	NA	0.0	NA	0	0	24260	20	0.0	NA	0.0	NA	0	0	23942	338	0.0	NA	0.0	NA	0	0	23528	752	0.0	NA	0.0	NA	687	65	92	244	0	0	24280	0	NA	NA	0.0	NA
40	20	2	0.001999	0.16334	3e-05	3e-06	0.0	0010	sieve	candidate_snvs	smc_mu_ld_stage_1	mt	no_cnv	/raid/kang/DelSIEVE/simulation_results/IndelSIEVE_benchmark_pipeline_ld_003/benchmark_results/simulated_data/results/cell_names	/raid/kang/DelSIEVE/simulation_results/IndelSIEVE_benchmark_pipeline_ld_003/benchmark_results/indelsieve/from_candidate/variant_calling/mt/no_cnv/smc_mu_ld_stage_1/0010/indelsieve_median.cell_names	/raid/kang/DelSIEVE/simulation_results/IndelSIEVE_benchmark_pipeline_ld_003/benchmark_results/simulated_data/results/data_type/no_cnv/0010/true_evo_events_sites_names	/raid/kang/DelSIEVE/simulation_results/IndelSIEVE_benchmark_pipeline_ld_003/benchmark_results/indelsieve/from_candidate/variant_calling/mt/no_cnv/smc_mu_ld_stage_1/0010/indelsieve_median.loci_info	/raid/kang/DelSIEVE/simulation_results/IndelSIEVE_benchmark_pipeline_ld_003/benchmark_results/simulated_data/results/data_type/no_cnv/0010/true_evo_events_genotypes_numeric	/raid/kang/DelSIEVE/simulation_results/IndelSIEVE_benchmark_pipeline_ld_003/benchmark_results/indelsieve/from_candidate/variant_calling/mt/no_cnv/smc_mu_ld_stage_1/0010/indelsieve_median.genotypes	/raid/kang/DelSIEVE/simulation_results/IndelSIEVE_benchmark_pipeline_ld_003/benchmark_results/simulated_data/results/data_type/no_cnv/0010/true_evo_events_ternary_matrix.simple	/raid/kang/DelSIEVE/simulation_results/IndelSIEVE_benchmark_pipeline_ld_003/benchmark_results/indelsieve/from_candidate/variant_calling/mt/no_cnv/smc_mu_ld_stage_1/0010/indelsieve_median.ternary	/raid/kang/DelSIEVE/simulation_results/IndelSIEVE_benchmark_pipeline_ld_003/benchmark_results/indelsieve/from_candidate/variant_calling/mt/no_cnv/smc_mu_ld_stage_1/0010/indelsieve_median.probs	7884	100	15808	1248	0.8633377135348226	0.9874749498997996	0.9212432811404532	0.0062861453356801	7865	119	16686	357	0.9565799075650692	0.9850951903807617	0.9706281624089844	0.0070812258256471	6719	319	17592	397	0.9442102304665544	0.9546746234725776	0.9494135933305076	0.0178102841829043	813	133	23981	100	0.8904709748083242	0.8594080338266384	0.8746637977407209	0.005515468192751	913	100	4	96	0	0	20629	731	0.0	NA	0.0	NA	0	0	21354	6	0.0	NA	0.0	NA	0	0	21167	193	0.0	NA	0.0	NA	0	0	20828	532	0.0	NA	0.0	NA	516	16	104	87	0	0	21360	0	NA	NA	0.0	NA
40	20	2	0.001999	0.16334	3e-05	3e-06	0.0	0001	indelsieve	candidate_snvs	smc_mudel_ld_stage_1	mt	no_cnv	/raid/kang/DelSIEVE/simulation_results/IndelSIEVE_benchmark_pipeline_ld_003/benchmark_results/simulated_data/results/cell_names	/raid/kang/DelSIEVE/simulation_results/IndelSIEVE_benchmark_pipeline_ld_003/benchmark_results/indelsieve/from_candidate/variant_calling/mt/no_cnv/smc_mudel_ld_stage_1/0001/indelsieve_mode_gaussian.cell_names	/raid/kang/DelSIEVE/simulation_results/IndelSIEVE_benchmark_pipeline_ld_003/benchmark_results/simulated_data/results/data_type/no_cnv/0001/true_evo_events_sites_names	/raid/kang/DelSIEVE/simulation_results/IndelSIEVE_benchmark_pipeline_ld_003/benchmark_results/indelsieve/from_candidate/variant_calling/mt/no_cnv/smc_mudel_ld_stage_1/0001/indelsieve_mode_gaussian.loci_info	/raid/kang/DelSIEVE/simulation_results/IndelSIEVE_benchmark_pipeline_ld_003/benchmark_results/simulated_data/results/data_type/no_cnv/0001/true_evo_events_genotypes_numeric	/raid/kang/DelSIEVE/simulation_results/IndelSIEVE_benchmark_pipeline_ld_003/benchmark_results/indelsieve/from_candidate/variant_calling/mt/no_cnv/smc_mudel_ld_stage_1/0001/indelsieve_mode_gaussian.genotypes	/raid/kang/DelSIEVE/simulation_results/IndelSIEVE_benchmark_pipeline_ld_003/benchmark_results/simulated_data/results/data_type/no_cnv/0001/true_evo_events_ternary_matrix.simple	/raid/kang/DelSIEVE/simulation_results/IndelSIEVE_benchmark_pipeline_ld_003/benchmark_results/indelsieve/from_candidate/variant_calling/mt/no_cnv/smc_mudel_ld_stage_1/0001/indelsieve_mode_gaussian.ternary	/raid/kang/DelSIEVE/simulation_results/IndelSIEVE_benchmark_pipeline_ld_003/benchmark_results/indelsieve/from_candidate/variant_calling/mt/no_cnv/smc_mudel_ld_stage_1/0001/indelsieve_mode_gaussian.probs	11601	109	15724	846	0.9320318148951554	0.9906917164816396	0.9604669453988492	0.0068843554601149	10812	121	16962	378	0.9662198391420912	0.9889325894082136	0.9774442887492654	0.0070830650354153	9080	284	18470	439	0.9538817102636832	0.9696710807347289	0.9617115924376424	0.0151434360669723	1275	41	26813	144	0.8985200845665962	0.9688449848024316	0.9323583180987204	0.0015267744097713	1419	95	4	140	963	67	23359	171	0.8492063492063492	0.9349514563106796	0.0028600700076837	0.890018484288355	9	6	24545	0	1.0	0.6	0.0002443892305812	0.7499999999999999	218	35	24273	34	0.8650793650793651	0.8616600790513834	0.0014398551917064	0.8633663366336634	728	34	23653	145	0.8339060710194731	0.9553805774278216	0.0014353864989234	0.8905198776758411	114	25	24	8	0	0	24560	0	NA	NA	0.0	NA
40	20	2	0.001999	0.16334	3e-05	3e-06	0.0	0002	indelsieve	candidate_snvs	smc_mudel_ld_stage_1	mt	no_cnv	/raid/kang/DelSIEVE/simulation_results/IndelSIEVE_benchmark_pipeline_ld_003/benchmark_results/simulated_data/results/cell_names	/raid/kang/DelSIEVE/simulation_results/IndelSIEVE_benchmark_pipeline_ld_003/benchmark_results/indelsieve/from_candidate/variant_calling/mt/no_cnv/smc_mudel_ld_stage_1/0002/indelsieve_median.cell_names	/raid/kang/DelSIEVE/simulation_results/IndelSIEVE_benchmark_pipeline_ld_003/benchmark_results/simulated_data/results/data_type/no_cnv/0002/true_evo_events_sites_names	/raid/kang/DelSIEVE/simulation_results/IndelSIEVE_benchmark_pipeline_ld_003/benchmark_results/indelsieve/from_candidate/variant_calling/mt/no_cnv/smc_mudel_ld_stage_1/0002/indelsieve_median.loci_info	/raid/kang/DelSIEVE/simulation_results/IndelSIEVE_benchmark_pipeline_ld_003/benchmark_results/simulated_data/results/data_type/no_cnv/0002/true_evo_events_genotypes_numeric	/raid/kang/DelSIEVE/simulation_results/IndelSIEVE_benchmark_pipeline_ld_003/benchmark_results/indelsieve/from_candidate/variant_calling/mt/no_cnv/smc_mudel_ld_stage_1/0002/indelsieve_median.genotypes	/raid/kang/DelSIEVE/simulation_results/IndelSIEVE_benchmark_pipeline_ld_003/benchmark_results/simulated_data/results/data_type/no_cnv/0002/true_evo_events_ternary_matrix.simple	/raid/kang/DelSIEVE/simulation_results/IndelSIEVE_benchmark_pipeline_ld_003/benchmark_results/indelsieve/from_candidate/variant_calling/mt/no_cnv/smc_mudel_ld_stage_1/0002/indelsieve_median.ternary	/raid/kang/DelSIEVE/simulation_results/IndelSIEVE_benchmark_pipeline_ld_003/benchmark_results/indelsieve/from_candidate/variant_calling/mt/no_cnv/smc_mudel_ld_stage_1/0002/indelsieve_median.probs	11435	111	15900	1074	0.9141418178911184	0.990386280963104	0.9507378923300768	0.0069327337455499	10538	134	17456	376	0.9655488363569728	0.9874437781109444	0.9763735754655796	0.0076179647527003	9013	300	18766	425	0.9549692731510914	0.9677869644582842	0.9613353954455764	0.0157348159026539	994	26	27341	143	0.8742304309586632	0.9745098039215686	0.9216504404265182	0.0009500493294844	1137	100	4	139	1155	58	22417	170	0.8716981132075472	0.9521846661170652	0.0025806451612903	0.9101654846335696	4	0	23792	4	0.5	1.0	0.0	0.6666666666666666	302	37	23424	37	0.8908554572271387	0.8908554572271387	0.0015770853757299	0.8908554572271388	842	28	22794	136	0.8609406952965235	0.967816091954023	0.0012268863377442	0.9112554112554112	103	33	28	6	0	0	23800	0	NA	NA	0.0	NA
40	20	2	0.001999	0.16334	3e-05	3e-06	0.0	0003	indelsieve	candidate_snvs	smc_mudel_ld_stage_1	mt	no_cnv	/raid/kang/DelSIEVE/simulation_results/IndelSIEVE_benchmark_pipeline_ld_003/benchmark_results/simulated_data/results/cell_names	/raid/kang/DelSIEVE/simulation_results/IndelSIEVE_benchmark_pipeline_ld_003/benchmark_results/indelsieve/from_candidate/variant_calling/mt/no_cnv/smc_mudel_ld_stage_1/0003/indelsieve_median.cell_names	/raid/kang/DelSIEVE/simulation_results/IndelSIEVE_benchmark_pipeline_ld_003/benchmark_results/simulated_data/results/data_type/no_cnv/0003/true_evo_events_sites_names	/raid/kang/DelSIEVE/simulation_results/IndelSIEVE_benchmark_pipeline_ld_003/benchmark_results/indelsieve/from_candidate/variant_calling/mt/no_cnv/smc_mudel_ld_stage_1/0003/indelsieve_median.loci_info	/raid/kang/DelSIEVE/simulation_results/IndelSIEVE_benchmark_pipeline_ld_003/benchmark_results/simulated_data/results/data_type/no_cnv/0003/true_evo_events_genotypes_numeric	/raid/kang/DelSIEVE/simulation_results/IndelSIEVE_benchmark_pipeline_ld_003/benchmark_results/indelsieve/from_candidate/variant_calling/mt/no_cnv/smc_mudel_ld_stage_1/0003/indelsieve_median.genotypes	/raid/kang/DelSIEVE/simulation_results/IndelSIEVE_benchmark_pipeline_ld_003/benchmark_results/simulated_data/results/data_type/no_cnv/0003/true_evo_events_ternary_matrix.simple	/raid/kang/DelSIEVE/simulation_results/IndelSIEVE_benchmark_pipeline_ld_003/benchmark_results/indelsieve/from_candidate/variant_calling/mt/no_cnv/smc_mudel_ld_stage_1/0003/indelsieve_median.ternary	/raid/kang/DelSIEVE/simulation_results/IndelSIEVE_benchmark_pipeline_ld_003/benchmark_results/indelsieve/from_candidate/variant_calling/mt/no_cnv/smc_mudel_ld_stage_1/0003/indelsieve_median.probs	14578	94	12953	895	0.9421573062754476	0.9935932388222464	0.967191905788688	0.0072047213918908	13476	97	14667	274	0.9800727272727272	0.99285345907316	0.9864216960070268	0.0065700352208073	10420	281	17454	359	0.9666944985620188	0.9737407718904776	0.9702048417132214	0.0158443755286157	2291	71	25991	161	0.9343393148450244	0.9699407281964436	0.9518072289156626	0.0027242728877292	2452	71	3	158	1530	79	23985	206	0.881336405529954	0.9509011808576756	0.0032829122340425	0.9147982062780268	46	0	25749	5	0.9019607843137256	1.0	0.0	0.9484536082474228	477	33	25248	42	0.9190751445086706	0.9352941176470588	0.0013053281120208	0.9271137026239068	1001	52	24582	165	0.8584905660377359	0.9506172839506172	0.0021109036291304	0.9022082018927446	141	23	29	11	0	0	25800	0	NA	NA	0.0	NA
40	20	2	0.001999	0.16334	3e-05	3e-06	0.0	0004	indelsieve	candidate_snvs	smc_mudel_ld_stage_1	mt	no_cnv	/raid/kang/DelSIEVE/simulation_results/IndelSIEVE_benchmark_pipeline_ld_003/benchmark_results/simulated_data/results/cell_names	/raid/kang/DelSIEVE/simulation_results/IndelSIEVE_benchmark_pipeline_ld_003/benchmark_results/indelsieve/from_candidate/variant_calling/mt/no_cnv/smc_mudel_ld_stage_1/0004/indelsieve_median.cell_names	/raid/kang/DelSIEVE/simulation_results/IndelSIEVE_benchmark_pipeline_ld_003/benchmark_results/simulated_data/results/data_type/no_cnv/0004/true_evo_events_sites_names	/raid/kang/DelSIEVE/simulation_results/IndelSIEVE_benchmark_pipeline_ld_003/benchmark_results/indelsieve/from_candidate/variant_calling/mt/no_cnv/smc_mudel_ld_stage_1/0004/indelsieve_median.loci_info	/raid/kang/DelSIEVE/simulation_results/IndelSIEVE_benchmark_pipeline_ld_003/benchmark_results/simulated_data/results/data_type/no_cnv/0004/true_evo_events_genotypes_numeric	/raid/kang/DelSIEVE/simulation_results/IndelSIEVE_benchmark_pipeline_ld_003/benchmark_results/indelsieve/from_candidate/variant_calling/mt/no_cnv/smc_mudel_ld_stage_1/0004/indelsieve_median.genotypes	/raid/kang/DelSIEVE/simulation_results/IndelSIEVE_benchmark_pipeline_ld_003/benchmark_results/simulated_data/results/data_type/no_cnv/0004/true_evo_events_ternary_matrix.simple	/raid/kang/DelSIEVE/simulation_results/IndelSIEVE_benchmark_pipeline_ld_003/benchmark_results/indelsieve/from_candidate/variant_calling/mt/no_cnv/smc_mudel_ld_stage_1/0004/indelsieve_median.ternary	/raid/kang/DelSIEVE/simulation_results/IndelSIEVE_benchmark_pipeline_ld_003/benchmark_results/indelsieve/from_candidate/variant_calling/mt/no_cnv/smc_mudel_ld_stage_1/0004/indelsieve_median.probs	13648	130	14146	676	0.9528064786372522	0.9905646683118016	0.9713187673475197	0.0091061922107032	12736	113	15490	256	0.9802955665024632	0.9912055412872596	0.9857203668588675	0.0072421970133948	10260	234	17786	315	0.9702127659574468	0.9777015437392796	0.9739427595044852	0.0129855715871254	1875	41	26572	107	0.9460141271442988	0.9786012526096032	0.9620318111852232	0.0015406004584225	1982	88	1	106	1260	108	24606	146	0.8961593172119487	0.9210526315789472	0.0043699927166788	0.9084354722422496	12	0	26107	1	0.9230769230769232	1.0	0.0	0.96	405	34	25651	30	0.9310344827586208	0.9225512528473804	0.0013237298033871	0.9267734553775744	839	78	25084	119	0.8757828810020877	0.9149400218102508	0.0030999125665686	0.8949333333333334	96	23	17	10	0	0	26120	0	NA	NA	0.0	NA
40	20	2	0.001999	0.16334	3e-05	3e-06	0.0	0005	indelsieve	candidate_snvs	smc_mudel_ld_stage_1	mt	no_cnv	/raid/kang/DelSIEVE/simulation_results/IndelSIEVE_benchmark_pipeline_ld_003/benchmark_results/simulated_data/results/cell_names	/raid/kang/DelSIEVE/simulation_results/IndelSIEVE_benchmark_pipeline_ld_003/benchmark_results/indelsieve/from_candidate/variant_calling/mt/no_cnv/smc_mudel_ld_stage_1/0005/indelsieve_median.cell_names	/raid/kang/DelSIEVE/simulation_results/IndelSIEVE_benchmark_pipeline_ld_003/benchmark_results/simulated_data/results/data_type/no_cnv/0005/true_evo_events_sites_names	/raid/kang/DelSIEVE/simulation_results/IndelSIEVE_benchmark_pipeline_ld_003/benchmark_results/indelsieve/from_candidate/variant_calling/mt/no_cnv/smc_mudel_ld_stage_1/0005/indelsieve_median.loci_info	/raid/kang/DelSIEVE/simulation_results/IndelSIEVE_benchmark_pipeline_ld_003/benchmark_results/simulated_data/results/data_type/no_cnv/0005/true_evo_events_genotypes_numeric	/raid/kang/DelSIEVE/simulation_results/IndelSIEVE_benchmark_pipeline_ld_003/benchmark_results/indelsieve/from_candidate/variant_calling/mt/no_cnv/smc_mudel_ld_stage_1/0005/indelsieve_median.genotypes	/raid/kang/DelSIEVE/simulation_results/IndelSIEVE_benchmark_pipeline_ld_003/benchmark_results/simulated_data/results/data_type/no_cnv/0005/true_evo_events_ternary_matrix.simple	/raid/kang/DelSIEVE/simulation_results/IndelSIEVE_benchmark_pipeline_ld_003/benchmark_results/indelsieve/from_candidate/variant_calling/mt/no_cnv/smc_mudel_ld_stage_1/0005/indelsieve_median.ternary	/raid/kang/DelSIEVE/simulation_results/IndelSIEVE_benchmark_pipeline_ld_003/benchmark_results/indelsieve/from_candidate/variant_calling/mt/no_cnv/smc_mudel_ld_stage_1/0005/indelsieve_median.probs	10788	133	13918	961	0.9182058047493404	0.9878216280560388	0.9517423908248788	0.0094655184684364	10261	98	15099	329	0.968932955618508	0.99053962737716	0.9796171654971596	0.0064486411791801	8453	247	16670	417	0.9529875986471252	0.9716091954022988	0.9622083096186682	0.0146006975232015	1290	57	24309	131	0.9078114004222378	0.9576837416481068	0.9320809248554912	0.0023393252893376	1421	77	2	129	732	142	21526	160	0.820627802690583	0.8375286041189931	0.0065534428650544	0.8289920724801811	47	0	22510	3	0.94	1.0	0.0	0.9690721649484536	262	50	22211	37	0.8762541806020067	0.8397435897435898	0.0022460805893715	0.8576104746317512	419	96	21921	124	0.7716390423572744	0.8135922330097087	0.0043602670663578	0.7920604914933836	106	18	22	13	0	0	22560	0	NA	NA	0.0	NA
40	20	2	0.001999	0.16334	3e-05	3e-06	0.0	0006	indelsieve	candidate_snvs	smc_mudel_ld_stage_1	mt	no_cnv	/raid/kang/DelSIEVE/simulation_results/IndelSIEVE_benchmark_pipeline_ld_003/benchmark_results/simulated_data/results/cell_names	/raid/kang/DelSIEVE/simulation_results/IndelSIEVE_benchmark_pipeline_ld_003/benchmark_results/indelsieve/from_candidate/variant_calling/mt/no_cnv/smc_mudel_ld_stage_1/0006/indelsieve_mode_gaussian.cell_names	/raid/kang/DelSIEVE/simulation_results/IndelSIEVE_benchmark_pipeline_ld_003/benchmark_results/simulated_data/results/data_type/no_cnv/0006/true_evo_events_sites_names	/raid/kang/DelSIEVE/simulation_results/IndelSIEVE_benchmark_pipeline_ld_003/benchmark_results/indelsieve/from_candidate/variant_calling/mt/no_cnv/smc_mudel_ld_stage_1/0006/indelsieve_mode_gaussian.loci_info	/raid/kang/DelSIEVE/simulation_results/IndelSIEVE_benchmark_pipeline_ld_003/benchmark_results/simulated_data/results/data_type/no_cnv/0006/true_evo_events_genotypes_numeric	/raid/kang/DelSIEVE/simulation_results/IndelSIEVE_benchmark_pipeline_ld_003/benchmark_results/indelsieve/from_candidate/variant_calling/mt/no_cnv/smc_mudel_ld_stage_1/0006/indelsieve_mode_gaussian.genotypes	/raid/kang/DelSIEVE/simulation_results/IndelSIEVE_benchmark_pipeline_ld_003/benchmark_results/simulated_data/results/data_type/no_cnv/0006/true_evo_events_ternary_matrix.simple	/raid/kang/DelSIEVE/simulation_results/IndelSIEVE_benchmark_pipeline_ld_003/benchmark_results/indelsieve/from_candidate/variant_calling/mt/no_cnv/smc_mudel_ld_stage_1/0006/indelsieve_mode_gaussian.ternary	/raid/kang/DelSIEVE/simulation_results/IndelSIEVE_benchmark_pipeline_ld_003/benchmark_results/indelsieve/from_candidate/variant_calling/mt/no_cnv/smc_mudel_ld_stage_1/0006/indelsieve_mode_gaussian.probs	14601	98	12927	894	0.9423039690222652	0.9933328797877408	0.9671457905544149	0.0075239923224568	13646	104	14442	324	0.97680744452398	0.9924363636363636	0.9845598845598844	0.0071497318850543	10524	277	17321	394	0.9639128045429566	0.974354226460513	0.9691053915926148	0.0157404250483009	2343	45	25969	159	0.9364508393285372	0.9811557788944724	0.9582822085889572	0.0017298377796571	2502	78	3	155	1400	110	23302	148	0.9043927648578812	0.9271523178807948	0.0046984452417563	0.9156311314584696	15	0	24944	1	0.9375	1.0	0.0	0.967741935483871	513	48	24362	37	0.9327272727272728	0.9144385026737968	0.0019664072101597	0.9234923492349236	868	66	23912	114	0.8839103869653768	0.9293361884368307	0.0027525231462173	0.9060542797494782	88	26	18	15	0	0	24960	0	NA	NA	0.0	NA
40	20	2	0.001999	0.16334	3e-05	3e-06	0.0	0007	indelsieve	candidate_snvs	smc_mudel_ld_stage_1	mt	no_cnv	/raid/kang/DelSIEVE/simulation_results/IndelSIEVE_benchmark_pipeline_ld_003/benchmark_results/simulated_data/results/cell_names	/raid/kang/DelSIEVE/simulation_results/IndelSIEVE_benchmark_pipeline_ld_003/benchmark_results/indelsieve/from_candidate/variant_calling/mt/no_cnv/smc_mudel_ld_stage_1/0007/indelsieve_median.cell_names	/raid/kang/DelSIEVE/simulation_results/IndelSIEVE_benchmark_pipeline_ld_003/benchmark_results/simulated_data/results/data_type/no_cnv/0007/true_evo_events_sites_names	/raid/kang/DelSIEVE/simulation_results/IndelSIEVE_benchmark_pipeline_ld_003/benchmark_results/indelsieve/from_candidate/variant_calling/mt/no_cnv/smc_mudel_ld_stage_1/0007/indelsieve_median.loci_info	/raid/kang/DelSIEVE/simulation_results/IndelSIEVE_benchmark_pipeline_ld_003/benchmark_results/simulated_data/results/data_type/no_cnv/0007/true_evo_events_genotypes_numeric	/raid/kang/DelSIEVE/simulation_results/IndelSIEVE_benchmark_pipeline_ld_003/benchmark_results/indelsieve/from_candidate/variant_calling/mt/no_cnv/smc_mudel_ld_stage_1/0007/indelsieve_median.genotypes	/raid/kang/DelSIEVE/simulation_results/IndelSIEVE_benchmark_pipeline_ld_003/benchmark_results/simulated_data/results/data_type/no_cnv/0007/true_evo_events_ternary_matrix.simple	/raid/kang/DelSIEVE/simulation_results/IndelSIEVE_benchmark_pipeline_ld_003/benchmark_results/indelsieve/from_candidate/variant_calling/mt/no_cnv/smc_mudel_ld_stage_1/0007/indelsieve_median.ternary	/raid/kang/DelSIEVE/simulation_results/IndelSIEVE_benchmark_pipeline_ld_003/benchmark_results/indelsieve/from_candidate/variant_calling/mt/no_cnv/smc_mudel_ld_stage_1/0007/indelsieve_median.probs	8395	151	19020	1034	0.8903383179552444	0.9823309150479757	0.934075104311544	0.0078764801001512	8073	139	19962	421	0.9504356016011302	0.9830735509011204	0.9664791093020472	0.0069150788517984	7070	261	20803	461	0.9387863497543488	0.9643977629245668	0.951419728165792	0.0123908089631598	705	37	27749	104	0.8714462299134734	0.9501347708894878	0.909090909090909	0.0013316058446699	809	121	0	104	426	47	23238	209	0.6708661417322834	0.9006342494714588	0.0020184668241357	0.7689530685920577	3	3	23914	0	1.0	0.5	0.0001254337918635	0.6666666666666666	125	14	23752	29	0.8116883116883117	0.8992805755395683	0.0005890768324497	0.8532423208191127	293	35	23407	185	0.6129707112970711	0.8932926829268293	0.001493046668373	0.7270471464019852	165	15	21	8	0	0	23920	0	NA	NA	0.0	NA
40	20	2	0.001999	0.16334	3e-05	3e-06	0.0	0008	indelsieve	candidate_snvs	smc_mudel_ld_stage_1	mt	no_cnv	/raid/kang/DelSIEVE/simulation_results/IndelSIEVE_benchmark_pipeline_ld_003/benchmark_results/simulated_data/results/cell_names	/raid/kang/DelSIEVE/simulation_results/IndelSIEVE_benchmark_pipeline_ld_003/benchmark_results/indelsieve/from_candidate/variant_calling/mt/no_cnv/smc_mudel_ld_stage_1/0008/indelsieve_median.cell_names	/raid/kang/DelSIEVE/simulation_results/IndelSIEVE_benchmark_pipeline_ld_003/benchmark_results/simulated_data/results/data_type/no_cnv/0008/true_evo_events_sites_names	/raid/kang/DelSIEVE/simulation_results/IndelSIEVE_benchmark_pipeline_ld_003/benchmark_results/indelsieve/from_candidate/variant_calling/mt/no_cnv/smc_mudel_ld_stage_1/0008/indelsieve_median.loci_info	/raid/kang/DelSIEVE/simulation_results/IndelSIEVE_benchmark_pipeline_ld_003/benchmark_results/simulated_data/results/data_type/no_cnv/0008/true_evo_events_genotypes_numeric	/raid/kang/DelSIEVE/simulation_results/IndelSIEVE_benchmark_pipeline_ld_003/benchmark_results/indelsieve/from_candidate/variant_calling/mt/no_cnv/smc_mudel_ld_stage_1/0008/indelsieve_median.genotypes	/raid/kang/DelSIEVE/simulation_results/IndelSIEVE_benchmark_pipeline_ld_003/benchmark_results/simulated_data/results/data_type/no_cnv/0008/true_evo_events_ternary_matrix.simple	/raid/kang/DelSIEVE/simulation_results/IndelSIEVE_benchmark_pipeline_ld_003/benchmark_results/indelsieve/from_candidate/variant_calling/mt/no_cnv/smc_mudel_ld_stage_1/0008/indelsieve_median.ternary	/raid/kang/DelSIEVE/simulation_results/IndelSIEVE_benchmark_pipeline_ld_003/benchmark_results/indelsieve/from_candidate/variant_calling/mt/no_cnv/smc_mudel_ld_stage_1/0008/indelsieve_median.probs	10673	146	16893	928	0.920006895957245	0.9865052222941122	0.9520963425512934	0.0085685779681906	10121	137	18008	368	0.9649156258937936	0.9866445700916358	0.9756591314406902	0.0075502893359052	8479	271	19464	420	0.952803685807394	0.9690285714285716	0.9608476400929232	0.013731948315176	1315	29	27178	112	0.9215136650315346	0.9784226190476192	0.9491158426560808	0.0010659021575329	1427	111	2	110	645	80	23352	163	0.7982673267326733	0.8896551724137931	0.0034141345168999	0.8414872798434443	5	0	24233	2	0.7142857142857143	1.0	0.0	0.8333333333333333	134	30	24047	29	0.8220858895705522	0.8170731707317073	0.0012460024089379	0.8195718654434251	502	54	23548	136	0.786833855799373	0.9028776978417268	0.0022879416998559	0.8408710217755445	110	25	25	2	0	0	24240	0	NA	NA	0.0	NA
40	20	2	0.001999	0.16334	3e-05	3e-06	0.0	0009	indelsieve	candidate_snvs	smc_mudel_ld_stage_1	mt	no_cnv	/raid/kang/DelSIEVE/simulation_results/IndelSIEVE_benchmark_pipeline_ld_003/benchmark_results/simulated_data/results/cell_names	/raid/kang/DelSIEVE/simulation_results/IndelSIEVE_benchmark_pipeline_ld_003/benchmark_results/indelsieve/from_candidate/variant_calling/mt/no_cnv/smc_mudel_ld_stage_1/0009/indelsieve_median.cell_names	/raid/kang/DelSIEVE/simulation_results/IndelSIEVE_benchmark_pipeline_ld_003/benchmark_results/simulated_data/results/data_type/no_cnv/0009/true_evo_events_sites_names	/raid/kang/DelSIEVE/simulation_results/IndelSIEVE_benchmark_pipeline_ld_003/benchmark_results/indelsieve/from_candidate/variant_calling/mt/no_cnv/smc_mudel_ld_stage_1/0009/indelsieve_median.loci_info	/raid/kang/DelSIEVE/simulation_results/IndelSIEVE_benchmark_pipeline_ld_003/benchmark_results/simulated_data/results/data_type/no_cnv/0009/true_evo_events_genotypes_numeric	/raid/kang/DelSIEVE/simulation_results/IndelSIEVE_benchmark_pipeline_ld_003/benchmark_results/indelsieve/from_candidate/variant_calling/mt/no_cnv/smc_mudel_ld_stage_1/0009/indelsieve_median.genotypes	/raid/kang/DelSIEVE/simulation_results/IndelSIEVE_benchmark_pipeline_ld_003/benchmark_results/simulated_data/results/data_type/no_cnv/0009/true_evo_events_ternary_matrix.simple	/raid/kang/DelSIEVE/simulation_results/IndelSIEVE_benchmark_pipeline_ld_003/benchmark_results/indelsieve/from_candidate/variant_calling/mt/no_cnv/smc_mudel_ld_stage_1/0009/indelsieve_median.ternary	/raid/kang/DelSIEVE/simulation_results/IndelSIEVE_benchmark_pipeline_ld_003/benchmark_results/indelsieve/from_candidate/variant_calling/mt/no_cnv/smc_mudel_ld_stage_1/0009/indelsieve_median.probs	11372	106	15606	796	0.9345825115055884	0.9907649416274612	0.9618540133637824	0.0067464358452138	10697	92	16709	380	0.9656946826758148	0.9914727963666696	0.9784139760358548	0.0054758645318731	9011	236	18198	433	0.9541507835662856	0.9744782091489133	0.9642073725322348	0.012802430291852	1159	23	26560	136	0.894980694980695	0.9805414551607444	0.9358094469115869	0.0008652146108415	1295	66	4	132	953	96	23074	157	0.8585585585585586	0.9084842707340324	0.0041432887354337	0.8828161185734136	17	3	24257	3	0.85	0.85	0.0001236603462489	0.85	313	47	23895	25	0.9260355029585798	0.8694444444444445	0.0019630774371397	0.8968481375358166	614	55	23473	138	0.8164893617021277	0.9177877428998504	0.0023376402584155	0.8641801548205489	114	23	15	5	0	0	24280	0	NA	NA	0.0	NA
40	20	2	0.001999	0.16334	3e-05	3e-06	0.0	0010	indelsieve	candidate_snvs	smc_mudel_ld_stage_1	mt	no_cnv	/raid/kang/DelSIEVE/simulation_results/IndelSIEVE_benchmark_pipeline_ld_003/benchmark_results/simulated_data/results/cell_names	/raid/kang/DelSIEVE/simulation_results/IndelSIEVE_benchmark_pipeline_ld_003/benchmark_results/indelsieve/from_candidate/variant_calling/mt/no_cnv/smc_mudel_ld_stage_1/0010/indelsieve_median.cell_names	/raid/kang/DelSIEVE/simulation_results/IndelSIEVE_benchmark_pipeline_ld_003/benchmark_results/simulated_data/results/data_type/no_cnv/0010/true_evo_events_sites_names	/raid/kang/DelSIEVE/simulation_results/IndelSIEVE_benchmark_pipeline_ld_003/benchmark_results/indelsieve/from_candidate/variant_calling/mt/no_cnv/smc_mudel_ld_stage_1/0010/indelsieve_median.loci_info	/raid/kang/DelSIEVE/simulation_results/IndelSIEVE_benchmark_pipeline_ld_003/benchmark_results/simulated_data/results/data_type/no_cnv/0010/true_evo_events_genotypes_numeric	/raid/kang/DelSIEVE/simulation_results/IndelSIEVE_benchmark_pipeline_ld_003/benchmark_results/indelsieve/from_candidate/variant_calling/mt/no_cnv/smc_mudel_ld_stage_1/0010/indelsieve_median.genotypes	/raid/kang/DelSIEVE/simulation_results/IndelSIEVE_benchmark_pipeline_ld_003/benchmark_results/simulated_data/results/data_type/no_cnv/0010/true_evo_events_ternary_matrix.simple	/raid/kang/DelSIEVE/simulation_results/IndelSIEVE_benchmark_pipeline_ld_003/benchmark_results/indelsieve/from_candidate/variant_calling/mt/no_cnv/smc_mudel_ld_stage_1/0010/indelsieve_median.ternary	/raid/kang/DelSIEVE/simulation_results/IndelSIEVE_benchmark_pipeline_ld_003/benchmark_results/indelsieve/from_candidate/variant_calling/mt/no_cnv/smc_mudel_ld_stage_1/0010/indelsieve_median.probs	8280	138	15770	852	0.9067017082785808	0.9836065573770492	0.9435897435897436	0.0086748805632386	7854	104	16701	368	0.9552420335684748	0.9869313897964312	0.9708281829419037	0.0061886343350193	6685	234	17669	439	0.9383773161145424	0.9661800838271426	0.9520757672861924	0.0130704351226051	808	45	24077	97	0.8928176795580111	0.947245017584994	0.919226393629124	0.0018655169554763	905	93	4	93	551	95	20534	180	0.7537619699042407	0.8529411764705882	0.00460516748267	0.8002904865649964	3	4	21350	3	0.5	0.4285714285714285	0.000187318535169	0.4615384615384615	150	36	21131	43	0.7772020725388601	0.8064516129032258	0.001700760617943	0.79155672823219	391	62	20766	141	0.7349624060150376	0.8631346578366446	0.002976762051085	0.7939086294416243	126	11	37	4	0	0	21360	0	NA	NA	0.0	NA
40	20	2	0.001999	0.16334	3e-05	3e-06	0.0	0001	sieve	candidate_snvs	smc_mu_ld_stage_1-smc_mu_ld_stage_2	mt	no_cnv	/raid/kang/DelSIEVE/simulation_results/IndelSIEVE_benchmark_pipeline_ld_003/benchmark_results/simulated_data/results/cell_names	/raid/kang/DelSIEVE/simulation_results/IndelSIEVE_benchmark_pipeline_ld_003/benchmark_results/indelsieve/from_candidate/variant_calling/stage2/mt/no_cnv/smc_mu_ld_stage_1-smc_mu_ld_stage_2/0001/indelsieve_median.cell_names	/raid/kang/DelSIEVE/simulation_results/IndelSIEVE_benchmark_pipeline_ld_003/benchmark_results/simulated_data/results/data_type/no_cnv/0001/true_evo_events_sites_names	/raid/kang/DelSIEVE/simulation_results/IndelSIEVE_benchmark_pipeline_ld_003/benchmark_results/indelsieve/from_candidate/variant_calling/stage2/mt/no_cnv/smc_mu_ld_stage_1-smc_mu_ld_stage_2/0001/indelsieve_median.loci_info	/raid/kang/DelSIEVE/simulation_results/IndelSIEVE_benchmark_pipeline_ld_003/benchmark_results/simulated_data/results/data_type/no_cnv/0001/true_evo_events_genotypes_numeric	/raid/kang/DelSIEVE/simulation_results/IndelSIEVE_benchmark_pipeline_ld_003/benchmark_results/indelsieve/from_candidate/variant_calling/stage2/mt/no_cnv/smc_mu_ld_stage_1-smc_mu_ld_stage_2/0001/indelsieve_median.genotypes	/raid/kang/DelSIEVE/simulation_results/IndelSIEVE_benchmark_pipeline_ld_003/benchmark_results/simulated_data/results/data_type/no_cnv/0001/true_evo_events_ternary_matrix.simple	/raid/kang/DelSIEVE/simulation_results/IndelSIEVE_benchmark_pipeline_ld_003/benchmark_results/indelsieve/from_candidate/variant_calling/stage2/mt/no_cnv/smc_mu_ld_stage_1-smc_mu_ld_stage_2/0001/indelsieve_median.ternary	/raid/kang/DelSIEVE/simulation_results/IndelSIEVE_benchmark_pipeline_ld_003/benchmark_results/indelsieve/from_candidate/variant_calling/stage2/mt/no_cnv/smc_mu_ld_stage_1-smc_mu_ld_stage_2/0001/indelsieve_median.probs	10945	185	15648	1502	0.8793283522133848	0.9833782569631626	0.928447215506638	0.0116844565148739	10876	254	16829	314	0.9719392314566576	0.9771787960467204	0.974551971326165	0.0148685828016156	9178	559	18209	327	0.9655970541820096	0.9425901201602136	0.953954890344039	0.0297847399829497	1234	159	26681	199	0.8611304954640614	0.8858578607322326	0.8733191790516632	0.0059239940387481	1433	185	4	195	0	0	23426	1134	0.0	NA	0.0	NA	0	0	24551	9	0.0	NA	0.0	NA	0	0	24308	252	0.0	NA	0.0	NA	0	0	23687	873	0.0	NA	0.0	NA	804	68	111	139	0	0	24560	0	NA	NA	0.0	NA
40	20	2	0.001999	0.16334	3e-05	3e-06	0.0	0001	indelsieve	candidate_snvs	smc_mudel_ld_stage_1-smc_mudel_ld_stage_2	mt	no_cnv	/raid/kang/DelSIEVE/simulation_results/IndelSIEVE_benchmark_pipeline_ld_003/benchmark_results/simulated_data/results/cell_names	/raid/kang/DelSIEVE/simulation_results/IndelSIEVE_benchmark_pipeline_ld_003/benchmark_results/indelsieve/from_candidate/variant_calling/stage2/mt/no_cnv/smc_mudel_ld_stage_1-smc_mudel_ld_stage_2/0001/indelsieve_median.cell_names	/raid/kang/DelSIEVE/simulation_results/IndelSIEVE_benchmark_pipeline_ld_003/benchmark_results/simulated_data/results/data_type/no_cnv/0001/true_evo_events_sites_names	/raid/kang/DelSIEVE/simulation_results/IndelSIEVE_benchmark_pipeline_ld_003/benchmark_results/indelsieve/from_candidate/variant_calling/stage2/mt/no_cnv/smc_mudel_ld_stage_1-smc_mudel_ld_stage_2/0001/indelsieve_median.loci_info	/raid/kang/DelSIEVE/simulation_results/IndelSIEVE_benchmark_pipeline_ld_003/benchmark_results/simulated_data/results/data_type/no_cnv/0001/true_evo_events_genotypes_numeric	/raid/kang/DelSIEVE/simulation_results/IndelSIEVE_benchmark_pipeline_ld_003/benchmark_results/indelsieve/from_candidate/variant_calling/stage2/mt/no_cnv/smc_mudel_ld_stage_1-smc_mudel_ld_stage_2/0001/indelsieve_median.genotypes	/raid/kang/DelSIEVE/simulation_results/IndelSIEVE_benchmark_pipeline_ld_003/benchmark_results/simulated_data/results/data_type/no_cnv/0001/true_evo_events_ternary_matrix.simple	/raid/kang/DelSIEVE/simulation_results/IndelSIEVE_benchmark_pipeline_ld_003/benchmark_results/indelsieve/from_candidate/variant_calling/stage2/mt/no_cnv/smc_mudel_ld_stage_1-smc_mudel_ld_stage_2/0001/indelsieve_median.ternary	/raid/kang/DelSIEVE/simulation_results/IndelSIEVE_benchmark_pipeline_ld_003/benchmark_results/indelsieve/from_candidate/variant_calling/stage2/mt/no_cnv/smc_mudel_ld_stage_1-smc_mudel_ld_stage_2/0001/indelsieve_median.probs	11574	184	15649	873	0.9298626174981924	0.984351080115666	0.956331336500723	0.0116212972904692	10875	229	16854	315	0.9718498659517426	0.9793768011527376	0.9755988158248856	0.0134051396124802	9177	456	18312	328	0.9654918463966332	0.9526627218934912	0.9590343818580832	0.0242966751918158	1231	29	26811	202	0.8590369853454292	0.976984126984127	0.9142220571852951	0.001080476900149	1433	184	4	198	865	0	23426	269	0.7627865961199295	1.0	0.0	0.8654327163581791	9	0	24551	0	1.0	1.0	0.0	1.0	207	4	24304	45	0.8214285714285714	0.981042654028436	0.0001645548790521	0.8941684665226782	644	1	23686	229	0.7376861397479955	0.9984496124031008	4.221724996833706e-05	0.8484848484848485	184	41	33	10	0	0	24560	0	NA	NA	0.0	NA
40	20	2	0.001999	0.16334	3e-05	3e-06	0.0	0002	sieve	candidate_snvs	smc_mu_ld_stage_1-smc_mu_ld_stage_2	mt	no_cnv	/raid/kang/DelSIEVE/simulation_results/IndelSIEVE_benchmark_pipeline_ld_003/benchmark_results/simulated_data/results/cell_names	/raid/kang/DelSIEVE/simulation_results/IndelSIEVE_benchmark_pipeline_ld_003/benchmark_results/indelsieve/from_candidate/variant_calling/stage2/mt/no_cnv/smc_mu_ld_stage_1-smc_mu_ld_stage_2/0002/indelsieve_median.cell_names	/raid/kang/DelSIEVE/simulation_results/IndelSIEVE_benchmark_pipeline_ld_003/benchmark_results/simulated_data/results/data_type/no_cnv/0002/true_evo_events_sites_names	/raid/kang/DelSIEVE/simulation_results/IndelSIEVE_benchmark_pipeline_ld_003/benchmark_results/indelsieve/from_candidate/variant_calling/stage2/mt/no_cnv/smc_mu_ld_stage_1-smc_mu_ld_stage_2/0002/indelsieve_median.loci_info	/raid/kang/DelSIEVE/simulation_results/IndelSIEVE_benchmark_pipeline_ld_003/benchmark_results/simulated_data/results/data_type/no_cnv/0002/true_evo_events_genotypes_numeric	/raid/kang/DelSIEVE/simulation_results/IndelSIEVE_benchmark_pipeline_ld_003/benchmark_results/indelsieve/from_candidate/variant_calling/stage2/mt/no_cnv/smc_mu_ld_stage_1-smc_mu_ld_stage_2/0002/indelsieve_median.genotypes	/raid/kang/DelSIEVE/simulation_results/IndelSIEVE_benchmark_pipeline_ld_003/benchmark_results/simulated_data/results/data_type/no_cnv/0002/true_evo_events_ternary_matrix.simple	/raid/kang/DelSIEVE/simulation_results/IndelSIEVE_benchmark_pipeline_ld_003/benchmark_results/indelsieve/from_candidate/variant_calling/stage2/mt/no_cnv/smc_mu_ld_stage_1-smc_mu_ld_stage_2/0002/indelsieve_median.ternary	/raid/kang/DelSIEVE/simulation_results/IndelSIEVE_benchmark_pipeline_ld_003/benchmark_results/indelsieve/from_candidate/variant_calling/stage2/mt/no_cnv/smc_mu_ld_stage_1-smc_mu_ld_stage_2/0002/indelsieve_median.probs	10622	152	15859	1887	0.849148612998641	0.9858919621310562	0.9124253747369324	0.0094934732371494	10563	211	17379	351	0.9678394722374932	0.9804158158529794	0.9740870527480636	0.0119954519613416	9077	538	18540	349	0.962974750689582	0.9440457618304732	0.9534163121684784	0.0282000209665583	948	211	27144	201	0.825065274151436	0.817946505608283	0.8214904679376083	0.0077133979162858	1149	152	4	197	0	0	22475	1325	0.0	NA	0.0	NA	0	0	23792	8	0.0	NA	0.0	NA	0	0	23461	339	0.0	NA	0.0	NA	0	0	22822	978	0.0	NA	0.0	NA	920	58	131	205	0	0	23800	0	NA	NA	0.0	NA
40	20	2	0.001999	0.16334	3e-05	3e-06	0.0	0002	indelsieve	candidate_snvs	smc_mudel_ld_stage_1-smc_mudel_ld_stage_2	mt	no_cnv	/raid/kang/DelSIEVE/simulation_results/IndelSIEVE_benchmark_pipeline_ld_003/benchmark_results/simulated_data/results/cell_names	/raid/kang/DelSIEVE/simulation_results/IndelSIEVE_benchmark_pipeline_ld_003/benchmark_results/indelsieve/from_candidate/variant_calling/stage2/mt/no_cnv/smc_mudel_ld_stage_1-smc_mudel_ld_stage_2/0002/indelsieve_median.cell_names	/raid/kang/DelSIEVE/simulation_results/IndelSIEVE_benchmark_pipeline_ld_003/benchmark_results/simulated_data/results/data_type/no_cnv/0002/true_evo_events_sites_names	/raid/kang/DelSIEVE/simulation_results/IndelSIEVE_benchmark_pipeline_ld_003/benchmark_results/indelsieve/from_candidate/variant_calling/stage2/mt/no_cnv/smc_mudel_ld_stage_1-smc_mudel_ld_stage_2/0002/indelsieve_median.loci_info	/raid/kang/DelSIEVE/simulation_results/IndelSIEVE_benchmark_pipeline_ld_003/benchmark_results/simulated_data/results/data_type/no_cnv/0002/true_evo_events_genotypes_numeric	/raid/kang/DelSIEVE/simulation_results/IndelSIEVE_benchmark_pipeline_ld_003/benchmark_results/indelsieve/from_candidate/variant_calling/stage2/mt/no_cnv/smc_mudel_ld_stage_1-smc_mudel_ld_stage_2/0002/indelsieve_median.genotypes	/raid/kang/DelSIEVE/simulation_results/IndelSIEVE_benchmark_pipeline_ld_003/benchmark_results/simulated_data/results/data_type/no_cnv/0002/true_evo_events_ternary_matrix.simple	/raid/kang/DelSIEVE/simulation_results/IndelSIEVE_benchmark_pipeline_ld_003/benchmark_results/indelsieve/from_candidate/variant_calling/stage2/mt/no_cnv/smc_mudel_ld_stage_1-smc_mudel_ld_stage_2/0002/indelsieve_median.ternary	/raid/kang/DelSIEVE/simulation_results/IndelSIEVE_benchmark_pipeline_ld_003/benchmark_results/indelsieve/from_candidate/variant_calling/stage2/mt/no_cnv/smc_mudel_ld_stage_1-smc_mudel_ld_stage_2/0002/indelsieve_median.probs	11376	158	15853	1133	0.9094252138460308	0.9863013698630136	0.9463045377032816	0.0098682156017737	10562	192	17398	352	0.9677478468022724	0.9821461781662636	0.9748938526859884	0.0109152927799886	9076	437	18641	350	0.9628686611500106	0.9540628613476296	0.9584455356671416	0.0229059649858475	944	10	27345	205	0.8215839860748477	0.989517819706499	0.8977650974797908	0.0003655638822884	1149	153	4	201	1062	5	22470	263	0.8015094339622642	0.9953139643861292	0.000222469410456	0.8879598662207359	0	0	23792	8	0.0	NA	0.0	NA	286	1	23460	53	0.8436578171091446	0.9965156794425089	4.262392907378202e-05	0.9137380191693292	765	15	22807	213	0.7822085889570553	0.9807692307692308	0.0006572605380772	0.8703071672354948	175	38	45	5	0	0	23800	0	NA	NA	0.0	NA
40	20	2	0.001999	0.16334	3e-05	3e-06	0.0	0003	sieve	candidate_snvs	smc_mu_ld_stage_1-smc_mu_ld_stage_2	mt	no_cnv	/raid/kang/DelSIEVE/simulation_results/IndelSIEVE_benchmark_pipeline_ld_003/benchmark_results/simulated_data/results/cell_names	/raid/kang/DelSIEVE/simulation_results/IndelSIEVE_benchmark_pipeline_ld_003/benchmark_results/indelsieve/from_candidate/variant_calling/stage2/mt/no_cnv/smc_mu_ld_stage_1-smc_mu_ld_stage_2/0003/indelsieve_median.cell_names	/raid/kang/DelSIEVE/simulation_results/IndelSIEVE_benchmark_pipeline_ld_003/benchmark_results/simulated_data/results/data_type/no_cnv/0003/true_evo_events_sites_names	/raid/kang/DelSIEVE/simulation_results/IndelSIEVE_benchmark_pipeline_ld_003/benchmark_results/indelsieve/from_candidate/variant_calling/stage2/mt/no_cnv/smc_mu_ld_stage_1-smc_mu_ld_stage_2/0003/indelsieve_median.loci_info	/raid/kang/DelSIEVE/simulation_results/IndelSIEVE_benchmark_pipeline_ld_003/benchmark_results/simulated_data/results/data_type/no_cnv/0003/true_evo_events_genotypes_numeric	/raid/kang/DelSIEVE/simulation_results/IndelSIEVE_benchmark_pipeline_ld_003/benchmark_results/indelsieve/from_candidate/variant_calling/stage2/mt/no_cnv/smc_mu_ld_stage_1-smc_mu_ld_stage_2/0003/indelsieve_median.genotypes	/raid/kang/DelSIEVE/simulation_results/IndelSIEVE_benchmark_pipeline_ld_003/benchmark_results/simulated_data/results/data_type/no_cnv/0003/true_evo_events_ternary_matrix.simple	/raid/kang/DelSIEVE/simulation_results/IndelSIEVE_benchmark_pipeline_ld_003/benchmark_results/indelsieve/from_candidate/variant_calling/stage2/mt/no_cnv/smc_mu_ld_stage_1-smc_mu_ld_stage_2/0003/indelsieve_median.ternary	/raid/kang/DelSIEVE/simulation_results/IndelSIEVE_benchmark_pipeline_ld_003/benchmark_results/indelsieve/from_candidate/variant_calling/stage2/mt/no_cnv/smc_mu_ld_stage_1-smc_mu_ld_stage_2/0003/indelsieve_median.probs	13635	129	12918	1838	0.8812124345634331	0.9906277244986922	0.9327222355234804	0.0098873304207863	13525	239	14525	225	0.9836363636363636	0.9826358616681198	0.9831358581085992	0.0161880249254944	10541	612	17123	238	0.977920029687355	0.9451268716937148	0.9612438446106149	0.0345080349591203	2230	381	25681	222	0.9094616639477976	0.8540788969743394	0.8809006517874778	0.0146189854961246	2452	129	3	219	0	0	24064	1736	0.0	NA	0.0	NA	0	0	25749	51	0.0	NA	0.0	NA	0	0	25281	519	0.0	NA	0.0	NA	0	0	24634	1166	0.0	NA	0.0	NA	1093	73	159	358	0	0	25800	0	NA	NA	0.0	NA
40	20	2	0.001999	0.16334	3e-05	3e-06	0.0	0003	indelsieve	candidate_snvs	smc_mudel_ld_stage_1-smc_mudel_ld_stage_2	mt	no_cnv	/raid/kang/DelSIEVE/simulation_results/IndelSIEVE_benchmark_pipeline_ld_003/benchmark_results/simulated_data/results/cell_names	/raid/kang/DelSIEVE/simulation_results/IndelSIEVE_benchmark_pipeline_ld_003/benchmark_results/indelsieve/from_candidate/variant_calling/stage2/mt/no_cnv/smc_mudel_ld_stage_1-smc_mudel_ld_stage_2/0003/indelsieve_median.cell_names	/raid/kang/DelSIEVE/simulation_results/IndelSIEVE_benchmark_pipeline_ld_003/benchmark_results/simulated_data/results/data_type/no_cnv/0003/true_evo_events_sites_names	/raid/kang/DelSIEVE/simulation_results/IndelSIEVE_benchmark_pipeline_ld_003/benchmark_results/indelsieve/from_candidate/variant_calling/stage2/mt/no_cnv/smc_mudel_ld_stage_1-smc_mudel_ld_stage_2/0003/indelsieve_median.loci_info	/raid/kang/DelSIEVE/simulation_results/IndelSIEVE_benchmark_pipeline_ld_003/benchmark_results/simulated_data/results/data_type/no_cnv/0003/true_evo_events_genotypes_numeric	/raid/kang/DelSIEVE/simulation_results/IndelSIEVE_benchmark_pipeline_ld_003/benchmark_results/indelsieve/from_candidate/variant_calling/stage2/mt/no_cnv/smc_mudel_ld_stage_1-smc_mudel_ld_stage_2/0003/indelsieve_median.genotypes	/raid/kang/DelSIEVE/simulation_results/IndelSIEVE_benchmark_pipeline_ld_003/benchmark_results/simulated_data/results/data_type/no_cnv/0003/true_evo_events_ternary_matrix.simple	/raid/kang/DelSIEVE/simulation_results/IndelSIEVE_benchmark_pipeline_ld_003/benchmark_results/indelsieve/from_candidate/variant_calling/stage2/mt/no_cnv/smc_mudel_ld_stage_1-smc_mudel_ld_stage_2/0003/indelsieve_median.ternary	/raid/kang/DelSIEVE/simulation_results/IndelSIEVE_benchmark_pipeline_ld_003/benchmark_results/indelsieve/from_candidate/variant_calling/stage2/mt/no_cnv/smc_mudel_ld_stage_1-smc_mudel_ld_stage_2/0003/indelsieve_median.probs	14545	149	12898	928	0.9400245589090674	0.9898598067238328	0.9642987370305302	0.0114202498658695	13525	174	14590	225	0.9836363636363636	0.9872983429447404	0.9854639513279172	0.0117854240043348	10541	429	17306	238	0.977920029687355	0.9608933454876936	0.9693319233068186	0.0241894558782069	2232	30	26032	220	0.9102773246329527	0.986737400530504	0.9469664828171404	0.0011511012201672	2452	133	3	217	1441	21	24043	295	0.8300691244239631	0.9856361149110808	0.0008726728723404	0.9011882426516572	40	0	25749	11	0.7843137254901961	1.0	0.0	0.8791208791208792	459	8	25273	60	0.884393063583815	0.9828693790149892	0.0003164431786717	0.9310344827586208	930	25	24609	236	0.7975986277873071	0.9738219895287958	0.001014857514005	0.8769448373408769	200	35	44	14	0	0	25800	0	NA	NA	0.0	NA
40	20	2	0.001999	0.16334	3e-05	3e-06	0.0	0004	sieve	candidate_snvs	smc_mu_ld_stage_1-smc_mu_ld_stage_2	mt	no_cnv	/raid/kang/DelSIEVE/simulation_results/IndelSIEVE_benchmark_pipeline_ld_003/benchmark_results/simulated_data/results/cell_names	/raid/kang/DelSIEVE/simulation_results/IndelSIEVE_benchmark_pipeline_ld_003/benchmark_results/indelsieve/from_candidate/variant_calling/stage2/mt/no_cnv/smc_mu_ld_stage_1-smc_mu_ld_stage_2/0004/indelsieve_median.cell_names	/raid/kang/DelSIEVE/simulation_results/IndelSIEVE_benchmark_pipeline_ld_003/benchmark_results/simulated_data/results/data_type/no_cnv/0004/true_evo_events_sites_names	/raid/kang/DelSIEVE/simulation_results/IndelSIEVE_benchmark_pipeline_ld_003/benchmark_results/indelsieve/from_candidate/variant_calling/stage2/mt/no_cnv/smc_mu_ld_stage_1-smc_mu_ld_stage_2/0004/indelsieve_median.loci_info	/raid/kang/DelSIEVE/simulation_results/IndelSIEVE_benchmark_pipeline_ld_003/benchmark_results/simulated_data/results/data_type/no_cnv/0004/true_evo_events_genotypes_numeric	/raid/kang/DelSIEVE/simulation_results/IndelSIEVE_benchmark_pipeline_ld_003/benchmark_results/indelsieve/from_candidate/variant_calling/stage2/mt/no_cnv/smc_mu_ld_stage_1-smc_mu_ld_stage_2/0004/indelsieve_median.genotypes	/raid/kang/DelSIEVE/simulation_results/IndelSIEVE_benchmark_pipeline_ld_003/benchmark_results/simulated_data/results/data_type/no_cnv/0004/true_evo_events_ternary_matrix.simple	/raid/kang/DelSIEVE/simulation_results/IndelSIEVE_benchmark_pipeline_ld_003/benchmark_results/indelsieve/from_candidate/variant_calling/stage2/mt/no_cnv/smc_mu_ld_stage_1-smc_mu_ld_stage_2/0004/indelsieve_median.ternary	/raid/kang/DelSIEVE/simulation_results/IndelSIEVE_benchmark_pipeline_ld_003/benchmark_results/indelsieve/from_candidate/variant_calling/stage2/mt/no_cnv/smc_mu_ld_stage_1-smc_mu_ld_stage_2/0004/indelsieve_median.probs	12889	168	14108	1435	0.8998184864562971	0.9871333384391514	0.9414557539899928	0.0117680022415242	12791	266	15337	201	0.9845289408866996	0.9796277858619896	0.9820722484548352	0.0170480035890533	10349	557	17473	216	0.9795551348793186	0.9489271960388777	0.9639979507242328	0.0308929561841375	1846	305	26298	146	0.9267068273092368	0.8582054858205486	0.8911416847694907	0.0114648723828139	1992	167	1	145	0	0	24714	1406	0.0	NA	0.0	NA	0	0	26107	13	0.0	NA	0.0	NA	0	0	25685	435	0.0	NA	0.0	NA	0	0	25162	958	0.0	NA	0.0	NA	861	97	147	286	0	0	26120	0	NA	NA	0.0	NA
40	20	2	0.001999	0.16334	3e-05	3e-06	0.0	0004	indelsieve	candidate_snvs	smc_mudel_ld_stage_1-smc_mudel_ld_stage_2	mt	no_cnv	/raid/kang/DelSIEVE/simulation_results/IndelSIEVE_benchmark_pipeline_ld_003/benchmark_results/simulated_data/results/cell_names	/raid/kang/DelSIEVE/simulation_results/IndelSIEVE_benchmark_pipeline_ld_003/benchmark_results/indelsieve/from_candidate/variant_calling/stage2/mt/no_cnv/smc_mudel_ld_stage_1-smc_mudel_ld_stage_2/0004/indelsieve_median.cell_names	/raid/kang/DelSIEVE/simulation_results/IndelSIEVE_benchmark_pipeline_ld_003/benchmark_results/simulated_data/results/data_type/no_cnv/0004/true_evo_events_sites_names	/raid/kang/DelSIEVE/simulation_results/IndelSIEVE_benchmark_pipeline_ld_003/benchmark_results/indelsieve/from_candidate/variant_calling/stage2/mt/no_cnv/smc_mudel_ld_stage_1-smc_mudel_ld_stage_2/0004/indelsieve_median.loci_info	/raid/kang/DelSIEVE/simulation_results/IndelSIEVE_benchmark_pipeline_ld_003/benchmark_results/simulated_data/results/data_type/no_cnv/0004/true_evo_events_genotypes_numeric	/raid/kang/DelSIEVE/simulation_results/IndelSIEVE_benchmark_pipeline_ld_003/benchmark_results/indelsieve/from_candidate/variant_calling/stage2/mt/no_cnv/smc_mudel_ld_stage_1-smc_mudel_ld_stage_2/0004/indelsieve_median.genotypes	/raid/kang/DelSIEVE/simulation_results/IndelSIEVE_benchmark_pipeline_ld_003/benchmark_results/simulated_data/results/data_type/no_cnv/0004/true_evo_events_ternary_matrix.simple	/raid/kang/DelSIEVE/simulation_results/IndelSIEVE_benchmark_pipeline_ld_003/benchmark_results/indelsieve/from_candidate/variant_calling/stage2/mt/no_cnv/smc_mudel_ld_stage_1-smc_mudel_ld_stage_2/0004/indelsieve_median.ternary	/raid/kang/DelSIEVE/simulation_results/IndelSIEVE_benchmark_pipeline_ld_003/benchmark_results/indelsieve/from_candidate/variant_calling/stage2/mt/no_cnv/smc_mudel_ld_stage_1-smc_mudel_ld_stage_2/0004/indelsieve_median.probs	13584	168	14108	740	0.9483384529461044	0.987783595113438	0.9676592107137768	0.0117680022415242	12785	204	15399	207	0.984067118226601	0.9842944029563476	0.9841807474693044	0.0130744087675447	10344	368	17662	221	0.979081874112636	0.965646004480956	0.9723175259670066	0.0204104270660011	1846	29	26574	146	0.9267068273092368	0.9845333333333334	0.9547452805792606	0.0010901026200052	1992	167	1	145	1160	5	24709	246	0.8250355618776671	0.9957081545064378	0.000202314477624	0.9023726176584986	12	0	26107	1	0.9230769230769232	1.0	0.0	0.96	401	1	25684	34	0.92183908045977	0.9975124378109452	3.893322951138797e-05	0.9581839904420548	743	8	25154	215	0.7755741127348643	0.9893475366178428	0.0003179397504172	0.8695143358689291	180	35	21	10	0	0	26120	0	NA	NA	0.0	NA
40	20	2	0.001999	0.16334	3e-05	3e-06	0.0	0005	sieve	candidate_snvs	smc_mu_ld_stage_1-smc_mu_ld_stage_2	mt	no_cnv	/raid/kang/DelSIEVE/simulation_results/IndelSIEVE_benchmark_pipeline_ld_003/benchmark_results/simulated_data/results/cell_names	/raid/kang/DelSIEVE/simulation_results/IndelSIEVE_benchmark_pipeline_ld_003/benchmark_results/indelsieve/from_candidate/variant_calling/stage2/mt/no_cnv/smc_mu_ld_stage_1-smc_mu_ld_stage_2/0005/indelsieve_median.cell_names	/raid/kang/DelSIEVE/simulation_results/IndelSIEVE_benchmark_pipeline_ld_003/benchmark_results/simulated_data/results/data_type/no_cnv/0005/true_evo_events_sites_names	/raid/kang/DelSIEVE/simulation_results/IndelSIEVE_benchmark_pipeline_ld_003/benchmark_results/indelsieve/from_candidate/variant_calling/stage2/mt/no_cnv/smc_mu_ld_stage_1-smc_mu_ld_stage_2/0005/indelsieve_median.loci_info	/raid/kang/DelSIEVE/simulation_results/IndelSIEVE_benchmark_pipeline_ld_003/benchmark_results/simulated_data/results/data_type/no_cnv/0005/true_evo_events_genotypes_numeric	/raid/kang/DelSIEVE/simulation_results/IndelSIEVE_benchmark_pipeline_ld_003/benchmark_results/indelsieve/from_candidate/variant_calling/stage2/mt/no_cnv/smc_mu_ld_stage_1-smc_mu_ld_stage_2/0005/indelsieve_median.genotypes	/raid/kang/DelSIEVE/simulation_results/IndelSIEVE_benchmark_pipeline_ld_003/benchmark_results/simulated_data/results/data_type/no_cnv/0005/true_evo_events_ternary_matrix.simple	/raid/kang/DelSIEVE/simulation_results/IndelSIEVE_benchmark_pipeline_ld_003/benchmark_results/indelsieve/from_candidate/variant_calling/stage2/mt/no_cnv/smc_mu_ld_stage_1-smc_mu_ld_stage_2/0005/indelsieve_median.ternary	/raid/kang/DelSIEVE/simulation_results/IndelSIEVE_benchmark_pipeline_ld_003/benchmark_results/indelsieve/from_candidate/variant_calling/stage2/mt/no_cnv/smc_mu_ld_stage_1-smc_mu_ld_stage_2/0005/indelsieve_median.probs	10412	153	13898	1337	0.8862030811132863	0.9855182205395172	0.933225777538765	0.0108889047042915	10315	250	14947	275	0.9740321057601512	0.976336961665878	0.9751831718269912	0.0164506152530104	8557	585	16346	299	0.9662375790424572	0.9360096259024284	0.950883431492388	0.0345520051975665	1217	206	24146	218	0.8480836236933798	0.8552354181307098	0.8516445066480056	0.0084592641261498	1435	153	2	216	0	0	21668	892	0.0	NA	0.0	NA	0	0	22510	50	0.0	NA	0.0	NA	0	0	22261	299	0.0	NA	0.0	NA	0	0	22017	543	0.0	NA	0.0	NA	469	74	121	176	0	0	22560	0	NA	NA	0.0	NA
40	20	2	0.001999	0.16334	3e-05	3e-06	0.0	0005	indelsieve	candidate_snvs	smc_mudel_ld_stage_1-smc_mudel_ld_stage_2	mt	no_cnv	/raid/kang/DelSIEVE/simulation_results/IndelSIEVE_benchmark_pipeline_ld_003/benchmark_results/simulated_data/results/cell_names	/raid/kang/DelSIEVE/simulation_results/IndelSIEVE_benchmark_pipeline_ld_003/benchmark_results/indelsieve/from_candidate/variant_calling/stage2/mt/no_cnv/smc_mudel_ld_stage_1-smc_mudel_ld_stage_2/0005/indelsieve_median.cell_names	/raid/kang/DelSIEVE/simulation_results/IndelSIEVE_benchmark_pipeline_ld_003/benchmark_results/simulated_data/results/data_type/no_cnv/0005/true_evo_events_sites_names	/raid/kang/DelSIEVE/simulation_results/IndelSIEVE_benchmark_pipeline_ld_003/benchmark_results/indelsieve/from_candidate/variant_calling/stage2/mt/no_cnv/smc_mudel_ld_stage_1-smc_mudel_ld_stage_2/0005/indelsieve_median.loci_info	/raid/kang/DelSIEVE/simulation_results/IndelSIEVE_benchmark_pipeline_ld_003/benchmark_results/simulated_data/results/data_type/no_cnv/0005/true_evo_events_genotypes_numeric	/raid/kang/DelSIEVE/simulation_results/IndelSIEVE_benchmark_pipeline_ld_003/benchmark_results/indelsieve/from_candidate/variant_calling/stage2/mt/no_cnv/smc_mudel_ld_stage_1-smc_mudel_ld_stage_2/0005/indelsieve_median.genotypes	/raid/kang/DelSIEVE/simulation_results/IndelSIEVE_benchmark_pipeline_ld_003/benchmark_results/simulated_data/results/data_type/no_cnv/0005/true_evo_events_ternary_matrix.simple	/raid/kang/DelSIEVE/simulation_results/IndelSIEVE_benchmark_pipeline_ld_003/benchmark_results/indelsieve/from_candidate/variant_calling/stage2/mt/no_cnv/smc_mudel_ld_stage_1-smc_mudel_ld_stage_2/0005/indelsieve_median.ternary	/raid/kang/DelSIEVE/simulation_results/IndelSIEVE_benchmark_pipeline_ld_003/benchmark_results/indelsieve/from_candidate/variant_calling/stage2/mt/no_cnv/smc_mudel_ld_stage_1-smc_mudel_ld_stage_2/0005/indelsieve_median.probs	10688	162	13889	1061	0.909694442080177	0.9850691244239632	0.9458825611752733	0.0115294285104263	10309	185	15012	281	0.9734655335221908	0.9823708785972936	0.977897932081199	0.0121734552872277	8546	442	16489	310	0.9649954832881662	0.9508233199821984	0.9578569827392962	0.0261059594826058	1217	41	24311	218	0.8480836236933798	0.967408585055644	0.9038247307835128	0.0016836399474375	1435	149	2	216	580	24	21644	312	0.6502242152466368	0.9602649006622516	0.0011076241462063	0.7754010695187166	47	0	22510	3	0.94	1.0	0.0	0.9690721649484536	241	7	22254	58	0.8060200668896321	0.9717741935483872	0.000314451282512	0.8811700182815356	289	20	21997	254	0.5322283609576427	0.9352750809061487	0.0009083889721578	0.6784037558685446	221	33	43	13	0	0	22560	0	NA	NA	0.0	NA
40	20	2	0.001999	0.16334	3e-05	3e-06	0.0	0006	sieve	candidate_snvs	smc_mu_ld_stage_1-smc_mu_ld_stage_2	mt	no_cnv	/raid/kang/DelSIEVE/simulation_results/IndelSIEVE_benchmark_pipeline_ld_003/benchmark_results/simulated_data/results/cell_names	/raid/kang/DelSIEVE/simulation_results/IndelSIEVE_benchmark_pipeline_ld_003/benchmark_results/indelsieve/from_candidate/variant_calling/stage2/mt/no_cnv/smc_mu_ld_stage_1-smc_mu_ld_stage_2/0006/indelsieve_median.cell_names	/raid/kang/DelSIEVE/simulation_results/IndelSIEVE_benchmark_pipeline_ld_003/benchmark_results/simulated_data/results/data_type/no_cnv/0006/true_evo_events_sites_names	/raid/kang/DelSIEVE/simulation_results/IndelSIEVE_benchmark_pipeline_ld_003/benchmark_results/indelsieve/from_candidate/variant_calling/stage2/mt/no_cnv/smc_mu_ld_stage_1-smc_mu_ld_stage_2/0006/indelsieve_median.loci_info	/raid/kang/DelSIEVE/simulation_results/IndelSIEVE_benchmark_pipeline_ld_003/benchmark_results/simulated_data/results/data_type/no_cnv/0006/true_evo_events_genotypes_numeric	/raid/kang/DelSIEVE/simulation_results/IndelSIEVE_benchmark_pipeline_ld_003/benchmark_results/indelsieve/from_candidate/variant_calling/stage2/mt/no_cnv/smc_mu_ld_stage_1-smc_mu_ld_stage_2/0006/indelsieve_median.genotypes	/raid/kang/DelSIEVE/simulation_results/IndelSIEVE_benchmark_pipeline_ld_003/benchmark_results/simulated_data/results/data_type/no_cnv/0006/true_evo_events_ternary_matrix.simple	/raid/kang/DelSIEVE/simulation_results/IndelSIEVE_benchmark_pipeline_ld_003/benchmark_results/indelsieve/from_candidate/variant_calling/stage2/mt/no_cnv/smc_mu_ld_stage_1-smc_mu_ld_stage_2/0006/indelsieve_median.ternary	/raid/kang/DelSIEVE/simulation_results/IndelSIEVE_benchmark_pipeline_ld_003/benchmark_results/indelsieve/from_candidate/variant_calling/stage2/mt/no_cnv/smc_mu_ld_stage_1-smc_mu_ld_stage_2/0006/indelsieve_median.probs	13822	120	12905	1673	0.8920296869958051	0.9913929134987808	0.9390902605564426	0.0092130518234165	13716	226	14320	254	0.9818181818181818	0.9837899870893704	0.9828030954428204	0.0155369173655987	10634	566	17052	264	0.9757753716278216	0.9494642857142858	0.9624400398226084	0.0321262345328641	2332	410	25584	190	0.9246629659000792	0.8504741064916119	0.8860182370820668	0.0157728706624605	2522	120	3	187	0	0	23412	1548	0.0	NA	0.0	NA	0	0	24944	16	0.0	NA	0.0	NA	0	0	24410	550	0.0	NA	0.0	NA	0	0	23978	982	0.0	NA	0.0	NA	880	102	157	390	0	0	24960	0	NA	NA	0.0	NA
40	20	2	0.001999	0.16334	3e-05	3e-06	0.0	0006	indelsieve	candidate_snvs	smc_mudel_ld_stage_1-smc_mudel_ld_stage_2	mt	no_cnv	/raid/kang/DelSIEVE/simulation_results/IndelSIEVE_benchmark_pipeline_ld_003/benchmark_results/simulated_data/results/cell_names	/raid/kang/DelSIEVE/simulation_results/IndelSIEVE_benchmark_pipeline_ld_003/benchmark_results/indelsieve/from_candidate/variant_calling/stage2/mt/no_cnv/smc_mudel_ld_stage_1-smc_mudel_ld_stage_2/0006/indelsieve_median.cell_names	/raid/kang/DelSIEVE/simulation_results/IndelSIEVE_benchmark_pipeline_ld_003/benchmark_results/simulated_data/results/data_type/no_cnv/0006/true_evo_events_sites_names	/raid/kang/DelSIEVE/simulation_results/IndelSIEVE_benchmark_pipeline_ld_003/benchmark_results/indelsieve/from_candidate/variant_calling/stage2/mt/no_cnv/smc_mudel_ld_stage_1-smc_mudel_ld_stage_2/0006/indelsieve_median.loci_info	/raid/kang/DelSIEVE/simulation_results/IndelSIEVE_benchmark_pipeline_ld_003/benchmark_results/simulated_data/results/data_type/no_cnv/0006/true_evo_events_genotypes_numeric	/raid/kang/DelSIEVE/simulation_results/IndelSIEVE_benchmark_pipeline_ld_003/benchmark_results/indelsieve/from_candidate/variant_calling/stage2/mt/no_cnv/smc_mudel_ld_stage_1-smc_mudel_ld_stage_2/0006/indelsieve_median.genotypes	/raid/kang/DelSIEVE/simulation_results/IndelSIEVE_benchmark_pipeline_ld_003/benchmark_results/simulated_data/results/data_type/no_cnv/0006/true_evo_events_ternary_matrix.simple	/raid/kang/DelSIEVE/simulation_results/IndelSIEVE_benchmark_pipeline_ld_003/benchmark_results/indelsieve/from_candidate/variant_calling/stage2/mt/no_cnv/smc_mudel_ld_stage_1-smc_mudel_ld_stage_2/0006/indelsieve_median.ternary	/raid/kang/DelSIEVE/simulation_results/IndelSIEVE_benchmark_pipeline_ld_003/benchmark_results/indelsieve/from_candidate/variant_calling/stage2/mt/no_cnv/smc_mudel_ld_stage_1-smc_mudel_ld_stage_2/0006/indelsieve_median.probs	14598	125	12900	897	0.942110358180058	0.9915098824967736	0.9661790985505329	0.0095969289827255	13704	162	14384	266	0.9809591982820328	0.9883167459974036	0.9846242276189108	0.0111370823594115	10623	375	17242	276	0.9746765758326452	0.9659028914348065	0.9702698999862996	0.0212862575920985	2331	36	25959	190	0.9246330821102736	0.9847908745247148	0.9537643207855974	0.0013848817080207	2521	119	3	186	1336	22	23390	212	0.8630490956072352	0.98379970544919	0.0009396890483512	0.9194769442532692	11	0	24944	5	0.6875	1.0	0.0	0.8148148148148148	496	5	24405	54	0.901818181818182	0.9900199600798404	0.0002048340843916	0.943862987630828	822	24	23954	160	0.8370672097759674	0.9716312056737588	0.0010009175077154	0.8993435448577679	121	39	31	20	0	0	24960	0	NA	NA	0.0	NA
40	20	2	0.001999	0.16334	3e-05	3e-06	0.0	0007	sieve	candidate_snvs	smc_mu_ld_stage_1-smc_mu_ld_stage_2	mt	no_cnv	/raid/kang/DelSIEVE/simulation_results/IndelSIEVE_benchmark_pipeline_ld_003/benchmark_results/simulated_data/results/cell_names	/raid/kang/DelSIEVE/simulation_results/IndelSIEVE_benchmark_pipeline_ld_003/benchmark_results/indelsieve/from_candidate/variant_calling/stage2/mt/no_cnv/smc_mu_ld_stage_1-smc_mu_ld_stage_2/0007/indelsieve_median.cell_names	/raid/kang/DelSIEVE/simulation_results/IndelSIEVE_benchmark_pipeline_ld_003/benchmark_results/simulated_data/results/data_type/no_cnv/0007/true_evo_events_sites_names	/raid/kang/DelSIEVE/simulation_results/IndelSIEVE_benchmark_pipeline_ld_003/benchmark_results/indelsieve/from_candidate/variant_calling/stage2/mt/no_cnv/smc_mu_ld_stage_1-smc_mu_ld_stage_2/0007/indelsieve_median.loci_info	/raid/kang/DelSIEVE/simulation_results/IndelSIEVE_benchmark_pipeline_ld_003/benchmark_results/simulated_data/results/data_type/no_cnv/0007/true_evo_events_genotypes_numeric	/raid/kang/DelSIEVE/simulation_results/IndelSIEVE_benchmark_pipeline_ld_003/benchmark_results/indelsieve/from_candidate/variant_calling/stage2/mt/no_cnv/smc_mu_ld_stage_1-smc_mu_ld_stage_2/0007/indelsieve_median.genotypes	/raid/kang/DelSIEVE/simulation_results/IndelSIEVE_benchmark_pipeline_ld_003/benchmark_results/simulated_data/results/data_type/no_cnv/0007/true_evo_events_ternary_matrix.simple	/raid/kang/DelSIEVE/simulation_results/IndelSIEVE_benchmark_pipeline_ld_003/benchmark_results/indelsieve/from_candidate/variant_calling/stage2/mt/no_cnv/smc_mu_ld_stage_1-smc_mu_ld_stage_2/0007/indelsieve_median.ternary	/raid/kang/DelSIEVE/simulation_results/IndelSIEVE_benchmark_pipeline_ld_003/benchmark_results/indelsieve/from_candidate/variant_calling/stage2/mt/no_cnv/smc_mu_ld_stage_1-smc_mu_ld_stage_2/0007/indelsieve_median.probs	8146	161	19010	1283	0.863930427404815	0.9806187552666424	0.9185836716283264	0.0083981012988367	8098	209	19892	396	0.9533788556628208	0.9748404959672564	0.9639902386762692	0.0103974926620566	7120	420	20644	411	0.9454255742929226	0.9442970822281168	0.9448609913078098	0.0199392328142802	676	91	27695	133	0.8355995055624228	0.8813559322033898	0.8578680203045687	0.003275030590945	809	161	0	133	0	0	23285	635	0.0	NA	0.0	NA	0	0	23917	3	0.0	NA	0.0	NA	0	0	23766	154	0.0	NA	0.0	NA	0	0	23442	478	0.0	NA	0.0	NA	430	47	79	75	0	0	23920	0	NA	NA	0.0	NA
40	20	2	0.001999	0.16334	3e-05	3e-06	0.0	0007	indelsieve	candidate_snvs	smc_mudel_ld_stage_1-smc_mudel_ld_stage_2	mt	no_cnv	/raid/kang/DelSIEVE/simulation_results/IndelSIEVE_benchmark_pipeline_ld_003/benchmark_results/simulated_data/results/cell_names	/raid/kang/DelSIEVE/simulation_results/IndelSIEVE_benchmark_pipeline_ld_003/benchmark_results/indelsieve/from_candidate/variant_calling/stage2/mt/no_cnv/smc_mudel_ld_stage_1-smc_mudel_ld_stage_2/0007/indelsieve_median.cell_names	/raid/kang/DelSIEVE/simulation_results/IndelSIEVE_benchmark_pipeline_ld_003/benchmark_results/simulated_data/results/data_type/no_cnv/0007/true_evo_events_sites_names	/raid/kang/DelSIEVE/simulation_results/IndelSIEVE_benchmark_pipeline_ld_003/benchmark_results/indelsieve/from_candidate/variant_calling/stage2/mt/no_cnv/smc_mudel_ld_stage_1-smc_mudel_ld_stage_2/0007/indelsieve_median.loci_info	/raid/kang/DelSIEVE/simulation_results/IndelSIEVE_benchmark_pipeline_ld_003/benchmark_results/simulated_data/results/data_type/no_cnv/0007/true_evo_events_genotypes_numeric	/raid/kang/DelSIEVE/simulation_results/IndelSIEVE_benchmark_pipeline_ld_003/benchmark_results/indelsieve/from_candidate/variant_calling/stage2/mt/no_cnv/smc_mudel_ld_stage_1-smc_mudel_ld_stage_2/0007/indelsieve_median.genotypes	/raid/kang/DelSIEVE/simulation_results/IndelSIEVE_benchmark_pipeline_ld_003/benchmark_results/simulated_data/results/data_type/no_cnv/0007/true_evo_events_ternary_matrix.simple	/raid/kang/DelSIEVE/simulation_results/IndelSIEVE_benchmark_pipeline_ld_003/benchmark_results/indelsieve/from_candidate/variant_calling/stage2/mt/no_cnv/smc_mudel_ld_stage_1-smc_mudel_ld_stage_2/0007/indelsieve_median.ternary	/raid/kang/DelSIEVE/simulation_results/IndelSIEVE_benchmark_pipeline_ld_003/benchmark_results/indelsieve/from_candidate/variant_calling/stage2/mt/no_cnv/smc_mudel_ld_stage_1-smc_mudel_ld_stage_2/0007/indelsieve_median.probs	8298	161	19010	1131	0.8800509067769647	0.9809670173779408	0.927772808586762	0.0083981012988367	8096	188	19913	398	0.9531433953378856	0.9773056494447128	0.9650733102872808	0.0093527685189791	7119	356	20708	412	0.9452927898021511	0.9523745819397992	0.9488204718112756	0.0169008735282947	676	20	27766	133	0.8355995055624228	0.971264367816092	0.8983388704318938	0.0007197869430648	809	153	0	133	280	8	23277	355	0.4409448818897638	0.9722222222222222	0.0003435688211294	0.6067172264355363	0	0	23917	3	0.0	NA	0.0	NA	111	2	23764	43	0.7207792207792207	0.9823008849557522	8.415383320710259e-05	0.8314606741573033	167	8	23434	311	0.3493723849372385	0.9542857142857144	0.0003412678099138	0.5114854517611026	276	33	37	6	0	0	23920	0	NA	NA	0.0	NA
40	20	2	0.001999	0.16334	3e-05	3e-06	0.0	0008	sieve	candidate_snvs	smc_mu_ld_stage_1-smc_mu_ld_stage_2	mt	no_cnv	/raid/kang/DelSIEVE/simulation_results/IndelSIEVE_benchmark_pipeline_ld_003/benchmark_results/simulated_data/results/cell_names	/raid/kang/DelSIEVE/simulation_results/IndelSIEVE_benchmark_pipeline_ld_003/benchmark_results/indelsieve/from_candidate/variant_calling/stage2/mt/no_cnv/smc_mu_ld_stage_1-smc_mu_ld_stage_2/0008/indelsieve_median.cell_names	/raid/kang/DelSIEVE/simulation_results/IndelSIEVE_benchmark_pipeline_ld_003/benchmark_results/simulated_data/results/data_type/no_cnv/0008/true_evo_events_sites_names	/raid/kang/DelSIEVE/simulation_results/IndelSIEVE_benchmark_pipeline_ld_003/benchmark_results/indelsieve/from_candidate/variant_calling/stage2/mt/no_cnv/smc_mu_ld_stage_1-smc_mu_ld_stage_2/0008/indelsieve_median.loci_info	/raid/kang/DelSIEVE/simulation_results/IndelSIEVE_benchmark_pipeline_ld_003/benchmark_results/simulated_data/results/data_type/no_cnv/0008/true_evo_events_genotypes_numeric	/raid/kang/DelSIEVE/simulation_results/IndelSIEVE_benchmark_pipeline_ld_003/benchmark_results/indelsieve/from_candidate/variant_calling/stage2/mt/no_cnv/smc_mu_ld_stage_1-smc_mu_ld_stage_2/0008/indelsieve_median.genotypes	/raid/kang/DelSIEVE/simulation_results/IndelSIEVE_benchmark_pipeline_ld_003/benchmark_results/simulated_data/results/data_type/no_cnv/0008/true_evo_events_ternary_matrix.simple	/raid/kang/DelSIEVE/simulation_results/IndelSIEVE_benchmark_pipeline_ld_003/benchmark_results/indelsieve/from_candidate/variant_calling/stage2/mt/no_cnv/smc_mu_ld_stage_1-smc_mu_ld_stage_2/0008/indelsieve_median.ternary	/raid/kang/DelSIEVE/simulation_results/IndelSIEVE_benchmark_pipeline_ld_003/benchmark_results/indelsieve/from_candidate/variant_calling/stage2/mt/no_cnv/smc_mu_ld_stage_1-smc_mu_ld_stage_2/0008/indelsieve_median.probs	10213	133	16906	1388	0.8803551417981208	0.9871447902571042	0.9306966783615072	0.0078056223956804	10153	193	17952	336	0.9679664410334636	0.9813454475159482	0.9746100311975042	0.0106365389914577	8543	441	19306	344	0.9612917745020816	0.950912733748887	0.9560740865088692	0.0223325062034739	1279	83	27112	160	0.8888116747741487	0.9390602055800292	0.9132452695465904	0.0030520316234601	1439	133	2	158	0	0	23432	808	0.0	NA	0.0	NA	0	0	24233	7	0.0	NA	0.0	NA	0	0	24077	163	0.0	NA	0.0	NA	0	0	23602	638	0.0	NA	0.0	NA	578	60	90	73	0	0	24240	0	NA	NA	0.0	NA
40	20	2	0.001999	0.16334	3e-05	3e-06	0.0	0008	indelsieve	candidate_snvs	smc_mudel_ld_stage_1-smc_mudel_ld_stage_2	mt	no_cnv	/raid/kang/DelSIEVE/simulation_results/IndelSIEVE_benchmark_pipeline_ld_003/benchmark_results/simulated_data/results/cell_names	/raid/kang/DelSIEVE/simulation_results/IndelSIEVE_benchmark_pipeline_ld_003/benchmark_results/indelsieve/from_candidate/variant_calling/stage2/mt/no_cnv/smc_mudel_ld_stage_1-smc_mudel_ld_stage_2/0008/indelsieve_median.cell_names	/raid/kang/DelSIEVE/simulation_results/IndelSIEVE_benchmark_pipeline_ld_003/benchmark_results/simulated_data/results/data_type/no_cnv/0008/true_evo_events_sites_names	/raid/kang/DelSIEVE/simulation_results/IndelSIEVE_benchmark_pipeline_ld_003/benchmark_results/indelsieve/from_candidate/variant_calling/stage2/mt/no_cnv/smc_mudel_ld_stage_1-smc_mudel_ld_stage_2/0008/indelsieve_median.loci_info	/raid/kang/DelSIEVE/simulation_results/IndelSIEVE_benchmark_pipeline_ld_003/benchmark_results/simulated_data/results/data_type/no_cnv/0008/true_evo_events_genotypes_numeric	/raid/kang/DelSIEVE/simulation_results/IndelSIEVE_benchmark_pipeline_ld_003/benchmark_results/indelsieve/from_candidate/variant_calling/stage2/mt/no_cnv/smc_mudel_ld_stage_1-smc_mudel_ld_stage_2/0008/indelsieve_median.genotypes	/raid/kang/DelSIEVE/simulation_results/IndelSIEVE_benchmark_pipeline_ld_003/benchmark_results/simulated_data/results/data_type/no_cnv/0008/true_evo_events_ternary_matrix.simple	/raid/kang/DelSIEVE/simulation_results/IndelSIEVE_benchmark_pipeline_ld_003/benchmark_results/indelsieve/from_candidate/variant_calling/stage2/mt/no_cnv/smc_mudel_ld_stage_1-smc_mudel_ld_stage_2/0008/indelsieve_median.ternary	/raid/kang/DelSIEVE/simulation_results/IndelSIEVE_benchmark_pipeline_ld_003/benchmark_results/indelsieve/from_candidate/variant_calling/stage2/mt/no_cnv/smc_mudel_ld_stage_1-smc_mudel_ld_stage_2/0008/indelsieve_median.probs	10567	133	16906	1034	0.9108697526075338	0.987570093457944	0.9476705080489664	0.0078056223956804	10141	165	17980	348	0.9668223853560872	0.9839899087909956	0.9753306083193076	0.0090934141636814	8528	349	19393	364	0.95906432748538	0.9606849160752506	0.9598739377567672	0.0176780468037686	1279	12	27188	155	0.8919107391910739	0.9907048799380326	0.9387155963302752	0.0004411764705882	1434	133	2	153	510	22	23410	298	0.6311881188118812	0.9586466165413534	0.0009388869921474	0.7611940298507464	5	0	24233	2	0.7142857142857143	1.0	0.0	0.8333333333333333	127	11	24066	36	0.7791411042944786	0.9202898550724636	0.0004568675499439	0.8438538205980067	375	14	23588	263	0.5877742946708464	0.9640102827763496	0.000593170070333	0.7302823758519962	231	31	32	2	0	0	24240	0	NA	NA	0.0	NA
40	20	2	0.001999	0.16334	3e-05	3e-06	0.0	0009	sieve	candidate_snvs	smc_mu_ld_stage_1-smc_mu_ld_stage_2	mt	no_cnv	/raid/kang/DelSIEVE/simulation_results/IndelSIEVE_benchmark_pipeline_ld_003/benchmark_results/simulated_data/results/cell_names	/raid/kang/DelSIEVE/simulation_results/IndelSIEVE_benchmark_pipeline_ld_003/benchmark_results/indelsieve/from_candidate/variant_calling/stage2/mt/no_cnv/smc_mu_ld_stage_1-smc_mu_ld_stage_2/0009/indelsieve_median.cell_names	/raid/kang/DelSIEVE/simulation_results/IndelSIEVE_benchmark_pipeline_ld_003/benchmark_results/simulated_data/results/data_type/no_cnv/0009/true_evo_events_sites_names	/raid/kang/DelSIEVE/simulation_results/IndelSIEVE_benchmark_pipeline_ld_003/benchmark_results/indelsieve/from_candidate/variant_calling/stage2/mt/no_cnv/smc_mu_ld_stage_1-smc_mu_ld_stage_2/0009/indelsieve_median.loci_info	/raid/kang/DelSIEVE/simulation_results/IndelSIEVE_benchmark_pipeline_ld_003/benchmark_results/simulated_data/results/data_type/no_cnv/0009/true_evo_events_genotypes_numeric	/raid/kang/DelSIEVE/simulation_results/IndelSIEVE_benchmark_pipeline_ld_003/benchmark_results/indelsieve/from_candidate/variant_calling/stage2/mt/no_cnv/smc_mu_ld_stage_1-smc_mu_ld_stage_2/0009/indelsieve_median.genotypes	/raid/kang/DelSIEVE/simulation_results/IndelSIEVE_benchmark_pipeline_ld_003/benchmark_results/simulated_data/results/data_type/no_cnv/0009/true_evo_events_ternary_matrix.simple	/raid/kang/DelSIEVE/simulation_results/IndelSIEVE_benchmark_pipeline_ld_003/benchmark_results/indelsieve/from_candidate/variant_calling/stage2/mt/no_cnv/smc_mu_ld_stage_1-smc_mu_ld_stage_2/0009/indelsieve_median.ternary	/raid/kang/DelSIEVE/simulation_results/IndelSIEVE_benchmark_pipeline_ld_003/benchmark_results/indelsieve/from_candidate/variant_calling/stage2/mt/no_cnv/smc_mu_ld_stage_1-smc_mu_ld_stage_2/0009/indelsieve_median.probs	10837	120	15592	1331	0.8906147271531887	0.9890480971068724	0.937254054054054	0.0076374745417515	10746	211	16590	331	0.9701182630676176	0.980742904079584	0.9754016519923754	0.0125587762633176	9098	481	17956	343	0.9636691028492744	0.9497859901868672	0.956677181913775	0.0260888430872701	1119	259	26321	179	0.862095531587057	0.8120464441219158	0.8363228699551569	0.0097441685477802	1298	120	4	175	0	0	23170	1110	0.0	NA	0.0	NA	0	0	24260	20	0.0	NA	0.0	NA	0	0	23942	338	0.0	NA	0.0	NA	0	0	23528	752	0.0	NA	0.0	NA	670	82	102	234	0	0	24280	0	NA	NA	0.0	NA
40	20	2	0.001999	0.16334	3e-05	3e-06	0.0	0009	indelsieve	candidate_snvs	smc_mudel_ld_stage_1-smc_mudel_ld_stage_2	mt	no_cnv	/raid/kang/DelSIEVE/simulation_results/IndelSIEVE_benchmark_pipeline_ld_003/benchmark_results/simulated_data/results/cell_names	/raid/kang/DelSIEVE/simulation_results/IndelSIEVE_benchmark_pipeline_ld_003/benchmark_results/indelsieve/from_candidate/variant_calling/stage2/mt/no_cnv/smc_mudel_ld_stage_1-smc_mudel_ld_stage_2/0009/indelsieve_median.cell_names	/raid/kang/DelSIEVE/simulation_results/IndelSIEVE_benchmark_pipeline_ld_003/benchmark_results/simulated_data/results/data_type/no_cnv/0009/true_evo_events_sites_names	/raid/kang/DelSIEVE/simulation_results/IndelSIEVE_benchmark_pipeline_ld_003/benchmark_results/indelsieve/from_candidate/variant_calling/stage2/mt/no_cnv/smc_mudel_ld_stage_1-smc_mudel_ld_stage_2/0009/indelsieve_median.loci_info	/raid/kang/DelSIEVE/simulation_results/IndelSIEVE_benchmark_pipeline_ld_003/benchmark_results/simulated_data/results/data_type/no_cnv/0009/true_evo_events_genotypes_numeric	/raid/kang/DelSIEVE/simulation_results/IndelSIEVE_benchmark_pipeline_ld_003/benchmark_results/indelsieve/from_candidate/variant_calling/stage2/mt/no_cnv/smc_mudel_ld_stage_1-smc_mudel_ld_stage_2/0009/indelsieve_median.genotypes	/raid/kang/DelSIEVE/simulation_results/IndelSIEVE_benchmark_pipeline_ld_003/benchmark_results/simulated_data/results/data_type/no_cnv/0009/true_evo_events_ternary_matrix.simple	/raid/kang/DelSIEVE/simulation_results/IndelSIEVE_benchmark_pipeline_ld_003/benchmark_results/indelsieve/from_candidate/variant_calling/stage2/mt/no_cnv/smc_mudel_ld_stage_1-smc_mudel_ld_stage_2/0009/indelsieve_median.ternary	/raid/kang/DelSIEVE/simulation_results/IndelSIEVE_benchmark_pipeline_ld_003/benchmark_results/indelsieve/from_candidate/variant_calling/stage2/mt/no_cnv/smc_mudel_ld_stage_1-smc_mudel_ld_stage_2/0009/indelsieve_median.probs	11353	119	15593	815	0.9330210387902697	0.9896269177126916	0.9604906937394246	0.0075738289205702	10749	158	16643	328	0.970389094520177	0.9855138901622812	0.9778930131004367	0.0094042021308255	9090	361	18076	351	0.9628217349857008	0.9618029838112367	0.9623120897734492	0.0195801920052069	1119	20	26560	179	0.862095531587057	0.9824407374890256	0.9183422240459582	0.000752445447705	1298	115	4	175	864	18	23152	246	0.7783783783783784	0.979591836734694	0.0007768666378938	0.8674698795180723	14	0	24260	6	0.7	1.0	0.0	0.8235294117647058	300	17	23925	38	0.8875739644970414	0.946372239747634	0.0007100492857739	0.916030534351145	541	10	23518	211	0.7194148936170213	0.9818511796733213	0.00042502550153	0.8303914044512664	170	40	31	5	0	0	24280	0	NA	NA	0.0	NA
40	20	2	0.001999	0.16334	3e-05	3e-06	0.0	0010	sieve	candidate_snvs	smc_mu_ld_stage_1-smc_mu_ld_stage_2	mt	no_cnv	/raid/kang/DelSIEVE/simulation_results/IndelSIEVE_benchmark_pipeline_ld_003/benchmark_results/simulated_data/results/cell_names	/raid/kang/DelSIEVE/simulation_results/IndelSIEVE_benchmark_pipeline_ld_003/benchmark_results/indelsieve/from_candidate/variant_calling/stage2/mt/no_cnv/smc_mu_ld_stage_1-smc_mu_ld_stage_2/0010/indelsieve_median.cell_names	/raid/kang/DelSIEVE/simulation_results/IndelSIEVE_benchmark_pipeline_ld_003/benchmark_results/simulated_data/results/data_type/no_cnv/0010/true_evo_events_sites_names	/raid/kang/DelSIEVE/simulation_results/IndelSIEVE_benchmark_pipeline_ld_003/benchmark_results/indelsieve/from_candidate/variant_calling/stage2/mt/no_cnv/smc_mu_ld_stage_1-smc_mu_ld_stage_2/0010/indelsieve_median.loci_info	/raid/kang/DelSIEVE/simulation_results/IndelSIEVE_benchmark_pipeline_ld_003/benchmark_results/simulated_data/results/data_type/no_cnv/0010/true_evo_events_genotypes_numeric	/raid/kang/DelSIEVE/simulation_results/IndelSIEVE_benchmark_pipeline_ld_003/benchmark_results/indelsieve/from_candidate/variant_calling/stage2/mt/no_cnv/smc_mu_ld_stage_1-smc_mu_ld_stage_2/0010/indelsieve_median.genotypes	/raid/kang/DelSIEVE/simulation_results/IndelSIEVE_benchmark_pipeline_ld_003/benchmark_results/simulated_data/results/data_type/no_cnv/0010/true_evo_events_ternary_matrix.simple	/raid/kang/DelSIEVE/simulation_results/IndelSIEVE_benchmark_pipeline_ld_003/benchmark_results/indelsieve/from_candidate/variant_calling/stage2/mt/no_cnv/smc_mu_ld_stage_1-smc_mu_ld_stage_2/0010/indelsieve_median.ternary	/raid/kang/DelSIEVE/simulation_results/IndelSIEVE_benchmark_pipeline_ld_003/benchmark_results/indelsieve/from_candidate/variant_calling/stage2/mt/no_cnv/smc_mu_ld_stage_1-smc_mu_ld_stage_2/0010/indelsieve_median.probs	7908	161	15747	1224	0.8659658344283837	0.9800470938158384	0.9194814254985176	0.010120693990445	7877	192	16613	345	0.9580394064704452	0.97620522989218	0.9670370143023757	0.0114251710800357	6761	431	17480	355	0.9501124227093872	0.9400723025583982	0.9450656975118816	0.0240634247110714	774	103	24011	139	0.8477546549835706	0.8825541619156214	0.864804469273743	0.0042713776229576	913	161	4	135	0	0	20629	731	0.0	NA	0.0	NA	0	0	21354	6	0.0	NA	0.0	NA	0	0	21167	193	0.0	NA	0.0	NA	0	0	20828	532	0.0	NA	0.0	NA	504	28	104	87	0	0	21360	0	NA	NA	0.0	NA
40	20	2	0.001999	0.16334	3e-05	3e-06	0.0	0010	indelsieve	candidate_snvs	smc_mudel_ld_stage_1-smc_mudel_ld_stage_2	mt	no_cnv	/raid/kang/DelSIEVE/simulation_results/IndelSIEVE_benchmark_pipeline_ld_003/benchmark_results/simulated_data/results/cell_names	/raid/kang/DelSIEVE/simulation_results/IndelSIEVE_benchmark_pipeline_ld_003/benchmark_results/indelsieve/from_candidate/variant_calling/stage2/mt/no_cnv/smc_mudel_ld_stage_1-smc_mudel_ld_stage_2/0010/indelsieve_median.cell_names	/raid/kang/DelSIEVE/simulation_results/IndelSIEVE_benchmark_pipeline_ld_003/benchmark_results/simulated_data/results/data_type/no_cnv/0010/true_evo_events_sites_names	/raid/kang/DelSIEVE/simulation_results/IndelSIEVE_benchmark_pipeline_ld_003/benchmark_results/indelsieve/from_candidate/variant_calling/stage2/mt/no_cnv/smc_mudel_ld_stage_1-smc_mudel_ld_stage_2/0010/indelsieve_median.loci_info	/raid/kang/DelSIEVE/simulation_results/IndelSIEVE_benchmark_pipeline_ld_003/benchmark_results/simulated_data/results/data_type/no_cnv/0010/true_evo_events_genotypes_numeric	/raid/kang/DelSIEVE/simulation_results/IndelSIEVE_benchmark_pipeline_ld_003/benchmark_results/indelsieve/from_candidate/variant_calling/stage2/mt/no_cnv/smc_mudel_ld_stage_1-smc_mudel_ld_stage_2/0010/indelsieve_median.genotypes	/raid/kang/DelSIEVE/simulation_results/IndelSIEVE_benchmark_pipeline_ld_003/benchmark_results/simulated_data/results/data_type/no_cnv/0010/true_evo_events_ternary_matrix.simple	/raid/kang/DelSIEVE/simulation_results/IndelSIEVE_benchmark_pipeline_ld_003/benchmark_results/indelsieve/from_candidate/variant_calling/stage2/mt/no_cnv/smc_mudel_ld_stage_1-smc_mudel_ld_stage_2/0010/indelsieve_median.ternary	/raid/kang/DelSIEVE/simulation_results/IndelSIEVE_benchmark_pipeline_ld_003/benchmark_results/indelsieve/from_candidate/variant_calling/stage2/mt/no_cnv/smc_mudel_ld_stage_1-smc_mudel_ld_stage_2/0010/indelsieve_median.probs	8200	157	15751	932	0.8979413053000438	0.9812133540744288	0.937732288867288	0.0098692481770178	7880	185	16620	342	0.9584042811967892	0.977061376317421	0.9676429053846626	0.0110086283844094	6764	381	17530	352	0.9505340078695896	0.9466759972008396	0.948601079868172	0.0212718441181396	774	20	24094	139	0.8477546549835706	0.9748110831234256	0.906854130052724	0.0008293937131956	913	157	4	135	418	0	20629	313	0.5718194254445964	1.0	0.0	0.7275892080069625	0	0	21354	6	0.0	NA	0.0	NA	126	0	21167	67	0.6528497409326425	1.0	0.0	0.7899686520376175	289	3	20825	243	0.543233082706767	0.9897260273972602	0.0001440368734396	0.7014563106796117	218	25	61	4	0	0	21360	0	NA	NA	0.0	NA
