cell_num	coverage_mean	coverage_variance	eff_seq_err_rate	ado_rate	mutation_rate	deletion_rate	insertion_rate	dataset	tool	snv_type	tool_setup	fine_tune_type	data_type	true_cell_names	cell_names	true_loci_info	loci_info	true_genotypes	genotypes	true_ternary	ternary	genotype_probs	true_positive	false_positive	true_negative	false_negative	recall	precision	f1_score	fall_out	true_positive_mu	false_positive_mu	true_negative_mu	false_negative_mu	recall_mu	precision_mu	f1_score_mu	fall_out_mu	true_positive_hetero_mu	false_positive_hetero_mu	true_negative_hetero_mu	false_negative_hetero_mu	recall_hetero_mu	precision_hetero_mu	f1_score_hetero_mu	fall_out_hetero_mu	true_positive_homo_mu	false_positive_homo_mu	true_negative_homo_mu	false_negative_homo_mu	recall_homo_mu	precision_homo_mu	f1_score_homo_mu	fall_out_homo_mu	true_homo_mu	true_homo_ref_as_hetero_mu	true_homo_mu_as_homo_ref	true_homo_mu_as_hetero_mu	true_positive_del	false_positive_del	true_negative_del	false_negative_del	recall_del	precision_del	fall_out_del	f1_score_del	true_positive_all_del	false_positive_all_del	true_negative_all_del	false_negative_all_del	recall_all_del	precision_all_del	fall_out_all_del	f1_score_all_del	true_positive_del_alt_left	false_positive_del_alt_left	true_negative_del_alt_left	false_negative_del_alt_left	recall_del_alt_left	precision_del_alt_left	fall_out_del_alt_left	f1_score_del_alt_left	true_positive_del_ref_left	false_positive_del_ref_left	true_negative_del_ref_left	false_negative_del_ref_left	recall_del_ref_left	precision_del_ref_left	fall_out_del_ref_left	f1_score_del_ref_left	true_del_ref_left_as_homo_ref	true_del_ref_left_as_hetero_mu	true_del_alt_left_as_hetero_mu	true_del_alt_left_as_homo_mu	true_positive_amp	false_positive_amp	true_negative_amp	false_negative_amp	recall_amp	precision_amp	fall_out_amp	f1_score_amp
40	5	20	0.001999	0.3	3e-05	3e-06	0.0	0001	monovar	NA	true_parameters	NA	no_cnv	/raid/kang/DelSIEVE/simulation_results/IndelSIEVE_benchmark_pipeline_sa_203/benchmark_results/simulated_data/results/cell_names	/raid/kang/DelSIEVE/simulation_results/IndelSIEVE_benchmark_pipeline_sa_203/benchmark_results/monovar/from_true_params/no_cnv/0001/post_processed/filtered.cell_names	/raid/kang/DelSIEVE/simulation_results/IndelSIEVE_benchmark_pipeline_sa_203/benchmark_results/simulated_data/results/data_type/no_cnv/0001/true_evo_events_sites_names	/raid/kang/DelSIEVE/simulation_results/IndelSIEVE_benchmark_pipeline_sa_203/benchmark_results/monovar/from_true_params/no_cnv/0001/post_processed/filtered.loci_info	/raid/kang/DelSIEVE/simulation_results/IndelSIEVE_benchmark_pipeline_sa_203/benchmark_results/simulated_data/results/data_type/no_cnv/0001/true_evo_events_genotypes_numeric	/raid/kang/DelSIEVE/simulation_results/IndelSIEVE_benchmark_pipeline_sa_203/benchmark_results/monovar/from_true_params/no_cnv/0001/post_processed/filtered.genotypes	/raid/kang/DelSIEVE/simulation_results/IndelSIEVE_benchmark_pipeline_sa_203/benchmark_results/simulated_data/results/data_type/no_cnv/0001/true_evo_events_ternary_matrix.simple	/raid/kang/DelSIEVE/simulation_results/IndelSIEVE_benchmark_pipeline_sa_203/benchmark_results/monovar/from_true_params/no_cnv/0001/post_processed/filtered.ternary	/raid/kang/DelSIEVE/simulation_results/IndelSIEVE_benchmark_pipeline_sa_203/benchmark_results/monovar/from_true_params/no_cnv/0001/post_processed/filtered.genotype_probs	7140	1268	15809	4423	0.6174868113811295	0.8491912464319695	0.715036803364879	0.0742519177841541	5762	21	18227	4612	0.5554270291112396	0.9963686667819472	0.7132512223803923	0.001150811047786	3967	314	19196	5145	0.435359964881475	0.926652651249708	0.592399014410513	0.0160943106099436	576	926	26683	437	0.5686080947680158	0.3834886817576564	0.4580516898608349	0.0335397877503712	1013	18	83	255	341	2284	24918	1097	0.237134909596662	0.1299047619047619	0.0839644143812955	0.1678562638444499	0	2625	26004	11	0.0	0.0	0.0916902441580215	NA	0	0	28373	267	0.0	NA	0.0	NA	0	0	27480	1160	0.0	NA	0.0	NA	930	3	38	77	0	0	28640	0	NA	NA	0.0	NA
40	5	20	0.001999	0.3	3e-05	3e-06	0.0	0002	monovar	NA	true_parameters	NA	no_cnv	/raid/kang/DelSIEVE/simulation_results/IndelSIEVE_benchmark_pipeline_sa_203/benchmark_results/simulated_data/results/cell_names	/raid/kang/DelSIEVE/simulation_results/IndelSIEVE_benchmark_pipeline_sa_203/benchmark_results/monovar/from_true_params/no_cnv/0002/post_processed/filtered.cell_names	/raid/kang/DelSIEVE/simulation_results/IndelSIEVE_benchmark_pipeline_sa_203/benchmark_results/simulated_data/results/data_type/no_cnv/0002/true_evo_events_sites_names	/raid/kang/DelSIEVE/simulation_results/IndelSIEVE_benchmark_pipeline_sa_203/benchmark_results/monovar/from_true_params/no_cnv/0002/post_processed/filtered.loci_info	/raid/kang/DelSIEVE/simulation_results/IndelSIEVE_benchmark_pipeline_sa_203/benchmark_results/simulated_data/results/data_type/no_cnv/0002/true_evo_events_genotypes_numeric	/raid/kang/DelSIEVE/simulation_results/IndelSIEVE_benchmark_pipeline_sa_203/benchmark_results/monovar/from_true_params/no_cnv/0002/post_processed/filtered.genotypes	/raid/kang/DelSIEVE/simulation_results/IndelSIEVE_benchmark_pipeline_sa_203/benchmark_results/simulated_data/results/data_type/no_cnv/0002/true_evo_events_ternary_matrix.simple	/raid/kang/DelSIEVE/simulation_results/IndelSIEVE_benchmark_pipeline_sa_203/benchmark_results/monovar/from_true_params/no_cnv/0002/post_processed/filtered.ternary	/raid/kang/DelSIEVE/simulation_results/IndelSIEVE_benchmark_pipeline_sa_203/benchmark_results/monovar/from_true_params/no_cnv/0002/post_processed/filtered.genotype_probs	4647	459	5707	2507	0.6495666759854627	0.9101057579318448	0.7580750407830343	0.0744404800518975	3686	11	6676	2942	0.556125528062764	0.9970246145523396	0.7139951573849879	0.0016449828024525	2211	321	7682	3101	0.4162274096385542	0.8732227488151659	0.5637429882712901	0.0401099587654629	596	569	11655	495	0.5462878093492209	0.511587982832618	0.5283687943262412	0.0465477748691099	1091	11	104	273	251	1158	11411	500	0.3342210386151797	0.1781405251951738	0.0921314344816612	0.2324074074074074	5	1404	11906	5	0.5	0.0035486160397444	0.1054845980465815	0.0070472163495419	0	0	13090	230	0.0	NA	0.0	NA	0	0	12809	511	0.0	NA	0.0	NA	366	0	37	64	0	0	13320	0	NA	NA	0.0	NA
40	5	20	0.001999	0.3	3e-05	3e-06	0.0	0003	monovar	NA	true_parameters	NA	no_cnv	/raid/kang/DelSIEVE/simulation_results/IndelSIEVE_benchmark_pipeline_sa_203/benchmark_results/simulated_data/results/cell_names	/raid/kang/DelSIEVE/simulation_results/IndelSIEVE_benchmark_pipeline_sa_203/benchmark_results/monovar/from_true_params/no_cnv/0003/post_processed/filtered.cell_names	/raid/kang/DelSIEVE/simulation_results/IndelSIEVE_benchmark_pipeline_sa_203/benchmark_results/simulated_data/results/data_type/no_cnv/0003/true_evo_events_sites_names	/raid/kang/DelSIEVE/simulation_results/IndelSIEVE_benchmark_pipeline_sa_203/benchmark_results/monovar/from_true_params/no_cnv/0003/post_processed/filtered.loci_info	/raid/kang/DelSIEVE/simulation_results/IndelSIEVE_benchmark_pipeline_sa_203/benchmark_results/simulated_data/results/data_type/no_cnv/0003/true_evo_events_genotypes_numeric	/raid/kang/DelSIEVE/simulation_results/IndelSIEVE_benchmark_pipeline_sa_203/benchmark_results/monovar/from_true_params/no_cnv/0003/post_processed/filtered.genotypes	/raid/kang/DelSIEVE/simulation_results/IndelSIEVE_benchmark_pipeline_sa_203/benchmark_results/simulated_data/results/data_type/no_cnv/0003/true_evo_events_ternary_matrix.simple	/raid/kang/DelSIEVE/simulation_results/IndelSIEVE_benchmark_pipeline_sa_203/benchmark_results/monovar/from_true_params/no_cnv/0003/post_processed/filtered.ternary	/raid/kang/DelSIEVE/simulation_results/IndelSIEVE_benchmark_pipeline_sa_203/benchmark_results/monovar/from_true_params/no_cnv/0003/post_processed/filtered.genotype_probs	8804	1311	13716	4849	0.6448399619131326	0.8703905091448344	0.7408280040390439	0.087242962667199	7004	32	16485	5123	0.5775542178609714	0.9954519613416714	0.7309920158639044	0.0019373978325361	4796	492	17496	5860	0.450075075075075	0.9069591527987896	0.601605619668841	0.0273515677118078	559	1189	26277	619	0.4745331069609507	0.3197940503432494	0.3820915926179084	0.0432898856768368	1178	31	104	377	452	2627	24234	1367	0.2484881803188565	0.1468009093861643	0.0977997840735639	0.1845651286239281	22	3057	25596	5	0.8148148148148148	0.0071451770055212	0.1066903989111087	0.0141661300708306	0	0	28351	329	0.0	NA	0.0	NA	0	0	27217	1463	0.0	NA	0.0	NA	1164	1	83	70	0	0	28680	0	NA	NA	0.0	NA
40	5	20	0.001999	0.3	3e-05	3e-06	0.0	0004	monovar	NA	true_parameters	NA	no_cnv	/raid/kang/DelSIEVE/simulation_results/IndelSIEVE_benchmark_pipeline_sa_203/benchmark_results/simulated_data/results/cell_names	/raid/kang/DelSIEVE/simulation_results/IndelSIEVE_benchmark_pipeline_sa_203/benchmark_results/monovar/from_true_params/no_cnv/0004/post_processed/filtered.cell_names	/raid/kang/DelSIEVE/simulation_results/IndelSIEVE_benchmark_pipeline_sa_203/benchmark_results/simulated_data/results/data_type/no_cnv/0004/true_evo_events_sites_names	/raid/kang/DelSIEVE/simulation_results/IndelSIEVE_benchmark_pipeline_sa_203/benchmark_results/monovar/from_true_params/no_cnv/0004/post_processed/filtered.loci_info	/raid/kang/DelSIEVE/simulation_results/IndelSIEVE_benchmark_pipeline_sa_203/benchmark_results/simulated_data/results/data_type/no_cnv/0004/true_evo_events_genotypes_numeric	/raid/kang/DelSIEVE/simulation_results/IndelSIEVE_benchmark_pipeline_sa_203/benchmark_results/monovar/from_true_params/no_cnv/0004/post_processed/filtered.genotypes	/raid/kang/DelSIEVE/simulation_results/IndelSIEVE_benchmark_pipeline_sa_203/benchmark_results/simulated_data/results/data_type/no_cnv/0004/true_evo_events_ternary_matrix.simple	/raid/kang/DelSIEVE/simulation_results/IndelSIEVE_benchmark_pipeline_sa_203/benchmark_results/monovar/from_true_params/no_cnv/0004/post_processed/filtered.ternary	/raid/kang/DelSIEVE/simulation_results/IndelSIEVE_benchmark_pipeline_sa_203/benchmark_results/monovar/from_true_params/no_cnv/0004/post_processed/filtered.genotype_probs	7622	1307	15204	4387	0.6346906486801566	0.8536230260947475	0.7280542554207661	0.0791593483132457	6071	26	17407	5009	0.5479241877256318	0.9957356076759062	0.7068754730162427	0.0014914243102162	4246	495	18458	5314	0.4441422594142259	0.8955916473317865	0.5938046290469198	0.0261172373766686	594	762	26505	652	0.4767255216693419	0.4380530973451327	0.4565718677940046	0.0279458686324128	1246	24	130	395	368	2464	24853	835	0.3059019118869493	0.1299435028248587	0.09020024160779	0.1824039653035935	1	2831	25688	0	1.0	0.0003531073446327	0.0992671552298467	0.000705965407695	0	0	28239	281	0.0	NA	0.0	NA	0	0	27599	921	0.0	NA	0.0	NA	673	2	74	66	0	0	28520	0	NA	NA	0.0	NA
40	5	20	0.001999	0.3	3e-05	3e-06	0.0	0005	monovar	NA	true_parameters	NA	no_cnv	/raid/kang/DelSIEVE/simulation_results/IndelSIEVE_benchmark_pipeline_sa_203/benchmark_results/simulated_data/results/cell_names	/raid/kang/DelSIEVE/simulation_results/IndelSIEVE_benchmark_pipeline_sa_203/benchmark_results/monovar/from_true_params/no_cnv/0005/post_processed/filtered.cell_names	/raid/kang/DelSIEVE/simulation_results/IndelSIEVE_benchmark_pipeline_sa_203/benchmark_results/simulated_data/results/data_type/no_cnv/0005/true_evo_events_sites_names	/raid/kang/DelSIEVE/simulation_results/IndelSIEVE_benchmark_pipeline_sa_203/benchmark_results/monovar/from_true_params/no_cnv/0005/post_processed/filtered.loci_info	/raid/kang/DelSIEVE/simulation_results/IndelSIEVE_benchmark_pipeline_sa_203/benchmark_results/simulated_data/results/data_type/no_cnv/0005/true_evo_events_genotypes_numeric	/raid/kang/DelSIEVE/simulation_results/IndelSIEVE_benchmark_pipeline_sa_203/benchmark_results/monovar/from_true_params/no_cnv/0005/post_processed/filtered.genotypes	/raid/kang/DelSIEVE/simulation_results/IndelSIEVE_benchmark_pipeline_sa_203/benchmark_results/simulated_data/results/data_type/no_cnv/0005/true_evo_events_ternary_matrix.simple	/raid/kang/DelSIEVE/simulation_results/IndelSIEVE_benchmark_pipeline_sa_203/benchmark_results/monovar/from_true_params/no_cnv/0005/post_processed/filtered.ternary	/raid/kang/DelSIEVE/simulation_results/IndelSIEVE_benchmark_pipeline_sa_203/benchmark_results/monovar/from_true_params/no_cnv/0005/post_processed/filtered.genotype_probs	4944	1171	18667	3698	0.5720897940291599	0.8085036794766967	0.6700548892051231	0.0590281278354672	4052	11	20765	3639	0.5268495644259524	0.9972926409057348	0.6894674153479666	0.0005294570658452	3259	262	21122	3824	0.4601157701538896	0.9255893212155638	0.6146737080347039	0.01225215114104	169	373	27581	344	0.3294346978557504	0.3118081180811808	0.3203791469194313	0.0133433497889389	513	11	82	221	225	1827	25607	821	0.2151051625239005	0.1096491228070175	0.0665961945031712	0.1452550032278889	0	2052	26427	1	0.0	0.0	0.0720530917518171	NA	0	0	28372	108	0.0	NA	0.0	NA	0	0	27543	937	0.0	NA	0.0	NA	748	0	30	20	0	0	28480	0	NA	NA	0.0	NA
40	5	20	0.001999	0.3	3e-05	3e-06	0.0	0006	monovar	NA	true_parameters	NA	no_cnv	/raid/kang/DelSIEVE/simulation_results/IndelSIEVE_benchmark_pipeline_sa_203/benchmark_results/simulated_data/results/cell_names	/raid/kang/DelSIEVE/simulation_results/IndelSIEVE_benchmark_pipeline_sa_203/benchmark_results/monovar/from_true_params/no_cnv/0006/post_processed/filtered.cell_names	/raid/kang/DelSIEVE/simulation_results/IndelSIEVE_benchmark_pipeline_sa_203/benchmark_results/simulated_data/results/data_type/no_cnv/0006/true_evo_events_sites_names	/raid/kang/DelSIEVE/simulation_results/IndelSIEVE_benchmark_pipeline_sa_203/benchmark_results/monovar/from_true_params/no_cnv/0006/post_processed/filtered.loci_info	/raid/kang/DelSIEVE/simulation_results/IndelSIEVE_benchmark_pipeline_sa_203/benchmark_results/simulated_data/results/data_type/no_cnv/0006/true_evo_events_genotypes_numeric	/raid/kang/DelSIEVE/simulation_results/IndelSIEVE_benchmark_pipeline_sa_203/benchmark_results/monovar/from_true_params/no_cnv/0006/post_processed/filtered.genotypes	/raid/kang/DelSIEVE/simulation_results/IndelSIEVE_benchmark_pipeline_sa_203/benchmark_results/simulated_data/results/data_type/no_cnv/0006/true_evo_events_ternary_matrix.simple	/raid/kang/DelSIEVE/simulation_results/IndelSIEVE_benchmark_pipeline_sa_203/benchmark_results/monovar/from_true_params/no_cnv/0006/post_processed/filtered.ternary	/raid/kang/DelSIEVE/simulation_results/IndelSIEVE_benchmark_pipeline_sa_203/benchmark_results/monovar/from_true_params/no_cnv/0006/post_processed/filtered.genotype_probs	6637	1127	16594	4162	0.6145939438836929	0.8548428645028336	0.7150783817270916	0.063596862479544	5428	13	18759	4313	0.5572323170105739	0.9976107333210806	0.7150573047029377	0.0006925207756232	4053	393	19518	4549	0.4711694954661706	0.9116059379217274	0.621244635193133	0.019737833358445	429	566	27021	497	0.4632829373650108	0.4311557788944724	0.4466423737636648	0.0205169101388335	926	13	101	310	401	1922	25327	870	0.3154996066089693	0.1726216099870856	0.0705346985210466	0.2231496939343349	2	2321	26196	1	0.6666666666666666	0.0008609556607834	0.0813900480415191	0.0017196904557179	0	0	28300	220	0.0	NA	0.0	NA	0	0	27472	1048	0.0	NA	0.0	NA	729	0	70	48	0	0	28520	0	NA	NA	0.0	NA
40	5	20	0.001999	0.3	3e-05	3e-06	0.0	0007	monovar	NA	true_parameters	NA	no_cnv	/raid/kang/DelSIEVE/simulation_results/IndelSIEVE_benchmark_pipeline_sa_203/benchmark_results/simulated_data/results/cell_names	/raid/kang/DelSIEVE/simulation_results/IndelSIEVE_benchmark_pipeline_sa_203/benchmark_results/monovar/from_true_params/no_cnv/0007/post_processed/filtered.cell_names	/raid/kang/DelSIEVE/simulation_results/IndelSIEVE_benchmark_pipeline_sa_203/benchmark_results/simulated_data/results/data_type/no_cnv/0007/true_evo_events_sites_names	/raid/kang/DelSIEVE/simulation_results/IndelSIEVE_benchmark_pipeline_sa_203/benchmark_results/monovar/from_true_params/no_cnv/0007/post_processed/filtered.loci_info	/raid/kang/DelSIEVE/simulation_results/IndelSIEVE_benchmark_pipeline_sa_203/benchmark_results/simulated_data/results/data_type/no_cnv/0007/true_evo_events_genotypes_numeric	/raid/kang/DelSIEVE/simulation_results/IndelSIEVE_benchmark_pipeline_sa_203/benchmark_results/monovar/from_true_params/no_cnv/0007/post_processed/filtered.genotypes	/raid/kang/DelSIEVE/simulation_results/IndelSIEVE_benchmark_pipeline_sa_203/benchmark_results/simulated_data/results/data_type/no_cnv/0007/true_evo_events_ternary_matrix.simple	/raid/kang/DelSIEVE/simulation_results/IndelSIEVE_benchmark_pipeline_sa_203/benchmark_results/monovar/from_true_params/no_cnv/0007/post_processed/filtered.ternary	/raid/kang/DelSIEVE/simulation_results/IndelSIEVE_benchmark_pipeline_sa_203/benchmark_results/monovar/from_true_params/no_cnv/0007/post_processed/filtered.genotype_probs	6407	385	4780	2788	0.6967917346383904	0.9433156654888104	0.801526240070057	0.0745401742497579	4925	13	6167	3250	0.6024464831804281	0.9973673552045362	0.7511629680469764	0.0021035598705501	2619	553	7843	3340	0.4395032723611344	0.8256620428751577	0.5736502026065053	0.065864697474988	840	926	11944	645	0.5656565656565656	0.4756511891279728	0.5167640725930484	0.0719502719502719	1485	13	80	409	641	1213	11396	1110	0.366076527698458	0.3457389428263214	0.0962011261797129	0.3556171983356449	48	1806	12497	9	0.8421052631578947	0.0258899676375404	0.1262672166678319	0.0502354788069073	0	0	13624	736	0.0	NA	0.0	NA	0	0	13402	958	0.0	NA	0.0	NA	692	0	131	247	0	0	14360	0	NA	NA	0.0	NA
40	5	20	0.001999	0.3	3e-05	3e-06	0.0	0008	monovar	NA	true_parameters	NA	no_cnv	/raid/kang/DelSIEVE/simulation_results/IndelSIEVE_benchmark_pipeline_sa_203/benchmark_results/simulated_data/results/cell_names	/raid/kang/DelSIEVE/simulation_results/IndelSIEVE_benchmark_pipeline_sa_203/benchmark_results/monovar/from_true_params/no_cnv/0008/post_processed/filtered.cell_names	/raid/kang/DelSIEVE/simulation_results/IndelSIEVE_benchmark_pipeline_sa_203/benchmark_results/simulated_data/results/data_type/no_cnv/0008/true_evo_events_sites_names	/raid/kang/DelSIEVE/simulation_results/IndelSIEVE_benchmark_pipeline_sa_203/benchmark_results/monovar/from_true_params/no_cnv/0008/post_processed/filtered.loci_info	/raid/kang/DelSIEVE/simulation_results/IndelSIEVE_benchmark_pipeline_sa_203/benchmark_results/simulated_data/results/data_type/no_cnv/0008/true_evo_events_genotypes_numeric	/raid/kang/DelSIEVE/simulation_results/IndelSIEVE_benchmark_pipeline_sa_203/benchmark_results/monovar/from_true_params/no_cnv/0008/post_processed/filtered.genotypes	/raid/kang/DelSIEVE/simulation_results/IndelSIEVE_benchmark_pipeline_sa_203/benchmark_results/simulated_data/results/data_type/no_cnv/0008/true_evo_events_ternary_matrix.simple	/raid/kang/DelSIEVE/simulation_results/IndelSIEVE_benchmark_pipeline_sa_203/benchmark_results/monovar/from_true_params/no_cnv/0008/post_processed/filtered.ternary	/raid/kang/DelSIEVE/simulation_results/IndelSIEVE_benchmark_pipeline_sa_203/benchmark_results/monovar/from_true_params/no_cnv/0008/post_processed/filtered.genotype_probs	9232	888	13320	5040	0.6468609865470852	0.9122529644268774	0.7569694981961299	0.0625	7525	10	15583	5348	0.5845568243610658	0.9986728599867286	0.7374558996471972	0.0006413134098634	4907	611	17387	5561	0.4687619411539931	0.8892714751721639	0.6139121731515076	0.0339482164684965	1052	965	25585	864	0.5490605427974948	0.5215666831928607	0.5349605898804984	0.0363465160075329	1916	10	163	512	562	2023	24569	1326	0.2976694915254237	0.2174081237911025	0.0760755114320096	0.2512854907221104	5	2580	25851	44	0.1020408163265306	0.0019342359767891	0.0907460166719426	0.0037965072133637	0	0	27977	503	0.0	NA	0.0	NA	0	0	27144	1336	0.0	NA	0.0	NA	987	0	89	161	0	0	28480	0	NA	NA	0.0	NA
40	5	20	0.001999	0.3	3e-05	3e-06	0.0	0009	monovar	NA	true_parameters	NA	no_cnv	/raid/kang/DelSIEVE/simulation_results/IndelSIEVE_benchmark_pipeline_sa_203/benchmark_results/simulated_data/results/cell_names	/raid/kang/DelSIEVE/simulation_results/IndelSIEVE_benchmark_pipeline_sa_203/benchmark_results/monovar/from_true_params/no_cnv/0009/post_processed/filtered.cell_names	/raid/kang/DelSIEVE/simulation_results/IndelSIEVE_benchmark_pipeline_sa_203/benchmark_results/simulated_data/results/data_type/no_cnv/0009/true_evo_events_sites_names	/raid/kang/DelSIEVE/simulation_results/IndelSIEVE_benchmark_pipeline_sa_203/benchmark_results/monovar/from_true_params/no_cnv/0009/post_processed/filtered.loci_info	/raid/kang/DelSIEVE/simulation_results/IndelSIEVE_benchmark_pipeline_sa_203/benchmark_results/simulated_data/results/data_type/no_cnv/0009/true_evo_events_genotypes_numeric	/raid/kang/DelSIEVE/simulation_results/IndelSIEVE_benchmark_pipeline_sa_203/benchmark_results/monovar/from_true_params/no_cnv/0009/post_processed/filtered.genotypes	/raid/kang/DelSIEVE/simulation_results/IndelSIEVE_benchmark_pipeline_sa_203/benchmark_results/simulated_data/results/data_type/no_cnv/0009/true_evo_events_ternary_matrix.simple	/raid/kang/DelSIEVE/simulation_results/IndelSIEVE_benchmark_pipeline_sa_203/benchmark_results/monovar/from_true_params/no_cnv/0009/post_processed/filtered.ternary	/raid/kang/DelSIEVE/simulation_results/IndelSIEVE_benchmark_pipeline_sa_203/benchmark_results/monovar/from_true_params/no_cnv/0009/post_processed/filtered.genotype_probs	6399	484	5744	2933	0.6857051007286755	0.929681824785704	0.7892691951896392	0.077713551701991	4979	12	7264	3293	0.6019100580270793	0.997595672209978	0.7508105255221292	0.0016492578339747	2770	437	8816	3525	0.4400317712470214	0.8637355784222014	0.5830351504946326	0.0472279260780287	890	894	13158	606	0.5949197860962567	0.4988789237668161	0.5426829268292683	0.0636208368915456	1496	11	74	337	462	1430	12589	1079	0.299805321219987	0.2441860465116279	0.1020044225693701	0.2691523448878532	41	1851	13668	0	1.0	0.0216701902748414	0.1192731490431084	0.0424211070874288	0	0	15067	493	0.0	NA	0.0	NA	0	0	14553	1007	0.0	NA	0.0	NA	800	1	88	164	0	0	15560	0	NA	NA	0.0	NA
40	5	20	0.001999	0.3	3e-05	3e-06	0.0	0010	monovar	NA	true_parameters	NA	no_cnv	/raid/kang/DelSIEVE/simulation_results/IndelSIEVE_benchmark_pipeline_sa_203/benchmark_results/simulated_data/results/cell_names	/raid/kang/DelSIEVE/simulation_results/IndelSIEVE_benchmark_pipeline_sa_203/benchmark_results/monovar/from_true_params/no_cnv/0010/post_processed/filtered.cell_names	/raid/kang/DelSIEVE/simulation_results/IndelSIEVE_benchmark_pipeline_sa_203/benchmark_results/simulated_data/results/data_type/no_cnv/0010/true_evo_events_sites_names	/raid/kang/DelSIEVE/simulation_results/IndelSIEVE_benchmark_pipeline_sa_203/benchmark_results/monovar/from_true_params/no_cnv/0010/post_processed/filtered.loci_info	/raid/kang/DelSIEVE/simulation_results/IndelSIEVE_benchmark_pipeline_sa_203/benchmark_results/simulated_data/results/data_type/no_cnv/0010/true_evo_events_genotypes_numeric	/raid/kang/DelSIEVE/simulation_results/IndelSIEVE_benchmark_pipeline_sa_203/benchmark_results/monovar/from_true_params/no_cnv/0010/post_processed/filtered.genotypes	/raid/kang/DelSIEVE/simulation_results/IndelSIEVE_benchmark_pipeline_sa_203/benchmark_results/simulated_data/results/data_type/no_cnv/0010/true_evo_events_ternary_matrix.simple	/raid/kang/DelSIEVE/simulation_results/IndelSIEVE_benchmark_pipeline_sa_203/benchmark_results/monovar/from_true_params/no_cnv/0010/post_processed/filtered.ternary	/raid/kang/DelSIEVE/simulation_results/IndelSIEVE_benchmark_pipeline_sa_203/benchmark_results/monovar/from_true_params/no_cnv/0010/post_processed/filtered.genotype_probs	5959	848	8955	3558	0.6261426920247978	0.8754223593359777	0.7300906640529282	0.0865041313883505	4700	9	10726	3881	0.5477217107563221	0.9980887661923976	0.707298720842739	0.0008383791336748	3106	475	11783	3952	0.440068007934259	0.867355487294052	0.5838894632954225	0.0387502039484418	550	578	17560	628	0.466893039049236	0.4875886524822695	0.4770164787510841	0.0318667989855551	1178	8	130	370	382	1716	16323	899	0.2982045277127244	0.1820781696854146	0.0951272243472476	0.2261023971589227	2	2096	17220	2	0.5	0.0009532888465204	0.1085110788983226	0.0019029495718363	0	0	18971	349	0.0	NA	0.0	NA	0	0	18392	928	0.0	NA	0.0	NA	690	1	96	61	0	0	19320	0	NA	NA	0.0	NA
40	5	20	0.001999	0.3	3e-05	3e-06	0.0	0001	sciphi	candidate_snvs	NA	NA	no_cnv	/raid/kang/DelSIEVE/simulation_results/IndelSIEVE_benchmark_pipeline_sa_203/benchmark_results/simulated_data/results/cell_names	/raid/kang/DelSIEVE/simulation_results/IndelSIEVE_benchmark_pipeline_sa_203/benchmark_results/sciphi/no_cnv/0001/post_processed/sciphi.cell_names	/raid/kang/DelSIEVE/simulation_results/IndelSIEVE_benchmark_pipeline_sa_203/benchmark_results/simulated_data/results/data_type/no_cnv/0001/true_evo_events_sites_names	/raid/kang/DelSIEVE/simulation_results/IndelSIEVE_benchmark_pipeline_sa_203/benchmark_results/sciphi/no_cnv/0001/post_processed/sciphi.loci_info	/raid/kang/DelSIEVE/simulation_results/IndelSIEVE_benchmark_pipeline_sa_203/benchmark_results/simulated_data/results/data_type/no_cnv/0001/true_evo_events_genotypes_numeric	/raid/kang/DelSIEVE/simulation_results/IndelSIEVE_benchmark_pipeline_sa_203/benchmark_results/sciphi/no_cnv/0001/post_processed/sciphi.genotypes	/raid/kang/DelSIEVE/simulation_results/IndelSIEVE_benchmark_pipeline_sa_203/benchmark_results/simulated_data/results/data_type/no_cnv/0001/true_evo_events_ternary_matrix.simple	/raid/kang/DelSIEVE/simulation_results/IndelSIEVE_benchmark_pipeline_sa_203/benchmark_results/sciphi/no_cnv/0001/post_processed/sciphi.ternary	/raid/kang/DelSIEVE/simulation_results/IndelSIEVE_benchmark_pipeline_sa_203/benchmark_results/sciphi/no_cnv/0001/post_processed/sciphi.genotype_probs	8692	381	16696	2871	0.7517080342471677	0.958007274330431	0.8424113200232602	0.0223107103121157	8630	443	17805	1742	0.8320478210566911	0.9511738124104486	0.8876317819490871	0.0242766330556773	7425	1648	17860	1687	0.8148595258999122	0.8183621734817591	0.8166070937585922	0.084478162805003	0	0	27607	1013	0.0	NA	NA	0.0	1013	381	30	983	0	0	20241	759	0.0	NA	0.0	NA	0	0	21000	0	NA	NA	0.0	NA	0	0	20753	247	0.0	NA	0.0	NA	0	0	20488	512	0.0	NA	0.0	NA	450	62	222	0	0	0	21000	0	NA	NA	0.0	NA
40	5	20	0.001999	0.3	3e-05	3e-06	0.0	0002	sciphi	candidate_snvs	NA	NA	no_cnv	/raid/kang/DelSIEVE/simulation_results/IndelSIEVE_benchmark_pipeline_sa_203/benchmark_results/simulated_data/results/cell_names	/raid/kang/DelSIEVE/simulation_results/IndelSIEVE_benchmark_pipeline_sa_203/benchmark_results/sciphi/no_cnv/0002/post_processed/sciphi.cell_names	/raid/kang/DelSIEVE/simulation_results/IndelSIEVE_benchmark_pipeline_sa_203/benchmark_results/simulated_data/results/data_type/no_cnv/0002/true_evo_events_sites_names	/raid/kang/DelSIEVE/simulation_results/IndelSIEVE_benchmark_pipeline_sa_203/benchmark_results/sciphi/no_cnv/0002/post_processed/sciphi.loci_info	/raid/kang/DelSIEVE/simulation_results/IndelSIEVE_benchmark_pipeline_sa_203/benchmark_results/simulated_data/results/data_type/no_cnv/0002/true_evo_events_genotypes_numeric	/raid/kang/DelSIEVE/simulation_results/IndelSIEVE_benchmark_pipeline_sa_203/benchmark_results/sciphi/no_cnv/0002/post_processed/sciphi.genotypes	/raid/kang/DelSIEVE/simulation_results/IndelSIEVE_benchmark_pipeline_sa_203/benchmark_results/simulated_data/results/data_type/no_cnv/0002/true_evo_events_ternary_matrix.simple	/raid/kang/DelSIEVE/simulation_results/IndelSIEVE_benchmark_pipeline_sa_203/benchmark_results/sciphi/no_cnv/0002/post_processed/sciphi.ternary	/raid/kang/DelSIEVE/simulation_results/IndelSIEVE_benchmark_pipeline_sa_203/benchmark_results/sciphi/no_cnv/0002/post_processed/sciphi.genotype_probs	5674	146	6020	1480	0.7931227285434722	0.974914089347079	0.8746724217666101	0.0236782354849172	5646	174	6513	980	0.85209779655901	0.9701030927835051	0.9072794472119556	0.0260206370569762	4417	1403	6598	895	0.8315135542168675	0.75893470790378	0.7935680919870644	0.1753530808648918	0	0	12222	1091	0.0	NA	NA	0.0	1091	146	46	1045	0	0	10733	547	0.0	NA	0.0	NA	0	0	11275	5	0.0	NA	0.0	NA	0	0	11057	223	0.0	NA	0.0	NA	0	0	10961	319	0.0	NA	0.0	NA	291	28	184	0	0	0	11280	0	NA	NA	0.0	NA
40	5	20	0.001999	0.3	3e-05	3e-06	0.0	0003	sciphi	candidate_snvs	NA	NA	no_cnv	/raid/kang/DelSIEVE/simulation_results/IndelSIEVE_benchmark_pipeline_sa_203/benchmark_results/simulated_data/results/cell_names	/raid/kang/DelSIEVE/simulation_results/IndelSIEVE_benchmark_pipeline_sa_203/benchmark_results/sciphi/no_cnv/0003/post_processed/sciphi.cell_names	/raid/kang/DelSIEVE/simulation_results/IndelSIEVE_benchmark_pipeline_sa_203/benchmark_results/simulated_data/results/data_type/no_cnv/0003/true_evo_events_sites_names	/raid/kang/DelSIEVE/simulation_results/IndelSIEVE_benchmark_pipeline_sa_203/benchmark_results/sciphi/no_cnv/0003/post_processed/sciphi.loci_info	/raid/kang/DelSIEVE/simulation_results/IndelSIEVE_benchmark_pipeline_sa_203/benchmark_results/simulated_data/results/data_type/no_cnv/0003/true_evo_events_genotypes_numeric	/raid/kang/DelSIEVE/simulation_results/IndelSIEVE_benchmark_pipeline_sa_203/benchmark_results/sciphi/no_cnv/0003/post_processed/sciphi.genotypes	/raid/kang/DelSIEVE/simulation_results/IndelSIEVE_benchmark_pipeline_sa_203/benchmark_results/simulated_data/results/data_type/no_cnv/0003/true_evo_events_ternary_matrix.simple	/raid/kang/DelSIEVE/simulation_results/IndelSIEVE_benchmark_pipeline_sa_203/benchmark_results/sciphi/no_cnv/0003/post_processed/sciphi.ternary	/raid/kang/DelSIEVE/simulation_results/IndelSIEVE_benchmark_pipeline_sa_203/benchmark_results/sciphi/no_cnv/0003/post_processed/sciphi.genotype_probs	10074	431	14596	3579	0.7378598110305428	0.9589719181342218	0.8340094378673731	0.0286817062620616	10023	482	16035	2086	0.8277314394252209	0.9541170871013804	0.8864420270628814	0.0291820548525761	8701	1804	16166	1955	0.8165352852852853	0.8282722513089005	0.8223618921601059	0.1003895381190873	0	0	27448	1178	0.0	NA	NA	0.0	1178	431	78	1100	0	0	21154	846	0.0	NA	0.0	NA	0	0	21978	22	0.0	NA	0.0	NA	0	0	21725	275	0.0	NA	0.0	NA	0	0	21451	549	0.0	NA	0.0	NA	500	49	222	0	0	0	22000	0	NA	NA	0.0	NA
40	5	20	0.001999	0.3	3e-05	3e-06	0.0	0004	sciphi	candidate_snvs	NA	NA	no_cnv	/raid/kang/DelSIEVE/simulation_results/IndelSIEVE_benchmark_pipeline_sa_203/benchmark_results/simulated_data/results/cell_names	/raid/kang/DelSIEVE/simulation_results/IndelSIEVE_benchmark_pipeline_sa_203/benchmark_results/sciphi/no_cnv/0004/post_processed/sciphi.cell_names	/raid/kang/DelSIEVE/simulation_results/IndelSIEVE_benchmark_pipeline_sa_203/benchmark_results/simulated_data/results/data_type/no_cnv/0004/true_evo_events_sites_names	/raid/kang/DelSIEVE/simulation_results/IndelSIEVE_benchmark_pipeline_sa_203/benchmark_results/sciphi/no_cnv/0004/post_processed/sciphi.loci_info	/raid/kang/DelSIEVE/simulation_results/IndelSIEVE_benchmark_pipeline_sa_203/benchmark_results/simulated_data/results/data_type/no_cnv/0004/true_evo_events_genotypes_numeric	/raid/kang/DelSIEVE/simulation_results/IndelSIEVE_benchmark_pipeline_sa_203/benchmark_results/sciphi/no_cnv/0004/post_processed/sciphi.genotypes	/raid/kang/DelSIEVE/simulation_results/IndelSIEVE_benchmark_pipeline_sa_203/benchmark_results/simulated_data/results/data_type/no_cnv/0004/true_evo_events_ternary_matrix.simple	/raid/kang/DelSIEVE/simulation_results/IndelSIEVE_benchmark_pipeline_sa_203/benchmark_results/sciphi/no_cnv/0004/post_processed/sciphi.ternary	/raid/kang/DelSIEVE/simulation_results/IndelSIEVE_benchmark_pipeline_sa_203/benchmark_results/sciphi/no_cnv/0004/post_processed/sciphi.genotype_probs	9297	314	16197	2712	0.7741693729702723	0.967329102070544	0.8600370027752081	0.0190176246138937	9221	390	17043	1857	0.8323704639826683	0.9594214962022682	0.8913915607327565	0.0223713646532438	7815	1796	17155	1745	0.8174686192468619	0.8131307876391635	0.8152939335454592	0.0947707245000263	0	0	27265	1246	0.0	NA	NA	0.0	1246	314	69	1177	0	0	21002	878	0.0	NA	0.0	NA	0	0	21880	0	NA	NA	0.0	NA	0	0	21608	272	0.0	NA	0.0	NA	0	0	21274	606	0.0	NA	0.0	NA	530	76	229	0	0	0	21880	0	NA	NA	0.0	NA
40	5	20	0.001999	0.3	3e-05	3e-06	0.0	0005	sciphi	candidate_snvs	NA	NA	no_cnv	/raid/kang/DelSIEVE/simulation_results/IndelSIEVE_benchmark_pipeline_sa_203/benchmark_results/simulated_data/results/cell_names	/raid/kang/DelSIEVE/simulation_results/IndelSIEVE_benchmark_pipeline_sa_203/benchmark_results/sciphi/no_cnv/0005/post_processed/sciphi.cell_names	/raid/kang/DelSIEVE/simulation_results/IndelSIEVE_benchmark_pipeline_sa_203/benchmark_results/simulated_data/results/data_type/no_cnv/0005/true_evo_events_sites_names	/raid/kang/DelSIEVE/simulation_results/IndelSIEVE_benchmark_pipeline_sa_203/benchmark_results/sciphi/no_cnv/0005/post_processed/sciphi.loci_info	/raid/kang/DelSIEVE/simulation_results/IndelSIEVE_benchmark_pipeline_sa_203/benchmark_results/simulated_data/results/data_type/no_cnv/0005/true_evo_events_genotypes_numeric	/raid/kang/DelSIEVE/simulation_results/IndelSIEVE_benchmark_pipeline_sa_203/benchmark_results/sciphi/no_cnv/0005/post_processed/sciphi.genotypes	/raid/kang/DelSIEVE/simulation_results/IndelSIEVE_benchmark_pipeline_sa_203/benchmark_results/simulated_data/results/data_type/no_cnv/0005/true_evo_events_ternary_matrix.simple	/raid/kang/DelSIEVE/simulation_results/IndelSIEVE_benchmark_pipeline_sa_203/benchmark_results/sciphi/no_cnv/0005/post_processed/sciphi.ternary	/raid/kang/DelSIEVE/simulation_results/IndelSIEVE_benchmark_pipeline_sa_203/benchmark_results/sciphi/no_cnv/0005/post_processed/sciphi.genotype_probs	5876	453	19385	2766	0.6799352001851423	0.9284247116448096	0.7849843029857725	0.0228349632019356	5816	513	20263	1875	0.7562085554544272	0.918944541001738	0.8296718972895863	0.0246919522525991	5249	1080	20304	1834	0.7410701680079063	0.8293569284247116	0.7827318818968088	0.0505050505050505	0	0	27954	513	0.0	NA	NA	0.0	513	453	29	484	0	0	19770	550	0.0	NA	0.0	NA	0	0	20320	0	NA	NA	0.0	NA	0	0	20225	95	0.0	NA	0.0	NA	0	0	19865	455	0.0	NA	0.0	NA	395	60	83	0	0	0	20320	0	NA	NA	0.0	NA
40	5	20	0.001999	0.3	3e-05	3e-06	0.0	0006	sciphi	candidate_snvs	NA	NA	no_cnv	/raid/kang/DelSIEVE/simulation_results/IndelSIEVE_benchmark_pipeline_sa_203/benchmark_results/simulated_data/results/cell_names	/raid/kang/DelSIEVE/simulation_results/IndelSIEVE_benchmark_pipeline_sa_203/benchmark_results/sciphi/no_cnv/0006/post_processed/sciphi.cell_names	/raid/kang/DelSIEVE/simulation_results/IndelSIEVE_benchmark_pipeline_sa_203/benchmark_results/simulated_data/results/data_type/no_cnv/0006/true_evo_events_sites_names	/raid/kang/DelSIEVE/simulation_results/IndelSIEVE_benchmark_pipeline_sa_203/benchmark_results/sciphi/no_cnv/0006/post_processed/sciphi.loci_info	/raid/kang/DelSIEVE/simulation_results/IndelSIEVE_benchmark_pipeline_sa_203/benchmark_results/simulated_data/results/data_type/no_cnv/0006/true_evo_events_genotypes_numeric	/raid/kang/DelSIEVE/simulation_results/IndelSIEVE_benchmark_pipeline_sa_203/benchmark_results/sciphi/no_cnv/0006/post_processed/sciphi.genotypes	/raid/kang/DelSIEVE/simulation_results/IndelSIEVE_benchmark_pipeline_sa_203/benchmark_results/simulated_data/results/data_type/no_cnv/0006/true_evo_events_ternary_matrix.simple	/raid/kang/DelSIEVE/simulation_results/IndelSIEVE_benchmark_pipeline_sa_203/benchmark_results/sciphi/no_cnv/0006/post_processed/sciphi.ternary	/raid/kang/DelSIEVE/simulation_results/IndelSIEVE_benchmark_pipeline_sa_203/benchmark_results/sciphi/no_cnv/0006/post_processed/sciphi.genotype_probs	8045	381	17340	2754	0.7449763867024725	0.954782815096131	0.8369310793237973	0.0214999153546639	8004	422	18350	1733	0.8220191023929342	0.9499169238072632	0.88135219952651	0.0224802897933091	6928	1498	18409	1674	0.805394094396652	0.8222169475433183	0.8137185811604416	0.0752499120912242	0	0	27583	926	0.0	NA	NA	0.0	926	381	35	891	0	0	20366	914	0.0	NA	0.0	NA	0	0	21278	2	0.0	NA	0.0	NA	0	0	21071	209	0.0	NA	0.0	NA	0	0	20577	703	0.0	NA	0.0	NA	664	39	185	0	0	0	21280	0	NA	NA	0.0	NA
40	5	20	0.001999	0.3	3e-05	3e-06	0.0	0007	sciphi	candidate_snvs	NA	NA	no_cnv	/raid/kang/DelSIEVE/simulation_results/IndelSIEVE_benchmark_pipeline_sa_203/benchmark_results/simulated_data/results/cell_names	/raid/kang/DelSIEVE/simulation_results/IndelSIEVE_benchmark_pipeline_sa_203/benchmark_results/sciphi/no_cnv/0007/post_processed/sciphi.cell_names	/raid/kang/DelSIEVE/simulation_results/IndelSIEVE_benchmark_pipeline_sa_203/benchmark_results/simulated_data/results/data_type/no_cnv/0007/true_evo_events_sites_names	/raid/kang/DelSIEVE/simulation_results/IndelSIEVE_benchmark_pipeline_sa_203/benchmark_results/sciphi/no_cnv/0007/post_processed/sciphi.loci_info	/raid/kang/DelSIEVE/simulation_results/IndelSIEVE_benchmark_pipeline_sa_203/benchmark_results/simulated_data/results/data_type/no_cnv/0007/true_evo_events_genotypes_numeric	/raid/kang/DelSIEVE/simulation_results/IndelSIEVE_benchmark_pipeline_sa_203/benchmark_results/sciphi/no_cnv/0007/post_processed/sciphi.genotypes	/raid/kang/DelSIEVE/simulation_results/IndelSIEVE_benchmark_pipeline_sa_203/benchmark_results/simulated_data/results/data_type/no_cnv/0007/true_evo_events_ternary_matrix.simple	/raid/kang/DelSIEVE/simulation_results/IndelSIEVE_benchmark_pipeline_sa_203/benchmark_results/sciphi/no_cnv/0007/post_processed/sciphi.ternary	/raid/kang/DelSIEVE/simulation_results/IndelSIEVE_benchmark_pipeline_sa_203/benchmark_results/sciphi/no_cnv/0007/post_processed/sciphi.genotype_probs	7261	153	5012	1934	0.789668297988037	0.9793633666037228	0.8743452345114096	0.029622458857696	7201	213	5967	969	0.8813953488372093	0.9712705691934178	0.924152977412731	0.0344660194174757	5105	2309	6082	854	0.8566873636516193	0.6885621796601025	0.7634786510132354	0.2751757835776427	0	0	12865	1485	0.0	NA	NA	0.0	1485	153	50	1435	0	0	10678	1282	0.0	NA	0.0	NA	0	0	11912	48	0.0	NA	0.0	NA	0	0	11234	726	0.0	NA	0.0	NA	0	0	11452	508	0.0	NA	0.0	NA	451	57	661	0	0	0	11960	0	NA	NA	0.0	NA
40	5	20	0.001999	0.3	3e-05	3e-06	0.0	0008	sciphi	candidate_snvs	NA	NA	no_cnv	/raid/kang/DelSIEVE/simulation_results/IndelSIEVE_benchmark_pipeline_sa_203/benchmark_results/simulated_data/results/cell_names	/raid/kang/DelSIEVE/simulation_results/IndelSIEVE_benchmark_pipeline_sa_203/benchmark_results/sciphi/no_cnv/0008/post_processed/sciphi.cell_names	/raid/kang/DelSIEVE/simulation_results/IndelSIEVE_benchmark_pipeline_sa_203/benchmark_results/simulated_data/results/data_type/no_cnv/0008/true_evo_events_sites_names	/raid/kang/DelSIEVE/simulation_results/IndelSIEVE_benchmark_pipeline_sa_203/benchmark_results/sciphi/no_cnv/0008/post_processed/sciphi.loci_info	/raid/kang/DelSIEVE/simulation_results/IndelSIEVE_benchmark_pipeline_sa_203/benchmark_results/simulated_data/results/data_type/no_cnv/0008/true_evo_events_genotypes_numeric	/raid/kang/DelSIEVE/simulation_results/IndelSIEVE_benchmark_pipeline_sa_203/benchmark_results/sciphi/no_cnv/0008/post_processed/sciphi.genotypes	/raid/kang/DelSIEVE/simulation_results/IndelSIEVE_benchmark_pipeline_sa_203/benchmark_results/simulated_data/results/data_type/no_cnv/0008/true_evo_events_ternary_matrix.simple	/raid/kang/DelSIEVE/simulation_results/IndelSIEVE_benchmark_pipeline_sa_203/benchmark_results/sciphi/no_cnv/0008/post_processed/sciphi.ternary	/raid/kang/DelSIEVE/simulation_results/IndelSIEVE_benchmark_pipeline_sa_203/benchmark_results/sciphi/no_cnv/0008/post_processed/sciphi.genotype_probs	11442	388	13820	2830	0.8017096412556054	0.9672020287404904	0.8767144280131791	0.0273085585585585	11344	486	15107	1514	0.8822522942914917	0.9589180050718512	0.91898898250162	0.0311678317193612	9018	2812	15171	1450	0.8614826136797861	0.7622992392223161	0.8088617813256795	0.1563699049101929	0	0	26535	1916	0.0	NA	NA	0.0	1916	388	30	1886	0	0	22065	1335	0.0	NA	0.0	NA	0	0	23395	5	0.0	NA	0.0	NA	0	0	22926	474	0.0	NA	0.0	NA	0	0	22544	856	0.0	NA	0.0	NA	758	98	440	0	0	0	23400	0	NA	NA	0.0	NA
40	5	20	0.001999	0.3	3e-05	3e-06	0.0	0009	sciphi	candidate_snvs	NA	NA	no_cnv	/raid/kang/DelSIEVE/simulation_results/IndelSIEVE_benchmark_pipeline_sa_203/benchmark_results/simulated_data/results/cell_names	/raid/kang/DelSIEVE/simulation_results/IndelSIEVE_benchmark_pipeline_sa_203/benchmark_results/sciphi/no_cnv/0009/post_processed/sciphi.cell_names	/raid/kang/DelSIEVE/simulation_results/IndelSIEVE_benchmark_pipeline_sa_203/benchmark_results/simulated_data/results/data_type/no_cnv/0009/true_evo_events_sites_names	/raid/kang/DelSIEVE/simulation_results/IndelSIEVE_benchmark_pipeline_sa_203/benchmark_results/sciphi/no_cnv/0009/post_processed/sciphi.loci_info	/raid/kang/DelSIEVE/simulation_results/IndelSIEVE_benchmark_pipeline_sa_203/benchmark_results/simulated_data/results/data_type/no_cnv/0009/true_evo_events_genotypes_numeric	/raid/kang/DelSIEVE/simulation_results/IndelSIEVE_benchmark_pipeline_sa_203/benchmark_results/sciphi/no_cnv/0009/post_processed/sciphi.genotypes	/raid/kang/DelSIEVE/simulation_results/IndelSIEVE_benchmark_pipeline_sa_203/benchmark_results/simulated_data/results/data_type/no_cnv/0009/true_evo_events_ternary_matrix.simple	/raid/kang/DelSIEVE/simulation_results/IndelSIEVE_benchmark_pipeline_sa_203/benchmark_results/sciphi/no_cnv/0009/post_processed/sciphi.ternary	/raid/kang/DelSIEVE/simulation_results/IndelSIEVE_benchmark_pipeline_sa_203/benchmark_results/sciphi/no_cnv/0009/post_processed/sciphi.genotype_probs	7310	127	6101	2022	0.7833261894556365	0.982923221729192	0.8718468602778937	0.0203917790622992	7270	167	7109	1002	0.8788684719535783	0.9775447088879924	0.9255840600929404	0.0229521715228147	5411	2026	7227	884	0.8595710881652104	0.72757832459325	0.7880862219632974	0.2189560142656435	0	0	14052	1496	0.0	NA	NA	0.0	1496	127	64	1432	0	0	11773	1067	0.0	NA	0.0	NA	0	0	12800	40	0.0	NA	0.0	NA	0	0	12359	481	0.0	NA	0.0	NA	0	0	12294	546	0.0	NA	0.0	NA	506	40	427	0	0	0	12840	0	NA	NA	0.0	NA
40	5	20	0.001999	0.3	3e-05	3e-06	0.0	0010	sciphi	candidate_snvs	NA	NA	no_cnv	/raid/kang/DelSIEVE/simulation_results/IndelSIEVE_benchmark_pipeline_sa_203/benchmark_results/simulated_data/results/cell_names	/raid/kang/DelSIEVE/simulation_results/IndelSIEVE_benchmark_pipeline_sa_203/benchmark_results/sciphi/no_cnv/0010/post_processed/sciphi.cell_names	/raid/kang/DelSIEVE/simulation_results/IndelSIEVE_benchmark_pipeline_sa_203/benchmark_results/simulated_data/results/data_type/no_cnv/0010/true_evo_events_sites_names	/raid/kang/DelSIEVE/simulation_results/IndelSIEVE_benchmark_pipeline_sa_203/benchmark_results/sciphi/no_cnv/0010/post_processed/sciphi.loci_info	/raid/kang/DelSIEVE/simulation_results/IndelSIEVE_benchmark_pipeline_sa_203/benchmark_results/simulated_data/results/data_type/no_cnv/0010/true_evo_events_genotypes_numeric	/raid/kang/DelSIEVE/simulation_results/IndelSIEVE_benchmark_pipeline_sa_203/benchmark_results/sciphi/no_cnv/0010/post_processed/sciphi.genotypes	/raid/kang/DelSIEVE/simulation_results/IndelSIEVE_benchmark_pipeline_sa_203/benchmark_results/simulated_data/results/data_type/no_cnv/0010/true_evo_events_ternary_matrix.simple	/raid/kang/DelSIEVE/simulation_results/IndelSIEVE_benchmark_pipeline_sa_203/benchmark_results/sciphi/no_cnv/0010/post_processed/sciphi.ternary	/raid/kang/DelSIEVE/simulation_results/IndelSIEVE_benchmark_pipeline_sa_203/benchmark_results/sciphi/no_cnv/0010/post_processed/sciphi.genotype_probs	7097	381	9422	2420	0.7457181885047809	0.9490505482749398	0.8351868196528391	0.0388656533714169	7052	426	10309	1516	0.823062558356676	0.9430328964963894	0.8789729527608127	0.039683278993945	5668	1810	10435	1390	0.8030603570416549	0.7579566729071945	0.7798569069895432	0.147815434871376	0	0	18125	1178	0.0	NA	NA	0.0	1178	381	87	1091	0	0	15109	931	0.0	NA	0.0	NA	0	0	16038	2	0.0	NA	0.0	NA	0	0	15708	332	0.0	NA	0.0	NA	0	0	15443	597	0.0	NA	0.0	NA	554	43	293	0	0	0	16040	0	NA	NA	0.0	NA
40	5	20	0.001999	0.3	3e-05	3e-06	0.0	0001	sciphin	candidate_snvs	NA	NA	no_cnv	/raid/kang/DelSIEVE/simulation_results/IndelSIEVE_benchmark_pipeline_sa_203/benchmark_results/simulated_data/results/cell_names	/raid/kang/DelSIEVE/simulation_results/IndelSIEVE_benchmark_pipeline_sa_203/benchmark_results/sciphin/no_cnv/0001/post_processed/sciphin.cell_names	/raid/kang/DelSIEVE/simulation_results/IndelSIEVE_benchmark_pipeline_sa_203/benchmark_results/simulated_data/results/data_type/no_cnv/0001/true_evo_events_sites_names	/raid/kang/DelSIEVE/simulation_results/IndelSIEVE_benchmark_pipeline_sa_203/benchmark_results/sciphin/no_cnv/0001/post_processed/sciphin.loci_info	/raid/kang/DelSIEVE/simulation_results/IndelSIEVE_benchmark_pipeline_sa_203/benchmark_results/simulated_data/results/data_type/no_cnv/0001/true_evo_events_genotypes_numeric	/raid/kang/DelSIEVE/simulation_results/IndelSIEVE_benchmark_pipeline_sa_203/benchmark_results/sciphin/no_cnv/0001/post_processed/sciphin.genotypes	/raid/kang/DelSIEVE/simulation_results/IndelSIEVE_benchmark_pipeline_sa_203/benchmark_results/simulated_data/results/data_type/no_cnv/0001/true_evo_events_ternary_matrix.simple	/raid/kang/DelSIEVE/simulation_results/IndelSIEVE_benchmark_pipeline_sa_203/benchmark_results/sciphin/no_cnv/0001/post_processed/sciphin.ternary	/raid/kang/DelSIEVE/simulation_results/IndelSIEVE_benchmark_pipeline_sa_203/benchmark_results/sciphin/no_cnv/0001/post_processed/sciphin.genotype_probs	8764	88	16989	2799	0.7579347920089942	0.9900587437867148	0.8585843742346314	0.0051531299408561	8737	115	18133	1635	0.8423640570767451	0.987008585630366	0.9089679567207656	0.0063020604997807	7533	1319	18189	1579	0.82671202809482	0.8509941256213285	0.8386773547094188	0.0676132868566741	0	0	27607	1013	0.0	NA	NA	0.0	1013	88	29	984	0	0	20241	759	0.0	NA	0.0	NA	0	0	21000	0	NA	NA	0.0	NA	0	0	20753	247	0.0	NA	0.0	NA	0	0	20488	512	0.0	NA	0.0	NA	485	27	220	0	0	0	21000	0	NA	NA	0.0	NA
40	5	20	0.001999	0.3	3e-05	3e-06	0.0	0002	sciphin	candidate_snvs	NA	NA	no_cnv	/raid/kang/DelSIEVE/simulation_results/IndelSIEVE_benchmark_pipeline_sa_203/benchmark_results/simulated_data/results/cell_names	/raid/kang/DelSIEVE/simulation_results/IndelSIEVE_benchmark_pipeline_sa_203/benchmark_results/sciphin/no_cnv/0002/post_processed/sciphin.cell_names	/raid/kang/DelSIEVE/simulation_results/IndelSIEVE_benchmark_pipeline_sa_203/benchmark_results/simulated_data/results/data_type/no_cnv/0002/true_evo_events_sites_names	/raid/kang/DelSIEVE/simulation_results/IndelSIEVE_benchmark_pipeline_sa_203/benchmark_results/sciphin/no_cnv/0002/post_processed/sciphin.loci_info	/raid/kang/DelSIEVE/simulation_results/IndelSIEVE_benchmark_pipeline_sa_203/benchmark_results/simulated_data/results/data_type/no_cnv/0002/true_evo_events_genotypes_numeric	/raid/kang/DelSIEVE/simulation_results/IndelSIEVE_benchmark_pipeline_sa_203/benchmark_results/sciphin/no_cnv/0002/post_processed/sciphin.genotypes	/raid/kang/DelSIEVE/simulation_results/IndelSIEVE_benchmark_pipeline_sa_203/benchmark_results/simulated_data/results/data_type/no_cnv/0002/true_evo_events_ternary_matrix.simple	/raid/kang/DelSIEVE/simulation_results/IndelSIEVE_benchmark_pipeline_sa_203/benchmark_results/sciphin/no_cnv/0002/post_processed/sciphin.ternary	/raid/kang/DelSIEVE/simulation_results/IndelSIEVE_benchmark_pipeline_sa_203/benchmark_results/sciphin/no_cnv/0002/post_processed/sciphin.genotype_probs	5876	74	6092	1278	0.8213586804584848	0.987563025210084	0.8968253968253969	0.0120012974375608	5849	101	6586	777	0.8827346815575008	0.9830252100840337	0.9301844783715012	0.0151039330043367	4584	1366	6635	728	0.8629518072289156	0.7704201680672269	0.8140649973361748	0.1707286589176353	0	0	12222	1091	0.0	NA	NA	0.0	1091	74	24	1067	0	0	10733	547	0.0	NA	0.0	NA	0	0	11275	5	0.0	NA	0.0	NA	0	0	11057	223	0.0	NA	0.0	NA	0	0	10961	319	0.0	NA	0.0	NA	292	27	198	0	0	0	11280	0	NA	NA	0.0	NA
40	5	20	0.001999	0.3	3e-05	3e-06	0.0	0003	sciphin	candidate_snvs	NA	NA	no_cnv	/raid/kang/DelSIEVE/simulation_results/IndelSIEVE_benchmark_pipeline_sa_203/benchmark_results/simulated_data/results/cell_names	/raid/kang/DelSIEVE/simulation_results/IndelSIEVE_benchmark_pipeline_sa_203/benchmark_results/sciphin/no_cnv/0003/post_processed/sciphin.cell_names	/raid/kang/DelSIEVE/simulation_results/IndelSIEVE_benchmark_pipeline_sa_203/benchmark_results/simulated_data/results/data_type/no_cnv/0003/true_evo_events_sites_names	/raid/kang/DelSIEVE/simulation_results/IndelSIEVE_benchmark_pipeline_sa_203/benchmark_results/sciphin/no_cnv/0003/post_processed/sciphin.loci_info	/raid/kang/DelSIEVE/simulation_results/IndelSIEVE_benchmark_pipeline_sa_203/benchmark_results/simulated_data/results/data_type/no_cnv/0003/true_evo_events_genotypes_numeric	/raid/kang/DelSIEVE/simulation_results/IndelSIEVE_benchmark_pipeline_sa_203/benchmark_results/sciphin/no_cnv/0003/post_processed/sciphin.genotypes	/raid/kang/DelSIEVE/simulation_results/IndelSIEVE_benchmark_pipeline_sa_203/benchmark_results/simulated_data/results/data_type/no_cnv/0003/true_evo_events_ternary_matrix.simple	/raid/kang/DelSIEVE/simulation_results/IndelSIEVE_benchmark_pipeline_sa_203/benchmark_results/sciphin/no_cnv/0003/post_processed/sciphin.ternary	/raid/kang/DelSIEVE/simulation_results/IndelSIEVE_benchmark_pipeline_sa_203/benchmark_results/sciphin/no_cnv/0003/post_processed/sciphin.genotype_probs	10192	105	14922	3461	0.7465026001611368	0.989802855200544	0.851106471816284	0.0069874226392493	10172	125	16392	1937	0.8400363366091337	0.9878605419054094	0.9079710791752208	0.0075679602833444	8832	1465	16505	1824	0.8288288288288288	0.8577255511313975	0.8430296377607025	0.0815247634947134	0	0	27448	1178	0.0	NA	NA	0.0	1178	105	64	1114	0	0	21154	846	0.0	NA	0.0	NA	0	0	21978	22	0.0	NA	0.0	NA	0	0	21725	275	0.0	NA	0.0	NA	0	0	21451	549	0.0	NA	0.0	NA	530	19	226	0	0	0	22000	0	NA	NA	0.0	NA
40	5	20	0.001999	0.3	3e-05	3e-06	0.0	0004	sciphin	candidate_snvs	NA	NA	no_cnv	/raid/kang/DelSIEVE/simulation_results/IndelSIEVE_benchmark_pipeline_sa_203/benchmark_results/simulated_data/results/cell_names	/raid/kang/DelSIEVE/simulation_results/IndelSIEVE_benchmark_pipeline_sa_203/benchmark_results/sciphin/no_cnv/0004/post_processed/sciphin.cell_names	/raid/kang/DelSIEVE/simulation_results/IndelSIEVE_benchmark_pipeline_sa_203/benchmark_results/simulated_data/results/data_type/no_cnv/0004/true_evo_events_sites_names	/raid/kang/DelSIEVE/simulation_results/IndelSIEVE_benchmark_pipeline_sa_203/benchmark_results/sciphin/no_cnv/0004/post_processed/sciphin.loci_info	/raid/kang/DelSIEVE/simulation_results/IndelSIEVE_benchmark_pipeline_sa_203/benchmark_results/simulated_data/results/data_type/no_cnv/0004/true_evo_events_genotypes_numeric	/raid/kang/DelSIEVE/simulation_results/IndelSIEVE_benchmark_pipeline_sa_203/benchmark_results/sciphin/no_cnv/0004/post_processed/sciphin.genotypes	/raid/kang/DelSIEVE/simulation_results/IndelSIEVE_benchmark_pipeline_sa_203/benchmark_results/simulated_data/results/data_type/no_cnv/0004/true_evo_events_ternary_matrix.simple	/raid/kang/DelSIEVE/simulation_results/IndelSIEVE_benchmark_pipeline_sa_203/benchmark_results/sciphin/no_cnv/0004/post_processed/sciphin.ternary	/raid/kang/DelSIEVE/simulation_results/IndelSIEVE_benchmark_pipeline_sa_203/benchmark_results/sciphin/no_cnv/0004/post_processed/sciphin.genotype_probs	9271	123	16388	2738	0.772004330085769	0.986906536086864	0.8663271503994766	0.0074495790684997	9248	146	17287	1830	0.834807727026539	0.9844581647860337	0.9034779210629152	0.0083749211265989	7830	1564	17387	1730	0.8190376569037657	0.8335107515435384	0.8262108262108261	0.0825286264577067	0	0	27265	1246	0.0	NA	NA	0.0	1246	123	58	1188	0	0	21002	878	0.0	NA	0.0	NA	0	0	21880	0	NA	NA	0.0	NA	0	0	21608	272	0.0	NA	0.0	NA	0	0	21274	606	0.0	NA	0.0	NA	583	23	230	0	0	0	21880	0	NA	NA	0.0	NA
40	5	20	0.001999	0.3	3e-05	3e-06	0.0	0005	sciphin	candidate_snvs	NA	NA	no_cnv	/raid/kang/DelSIEVE/simulation_results/IndelSIEVE_benchmark_pipeline_sa_203/benchmark_results/simulated_data/results/cell_names	/raid/kang/DelSIEVE/simulation_results/IndelSIEVE_benchmark_pipeline_sa_203/benchmark_results/sciphin/no_cnv/0005/post_processed/sciphin.cell_names	/raid/kang/DelSIEVE/simulation_results/IndelSIEVE_benchmark_pipeline_sa_203/benchmark_results/simulated_data/results/data_type/no_cnv/0005/true_evo_events_sites_names	/raid/kang/DelSIEVE/simulation_results/IndelSIEVE_benchmark_pipeline_sa_203/benchmark_results/sciphin/no_cnv/0005/post_processed/sciphin.loci_info	/raid/kang/DelSIEVE/simulation_results/IndelSIEVE_benchmark_pipeline_sa_203/benchmark_results/simulated_data/results/data_type/no_cnv/0005/true_evo_events_genotypes_numeric	/raid/kang/DelSIEVE/simulation_results/IndelSIEVE_benchmark_pipeline_sa_203/benchmark_results/sciphin/no_cnv/0005/post_processed/sciphin.genotypes	/raid/kang/DelSIEVE/simulation_results/IndelSIEVE_benchmark_pipeline_sa_203/benchmark_results/simulated_data/results/data_type/no_cnv/0005/true_evo_events_ternary_matrix.simple	/raid/kang/DelSIEVE/simulation_results/IndelSIEVE_benchmark_pipeline_sa_203/benchmark_results/sciphin/no_cnv/0005/post_processed/sciphin.ternary	/raid/kang/DelSIEVE/simulation_results/IndelSIEVE_benchmark_pipeline_sa_203/benchmark_results/sciphin/no_cnv/0005/post_processed/sciphin.genotype_probs	5760	64	19774	2882	0.666512381393196	0.989010989010989	0.7963500622148485	0.0032261316664986	5738	86	20690	1953	0.7460668313613315	0.9852335164835164	0.8491305956344802	0.0041393916056988	5180	644	20740	1903	0.7313285331074404	0.8894230769230769	0.8026652204230263	0.030115974560419	0	0	27954	513	0.0	NA	NA	0.0	513	64	34	479	0	0	19770	550	0.0	NA	0.0	NA	0	0	20320	0	NA	NA	0.0	NA	0	0	20225	95	0.0	NA	0.0	NA	0	0	19865	455	0.0	NA	0.0	NA	433	22	79	0	0	0	20320	0	NA	NA	0.0	NA
40	5	20	0.001999	0.3	3e-05	3e-06	0.0	0006	sciphin	candidate_snvs	NA	NA	no_cnv	/raid/kang/DelSIEVE/simulation_results/IndelSIEVE_benchmark_pipeline_sa_203/benchmark_results/simulated_data/results/cell_names	/raid/kang/DelSIEVE/simulation_results/IndelSIEVE_benchmark_pipeline_sa_203/benchmark_results/sciphin/no_cnv/0006/post_processed/sciphin.cell_names	/raid/kang/DelSIEVE/simulation_results/IndelSIEVE_benchmark_pipeline_sa_203/benchmark_results/simulated_data/results/data_type/no_cnv/0006/true_evo_events_sites_names	/raid/kang/DelSIEVE/simulation_results/IndelSIEVE_benchmark_pipeline_sa_203/benchmark_results/sciphin/no_cnv/0006/post_processed/sciphin.loci_info	/raid/kang/DelSIEVE/simulation_results/IndelSIEVE_benchmark_pipeline_sa_203/benchmark_results/simulated_data/results/data_type/no_cnv/0006/true_evo_events_genotypes_numeric	/raid/kang/DelSIEVE/simulation_results/IndelSIEVE_benchmark_pipeline_sa_203/benchmark_results/sciphin/no_cnv/0006/post_processed/sciphin.genotypes	/raid/kang/DelSIEVE/simulation_results/IndelSIEVE_benchmark_pipeline_sa_203/benchmark_results/simulated_data/results/data_type/no_cnv/0006/true_evo_events_ternary_matrix.simple	/raid/kang/DelSIEVE/simulation_results/IndelSIEVE_benchmark_pipeline_sa_203/benchmark_results/sciphin/no_cnv/0006/post_processed/sciphin.ternary	/raid/kang/DelSIEVE/simulation_results/IndelSIEVE_benchmark_pipeline_sa_203/benchmark_results/sciphin/no_cnv/0006/post_processed/sciphin.genotype_probs	8117	80	17641	2682	0.751643670710251	0.9902403318287178	0.8546009686249737	0.0045144179222391	8099	98	18674	1638	0.8317757009345794	0.9880444064901792	0.9032006245121	0.0052205412316215	7017	1180	18727	1585	0.8157405254591955	0.8560448944735879	0.8354068694565152	0.0592756316873461	0	0	27583	926	0.0	NA	NA	0.0	926	80	32	894	0	0	20366	914	0.0	NA	0.0	NA	0	0	21278	2	0.0	NA	0.0	NA	0	0	21071	209	0.0	NA	0.0	NA	0	0	20577	703	0.0	NA	0.0	NA	687	16	188	0	0	0	21280	0	NA	NA	0.0	NA
40	5	20	0.001999	0.3	3e-05	3e-06	0.0	0007	sciphin	candidate_snvs	NA	NA	no_cnv	/raid/kang/DelSIEVE/simulation_results/IndelSIEVE_benchmark_pipeline_sa_203/benchmark_results/simulated_data/results/cell_names	/raid/kang/DelSIEVE/simulation_results/IndelSIEVE_benchmark_pipeline_sa_203/benchmark_results/sciphin/no_cnv/0007/post_processed/sciphin.cell_names	/raid/kang/DelSIEVE/simulation_results/IndelSIEVE_benchmark_pipeline_sa_203/benchmark_results/simulated_data/results/data_type/no_cnv/0007/true_evo_events_sites_names	/raid/kang/DelSIEVE/simulation_results/IndelSIEVE_benchmark_pipeline_sa_203/benchmark_results/sciphin/no_cnv/0007/post_processed/sciphin.loci_info	/raid/kang/DelSIEVE/simulation_results/IndelSIEVE_benchmark_pipeline_sa_203/benchmark_results/simulated_data/results/data_type/no_cnv/0007/true_evo_events_genotypes_numeric	/raid/kang/DelSIEVE/simulation_results/IndelSIEVE_benchmark_pipeline_sa_203/benchmark_results/sciphin/no_cnv/0007/post_processed/sciphin.genotypes	/raid/kang/DelSIEVE/simulation_results/IndelSIEVE_benchmark_pipeline_sa_203/benchmark_results/simulated_data/results/data_type/no_cnv/0007/true_evo_events_ternary_matrix.simple	/raid/kang/DelSIEVE/simulation_results/IndelSIEVE_benchmark_pipeline_sa_203/benchmark_results/sciphin/no_cnv/0007/post_processed/sciphin.ternary	/raid/kang/DelSIEVE/simulation_results/IndelSIEVE_benchmark_pipeline_sa_203/benchmark_results/sciphin/no_cnv/0007/post_processed/sciphin.genotype_probs	7268	46	5119	1927	0.7904295812941816	0.9937106918238994	0.8804894300078746	0.0089060987415295	7238	76	6104	932	0.8859241126070991	0.9896089691003556	0.9349005424954792	0.0122977346278317	5113	2201	6190	846	0.8580298707836885	0.6990702761826634	0.7704362239132072	0.2623048504349898	0	0	12865	1485	0.0	NA	NA	0.0	1485	46	31	1454	0	0	10678	1282	0.0	NA	0.0	NA	0	0	11912	48	0.0	NA	0.0	NA	0	0	11234	726	0.0	NA	0.0	NA	0	0	11452	508	0.0	NA	0.0	NA	481	27	671	0	0	0	11960	0	NA	NA	0.0	NA
40	5	20	0.001999	0.3	3e-05	3e-06	0.0	0008	sciphin	candidate_snvs	NA	NA	no_cnv	/raid/kang/DelSIEVE/simulation_results/IndelSIEVE_benchmark_pipeline_sa_203/benchmark_results/simulated_data/results/cell_names	/raid/kang/DelSIEVE/simulation_results/IndelSIEVE_benchmark_pipeline_sa_203/benchmark_results/sciphin/no_cnv/0008/post_processed/sciphin.cell_names	/raid/kang/DelSIEVE/simulation_results/IndelSIEVE_benchmark_pipeline_sa_203/benchmark_results/simulated_data/results/data_type/no_cnv/0008/true_evo_events_sites_names	/raid/kang/DelSIEVE/simulation_results/IndelSIEVE_benchmark_pipeline_sa_203/benchmark_results/sciphin/no_cnv/0008/post_processed/sciphin.loci_info	/raid/kang/DelSIEVE/simulation_results/IndelSIEVE_benchmark_pipeline_sa_203/benchmark_results/simulated_data/results/data_type/no_cnv/0008/true_evo_events_genotypes_numeric	/raid/kang/DelSIEVE/simulation_results/IndelSIEVE_benchmark_pipeline_sa_203/benchmark_results/sciphin/no_cnv/0008/post_processed/sciphin.genotypes	/raid/kang/DelSIEVE/simulation_results/IndelSIEVE_benchmark_pipeline_sa_203/benchmark_results/simulated_data/results/data_type/no_cnv/0008/true_evo_events_ternary_matrix.simple	/raid/kang/DelSIEVE/simulation_results/IndelSIEVE_benchmark_pipeline_sa_203/benchmark_results/sciphin/no_cnv/0008/post_processed/sciphin.ternary	/raid/kang/DelSIEVE/simulation_results/IndelSIEVE_benchmark_pipeline_sa_203/benchmark_results/sciphin/no_cnv/0008/post_processed/sciphin.genotype_probs	11345	92	14116	2927	0.7949131165919282	0.9919559324997814	0.8825703061184799	0.0064752252252252	11301	136	15457	1557	0.878908072795147	0.9881087697822856	0.9303148796048568	0.0087218623741422	8976	2461	15522	1492	0.8574703859380971	0.7848211943691528	0.8195389180552385	0.136851470833565	0	0	26535	1916	0.0	NA	NA	0.0	1916	92	28	1888	0	0	22065	1335	0.0	NA	0.0	NA	0	0	23395	5	0.0	NA	0.0	NA	0	0	22926	474	0.0	NA	0.0	NA	0	0	22544	856	0.0	NA	0.0	NA	812	44	437	0	0	0	23400	0	NA	NA	0.0	NA
40	5	20	0.001999	0.3	3e-05	3e-06	0.0	0009	sciphin	candidate_snvs	NA	NA	no_cnv	/raid/kang/DelSIEVE/simulation_results/IndelSIEVE_benchmark_pipeline_sa_203/benchmark_results/simulated_data/results/cell_names	/raid/kang/DelSIEVE/simulation_results/IndelSIEVE_benchmark_pipeline_sa_203/benchmark_results/sciphin/no_cnv/0009/post_processed/sciphin.cell_names	/raid/kang/DelSIEVE/simulation_results/IndelSIEVE_benchmark_pipeline_sa_203/benchmark_results/simulated_data/results/data_type/no_cnv/0009/true_evo_events_sites_names	/raid/kang/DelSIEVE/simulation_results/IndelSIEVE_benchmark_pipeline_sa_203/benchmark_results/sciphin/no_cnv/0009/post_processed/sciphin.loci_info	/raid/kang/DelSIEVE/simulation_results/IndelSIEVE_benchmark_pipeline_sa_203/benchmark_results/simulated_data/results/data_type/no_cnv/0009/true_evo_events_genotypes_numeric	/raid/kang/DelSIEVE/simulation_results/IndelSIEVE_benchmark_pipeline_sa_203/benchmark_results/sciphin/no_cnv/0009/post_processed/sciphin.genotypes	/raid/kang/DelSIEVE/simulation_results/IndelSIEVE_benchmark_pipeline_sa_203/benchmark_results/simulated_data/results/data_type/no_cnv/0009/true_evo_events_ternary_matrix.simple	/raid/kang/DelSIEVE/simulation_results/IndelSIEVE_benchmark_pipeline_sa_203/benchmark_results/sciphin/no_cnv/0009/post_processed/sciphin.ternary	/raid/kang/DelSIEVE/simulation_results/IndelSIEVE_benchmark_pipeline_sa_203/benchmark_results/sciphin/no_cnv/0009/post_processed/sciphin.genotype_probs	7233	67	6161	2099	0.7750750107158165	0.9908219178082192	0.8697691197691197	0.0107578676942838	7200	100	7176	1072	0.8704061895551257	0.9863013698630136	0.924736706909838	0.0137438152831225	5320	1980	7273	975	0.8451151707704527	0.7287671232876712	0.7826406767193821	0.213984653625851	0	0	14052	1496	0.0	NA	NA	0.0	1496	67	50	1446	0	0	11773	1067	0.0	NA	0.0	NA	0	0	12800	40	0.0	NA	0.0	NA	0	0	12359	481	0.0	NA	0.0	NA	0	0	12294	546	0.0	NA	0.0	NA	513	33	434	0	0	0	12840	0	NA	NA	0.0	NA
40	5	20	0.001999	0.3	3e-05	3e-06	0.0	0010	sciphin	candidate_snvs	NA	NA	no_cnv	/raid/kang/DelSIEVE/simulation_results/IndelSIEVE_benchmark_pipeline_sa_203/benchmark_results/simulated_data/results/cell_names	/raid/kang/DelSIEVE/simulation_results/IndelSIEVE_benchmark_pipeline_sa_203/benchmark_results/sciphin/no_cnv/0010/post_processed/sciphin.cell_names	/raid/kang/DelSIEVE/simulation_results/IndelSIEVE_benchmark_pipeline_sa_203/benchmark_results/simulated_data/results/data_type/no_cnv/0010/true_evo_events_sites_names	/raid/kang/DelSIEVE/simulation_results/IndelSIEVE_benchmark_pipeline_sa_203/benchmark_results/sciphin/no_cnv/0010/post_processed/sciphin.loci_info	/raid/kang/DelSIEVE/simulation_results/IndelSIEVE_benchmark_pipeline_sa_203/benchmark_results/simulated_data/results/data_type/no_cnv/0010/true_evo_events_genotypes_numeric	/raid/kang/DelSIEVE/simulation_results/IndelSIEVE_benchmark_pipeline_sa_203/benchmark_results/sciphin/no_cnv/0010/post_processed/sciphin.genotypes	/raid/kang/DelSIEVE/simulation_results/IndelSIEVE_benchmark_pipeline_sa_203/benchmark_results/simulated_data/results/data_type/no_cnv/0010/true_evo_events_ternary_matrix.simple	/raid/kang/DelSIEVE/simulation_results/IndelSIEVE_benchmark_pipeline_sa_203/benchmark_results/sciphin/no_cnv/0010/post_processed/sciphin.ternary	/raid/kang/DelSIEVE/simulation_results/IndelSIEVE_benchmark_pipeline_sa_203/benchmark_results/sciphin/no_cnv/0010/post_processed/sciphin.genotype_probs	7227	92	9711	2290	0.7593779552379951	0.9874299767727832	0.8585174625801852	0.0093848821789248	7201	118	10617	1367	0.840452847805789	0.983877578904222	0.906527349405174	0.0109920819748486	5797	1522	10723	1261	0.8213374893737603	0.7920480940019128	0.8064269319051262	0.1242956308697427	0	0	18125	1178	0.0	NA	NA	0.0	1178	92	73	1105	0	0	15109	931	0.0	NA	0.0	NA	0	0	16038	2	0.0	NA	0.0	NA	0	0	15708	332	0.0	NA	0.0	NA	0	0	15443	597	0.0	NA	0.0	NA	573	24	299	0	0	0	16040	0	NA	NA	0.0	NA
40	5	20	0.001999	0.3	3e-05	3e-06	0.0	0001	sieve	candidate_snvs	smc_mu_sa_stage_1	mt	no_cnv	/raid/kang/DelSIEVE/simulation_results/IndelSIEVE_benchmark_pipeline_sa_203/benchmark_results/simulated_data/results/cell_names	/raid/kang/DelSIEVE/simulation_results/IndelSIEVE_benchmark_pipeline_sa_203/benchmark_results/indelsieve/from_candidate/variant_calling/mt/no_cnv/smc_mu_sa_stage_1/0001/indelsieve_median.cell_names	/raid/kang/DelSIEVE/simulation_results/IndelSIEVE_benchmark_pipeline_sa_203/benchmark_results/simulated_data/results/data_type/no_cnv/0001/true_evo_events_sites_names	/raid/kang/DelSIEVE/simulation_results/IndelSIEVE_benchmark_pipeline_sa_203/benchmark_results/indelsieve/from_candidate/variant_calling/mt/no_cnv/smc_mu_sa_stage_1/0001/indelsieve_median.loci_info	/raid/kang/DelSIEVE/simulation_results/IndelSIEVE_benchmark_pipeline_sa_203/benchmark_results/simulated_data/results/data_type/no_cnv/0001/true_evo_events_genotypes_numeric	/raid/kang/DelSIEVE/simulation_results/IndelSIEVE_benchmark_pipeline_sa_203/benchmark_results/indelsieve/from_candidate/variant_calling/mt/no_cnv/smc_mu_sa_stage_1/0001/indelsieve_median.genotypes	/raid/kang/DelSIEVE/simulation_results/IndelSIEVE_benchmark_pipeline_sa_203/benchmark_results/simulated_data/results/data_type/no_cnv/0001/true_evo_events_ternary_matrix.simple	/raid/kang/DelSIEVE/simulation_results/IndelSIEVE_benchmark_pipeline_sa_203/benchmark_results/indelsieve/from_candidate/variant_calling/mt/no_cnv/smc_mu_sa_stage_1/0001/indelsieve_median.ternary	/raid/kang/DelSIEVE/simulation_results/IndelSIEVE_benchmark_pipeline_sa_203/benchmark_results/indelsieve/from_candidate/variant_calling/mt/no_cnv/smc_mu_sa_stage_1/0001/indelsieve_median.probs	9539	159	16918	2024	0.8249589206953213	0.9836048669828832	0.897323738300174	0.0093107688704104	9506	192	18056	866	0.9165059776320864	0.9802021035265004	0.9472845042351768	0.0105217010083296	8200	499	19009	912	0.8999122036874452	0.9426370847223818	0.9207792936949076	0.0255792495386508	768	231	27376	245	0.7581441263573544	0.7687687687687688	0.7634194831013916	0.0083674430398087	1013	159	7	238	0	0	20121	759	0.0	NA	0.0	NA	0	0	20880	0	NA	NA	0.0	NA	0	0	20633	247	0.0	NA	0.0	NA	0	0	20368	512	0.0	NA	0.0	NA	479	33	69	172	0	0	20880	0	NA	NA	0.0	NA
40	5	20	0.001999	0.3	3e-05	3e-06	0.0	0002	sieve	candidate_snvs	smc_mu_sa_stage_1	mt	no_cnv	/raid/kang/DelSIEVE/simulation_results/IndelSIEVE_benchmark_pipeline_sa_203/benchmark_results/simulated_data/results/cell_names	/raid/kang/DelSIEVE/simulation_results/IndelSIEVE_benchmark_pipeline_sa_203/benchmark_results/indelsieve/from_candidate/variant_calling/mt/no_cnv/smc_mu_sa_stage_1/0002/indelsieve_median.cell_names	/raid/kang/DelSIEVE/simulation_results/IndelSIEVE_benchmark_pipeline_sa_203/benchmark_results/simulated_data/results/data_type/no_cnv/0002/true_evo_events_sites_names	/raid/kang/DelSIEVE/simulation_results/IndelSIEVE_benchmark_pipeline_sa_203/benchmark_results/indelsieve/from_candidate/variant_calling/mt/no_cnv/smc_mu_sa_stage_1/0002/indelsieve_median.loci_info	/raid/kang/DelSIEVE/simulation_results/IndelSIEVE_benchmark_pipeline_sa_203/benchmark_results/simulated_data/results/data_type/no_cnv/0002/true_evo_events_genotypes_numeric	/raid/kang/DelSIEVE/simulation_results/IndelSIEVE_benchmark_pipeline_sa_203/benchmark_results/indelsieve/from_candidate/variant_calling/mt/no_cnv/smc_mu_sa_stage_1/0002/indelsieve_median.genotypes	/raid/kang/DelSIEVE/simulation_results/IndelSIEVE_benchmark_pipeline_sa_203/benchmark_results/simulated_data/results/data_type/no_cnv/0002/true_evo_events_ternary_matrix.simple	/raid/kang/DelSIEVE/simulation_results/IndelSIEVE_benchmark_pipeline_sa_203/benchmark_results/indelsieve/from_candidate/variant_calling/mt/no_cnv/smc_mu_sa_stage_1/0002/indelsieve_median.ternary	/raid/kang/DelSIEVE/simulation_results/IndelSIEVE_benchmark_pipeline_sa_203/benchmark_results/indelsieve/from_candidate/variant_calling/mt/no_cnv/smc_mu_sa_stage_1/0002/indelsieve_median.probs	6326	107	6059	828	0.8842605535364831	0.9833670138349138	0.9311842202104954	0.0173532273759325	6288	145	6542	338	0.948988831874434	0.9774599720192756	0.9630140133241444	0.0216838642141468	4929	434	7567	383	0.927899096385542	0.9190751445086706	0.9234660421545668	0.0542432195975503	854	216	12006	237	0.7827681026581118	0.7981308411214953	0.7903748264692272	0.0176730486008836	1091	105	2	235	0	0	10537	543	0.0	NA	0.0	NA	0	0	11075	5	0.0	NA	0.0	NA	0	0	10857	223	0.0	NA	0.0	NA	0	0	10765	315	0.0	NA	0.0	NA	280	35	56	165	0	0	11080	0	NA	NA	0.0	NA
40	5	20	0.001999	0.3	3e-05	3e-06	0.0	0003	sieve	candidate_snvs	smc_mu_sa_stage_1	mt	no_cnv	/raid/kang/DelSIEVE/simulation_results/IndelSIEVE_benchmark_pipeline_sa_203/benchmark_results/simulated_data/results/cell_names	/raid/kang/DelSIEVE/simulation_results/IndelSIEVE_benchmark_pipeline_sa_203/benchmark_results/indelsieve/from_candidate/variant_calling/mt/no_cnv/smc_mu_sa_stage_1/0003/indelsieve_median.cell_names	/raid/kang/DelSIEVE/simulation_results/IndelSIEVE_benchmark_pipeline_sa_203/benchmark_results/simulated_data/results/data_type/no_cnv/0003/true_evo_events_sites_names	/raid/kang/DelSIEVE/simulation_results/IndelSIEVE_benchmark_pipeline_sa_203/benchmark_results/indelsieve/from_candidate/variant_calling/mt/no_cnv/smc_mu_sa_stage_1/0003/indelsieve_median.loci_info	/raid/kang/DelSIEVE/simulation_results/IndelSIEVE_benchmark_pipeline_sa_203/benchmark_results/simulated_data/results/data_type/no_cnv/0003/true_evo_events_genotypes_numeric	/raid/kang/DelSIEVE/simulation_results/IndelSIEVE_benchmark_pipeline_sa_203/benchmark_results/indelsieve/from_candidate/variant_calling/mt/no_cnv/smc_mu_sa_stage_1/0003/indelsieve_median.genotypes	/raid/kang/DelSIEVE/simulation_results/IndelSIEVE_benchmark_pipeline_sa_203/benchmark_results/simulated_data/results/data_type/no_cnv/0003/true_evo_events_ternary_matrix.simple	/raid/kang/DelSIEVE/simulation_results/IndelSIEVE_benchmark_pipeline_sa_203/benchmark_results/indelsieve/from_candidate/variant_calling/mt/no_cnv/smc_mu_sa_stage_1/0003/indelsieve_median.ternary	/raid/kang/DelSIEVE/simulation_results/IndelSIEVE_benchmark_pipeline_sa_203/benchmark_results/indelsieve/from_candidate/variant_calling/mt/no_cnv/smc_mu_sa_stage_1/0003/indelsieve_median.probs	11311	192	14835	2342	0.8284626089504138	0.9833087020777188	0.8992685641596437	0.0127770013974845	11275	228	16289	834	0.931125609051119	0.9801790837172912	0.9550228697272574	0.0138039595568202	9784	654	17316	872	0.9181681681681682	0.937344318835026	0.9276571536929932	0.0363939899833055	855	210	27238	323	0.7258064516129032	0.8028169014084507	0.7623718234507356	0.0076508306616146	1178	192	9	314	0	0	20954	846	0.0	NA	0.0	NA	0	0	21778	22	0.0	NA	0.0	NA	0	0	21525	275	0.0	NA	0.0	NA	0	0	21251	549	0.0	NA	0.0	NA	514	35	112	154	0	0	21800	0	NA	NA	0.0	NA
40	5	20	0.001999	0.3	3e-05	3e-06	0.0	0004	sieve	candidate_snvs	smc_mu_sa_stage_1	mt	no_cnv	/raid/kang/DelSIEVE/simulation_results/IndelSIEVE_benchmark_pipeline_sa_203/benchmark_results/simulated_data/results/cell_names	/raid/kang/DelSIEVE/simulation_results/IndelSIEVE_benchmark_pipeline_sa_203/benchmark_results/indelsieve/from_candidate/variant_calling/mt/no_cnv/smc_mu_sa_stage_1/0004/indelsieve_median.cell_names	/raid/kang/DelSIEVE/simulation_results/IndelSIEVE_benchmark_pipeline_sa_203/benchmark_results/simulated_data/results/data_type/no_cnv/0004/true_evo_events_sites_names	/raid/kang/DelSIEVE/simulation_results/IndelSIEVE_benchmark_pipeline_sa_203/benchmark_results/indelsieve/from_candidate/variant_calling/mt/no_cnv/smc_mu_sa_stage_1/0004/indelsieve_median.loci_info	/raid/kang/DelSIEVE/simulation_results/IndelSIEVE_benchmark_pipeline_sa_203/benchmark_results/simulated_data/results/data_type/no_cnv/0004/true_evo_events_genotypes_numeric	/raid/kang/DelSIEVE/simulation_results/IndelSIEVE_benchmark_pipeline_sa_203/benchmark_results/indelsieve/from_candidate/variant_calling/mt/no_cnv/smc_mu_sa_stage_1/0004/indelsieve_median.genotypes	/raid/kang/DelSIEVE/simulation_results/IndelSIEVE_benchmark_pipeline_sa_203/benchmark_results/simulated_data/results/data_type/no_cnv/0004/true_evo_events_ternary_matrix.simple	/raid/kang/DelSIEVE/simulation_results/IndelSIEVE_benchmark_pipeline_sa_203/benchmark_results/indelsieve/from_candidate/variant_calling/mt/no_cnv/smc_mu_sa_stage_1/0004/indelsieve_median.ternary	/raid/kang/DelSIEVE/simulation_results/IndelSIEVE_benchmark_pipeline_sa_203/benchmark_results/indelsieve/from_candidate/variant_calling/mt/no_cnv/smc_mu_sa_stage_1/0004/indelsieve_median.probs	10261	222	16289	1748	0.8544425014572404	0.9788228560526568	0.9124133025075584	0.0134455817333898	10240	243	17190	838	0.9243545766383824	0.9768196127062864	0.9498631788878068	0.013939081053175	8707	596	18355	853	0.910774058577406	0.9359346447382564	0.9231829507501458	0.0314495277294074	946	234	27031	300	0.7592295345104334	0.8016949152542373	0.7798845836768343	0.0085824316889785	1246	222	25	275	0	0	20802	878	0.0	NA	0.0	NA	0	0	21680	0	NA	NA	0.0	NA	0	0	21408	272	0.0	NA	0.0	NA	0	0	21074	606	0.0	NA	0.0	NA	585	21	78	181	0	0	21680	0	NA	NA	0.0	NA
40	5	20	0.001999	0.3	3e-05	3e-06	0.0	0005	sieve	candidate_snvs	smc_mu_sa_stage_1	mt	no_cnv	/raid/kang/DelSIEVE/simulation_results/IndelSIEVE_benchmark_pipeline_sa_203/benchmark_results/simulated_data/results/cell_names	/raid/kang/DelSIEVE/simulation_results/IndelSIEVE_benchmark_pipeline_sa_203/benchmark_results/indelsieve/from_candidate/variant_calling/mt/no_cnv/smc_mu_sa_stage_1/0005/indelsieve_median.cell_names	/raid/kang/DelSIEVE/simulation_results/IndelSIEVE_benchmark_pipeline_sa_203/benchmark_results/simulated_data/results/data_type/no_cnv/0005/true_evo_events_sites_names	/raid/kang/DelSIEVE/simulation_results/IndelSIEVE_benchmark_pipeline_sa_203/benchmark_results/indelsieve/from_candidate/variant_calling/mt/no_cnv/smc_mu_sa_stage_1/0005/indelsieve_median.loci_info	/raid/kang/DelSIEVE/simulation_results/IndelSIEVE_benchmark_pipeline_sa_203/benchmark_results/simulated_data/results/data_type/no_cnv/0005/true_evo_events_genotypes_numeric	/raid/kang/DelSIEVE/simulation_results/IndelSIEVE_benchmark_pipeline_sa_203/benchmark_results/indelsieve/from_candidate/variant_calling/mt/no_cnv/smc_mu_sa_stage_1/0005/indelsieve_median.genotypes	/raid/kang/DelSIEVE/simulation_results/IndelSIEVE_benchmark_pipeline_sa_203/benchmark_results/simulated_data/results/data_type/no_cnv/0005/true_evo_events_ternary_matrix.simple	/raid/kang/DelSIEVE/simulation_results/IndelSIEVE_benchmark_pipeline_sa_203/benchmark_results/indelsieve/from_candidate/variant_calling/mt/no_cnv/smc_mu_sa_stage_1/0005/indelsieve_median.ternary	/raid/kang/DelSIEVE/simulation_results/IndelSIEVE_benchmark_pipeline_sa_203/benchmark_results/indelsieve/from_candidate/variant_calling/mt/no_cnv/smc_mu_sa_stage_1/0005/indelsieve_median.probs	6848	192	19646	1794	0.7924091645452441	0.9727272727272728	0.8733579900522892	0.0096783949994959	6809	231	20545	882	0.8853205044857626	0.9671875	0.924445047858258	0.0111185983827493	6200	442	20942	883	0.8753353098969363	0.9334537789822344	0.9034608378870672	0.0206696595585484	338	60	27894	175	0.6588693957115009	0.8492462311557789	0.7420417124039516	0.0021463833440652	513	192	12	163	0	0	19690	550	0.0	NA	0.0	NA	0	0	20240	0	NA	NA	0.0	NA	0	0	20145	95	0.0	NA	0.0	NA	0	0	19785	455	0.0	NA	0.0	NA	416	39	48	43	0	0	20240	0	NA	NA	0.0	NA
40	5	20	0.001999	0.3	3e-05	3e-06	0.0	0006	sieve	candidate_snvs	smc_mu_sa_stage_1	mt	no_cnv	/raid/kang/DelSIEVE/simulation_results/IndelSIEVE_benchmark_pipeline_sa_203/benchmark_results/simulated_data/results/cell_names	/raid/kang/DelSIEVE/simulation_results/IndelSIEVE_benchmark_pipeline_sa_203/benchmark_results/indelsieve/from_candidate/variant_calling/mt/no_cnv/smc_mu_sa_stage_1/0006/indelsieve_median.cell_names	/raid/kang/DelSIEVE/simulation_results/IndelSIEVE_benchmark_pipeline_sa_203/benchmark_results/simulated_data/results/data_type/no_cnv/0006/true_evo_events_sites_names	/raid/kang/DelSIEVE/simulation_results/IndelSIEVE_benchmark_pipeline_sa_203/benchmark_results/indelsieve/from_candidate/variant_calling/mt/no_cnv/smc_mu_sa_stage_1/0006/indelsieve_median.loci_info	/raid/kang/DelSIEVE/simulation_results/IndelSIEVE_benchmark_pipeline_sa_203/benchmark_results/simulated_data/results/data_type/no_cnv/0006/true_evo_events_genotypes_numeric	/raid/kang/DelSIEVE/simulation_results/IndelSIEVE_benchmark_pipeline_sa_203/benchmark_results/indelsieve/from_candidate/variant_calling/mt/no_cnv/smc_mu_sa_stage_1/0006/indelsieve_median.genotypes	/raid/kang/DelSIEVE/simulation_results/IndelSIEVE_benchmark_pipeline_sa_203/benchmark_results/simulated_data/results/data_type/no_cnv/0006/true_evo_events_ternary_matrix.simple	/raid/kang/DelSIEVE/simulation_results/IndelSIEVE_benchmark_pipeline_sa_203/benchmark_results/indelsieve/from_candidate/variant_calling/mt/no_cnv/smc_mu_sa_stage_1/0006/indelsieve_median.ternary	/raid/kang/DelSIEVE/simulation_results/IndelSIEVE_benchmark_pipeline_sa_203/benchmark_results/indelsieve/from_candidate/variant_calling/mt/no_cnv/smc_mu_sa_stage_1/0006/indelsieve_median.probs	8982	207	17514	1817	0.8317436799703676	0.9774730656219393	0.8987392435461277	0.0116810563737938	8940	249	18523	797	0.9181472732874602	0.9729023832843616	0.9447321145514108	0.0132644363946303	7797	586	19321	805	0.9064171122994652	0.9300966241202432	0.9181042095967028	0.0294368814989702	634	172	27411	292	0.6846652267818575	0.7866004962779156	0.7321016166281755	0.0062357249030199	926	207	11	281	0	0	20222	898	0.0	NA	0.0	NA	0	0	21118	2	0.0	NA	0.0	NA	0	0	20911	209	0.0	NA	0.0	NA	0	0	20433	687	0.0	NA	0.0	NA	647	40	58	144	0	0	21120	0	NA	NA	0.0	NA
40	5	20	0.001999	0.3	3e-05	3e-06	0.0	0007	sieve	candidate_snvs	smc_mu_sa_stage_1	mt	no_cnv	/raid/kang/DelSIEVE/simulation_results/IndelSIEVE_benchmark_pipeline_sa_203/benchmark_results/simulated_data/results/cell_names	/raid/kang/DelSIEVE/simulation_results/IndelSIEVE_benchmark_pipeline_sa_203/benchmark_results/indelsieve/from_candidate/variant_calling/mt/no_cnv/smc_mu_sa_stage_1/0007/indelsieve_median.cell_names	/raid/kang/DelSIEVE/simulation_results/IndelSIEVE_benchmark_pipeline_sa_203/benchmark_results/simulated_data/results/data_type/no_cnv/0007/true_evo_events_sites_names	/raid/kang/DelSIEVE/simulation_results/IndelSIEVE_benchmark_pipeline_sa_203/benchmark_results/indelsieve/from_candidate/variant_calling/mt/no_cnv/smc_mu_sa_stage_1/0007/indelsieve_median.loci_info	/raid/kang/DelSIEVE/simulation_results/IndelSIEVE_benchmark_pipeline_sa_203/benchmark_results/simulated_data/results/data_type/no_cnv/0007/true_evo_events_genotypes_numeric	/raid/kang/DelSIEVE/simulation_results/IndelSIEVE_benchmark_pipeline_sa_203/benchmark_results/indelsieve/from_candidate/variant_calling/mt/no_cnv/smc_mu_sa_stage_1/0007/indelsieve_median.genotypes	/raid/kang/DelSIEVE/simulation_results/IndelSIEVE_benchmark_pipeline_sa_203/benchmark_results/simulated_data/results/data_type/no_cnv/0007/true_evo_events_ternary_matrix.simple	/raid/kang/DelSIEVE/simulation_results/IndelSIEVE_benchmark_pipeline_sa_203/benchmark_results/indelsieve/from_candidate/variant_calling/mt/no_cnv/smc_mu_sa_stage_1/0007/indelsieve_median.ternary	/raid/kang/DelSIEVE/simulation_results/IndelSIEVE_benchmark_pipeline_sa_203/benchmark_results/indelsieve/from_candidate/variant_calling/mt/no_cnv/smc_mu_sa_stage_1/0007/indelsieve_median.probs	7893	95	5070	1302	0.8584013050570962	0.9881071607411116	0.9186987138450794	0.0183930300096805	7813	175	6005	357	0.9563035495716036	0.978092138207311	0.9670751330610224	0.0283171521035598	5556	605	7786	403	0.9323712032220172	0.9018016555753936	0.916831683168317	0.0721010606602312	1161	666	12199	324	0.7818181818181819	0.6354679802955665	0.701086956521739	0.0517683637776914	1485	95	5	319	0	0	10520	1280	0.0	NA	0.0	NA	0	0	11752	48	0.0	NA	0.0	NA	0	0	11074	726	0.0	NA	0.0	NA	0	0	11294	506	0.0	NA	0.0	NA	469	36	115	604	0	0	11800	0	NA	NA	0.0	NA
40	5	20	0.001999	0.3	3e-05	3e-06	0.0	0008	sieve	candidate_snvs	smc_mu_sa_stage_1	mt	no_cnv	/raid/kang/DelSIEVE/simulation_results/IndelSIEVE_benchmark_pipeline_sa_203/benchmark_results/simulated_data/results/cell_names	/raid/kang/DelSIEVE/simulation_results/IndelSIEVE_benchmark_pipeline_sa_203/benchmark_results/indelsieve/from_candidate/variant_calling/mt/no_cnv/smc_mu_sa_stage_1/0008/indelsieve_median.cell_names	/raid/kang/DelSIEVE/simulation_results/IndelSIEVE_benchmark_pipeline_sa_203/benchmark_results/simulated_data/results/data_type/no_cnv/0008/true_evo_events_sites_names	/raid/kang/DelSIEVE/simulation_results/IndelSIEVE_benchmark_pipeline_sa_203/benchmark_results/indelsieve/from_candidate/variant_calling/mt/no_cnv/smc_mu_sa_stage_1/0008/indelsieve_median.loci_info	/raid/kang/DelSIEVE/simulation_results/IndelSIEVE_benchmark_pipeline_sa_203/benchmark_results/simulated_data/results/data_type/no_cnv/0008/true_evo_events_genotypes_numeric	/raid/kang/DelSIEVE/simulation_results/IndelSIEVE_benchmark_pipeline_sa_203/benchmark_results/indelsieve/from_candidate/variant_calling/mt/no_cnv/smc_mu_sa_stage_1/0008/indelsieve_median.genotypes	/raid/kang/DelSIEVE/simulation_results/IndelSIEVE_benchmark_pipeline_sa_203/benchmark_results/simulated_data/results/data_type/no_cnv/0008/true_evo_events_ternary_matrix.simple	/raid/kang/DelSIEVE/simulation_results/IndelSIEVE_benchmark_pipeline_sa_203/benchmark_results/indelsieve/from_candidate/variant_calling/mt/no_cnv/smc_mu_sa_stage_1/0008/indelsieve_median.ternary	/raid/kang/DelSIEVE/simulation_results/IndelSIEVE_benchmark_pipeline_sa_203/benchmark_results/indelsieve/from_candidate/variant_calling/mt/no_cnv/smc_mu_sa_stage_1/0008/indelsieve_median.probs	12310	169	14039	1962	0.8625280269058296	0.9864572481769373	0.9203394265634928	0.0118947072072072	12239	240	15353	619	0.951858764971224	0.9807676897187274	0.9660970122745391	0.0153915218367216	9831	722	17261	637	0.9391478792510508	0.931583435989766	0.9353503639217924	0.0401490296391036	1540	386	26149	376	0.8037578288100209	0.7995846313603323	0.8016657990629881	0.0145468249481816	1916	169	15	361	0	0	21915	1325	0.0	NA	0.0	NA	0	0	23235	5	0.0	NA	0.0	NA	0	0	22766	474	0.0	NA	0.0	NA	0	0	22394	846	0.0	NA	0.0	NA	775	71	121	339	0	0	23240	0	NA	NA	0.0	NA
40	5	20	0.001999	0.3	3e-05	3e-06	0.0	0009	sieve	candidate_snvs	smc_mu_sa_stage_1	mt	no_cnv	/raid/kang/DelSIEVE/simulation_results/IndelSIEVE_benchmark_pipeline_sa_203/benchmark_results/simulated_data/results/cell_names	/raid/kang/DelSIEVE/simulation_results/IndelSIEVE_benchmark_pipeline_sa_203/benchmark_results/indelsieve/from_candidate/variant_calling/mt/no_cnv/smc_mu_sa_stage_1/0009/indelsieve_median.cell_names	/raid/kang/DelSIEVE/simulation_results/IndelSIEVE_benchmark_pipeline_sa_203/benchmark_results/simulated_data/results/data_type/no_cnv/0009/true_evo_events_sites_names	/raid/kang/DelSIEVE/simulation_results/IndelSIEVE_benchmark_pipeline_sa_203/benchmark_results/indelsieve/from_candidate/variant_calling/mt/no_cnv/smc_mu_sa_stage_1/0009/indelsieve_median.loci_info	/raid/kang/DelSIEVE/simulation_results/IndelSIEVE_benchmark_pipeline_sa_203/benchmark_results/simulated_data/results/data_type/no_cnv/0009/true_evo_events_genotypes_numeric	/raid/kang/DelSIEVE/simulation_results/IndelSIEVE_benchmark_pipeline_sa_203/benchmark_results/indelsieve/from_candidate/variant_calling/mt/no_cnv/smc_mu_sa_stage_1/0009/indelsieve_median.genotypes	/raid/kang/DelSIEVE/simulation_results/IndelSIEVE_benchmark_pipeline_sa_203/benchmark_results/simulated_data/results/data_type/no_cnv/0009/true_evo_events_ternary_matrix.simple	/raid/kang/DelSIEVE/simulation_results/IndelSIEVE_benchmark_pipeline_sa_203/benchmark_results/indelsieve/from_candidate/variant_calling/mt/no_cnv/smc_mu_sa_stage_1/0009/indelsieve_median.ternary	/raid/kang/DelSIEVE/simulation_results/IndelSIEVE_benchmark_pipeline_sa_203/benchmark_results/indelsieve/from_candidate/variant_calling/mt/no_cnv/smc_mu_sa_stage_1/0009/indelsieve_median.probs	7970	95	6133	1362	0.8540505786540934	0.9882207067575944	0.9162499281485312	0.0152536929993577	7890	175	7101	381	0.9539354370692782	0.9783013019218848	0.9659647404505386	0.0240516767454645	5899	501	8751	396	0.9370929308975378	0.92171875	0.929342260732572	0.0541504539559014	1240	425	13626	256	0.8288770053475936	0.7447447447447447	0.7845618475166086	0.0302469575119208	1496	94	11	245	0	0	11542	1058	0.0	NA	0.0	NA	0	0	12560	40	0.0	NA	0.0	NA	0	0	12120	480	0.0	NA	0.0	NA	0	0	12062	538	0.0	NA	0.0	NA	493	45	82	393	0	0	12600	0	NA	NA	0.0	NA
40	5	20	0.001999	0.3	3e-05	3e-06	0.0	0010	sieve	candidate_snvs	smc_mu_sa_stage_1	mt	no_cnv	/raid/kang/DelSIEVE/simulation_results/IndelSIEVE_benchmark_pipeline_sa_203/benchmark_results/simulated_data/results/cell_names	/raid/kang/DelSIEVE/simulation_results/IndelSIEVE_benchmark_pipeline_sa_203/benchmark_results/indelsieve/from_candidate/variant_calling/mt/no_cnv/smc_mu_sa_stage_1/0010/indelsieve_median.cell_names	/raid/kang/DelSIEVE/simulation_results/IndelSIEVE_benchmark_pipeline_sa_203/benchmark_results/simulated_data/results/data_type/no_cnv/0010/true_evo_events_sites_names	/raid/kang/DelSIEVE/simulation_results/IndelSIEVE_benchmark_pipeline_sa_203/benchmark_results/indelsieve/from_candidate/variant_calling/mt/no_cnv/smc_mu_sa_stage_1/0010/indelsieve_median.loci_info	/raid/kang/DelSIEVE/simulation_results/IndelSIEVE_benchmark_pipeline_sa_203/benchmark_results/simulated_data/results/data_type/no_cnv/0010/true_evo_events_genotypes_numeric	/raid/kang/DelSIEVE/simulation_results/IndelSIEVE_benchmark_pipeline_sa_203/benchmark_results/indelsieve/from_candidate/variant_calling/mt/no_cnv/smc_mu_sa_stage_1/0010/indelsieve_median.genotypes	/raid/kang/DelSIEVE/simulation_results/IndelSIEVE_benchmark_pipeline_sa_203/benchmark_results/simulated_data/results/data_type/no_cnv/0010/true_evo_events_ternary_matrix.simple	/raid/kang/DelSIEVE/simulation_results/IndelSIEVE_benchmark_pipeline_sa_203/benchmark_results/indelsieve/from_candidate/variant_calling/mt/no_cnv/smc_mu_sa_stage_1/0010/indelsieve_median.ternary	/raid/kang/DelSIEVE/simulation_results/IndelSIEVE_benchmark_pipeline_sa_203/benchmark_results/indelsieve/from_candidate/variant_calling/mt/no_cnv/smc_mu_sa_stage_1/0010/indelsieve_median.probs	8118	178	9625	1399	0.8529998949248713	0.9785438765670202	0.9114691517431088	0.0181577068244414	8080	216	10519	488	0.9430438842203548	0.973963355834137	0.9582542694497154	0.0201210992081974	6561	488	11757	497	0.9295834514026636	0.9307703220314938	0.9301765081165378	0.0398530012249897	941	306	17819	237	0.7988115449915111	0.7546110665597434	0.7760824742268042	0.0168827586206896	1178	178	15	222	0	0	14909	931	0.0	NA	0.0	NA	0	0	15838	2	0.0	NA	0.0	NA	0	0	15508	332	0.0	NA	0.0	NA	0	0	15243	597	0.0	NA	0.0	NA	561	35	53	271	0	0	15840	0	NA	NA	0.0	NA
40	5	20	0.001999	0.3	3e-05	3e-06	0.0	0001	indelsieve	candidate_snvs	smc_mudel_sa_stage_1	mt	no_cnv	/raid/kang/DelSIEVE/simulation_results/IndelSIEVE_benchmark_pipeline_sa_203/benchmark_results/simulated_data/results/cell_names	/raid/kang/DelSIEVE/simulation_results/IndelSIEVE_benchmark_pipeline_sa_203/benchmark_results/indelsieve/from_candidate/variant_calling/mt/no_cnv/smc_mudel_sa_stage_1/0001/indelsieve_median.cell_names	/raid/kang/DelSIEVE/simulation_results/IndelSIEVE_benchmark_pipeline_sa_203/benchmark_results/simulated_data/results/data_type/no_cnv/0001/true_evo_events_sites_names	/raid/kang/DelSIEVE/simulation_results/IndelSIEVE_benchmark_pipeline_sa_203/benchmark_results/indelsieve/from_candidate/variant_calling/mt/no_cnv/smc_mudel_sa_stage_1/0001/indelsieve_median.loci_info	/raid/kang/DelSIEVE/simulation_results/IndelSIEVE_benchmark_pipeline_sa_203/benchmark_results/simulated_data/results/data_type/no_cnv/0001/true_evo_events_genotypes_numeric	/raid/kang/DelSIEVE/simulation_results/IndelSIEVE_benchmark_pipeline_sa_203/benchmark_results/indelsieve/from_candidate/variant_calling/mt/no_cnv/smc_mudel_sa_stage_1/0001/indelsieve_median.genotypes	/raid/kang/DelSIEVE/simulation_results/IndelSIEVE_benchmark_pipeline_sa_203/benchmark_results/simulated_data/results/data_type/no_cnv/0001/true_evo_events_ternary_matrix.simple	/raid/kang/DelSIEVE/simulation_results/IndelSIEVE_benchmark_pipeline_sa_203/benchmark_results/indelsieve/from_candidate/variant_calling/mt/no_cnv/smc_mudel_sa_stage_1/0001/indelsieve_median.ternary	/raid/kang/DelSIEVE/simulation_results/IndelSIEVE_benchmark_pipeline_sa_203/benchmark_results/indelsieve/from_candidate/variant_calling/mt/no_cnv/smc_mudel_sa_stage_1/0001/indelsieve_median.probs	9763	214	16863	1800	0.8443310559543371	0.978550666533026	0.9064995357474466	0.0125314750834455	9497	179	18069	875	0.9156382568453528	0.9815006200909466	0.9474261771747804	0.009809294169224	8175	441	19036	968	0.894126654271027	0.948816155988858	0.9206599470690918	0.0226420906710479	743	80	27558	239	0.7566191446028513	0.9027946537059538	0.8232686980609418	0.0028945654533613	982	157	7	232	425	113	20008	334	0.5599472990777339	0.7899628252788105	0.005616023060484	0.6553585196607556	0	0	20880	0	NA	NA	0.0	NA	190	47	20586	57	0.7692307692307693	0.8016877637130801	0.0022779043280182	0.7851239669421488	229	72	20296	283	0.447265625	0.760797342192691	0.0035349567949725	0.5633456334563346	261	20	32	19	0	0	20880	0	NA	NA	0.0	NA
40	5	20	0.001999	0.3	3e-05	3e-06	0.0	0002	indelsieve	candidate_snvs	smc_mudel_sa_stage_1	mt	no_cnv	/raid/kang/DelSIEVE/simulation_results/IndelSIEVE_benchmark_pipeline_sa_203/benchmark_results/simulated_data/results/cell_names	/raid/kang/DelSIEVE/simulation_results/IndelSIEVE_benchmark_pipeline_sa_203/benchmark_results/indelsieve/from_candidate/variant_calling/mt/no_cnv/smc_mudel_sa_stage_1/0002/indelsieve_median.cell_names	/raid/kang/DelSIEVE/simulation_results/IndelSIEVE_benchmark_pipeline_sa_203/benchmark_results/simulated_data/results/data_type/no_cnv/0002/true_evo_events_sites_names	/raid/kang/DelSIEVE/simulation_results/IndelSIEVE_benchmark_pipeline_sa_203/benchmark_results/indelsieve/from_candidate/variant_calling/mt/no_cnv/smc_mudel_sa_stage_1/0002/indelsieve_median.loci_info	/raid/kang/DelSIEVE/simulation_results/IndelSIEVE_benchmark_pipeline_sa_203/benchmark_results/simulated_data/results/data_type/no_cnv/0002/true_evo_events_genotypes_numeric	/raid/kang/DelSIEVE/simulation_results/IndelSIEVE_benchmark_pipeline_sa_203/benchmark_results/indelsieve/from_candidate/variant_calling/mt/no_cnv/smc_mudel_sa_stage_1/0002/indelsieve_median.genotypes	/raid/kang/DelSIEVE/simulation_results/IndelSIEVE_benchmark_pipeline_sa_203/benchmark_results/simulated_data/results/data_type/no_cnv/0002/true_evo_events_ternary_matrix.simple	/raid/kang/DelSIEVE/simulation_results/IndelSIEVE_benchmark_pipeline_sa_203/benchmark_results/indelsieve/from_candidate/variant_calling/mt/no_cnv/smc_mudel_sa_stage_1/0002/indelsieve_median.ternary	/raid/kang/DelSIEVE/simulation_results/IndelSIEVE_benchmark_pipeline_sa_203/benchmark_results/indelsieve/from_candidate/variant_calling/mt/no_cnv/smc_mudel_sa_stage_1/0002/indelsieve_median.probs	6468	146	6020	686	0.9041095890410958	0.977925612337466	0.9395700174317256	0.0236782354849172	6282	133	6554	344	0.9480833081798974	0.9792673421667966	0.963423050379572	0.0198893375205622	4914	392	7560	447	0.9166200335758254	0.9261213720316622	0.921346207931002	0.0492957746478873	806	54	12217	236	0.7735124760076776	0.9372093023255814	0.8475289169295478	0.0044006193464265	1042	103	2	234	339	109	10428	204	0.6243093922651933	0.7566964285714286	0.0103445003321628	0.6841574167507569	0	0	11075	5	0.0	NA	0.0	NA	188	61	10796	35	0.8430493273542601	0.7550200803212851	0.0056184949801971	0.7966101694915254	145	54	10711	170	0.4603174603174603	0.7286432160804021	0.0050162563864375	0.5642023346303502	142	27	28	5	0	0	11080	0	NA	NA	0.0	NA
40	5	20	0.001999	0.3	3e-05	3e-06	0.0	0003	indelsieve	candidate_snvs	smc_mudel_sa_stage_1	mt	no_cnv	/raid/kang/DelSIEVE/simulation_results/IndelSIEVE_benchmark_pipeline_sa_203/benchmark_results/simulated_data/results/cell_names	/raid/kang/DelSIEVE/simulation_results/IndelSIEVE_benchmark_pipeline_sa_203/benchmark_results/indelsieve/from_candidate/variant_calling/mt/no_cnv/smc_mudel_sa_stage_1/0003/indelsieve_median.cell_names	/raid/kang/DelSIEVE/simulation_results/IndelSIEVE_benchmark_pipeline_sa_203/benchmark_results/simulated_data/results/data_type/no_cnv/0003/true_evo_events_sites_names	/raid/kang/DelSIEVE/simulation_results/IndelSIEVE_benchmark_pipeline_sa_203/benchmark_results/indelsieve/from_candidate/variant_calling/mt/no_cnv/smc_mudel_sa_stage_1/0003/indelsieve_median.loci_info	/raid/kang/DelSIEVE/simulation_results/IndelSIEVE_benchmark_pipeline_sa_203/benchmark_results/simulated_data/results/data_type/no_cnv/0003/true_evo_events_genotypes_numeric	/raid/kang/DelSIEVE/simulation_results/IndelSIEVE_benchmark_pipeline_sa_203/benchmark_results/indelsieve/from_candidate/variant_calling/mt/no_cnv/smc_mudel_sa_stage_1/0003/indelsieve_median.genotypes	/raid/kang/DelSIEVE/simulation_results/IndelSIEVE_benchmark_pipeline_sa_203/benchmark_results/simulated_data/results/data_type/no_cnv/0003/true_evo_events_ternary_matrix.simple	/raid/kang/DelSIEVE/simulation_results/IndelSIEVE_benchmark_pipeline_sa_203/benchmark_results/indelsieve/from_candidate/variant_calling/mt/no_cnv/smc_mudel_sa_stage_1/0003/indelsieve_median.ternary	/raid/kang/DelSIEVE/simulation_results/IndelSIEVE_benchmark_pipeline_sa_203/benchmark_results/indelsieve/from_candidate/variant_calling/mt/no_cnv/smc_mudel_sa_stage_1/0003/indelsieve_median.probs	11651	239	14788	2002	0.8533655606826338	0.9798990748528176	0.912265591355753	0.015904704864577	11273	226	16291	836	0.9309604426459658	0.9803461170536568	0.9550152490681124	0.0136828721922867	9778	613	17357	878	0.9176051051051052	0.9410066403618516	0.9291585499121016	0.034112409571508	855	78	27370	323	0.7258064516129032	0.9163987138263664	0.8100426338228328	0.0028417371028854	1178	189	9	314	507	59	20895	339	0.599290780141844	0.8957597173144877	0.0028156915147465	0.718130311614731	10	0	21778	12	0.4545454545454545	1.0	0.0	0.625	166	9	21516	109	0.6036363636363636	0.9485714285714286	0.0004181184668989	0.7377777777777778	312	69	21182	237	0.5683060109289617	0.8188976377952756	0.0032469060279516	0.6709677419354838	201	31	78	22	0	0	21800	0	NA	NA	0.0	NA
40	5	20	0.001999	0.3	3e-05	3e-06	0.0	0004	indelsieve	candidate_snvs	smc_mudel_sa_stage_1	mt	no_cnv	/raid/kang/DelSIEVE/simulation_results/IndelSIEVE_benchmark_pipeline_sa_203/benchmark_results/simulated_data/results/cell_names	/raid/kang/DelSIEVE/simulation_results/IndelSIEVE_benchmark_pipeline_sa_203/benchmark_results/indelsieve/from_candidate/variant_calling/mt/no_cnv/smc_mudel_sa_stage_1/0004/indelsieve_median.cell_names	/raid/kang/DelSIEVE/simulation_results/IndelSIEVE_benchmark_pipeline_sa_203/benchmark_results/simulated_data/results/data_type/no_cnv/0004/true_evo_events_sites_names	/raid/kang/DelSIEVE/simulation_results/IndelSIEVE_benchmark_pipeline_sa_203/benchmark_results/indelsieve/from_candidate/variant_calling/mt/no_cnv/smc_mudel_sa_stage_1/0004/indelsieve_median.loci_info	/raid/kang/DelSIEVE/simulation_results/IndelSIEVE_benchmark_pipeline_sa_203/benchmark_results/simulated_data/results/data_type/no_cnv/0004/true_evo_events_genotypes_numeric	/raid/kang/DelSIEVE/simulation_results/IndelSIEVE_benchmark_pipeline_sa_203/benchmark_results/indelsieve/from_candidate/variant_calling/mt/no_cnv/smc_mudel_sa_stage_1/0004/indelsieve_median.genotypes	/raid/kang/DelSIEVE/simulation_results/IndelSIEVE_benchmark_pipeline_sa_203/benchmark_results/simulated_data/results/data_type/no_cnv/0004/true_evo_events_ternary_matrix.simple	/raid/kang/DelSIEVE/simulation_results/IndelSIEVE_benchmark_pipeline_sa_203/benchmark_results/indelsieve/from_candidate/variant_calling/mt/no_cnv/smc_mudel_sa_stage_1/0004/indelsieve_median.ternary	/raid/kang/DelSIEVE/simulation_results/IndelSIEVE_benchmark_pipeline_sa_203/benchmark_results/indelsieve/from_candidate/variant_calling/mt/no_cnv/smc_mudel_sa_stage_1/0004/indelsieve_median.probs	10407	334	16177	1602	0.8666000499625282	0.9689041988641652	0.9149010989010988	0.0202289382835685	10242	242	17191	836	0.924535114641632	0.9769172071728348	0.9500046377887024	0.0138817185797051	8701	568	18374	868	0.9092904169714704	0.9387204660696948	0.9237711009661324	0.0299862738887129	937	118	27156	300	0.7574777687954729	0.8881516587677725	0.8176265270506109	0.0043264647649776	1237	227	25	275	289	128	20674	589	0.3291571753986332	0.6930455635491607	0.0061532544947601	0.4463320463320464	0	0	21680	0	NA	NA	0.0	NA	143	17	21391	129	0.5257352941176471	0.89375	0.0007940956651718	0.6620370370370371	145	112	20962	461	0.2392739273927392	0.5642023346303502	0.0053146056752396	0.33603707995365	446	15	51	64	0	0	21680	0	NA	NA	0.0	NA
40	5	20	0.001999	0.3	3e-05	3e-06	0.0	0005	indelsieve	candidate_snvs	smc_mudel_sa_stage_1	mt	no_cnv	/raid/kang/DelSIEVE/simulation_results/IndelSIEVE_benchmark_pipeline_sa_203/benchmark_results/simulated_data/results/cell_names	/raid/kang/DelSIEVE/simulation_results/IndelSIEVE_benchmark_pipeline_sa_203/benchmark_results/indelsieve/from_candidate/variant_calling/mt/no_cnv/smc_mudel_sa_stage_1/0005/indelsieve_median.cell_names	/raid/kang/DelSIEVE/simulation_results/IndelSIEVE_benchmark_pipeline_sa_203/benchmark_results/simulated_data/results/data_type/no_cnv/0005/true_evo_events_sites_names	/raid/kang/DelSIEVE/simulation_results/IndelSIEVE_benchmark_pipeline_sa_203/benchmark_results/indelsieve/from_candidate/variant_calling/mt/no_cnv/smc_mudel_sa_stage_1/0005/indelsieve_median.loci_info	/raid/kang/DelSIEVE/simulation_results/IndelSIEVE_benchmark_pipeline_sa_203/benchmark_results/simulated_data/results/data_type/no_cnv/0005/true_evo_events_genotypes_numeric	/raid/kang/DelSIEVE/simulation_results/IndelSIEVE_benchmark_pipeline_sa_203/benchmark_results/indelsieve/from_candidate/variant_calling/mt/no_cnv/smc_mudel_sa_stage_1/0005/indelsieve_median.genotypes	/raid/kang/DelSIEVE/simulation_results/IndelSIEVE_benchmark_pipeline_sa_203/benchmark_results/simulated_data/results/data_type/no_cnv/0005/true_evo_events_ternary_matrix.simple	/raid/kang/DelSIEVE/simulation_results/IndelSIEVE_benchmark_pipeline_sa_203/benchmark_results/indelsieve/from_candidate/variant_calling/mt/no_cnv/smc_mudel_sa_stage_1/0005/indelsieve_median.ternary	/raid/kang/DelSIEVE/simulation_results/IndelSIEVE_benchmark_pipeline_sa_203/benchmark_results/indelsieve/from_candidate/variant_calling/mt/no_cnv/smc_mudel_sa_stage_1/0005/indelsieve_median.probs	6957	233	19605	1685	0.8050219856514695	0.9675938803894296	0.8788529560384033	0.0117451355983466	6801	220	20556	890	0.8842803276557014	0.9686654322746048	0.9245513866231648	0.0105891413169041	6192	414	20970	891	0.8742058449809402	0.9373297002724796	0.9046679815910584	0.0193602693602693	338	31	27923	175	0.6588693957115009	0.9159891598915988	0.7664399092970521	0.001108964727767	513	184	12	163	163	52	19638	387	0.2963636363636364	0.7581395348837209	0.0026409344845099	0.4261437908496732	0	0	20240	0	NA	NA	0.0	NA	44	2	20143	51	0.4631578947368421	0.9565217391304348	9.928021841648052e-05	0.6241134751773051	114	55	19730	341	0.2505494505494505	0.6745562130177515	0.0027798837503158	0.3653846153846154	306	35	32	10	0	0	20240	0	NA	NA	0.0	NA
40	5	20	0.001999	0.3	3e-05	3e-06	0.0	0006	indelsieve	candidate_snvs	smc_mudel_sa_stage_1	mt	no_cnv	/raid/kang/DelSIEVE/simulation_results/IndelSIEVE_benchmark_pipeline_sa_203/benchmark_results/simulated_data/results/cell_names	/raid/kang/DelSIEVE/simulation_results/IndelSIEVE_benchmark_pipeline_sa_203/benchmark_results/indelsieve/from_candidate/variant_calling/mt/no_cnv/smc_mudel_sa_stage_1/0006/indelsieve_median.cell_names	/raid/kang/DelSIEVE/simulation_results/IndelSIEVE_benchmark_pipeline_sa_203/benchmark_results/simulated_data/results/data_type/no_cnv/0006/true_evo_events_sites_names	/raid/kang/DelSIEVE/simulation_results/IndelSIEVE_benchmark_pipeline_sa_203/benchmark_results/indelsieve/from_candidate/variant_calling/mt/no_cnv/smc_mudel_sa_stage_1/0006/indelsieve_median.loci_info	/raid/kang/DelSIEVE/simulation_results/IndelSIEVE_benchmark_pipeline_sa_203/benchmark_results/simulated_data/results/data_type/no_cnv/0006/true_evo_events_genotypes_numeric	/raid/kang/DelSIEVE/simulation_results/IndelSIEVE_benchmark_pipeline_sa_203/benchmark_results/indelsieve/from_candidate/variant_calling/mt/no_cnv/smc_mudel_sa_stage_1/0006/indelsieve_median.genotypes	/raid/kang/DelSIEVE/simulation_results/IndelSIEVE_benchmark_pipeline_sa_203/benchmark_results/simulated_data/results/data_type/no_cnv/0006/true_evo_events_ternary_matrix.simple	/raid/kang/DelSIEVE/simulation_results/IndelSIEVE_benchmark_pipeline_sa_203/benchmark_results/indelsieve/from_candidate/variant_calling/mt/no_cnv/smc_mudel_sa_stage_1/0006/indelsieve_median.ternary	/raid/kang/DelSIEVE/simulation_results/IndelSIEVE_benchmark_pipeline_sa_203/benchmark_results/indelsieve/from_candidate/variant_calling/mt/no_cnv/smc_mudel_sa_stage_1/0006/indelsieve_median.probs	9350	374	17347	1449	0.8658209093434577	0.9615384615384616	0.9111728304828728	0.021104903786468	8926	234	18538	811	0.9167094587655336	0.9744541484716156	0.944700216965656	0.0124653739612188	7765	538	19357	849	0.9014395170652426	0.935204143080814	0.91801146775433	0.0270419703443076	626	34	27561	288	0.6849015317286652	0.9484848484848484	0.795425667090216	0.001232107265809	914	204	11	277	533	228	19994	365	0.5935412026726058	0.7003942181340341	0.0112748491741667	0.642555756479807	0	0	21118	2	0.0	NA	0.0	NA	163	34	20877	46	0.7799043062200957	0.8274111675126904	0.0016259385012672	0.8029556650246304	362	202	20231	325	0.5269286754002911	0.6418439716312057	0.0098859687759996	0.5787370103916866	297	27	30	9	0	0	21120	0	NA	NA	0.0	NA
40	5	20	0.001999	0.3	3e-05	3e-06	0.0	0007	indelsieve	candidate_snvs	smc_mudel_sa_stage_1	mt	no_cnv	/raid/kang/DelSIEVE/simulation_results/IndelSIEVE_benchmark_pipeline_sa_203/benchmark_results/simulated_data/results/cell_names	/raid/kang/DelSIEVE/simulation_results/IndelSIEVE_benchmark_pipeline_sa_203/benchmark_results/indelsieve/from_candidate/variant_calling/mt/no_cnv/smc_mudel_sa_stage_1/0007/indelsieve_median.cell_names	/raid/kang/DelSIEVE/simulation_results/IndelSIEVE_benchmark_pipeline_sa_203/benchmark_results/simulated_data/results/data_type/no_cnv/0007/true_evo_events_sites_names	/raid/kang/DelSIEVE/simulation_results/IndelSIEVE_benchmark_pipeline_sa_203/benchmark_results/indelsieve/from_candidate/variant_calling/mt/no_cnv/smc_mudel_sa_stage_1/0007/indelsieve_median.loci_info	/raid/kang/DelSIEVE/simulation_results/IndelSIEVE_benchmark_pipeline_sa_203/benchmark_results/simulated_data/results/data_type/no_cnv/0007/true_evo_events_genotypes_numeric	/raid/kang/DelSIEVE/simulation_results/IndelSIEVE_benchmark_pipeline_sa_203/benchmark_results/indelsieve/from_candidate/variant_calling/mt/no_cnv/smc_mudel_sa_stage_1/0007/indelsieve_median.genotypes	/raid/kang/DelSIEVE/simulation_results/IndelSIEVE_benchmark_pipeline_sa_203/benchmark_results/simulated_data/results/data_type/no_cnv/0007/true_evo_events_ternary_matrix.simple	/raid/kang/DelSIEVE/simulation_results/IndelSIEVE_benchmark_pipeline_sa_203/benchmark_results/indelsieve/from_candidate/variant_calling/mt/no_cnv/smc_mudel_sa_stage_1/0007/indelsieve_median.ternary	/raid/kang/DelSIEVE/simulation_results/IndelSIEVE_benchmark_pipeline_sa_203/benchmark_results/indelsieve/from_candidate/variant_calling/mt/no_cnv/smc_mudel_sa_stage_1/0007/indelsieve_median.probs	8260	147	5018	935	0.8983143012506797	0.9825145711906744	0.9385297125326668	0.028460793804453	7807	113	6067	363	0.9555691554467564	0.9857323232323232	0.9704164077066502	0.0182847896440129	5538	462	7912	438	0.9267068273092368	0.923	0.9248496993987976	0.0551707666587055	1160	132	12750	308	0.7901907356948229	0.8978328173374613	0.8405797101449276	0.0102468560782487	1468	84	5	303	1014	101	10419	266	0.7921875	0.9094170403587444	0.0096007604562737	0.8467640918580375	40	0	11752	8	0.8333333333333334	1.0	0.0	0.9090909090909092	585	43	11031	141	0.8057851239669421	0.931528662420382	0.0038829691168502	0.86410635155096	376	71	11223	130	0.7430830039525692	0.8411633109619687	0.0062865238179564	0.7890870933892971	104	22	53	81	0	0	11800	0	NA	NA	0.0	NA
40	5	20	0.001999	0.3	3e-05	3e-06	0.0	0008	indelsieve	candidate_snvs	smc_mudel_sa_stage_1	mt	no_cnv	/raid/kang/DelSIEVE/simulation_results/IndelSIEVE_benchmark_pipeline_sa_203/benchmark_results/simulated_data/results/cell_names	/raid/kang/DelSIEVE/simulation_results/IndelSIEVE_benchmark_pipeline_sa_203/benchmark_results/indelsieve/from_candidate/variant_calling/mt/no_cnv/smc_mudel_sa_stage_1/0008/indelsieve_median.cell_names	/raid/kang/DelSIEVE/simulation_results/IndelSIEVE_benchmark_pipeline_sa_203/benchmark_results/simulated_data/results/data_type/no_cnv/0008/true_evo_events_sites_names	/raid/kang/DelSIEVE/simulation_results/IndelSIEVE_benchmark_pipeline_sa_203/benchmark_results/indelsieve/from_candidate/variant_calling/mt/no_cnv/smc_mudel_sa_stage_1/0008/indelsieve_median.loci_info	/raid/kang/DelSIEVE/simulation_results/IndelSIEVE_benchmark_pipeline_sa_203/benchmark_results/simulated_data/results/data_type/no_cnv/0008/true_evo_events_genotypes_numeric	/raid/kang/DelSIEVE/simulation_results/IndelSIEVE_benchmark_pipeline_sa_203/benchmark_results/indelsieve/from_candidate/variant_calling/mt/no_cnv/smc_mudel_sa_stage_1/0008/indelsieve_median.genotypes	/raid/kang/DelSIEVE/simulation_results/IndelSIEVE_benchmark_pipeline_sa_203/benchmark_results/simulated_data/results/data_type/no_cnv/0008/true_evo_events_ternary_matrix.simple	/raid/kang/DelSIEVE/simulation_results/IndelSIEVE_benchmark_pipeline_sa_203/benchmark_results/indelsieve/from_candidate/variant_calling/mt/no_cnv/smc_mudel_sa_stage_1/0008/indelsieve_median.ternary	/raid/kang/DelSIEVE/simulation_results/IndelSIEVE_benchmark_pipeline_sa_203/benchmark_results/indelsieve/from_candidate/variant_calling/mt/no_cnv/smc_mudel_sa_stage_1/0008/indelsieve_median.probs	12704	335	13873	1568	0.8901345291479821	0.974307845693688	0.9303211160338324	0.0235782657657657	12232	217	15376	626	0.9513143568206563	0.9825688810346213	0.9666890583632988	0.0139165009940357	9795	647	17281	728	0.9308182077354368	0.9380386899061482	0.9344145003577392	0.0360887996430165	1491	82	26508	370	0.8011821601289629	0.9478703115066752	0.8683750728013978	0.0030838661150808	1861	171	14	355	759	265	21650	566	0.5728301886792453	0.7412109375	0.0120921743098334	0.6462324393358876	0	0	23235	5	0.0	NA	0.0	NA	350	84	22682	124	0.7383966244725738	0.8064516129032258	0.0036897127295089	0.7709251101321587	395	195	22199	451	0.466903073286052	0.6694915254237288	0.0087076895597034	0.5501392757660167	405	40	81	33	0	0	23240	0	NA	NA	0.0	NA
40	5	20	0.001999	0.3	3e-05	3e-06	0.0	0009	indelsieve	candidate_snvs	smc_mudel_sa_stage_1	mt	no_cnv	/raid/kang/DelSIEVE/simulation_results/IndelSIEVE_benchmark_pipeline_sa_203/benchmark_results/simulated_data/results/cell_names	/raid/kang/DelSIEVE/simulation_results/IndelSIEVE_benchmark_pipeline_sa_203/benchmark_results/indelsieve/from_candidate/variant_calling/mt/no_cnv/smc_mudel_sa_stage_1/0009/indelsieve_median.cell_names	/raid/kang/DelSIEVE/simulation_results/IndelSIEVE_benchmark_pipeline_sa_203/benchmark_results/simulated_data/results/data_type/no_cnv/0009/true_evo_events_sites_names	/raid/kang/DelSIEVE/simulation_results/IndelSIEVE_benchmark_pipeline_sa_203/benchmark_results/indelsieve/from_candidate/variant_calling/mt/no_cnv/smc_mudel_sa_stage_1/0009/indelsieve_median.loci_info	/raid/kang/DelSIEVE/simulation_results/IndelSIEVE_benchmark_pipeline_sa_203/benchmark_results/simulated_data/results/data_type/no_cnv/0009/true_evo_events_genotypes_numeric	/raid/kang/DelSIEVE/simulation_results/IndelSIEVE_benchmark_pipeline_sa_203/benchmark_results/indelsieve/from_candidate/variant_calling/mt/no_cnv/smc_mudel_sa_stage_1/0009/indelsieve_median.genotypes	/raid/kang/DelSIEVE/simulation_results/IndelSIEVE_benchmark_pipeline_sa_203/benchmark_results/simulated_data/results/data_type/no_cnv/0009/true_evo_events_ternary_matrix.simple	/raid/kang/DelSIEVE/simulation_results/IndelSIEVE_benchmark_pipeline_sa_203/benchmark_results/indelsieve/from_candidate/variant_calling/mt/no_cnv/smc_mudel_sa_stage_1/0009/indelsieve_median.ternary	/raid/kang/DelSIEVE/simulation_results/IndelSIEVE_benchmark_pipeline_sa_203/benchmark_results/indelsieve/from_candidate/variant_calling/mt/no_cnv/smc_mudel_sa_stage_1/0009/indelsieve_median.probs	8355	110	6118	977	0.8953064723531933	0.987005316007088	0.9389222902736416	0.0176621708413615	7868	124	7152	403	0.9512755410470318	0.9844844844844844	0.9675951546455144	0.017042330951072	5870	393	8821	463	0.9268908889941576	0.937250518920645	0.9320419180692284	0.0426524853483828	1208	53	14036	250	0.8285322359396433	0.95796986518636	0.8885619713129828	0.0037617999858045	1458	85	11	238	848	93	11449	210	0.8015122873345936	0.9011689691817216	0.0080575290244325	0.848424212106053	35	0	12560	5	0.875	1.0	0.0	0.9333333333333332	412	56	12064	68	0.8583333333333333	0.8803418803418803	0.0046204620462046	0.8691983122362869	388	50	12012	150	0.7211895910780669	0.8858447488584474	0.0041452495440225	0.7950819672131147	112	33	37	24	0	0	12600	0	NA	NA	0.0	NA
40	5	20	0.001999	0.3	3e-05	3e-06	0.0	0010	indelsieve	candidate_snvs	smc_mudel_sa_stage_1	mt	no_cnv	/raid/kang/DelSIEVE/simulation_results/IndelSIEVE_benchmark_pipeline_sa_203/benchmark_results/simulated_data/results/cell_names	/raid/kang/DelSIEVE/simulation_results/IndelSIEVE_benchmark_pipeline_sa_203/benchmark_results/indelsieve/from_candidate/variant_calling/mt/no_cnv/smc_mudel_sa_stage_1/0010/indelsieve_median.cell_names	/raid/kang/DelSIEVE/simulation_results/IndelSIEVE_benchmark_pipeline_sa_203/benchmark_results/simulated_data/results/data_type/no_cnv/0010/true_evo_events_sites_names	/raid/kang/DelSIEVE/simulation_results/IndelSIEVE_benchmark_pipeline_sa_203/benchmark_results/indelsieve/from_candidate/variant_calling/mt/no_cnv/smc_mudel_sa_stage_1/0010/indelsieve_median.loci_info	/raid/kang/DelSIEVE/simulation_results/IndelSIEVE_benchmark_pipeline_sa_203/benchmark_results/simulated_data/results/data_type/no_cnv/0010/true_evo_events_genotypes_numeric	/raid/kang/DelSIEVE/simulation_results/IndelSIEVE_benchmark_pipeline_sa_203/benchmark_results/indelsieve/from_candidate/variant_calling/mt/no_cnv/smc_mudel_sa_stage_1/0010/indelsieve_median.genotypes	/raid/kang/DelSIEVE/simulation_results/IndelSIEVE_benchmark_pipeline_sa_203/benchmark_results/simulated_data/results/data_type/no_cnv/0010/true_evo_events_ternary_matrix.simple	/raid/kang/DelSIEVE/simulation_results/IndelSIEVE_benchmark_pipeline_sa_203/benchmark_results/indelsieve/from_candidate/variant_calling/mt/no_cnv/smc_mudel_sa_stage_1/0010/indelsieve_median.ternary	/raid/kang/DelSIEVE/simulation_results/IndelSIEVE_benchmark_pipeline_sa_203/benchmark_results/indelsieve/from_candidate/variant_calling/mt/no_cnv/smc_mudel_sa_stage_1/0010/indelsieve_median.probs	8368	253	9550	1149	0.8792686771041295	0.9706530564899664	0.9227037159554526	0.0258084259920432	8071	206	10529	497	0.9419934640522876	0.9751117554669566	0.9582665479370732	0.0191895668374476	6549	460	11764	530	0.9251306681734708	0.9343700955913824	0.9297274275979556	0.037630890052356	919	81	18065	238	0.7942955920484011	0.919	0.8521094112192862	0.0044637936735368	1157	178	15	223	511	101	14808	420	0.5488721804511278	0.8349673202614379	0.0067744315514118	0.6623460790667531	0	0	15838	2	0.0	NA	0.0	NA	242	26	15482	90	0.7289156626506024	0.9029850746268656	0.0016765540366262	0.8066666666666668	261	83	15160	336	0.4371859296482412	0.7587209302325582	0.0054451223512431	0.5547290116896918	310	25	34	48	0	0	15840	0	NA	NA	0.0	NA
40	5	20	0.001999	0.3	3e-05	3e-06	0.0	0001	sieve	candidate_snvs	smc_mu_sa_stage_1-smc_mu_sa_stage_2	mt	no_cnv	/raid/kang/DelSIEVE/simulation_results/IndelSIEVE_benchmark_pipeline_sa_203/benchmark_results/simulated_data/results/cell_names	/raid/kang/DelSIEVE/simulation_results/IndelSIEVE_benchmark_pipeline_sa_203/benchmark_results/indelsieve/from_candidate/variant_calling/stage2/mt/no_cnv/smc_mu_sa_stage_1-smc_mu_sa_stage_2/0001/indelsieve_median.cell_names	/raid/kang/DelSIEVE/simulation_results/IndelSIEVE_benchmark_pipeline_sa_203/benchmark_results/simulated_data/results/data_type/no_cnv/0001/true_evo_events_sites_names	/raid/kang/DelSIEVE/simulation_results/IndelSIEVE_benchmark_pipeline_sa_203/benchmark_results/indelsieve/from_candidate/variant_calling/stage2/mt/no_cnv/smc_mu_sa_stage_1-smc_mu_sa_stage_2/0001/indelsieve_median.loci_info	/raid/kang/DelSIEVE/simulation_results/IndelSIEVE_benchmark_pipeline_sa_203/benchmark_results/simulated_data/results/data_type/no_cnv/0001/true_evo_events_genotypes_numeric	/raid/kang/DelSIEVE/simulation_results/IndelSIEVE_benchmark_pipeline_sa_203/benchmark_results/indelsieve/from_candidate/variant_calling/stage2/mt/no_cnv/smc_mu_sa_stage_1-smc_mu_sa_stage_2/0001/indelsieve_median.genotypes	/raid/kang/DelSIEVE/simulation_results/IndelSIEVE_benchmark_pipeline_sa_203/benchmark_results/simulated_data/results/data_type/no_cnv/0001/true_evo_events_ternary_matrix.simple	/raid/kang/DelSIEVE/simulation_results/IndelSIEVE_benchmark_pipeline_sa_203/benchmark_results/indelsieve/from_candidate/variant_calling/stage2/mt/no_cnv/smc_mu_sa_stage_1-smc_mu_sa_stage_2/0001/indelsieve_median.ternary	/raid/kang/DelSIEVE/simulation_results/IndelSIEVE_benchmark_pipeline_sa_203/benchmark_results/indelsieve/from_candidate/variant_calling/stage2/mt/no_cnv/smc_mu_sa_stage_1-smc_mu_sa_stage_2/0001/indelsieve_median.probs	9586	391	16686	1977	0.8290236097898469	0.9608098626841736	0.8900649953574744	0.0228962932599402	9527	450	17798	845	0.918530659467798	0.9548962614012227	0.936360509115927	0.0246602367382726	8266	824	18684	846	0.907155399473222	0.9093509350935094	0.9082518404570926	0.0422390814025015	753	134	27473	260	0.7433366238894373	0.8489289740698985	0.7926315789473685	0.0048538414170319	1013	391	8	252	0	0	20121	759	0.0	NA	0.0	NA	0	0	20880	0	NA	NA	0.0	NA	0	0	20633	247	0.0	NA	0.0	NA	0	0	20368	512	0.0	NA	0.0	NA	453	58	123	120	0	0	20880	0	NA	NA	0.0	NA
40	5	20	0.001999	0.3	3e-05	3e-06	0.0	0001	indelsieve	candidate_snvs	smc_mudel_sa_stage_1-smc_mudel_sa_stage_2	mt	no_cnv	/raid/kang/DelSIEVE/simulation_results/IndelSIEVE_benchmark_pipeline_sa_203/benchmark_results/simulated_data/results/cell_names	/raid/kang/DelSIEVE/simulation_results/IndelSIEVE_benchmark_pipeline_sa_203/benchmark_results/indelsieve/from_candidate/variant_calling/stage2/mt/no_cnv/smc_mudel_sa_stage_1-smc_mudel_sa_stage_2/0001/indelsieve_median.cell_names	/raid/kang/DelSIEVE/simulation_results/IndelSIEVE_benchmark_pipeline_sa_203/benchmark_results/simulated_data/results/data_type/no_cnv/0001/true_evo_events_sites_names	/raid/kang/DelSIEVE/simulation_results/IndelSIEVE_benchmark_pipeline_sa_203/benchmark_results/indelsieve/from_candidate/variant_calling/stage2/mt/no_cnv/smc_mudel_sa_stage_1-smc_mudel_sa_stage_2/0001/indelsieve_median.loci_info	/raid/kang/DelSIEVE/simulation_results/IndelSIEVE_benchmark_pipeline_sa_203/benchmark_results/simulated_data/results/data_type/no_cnv/0001/true_evo_events_genotypes_numeric	/raid/kang/DelSIEVE/simulation_results/IndelSIEVE_benchmark_pipeline_sa_203/benchmark_results/indelsieve/from_candidate/variant_calling/stage2/mt/no_cnv/smc_mudel_sa_stage_1-smc_mudel_sa_stage_2/0001/indelsieve_median.genotypes	/raid/kang/DelSIEVE/simulation_results/IndelSIEVE_benchmark_pipeline_sa_203/benchmark_results/simulated_data/results/data_type/no_cnv/0001/true_evo_events_ternary_matrix.simple	/raid/kang/DelSIEVE/simulation_results/IndelSIEVE_benchmark_pipeline_sa_203/benchmark_results/indelsieve/from_candidate/variant_calling/stage2/mt/no_cnv/smc_mudel_sa_stage_1-smc_mudel_sa_stage_2/0001/indelsieve_median.ternary	/raid/kang/DelSIEVE/simulation_results/IndelSIEVE_benchmark_pipeline_sa_203/benchmark_results/indelsieve/from_candidate/variant_calling/stage2/mt/no_cnv/smc_mudel_sa_stage_1-smc_mudel_sa_stage_2/0001/indelsieve_median.probs	9683	391	16686	1880	0.8374124362189743	0.9611872146118722	0.89504090215834	0.0228962932599402	9525	445	17803	847	0.9183378326263016	0.9553660982948846	0.936486087896962	0.0243862341078474	8264	761	18747	848	0.9069359086918348	0.9156786703601107	0.9112863207807246	0.0390096370719704	753	96	27511	260	0.7433366238894373	0.8869257950530035	0.8088077336197638	0.0034773789256348	1013	389	8	252	198	2	20119	561	0.2608695652173913	0.99	9.939863823865613e-05	0.4129301355578727	0	0	20880	0	NA	NA	0.0	NA	94	2	20631	153	0.3805668016194332	0.9791666666666666	9.693209906460525e-05	0.5481049562682215	101	3	20365	411	0.197265625	0.971153846153846	0.0001472898664571	0.3279220779220779	355	53	67	82	0	0	20880	0	NA	NA	0.0	NA
40	5	20	0.001999	0.3	3e-05	3e-06	0.0	0002	sieve	candidate_snvs	smc_mu_sa_stage_1-smc_mu_sa_stage_2	mt	no_cnv	/raid/kang/DelSIEVE/simulation_results/IndelSIEVE_benchmark_pipeline_sa_203/benchmark_results/simulated_data/results/cell_names	/raid/kang/DelSIEVE/simulation_results/IndelSIEVE_benchmark_pipeline_sa_203/benchmark_results/indelsieve/from_candidate/variant_calling/stage2/mt/no_cnv/smc_mu_sa_stage_1-smc_mu_sa_stage_2/0002/indelsieve_median.cell_names	/raid/kang/DelSIEVE/simulation_results/IndelSIEVE_benchmark_pipeline_sa_203/benchmark_results/simulated_data/results/data_type/no_cnv/0002/true_evo_events_sites_names	/raid/kang/DelSIEVE/simulation_results/IndelSIEVE_benchmark_pipeline_sa_203/benchmark_results/indelsieve/from_candidate/variant_calling/stage2/mt/no_cnv/smc_mu_sa_stage_1-smc_mu_sa_stage_2/0002/indelsieve_median.loci_info	/raid/kang/DelSIEVE/simulation_results/IndelSIEVE_benchmark_pipeline_sa_203/benchmark_results/simulated_data/results/data_type/no_cnv/0002/true_evo_events_genotypes_numeric	/raid/kang/DelSIEVE/simulation_results/IndelSIEVE_benchmark_pipeline_sa_203/benchmark_results/indelsieve/from_candidate/variant_calling/stage2/mt/no_cnv/smc_mu_sa_stage_1-smc_mu_sa_stage_2/0002/indelsieve_median.genotypes	/raid/kang/DelSIEVE/simulation_results/IndelSIEVE_benchmark_pipeline_sa_203/benchmark_results/simulated_data/results/data_type/no_cnv/0002/true_evo_events_ternary_matrix.simple	/raid/kang/DelSIEVE/simulation_results/IndelSIEVE_benchmark_pipeline_sa_203/benchmark_results/indelsieve/from_candidate/variant_calling/stage2/mt/no_cnv/smc_mu_sa_stage_1-smc_mu_sa_stage_2/0002/indelsieve_median.ternary	/raid/kang/DelSIEVE/simulation_results/IndelSIEVE_benchmark_pipeline_sa_203/benchmark_results/indelsieve/from_candidate/variant_calling/stage2/mt/no_cnv/smc_mu_sa_stage_1-smc_mu_sa_stage_2/0002/indelsieve_median.probs	6374	197	5969	780	0.8909700866648029	0.97001978389895	0.928816029143898	0.0319493999351281	6326	245	6442	300	0.9547238152731664	0.962714959671283	0.9587027354701826	0.0366382533273515	5005	634	7367	307	0.9422063253012049	0.8875687178577762	0.9140717742671904	0.0792400949881264	788	144	12078	303	0.7222731439046746	0.8454935622317596	0.7790410281759762	0.0117820324005891	1091	197	2	301	0	0	10537	543	0.0	NA	0.0	NA	0	0	11075	5	0.0	NA	0.0	NA	0	0	10857	223	0.0	NA	0.0	NA	0	0	10765	315	0.0	NA	0.0	NA	267	48	88	133	0	0	11080	0	NA	NA	0.0	NA
40	5	20	0.001999	0.3	3e-05	3e-06	0.0	0002	indelsieve	candidate_snvs	smc_mudel_sa_stage_1-smc_mudel_sa_stage_2	mt	no_cnv	/raid/kang/DelSIEVE/simulation_results/IndelSIEVE_benchmark_pipeline_sa_203/benchmark_results/simulated_data/results/cell_names	/raid/kang/DelSIEVE/simulation_results/IndelSIEVE_benchmark_pipeline_sa_203/benchmark_results/indelsieve/from_candidate/variant_calling/stage2/mt/no_cnv/smc_mudel_sa_stage_1-smc_mudel_sa_stage_2/0002/indelsieve_median.cell_names	/raid/kang/DelSIEVE/simulation_results/IndelSIEVE_benchmark_pipeline_sa_203/benchmark_results/simulated_data/results/data_type/no_cnv/0002/true_evo_events_sites_names	/raid/kang/DelSIEVE/simulation_results/IndelSIEVE_benchmark_pipeline_sa_203/benchmark_results/indelsieve/from_candidate/variant_calling/stage2/mt/no_cnv/smc_mudel_sa_stage_1-smc_mudel_sa_stage_2/0002/indelsieve_median.loci_info	/raid/kang/DelSIEVE/simulation_results/IndelSIEVE_benchmark_pipeline_sa_203/benchmark_results/simulated_data/results/data_type/no_cnv/0002/true_evo_events_genotypes_numeric	/raid/kang/DelSIEVE/simulation_results/IndelSIEVE_benchmark_pipeline_sa_203/benchmark_results/indelsieve/from_candidate/variant_calling/stage2/mt/no_cnv/smc_mudel_sa_stage_1-smc_mudel_sa_stage_2/0002/indelsieve_median.genotypes	/raid/kang/DelSIEVE/simulation_results/IndelSIEVE_benchmark_pipeline_sa_203/benchmark_results/simulated_data/results/data_type/no_cnv/0002/true_evo_events_ternary_matrix.simple	/raid/kang/DelSIEVE/simulation_results/IndelSIEVE_benchmark_pipeline_sa_203/benchmark_results/indelsieve/from_candidate/variant_calling/stage2/mt/no_cnv/smc_mudel_sa_stage_1-smc_mudel_sa_stage_2/0002/indelsieve_median.ternary	/raid/kang/DelSIEVE/simulation_results/IndelSIEVE_benchmark_pipeline_sa_203/benchmark_results/indelsieve/from_candidate/variant_calling/stage2/mt/no_cnv/smc_mudel_sa_stage_1-smc_mudel_sa_stage_2/0002/indelsieve_median.probs	6449	199	5967	705	0.9014537321778028	0.9700661853188928	0.9345022460512968	0.0322737593253324	6325	239	6448	301	0.9545728946574102	0.9635892748324192	0.9590598938589842	0.0357409899805592	5003	593	7398	319	0.9400601277715144	0.8940314510364546	0.9164682176222751	0.0742084845451132	782	14	12218	299	0.723404255319149	0.9824120603015076	0.8332445391582312	0.001144538914323	1081	197	2	297	241	15	10522	302	0.4438305709023941	0.94140625	0.001423555091582	0.6032540675844806	0	0	11075	5	0.0	NA	0.0	NA	158	14	10843	65	0.7085201793721974	0.9186046511627908	0.0012894906511927	0.7999999999999999	78	6	10759	237	0.2476190476190476	0.9285714285714286	0.0005573618207152	0.3909774436090226	195	41	58	5	0	0	11080	0	NA	NA	0.0	NA
40	5	20	0.001999	0.3	3e-05	3e-06	0.0	0003	sieve	candidate_snvs	smc_mu_sa_stage_1-smc_mu_sa_stage_2	mt	no_cnv	/raid/kang/DelSIEVE/simulation_results/IndelSIEVE_benchmark_pipeline_sa_203/benchmark_results/simulated_data/results/cell_names	/raid/kang/DelSIEVE/simulation_results/IndelSIEVE_benchmark_pipeline_sa_203/benchmark_results/indelsieve/from_candidate/variant_calling/stage2/mt/no_cnv/smc_mu_sa_stage_1-smc_mu_sa_stage_2/0003/indelsieve_median.cell_names	/raid/kang/DelSIEVE/simulation_results/IndelSIEVE_benchmark_pipeline_sa_203/benchmark_results/simulated_data/results/data_type/no_cnv/0003/true_evo_events_sites_names	/raid/kang/DelSIEVE/simulation_results/IndelSIEVE_benchmark_pipeline_sa_203/benchmark_results/indelsieve/from_candidate/variant_calling/stage2/mt/no_cnv/smc_mu_sa_stage_1-smc_mu_sa_stage_2/0003/indelsieve_median.loci_info	/raid/kang/DelSIEVE/simulation_results/IndelSIEVE_benchmark_pipeline_sa_203/benchmark_results/simulated_data/results/data_type/no_cnv/0003/true_evo_events_genotypes_numeric	/raid/kang/DelSIEVE/simulation_results/IndelSIEVE_benchmark_pipeline_sa_203/benchmark_results/indelsieve/from_candidate/variant_calling/stage2/mt/no_cnv/smc_mu_sa_stage_1-smc_mu_sa_stage_2/0003/indelsieve_median.genotypes	/raid/kang/DelSIEVE/simulation_results/IndelSIEVE_benchmark_pipeline_sa_203/benchmark_results/simulated_data/results/data_type/no_cnv/0003/true_evo_events_ternary_matrix.simple	/raid/kang/DelSIEVE/simulation_results/IndelSIEVE_benchmark_pipeline_sa_203/benchmark_results/indelsieve/from_candidate/variant_calling/stage2/mt/no_cnv/smc_mu_sa_stage_1-smc_mu_sa_stage_2/0003/indelsieve_median.ternary	/raid/kang/DelSIEVE/simulation_results/IndelSIEVE_benchmark_pipeline_sa_203/benchmark_results/indelsieve/from_candidate/variant_calling/stage2/mt/no_cnv/smc_mu_sa_stage_1-smc_mu_sa_stage_2/0003/indelsieve_median.probs	11389	345	14682	2264	0.8341756390536879	0.9705982614624168	0.8972308661913578	0.022958674386105	11333	401	16116	776	0.9359154348005616	0.9658258053519686	0.9506354066182948	0.0242780165889689	9883	983	16987	773	0.9274587087087088	0.909534327259341	0.9184090697890532	0.0547022815804118	722	146	27302	456	0.6129032258064516	0.8317972350230415	0.7057673509286412	0.0053191489361702	1178	345	9	447	0	0	20954	846	0.0	NA	0.0	NA	0	0	21778	22	0.0	NA	0.0	NA	0	0	21525	275	0.0	NA	0.0	NA	0	0	21251	549	0.0	NA	0.0	NA	494	55	135	133	0	0	21800	0	NA	NA	0.0	NA
40	5	20	0.001999	0.3	3e-05	3e-06	0.0	0003	indelsieve	candidate_snvs	smc_mudel_sa_stage_1-smc_mudel_sa_stage_2	mt	no_cnv	/raid/kang/DelSIEVE/simulation_results/IndelSIEVE_benchmark_pipeline_sa_203/benchmark_results/simulated_data/results/cell_names	/raid/kang/DelSIEVE/simulation_results/IndelSIEVE_benchmark_pipeline_sa_203/benchmark_results/indelsieve/from_candidate/variant_calling/stage2/mt/no_cnv/smc_mudel_sa_stage_1-smc_mudel_sa_stage_2/0003/indelsieve_median.cell_names	/raid/kang/DelSIEVE/simulation_results/IndelSIEVE_benchmark_pipeline_sa_203/benchmark_results/simulated_data/results/data_type/no_cnv/0003/true_evo_events_sites_names	/raid/kang/DelSIEVE/simulation_results/IndelSIEVE_benchmark_pipeline_sa_203/benchmark_results/indelsieve/from_candidate/variant_calling/stage2/mt/no_cnv/smc_mudel_sa_stage_1-smc_mudel_sa_stage_2/0003/indelsieve_median.loci_info	/raid/kang/DelSIEVE/simulation_results/IndelSIEVE_benchmark_pipeline_sa_203/benchmark_results/simulated_data/results/data_type/no_cnv/0003/true_evo_events_genotypes_numeric	/raid/kang/DelSIEVE/simulation_results/IndelSIEVE_benchmark_pipeline_sa_203/benchmark_results/indelsieve/from_candidate/variant_calling/stage2/mt/no_cnv/smc_mudel_sa_stage_1-smc_mudel_sa_stage_2/0003/indelsieve_median.genotypes	/raid/kang/DelSIEVE/simulation_results/IndelSIEVE_benchmark_pipeline_sa_203/benchmark_results/simulated_data/results/data_type/no_cnv/0003/true_evo_events_ternary_matrix.simple	/raid/kang/DelSIEVE/simulation_results/IndelSIEVE_benchmark_pipeline_sa_203/benchmark_results/indelsieve/from_candidate/variant_calling/stage2/mt/no_cnv/smc_mudel_sa_stage_1-smc_mudel_sa_stage_2/0003/indelsieve_median.ternary	/raid/kang/DelSIEVE/simulation_results/IndelSIEVE_benchmark_pipeline_sa_203/benchmark_results/indelsieve/from_candidate/variant_calling/stage2/mt/no_cnv/smc_mudel_sa_stage_1-smc_mudel_sa_stage_2/0003/indelsieve_median.probs	11613	366	14661	2040	0.8505822896066798	0.9694465314300024	0.906132958801498	0.0243561589139548	11330	410	16107	779	0.9356676851928318	0.965076660988075	0.9501446601534655	0.0248229097293697	9880	952	17018	776	0.9271771771771772	0.912112259970458	0.9195830230826508	0.052977184195882	722	25	27423	456	0.6129032258064516	0.9665327978580992	0.7501298701298703	0.0009108131740017	1178	356	9	447	390	10	20944	456	0.4609929078014184	0.975	0.000477235849957	0.6260032102728732	0	0	21778	22	0.0	NA	0.0	NA	159	2	21523	116	0.5781818181818181	0.9875776397515528	9.291521486643438e-05	0.7293577981651376	205	34	21217	344	0.3734061930783242	0.8577405857740585	0.0015999247094254	0.5203045685279187	291	51	97	12	0	0	21800	0	NA	NA	0.0	NA
40	5	20	0.001999	0.3	3e-05	3e-06	0.0	0004	sieve	candidate_snvs	smc_mu_sa_stage_1-smc_mu_sa_stage_2	mt	no_cnv	/raid/kang/DelSIEVE/simulation_results/IndelSIEVE_benchmark_pipeline_sa_203/benchmark_results/simulated_data/results/cell_names	/raid/kang/DelSIEVE/simulation_results/IndelSIEVE_benchmark_pipeline_sa_203/benchmark_results/indelsieve/from_candidate/variant_calling/stage2/mt/no_cnv/smc_mu_sa_stage_1-smc_mu_sa_stage_2/0004/indelsieve_median.cell_names	/raid/kang/DelSIEVE/simulation_results/IndelSIEVE_benchmark_pipeline_sa_203/benchmark_results/simulated_data/results/data_type/no_cnv/0004/true_evo_events_sites_names	/raid/kang/DelSIEVE/simulation_results/IndelSIEVE_benchmark_pipeline_sa_203/benchmark_results/indelsieve/from_candidate/variant_calling/stage2/mt/no_cnv/smc_mu_sa_stage_1-smc_mu_sa_stage_2/0004/indelsieve_median.loci_info	/raid/kang/DelSIEVE/simulation_results/IndelSIEVE_benchmark_pipeline_sa_203/benchmark_results/simulated_data/results/data_type/no_cnv/0004/true_evo_events_genotypes_numeric	/raid/kang/DelSIEVE/simulation_results/IndelSIEVE_benchmark_pipeline_sa_203/benchmark_results/indelsieve/from_candidate/variant_calling/stage2/mt/no_cnv/smc_mu_sa_stage_1-smc_mu_sa_stage_2/0004/indelsieve_median.genotypes	/raid/kang/DelSIEVE/simulation_results/IndelSIEVE_benchmark_pipeline_sa_203/benchmark_results/simulated_data/results/data_type/no_cnv/0004/true_evo_events_ternary_matrix.simple	/raid/kang/DelSIEVE/simulation_results/IndelSIEVE_benchmark_pipeline_sa_203/benchmark_results/indelsieve/from_candidate/variant_calling/stage2/mt/no_cnv/smc_mu_sa_stage_1-smc_mu_sa_stage_2/0004/indelsieve_median.ternary	/raid/kang/DelSIEVE/simulation_results/IndelSIEVE_benchmark_pipeline_sa_203/benchmark_results/indelsieve/from_candidate/variant_calling/stage2/mt/no_cnv/smc_mu_sa_stage_1-smc_mu_sa_stage_2/0004/indelsieve_median.probs	10342	438	16073	1667	0.8611874427512699	0.959369202226345	0.9076308745447365	0.0265277693658772	10309	471	16962	769	0.9305831377504964	0.9563079777365492	0.9432701985543052	0.0270177250043021	8805	957	17994	755	0.9210251046025104	0.9019668100799016	0.9113963357830452	0.0504986544245686	869	149	27116	377	0.6974317817014446	0.8536345776031434	0.7676678445229683	0.0054648817164863	1246	438	25	352	0	0	20802	878	0.0	NA	0.0	NA	0	0	21680	0	NA	NA	0.0	NA	0	0	21408	272	0.0	NA	0.0	NA	0	0	21074	606	0.0	NA	0.0	NA	573	33	134	126	0	0	21680	0	NA	NA	0.0	NA
40	5	20	0.001999	0.3	3e-05	3e-06	0.0	0004	indelsieve	candidate_snvs	smc_mudel_sa_stage_1-smc_mudel_sa_stage_2	mt	no_cnv	/raid/kang/DelSIEVE/simulation_results/IndelSIEVE_benchmark_pipeline_sa_203/benchmark_results/simulated_data/results/cell_names	/raid/kang/DelSIEVE/simulation_results/IndelSIEVE_benchmark_pipeline_sa_203/benchmark_results/indelsieve/from_candidate/variant_calling/stage2/mt/no_cnv/smc_mudel_sa_stage_1-smc_mudel_sa_stage_2/0004/indelsieve_median.cell_names	/raid/kang/DelSIEVE/simulation_results/IndelSIEVE_benchmark_pipeline_sa_203/benchmark_results/simulated_data/results/data_type/no_cnv/0004/true_evo_events_sites_names	/raid/kang/DelSIEVE/simulation_results/IndelSIEVE_benchmark_pipeline_sa_203/benchmark_results/indelsieve/from_candidate/variant_calling/stage2/mt/no_cnv/smc_mudel_sa_stage_1-smc_mudel_sa_stage_2/0004/indelsieve_median.loci_info	/raid/kang/DelSIEVE/simulation_results/IndelSIEVE_benchmark_pipeline_sa_203/benchmark_results/simulated_data/results/data_type/no_cnv/0004/true_evo_events_genotypes_numeric	/raid/kang/DelSIEVE/simulation_results/IndelSIEVE_benchmark_pipeline_sa_203/benchmark_results/indelsieve/from_candidate/variant_calling/stage2/mt/no_cnv/smc_mudel_sa_stage_1-smc_mudel_sa_stage_2/0004/indelsieve_median.genotypes	/raid/kang/DelSIEVE/simulation_results/IndelSIEVE_benchmark_pipeline_sa_203/benchmark_results/simulated_data/results/data_type/no_cnv/0004/true_evo_events_ternary_matrix.simple	/raid/kang/DelSIEVE/simulation_results/IndelSIEVE_benchmark_pipeline_sa_203/benchmark_results/indelsieve/from_candidate/variant_calling/stage2/mt/no_cnv/smc_mudel_sa_stage_1-smc_mudel_sa_stage_2/0004/indelsieve_median.ternary	/raid/kang/DelSIEVE/simulation_results/IndelSIEVE_benchmark_pipeline_sa_203/benchmark_results/indelsieve/from_candidate/variant_calling/stage2/mt/no_cnv/smc_mudel_sa_stage_1-smc_mudel_sa_stage_2/0004/indelsieve_median.probs	10445	428	16083	1564	0.8697643434091098	0.9606364388853122	0.912944672668473	0.0259221125310399	10307	455	16978	771	0.9304025997472468	0.95772161308307	0.9438644688644688	0.0260999254287844	8805	880	18071	755	0.9210251046025104	0.909137842023748	0.9150428682774746	0.0464355442984539	868	95	27170	378	0.6966292134831461	0.90134994807892	0.7858759619737439	0.0034843205574912	1246	428	25	353	225	0	20802	653	0.2562642369020501	1.0	0.0	0.4079782411604714	0	0	21680	0	NA	NA	0.0	NA	114	0	21408	158	0.4191176470588235	1.0	0.0	0.5906735751295337	110	1	21073	496	0.1815181518151815	0.990990990990991	4.745183638606814e-05	0.3068340306834031	469	27	72	73	0	0	21680	0	NA	NA	0.0	NA
40	5	20	0.001999	0.3	3e-05	3e-06	0.0	0005	sieve	candidate_snvs	smc_mu_sa_stage_1-smc_mu_sa_stage_2	mt	no_cnv	/raid/kang/DelSIEVE/simulation_results/IndelSIEVE_benchmark_pipeline_sa_203/benchmark_results/simulated_data/results/cell_names	/raid/kang/DelSIEVE/simulation_results/IndelSIEVE_benchmark_pipeline_sa_203/benchmark_results/indelsieve/from_candidate/variant_calling/stage2/mt/no_cnv/smc_mu_sa_stage_1-smc_mu_sa_stage_2/0005/indelsieve_median.cell_names	/raid/kang/DelSIEVE/simulation_results/IndelSIEVE_benchmark_pipeline_sa_203/benchmark_results/simulated_data/results/data_type/no_cnv/0005/true_evo_events_sites_names	/raid/kang/DelSIEVE/simulation_results/IndelSIEVE_benchmark_pipeline_sa_203/benchmark_results/indelsieve/from_candidate/variant_calling/stage2/mt/no_cnv/smc_mu_sa_stage_1-smc_mu_sa_stage_2/0005/indelsieve_median.loci_info	/raid/kang/DelSIEVE/simulation_results/IndelSIEVE_benchmark_pipeline_sa_203/benchmark_results/simulated_data/results/data_type/no_cnv/0005/true_evo_events_genotypes_numeric	/raid/kang/DelSIEVE/simulation_results/IndelSIEVE_benchmark_pipeline_sa_203/benchmark_results/indelsieve/from_candidate/variant_calling/stage2/mt/no_cnv/smc_mu_sa_stage_1-smc_mu_sa_stage_2/0005/indelsieve_median.genotypes	/raid/kang/DelSIEVE/simulation_results/IndelSIEVE_benchmark_pipeline_sa_203/benchmark_results/simulated_data/results/data_type/no_cnv/0005/true_evo_events_ternary_matrix.simple	/raid/kang/DelSIEVE/simulation_results/IndelSIEVE_benchmark_pipeline_sa_203/benchmark_results/indelsieve/from_candidate/variant_calling/stage2/mt/no_cnv/smc_mu_sa_stage_1-smc_mu_sa_stage_2/0005/indelsieve_median.ternary	/raid/kang/DelSIEVE/simulation_results/IndelSIEVE_benchmark_pipeline_sa_203/benchmark_results/indelsieve/from_candidate/variant_calling/stage2/mt/no_cnv/smc_mu_sa_stage_1-smc_mu_sa_stage_2/0005/indelsieve_median.probs	6894	402	19436	1748	0.7977320064799814	0.9449013157894736	0.8651022713012924	0.0202641395301945	6843	453	20323	848	0.8897412560135223	0.9379111842105264	0.9131914325748982	0.0218040046207162	6244	713	20671	839	0.8815473669349145	0.8975132959609027	0.8894586894586893	0.0333426861204639	307	32	27922	206	0.5984405458089669	0.9056047197640118	0.7206572769953052	0.0011447377835014	513	401	11	195	0	0	19690	550	0.0	NA	0.0	NA	0	0	20240	0	NA	NA	0.0	NA	0	0	20145	95	0.0	NA	0.0	NA	0	0	19785	455	0.0	NA	0.0	NA	404	51	66	25	0	0	20240	0	NA	NA	0.0	NA
40	5	20	0.001999	0.3	3e-05	3e-06	0.0	0005	indelsieve	candidate_snvs	smc_mudel_sa_stage_1-smc_mudel_sa_stage_2	mt	no_cnv	/raid/kang/DelSIEVE/simulation_results/IndelSIEVE_benchmark_pipeline_sa_203/benchmark_results/simulated_data/results/cell_names	/raid/kang/DelSIEVE/simulation_results/IndelSIEVE_benchmark_pipeline_sa_203/benchmark_results/indelsieve/from_candidate/variant_calling/stage2/mt/no_cnv/smc_mudel_sa_stage_1-smc_mudel_sa_stage_2/0005/indelsieve_median.cell_names	/raid/kang/DelSIEVE/simulation_results/IndelSIEVE_benchmark_pipeline_sa_203/benchmark_results/simulated_data/results/data_type/no_cnv/0005/true_evo_events_sites_names	/raid/kang/DelSIEVE/simulation_results/IndelSIEVE_benchmark_pipeline_sa_203/benchmark_results/indelsieve/from_candidate/variant_calling/stage2/mt/no_cnv/smc_mudel_sa_stage_1-smc_mudel_sa_stage_2/0005/indelsieve_median.loci_info	/raid/kang/DelSIEVE/simulation_results/IndelSIEVE_benchmark_pipeline_sa_203/benchmark_results/simulated_data/results/data_type/no_cnv/0005/true_evo_events_genotypes_numeric	/raid/kang/DelSIEVE/simulation_results/IndelSIEVE_benchmark_pipeline_sa_203/benchmark_results/indelsieve/from_candidate/variant_calling/stage2/mt/no_cnv/smc_mudel_sa_stage_1-smc_mudel_sa_stage_2/0005/indelsieve_median.genotypes	/raid/kang/DelSIEVE/simulation_results/IndelSIEVE_benchmark_pipeline_sa_203/benchmark_results/simulated_data/results/data_type/no_cnv/0005/true_evo_events_ternary_matrix.simple	/raid/kang/DelSIEVE/simulation_results/IndelSIEVE_benchmark_pipeline_sa_203/benchmark_results/indelsieve/from_candidate/variant_calling/stage2/mt/no_cnv/smc_mudel_sa_stage_1-smc_mudel_sa_stage_2/0005/indelsieve_median.ternary	/raid/kang/DelSIEVE/simulation_results/IndelSIEVE_benchmark_pipeline_sa_203/benchmark_results/indelsieve/from_candidate/variant_calling/stage2/mt/no_cnv/smc_mudel_sa_stage_1-smc_mudel_sa_stage_2/0005/indelsieve_median.probs	6894	412	19426	1748	0.7977320064799814	0.9436079934300576	0.8645598194130926	0.0207682226030849	6851	455	20321	840	0.8907814328435834	0.9377224199288255	0.9136493965459758	0.0219002695417789	6252	715	20669	831	0.8826768318509106	0.8973733314195493	0.8899644128113879	0.0334362139917695	307	32	27922	206	0.5984405458089669	0.9056047197640118	0.7206572769953052	0.0011447377835014	513	411	11	195	0	0	19690	550	0.0	NA	0.0	NA	0	0	20240	0	NA	NA	0.0	NA	0	0	20145	95	0.0	NA	0.0	NA	0	0	19785	455	0.0	NA	0.0	NA	412	43	66	25	0	0	20240	0	NA	NA	0.0	NA
40	5	20	0.001999	0.3	3e-05	3e-06	0.0	0006	sieve	candidate_snvs	smc_mu_sa_stage_1-smc_mu_sa_stage_2	mt	no_cnv	/raid/kang/DelSIEVE/simulation_results/IndelSIEVE_benchmark_pipeline_sa_203/benchmark_results/simulated_data/results/cell_names	/raid/kang/DelSIEVE/simulation_results/IndelSIEVE_benchmark_pipeline_sa_203/benchmark_results/indelsieve/from_candidate/variant_calling/stage2/mt/no_cnv/smc_mu_sa_stage_1-smc_mu_sa_stage_2/0006/indelsieve_median.cell_names	/raid/kang/DelSIEVE/simulation_results/IndelSIEVE_benchmark_pipeline_sa_203/benchmark_results/simulated_data/results/data_type/no_cnv/0006/true_evo_events_sites_names	/raid/kang/DelSIEVE/simulation_results/IndelSIEVE_benchmark_pipeline_sa_203/benchmark_results/indelsieve/from_candidate/variant_calling/stage2/mt/no_cnv/smc_mu_sa_stage_1-smc_mu_sa_stage_2/0006/indelsieve_median.loci_info	/raid/kang/DelSIEVE/simulation_results/IndelSIEVE_benchmark_pipeline_sa_203/benchmark_results/simulated_data/results/data_type/no_cnv/0006/true_evo_events_genotypes_numeric	/raid/kang/DelSIEVE/simulation_results/IndelSIEVE_benchmark_pipeline_sa_203/benchmark_results/indelsieve/from_candidate/variant_calling/stage2/mt/no_cnv/smc_mu_sa_stage_1-smc_mu_sa_stage_2/0006/indelsieve_median.genotypes	/raid/kang/DelSIEVE/simulation_results/IndelSIEVE_benchmark_pipeline_sa_203/benchmark_results/simulated_data/results/data_type/no_cnv/0006/true_evo_events_ternary_matrix.simple	/raid/kang/DelSIEVE/simulation_results/IndelSIEVE_benchmark_pipeline_sa_203/benchmark_results/indelsieve/from_candidate/variant_calling/stage2/mt/no_cnv/smc_mu_sa_stage_1-smc_mu_sa_stage_2/0006/indelsieve_median.ternary	/raid/kang/DelSIEVE/simulation_results/IndelSIEVE_benchmark_pipeline_sa_203/benchmark_results/indelsieve/from_candidate/variant_calling/stage2/mt/no_cnv/smc_mu_sa_stage_1-smc_mu_sa_stage_2/0006/indelsieve_median.probs	9017	396	17325	1782	0.8349847208074822	0.9579305216190376	0.8922422323372254	0.0223463687150838	8964	449	18323	773	0.9206120981821916	0.9523000106236056	0.9361879895561358	0.0239186021734498	7834	844	19063	768	0.9107184375726576	0.902742567411846	0.906712962962963	0.0423971467323052	597	138	27445	329	0.6447084233261339	0.8122448979591836	0.7188440698374473	0.0050030816082369	926	396	11	318	0	0	20222	898	0.0	NA	0.0	NA	0	0	21118	2	0.0	NA	0.0	NA	0	0	20911	209	0.0	NA	0.0	NA	0	0	20433	687	0.0	NA	0.0	NA	636	51	79	123	0	0	21120	0	NA	NA	0.0	NA
40	5	20	0.001999	0.3	3e-05	3e-06	0.0	0006	indelsieve	candidate_snvs	smc_mudel_sa_stage_1-smc_mudel_sa_stage_2	mt	no_cnv	/raid/kang/DelSIEVE/simulation_results/IndelSIEVE_benchmark_pipeline_sa_203/benchmark_results/simulated_data/results/cell_names	/raid/kang/DelSIEVE/simulation_results/IndelSIEVE_benchmark_pipeline_sa_203/benchmark_results/indelsieve/from_candidate/variant_calling/stage2/mt/no_cnv/smc_mudel_sa_stage_1-smc_mudel_sa_stage_2/0006/indelsieve_median.cell_names	/raid/kang/DelSIEVE/simulation_results/IndelSIEVE_benchmark_pipeline_sa_203/benchmark_results/simulated_data/results/data_type/no_cnv/0006/true_evo_events_sites_names	/raid/kang/DelSIEVE/simulation_results/IndelSIEVE_benchmark_pipeline_sa_203/benchmark_results/indelsieve/from_candidate/variant_calling/stage2/mt/no_cnv/smc_mudel_sa_stage_1-smc_mudel_sa_stage_2/0006/indelsieve_median.loci_info	/raid/kang/DelSIEVE/simulation_results/IndelSIEVE_benchmark_pipeline_sa_203/benchmark_results/simulated_data/results/data_type/no_cnv/0006/true_evo_events_genotypes_numeric	/raid/kang/DelSIEVE/simulation_results/IndelSIEVE_benchmark_pipeline_sa_203/benchmark_results/indelsieve/from_candidate/variant_calling/stage2/mt/no_cnv/smc_mudel_sa_stage_1-smc_mudel_sa_stage_2/0006/indelsieve_median.genotypes	/raid/kang/DelSIEVE/simulation_results/IndelSIEVE_benchmark_pipeline_sa_203/benchmark_results/simulated_data/results/data_type/no_cnv/0006/true_evo_events_ternary_matrix.simple	/raid/kang/DelSIEVE/simulation_results/IndelSIEVE_benchmark_pipeline_sa_203/benchmark_results/indelsieve/from_candidate/variant_calling/stage2/mt/no_cnv/smc_mudel_sa_stage_1-smc_mudel_sa_stage_2/0006/indelsieve_median.ternary	/raid/kang/DelSIEVE/simulation_results/IndelSIEVE_benchmark_pipeline_sa_203/benchmark_results/indelsieve/from_candidate/variant_calling/stage2/mt/no_cnv/smc_mudel_sa_stage_1-smc_mudel_sa_stage_2/0006/indelsieve_median.probs	9232	406	17315	1567	0.854893971664043	0.9578750778169745	0.9034594118510544	0.0229106709553636	8963	443	18329	774	0.9205093971449112	0.952902402721667	0.9364258475683016	0.0235989772000852	7833	827	19080	769	0.9106021855382468	0.9045034642032332	0.9075425790754258	0.041543175767318	590	38	27545	336	0.6371490280777538	0.9394904458598726	0.7593307593307592	0.0013776601529927	926	395	11	325	338	12	20210	560	0.376391982182628	0.9657142857142856	0.0005934131144298	0.5416666666666666	0	0	21118	2	0.0	NA	0.0	NA	115	3	20908	94	0.5502392344497608	0.9745762711864406	0.0001434651618765	0.7033639143730887	216	16	20417	471	0.314410480349345	0.9310344827586208	0.0007830470317623	0.470076169749728	425	45	62	25	0	0	21120	0	NA	NA	0.0	NA
40	5	20	0.001999	0.3	3e-05	3e-06	0.0	0007	sieve	candidate_snvs	smc_mu_sa_stage_1-smc_mu_sa_stage_2	mt	no_cnv	/raid/kang/DelSIEVE/simulation_results/IndelSIEVE_benchmark_pipeline_sa_203/benchmark_results/simulated_data/results/cell_names	/raid/kang/DelSIEVE/simulation_results/IndelSIEVE_benchmark_pipeline_sa_203/benchmark_results/indelsieve/from_candidate/variant_calling/stage2/mt/no_cnv/smc_mu_sa_stage_1-smc_mu_sa_stage_2/0007/indelsieve_median.cell_names	/raid/kang/DelSIEVE/simulation_results/IndelSIEVE_benchmark_pipeline_sa_203/benchmark_results/simulated_data/results/data_type/no_cnv/0007/true_evo_events_sites_names	/raid/kang/DelSIEVE/simulation_results/IndelSIEVE_benchmark_pipeline_sa_203/benchmark_results/indelsieve/from_candidate/variant_calling/stage2/mt/no_cnv/smc_mu_sa_stage_1-smc_mu_sa_stage_2/0007/indelsieve_median.loci_info	/raid/kang/DelSIEVE/simulation_results/IndelSIEVE_benchmark_pipeline_sa_203/benchmark_results/simulated_data/results/data_type/no_cnv/0007/true_evo_events_genotypes_numeric	/raid/kang/DelSIEVE/simulation_results/IndelSIEVE_benchmark_pipeline_sa_203/benchmark_results/indelsieve/from_candidate/variant_calling/stage2/mt/no_cnv/smc_mu_sa_stage_1-smc_mu_sa_stage_2/0007/indelsieve_median.genotypes	/raid/kang/DelSIEVE/simulation_results/IndelSIEVE_benchmark_pipeline_sa_203/benchmark_results/simulated_data/results/data_type/no_cnv/0007/true_evo_events_ternary_matrix.simple	/raid/kang/DelSIEVE/simulation_results/IndelSIEVE_benchmark_pipeline_sa_203/benchmark_results/indelsieve/from_candidate/variant_calling/stage2/mt/no_cnv/smc_mu_sa_stage_1-smc_mu_sa_stage_2/0007/indelsieve_median.ternary	/raid/kang/DelSIEVE/simulation_results/IndelSIEVE_benchmark_pipeline_sa_203/benchmark_results/indelsieve/from_candidate/variant_calling/stage2/mt/no_cnv/smc_mu_sa_stage_1-smc_mu_sa_stage_2/0007/indelsieve_median.probs	7958	191	4974	1237	0.8654703643284394	0.9765615412934102	0.9176660516605166	0.0369796708615682	7871	278	5902	299	0.9634026927784578	0.9658853847097804	0.9646424413260616	0.0449838187702265	5650	800	7591	309	0.9481456620238295	0.875968992248062	0.9106293819002336	0.0953402455011321	1090	609	12256	395	0.734006734006734	0.6415538552089465	0.6846733668341709	0.04733773804897	1485	191	5	390	0	0	10520	1280	0.0	NA	0.0	NA	0	0	11752	48	0.0	NA	0.0	NA	0	0	11074	726	0.0	NA	0.0	NA	0	0	11294	506	0.0	NA	0.0	NA	428	75	144	574	0	0	11800	0	NA	NA	0.0	NA
40	5	20	0.001999	0.3	3e-05	3e-06	0.0	0007	indelsieve	candidate_snvs	smc_mudel_sa_stage_1-smc_mudel_sa_stage_2	mt	no_cnv	/raid/kang/DelSIEVE/simulation_results/IndelSIEVE_benchmark_pipeline_sa_203/benchmark_results/simulated_data/results/cell_names	/raid/kang/DelSIEVE/simulation_results/IndelSIEVE_benchmark_pipeline_sa_203/benchmark_results/indelsieve/from_candidate/variant_calling/stage2/mt/no_cnv/smc_mudel_sa_stage_1-smc_mudel_sa_stage_2/0007/indelsieve_median.cell_names	/raid/kang/DelSIEVE/simulation_results/IndelSIEVE_benchmark_pipeline_sa_203/benchmark_results/simulated_data/results/data_type/no_cnv/0007/true_evo_events_sites_names	/raid/kang/DelSIEVE/simulation_results/IndelSIEVE_benchmark_pipeline_sa_203/benchmark_results/indelsieve/from_candidate/variant_calling/stage2/mt/no_cnv/smc_mudel_sa_stage_1-smc_mudel_sa_stage_2/0007/indelsieve_median.loci_info	/raid/kang/DelSIEVE/simulation_results/IndelSIEVE_benchmark_pipeline_sa_203/benchmark_results/simulated_data/results/data_type/no_cnv/0007/true_evo_events_genotypes_numeric	/raid/kang/DelSIEVE/simulation_results/IndelSIEVE_benchmark_pipeline_sa_203/benchmark_results/indelsieve/from_candidate/variant_calling/stage2/mt/no_cnv/smc_mudel_sa_stage_1-smc_mudel_sa_stage_2/0007/indelsieve_median.genotypes	/raid/kang/DelSIEVE/simulation_results/IndelSIEVE_benchmark_pipeline_sa_203/benchmark_results/simulated_data/results/data_type/no_cnv/0007/true_evo_events_ternary_matrix.simple	/raid/kang/DelSIEVE/simulation_results/IndelSIEVE_benchmark_pipeline_sa_203/benchmark_results/indelsieve/from_candidate/variant_calling/stage2/mt/no_cnv/smc_mudel_sa_stage_1-smc_mudel_sa_stage_2/0007/indelsieve_median.ternary	/raid/kang/DelSIEVE/simulation_results/IndelSIEVE_benchmark_pipeline_sa_203/benchmark_results/indelsieve/from_candidate/variant_calling/stage2/mt/no_cnv/smc_mudel_sa_stage_1-smc_mudel_sa_stage_2/0007/indelsieve_median.probs	8215	238	4927	980	0.8934203371397499	0.971844315627588	0.9309836808703535	0.0460793804453049	7862	229	5951	308	0.9623011015911872	0.971696947225312	0.9669762007256628	0.0370550161812297	5645	698	7691	316	0.9469887602751216	0.8899574333911399	0.9175877763328998	0.0832041959709142	1097	123	12744	386	0.7397167902899529	0.8991803278688525	0.8116907140214576	0.0095593378409885	1483	182	5	381	827	63	10457	453	0.64609375	0.9292134831460674	0.0059885931558935	0.7622119815668204	34	0	11752	14	0.7083333333333334	1.0	0.0	0.8292682926829268	510	18	11056	216	0.7024793388429752	0.9659090909090908	0.001625428932635	0.8133971291866029	255	73	11221	251	0.5039525691699605	0.7774390243902439	0.006463608995927	0.6115107913669064	213	33	102	95	0	0	11800	0	NA	NA	0.0	NA
40	5	20	0.001999	0.3	3e-05	3e-06	0.0	0008	sieve	candidate_snvs	smc_mu_sa_stage_1-smc_mu_sa_stage_2	mt	no_cnv	/raid/kang/DelSIEVE/simulation_results/IndelSIEVE_benchmark_pipeline_sa_203/benchmark_results/simulated_data/results/cell_names	/raid/kang/DelSIEVE/simulation_results/IndelSIEVE_benchmark_pipeline_sa_203/benchmark_results/indelsieve/from_candidate/variant_calling/stage2/mt/no_cnv/smc_mu_sa_stage_1-smc_mu_sa_stage_2/0008/indelsieve_median.cell_names	/raid/kang/DelSIEVE/simulation_results/IndelSIEVE_benchmark_pipeline_sa_203/benchmark_results/simulated_data/results/data_type/no_cnv/0008/true_evo_events_sites_names	/raid/kang/DelSIEVE/simulation_results/IndelSIEVE_benchmark_pipeline_sa_203/benchmark_results/indelsieve/from_candidate/variant_calling/stage2/mt/no_cnv/smc_mu_sa_stage_1-smc_mu_sa_stage_2/0008/indelsieve_median.loci_info	/raid/kang/DelSIEVE/simulation_results/IndelSIEVE_benchmark_pipeline_sa_203/benchmark_results/simulated_data/results/data_type/no_cnv/0008/true_evo_events_genotypes_numeric	/raid/kang/DelSIEVE/simulation_results/IndelSIEVE_benchmark_pipeline_sa_203/benchmark_results/indelsieve/from_candidate/variant_calling/stage2/mt/no_cnv/smc_mu_sa_stage_1-smc_mu_sa_stage_2/0008/indelsieve_median.genotypes	/raid/kang/DelSIEVE/simulation_results/IndelSIEVE_benchmark_pipeline_sa_203/benchmark_results/simulated_data/results/data_type/no_cnv/0008/true_evo_events_ternary_matrix.simple	/raid/kang/DelSIEVE/simulation_results/IndelSIEVE_benchmark_pipeline_sa_203/benchmark_results/indelsieve/from_candidate/variant_calling/stage2/mt/no_cnv/smc_mu_sa_stage_1-smc_mu_sa_stage_2/0008/indelsieve_median.ternary	/raid/kang/DelSIEVE/simulation_results/IndelSIEVE_benchmark_pipeline_sa_203/benchmark_results/indelsieve/from_candidate/variant_calling/stage2/mt/no_cnv/smc_mu_sa_stage_1-smc_mu_sa_stage_2/0008/indelsieve_median.probs	12467	395	13813	1805	0.8735285874439462	0.9692893795677188	0.918920911034127	0.0278012387387387	12311	551	15042	547	0.957458391662778	0.9571606282071218	0.9573094867807156	0.0353363688834733	9927	1145	16838	541	0.9483186855177684	0.8965859826589595	0.9217270194986074	0.0636712450647834	1488	302	26233	428	0.7766179540709812	0.8312849162011173	0.8030221262817053	0.0113811946485773	1916	395	15	413	0	0	21915	1325	0.0	NA	0.0	NA	0	0	23235	5	0.0	NA	0.0	NA	0	0	22766	474	0.0	NA	0.0	NA	0	0	22394	846	0.0	NA	0.0	NA	690	156	181	285	0	0	23240	0	NA	NA	0.0	NA
40	5	20	0.001999	0.3	3e-05	3e-06	0.0	0008	indelsieve	candidate_snvs	smc_mudel_sa_stage_1-smc_mudel_sa_stage_2	mt	no_cnv	/raid/kang/DelSIEVE/simulation_results/IndelSIEVE_benchmark_pipeline_sa_203/benchmark_results/simulated_data/results/cell_names	/raid/kang/DelSIEVE/simulation_results/IndelSIEVE_benchmark_pipeline_sa_203/benchmark_results/indelsieve/from_candidate/variant_calling/stage2/mt/no_cnv/smc_mudel_sa_stage_1-smc_mudel_sa_stage_2/0008/indelsieve_median.cell_names	/raid/kang/DelSIEVE/simulation_results/IndelSIEVE_benchmark_pipeline_sa_203/benchmark_results/simulated_data/results/data_type/no_cnv/0008/true_evo_events_sites_names	/raid/kang/DelSIEVE/simulation_results/IndelSIEVE_benchmark_pipeline_sa_203/benchmark_results/indelsieve/from_candidate/variant_calling/stage2/mt/no_cnv/smc_mudel_sa_stage_1-smc_mudel_sa_stage_2/0008/indelsieve_median.loci_info	/raid/kang/DelSIEVE/simulation_results/IndelSIEVE_benchmark_pipeline_sa_203/benchmark_results/simulated_data/results/data_type/no_cnv/0008/true_evo_events_genotypes_numeric	/raid/kang/DelSIEVE/simulation_results/IndelSIEVE_benchmark_pipeline_sa_203/benchmark_results/indelsieve/from_candidate/variant_calling/stage2/mt/no_cnv/smc_mudel_sa_stage_1-smc_mudel_sa_stage_2/0008/indelsieve_median.genotypes	/raid/kang/DelSIEVE/simulation_results/IndelSIEVE_benchmark_pipeline_sa_203/benchmark_results/simulated_data/results/data_type/no_cnv/0008/true_evo_events_ternary_matrix.simple	/raid/kang/DelSIEVE/simulation_results/IndelSIEVE_benchmark_pipeline_sa_203/benchmark_results/indelsieve/from_candidate/variant_calling/stage2/mt/no_cnv/smc_mudel_sa_stage_1-smc_mudel_sa_stage_2/0008/indelsieve_median.ternary	/raid/kang/DelSIEVE/simulation_results/IndelSIEVE_benchmark_pipeline_sa_203/benchmark_results/indelsieve/from_candidate/variant_calling/stage2/mt/no_cnv/smc_mudel_sa_stage_1-smc_mudel_sa_stage_2/0008/indelsieve_median.probs	12537	402	13806	1735	0.8784332959641256	0.968931138418734	0.9214655837712687	0.0282939189189189	12309	511	15082	549	0.9573028464769016	0.9601404056162246	0.9587195264428694	0.0327711152440197	9920	1051	16916	564	0.9462037390309044	0.904201987056786	0.924726171055698	0.0584961317971837	1472	153	26398	428	0.7747368421052632	0.905846153846154	0.835177304964539	0.0057624948212873	1900	386	15	413	306	37	21878	1019	0.2309433962264151	0.892128279883382	0.0016883413187314	0.3669064748201439	0	0	23235	5	0.0	NA	0.0	NA	199	25	22741	275	0.4198312236286919	0.8883928571428571	0.0010981287885443	0.5702005730659025	103	16	22378	743	0.1217494089834515	0.865546218487395	0.0007144770920782	0.2134715025906735	618	121	131	136	0	0	23240	0	NA	NA	0.0	NA
40	5	20	0.001999	0.3	3e-05	3e-06	0.0	0009	sieve	candidate_snvs	smc_mu_sa_stage_1-smc_mu_sa_stage_2	mt	no_cnv	/raid/kang/DelSIEVE/simulation_results/IndelSIEVE_benchmark_pipeline_sa_203/benchmark_results/simulated_data/results/cell_names	/raid/kang/DelSIEVE/simulation_results/IndelSIEVE_benchmark_pipeline_sa_203/benchmark_results/indelsieve/from_candidate/variant_calling/stage2/mt/no_cnv/smc_mu_sa_stage_1-smc_mu_sa_stage_2/0009/indelsieve_median.cell_names	/raid/kang/DelSIEVE/simulation_results/IndelSIEVE_benchmark_pipeline_sa_203/benchmark_results/simulated_data/results/data_type/no_cnv/0009/true_evo_events_sites_names	/raid/kang/DelSIEVE/simulation_results/IndelSIEVE_benchmark_pipeline_sa_203/benchmark_results/indelsieve/from_candidate/variant_calling/stage2/mt/no_cnv/smc_mu_sa_stage_1-smc_mu_sa_stage_2/0009/indelsieve_median.loci_info	/raid/kang/DelSIEVE/simulation_results/IndelSIEVE_benchmark_pipeline_sa_203/benchmark_results/simulated_data/results/data_type/no_cnv/0009/true_evo_events_genotypes_numeric	/raid/kang/DelSIEVE/simulation_results/IndelSIEVE_benchmark_pipeline_sa_203/benchmark_results/indelsieve/from_candidate/variant_calling/stage2/mt/no_cnv/smc_mu_sa_stage_1-smc_mu_sa_stage_2/0009/indelsieve_median.genotypes	/raid/kang/DelSIEVE/simulation_results/IndelSIEVE_benchmark_pipeline_sa_203/benchmark_results/simulated_data/results/data_type/no_cnv/0009/true_evo_events_ternary_matrix.simple	/raid/kang/DelSIEVE/simulation_results/IndelSIEVE_benchmark_pipeline_sa_203/benchmark_results/indelsieve/from_candidate/variant_calling/stage2/mt/no_cnv/smc_mu_sa_stage_1-smc_mu_sa_stage_2/0009/indelsieve_median.ternary	/raid/kang/DelSIEVE/simulation_results/IndelSIEVE_benchmark_pipeline_sa_203/benchmark_results/indelsieve/from_candidate/variant_calling/stage2/mt/no_cnv/smc_mu_sa_stage_1-smc_mu_sa_stage_2/0009/indelsieve_median.probs	8052	232	5996	1280	0.8628375482211744	0.9719942056977304	0.9141689373297004	0.0372511239563262	7940	344	6932	331	0.9599806553016564	0.9584741670690488	0.959226819691936	0.0472787245739417	5956	745	8507	339	0.9461477362986496	0.8888225637964483	0.9165897199138195	0.080523130134025	1186	397	13654	310	0.7927807486631016	0.7492103600758054	0.7703799935043845	0.0282542167817237	1496	231	10	300	0	0	11542	1058	0.0	NA	0.0	NA	0	0	12560	40	0.0	NA	0.0	NA	0	0	12120	480	0.0	NA	0.0	NA	0	0	12062	538	0.0	NA	0.0	NA	461	77	102	373	0	0	12600	0	NA	NA	0.0	NA
40	5	20	0.001999	0.3	3e-05	3e-06	0.0	0009	indelsieve	candidate_snvs	smc_mudel_sa_stage_1-smc_mudel_sa_stage_2	mt	no_cnv	/raid/kang/DelSIEVE/simulation_results/IndelSIEVE_benchmark_pipeline_sa_203/benchmark_results/simulated_data/results/cell_names	/raid/kang/DelSIEVE/simulation_results/IndelSIEVE_benchmark_pipeline_sa_203/benchmark_results/indelsieve/from_candidate/variant_calling/stage2/mt/no_cnv/smc_mudel_sa_stage_1-smc_mudel_sa_stage_2/0009/indelsieve_median.cell_names	/raid/kang/DelSIEVE/simulation_results/IndelSIEVE_benchmark_pipeline_sa_203/benchmark_results/simulated_data/results/data_type/no_cnv/0009/true_evo_events_sites_names	/raid/kang/DelSIEVE/simulation_results/IndelSIEVE_benchmark_pipeline_sa_203/benchmark_results/indelsieve/from_candidate/variant_calling/stage2/mt/no_cnv/smc_mudel_sa_stage_1-smc_mudel_sa_stage_2/0009/indelsieve_median.loci_info	/raid/kang/DelSIEVE/simulation_results/IndelSIEVE_benchmark_pipeline_sa_203/benchmark_results/simulated_data/results/data_type/no_cnv/0009/true_evo_events_genotypes_numeric	/raid/kang/DelSIEVE/simulation_results/IndelSIEVE_benchmark_pipeline_sa_203/benchmark_results/indelsieve/from_candidate/variant_calling/stage2/mt/no_cnv/smc_mudel_sa_stage_1-smc_mudel_sa_stage_2/0009/indelsieve_median.genotypes	/raid/kang/DelSIEVE/simulation_results/IndelSIEVE_benchmark_pipeline_sa_203/benchmark_results/simulated_data/results/data_type/no_cnv/0009/true_evo_events_ternary_matrix.simple	/raid/kang/DelSIEVE/simulation_results/IndelSIEVE_benchmark_pipeline_sa_203/benchmark_results/indelsieve/from_candidate/variant_calling/stage2/mt/no_cnv/smc_mudel_sa_stage_1-smc_mudel_sa_stage_2/0009/indelsieve_median.ternary	/raid/kang/DelSIEVE/simulation_results/IndelSIEVE_benchmark_pipeline_sa_203/benchmark_results/indelsieve/from_candidate/variant_calling/stage2/mt/no_cnv/smc_mudel_sa_stage_1-smc_mudel_sa_stage_2/0009/indelsieve_median.probs	8208	238	5990	1124	0.8795542220317188	0.9718209803457258	0.9233884576442796	0.0382145150931278	7938	279	6997	333	0.9597388465723612	0.9660460021905805	0.962882096069869	0.038345244639912	5956	653	8569	369	0.9416600790513834	0.9011953396883038	0.9209834544611104	0.0708089351550639	1144	43	14038	322	0.7803547066848567	0.9637742207245156	0.8624199019977383	0.0030537603863361	1466	213	10	312	596	54	11488	462	0.5633270321361059	0.916923076923077	0.004678565239993	0.6978922716627635	35	0	12560	5	0.875	1.0	0.0	0.9333333333333332	389	32	12088	91	0.8104166666666667	0.9239904988123516	0.0026402640264026	0.8634850166481688	165	29	12033	373	0.3066914498141264	0.8505154639175257	0.002404244735533	0.4508196721311476	308	63	65	19	0	0	12600	0	NA	NA	0.0	NA
40	5	20	0.001999	0.3	3e-05	3e-06	0.0	0010	sieve	candidate_snvs	smc_mu_sa_stage_1-smc_mu_sa_stage_2	mt	no_cnv	/raid/kang/DelSIEVE/simulation_results/IndelSIEVE_benchmark_pipeline_sa_203/benchmark_results/simulated_data/results/cell_names	/raid/kang/DelSIEVE/simulation_results/IndelSIEVE_benchmark_pipeline_sa_203/benchmark_results/indelsieve/from_candidate/variant_calling/stage2/mt/no_cnv/smc_mu_sa_stage_1-smc_mu_sa_stage_2/0010/indelsieve_median.cell_names	/raid/kang/DelSIEVE/simulation_results/IndelSIEVE_benchmark_pipeline_sa_203/benchmark_results/simulated_data/results/data_type/no_cnv/0010/true_evo_events_sites_names	/raid/kang/DelSIEVE/simulation_results/IndelSIEVE_benchmark_pipeline_sa_203/benchmark_results/indelsieve/from_candidate/variant_calling/stage2/mt/no_cnv/smc_mu_sa_stage_1-smc_mu_sa_stage_2/0010/indelsieve_median.loci_info	/raid/kang/DelSIEVE/simulation_results/IndelSIEVE_benchmark_pipeline_sa_203/benchmark_results/simulated_data/results/data_type/no_cnv/0010/true_evo_events_genotypes_numeric	/raid/kang/DelSIEVE/simulation_results/IndelSIEVE_benchmark_pipeline_sa_203/benchmark_results/indelsieve/from_candidate/variant_calling/stage2/mt/no_cnv/smc_mu_sa_stage_1-smc_mu_sa_stage_2/0010/indelsieve_median.genotypes	/raid/kang/DelSIEVE/simulation_results/IndelSIEVE_benchmark_pipeline_sa_203/benchmark_results/simulated_data/results/data_type/no_cnv/0010/true_evo_events_ternary_matrix.simple	/raid/kang/DelSIEVE/simulation_results/IndelSIEVE_benchmark_pipeline_sa_203/benchmark_results/indelsieve/from_candidate/variant_calling/stage2/mt/no_cnv/smc_mu_sa_stage_1-smc_mu_sa_stage_2/0010/indelsieve_median.ternary	/raid/kang/DelSIEVE/simulation_results/IndelSIEVE_benchmark_pipeline_sa_203/benchmark_results/indelsieve/from_candidate/variant_calling/stage2/mt/no_cnv/smc_mu_sa_stage_1-smc_mu_sa_stage_2/0010/indelsieve_median.probs	8203	363	9440	1314	0.861931280865819	0.9576231613355124	0.9072609633357296	0.0370294807711924	8138	428	10307	430	0.949813258636788	0.9500350221807145	0.9499241274658572	0.039869585468095	6639	800	11445	419	0.9406347407197506	0.8924586637988977	0.91591363730427	0.0653327888934258	893	234	17891	285	0.7580645161290323	0.7923691215616682	0.7748373101952278	0.0129103448275862	1178	363	14	271	0	0	14909	931	0.0	NA	0.0	NA	0	0	15838	2	0.0	NA	0.0	NA	0	0	15508	332	0.0	NA	0.0	NA	0	0	15243	597	0.0	NA	0.0	NA	534	62	104	222	0	0	15840	0	NA	NA	0.0	NA
40	5	20	0.001999	0.3	3e-05	3e-06	0.0	0010	indelsieve	candidate_snvs	smc_mudel_sa_stage_1-smc_mudel_sa_stage_2	mt	no_cnv	/raid/kang/DelSIEVE/simulation_results/IndelSIEVE_benchmark_pipeline_sa_203/benchmark_results/simulated_data/results/cell_names	/raid/kang/DelSIEVE/simulation_results/IndelSIEVE_benchmark_pipeline_sa_203/benchmark_results/indelsieve/from_candidate/variant_calling/stage2/mt/no_cnv/smc_mudel_sa_stage_1-smc_mudel_sa_stage_2/0010/indelsieve_median.cell_names	/raid/kang/DelSIEVE/simulation_results/IndelSIEVE_benchmark_pipeline_sa_203/benchmark_results/simulated_data/results/data_type/no_cnv/0010/true_evo_events_sites_names	/raid/kang/DelSIEVE/simulation_results/IndelSIEVE_benchmark_pipeline_sa_203/benchmark_results/indelsieve/from_candidate/variant_calling/stage2/mt/no_cnv/smc_mudel_sa_stage_1-smc_mudel_sa_stage_2/0010/indelsieve_median.loci_info	/raid/kang/DelSIEVE/simulation_results/IndelSIEVE_benchmark_pipeline_sa_203/benchmark_results/simulated_data/results/data_type/no_cnv/0010/true_evo_events_genotypes_numeric	/raid/kang/DelSIEVE/simulation_results/IndelSIEVE_benchmark_pipeline_sa_203/benchmark_results/indelsieve/from_candidate/variant_calling/stage2/mt/no_cnv/smc_mudel_sa_stage_1-smc_mudel_sa_stage_2/0010/indelsieve_median.genotypes	/raid/kang/DelSIEVE/simulation_results/IndelSIEVE_benchmark_pipeline_sa_203/benchmark_results/simulated_data/results/data_type/no_cnv/0010/true_evo_events_ternary_matrix.simple	/raid/kang/DelSIEVE/simulation_results/IndelSIEVE_benchmark_pipeline_sa_203/benchmark_results/indelsieve/from_candidate/variant_calling/stage2/mt/no_cnv/smc_mudel_sa_stage_1-smc_mudel_sa_stage_2/0010/indelsieve_median.ternary	/raid/kang/DelSIEVE/simulation_results/IndelSIEVE_benchmark_pipeline_sa_203/benchmark_results/indelsieve/from_candidate/variant_calling/stage2/mt/no_cnv/smc_mudel_sa_stage_1-smc_mudel_sa_stage_2/0010/indelsieve_median.probs	8360	373	9430	1157	0.8784280760743932	0.957288446123898	0.916164383561644	0.038049576660206	8138	404	10331	430	0.949813258636788	0.9527042847108406	0.9512565751022792	0.0376339077782953	6639	751	11494	419	0.9406347407197506	0.8983761840324763	0.9190199335548174	0.0613311555737035	885	115	18010	293	0.7512733446519525	0.885	0.81267217630854	0.0063448275862068	1178	355	14	279	325	18	14891	606	0.3490870032223415	0.9475218658892128	0.001207324434905	0.5102040816326531	0	0	15838	2	0.0	NA	0.0	NA	148	4	15504	184	0.4457831325301205	0.9736842105263158	0.0002579313902501	0.6115702479338843	172	19	15224	425	0.288107202680067	0.900523560209424	0.0012464737912484	0.4365482233502538	378	44	73	105	0	0	15840	0	NA	NA	0.0	NA
