cell_num	coverage_mean	coverage_variance	eff_seq_err_rate	ado_rate	mutation_rate	deletion_rate	insertion_rate	dataset	tool	snv_type	tool_setup	fine_tune_type	data_type	true_cell_names	cell_names	true_loci_info	loci_info	true_genotypes	genotypes	true_ternary	ternary	genotype_probs	true_positive	false_positive	true_negative	false_negative	recall	precision	f1_score	fall_out	true_positive_mu	false_positive_mu	true_negative_mu	false_negative_mu	recall_mu	precision_mu	f1_score_mu	fall_out_mu	true_positive_hetero_mu	false_positive_hetero_mu	true_negative_hetero_mu	false_negative_hetero_mu	recall_hetero_mu	precision_hetero_mu	f1_score_hetero_mu	fall_out_hetero_mu	true_positive_homo_mu	false_positive_homo_mu	true_negative_homo_mu	false_negative_homo_mu	recall_homo_mu	precision_homo_mu	f1_score_homo_mu	fall_out_homo_mu	true_homo_mu	true_homo_ref_as_hetero_mu	true_homo_mu_as_homo_ref	true_homo_mu_as_hetero_mu	true_positive_del	false_positive_del	true_negative_del	false_negative_del	recall_del	precision_del	fall_out_del	f1_score_del	true_positive_all_del	false_positive_all_del	true_negative_all_del	false_negative_all_del	recall_all_del	precision_all_del	fall_out_all_del	f1_score_all_del	true_positive_del_alt_left	false_positive_del_alt_left	true_negative_del_alt_left	false_negative_del_alt_left	recall_del_alt_left	precision_del_alt_left	fall_out_del_alt_left	f1_score_del_alt_left	true_positive_del_ref_left	false_positive_del_ref_left	true_negative_del_ref_left	false_negative_del_ref_left	recall_del_ref_left	precision_del_ref_left	fall_out_del_ref_left	f1_score_del_ref_left	true_del_ref_left_as_homo_ref	true_del_ref_left_as_hetero_mu	true_del_alt_left_as_hetero_mu	true_del_alt_left_as_homo_mu	true_positive_amp	false_positive_amp	true_negative_amp	false_negative_amp	recall_amp	precision_amp	fall_out_amp	f1_score_amp
40	20	10	0.001999	0.3	1e-06	2.5e-07	0.0	0001	monovar	NA	true_parameters	NA	no_cnv	/raid/kang/DelSIEVE/simulation_results/IndelSIEVE_benchmark_pipeline_sa_104/benchmark_results/simulated_data/results/cell_names	/raid/kang/DelSIEVE/simulation_results/IndelSIEVE_benchmark_pipeline_sa_104/benchmark_results/monovar/from_true_params/no_cnv/0001/post_processed/filtered.cell_names	/raid/kang/DelSIEVE/simulation_results/IndelSIEVE_benchmark_pipeline_sa_104/benchmark_results/simulated_data/results/data_type/no_cnv/0001/true_evo_events_sites_names	/raid/kang/DelSIEVE/simulation_results/IndelSIEVE_benchmark_pipeline_sa_104/benchmark_results/monovar/from_true_params/no_cnv/0001/post_processed/filtered.loci_info	/raid/kang/DelSIEVE/simulation_results/IndelSIEVE_benchmark_pipeline_sa_104/benchmark_results/simulated_data/results/data_type/no_cnv/0001/true_evo_events_genotypes_numeric	/raid/kang/DelSIEVE/simulation_results/IndelSIEVE_benchmark_pipeline_sa_104/benchmark_results/monovar/from_true_params/no_cnv/0001/post_processed/filtered.genotypes	/raid/kang/DelSIEVE/simulation_results/IndelSIEVE_benchmark_pipeline_sa_104/benchmark_results/simulated_data/results/data_type/no_cnv/0001/true_evo_events_ternary_matrix.simple	/raid/kang/DelSIEVE/simulation_results/IndelSIEVE_benchmark_pipeline_sa_104/benchmark_results/monovar/from_true_params/no_cnv/0001/post_processed/filtered.ternary	/raid/kang/DelSIEVE/simulation_results/IndelSIEVE_benchmark_pipeline_sa_104/benchmark_results/monovar/from_true_params/no_cnv/0001/post_processed/filtered.genotype_probs	7361	3	46236	5080	0.591672695120971	0.9995926127104834	0.7433476394849784	6.48802958541491e-05	7351	3	48673	2650	0.7350264973502649	0.999592058743541	0.8471333909536157	6.163201577779604e-05	5978	18	48728	3953	0.6019534790051354	0.9969979986657772	0.7506749544798141	0.0003692610675747	53	1305	57303	16	0.7681159420289855	0.0390279823269514	0.0742817098808689	0.0222665847665847	69	3	1	15	10	0	56239	2431	0.0040966816878328	1.0	0.0	0.0081599347205222	0	10	58670	0	NA	0.0	0.0001704158145875	NA	0	0	58676	4	0.0	NA	0.0	NA	0	0	56243	2437	0.0	NA	0.0	NA	2427	0	0	1	0	0	58680	0	NA	NA	0.0	NA
40	20	10	0.001999	0.3	1e-06	2.5e-07	0.0	0002	monovar	NA	true_parameters	NA	no_cnv	/raid/kang/DelSIEVE/simulation_results/IndelSIEVE_benchmark_pipeline_sa_104/benchmark_results/simulated_data/results/cell_names	/raid/kang/DelSIEVE/simulation_results/IndelSIEVE_benchmark_pipeline_sa_104/benchmark_results/monovar/from_true_params/no_cnv/0002/post_processed/filtered.cell_names	/raid/kang/DelSIEVE/simulation_results/IndelSIEVE_benchmark_pipeline_sa_104/benchmark_results/simulated_data/results/data_type/no_cnv/0002/true_evo_events_sites_names	/raid/kang/DelSIEVE/simulation_results/IndelSIEVE_benchmark_pipeline_sa_104/benchmark_results/monovar/from_true_params/no_cnv/0002/post_processed/filtered.loci_info	/raid/kang/DelSIEVE/simulation_results/IndelSIEVE_benchmark_pipeline_sa_104/benchmark_results/simulated_data/results/data_type/no_cnv/0002/true_evo_events_genotypes_numeric	/raid/kang/DelSIEVE/simulation_results/IndelSIEVE_benchmark_pipeline_sa_104/benchmark_results/monovar/from_true_params/no_cnv/0002/post_processed/filtered.genotypes	/raid/kang/DelSIEVE/simulation_results/IndelSIEVE_benchmark_pipeline_sa_104/benchmark_results/simulated_data/results/data_type/no_cnv/0002/true_evo_events_ternary_matrix.simple	/raid/kang/DelSIEVE/simulation_results/IndelSIEVE_benchmark_pipeline_sa_104/benchmark_results/monovar/from_true_params/no_cnv/0002/post_processed/filtered.ternary	/raid/kang/DelSIEVE/simulation_results/IndelSIEVE_benchmark_pipeline_sa_104/benchmark_results/monovar/from_true_params/no_cnv/0002/post_processed/filtered.genotype_probs	4390	1	38864	2945	0.5985003408316292	0.9997722614438624	0.748763431690261	2.5730091341824264e-05	4373	1	40230	1595	0.7327412868632708	0.9997713763145862	0.8456778186037518	2.485645397827546e-05	3861	8	40272	2058	0.6523061327927014	0.9979322822434736	0.7889252145484267	0.0001986097318768	26	479	45690	4	0.8666666666666667	0.0514851485148514	0.0971962616822429	0.0103749268990014	30	1	1	3	17	0	44814	1369	0.0122655122655122	1.0	0.0	0.0242337847469707	0	17	46183	0	NA	0.0	0.0003679653679653	NA	0	0	46180	20	0.0	NA	0.0	NA	0	0	44834	1366	0.0	NA	0.0	NA	1353	0	4	11	0	0	46200	0	NA	NA	0.0	NA
40	20	10	0.001999	0.3	1e-06	2.5e-07	0.0	0003	monovar	NA	true_parameters	NA	no_cnv	/raid/kang/DelSIEVE/simulation_results/IndelSIEVE_benchmark_pipeline_sa_104/benchmark_results/simulated_data/results/cell_names	/raid/kang/DelSIEVE/simulation_results/IndelSIEVE_benchmark_pipeline_sa_104/benchmark_results/monovar/from_true_params/no_cnv/0003/post_processed/filtered.cell_names	/raid/kang/DelSIEVE/simulation_results/IndelSIEVE_benchmark_pipeline_sa_104/benchmark_results/simulated_data/results/data_type/no_cnv/0003/true_evo_events_sites_names	/raid/kang/DelSIEVE/simulation_results/IndelSIEVE_benchmark_pipeline_sa_104/benchmark_results/monovar/from_true_params/no_cnv/0003/post_processed/filtered.loci_info	/raid/kang/DelSIEVE/simulation_results/IndelSIEVE_benchmark_pipeline_sa_104/benchmark_results/simulated_data/results/data_type/no_cnv/0003/true_evo_events_genotypes_numeric	/raid/kang/DelSIEVE/simulation_results/IndelSIEVE_benchmark_pipeline_sa_104/benchmark_results/monovar/from_true_params/no_cnv/0003/post_processed/filtered.genotypes	/raid/kang/DelSIEVE/simulation_results/IndelSIEVE_benchmark_pipeline_sa_104/benchmark_results/simulated_data/results/data_type/no_cnv/0003/true_evo_events_ternary_matrix.simple	/raid/kang/DelSIEVE/simulation_results/IndelSIEVE_benchmark_pipeline_sa_104/benchmark_results/monovar/from_true_params/no_cnv/0003/post_processed/filtered.ternary	/raid/kang/DelSIEVE/simulation_results/IndelSIEVE_benchmark_pipeline_sa_104/benchmark_results/monovar/from_true_params/no_cnv/0003/post_processed/filtered.genotype_probs	5461	6	33581	3232	0.6282066030139193	0.9989025059447596	0.7713276836158192	0.0001786405454491	5437	2	34905	1936	0.7374203173742032	0.9996322853465712	0.8487355604121136	5.729509840433151e-05	4425	5	34922	2928	0.6017951856385149	0.9988713318284425	0.751082067385216	0.0001431557247974	10	999	41268	3	0.7692307692307693	0.0099108027750247	0.0195694716242661	0.023635460288168	13	2	0	3	19	9	40944	1308	0.014318010550113	0.6785714285714286	0.0002197641198447	0.0280442804428044	0	28	42252	0	NA	0.0	0.0006622516556291	NA	0	0	42273	7	0.0	NA	0.0	NA	0	0	40960	1320	0.0	NA	0.0	NA	1303	0	0	5	0	0	42280	0	NA	NA	0.0	NA
40	20	10	0.001999	0.3	1e-06	2.5e-07	0.0	0004	monovar	NA	true_parameters	NA	no_cnv	/raid/kang/DelSIEVE/simulation_results/IndelSIEVE_benchmark_pipeline_sa_104/benchmark_results/simulated_data/results/cell_names	/raid/kang/DelSIEVE/simulation_results/IndelSIEVE_benchmark_pipeline_sa_104/benchmark_results/monovar/from_true_params/no_cnv/0004/post_processed/filtered.cell_names	/raid/kang/DelSIEVE/simulation_results/IndelSIEVE_benchmark_pipeline_sa_104/benchmark_results/simulated_data/results/data_type/no_cnv/0004/true_evo_events_sites_names	/raid/kang/DelSIEVE/simulation_results/IndelSIEVE_benchmark_pipeline_sa_104/benchmark_results/monovar/from_true_params/no_cnv/0004/post_processed/filtered.loci_info	/raid/kang/DelSIEVE/simulation_results/IndelSIEVE_benchmark_pipeline_sa_104/benchmark_results/simulated_data/results/data_type/no_cnv/0004/true_evo_events_genotypes_numeric	/raid/kang/DelSIEVE/simulation_results/IndelSIEVE_benchmark_pipeline_sa_104/benchmark_results/monovar/from_true_params/no_cnv/0004/post_processed/filtered.genotypes	/raid/kang/DelSIEVE/simulation_results/IndelSIEVE_benchmark_pipeline_sa_104/benchmark_results/simulated_data/results/data_type/no_cnv/0004/true_evo_events_ternary_matrix.simple	/raid/kang/DelSIEVE/simulation_results/IndelSIEVE_benchmark_pipeline_sa_104/benchmark_results/monovar/from_true_params/no_cnv/0004/post_processed/filtered.ternary	/raid/kang/DelSIEVE/simulation_results/IndelSIEVE_benchmark_pipeline_sa_104/benchmark_results/monovar/from_true_params/no_cnv/0004/post_processed/filtered.genotype_probs	3721	1	40873	3325	0.5281010502412716	0.9997313272434176	0.6911218424962853	2.4465430346919803e-05	3709	1	42608	1602	0.6983618904161175	0.9997304582210242	0.8223035140228356	2.3469220117815487e-05	3329	1	42612	1978	0.6272847182965894	0.9996996996996996	0.770869514877851	2.346701710745547e-05	3	377	47539	1	0.75	0.0078947368421052	0.015625	0.0078679355538859	4	1	1	0	12	0	46185	1723	0.0069164265129683	1.0	0.0	0.0137378362907842	0	12	47908	0	NA	0.0	0.0002504173622704	NA	0	0	47920	0	NA	NA	0.0	NA	0	0	46185	1735	0.0	NA	0.0	NA	1723	0	0	0	0	0	47920	0	NA	NA	0.0	NA
40	20	10	0.001999	0.3	1e-06	2.5e-07	0.0	0005	monovar	NA	true_parameters	NA	no_cnv	/raid/kang/DelSIEVE/simulation_results/IndelSIEVE_benchmark_pipeline_sa_104/benchmark_results/simulated_data/results/cell_names	/raid/kang/DelSIEVE/simulation_results/IndelSIEVE_benchmark_pipeline_sa_104/benchmark_results/monovar/from_true_params/no_cnv/0005/post_processed/filtered.cell_names	/raid/kang/DelSIEVE/simulation_results/IndelSIEVE_benchmark_pipeline_sa_104/benchmark_results/simulated_data/results/data_type/no_cnv/0005/true_evo_events_sites_names	/raid/kang/DelSIEVE/simulation_results/IndelSIEVE_benchmark_pipeline_sa_104/benchmark_results/monovar/from_true_params/no_cnv/0005/post_processed/filtered.loci_info	/raid/kang/DelSIEVE/simulation_results/IndelSIEVE_benchmark_pipeline_sa_104/benchmark_results/simulated_data/results/data_type/no_cnv/0005/true_evo_events_genotypes_numeric	/raid/kang/DelSIEVE/simulation_results/IndelSIEVE_benchmark_pipeline_sa_104/benchmark_results/monovar/from_true_params/no_cnv/0005/post_processed/filtered.genotypes	/raid/kang/DelSIEVE/simulation_results/IndelSIEVE_benchmark_pipeline_sa_104/benchmark_results/simulated_data/results/data_type/no_cnv/0005/true_evo_events_ternary_matrix.simple	/raid/kang/DelSIEVE/simulation_results/IndelSIEVE_benchmark_pipeline_sa_104/benchmark_results/monovar/from_true_params/no_cnv/0005/post_processed/filtered.ternary	/raid/kang/DelSIEVE/simulation_results/IndelSIEVE_benchmark_pipeline_sa_104/benchmark_results/monovar/from_true_params/no_cnv/0005/post_processed/filtered.genotype_probs	5588	4	43309	3619	0.6069295101553166	0.9992846924177397	0.75518616122711	9.235102625077922e-05	5568	1	44883	2067	0.7292730844793713	0.9998204345483928	0.8433807936988792	2.227965421976651e-05	4594	24	44917	2984	0.6062285563473212	0.9948029449978346	0.7533617579534273	0.0005340335106027	30	921	51558	10	0.75	0.0315457413249211	0.0605449041372351	0.0175498770936946	40	1	0	10	19	4	50927	1570	0.0119572057898049	0.8260869565217391	7.853762934165832e-05	0.0235732009925558	0	23	52497	0	NA	0.0	0.0004379284082254	NA	0	0	52502	18	0.0	NA	0.0	NA	0	0	50949	1571	0.0	NA	0.0	NA	1556	0	13	0	0	0	52520	0	NA	NA	0.0	NA
40	20	10	0.001999	0.3	1e-06	2.5e-07	0.0	0006	monovar	NA	true_parameters	NA	no_cnv	/raid/kang/DelSIEVE/simulation_results/IndelSIEVE_benchmark_pipeline_sa_104/benchmark_results/simulated_data/results/cell_names	/raid/kang/DelSIEVE/simulation_results/IndelSIEVE_benchmark_pipeline_sa_104/benchmark_results/monovar/from_true_params/no_cnv/0006/post_processed/filtered.cell_names	/raid/kang/DelSIEVE/simulation_results/IndelSIEVE_benchmark_pipeline_sa_104/benchmark_results/simulated_data/results/data_type/no_cnv/0006/true_evo_events_sites_names	/raid/kang/DelSIEVE/simulation_results/IndelSIEVE_benchmark_pipeline_sa_104/benchmark_results/monovar/from_true_params/no_cnv/0006/post_processed/filtered.loci_info	/raid/kang/DelSIEVE/simulation_results/IndelSIEVE_benchmark_pipeline_sa_104/benchmark_results/simulated_data/results/data_type/no_cnv/0006/true_evo_events_genotypes_numeric	/raid/kang/DelSIEVE/simulation_results/IndelSIEVE_benchmark_pipeline_sa_104/benchmark_results/monovar/from_true_params/no_cnv/0006/post_processed/filtered.genotypes	/raid/kang/DelSIEVE/simulation_results/IndelSIEVE_benchmark_pipeline_sa_104/benchmark_results/simulated_data/results/data_type/no_cnv/0006/true_evo_events_ternary_matrix.simple	/raid/kang/DelSIEVE/simulation_results/IndelSIEVE_benchmark_pipeline_sa_104/benchmark_results/monovar/from_true_params/no_cnv/0006/post_processed/filtered.ternary	/raid/kang/DelSIEVE/simulation_results/IndelSIEVE_benchmark_pipeline_sa_104/benchmark_results/monovar/from_true_params/no_cnv/0006/post_processed/filtered.genotype_probs	4558	15	26396	3071	0.5974570717000918	0.9967198775420948	0.7470906408785446	0.0005679451743591	4527	3	27916	1594	0.7395850351249795	0.9993377483443708	0.8500610271336024	0.0001074537053619	3547	11	27948	2534	0.5832922216740668	0.9969083754918494	0.7359684614586575	0.0003934332415322	32	940	33060	8	0.8	0.0329218106995884	0.0632411067193676	0.0276470588235294	40	3	0	8	22	21	32511	1486	0.0145888594164456	0.5116279069767442	0.000645518258945	0.0283687943262411	0	43	33997	0	NA	0.0	0.0012632197414806	NA	0	0	34040	0	NA	NA	0.0	NA	0	0	32532	1508	0.0	NA	0.0	NA	1486	0	0	0	0	0	34040	0	NA	NA	0.0	NA
40	20	10	0.001999	0.3	1e-06	2.5e-07	0.0	0007	monovar	NA	true_parameters	NA	no_cnv	/raid/kang/DelSIEVE/simulation_results/IndelSIEVE_benchmark_pipeline_sa_104/benchmark_results/simulated_data/results/cell_names	/raid/kang/DelSIEVE/simulation_results/IndelSIEVE_benchmark_pipeline_sa_104/benchmark_results/monovar/from_true_params/no_cnv/0007/post_processed/filtered.cell_names	/raid/kang/DelSIEVE/simulation_results/IndelSIEVE_benchmark_pipeline_sa_104/benchmark_results/simulated_data/results/data_type/no_cnv/0007/true_evo_events_sites_names	/raid/kang/DelSIEVE/simulation_results/IndelSIEVE_benchmark_pipeline_sa_104/benchmark_results/monovar/from_true_params/no_cnv/0007/post_processed/filtered.loci_info	/raid/kang/DelSIEVE/simulation_results/IndelSIEVE_benchmark_pipeline_sa_104/benchmark_results/simulated_data/results/data_type/no_cnv/0007/true_evo_events_genotypes_numeric	/raid/kang/DelSIEVE/simulation_results/IndelSIEVE_benchmark_pipeline_sa_104/benchmark_results/monovar/from_true_params/no_cnv/0007/post_processed/filtered.genotypes	/raid/kang/DelSIEVE/simulation_results/IndelSIEVE_benchmark_pipeline_sa_104/benchmark_results/simulated_data/results/data_type/no_cnv/0007/true_evo_events_ternary_matrix.simple	/raid/kang/DelSIEVE/simulation_results/IndelSIEVE_benchmark_pipeline_sa_104/benchmark_results/monovar/from_true_params/no_cnv/0007/post_processed/filtered.ternary	/raid/kang/DelSIEVE/simulation_results/IndelSIEVE_benchmark_pipeline_sa_104/benchmark_results/monovar/from_true_params/no_cnv/0007/post_processed/filtered.genotype_probs	8828	3	46769	5400	0.6204666854090526	0.9996602876231456	0.7656880176937421	6.41409390233473e-05	8764	2	49260	2970	0.7468893812851543	0.999771845767739	0.8550243902439023	4.059924485404571e-05	7395	28	49332	4241	0.6355276727397731	0.9962279401859088	0.7760113332283959	0.0005672609400324	39	1304	59631	22	0.639344262295082	0.0290394638868205	0.0555555555555555	0.0213998523016328	61	2	4	18	64	1	58468	2467	0.0252864480442512	0.9846153846153848	1.7103080264755683e-05	0.049306625577812	0	65	60933	2	0.0	0.0	0.0010656087084822	NA	0	0	60959	41	0.0	NA	0.0	NA	0	0	58512	2488	0.0	NA	0.0	NA	2437	0	8	15	0	0	61000	0	NA	NA	0.0	NA
40	20	10	0.001999	0.3	1e-06	2.5e-07	0.0	0008	monovar	NA	true_parameters	NA	no_cnv	/raid/kang/DelSIEVE/simulation_results/IndelSIEVE_benchmark_pipeline_sa_104/benchmark_results/simulated_data/results/cell_names	/raid/kang/DelSIEVE/simulation_results/IndelSIEVE_benchmark_pipeline_sa_104/benchmark_results/monovar/from_true_params/no_cnv/0008/post_processed/filtered.cell_names	/raid/kang/DelSIEVE/simulation_results/IndelSIEVE_benchmark_pipeline_sa_104/benchmark_results/simulated_data/results/data_type/no_cnv/0008/true_evo_events_sites_names	/raid/kang/DelSIEVE/simulation_results/IndelSIEVE_benchmark_pipeline_sa_104/benchmark_results/monovar/from_true_params/no_cnv/0008/post_processed/filtered.loci_info	/raid/kang/DelSIEVE/simulation_results/IndelSIEVE_benchmark_pipeline_sa_104/benchmark_results/simulated_data/results/data_type/no_cnv/0008/true_evo_events_genotypes_numeric	/raid/kang/DelSIEVE/simulation_results/IndelSIEVE_benchmark_pipeline_sa_104/benchmark_results/monovar/from_true_params/no_cnv/0008/post_processed/filtered.genotypes	/raid/kang/DelSIEVE/simulation_results/IndelSIEVE_benchmark_pipeline_sa_104/benchmark_results/simulated_data/results/data_type/no_cnv/0008/true_evo_events_ternary_matrix.simple	/raid/kang/DelSIEVE/simulation_results/IndelSIEVE_benchmark_pipeline_sa_104/benchmark_results/monovar/from_true_params/no_cnv/0008/post_processed/filtered.ternary	/raid/kang/DelSIEVE/simulation_results/IndelSIEVE_benchmark_pipeline_sa_104/benchmark_results/monovar/from_true_params/no_cnv/0008/post_processed/filtered.genotype_probs	6468	4	42840	4368	0.5968992248062015	0.99938195302843	0.7474000462214004	9.336196433572964e-05	6442	0	44919	2318	0.7353881278538813	1.0	0.8475200631495856	0.0	5226	15	44937	3501	0.5988312134754211	0.9971379507727532	0.7482817869415808	0.0003336892685531	10	1191	52472	6	0.625	0.0083263946711074	0.0164338537387017	0.0221940629484002	16	0	0	6	24	6	51581	2069	0.0114667940754897	0.8	0.0001163083722643	0.0226095148374941	0	30	53650	0	NA	0.0	0.000558867362146	NA	0	0	53662	18	0.0	NA	0.0	NA	0	0	51605	2075	0.0	NA	0.0	NA	2058	0	9	1	0	0	53680	0	NA	NA	0.0	NA
40	20	10	0.001999	0.3	1e-06	2.5e-07	0.0	0009	monovar	NA	true_parameters	NA	no_cnv	/raid/kang/DelSIEVE/simulation_results/IndelSIEVE_benchmark_pipeline_sa_104/benchmark_results/simulated_data/results/cell_names	/raid/kang/DelSIEVE/simulation_results/IndelSIEVE_benchmark_pipeline_sa_104/benchmark_results/monovar/from_true_params/no_cnv/0009/post_processed/filtered.cell_names	/raid/kang/DelSIEVE/simulation_results/IndelSIEVE_benchmark_pipeline_sa_104/benchmark_results/simulated_data/results/data_type/no_cnv/0009/true_evo_events_sites_names	/raid/kang/DelSIEVE/simulation_results/IndelSIEVE_benchmark_pipeline_sa_104/benchmark_results/monovar/from_true_params/no_cnv/0009/post_processed/filtered.loci_info	/raid/kang/DelSIEVE/simulation_results/IndelSIEVE_benchmark_pipeline_sa_104/benchmark_results/simulated_data/results/data_type/no_cnv/0009/true_evo_events_genotypes_numeric	/raid/kang/DelSIEVE/simulation_results/IndelSIEVE_benchmark_pipeline_sa_104/benchmark_results/monovar/from_true_params/no_cnv/0009/post_processed/filtered.genotypes	/raid/kang/DelSIEVE/simulation_results/IndelSIEVE_benchmark_pipeline_sa_104/benchmark_results/simulated_data/results/data_type/no_cnv/0009/true_evo_events_ternary_matrix.simple	/raid/kang/DelSIEVE/simulation_results/IndelSIEVE_benchmark_pipeline_sa_104/benchmark_results/monovar/from_true_params/no_cnv/0009/post_processed/filtered.ternary	/raid/kang/DelSIEVE/simulation_results/IndelSIEVE_benchmark_pipeline_sa_104/benchmark_results/monovar/from_true_params/no_cnv/0009/post_processed/filtered.genotype_probs	3707	0	34536	2837	0.5664731051344744	1.0	0.7232465125353624	0.0	3676	0	36025	1379	0.7272007912957468	1.0	0.842057038139961	0.0	3341	11	36028	1700	0.6627653243404087	0.9967183770883056	0.7961396401763375	0.0003052248952523	0	324	40747	9	0.0	0.0	NA	0.007888777969857	9	0	0	9	31	0	39586	1463	0.0207496653279785	1.0	0.0	0.040655737704918	0	31	41049	0	NA	0.0	0.0007546251217137	NA	0	0	41075	5	0.0	NA	0.0	NA	0	0	39591	1489	0.0	NA	0.0	NA	1461	0	2	0	0	0	41080	0	NA	NA	0.0	NA
40	20	10	0.001999	0.3	1e-06	2.5e-07	0.0	0010	monovar	NA	true_parameters	NA	no_cnv	/raid/kang/DelSIEVE/simulation_results/IndelSIEVE_benchmark_pipeline_sa_104/benchmark_results/simulated_data/results/cell_names	/raid/kang/DelSIEVE/simulation_results/IndelSIEVE_benchmark_pipeline_sa_104/benchmark_results/monovar/from_true_params/no_cnv/0010/post_processed/filtered.cell_names	/raid/kang/DelSIEVE/simulation_results/IndelSIEVE_benchmark_pipeline_sa_104/benchmark_results/simulated_data/results/data_type/no_cnv/0010/true_evo_events_sites_names	/raid/kang/DelSIEVE/simulation_results/IndelSIEVE_benchmark_pipeline_sa_104/benchmark_results/monovar/from_true_params/no_cnv/0010/post_processed/filtered.loci_info	/raid/kang/DelSIEVE/simulation_results/IndelSIEVE_benchmark_pipeline_sa_104/benchmark_results/simulated_data/results/data_type/no_cnv/0010/true_evo_events_genotypes_numeric	/raid/kang/DelSIEVE/simulation_results/IndelSIEVE_benchmark_pipeline_sa_104/benchmark_results/monovar/from_true_params/no_cnv/0010/post_processed/filtered.genotypes	/raid/kang/DelSIEVE/simulation_results/IndelSIEVE_benchmark_pipeline_sa_104/benchmark_results/simulated_data/results/data_type/no_cnv/0010/true_evo_events_ternary_matrix.simple	/raid/kang/DelSIEVE/simulation_results/IndelSIEVE_benchmark_pipeline_sa_104/benchmark_results/monovar/from_true_params/no_cnv/0010/post_processed/filtered.ternary	/raid/kang/DelSIEVE/simulation_results/IndelSIEVE_benchmark_pipeline_sa_104/benchmark_results/monovar/from_true_params/no_cnv/0010/post_processed/filtered.genotype_probs	4381	1	37084	3334	0.5678548282566429	0.9997717937015062	0.7243118128461601	2.6965080221113657e-05	4354	1	38810	1635	0.7269994990816497	0.9997703788748564	0.8418406805877804	2.5765891113344157e-05	3567	13	38850	2370	0.6008084891359272	0.9963687150837988	0.7496059682673111	0.0003345084013071	0	775	44011	14	0.0	0.0	NA	0.0173045148037333	14	1	2	12	27	0	43036	1737	0.0153061224489795	1.0	0.0	0.0301507537688442	0	27	44773	0	NA	0.0	0.0006026785714285	NA	0	0	44762	38	0.0	NA	0.0	NA	0	0	43074	1726	0.0	NA	0.0	NA	1711	0	0	26	0	0	44800	0	NA	NA	0.0	NA
40	20	10	0.001999	0.3	1e-06	2.5e-07	0.0	0001	sciphi	candidate_snvs	NA	NA	no_cnv	/raid/kang/DelSIEVE/simulation_results/IndelSIEVE_benchmark_pipeline_sa_104/benchmark_results/simulated_data/results/cell_names	/raid/kang/DelSIEVE/simulation_results/IndelSIEVE_benchmark_pipeline_sa_104/benchmark_results/sciphi/no_cnv/0001/post_processed/sciphi.cell_names	/raid/kang/DelSIEVE/simulation_results/IndelSIEVE_benchmark_pipeline_sa_104/benchmark_results/simulated_data/results/data_type/no_cnv/0001/true_evo_events_sites_names	/raid/kang/DelSIEVE/simulation_results/IndelSIEVE_benchmark_pipeline_sa_104/benchmark_results/sciphi/no_cnv/0001/post_processed/sciphi.loci_info	/raid/kang/DelSIEVE/simulation_results/IndelSIEVE_benchmark_pipeline_sa_104/benchmark_results/simulated_data/results/data_type/no_cnv/0001/true_evo_events_genotypes_numeric	/raid/kang/DelSIEVE/simulation_results/IndelSIEVE_benchmark_pipeline_sa_104/benchmark_results/sciphi/no_cnv/0001/post_processed/sciphi.genotypes	/raid/kang/DelSIEVE/simulation_results/IndelSIEVE_benchmark_pipeline_sa_104/benchmark_results/simulated_data/results/data_type/no_cnv/0001/true_evo_events_ternary_matrix.simple	/raid/kang/DelSIEVE/simulation_results/IndelSIEVE_benchmark_pipeline_sa_104/benchmark_results/sciphi/no_cnv/0001/post_processed/sciphi.ternary	/raid/kang/DelSIEVE/simulation_results/IndelSIEVE_benchmark_pipeline_sa_104/benchmark_results/sciphi/no_cnv/0001/post_processed/sciphi.genotype_probs	9286	6	46233	3155	0.7464030222650913	0.9993542832544124	0.8545529839414715	0.0001297605917082	9286	6	48670	715	0.9285071492850716	0.9993542832544124	0.9626289327735448	0.0001232640315555	9217	75	48671	714	0.9281039170274896	0.991928540680155	0.9589554179888676	0.0015385877815615	0	0	58608	69	0.0	NA	NA	0.0	69	6	1	68	0	0	28519	41	0.0	NA	0.0	NA	0	0	28560	0	NA	NA	0.0	NA	0	0	28559	1	0.0	NA	0.0	NA	0	0	28520	40	0.0	NA	0.0	NA	40	0	1	0	0	0	28560	0	NA	NA	0.0	NA
40	20	10	0.001999	0.3	1e-06	2.5e-07	0.0	0002	sciphi	candidate_snvs	NA	NA	no_cnv	/raid/kang/DelSIEVE/simulation_results/IndelSIEVE_benchmark_pipeline_sa_104/benchmark_results/simulated_data/results/cell_names	/raid/kang/DelSIEVE/simulation_results/IndelSIEVE_benchmark_pipeline_sa_104/benchmark_results/sciphi/no_cnv/0002/post_processed/sciphi.cell_names	/raid/kang/DelSIEVE/simulation_results/IndelSIEVE_benchmark_pipeline_sa_104/benchmark_results/simulated_data/results/data_type/no_cnv/0002/true_evo_events_sites_names	/raid/kang/DelSIEVE/simulation_results/IndelSIEVE_benchmark_pipeline_sa_104/benchmark_results/sciphi/no_cnv/0002/post_processed/sciphi.loci_info	/raid/kang/DelSIEVE/simulation_results/IndelSIEVE_benchmark_pipeline_sa_104/benchmark_results/simulated_data/results/data_type/no_cnv/0002/true_evo_events_genotypes_numeric	/raid/kang/DelSIEVE/simulation_results/IndelSIEVE_benchmark_pipeline_sa_104/benchmark_results/sciphi/no_cnv/0002/post_processed/sciphi.genotypes	/raid/kang/DelSIEVE/simulation_results/IndelSIEVE_benchmark_pipeline_sa_104/benchmark_results/simulated_data/results/data_type/no_cnv/0002/true_evo_events_ternary_matrix.simple	/raid/kang/DelSIEVE/simulation_results/IndelSIEVE_benchmark_pipeline_sa_104/benchmark_results/sciphi/no_cnv/0002/post_processed/sciphi.ternary	/raid/kang/DelSIEVE/simulation_results/IndelSIEVE_benchmark_pipeline_sa_104/benchmark_results/sciphi/no_cnv/0002/post_processed/sciphi.genotype_probs	5397	45	38820	1938	0.7357873210633947	0.9917309812568909	0.8447992486499178	0.001157854110382	5396	46	40185	572	0.9041554959785524	0.9915472252848218	0.9458369851007888	0.0011433968830006	5347	95	40185	572	0.9033620544010812	0.9825431826534362	0.9412903793680134	0.0023584905660377	0	0	46169	30	0.0	NA	NA	0.0	30	45	0	30	0	0	24094	66	0.0	NA	0.0	NA	0	0	24160	0	NA	NA	0.0	NA	0	0	24141	19	0.0	NA	0.0	NA	0	0	24113	47	0.0	NA	0.0	NA	46	1	19	0	0	0	24160	0	NA	NA	0.0	NA
40	20	10	0.001999	0.3	1e-06	2.5e-07	0.0	0003	sciphi	candidate_snvs	NA	NA	no_cnv	/raid/kang/DelSIEVE/simulation_results/IndelSIEVE_benchmark_pipeline_sa_104/benchmark_results/simulated_data/results/cell_names	/raid/kang/DelSIEVE/simulation_results/IndelSIEVE_benchmark_pipeline_sa_104/benchmark_results/sciphi/no_cnv/0003/post_processed/sciphi.cell_names	/raid/kang/DelSIEVE/simulation_results/IndelSIEVE_benchmark_pipeline_sa_104/benchmark_results/simulated_data/results/data_type/no_cnv/0003/true_evo_events_sites_names	/raid/kang/DelSIEVE/simulation_results/IndelSIEVE_benchmark_pipeline_sa_104/benchmark_results/sciphi/no_cnv/0003/post_processed/sciphi.loci_info	/raid/kang/DelSIEVE/simulation_results/IndelSIEVE_benchmark_pipeline_sa_104/benchmark_results/simulated_data/results/data_type/no_cnv/0003/true_evo_events_genotypes_numeric	/raid/kang/DelSIEVE/simulation_results/IndelSIEVE_benchmark_pipeline_sa_104/benchmark_results/sciphi/no_cnv/0003/post_processed/sciphi.genotypes	/raid/kang/DelSIEVE/simulation_results/IndelSIEVE_benchmark_pipeline_sa_104/benchmark_results/simulated_data/results/data_type/no_cnv/0003/true_evo_events_ternary_matrix.simple	/raid/kang/DelSIEVE/simulation_results/IndelSIEVE_benchmark_pipeline_sa_104/benchmark_results/sciphi/no_cnv/0003/post_processed/sciphi.ternary	/raid/kang/DelSIEVE/simulation_results/IndelSIEVE_benchmark_pipeline_sa_104/benchmark_results/sciphi/no_cnv/0003/post_processed/sciphi.genotype_probs	6848	44	33543	1845	0.7877602668813988	0.9936157864190366	0.8787937119024702	0.0013100306666269	6848	44	34863	525	0.9287942492879424	0.9936157864190366	0.960112162635822	0.0012604921648952	6828	64	34863	525	0.9286005711954304	0.9907138711549622	0.9586521586521588	0.0018323932774071	0	0	42267	13	0.0	NA	NA	0.0	13	44	0	13	0	0	21663	57	0.0	NA	0.0	NA	0	0	21720	0	NA	NA	0.0	NA	0	0	21713	7	0.0	NA	0.0	NA	0	0	21670	50	0.0	NA	0.0	NA	50	0	7	0	0	0	21720	0	NA	NA	0.0	NA
40	20	10	0.001999	0.3	1e-06	2.5e-07	0.0	0004	sciphi	candidate_snvs	NA	NA	no_cnv	/raid/kang/DelSIEVE/simulation_results/IndelSIEVE_benchmark_pipeline_sa_104/benchmark_results/simulated_data/results/cell_names	/raid/kang/DelSIEVE/simulation_results/IndelSIEVE_benchmark_pipeline_sa_104/benchmark_results/sciphi/no_cnv/0004/post_processed/sciphi.cell_names	/raid/kang/DelSIEVE/simulation_results/IndelSIEVE_benchmark_pipeline_sa_104/benchmark_results/simulated_data/results/data_type/no_cnv/0004/true_evo_events_sites_names	/raid/kang/DelSIEVE/simulation_results/IndelSIEVE_benchmark_pipeline_sa_104/benchmark_results/sciphi/no_cnv/0004/post_processed/sciphi.loci_info	/raid/kang/DelSIEVE/simulation_results/IndelSIEVE_benchmark_pipeline_sa_104/benchmark_results/simulated_data/results/data_type/no_cnv/0004/true_evo_events_genotypes_numeric	/raid/kang/DelSIEVE/simulation_results/IndelSIEVE_benchmark_pipeline_sa_104/benchmark_results/sciphi/no_cnv/0004/post_processed/sciphi.genotypes	/raid/kang/DelSIEVE/simulation_results/IndelSIEVE_benchmark_pipeline_sa_104/benchmark_results/simulated_data/results/data_type/no_cnv/0004/true_evo_events_ternary_matrix.simple	/raid/kang/DelSIEVE/simulation_results/IndelSIEVE_benchmark_pipeline_sa_104/benchmark_results/sciphi/no_cnv/0004/post_processed/sciphi.ternary	/raid/kang/DelSIEVE/simulation_results/IndelSIEVE_benchmark_pipeline_sa_104/benchmark_results/sciphi/no_cnv/0004/post_processed/sciphi.genotype_probs	4662	35	40839	2384	0.661652001135396	0.992548435171386	0.7940049391126629	0.0008562900621421	4660	37	42572	651	0.8774242138956881	0.9921226314668936	0.9312549960031974	0.0008683611443591	4657	40	42573	650	0.8775202562653099	0.9914839259101554	0.9310275889644144	0.0009386806842982	0	0	47916	4	0.0	NA	NA	0.0	4	35	1	3	0	0	19863	57	0.0	NA	0.0	NA	0	0	19920	0	NA	NA	0.0	NA	0	0	19920	0	NA	NA	0.0	NA	0	0	19863	57	0.0	NA	0.0	NA	55	2	0	0	0	0	19920	0	NA	NA	0.0	NA
40	20	10	0.001999	0.3	1e-06	2.5e-07	0.0	0005	sciphi	candidate_snvs	NA	NA	no_cnv	/raid/kang/DelSIEVE/simulation_results/IndelSIEVE_benchmark_pipeline_sa_104/benchmark_results/simulated_data/results/cell_names	/raid/kang/DelSIEVE/simulation_results/IndelSIEVE_benchmark_pipeline_sa_104/benchmark_results/sciphi/no_cnv/0005/post_processed/sciphi.cell_names	/raid/kang/DelSIEVE/simulation_results/IndelSIEVE_benchmark_pipeline_sa_104/benchmark_results/simulated_data/results/data_type/no_cnv/0005/true_evo_events_sites_names	/raid/kang/DelSIEVE/simulation_results/IndelSIEVE_benchmark_pipeline_sa_104/benchmark_results/sciphi/no_cnv/0005/post_processed/sciphi.loci_info	/raid/kang/DelSIEVE/simulation_results/IndelSIEVE_benchmark_pipeline_sa_104/benchmark_results/simulated_data/results/data_type/no_cnv/0005/true_evo_events_genotypes_numeric	/raid/kang/DelSIEVE/simulation_results/IndelSIEVE_benchmark_pipeline_sa_104/benchmark_results/sciphi/no_cnv/0005/post_processed/sciphi.genotypes	/raid/kang/DelSIEVE/simulation_results/IndelSIEVE_benchmark_pipeline_sa_104/benchmark_results/simulated_data/results/data_type/no_cnv/0005/true_evo_events_ternary_matrix.simple	/raid/kang/DelSIEVE/simulation_results/IndelSIEVE_benchmark_pipeline_sa_104/benchmark_results/sciphi/no_cnv/0005/post_processed/sciphi.ternary	/raid/kang/DelSIEVE/simulation_results/IndelSIEVE_benchmark_pipeline_sa_104/benchmark_results/sciphi/no_cnv/0005/post_processed/sciphi.genotype_probs	6965	68	43245	2242	0.7564896274573694	0.9903312953220532	0.8577586206896551	0.0015699674462632	6964	69	44815	671	0.9121152586771448	0.990189108488554	0.9495500409053722	0.0015372961411638	6907	126	44815	671	0.911454209553972	0.9820844589790986	0.9454520566696324	0.0028036759306646	0	0	52479	40	0.0	NA	NA	0.0	40	68	0	40	0	0	22653	67	0.0	NA	0.0	NA	0	0	22720	0	NA	NA	0.0	NA	0	0	22703	17	0.0	NA	0.0	NA	0	0	22670	50	0.0	NA	0.0	NA	49	1	17	0	0	0	22720	0	NA	NA	0.0	NA
40	20	10	0.001999	0.3	1e-06	2.5e-07	0.0	0006	sciphi	candidate_snvs	NA	NA	no_cnv	/raid/kang/DelSIEVE/simulation_results/IndelSIEVE_benchmark_pipeline_sa_104/benchmark_results/simulated_data/results/cell_names	/raid/kang/DelSIEVE/simulation_results/IndelSIEVE_benchmark_pipeline_sa_104/benchmark_results/sciphi/no_cnv/0006/post_processed/sciphi.cell_names	/raid/kang/DelSIEVE/simulation_results/IndelSIEVE_benchmark_pipeline_sa_104/benchmark_results/simulated_data/results/data_type/no_cnv/0006/true_evo_events_sites_names	/raid/kang/DelSIEVE/simulation_results/IndelSIEVE_benchmark_pipeline_sa_104/benchmark_results/sciphi/no_cnv/0006/post_processed/sciphi.loci_info	/raid/kang/DelSIEVE/simulation_results/IndelSIEVE_benchmark_pipeline_sa_104/benchmark_results/simulated_data/results/data_type/no_cnv/0006/true_evo_events_genotypes_numeric	/raid/kang/DelSIEVE/simulation_results/IndelSIEVE_benchmark_pipeline_sa_104/benchmark_results/sciphi/no_cnv/0006/post_processed/sciphi.genotypes	/raid/kang/DelSIEVE/simulation_results/IndelSIEVE_benchmark_pipeline_sa_104/benchmark_results/simulated_data/results/data_type/no_cnv/0006/true_evo_events_ternary_matrix.simple	/raid/kang/DelSIEVE/simulation_results/IndelSIEVE_benchmark_pipeline_sa_104/benchmark_results/sciphi/no_cnv/0006/post_processed/sciphi.ternary	/raid/kang/DelSIEVE/simulation_results/IndelSIEVE_benchmark_pipeline_sa_104/benchmark_results/sciphi/no_cnv/0006/post_processed/sciphi.genotype_probs	5687	13	26398	1942	0.745445012452484	0.997719298245614	0.8533273313826993	0.0004922191511112	5685	15	27904	436	0.9287698088547623	0.9973684210526316	0.9618475594281364	0.0005372685268096	5645	55	27904	436	0.9283012662391054	0.9903508771929824	0.9583227230286052	0.0019671662076612	0	0	34000	40	0.0	NA	NA	0.0	40	13	0	40	0	0	17382	58	0.0	NA	0.0	NA	0	0	17440	0	NA	NA	0.0	NA	0	0	17440	0	NA	NA	0.0	NA	0	0	17382	58	0.0	NA	0.0	NA	56	2	0	0	0	0	17440	0	NA	NA	0.0	NA
40	20	10	0.001999	0.3	1e-06	2.5e-07	0.0	0007	sciphi	candidate_snvs	NA	NA	no_cnv	/raid/kang/DelSIEVE/simulation_results/IndelSIEVE_benchmark_pipeline_sa_104/benchmark_results/simulated_data/results/cell_names	/raid/kang/DelSIEVE/simulation_results/IndelSIEVE_benchmark_pipeline_sa_104/benchmark_results/sciphi/no_cnv/0007/post_processed/sciphi.cell_names	/raid/kang/DelSIEVE/simulation_results/IndelSIEVE_benchmark_pipeline_sa_104/benchmark_results/simulated_data/results/data_type/no_cnv/0007/true_evo_events_sites_names	/raid/kang/DelSIEVE/simulation_results/IndelSIEVE_benchmark_pipeline_sa_104/benchmark_results/sciphi/no_cnv/0007/post_processed/sciphi.loci_info	/raid/kang/DelSIEVE/simulation_results/IndelSIEVE_benchmark_pipeline_sa_104/benchmark_results/simulated_data/results/data_type/no_cnv/0007/true_evo_events_genotypes_numeric	/raid/kang/DelSIEVE/simulation_results/IndelSIEVE_benchmark_pipeline_sa_104/benchmark_results/sciphi/no_cnv/0007/post_processed/sciphi.genotypes	/raid/kang/DelSIEVE/simulation_results/IndelSIEVE_benchmark_pipeline_sa_104/benchmark_results/simulated_data/results/data_type/no_cnv/0007/true_evo_events_ternary_matrix.simple	/raid/kang/DelSIEVE/simulation_results/IndelSIEVE_benchmark_pipeline_sa_104/benchmark_results/sciphi/no_cnv/0007/post_processed/sciphi.ternary	/raid/kang/DelSIEVE/simulation_results/IndelSIEVE_benchmark_pipeline_sa_104/benchmark_results/sciphi/no_cnv/0007/post_processed/sciphi.genotype_probs	11045	118	46654	3183	0.7762861962327804	0.9894293648660756	0.8699933047142688	0.0025228769349183	11040	123	49139	694	0.940855633202659	0.9889814565976888	0.9643184696685156	0.0024968535585238	10947	216	49144	689	0.9407872121003782	0.9806503628056974	0.960305276547217	0.0043760129659643	0	0	60935	61	0.0	NA	NA	0.0	61	118	0	61	0	0	34340	180	0.0	NA	0.0	NA	0	0	34520	0	NA	NA	0.0	NA	0	0	34483	37	0.0	NA	0.0	NA	0	0	34377	143	0.0	NA	0.0	NA	138	5	32	0	0	0	34520	0	NA	NA	0.0	NA
40	20	10	0.001999	0.3	1e-06	2.5e-07	0.0	0008	sciphi	candidate_snvs	NA	NA	no_cnv	/raid/kang/DelSIEVE/simulation_results/IndelSIEVE_benchmark_pipeline_sa_104/benchmark_results/simulated_data/results/cell_names	/raid/kang/DelSIEVE/simulation_results/IndelSIEVE_benchmark_pipeline_sa_104/benchmark_results/sciphi/no_cnv/0008/post_processed/sciphi.cell_names	/raid/kang/DelSIEVE/simulation_results/IndelSIEVE_benchmark_pipeline_sa_104/benchmark_results/simulated_data/results/data_type/no_cnv/0008/true_evo_events_sites_names	/raid/kang/DelSIEVE/simulation_results/IndelSIEVE_benchmark_pipeline_sa_104/benchmark_results/sciphi/no_cnv/0008/post_processed/sciphi.loci_info	/raid/kang/DelSIEVE/simulation_results/IndelSIEVE_benchmark_pipeline_sa_104/benchmark_results/simulated_data/results/data_type/no_cnv/0008/true_evo_events_genotypes_numeric	/raid/kang/DelSIEVE/simulation_results/IndelSIEVE_benchmark_pipeline_sa_104/benchmark_results/sciphi/no_cnv/0008/post_processed/sciphi.genotypes	/raid/kang/DelSIEVE/simulation_results/IndelSIEVE_benchmark_pipeline_sa_104/benchmark_results/simulated_data/results/data_type/no_cnv/0008/true_evo_events_ternary_matrix.simple	/raid/kang/DelSIEVE/simulation_results/IndelSIEVE_benchmark_pipeline_sa_104/benchmark_results/sciphi/no_cnv/0008/post_processed/sciphi.ternary	/raid/kang/DelSIEVE/simulation_results/IndelSIEVE_benchmark_pipeline_sa_104/benchmark_results/sciphi/no_cnv/0008/post_processed/sciphi.genotype_probs	8060	156	42688	2776	0.7438169066076042	0.981012658227848	0.8461053957589755	0.0036411166090934	8052	164	44755	708	0.9191780821917808	0.9800389483933788	0.9486333647502356	0.0036510162737371	8020	196	44756	707	0.9189870516786984	0.9761441090555014	0.9467036534261936	0.0043602064424274	0	0	53663	16	0.0	NA	NA	0.0	16	156	0	16	0	0	23846	74	0.0	NA	0.0	NA	0	0	23920	0	NA	NA	0.0	NA	0	0	23903	17	0.0	NA	0.0	NA	0	0	23863	57	0.0	NA	0.0	NA	49	8	16	0	0	0	23920	0	NA	NA	0.0	NA
40	20	10	0.001999	0.3	1e-06	2.5e-07	0.0	0009	sciphi	candidate_snvs	NA	NA	no_cnv	/raid/kang/DelSIEVE/simulation_results/IndelSIEVE_benchmark_pipeline_sa_104/benchmark_results/simulated_data/results/cell_names	/raid/kang/DelSIEVE/simulation_results/IndelSIEVE_benchmark_pipeline_sa_104/benchmark_results/sciphi/no_cnv/0009/post_processed/sciphi.cell_names	/raid/kang/DelSIEVE/simulation_results/IndelSIEVE_benchmark_pipeline_sa_104/benchmark_results/simulated_data/results/data_type/no_cnv/0009/true_evo_events_sites_names	/raid/kang/DelSIEVE/simulation_results/IndelSIEVE_benchmark_pipeline_sa_104/benchmark_results/sciphi/no_cnv/0009/post_processed/sciphi.loci_info	/raid/kang/DelSIEVE/simulation_results/IndelSIEVE_benchmark_pipeline_sa_104/benchmark_results/simulated_data/results/data_type/no_cnv/0009/true_evo_events_genotypes_numeric	/raid/kang/DelSIEVE/simulation_results/IndelSIEVE_benchmark_pipeline_sa_104/benchmark_results/sciphi/no_cnv/0009/post_processed/sciphi.genotypes	/raid/kang/DelSIEVE/simulation_results/IndelSIEVE_benchmark_pipeline_sa_104/benchmark_results/simulated_data/results/data_type/no_cnv/0009/true_evo_events_ternary_matrix.simple	/raid/kang/DelSIEVE/simulation_results/IndelSIEVE_benchmark_pipeline_sa_104/benchmark_results/sciphi/no_cnv/0009/post_processed/sciphi.ternary	/raid/kang/DelSIEVE/simulation_results/IndelSIEVE_benchmark_pipeline_sa_104/benchmark_results/sciphi/no_cnv/0009/post_processed/sciphi.genotype_probs	4527	76	34460	2017	0.6917787286063569	0.9834890288941994	0.8122364761819323	0.0022006022700949	4527	76	35949	528	0.8955489614243324	0.9834890288941994	0.937461172085318	0.0021096460791117	4516	87	35952	525	0.8958539972227733	0.9810992830762546	0.9365408544172542	0.0024140514442687	0	0	41071	9	0.0	NA	NA	0.0	9	76	0	9	0	0	18782	98	0.0	NA	0.0	NA	0	0	18880	0	NA	NA	0.0	NA	0	0	18875	5	0.0	NA	0.0	NA	0	0	18787	93	0.0	NA	0.0	NA	93	0	2	0	0	0	18880	0	NA	NA	0.0	NA
40	20	10	0.001999	0.3	1e-06	2.5e-07	0.0	0010	sciphi	candidate_snvs	NA	NA	no_cnv	/raid/kang/DelSIEVE/simulation_results/IndelSIEVE_benchmark_pipeline_sa_104/benchmark_results/simulated_data/results/cell_names	/raid/kang/DelSIEVE/simulation_results/IndelSIEVE_benchmark_pipeline_sa_104/benchmark_results/sciphi/no_cnv/0010/post_processed/sciphi.cell_names	/raid/kang/DelSIEVE/simulation_results/IndelSIEVE_benchmark_pipeline_sa_104/benchmark_results/simulated_data/results/data_type/no_cnv/0010/true_evo_events_sites_names	/raid/kang/DelSIEVE/simulation_results/IndelSIEVE_benchmark_pipeline_sa_104/benchmark_results/sciphi/no_cnv/0010/post_processed/sciphi.loci_info	/raid/kang/DelSIEVE/simulation_results/IndelSIEVE_benchmark_pipeline_sa_104/benchmark_results/simulated_data/results/data_type/no_cnv/0010/true_evo_events_genotypes_numeric	/raid/kang/DelSIEVE/simulation_results/IndelSIEVE_benchmark_pipeline_sa_104/benchmark_results/sciphi/no_cnv/0010/post_processed/sciphi.genotypes	/raid/kang/DelSIEVE/simulation_results/IndelSIEVE_benchmark_pipeline_sa_104/benchmark_results/simulated_data/results/data_type/no_cnv/0010/true_evo_events_ternary_matrix.simple	/raid/kang/DelSIEVE/simulation_results/IndelSIEVE_benchmark_pipeline_sa_104/benchmark_results/sciphi/no_cnv/0010/post_processed/sciphi.ternary	/raid/kang/DelSIEVE/simulation_results/IndelSIEVE_benchmark_pipeline_sa_104/benchmark_results/sciphi/no_cnv/0010/post_processed/sciphi.genotype_probs	5424	21	37064	2291	0.7030460142579391	0.9961432506887052	0.8243161094224924	0.0005662666846433	5414	31	38780	575	0.9039906495241276	0.9943067033976124	0.9470001749169144	0.0007987426245136	5363	82	38781	574	0.9033181741620347	0.9849403122130396	0.9423651379370938	0.0021099760697835	0	0	44786	14	0.0	NA	NA	0.0	14	21	1	13	0	0	19975	105	0.0	NA	0.0	NA	0	0	20080	0	NA	NA	0.0	NA	0	0	20042	38	0.0	NA	0.0	NA	0	0	20013	67	0.0	NA	0.0	NA	57	10	38	0	0	0	20080	0	NA	NA	0.0	NA
40	20	10	0.001999	0.3	1e-06	2.5e-07	0.0	0001	sciphin	candidate_snvs	NA	NA	no_cnv	/raid/kang/DelSIEVE/simulation_results/IndelSIEVE_benchmark_pipeline_sa_104/benchmark_results/simulated_data/results/cell_names	/raid/kang/DelSIEVE/simulation_results/IndelSIEVE_benchmark_pipeline_sa_104/benchmark_results/sciphin/no_cnv/0001/post_processed/sciphin.cell_names	/raid/kang/DelSIEVE/simulation_results/IndelSIEVE_benchmark_pipeline_sa_104/benchmark_results/simulated_data/results/data_type/no_cnv/0001/true_evo_events_sites_names	/raid/kang/DelSIEVE/simulation_results/IndelSIEVE_benchmark_pipeline_sa_104/benchmark_results/sciphin/no_cnv/0001/post_processed/sciphin.loci_info	/raid/kang/DelSIEVE/simulation_results/IndelSIEVE_benchmark_pipeline_sa_104/benchmark_results/simulated_data/results/data_type/no_cnv/0001/true_evo_events_genotypes_numeric	/raid/kang/DelSIEVE/simulation_results/IndelSIEVE_benchmark_pipeline_sa_104/benchmark_results/sciphin/no_cnv/0001/post_processed/sciphin.genotypes	/raid/kang/DelSIEVE/simulation_results/IndelSIEVE_benchmark_pipeline_sa_104/benchmark_results/simulated_data/results/data_type/no_cnv/0001/true_evo_events_ternary_matrix.simple	/raid/kang/DelSIEVE/simulation_results/IndelSIEVE_benchmark_pipeline_sa_104/benchmark_results/sciphin/no_cnv/0001/post_processed/sciphin.ternary	/raid/kang/DelSIEVE/simulation_results/IndelSIEVE_benchmark_pipeline_sa_104/benchmark_results/sciphin/no_cnv/0001/post_processed/sciphin.genotype_probs	9278	10	46229	3163	0.7457599871392975	0.9989233419465976	0.8539739518615675	0.0002162676528471	9278	10	48666	723	0.9277072292770724	0.9989233419465976	0.961999066825652	0.0002054400525926	9209	79	48667	722	0.9272983586748564	0.9914944013781224	0.95832249336594	0.0016206457965781	0	0	58608	69	0.0	NA	NA	0.0	69	10	1	68	0	0	28519	41	0.0	NA	0.0	NA	0	0	28560	0	NA	NA	0.0	NA	0	0	28559	1	0.0	NA	0.0	NA	0	0	28520	40	0.0	NA	0.0	NA	40	0	1	0	0	0	28560	0	NA	NA	0.0	NA
40	20	10	0.001999	0.3	1e-06	2.5e-07	0.0	0002	sciphin	candidate_snvs	NA	NA	no_cnv	/raid/kang/DelSIEVE/simulation_results/IndelSIEVE_benchmark_pipeline_sa_104/benchmark_results/simulated_data/results/cell_names	/raid/kang/DelSIEVE/simulation_results/IndelSIEVE_benchmark_pipeline_sa_104/benchmark_results/sciphin/no_cnv/0002/post_processed/sciphin.cell_names	/raid/kang/DelSIEVE/simulation_results/IndelSIEVE_benchmark_pipeline_sa_104/benchmark_results/simulated_data/results/data_type/no_cnv/0002/true_evo_events_sites_names	/raid/kang/DelSIEVE/simulation_results/IndelSIEVE_benchmark_pipeline_sa_104/benchmark_results/sciphin/no_cnv/0002/post_processed/sciphin.loci_info	/raid/kang/DelSIEVE/simulation_results/IndelSIEVE_benchmark_pipeline_sa_104/benchmark_results/simulated_data/results/data_type/no_cnv/0002/true_evo_events_genotypes_numeric	/raid/kang/DelSIEVE/simulation_results/IndelSIEVE_benchmark_pipeline_sa_104/benchmark_results/sciphin/no_cnv/0002/post_processed/sciphin.genotypes	/raid/kang/DelSIEVE/simulation_results/IndelSIEVE_benchmark_pipeline_sa_104/benchmark_results/simulated_data/results/data_type/no_cnv/0002/true_evo_events_ternary_matrix.simple	/raid/kang/DelSIEVE/simulation_results/IndelSIEVE_benchmark_pipeline_sa_104/benchmark_results/sciphin/no_cnv/0002/post_processed/sciphin.ternary	/raid/kang/DelSIEVE/simulation_results/IndelSIEVE_benchmark_pipeline_sa_104/benchmark_results/sciphin/no_cnv/0002/post_processed/sciphin.genotype_probs	5396	4	38861	1939	0.7356509884117246	0.9992592592592592	0.8474283470749903	0.0001029203653672	5395	5	40226	573	0.9039879356568364	0.999074074074074	0.949155524278677	0.0001242822698913	5346	54	40226	573	0.9031931069437404	0.99	0.944606413994169	0.0013406156901688	0	0	46169	30	0.0	NA	NA	0.0	30	4	0	30	0	0	24094	66	0.0	NA	0.0	NA	0	0	24160	0	NA	NA	0.0	NA	0	0	24141	19	0.0	NA	0.0	NA	0	0	24113	47	0.0	NA	0.0	NA	46	1	19	0	0	0	24160	0	NA	NA	0.0	NA
40	20	10	0.001999	0.3	1e-06	2.5e-07	0.0	0003	sciphin	candidate_snvs	NA	NA	no_cnv	/raid/kang/DelSIEVE/simulation_results/IndelSIEVE_benchmark_pipeline_sa_104/benchmark_results/simulated_data/results/cell_names	/raid/kang/DelSIEVE/simulation_results/IndelSIEVE_benchmark_pipeline_sa_104/benchmark_results/sciphin/no_cnv/0003/post_processed/sciphin.cell_names	/raid/kang/DelSIEVE/simulation_results/IndelSIEVE_benchmark_pipeline_sa_104/benchmark_results/simulated_data/results/data_type/no_cnv/0003/true_evo_events_sites_names	/raid/kang/DelSIEVE/simulation_results/IndelSIEVE_benchmark_pipeline_sa_104/benchmark_results/sciphin/no_cnv/0003/post_processed/sciphin.loci_info	/raid/kang/DelSIEVE/simulation_results/IndelSIEVE_benchmark_pipeline_sa_104/benchmark_results/simulated_data/results/data_type/no_cnv/0003/true_evo_events_genotypes_numeric	/raid/kang/DelSIEVE/simulation_results/IndelSIEVE_benchmark_pipeline_sa_104/benchmark_results/sciphin/no_cnv/0003/post_processed/sciphin.genotypes	/raid/kang/DelSIEVE/simulation_results/IndelSIEVE_benchmark_pipeline_sa_104/benchmark_results/simulated_data/results/data_type/no_cnv/0003/true_evo_events_ternary_matrix.simple	/raid/kang/DelSIEVE/simulation_results/IndelSIEVE_benchmark_pipeline_sa_104/benchmark_results/sciphin/no_cnv/0003/post_processed/sciphin.ternary	/raid/kang/DelSIEVE/simulation_results/IndelSIEVE_benchmark_pipeline_sa_104/benchmark_results/sciphin/no_cnv/0003/post_processed/sciphin.genotype_probs	6832	6	33581	1861	0.7859197055101806	0.999122550453349	0.8797888094778186	0.0001786405454491	6832	6	34901	541	0.9266241692662416	0.999122550453349	0.961508690451059	0.0001718852952129	6812	26	34901	541	0.9264245886032912	0.9961977186311788	0.9600450990064124	0.0007444097689466	0	0	42267	13	0.0	NA	NA	0.0	13	6	0	13	0	0	21663	57	0.0	NA	0.0	NA	0	0	21720	0	NA	NA	0.0	NA	0	0	21713	7	0.0	NA	0.0	NA	0	0	21670	50	0.0	NA	0.0	NA	50	0	7	0	0	0	21720	0	NA	NA	0.0	NA
40	20	10	0.001999	0.3	1e-06	2.5e-07	0.0	0004	sciphin	candidate_snvs	NA	NA	no_cnv	/raid/kang/DelSIEVE/simulation_results/IndelSIEVE_benchmark_pipeline_sa_104/benchmark_results/simulated_data/results/cell_names	/raid/kang/DelSIEVE/simulation_results/IndelSIEVE_benchmark_pipeline_sa_104/benchmark_results/sciphin/no_cnv/0004/post_processed/sciphin.cell_names	/raid/kang/DelSIEVE/simulation_results/IndelSIEVE_benchmark_pipeline_sa_104/benchmark_results/simulated_data/results/data_type/no_cnv/0004/true_evo_events_sites_names	/raid/kang/DelSIEVE/simulation_results/IndelSIEVE_benchmark_pipeline_sa_104/benchmark_results/sciphin/no_cnv/0004/post_processed/sciphin.loci_info	/raid/kang/DelSIEVE/simulation_results/IndelSIEVE_benchmark_pipeline_sa_104/benchmark_results/simulated_data/results/data_type/no_cnv/0004/true_evo_events_genotypes_numeric	/raid/kang/DelSIEVE/simulation_results/IndelSIEVE_benchmark_pipeline_sa_104/benchmark_results/sciphin/no_cnv/0004/post_processed/sciphin.genotypes	/raid/kang/DelSIEVE/simulation_results/IndelSIEVE_benchmark_pipeline_sa_104/benchmark_results/simulated_data/results/data_type/no_cnv/0004/true_evo_events_ternary_matrix.simple	/raid/kang/DelSIEVE/simulation_results/IndelSIEVE_benchmark_pipeline_sa_104/benchmark_results/sciphin/no_cnv/0004/post_processed/sciphin.ternary	/raid/kang/DelSIEVE/simulation_results/IndelSIEVE_benchmark_pipeline_sa_104/benchmark_results/sciphin/no_cnv/0004/post_processed/sciphin.genotype_probs	4672	13	40861	2374	0.6630712460970763	0.9972251867662754	0.7965220356320859	0.0003180505945099	4670	15	42594	641	0.8793070984748634	0.9967982924226254	0.9343737494998	0.0003520383017672	4667	18	42595	640	0.8794045600150744	0.9961579509071504	0.9341473178542834	0.0004224063079341	0	0	47916	4	0.0	NA	NA	0.0	4	13	1	3	0	0	19863	57	0.0	NA	0.0	NA	0	0	19920	0	NA	NA	0.0	NA	0	0	19920	0	NA	NA	0.0	NA	0	0	19863	57	0.0	NA	0.0	NA	55	2	0	0	0	0	19920	0	NA	NA	0.0	NA
40	20	10	0.001999	0.3	1e-06	2.5e-07	0.0	0005	sciphin	candidate_snvs	NA	NA	no_cnv	/raid/kang/DelSIEVE/simulation_results/IndelSIEVE_benchmark_pipeline_sa_104/benchmark_results/simulated_data/results/cell_names	/raid/kang/DelSIEVE/simulation_results/IndelSIEVE_benchmark_pipeline_sa_104/benchmark_results/sciphin/no_cnv/0005/post_processed/sciphin.cell_names	/raid/kang/DelSIEVE/simulation_results/IndelSIEVE_benchmark_pipeline_sa_104/benchmark_results/simulated_data/results/data_type/no_cnv/0005/true_evo_events_sites_names	/raid/kang/DelSIEVE/simulation_results/IndelSIEVE_benchmark_pipeline_sa_104/benchmark_results/sciphin/no_cnv/0005/post_processed/sciphin.loci_info	/raid/kang/DelSIEVE/simulation_results/IndelSIEVE_benchmark_pipeline_sa_104/benchmark_results/simulated_data/results/data_type/no_cnv/0005/true_evo_events_genotypes_numeric	/raid/kang/DelSIEVE/simulation_results/IndelSIEVE_benchmark_pipeline_sa_104/benchmark_results/sciphin/no_cnv/0005/post_processed/sciphin.genotypes	/raid/kang/DelSIEVE/simulation_results/IndelSIEVE_benchmark_pipeline_sa_104/benchmark_results/simulated_data/results/data_type/no_cnv/0005/true_evo_events_ternary_matrix.simple	/raid/kang/DelSIEVE/simulation_results/IndelSIEVE_benchmark_pipeline_sa_104/benchmark_results/sciphin/no_cnv/0005/post_processed/sciphin.ternary	/raid/kang/DelSIEVE/simulation_results/IndelSIEVE_benchmark_pipeline_sa_104/benchmark_results/sciphin/no_cnv/0005/post_processed/sciphin.genotype_probs	6962	12	43301	2245	0.756163788421853	0.9982793232004588	0.8605154193189544	0.0002770530787523	6961	13	44871	674	0.9117223313686968	0.9981359334671638	0.9529741939900062	0.0002896355048569	6905	69	44872	673	0.9111902876748482	0.9901061084026384	0.9490104452996152	0.001535346342983	0	0	52479	40	0.0	NA	NA	0.0	40	12	0	40	0	0	22653	67	0.0	NA	0.0	NA	0	0	22720	0	NA	NA	0.0	NA	0	0	22703	17	0.0	NA	0.0	NA	0	0	22670	50	0.0	NA	0.0	NA	49	1	16	0	0	0	22720	0	NA	NA	0.0	NA
40	20	10	0.001999	0.3	1e-06	2.5e-07	0.0	0006	sciphin	candidate_snvs	NA	NA	no_cnv	/raid/kang/DelSIEVE/simulation_results/IndelSIEVE_benchmark_pipeline_sa_104/benchmark_results/simulated_data/results/cell_names	/raid/kang/DelSIEVE/simulation_results/IndelSIEVE_benchmark_pipeline_sa_104/benchmark_results/sciphin/no_cnv/0006/post_processed/sciphin.cell_names	/raid/kang/DelSIEVE/simulation_results/IndelSIEVE_benchmark_pipeline_sa_104/benchmark_results/simulated_data/results/data_type/no_cnv/0006/true_evo_events_sites_names	/raid/kang/DelSIEVE/simulation_results/IndelSIEVE_benchmark_pipeline_sa_104/benchmark_results/sciphin/no_cnv/0006/post_processed/sciphin.loci_info	/raid/kang/DelSIEVE/simulation_results/IndelSIEVE_benchmark_pipeline_sa_104/benchmark_results/simulated_data/results/data_type/no_cnv/0006/true_evo_events_genotypes_numeric	/raid/kang/DelSIEVE/simulation_results/IndelSIEVE_benchmark_pipeline_sa_104/benchmark_results/sciphin/no_cnv/0006/post_processed/sciphin.genotypes	/raid/kang/DelSIEVE/simulation_results/IndelSIEVE_benchmark_pipeline_sa_104/benchmark_results/simulated_data/results/data_type/no_cnv/0006/true_evo_events_ternary_matrix.simple	/raid/kang/DelSIEVE/simulation_results/IndelSIEVE_benchmark_pipeline_sa_104/benchmark_results/sciphin/no_cnv/0006/post_processed/sciphin.ternary	/raid/kang/DelSIEVE/simulation_results/IndelSIEVE_benchmark_pipeline_sa_104/benchmark_results/sciphin/no_cnv/0006/post_processed/sciphin.genotype_probs	5676	7	26404	1953	0.7440031458906803	0.9987682562027098	0.8527644230769231	0.0002650410813676	5674	9	27910	447	0.9269727168763274	0.998416329403484	0.9613690274483226	0.0003223611160858	5634	49	27910	447	0.9264923532313764	0.9913777934189688	0.9578374702482148	0.0017525662577345	0	0	34000	40	0.0	NA	NA	0.0	40	7	0	40	0	0	17382	58	0.0	NA	0.0	NA	0	0	17440	0	NA	NA	0.0	NA	0	0	17440	0	NA	NA	0.0	NA	0	0	17382	58	0.0	NA	0.0	NA	56	2	0	0	0	0	17440	0	NA	NA	0.0	NA
40	20	10	0.001999	0.3	1e-06	2.5e-07	0.0	0007	sciphin	candidate_snvs	NA	NA	no_cnv	/raid/kang/DelSIEVE/simulation_results/IndelSIEVE_benchmark_pipeline_sa_104/benchmark_results/simulated_data/results/cell_names	/raid/kang/DelSIEVE/simulation_results/IndelSIEVE_benchmark_pipeline_sa_104/benchmark_results/sciphin/no_cnv/0007/post_processed/sciphin.cell_names	/raid/kang/DelSIEVE/simulation_results/IndelSIEVE_benchmark_pipeline_sa_104/benchmark_results/simulated_data/results/data_type/no_cnv/0007/true_evo_events_sites_names	/raid/kang/DelSIEVE/simulation_results/IndelSIEVE_benchmark_pipeline_sa_104/benchmark_results/sciphin/no_cnv/0007/post_processed/sciphin.loci_info	/raid/kang/DelSIEVE/simulation_results/IndelSIEVE_benchmark_pipeline_sa_104/benchmark_results/simulated_data/results/data_type/no_cnv/0007/true_evo_events_genotypes_numeric	/raid/kang/DelSIEVE/simulation_results/IndelSIEVE_benchmark_pipeline_sa_104/benchmark_results/sciphin/no_cnv/0007/post_processed/sciphin.genotypes	/raid/kang/DelSIEVE/simulation_results/IndelSIEVE_benchmark_pipeline_sa_104/benchmark_results/simulated_data/results/data_type/no_cnv/0007/true_evo_events_ternary_matrix.simple	/raid/kang/DelSIEVE/simulation_results/IndelSIEVE_benchmark_pipeline_sa_104/benchmark_results/sciphin/no_cnv/0007/post_processed/sciphin.ternary	/raid/kang/DelSIEVE/simulation_results/IndelSIEVE_benchmark_pipeline_sa_104/benchmark_results/sciphin/no_cnv/0007/post_processed/sciphin.genotype_probs	11047	11	46761	3181	0.7764267641270733	0.9990052450714416	0.8737641382583248	0.0002351834430856	11041	17	49245	693	0.9409408556332026	0.998462651474046	0.9688487188487188	0.0003450935812593	10948	110	49250	688	0.940873152286009	0.9900524507144148	0.9648365206662554	0.0022285251215559	0	0	60935	61	0.0	NA	NA	0.0	61	11	0	61	0	0	34340	180	0.0	NA	0.0	NA	0	0	34520	0	NA	NA	0.0	NA	0	0	34483	37	0.0	NA	0.0	NA	0	0	34377	143	0.0	NA	0.0	NA	137	6	32	0	0	0	34520	0	NA	NA	0.0	NA
40	20	10	0.001999	0.3	1e-06	2.5e-07	0.0	0008	sciphin	candidate_snvs	NA	NA	no_cnv	/raid/kang/DelSIEVE/simulation_results/IndelSIEVE_benchmark_pipeline_sa_104/benchmark_results/simulated_data/results/cell_names	/raid/kang/DelSIEVE/simulation_results/IndelSIEVE_benchmark_pipeline_sa_104/benchmark_results/sciphin/no_cnv/0008/post_processed/sciphin.cell_names	/raid/kang/DelSIEVE/simulation_results/IndelSIEVE_benchmark_pipeline_sa_104/benchmark_results/simulated_data/results/data_type/no_cnv/0008/true_evo_events_sites_names	/raid/kang/DelSIEVE/simulation_results/IndelSIEVE_benchmark_pipeline_sa_104/benchmark_results/sciphin/no_cnv/0008/post_processed/sciphin.loci_info	/raid/kang/DelSIEVE/simulation_results/IndelSIEVE_benchmark_pipeline_sa_104/benchmark_results/simulated_data/results/data_type/no_cnv/0008/true_evo_events_genotypes_numeric	/raid/kang/DelSIEVE/simulation_results/IndelSIEVE_benchmark_pipeline_sa_104/benchmark_results/sciphin/no_cnv/0008/post_processed/sciphin.genotypes	/raid/kang/DelSIEVE/simulation_results/IndelSIEVE_benchmark_pipeline_sa_104/benchmark_results/simulated_data/results/data_type/no_cnv/0008/true_evo_events_ternary_matrix.simple	/raid/kang/DelSIEVE/simulation_results/IndelSIEVE_benchmark_pipeline_sa_104/benchmark_results/sciphin/no_cnv/0008/post_processed/sciphin.ternary	/raid/kang/DelSIEVE/simulation_results/IndelSIEVE_benchmark_pipeline_sa_104/benchmark_results/sciphin/no_cnv/0008/post_processed/sciphin.genotype_probs	8052	3	42841	2784	0.743078626799557	0.9996275605214152	0.8524694298872479	7.002147325179722e-05	8044	11	44908	716	0.9182648401826484	0.9986343885785226	0.9567647933392804	0.0002448852378726	8012	43	44909	715	0.9180703563653032	0.9946617008069522	0.9548325586938388	0.0009565759031856	0	0	53663	16	0.0	NA	NA	0.0	16	3	0	16	0	0	23846	74	0.0	NA	0.0	NA	0	0	23920	0	NA	NA	0.0	NA	0	0	23903	17	0.0	NA	0.0	NA	0	0	23863	57	0.0	NA	0.0	NA	49	8	16	0	0	0	23920	0	NA	NA	0.0	NA
40	20	10	0.001999	0.3	1e-06	2.5e-07	0.0	0009	sciphin	candidate_snvs	NA	NA	no_cnv	/raid/kang/DelSIEVE/simulation_results/IndelSIEVE_benchmark_pipeline_sa_104/benchmark_results/simulated_data/results/cell_names	/raid/kang/DelSIEVE/simulation_results/IndelSIEVE_benchmark_pipeline_sa_104/benchmark_results/sciphin/no_cnv/0009/post_processed/sciphin.cell_names	/raid/kang/DelSIEVE/simulation_results/IndelSIEVE_benchmark_pipeline_sa_104/benchmark_results/simulated_data/results/data_type/no_cnv/0009/true_evo_events_sites_names	/raid/kang/DelSIEVE/simulation_results/IndelSIEVE_benchmark_pipeline_sa_104/benchmark_results/sciphin/no_cnv/0009/post_processed/sciphin.loci_info	/raid/kang/DelSIEVE/simulation_results/IndelSIEVE_benchmark_pipeline_sa_104/benchmark_results/simulated_data/results/data_type/no_cnv/0009/true_evo_events_genotypes_numeric	/raid/kang/DelSIEVE/simulation_results/IndelSIEVE_benchmark_pipeline_sa_104/benchmark_results/sciphin/no_cnv/0009/post_processed/sciphin.genotypes	/raid/kang/DelSIEVE/simulation_results/IndelSIEVE_benchmark_pipeline_sa_104/benchmark_results/simulated_data/results/data_type/no_cnv/0009/true_evo_events_ternary_matrix.simple	/raid/kang/DelSIEVE/simulation_results/IndelSIEVE_benchmark_pipeline_sa_104/benchmark_results/sciphin/no_cnv/0009/post_processed/sciphin.ternary	/raid/kang/DelSIEVE/simulation_results/IndelSIEVE_benchmark_pipeline_sa_104/benchmark_results/sciphin/no_cnv/0009/post_processed/sciphin.genotype_probs	4510	12	34524	2034	0.6891809290953546	0.9973463069438302	0.8151093439363817	0.0003474635163307	4510	12	36013	545	0.8921859545004945	0.9973463069438302	0.9418398245797222	0.0003331020124913	4499	23	36016	542	0.8924816504661773	0.9949137549756744	0.9409181219282652	0.0006381975082549	0	0	41071	9	0.0	NA	NA	0.0	9	12	0	9	0	0	18782	98	0.0	NA	0.0	NA	0	0	18880	0	NA	NA	0.0	NA	0	0	18875	5	0.0	NA	0.0	NA	0	0	18787	93	0.0	NA	0.0	NA	93	0	2	0	0	0	18880	0	NA	NA	0.0	NA
40	20	10	0.001999	0.3	1e-06	2.5e-07	0.0	0010	sciphin	candidate_snvs	NA	NA	no_cnv	/raid/kang/DelSIEVE/simulation_results/IndelSIEVE_benchmark_pipeline_sa_104/benchmark_results/simulated_data/results/cell_names	/raid/kang/DelSIEVE/simulation_results/IndelSIEVE_benchmark_pipeline_sa_104/benchmark_results/sciphin/no_cnv/0010/post_processed/sciphin.cell_names	/raid/kang/DelSIEVE/simulation_results/IndelSIEVE_benchmark_pipeline_sa_104/benchmark_results/simulated_data/results/data_type/no_cnv/0010/true_evo_events_sites_names	/raid/kang/DelSIEVE/simulation_results/IndelSIEVE_benchmark_pipeline_sa_104/benchmark_results/sciphin/no_cnv/0010/post_processed/sciphin.loci_info	/raid/kang/DelSIEVE/simulation_results/IndelSIEVE_benchmark_pipeline_sa_104/benchmark_results/simulated_data/results/data_type/no_cnv/0010/true_evo_events_genotypes_numeric	/raid/kang/DelSIEVE/simulation_results/IndelSIEVE_benchmark_pipeline_sa_104/benchmark_results/sciphin/no_cnv/0010/post_processed/sciphin.genotypes	/raid/kang/DelSIEVE/simulation_results/IndelSIEVE_benchmark_pipeline_sa_104/benchmark_results/simulated_data/results/data_type/no_cnv/0010/true_evo_events_ternary_matrix.simple	/raid/kang/DelSIEVE/simulation_results/IndelSIEVE_benchmark_pipeline_sa_104/benchmark_results/sciphin/no_cnv/0010/post_processed/sciphin.ternary	/raid/kang/DelSIEVE/simulation_results/IndelSIEVE_benchmark_pipeline_sa_104/benchmark_results/sciphin/no_cnv/0010/post_processed/sciphin.genotype_probs	5431	6	37079	2284	0.703953337653921	0.9988964502482988	0.8258819951338201	0.0001617904813266	5431	6	38805	558	0.9068291868425448	0.9988964502482988	0.950638893751094	0.00015459534668	5380	57	38806	557	0.9061815731851104	0.9895162773588376	0.9460172322841568	0.0014666906826544	0	0	44786	14	0.0	NA	NA	0.0	14	6	1	13	0	0	19975	105	0.0	NA	0.0	NA	0	0	20080	0	NA	NA	0.0	NA	0	0	20042	38	0.0	NA	0.0	NA	0	0	20013	67	0.0	NA	0.0	NA	67	0	38	0	0	0	20080	0	NA	NA	0.0	NA
40	20	10	0.001999	0.3	1e-06	2.5e-07	0.0	0001	sieve	candidate_snvs	smc_mu_sa_stage_1	mt	no_cnv	/raid/kang/DelSIEVE/simulation_results/IndelSIEVE_benchmark_pipeline_sa_104/benchmark_results/simulated_data/results/cell_names	/raid/kang/DelSIEVE/simulation_results/IndelSIEVE_benchmark_pipeline_sa_104/benchmark_results/indelsieve/from_candidate/variant_calling/mt/no_cnv/smc_mu_sa_stage_1/0001/indelsieve_median.cell_names	/raid/kang/DelSIEVE/simulation_results/IndelSIEVE_benchmark_pipeline_sa_104/benchmark_results/simulated_data/results/data_type/no_cnv/0001/true_evo_events_sites_names	/raid/kang/DelSIEVE/simulation_results/IndelSIEVE_benchmark_pipeline_sa_104/benchmark_results/indelsieve/from_candidate/variant_calling/mt/no_cnv/smc_mu_sa_stage_1/0001/indelsieve_median.loci_info	/raid/kang/DelSIEVE/simulation_results/IndelSIEVE_benchmark_pipeline_sa_104/benchmark_results/simulated_data/results/data_type/no_cnv/0001/true_evo_events_genotypes_numeric	/raid/kang/DelSIEVE/simulation_results/IndelSIEVE_benchmark_pipeline_sa_104/benchmark_results/indelsieve/from_candidate/variant_calling/mt/no_cnv/smc_mu_sa_stage_1/0001/indelsieve_median.genotypes	/raid/kang/DelSIEVE/simulation_results/IndelSIEVE_benchmark_pipeline_sa_104/benchmark_results/simulated_data/results/data_type/no_cnv/0001/true_evo_events_ternary_matrix.simple	/raid/kang/DelSIEVE/simulation_results/IndelSIEVE_benchmark_pipeline_sa_104/benchmark_results/indelsieve/from_candidate/variant_calling/mt/no_cnv/smc_mu_sa_stage_1/0001/indelsieve_median.ternary	/raid/kang/DelSIEVE/simulation_results/IndelSIEVE_benchmark_pipeline_sa_104/benchmark_results/indelsieve/from_candidate/variant_calling/mt/no_cnv/smc_mu_sa_stage_1/0001/indelsieve_median.probs	9409	44	46195	3032	0.7562896873241701	0.995345392996932	0.8595048871837033	0.0009515776725275	9408	45	48631	593	0.9407059294070592	0.9952396064741352	0.967204687981906	0.0009244802366669	9332	53	48693	599	0.9396838183465914	0.9943526904635056	0.9662455995030026	0.0010872686989701	61	7	58601	8	0.8840579710144928	0.8970588235294118	0.8905109489051095	0.0001194376194376	69	44	1	7	0	0	28239	41	0.0	NA	0.0	NA	0	0	28280	0	NA	NA	0.0	NA	0	0	28279	1	0.0	NA	0.0	NA	0	0	28240	40	0.0	NA	0.0	NA	39	1	1	0	0	0	28280	0	NA	NA	0.0	NA
40	20	10	0.001999	0.3	1e-06	2.5e-07	0.0	0002	sieve	candidate_snvs	smc_mu_sa_stage_1	mt	no_cnv	/raid/kang/DelSIEVE/simulation_results/IndelSIEVE_benchmark_pipeline_sa_104/benchmark_results/simulated_data/results/cell_names	/raid/kang/DelSIEVE/simulation_results/IndelSIEVE_benchmark_pipeline_sa_104/benchmark_results/indelsieve/from_candidate/variant_calling/mt/no_cnv/smc_mu_sa_stage_1/0002/indelsieve_median.cell_names	/raid/kang/DelSIEVE/simulation_results/IndelSIEVE_benchmark_pipeline_sa_104/benchmark_results/simulated_data/results/data_type/no_cnv/0002/true_evo_events_sites_names	/raid/kang/DelSIEVE/simulation_results/IndelSIEVE_benchmark_pipeline_sa_104/benchmark_results/indelsieve/from_candidate/variant_calling/mt/no_cnv/smc_mu_sa_stage_1/0002/indelsieve_median.loci_info	/raid/kang/DelSIEVE/simulation_results/IndelSIEVE_benchmark_pipeline_sa_104/benchmark_results/simulated_data/results/data_type/no_cnv/0002/true_evo_events_genotypes_numeric	/raid/kang/DelSIEVE/simulation_results/IndelSIEVE_benchmark_pipeline_sa_104/benchmark_results/indelsieve/from_candidate/variant_calling/mt/no_cnv/smc_mu_sa_stage_1/0002/indelsieve_median.genotypes	/raid/kang/DelSIEVE/simulation_results/IndelSIEVE_benchmark_pipeline_sa_104/benchmark_results/simulated_data/results/data_type/no_cnv/0002/true_evo_events_ternary_matrix.simple	/raid/kang/DelSIEVE/simulation_results/IndelSIEVE_benchmark_pipeline_sa_104/benchmark_results/indelsieve/from_candidate/variant_calling/mt/no_cnv/smc_mu_sa_stage_1/0002/indelsieve_median.ternary	/raid/kang/DelSIEVE/simulation_results/IndelSIEVE_benchmark_pipeline_sa_104/benchmark_results/indelsieve/from_candidate/variant_calling/mt/no_cnv/smc_mu_sa_stage_1/0002/indelsieve_median.probs	5505	21	38844	1830	0.7505112474437627	0.996199782844734	0.8560765103802193	0.0005403319181783	5502	24	40207	466	0.921916890080429	0.995656894679696	0.9573690621193668	0.0005965548954786	5447	35	40245	472	0.920256800135158	0.9936154688070048	0.9555302166476626	0.0008689175769612	26	18	46151	4	0.8666666666666667	0.5909090909090909	0.7027027027027029	0.0003898719920292	30	21	0	4	0	0	24054	66	0.0	NA	0.0	NA	0	0	24120	0	NA	NA	0.0	NA	0	0	24101	19	0.0	NA	0.0	NA	0	0	24073	47	0.0	NA	0.0	NA	44	3	7	12	0	0	24120	0	NA	NA	0.0	NA
40	20	10	0.001999	0.3	1e-06	2.5e-07	0.0	0003	sieve	candidate_snvs	smc_mu_sa_stage_1	mt	no_cnv	/raid/kang/DelSIEVE/simulation_results/IndelSIEVE_benchmark_pipeline_sa_104/benchmark_results/simulated_data/results/cell_names	/raid/kang/DelSIEVE/simulation_results/IndelSIEVE_benchmark_pipeline_sa_104/benchmark_results/indelsieve/from_candidate/variant_calling/mt/no_cnv/smc_mu_sa_stage_1/0003/indelsieve_median.cell_names	/raid/kang/DelSIEVE/simulation_results/IndelSIEVE_benchmark_pipeline_sa_104/benchmark_results/simulated_data/results/data_type/no_cnv/0003/true_evo_events_sites_names	/raid/kang/DelSIEVE/simulation_results/IndelSIEVE_benchmark_pipeline_sa_104/benchmark_results/indelsieve/from_candidate/variant_calling/mt/no_cnv/smc_mu_sa_stage_1/0003/indelsieve_median.loci_info	/raid/kang/DelSIEVE/simulation_results/IndelSIEVE_benchmark_pipeline_sa_104/benchmark_results/simulated_data/results/data_type/no_cnv/0003/true_evo_events_genotypes_numeric	/raid/kang/DelSIEVE/simulation_results/IndelSIEVE_benchmark_pipeline_sa_104/benchmark_results/indelsieve/from_candidate/variant_calling/mt/no_cnv/smc_mu_sa_stage_1/0003/indelsieve_median.genotypes	/raid/kang/DelSIEVE/simulation_results/IndelSIEVE_benchmark_pipeline_sa_104/benchmark_results/simulated_data/results/data_type/no_cnv/0003/true_evo_events_ternary_matrix.simple	/raid/kang/DelSIEVE/simulation_results/IndelSIEVE_benchmark_pipeline_sa_104/benchmark_results/indelsieve/from_candidate/variant_calling/mt/no_cnv/smc_mu_sa_stage_1/0003/indelsieve_median.ternary	/raid/kang/DelSIEVE/simulation_results/IndelSIEVE_benchmark_pipeline_sa_104/benchmark_results/indelsieve/from_candidate/variant_calling/mt/no_cnv/smc_mu_sa_stage_1/0003/indelsieve_median.probs	6901	43	33544	1792	0.7938571264235592	0.993807603686636	0.8826501247042271	0.0012802572423854	6901	43	34864	472	0.9359826393598264	0.993807603686636	0.9640287769784172	0.0012318446156931	6880	47	34880	473	0.935672514619883	0.9932149559693952	0.9635854341736694	0.0013456638130958	9	8	42259	4	0.6923076923076923	0.5294117647058824	0.5999999999999999	0.0001892729552606	13	43	0	4	0	0	21543	57	0.0	NA	0.0	NA	0	0	21600	0	NA	NA	0.0	NA	0	0	21593	7	0.0	NA	0.0	NA	0	0	21550	50	0.0	NA	0.0	NA	50	0	0	7	0	0	21600	0	NA	NA	0.0	NA
40	20	10	0.001999	0.3	1e-06	2.5e-07	0.0	0004	sieve	candidate_snvs	smc_mu_sa_stage_1	mt	no_cnv	/raid/kang/DelSIEVE/simulation_results/IndelSIEVE_benchmark_pipeline_sa_104/benchmark_results/simulated_data/results/cell_names	/raid/kang/DelSIEVE/simulation_results/IndelSIEVE_benchmark_pipeline_sa_104/benchmark_results/indelsieve/from_candidate/variant_calling/mt/no_cnv/smc_mu_sa_stage_1/0004/indelsieve_median.cell_names	/raid/kang/DelSIEVE/simulation_results/IndelSIEVE_benchmark_pipeline_sa_104/benchmark_results/simulated_data/results/data_type/no_cnv/0004/true_evo_events_sites_names	/raid/kang/DelSIEVE/simulation_results/IndelSIEVE_benchmark_pipeline_sa_104/benchmark_results/indelsieve/from_candidate/variant_calling/mt/no_cnv/smc_mu_sa_stage_1/0004/indelsieve_median.loci_info	/raid/kang/DelSIEVE/simulation_results/IndelSIEVE_benchmark_pipeline_sa_104/benchmark_results/simulated_data/results/data_type/no_cnv/0004/true_evo_events_genotypes_numeric	/raid/kang/DelSIEVE/simulation_results/IndelSIEVE_benchmark_pipeline_sa_104/benchmark_results/indelsieve/from_candidate/variant_calling/mt/no_cnv/smc_mu_sa_stage_1/0004/indelsieve_median.genotypes	/raid/kang/DelSIEVE/simulation_results/IndelSIEVE_benchmark_pipeline_sa_104/benchmark_results/simulated_data/results/data_type/no_cnv/0004/true_evo_events_ternary_matrix.simple	/raid/kang/DelSIEVE/simulation_results/IndelSIEVE_benchmark_pipeline_sa_104/benchmark_results/indelsieve/from_candidate/variant_calling/mt/no_cnv/smc_mu_sa_stage_1/0004/indelsieve_median.ternary	/raid/kang/DelSIEVE/simulation_results/IndelSIEVE_benchmark_pipeline_sa_104/benchmark_results/indelsieve/from_candidate/variant_calling/mt/no_cnv/smc_mu_sa_stage_1/0004/indelsieve_median.probs	4774	43	40831	2272	0.6775475447062163	0.9910732821258044	0.8048554328584674	0.0010520135049175	4771	46	42563	540	0.898324232724534	0.9904504878555116	0.942140600315956	0.0010795841254195	4765	46	42567	542	0.8978707367627662	0.9904385782581584	0.9418857481715754	0.0010794827869429	3	3	47913	1	0.75	0.5	0.6	6.260956674179814e-05	4	43	1	0	0	0	19823	57	0.0	NA	0.0	NA	0	0	19880	0	NA	NA	0.0	NA	0	0	19880	0	NA	NA	0.0	NA	0	0	19823	57	0.0	NA	0.0	NA	54	3	0	0	0	0	19880	0	NA	NA	0.0	NA
40	20	10	0.001999	0.3	1e-06	2.5e-07	0.0	0005	sieve	candidate_snvs	smc_mu_sa_stage_1	mt	no_cnv	/raid/kang/DelSIEVE/simulation_results/IndelSIEVE_benchmark_pipeline_sa_104/benchmark_results/simulated_data/results/cell_names	/raid/kang/DelSIEVE/simulation_results/IndelSIEVE_benchmark_pipeline_sa_104/benchmark_results/indelsieve/from_candidate/variant_calling/mt/no_cnv/smc_mu_sa_stage_1/0005/indelsieve_median.cell_names	/raid/kang/DelSIEVE/simulation_results/IndelSIEVE_benchmark_pipeline_sa_104/benchmark_results/simulated_data/results/data_type/no_cnv/0005/true_evo_events_sites_names	/raid/kang/DelSIEVE/simulation_results/IndelSIEVE_benchmark_pipeline_sa_104/benchmark_results/indelsieve/from_candidate/variant_calling/mt/no_cnv/smc_mu_sa_stage_1/0005/indelsieve_median.loci_info	/raid/kang/DelSIEVE/simulation_results/IndelSIEVE_benchmark_pipeline_sa_104/benchmark_results/simulated_data/results/data_type/no_cnv/0005/true_evo_events_genotypes_numeric	/raid/kang/DelSIEVE/simulation_results/IndelSIEVE_benchmark_pipeline_sa_104/benchmark_results/indelsieve/from_candidate/variant_calling/mt/no_cnv/smc_mu_sa_stage_1/0005/indelsieve_median.genotypes	/raid/kang/DelSIEVE/simulation_results/IndelSIEVE_benchmark_pipeline_sa_104/benchmark_results/simulated_data/results/data_type/no_cnv/0005/true_evo_events_ternary_matrix.simple	/raid/kang/DelSIEVE/simulation_results/IndelSIEVE_benchmark_pipeline_sa_104/benchmark_results/indelsieve/from_candidate/variant_calling/mt/no_cnv/smc_mu_sa_stage_1/0005/indelsieve_median.ternary	/raid/kang/DelSIEVE/simulation_results/IndelSIEVE_benchmark_pipeline_sa_104/benchmark_results/indelsieve/from_candidate/variant_calling/mt/no_cnv/smc_mu_sa_stage_1/0005/indelsieve_median.probs	7073	23	43290	2134	0.7682198327359617	0.9967587373167982	0.8676930626265106	0.0005310184009419	7070	26	44858	565	0.9259986902423052	0.9963359639233372	0.9598805240648972	0.0005792710097139	7000	38	44903	578	0.9237265769332278	0.9946007388462632	0.9578544061302684	0.0008455530584544	36	22	52457	4	0.9	0.6206896551724138	0.7346938775510204	0.0004192153051696	40	23	0	4	0	0	22653	67	0.0	NA	0.0	NA	0	0	22720	0	NA	NA	0.0	NA	0	0	22703	17	0.0	NA	0.0	NA	0	0	22670	50	0.0	NA	0.0	NA	47	3	8	9	0	0	22720	0	NA	NA	0.0	NA
40	20	10	0.001999	0.3	1e-06	2.5e-07	0.0	0006	sieve	candidate_snvs	smc_mu_sa_stage_1	mt	no_cnv	/raid/kang/DelSIEVE/simulation_results/IndelSIEVE_benchmark_pipeline_sa_104/benchmark_results/simulated_data/results/cell_names	/raid/kang/DelSIEVE/simulation_results/IndelSIEVE_benchmark_pipeline_sa_104/benchmark_results/indelsieve/from_candidate/variant_calling/mt/no_cnv/smc_mu_sa_stage_1/0006/indelsieve_mode_gaussian.cell_names	/raid/kang/DelSIEVE/simulation_results/IndelSIEVE_benchmark_pipeline_sa_104/benchmark_results/simulated_data/results/data_type/no_cnv/0006/true_evo_events_sites_names	/raid/kang/DelSIEVE/simulation_results/IndelSIEVE_benchmark_pipeline_sa_104/benchmark_results/indelsieve/from_candidate/variant_calling/mt/no_cnv/smc_mu_sa_stage_1/0006/indelsieve_mode_gaussian.loci_info	/raid/kang/DelSIEVE/simulation_results/IndelSIEVE_benchmark_pipeline_sa_104/benchmark_results/simulated_data/results/data_type/no_cnv/0006/true_evo_events_genotypes_numeric	/raid/kang/DelSIEVE/simulation_results/IndelSIEVE_benchmark_pipeline_sa_104/benchmark_results/indelsieve/from_candidate/variant_calling/mt/no_cnv/smc_mu_sa_stage_1/0006/indelsieve_mode_gaussian.genotypes	/raid/kang/DelSIEVE/simulation_results/IndelSIEVE_benchmark_pipeline_sa_104/benchmark_results/simulated_data/results/data_type/no_cnv/0006/true_evo_events_ternary_matrix.simple	/raid/kang/DelSIEVE/simulation_results/IndelSIEVE_benchmark_pipeline_sa_104/benchmark_results/indelsieve/from_candidate/variant_calling/mt/no_cnv/smc_mu_sa_stage_1/0006/indelsieve_mode_gaussian.ternary	/raid/kang/DelSIEVE/simulation_results/IndelSIEVE_benchmark_pipeline_sa_104/benchmark_results/indelsieve/from_candidate/variant_calling/mt/no_cnv/smc_mu_sa_stage_1/0006/indelsieve_mode_gaussian.probs	5734	16	26395	1895	0.7516057150347358	0.9972173913043478	0.8571642125719411	0.0006058081859831	5732	18	27901	389	0.9364482927626204	0.9968695652173912	0.9657147670794372	0.0006447222321716	5687	20	27939	394	0.9352080249958888	0.9964955318030488	0.9648795385137426	0.0007153331664222	38	5	33995	2	0.95	0.8837209302325582	0.9156626506024096	0.0001470588235294	40	16	0	2	0	0	17342	58	0.0	NA	0.0	NA	0	0	17400	0	NA	NA	0.0	NA	0	0	17400	0	NA	NA	0.0	NA	0	0	17342	58	0.0	NA	0.0	NA	56	2	0	0	0	0	17400	0	NA	NA	0.0	NA
40	20	10	0.001999	0.3	1e-06	2.5e-07	0.0	0007	sieve	candidate_snvs	smc_mu_sa_stage_1	mt	no_cnv	/raid/kang/DelSIEVE/simulation_results/IndelSIEVE_benchmark_pipeline_sa_104/benchmark_results/simulated_data/results/cell_names	/raid/kang/DelSIEVE/simulation_results/IndelSIEVE_benchmark_pipeline_sa_104/benchmark_results/indelsieve/from_candidate/variant_calling/mt/no_cnv/smc_mu_sa_stage_1/0007/indelsieve_median.cell_names	/raid/kang/DelSIEVE/simulation_results/IndelSIEVE_benchmark_pipeline_sa_104/benchmark_results/simulated_data/results/data_type/no_cnv/0007/true_evo_events_sites_names	/raid/kang/DelSIEVE/simulation_results/IndelSIEVE_benchmark_pipeline_sa_104/benchmark_results/indelsieve/from_candidate/variant_calling/mt/no_cnv/smc_mu_sa_stage_1/0007/indelsieve_median.loci_info	/raid/kang/DelSIEVE/simulation_results/IndelSIEVE_benchmark_pipeline_sa_104/benchmark_results/simulated_data/results/data_type/no_cnv/0007/true_evo_events_genotypes_numeric	/raid/kang/DelSIEVE/simulation_results/IndelSIEVE_benchmark_pipeline_sa_104/benchmark_results/indelsieve/from_candidate/variant_calling/mt/no_cnv/smc_mu_sa_stage_1/0007/indelsieve_median.genotypes	/raid/kang/DelSIEVE/simulation_results/IndelSIEVE_benchmark_pipeline_sa_104/benchmark_results/simulated_data/results/data_type/no_cnv/0007/true_evo_events_ternary_matrix.simple	/raid/kang/DelSIEVE/simulation_results/IndelSIEVE_benchmark_pipeline_sa_104/benchmark_results/indelsieve/from_candidate/variant_calling/mt/no_cnv/smc_mu_sa_stage_1/0007/indelsieve_median.ternary	/raid/kang/DelSIEVE/simulation_results/IndelSIEVE_benchmark_pipeline_sa_104/benchmark_results/indelsieve/from_candidate/variant_calling/mt/no_cnv/smc_mu_sa_stage_1/0007/indelsieve_median.probs	11143	21	46751	3085	0.7831740230531347	0.9981189537800071	0.8776780088216761	0.0004489865731634	11137	27	49235	597	0.9491222089653996	0.9975815120028664	0.9727487116778758	0.0005480898055296	11027	53	49307	609	0.9476624269508422	0.995216606498195	0.97085754534249	0.0010737439222042	51	33	60902	10	0.8360655737704918	0.6071428571428571	0.7034482758620689	0.0005415606794124	61	21	0	10	0	0	33940	180	0.0	NA	0.0	NA	0	0	34120	0	NA	NA	0.0	NA	0	0	34083	37	0.0	NA	0.0	NA	0	0	33977	143	0.0	NA	0.0	NA	137	6	16	21	0	0	34120	0	NA	NA	0.0	NA
40	20	10	0.001999	0.3	1e-06	2.5e-07	0.0	0008	sieve	candidate_snvs	smc_mu_sa_stage_1	mt	no_cnv	/raid/kang/DelSIEVE/simulation_results/IndelSIEVE_benchmark_pipeline_sa_104/benchmark_results/simulated_data/results/cell_names	/raid/kang/DelSIEVE/simulation_results/IndelSIEVE_benchmark_pipeline_sa_104/benchmark_results/indelsieve/from_candidate/variant_calling/mt/no_cnv/smc_mu_sa_stage_1/0008/indelsieve_median.cell_names	/raid/kang/DelSIEVE/simulation_results/IndelSIEVE_benchmark_pipeline_sa_104/benchmark_results/simulated_data/results/data_type/no_cnv/0008/true_evo_events_sites_names	/raid/kang/DelSIEVE/simulation_results/IndelSIEVE_benchmark_pipeline_sa_104/benchmark_results/indelsieve/from_candidate/variant_calling/mt/no_cnv/smc_mu_sa_stage_1/0008/indelsieve_median.loci_info	/raid/kang/DelSIEVE/simulation_results/IndelSIEVE_benchmark_pipeline_sa_104/benchmark_results/simulated_data/results/data_type/no_cnv/0008/true_evo_events_genotypes_numeric	/raid/kang/DelSIEVE/simulation_results/IndelSIEVE_benchmark_pipeline_sa_104/benchmark_results/indelsieve/from_candidate/variant_calling/mt/no_cnv/smc_mu_sa_stage_1/0008/indelsieve_median.genotypes	/raid/kang/DelSIEVE/simulation_results/IndelSIEVE_benchmark_pipeline_sa_104/benchmark_results/simulated_data/results/data_type/no_cnv/0008/true_evo_events_ternary_matrix.simple	/raid/kang/DelSIEVE/simulation_results/IndelSIEVE_benchmark_pipeline_sa_104/benchmark_results/indelsieve/from_candidate/variant_calling/mt/no_cnv/smc_mu_sa_stage_1/0008/indelsieve_median.ternary	/raid/kang/DelSIEVE/simulation_results/IndelSIEVE_benchmark_pipeline_sa_104/benchmark_results/indelsieve/from_candidate/variant_calling/mt/no_cnv/smc_mu_sa_stage_1/0008/indelsieve_median.probs	8166	38	42806	2670	0.7535991140642303	0.9953681131155534	0.8577731092436974	0.0008869386611894	8158	46	44873	602	0.9312785388127854	0.9943929790346172	0.9618014619193588	0.0010240655401945	8117	64	44888	610	0.9301019823536152	0.9921769954773256	0.9601372131535368	0.0014237408791599	15	8	53655	1	0.9375	0.6521739130434783	0.7692307692307693	0.0001490785084695	16	38	0	1	0	0	23726	74	0.0	NA	0.0	NA	0	0	23800	0	NA	NA	0.0	NA	0	0	23783	17	0.0	NA	0.0	NA	0	0	23743	57	0.0	NA	0.0	NA	49	8	17	0	0	0	23800	0	NA	NA	0.0	NA
40	20	10	0.001999	0.3	1e-06	2.5e-07	0.0	0009	sieve	candidate_snvs	smc_mu_sa_stage_1	mt	no_cnv	/raid/kang/DelSIEVE/simulation_results/IndelSIEVE_benchmark_pipeline_sa_104/benchmark_results/simulated_data/results/cell_names	/raid/kang/DelSIEVE/simulation_results/IndelSIEVE_benchmark_pipeline_sa_104/benchmark_results/indelsieve/from_candidate/variant_calling/mt/no_cnv/smc_mu_sa_stage_1/0009/indelsieve_median.cell_names	/raid/kang/DelSIEVE/simulation_results/IndelSIEVE_benchmark_pipeline_sa_104/benchmark_results/simulated_data/results/data_type/no_cnv/0009/true_evo_events_sites_names	/raid/kang/DelSIEVE/simulation_results/IndelSIEVE_benchmark_pipeline_sa_104/benchmark_results/indelsieve/from_candidate/variant_calling/mt/no_cnv/smc_mu_sa_stage_1/0009/indelsieve_median.loci_info	/raid/kang/DelSIEVE/simulation_results/IndelSIEVE_benchmark_pipeline_sa_104/benchmark_results/simulated_data/results/data_type/no_cnv/0009/true_evo_events_genotypes_numeric	/raid/kang/DelSIEVE/simulation_results/IndelSIEVE_benchmark_pipeline_sa_104/benchmark_results/indelsieve/from_candidate/variant_calling/mt/no_cnv/smc_mu_sa_stage_1/0009/indelsieve_median.genotypes	/raid/kang/DelSIEVE/simulation_results/IndelSIEVE_benchmark_pipeline_sa_104/benchmark_results/simulated_data/results/data_type/no_cnv/0009/true_evo_events_ternary_matrix.simple	/raid/kang/DelSIEVE/simulation_results/IndelSIEVE_benchmark_pipeline_sa_104/benchmark_results/indelsieve/from_candidate/variant_calling/mt/no_cnv/smc_mu_sa_stage_1/0009/indelsieve_median.ternary	/raid/kang/DelSIEVE/simulation_results/IndelSIEVE_benchmark_pipeline_sa_104/benchmark_results/indelsieve/from_candidate/variant_calling/mt/no_cnv/smc_mu_sa_stage_1/0009/indelsieve_median.probs	4626	41	34495	1918	0.7069070904645477	0.9912149132204844	0.8252609044688253	0.0011871670141301	4626	41	35984	429	0.91513353115727	0.9912149132204844	0.9516560378522938	0.0011380985426786	4607	50	35989	434	0.9139059710374926	0.9892634743397036	0.9500928026397196	0.0013873858875107	5	5	41066	4	0.5555555555555556	0.5	0.5263157894736842	0.0001217404007693	9	41	0	4	0	0	18662	98	0.0	NA	0.0	NA	0	0	18760	0	NA	NA	0.0	NA	0	0	18755	5	0.0	NA	0.0	NA	0	0	18667	93	0.0	NA	0.0	NA	93	0	5	0	0	0	18760	0	NA	NA	0.0	NA
40	20	10	0.001999	0.3	1e-06	2.5e-07	0.0	0010	sieve	candidate_snvs	smc_mu_sa_stage_1	mt	no_cnv	/raid/kang/DelSIEVE/simulation_results/IndelSIEVE_benchmark_pipeline_sa_104/benchmark_results/simulated_data/results/cell_names	/raid/kang/DelSIEVE/simulation_results/IndelSIEVE_benchmark_pipeline_sa_104/benchmark_results/indelsieve/from_candidate/variant_calling/mt/no_cnv/smc_mu_sa_stage_1/0010/indelsieve_median.cell_names	/raid/kang/DelSIEVE/simulation_results/IndelSIEVE_benchmark_pipeline_sa_104/benchmark_results/simulated_data/results/data_type/no_cnv/0010/true_evo_events_sites_names	/raid/kang/DelSIEVE/simulation_results/IndelSIEVE_benchmark_pipeline_sa_104/benchmark_results/indelsieve/from_candidate/variant_calling/mt/no_cnv/smc_mu_sa_stage_1/0010/indelsieve_median.loci_info	/raid/kang/DelSIEVE/simulation_results/IndelSIEVE_benchmark_pipeline_sa_104/benchmark_results/simulated_data/results/data_type/no_cnv/0010/true_evo_events_genotypes_numeric	/raid/kang/DelSIEVE/simulation_results/IndelSIEVE_benchmark_pipeline_sa_104/benchmark_results/indelsieve/from_candidate/variant_calling/mt/no_cnv/smc_mu_sa_stage_1/0010/indelsieve_median.genotypes	/raid/kang/DelSIEVE/simulation_results/IndelSIEVE_benchmark_pipeline_sa_104/benchmark_results/simulated_data/results/data_type/no_cnv/0010/true_evo_events_ternary_matrix.simple	/raid/kang/DelSIEVE/simulation_results/IndelSIEVE_benchmark_pipeline_sa_104/benchmark_results/indelsieve/from_candidate/variant_calling/mt/no_cnv/smc_mu_sa_stage_1/0010/indelsieve_median.ternary	/raid/kang/DelSIEVE/simulation_results/IndelSIEVE_benchmark_pipeline_sa_104/benchmark_results/indelsieve/from_candidate/variant_calling/mt/no_cnv/smc_mu_sa_stage_1/0010/indelsieve_median.probs	5499	32	37053	2216	0.7127673363577447	0.9942144277707468	0.8302883889476068	0.0008628825670756	5499	32	38779	490	0.9181833361162132	0.9942144277707468	0.9546875	0.000824508515627	5448	36	38827	489	0.9176351692774128	0.9934354485776804	0.9540320462306278	0.0009263309574659	10	37	44749	4	0.7142857142857143	0.2127659574468085	0.3278688524590163	0.0008261510293395	14	32	1	3	0	0	19815	105	0.0	NA	0.0	NA	0	0	19920	0	NA	NA	0.0	NA	0	0	19882	38	0.0	NA	0.0	NA	0	0	19853	67	0.0	NA	0.0	NA	67	0	1	37	0	0	19920	0	NA	NA	0.0	NA
40	20	10	0.001999	0.3	1e-06	2.5e-07	0.0	0001	indelsieve	candidate_snvs	smc_mudel_sa_stage_1	mt	no_cnv	/raid/kang/DelSIEVE/simulation_results/IndelSIEVE_benchmark_pipeline_sa_104/benchmark_results/simulated_data/results/cell_names	/raid/kang/DelSIEVE/simulation_results/IndelSIEVE_benchmark_pipeline_sa_104/benchmark_results/indelsieve/from_candidate/variant_calling/mt/no_cnv/smc_mudel_sa_stage_1/0001/indelsieve_median.cell_names	/raid/kang/DelSIEVE/simulation_results/IndelSIEVE_benchmark_pipeline_sa_104/benchmark_results/simulated_data/results/data_type/no_cnv/0001/true_evo_events_sites_names	/raid/kang/DelSIEVE/simulation_results/IndelSIEVE_benchmark_pipeline_sa_104/benchmark_results/indelsieve/from_candidate/variant_calling/mt/no_cnv/smc_mudel_sa_stage_1/0001/indelsieve_median.loci_info	/raid/kang/DelSIEVE/simulation_results/IndelSIEVE_benchmark_pipeline_sa_104/benchmark_results/simulated_data/results/data_type/no_cnv/0001/true_evo_events_genotypes_numeric	/raid/kang/DelSIEVE/simulation_results/IndelSIEVE_benchmark_pipeline_sa_104/benchmark_results/indelsieve/from_candidate/variant_calling/mt/no_cnv/smc_mudel_sa_stage_1/0001/indelsieve_median.genotypes	/raid/kang/DelSIEVE/simulation_results/IndelSIEVE_benchmark_pipeline_sa_104/benchmark_results/simulated_data/results/data_type/no_cnv/0001/true_evo_events_ternary_matrix.simple	/raid/kang/DelSIEVE/simulation_results/IndelSIEVE_benchmark_pipeline_sa_104/benchmark_results/indelsieve/from_candidate/variant_calling/mt/no_cnv/smc_mudel_sa_stage_1/0001/indelsieve_median.ternary	/raid/kang/DelSIEVE/simulation_results/IndelSIEVE_benchmark_pipeline_sa_104/benchmark_results/indelsieve/from_candidate/variant_calling/mt/no_cnv/smc_mudel_sa_stage_1/0001/indelsieve_median.probs	9434	44	46195	3007	0.7582991720922755	0.995357670394598	0.8608056936904055	0.0009515776725275	9402	45	48631	599	0.94010598940106	0.9952365830422356	0.9668860551213492	0.0009244802366669	9326	53	48693	605	0.9390796495821166	0.9943490777268366	0.9659243915069912	0.0010872686989701	61	7	58601	8	0.8840579710144928	0.8970588235294118	0.8905109489051095	0.0001194376194376	69	44	1	7	31	0	28239	10	0.7560975609756098	1.0	0.0	0.8611111111111112	0	0	28280	0	NA	NA	0.0	NA	0	0	28279	1	0.0	NA	0.0	NA	31	0	28240	9	0.775	1.0	0.0	0.8732394366197184	8	1	1	0	0	0	28280	0	NA	NA	0.0	NA
40	20	10	0.001999	0.3	1e-06	2.5e-07	0.0	0002	indelsieve	candidate_snvs	smc_mudel_sa_stage_1	mt	no_cnv	/raid/kang/DelSIEVE/simulation_results/IndelSIEVE_benchmark_pipeline_sa_104/benchmark_results/simulated_data/results/cell_names	/raid/kang/DelSIEVE/simulation_results/IndelSIEVE_benchmark_pipeline_sa_104/benchmark_results/indelsieve/from_candidate/variant_calling/mt/no_cnv/smc_mudel_sa_stage_1/0002/indelsieve_median.cell_names	/raid/kang/DelSIEVE/simulation_results/IndelSIEVE_benchmark_pipeline_sa_104/benchmark_results/simulated_data/results/data_type/no_cnv/0002/true_evo_events_sites_names	/raid/kang/DelSIEVE/simulation_results/IndelSIEVE_benchmark_pipeline_sa_104/benchmark_results/indelsieve/from_candidate/variant_calling/mt/no_cnv/smc_mudel_sa_stage_1/0002/indelsieve_median.loci_info	/raid/kang/DelSIEVE/simulation_results/IndelSIEVE_benchmark_pipeline_sa_104/benchmark_results/simulated_data/results/data_type/no_cnv/0002/true_evo_events_genotypes_numeric	/raid/kang/DelSIEVE/simulation_results/IndelSIEVE_benchmark_pipeline_sa_104/benchmark_results/indelsieve/from_candidate/variant_calling/mt/no_cnv/smc_mudel_sa_stage_1/0002/indelsieve_median.genotypes	/raid/kang/DelSIEVE/simulation_results/IndelSIEVE_benchmark_pipeline_sa_104/benchmark_results/simulated_data/results/data_type/no_cnv/0002/true_evo_events_ternary_matrix.simple	/raid/kang/DelSIEVE/simulation_results/IndelSIEVE_benchmark_pipeline_sa_104/benchmark_results/indelsieve/from_candidate/variant_calling/mt/no_cnv/smc_mudel_sa_stage_1/0002/indelsieve_median.ternary	/raid/kang/DelSIEVE/simulation_results/IndelSIEVE_benchmark_pipeline_sa_104/benchmark_results/indelsieve/from_candidate/variant_calling/mt/no_cnv/smc_mudel_sa_stage_1/0002/indelsieve_median.probs	5547	23	38842	1788	0.7562372188139059	0.995870736086176	0.8596667958155754	0.0005917921008619	5502	22	40209	466	0.921916890080429	0.996017378711079	0.9575356769926908	0.000546841987522	5447	26	40254	472	0.920256800135158	0.995249406175772	0.9562851123595506	0.0006454816285998	26	6	46163	4	0.8666666666666667	0.8125	0.8387096774193549	0.0001299573306764	30	21	0	4	63	2	24052	3	0.9545454545454546	0.9692307692307692	8.314625426124553e-05	0.9618320610687022	0	0	24120	0	NA	NA	0.0	NA	19	0	24101	0	1.0	1.0	0.0	1.0	44	2	24071	3	0.9361702127659576	0.9565217391304348	8.308062975117352e-05	0.9462365591397848	2	1	0	0	0	0	24120	0	NA	NA	0.0	NA
40	20	10	0.001999	0.3	1e-06	2.5e-07	0.0	0003	indelsieve	candidate_snvs	smc_mudel_sa_stage_1	mt	no_cnv	/raid/kang/DelSIEVE/simulation_results/IndelSIEVE_benchmark_pipeline_sa_104/benchmark_results/simulated_data/results/cell_names	/raid/kang/DelSIEVE/simulation_results/IndelSIEVE_benchmark_pipeline_sa_104/benchmark_results/indelsieve/from_candidate/variant_calling/mt/no_cnv/smc_mudel_sa_stage_1/0003/indelsieve_median.cell_names	/raid/kang/DelSIEVE/simulation_results/IndelSIEVE_benchmark_pipeline_sa_104/benchmark_results/simulated_data/results/data_type/no_cnv/0003/true_evo_events_sites_names	/raid/kang/DelSIEVE/simulation_results/IndelSIEVE_benchmark_pipeline_sa_104/benchmark_results/indelsieve/from_candidate/variant_calling/mt/no_cnv/smc_mudel_sa_stage_1/0003/indelsieve_median.loci_info	/raid/kang/DelSIEVE/simulation_results/IndelSIEVE_benchmark_pipeline_sa_104/benchmark_results/simulated_data/results/data_type/no_cnv/0003/true_evo_events_genotypes_numeric	/raid/kang/DelSIEVE/simulation_results/IndelSIEVE_benchmark_pipeline_sa_104/benchmark_results/indelsieve/from_candidate/variant_calling/mt/no_cnv/smc_mudel_sa_stage_1/0003/indelsieve_median.genotypes	/raid/kang/DelSIEVE/simulation_results/IndelSIEVE_benchmark_pipeline_sa_104/benchmark_results/simulated_data/results/data_type/no_cnv/0003/true_evo_events_ternary_matrix.simple	/raid/kang/DelSIEVE/simulation_results/IndelSIEVE_benchmark_pipeline_sa_104/benchmark_results/indelsieve/from_candidate/variant_calling/mt/no_cnv/smc_mudel_sa_stage_1/0003/indelsieve_median.ternary	/raid/kang/DelSIEVE/simulation_results/IndelSIEVE_benchmark_pipeline_sa_104/benchmark_results/indelsieve/from_candidate/variant_calling/mt/no_cnv/smc_mudel_sa_stage_1/0003/indelsieve_median.probs	6952	43	33544	1741	0.7997239157943172	0.9938527519656898	0.8862825089240183	0.0012802572423854	6903	43	34864	470	0.936253899362539	0.9938093866973798	0.9641734758013828	0.0012318446156931	6882	47	34880	471	0.9359445124439004	0.9932169144176648	0.9637305699481864	0.0013456638130958	9	1	42266	4	0.6923076923076923	0.9	0.7826086956521738	2.365911940757565e-05	13	43	0	4	56	0	21543	1	0.9824561403508772	1.0	0.0	0.991150442477876	0	0	21600	0	NA	NA	0.0	NA	7	0	21593	0	1.0	1.0	0.0	1.0	49	0	21550	1	0.98	1.0	0.0	0.98989898989899	1	0	0	0	0	0	21600	0	NA	NA	0.0	NA
40	20	10	0.001999	0.3	1e-06	2.5e-07	0.0	0004	indelsieve	candidate_snvs	smc_mudel_sa_stage_1	mt	no_cnv	/raid/kang/DelSIEVE/simulation_results/IndelSIEVE_benchmark_pipeline_sa_104/benchmark_results/simulated_data/results/cell_names	/raid/kang/DelSIEVE/simulation_results/IndelSIEVE_benchmark_pipeline_sa_104/benchmark_results/indelsieve/from_candidate/variant_calling/mt/no_cnv/smc_mudel_sa_stage_1/0004/indelsieve_median.cell_names	/raid/kang/DelSIEVE/simulation_results/IndelSIEVE_benchmark_pipeline_sa_104/benchmark_results/simulated_data/results/data_type/no_cnv/0004/true_evo_events_sites_names	/raid/kang/DelSIEVE/simulation_results/IndelSIEVE_benchmark_pipeline_sa_104/benchmark_results/indelsieve/from_candidate/variant_calling/mt/no_cnv/smc_mudel_sa_stage_1/0004/indelsieve_median.loci_info	/raid/kang/DelSIEVE/simulation_results/IndelSIEVE_benchmark_pipeline_sa_104/benchmark_results/simulated_data/results/data_type/no_cnv/0004/true_evo_events_genotypes_numeric	/raid/kang/DelSIEVE/simulation_results/IndelSIEVE_benchmark_pipeline_sa_104/benchmark_results/indelsieve/from_candidate/variant_calling/mt/no_cnv/smc_mudel_sa_stage_1/0004/indelsieve_median.genotypes	/raid/kang/DelSIEVE/simulation_results/IndelSIEVE_benchmark_pipeline_sa_104/benchmark_results/simulated_data/results/data_type/no_cnv/0004/true_evo_events_ternary_matrix.simple	/raid/kang/DelSIEVE/simulation_results/IndelSIEVE_benchmark_pipeline_sa_104/benchmark_results/indelsieve/from_candidate/variant_calling/mt/no_cnv/smc_mudel_sa_stage_1/0004/indelsieve_median.ternary	/raid/kang/DelSIEVE/simulation_results/IndelSIEVE_benchmark_pipeline_sa_104/benchmark_results/indelsieve/from_candidate/variant_calling/mt/no_cnv/smc_mudel_sa_stage_1/0004/indelsieve_median.probs	4824	46	40828	2222	0.6846437695146183	0.9905544147843942	0.8096676737160121	0.0011254097959583	4771	46	42563	540	0.898324232724534	0.9904504878555116	0.942140600315956	0.0010795841254195	4765	45	42568	542	0.8978707367627662	0.9906444906444908	0.9419788474844322	0.0010560157698354	3	3	47913	1	0.75	0.5	0.6	6.260956674179814e-05	4	43	1	0	51	3	19820	6	0.8947368421052632	0.9444444444444444	0.0001513393532764	0.918918918918919	0	0	19880	0	NA	NA	0.0	NA	0	1	19879	0	NA	0.0	5.0301810865191146e-05	NA	50	3	19820	7	0.8771929824561403	0.9433962264150944	0.0001513393532764	0.9090909090909092	4	2	0	0	0	0	19880	0	NA	NA	0.0	NA
40	20	10	0.001999	0.3	1e-06	2.5e-07	0.0	0005	indelsieve	candidate_snvs	smc_mudel_sa_stage_1	mt	no_cnv	/raid/kang/DelSIEVE/simulation_results/IndelSIEVE_benchmark_pipeline_sa_104/benchmark_results/simulated_data/results/cell_names	/raid/kang/DelSIEVE/simulation_results/IndelSIEVE_benchmark_pipeline_sa_104/benchmark_results/indelsieve/from_candidate/variant_calling/mt/no_cnv/smc_mudel_sa_stage_1/0005/indelsieve_median.cell_names	/raid/kang/DelSIEVE/simulation_results/IndelSIEVE_benchmark_pipeline_sa_104/benchmark_results/simulated_data/results/data_type/no_cnv/0005/true_evo_events_sites_names	/raid/kang/DelSIEVE/simulation_results/IndelSIEVE_benchmark_pipeline_sa_104/benchmark_results/indelsieve/from_candidate/variant_calling/mt/no_cnv/smc_mudel_sa_stage_1/0005/indelsieve_median.loci_info	/raid/kang/DelSIEVE/simulation_results/IndelSIEVE_benchmark_pipeline_sa_104/benchmark_results/simulated_data/results/data_type/no_cnv/0005/true_evo_events_genotypes_numeric	/raid/kang/DelSIEVE/simulation_results/IndelSIEVE_benchmark_pipeline_sa_104/benchmark_results/indelsieve/from_candidate/variant_calling/mt/no_cnv/smc_mudel_sa_stage_1/0005/indelsieve_median.genotypes	/raid/kang/DelSIEVE/simulation_results/IndelSIEVE_benchmark_pipeline_sa_104/benchmark_results/simulated_data/results/data_type/no_cnv/0005/true_evo_events_ternary_matrix.simple	/raid/kang/DelSIEVE/simulation_results/IndelSIEVE_benchmark_pipeline_sa_104/benchmark_results/indelsieve/from_candidate/variant_calling/mt/no_cnv/smc_mudel_sa_stage_1/0005/indelsieve_median.ternary	/raid/kang/DelSIEVE/simulation_results/IndelSIEVE_benchmark_pipeline_sa_104/benchmark_results/indelsieve/from_candidate/variant_calling/mt/no_cnv/smc_mudel_sa_stage_1/0005/indelsieve_median.probs	7117	23	43290	2090	0.7729988052568698	0.9967787114845938	0.8707408087110785	0.0005310184009419	7070	24	44860	565	0.9259986902423052	0.9966168593177333	0.9600108629234844	0.0005347117012743	7000	28	44913	578	0.9237265769332278	0.99601593625498	0.9585102012871424	0.0006230390957032	36	13	52466	4	0.9	0.7346938775510204	0.8089887640449438	0.0002477181348729	40	23	0	4	63	0	22653	4	0.9402985074626866	1.0	0.0	0.9692307692307692	0	0	22720	0	NA	NA	0.0	NA	17	0	22703	0	1.0	1.0	0.0	1.0	46	0	22670	4	0.92	1.0	0.0	0.9583333333333334	3	1	0	0	0	0	22720	0	NA	NA	0.0	NA
40	20	10	0.001999	0.3	1e-06	2.5e-07	0.0	0006	indelsieve	candidate_snvs	smc_mudel_sa_stage_1	mt	no_cnv	/raid/kang/DelSIEVE/simulation_results/IndelSIEVE_benchmark_pipeline_sa_104/benchmark_results/simulated_data/results/cell_names	/raid/kang/DelSIEVE/simulation_results/IndelSIEVE_benchmark_pipeline_sa_104/benchmark_results/indelsieve/from_candidate/variant_calling/mt/no_cnv/smc_mudel_sa_stage_1/0006/indelsieve_median.cell_names	/raid/kang/DelSIEVE/simulation_results/IndelSIEVE_benchmark_pipeline_sa_104/benchmark_results/simulated_data/results/data_type/no_cnv/0006/true_evo_events_sites_names	/raid/kang/DelSIEVE/simulation_results/IndelSIEVE_benchmark_pipeline_sa_104/benchmark_results/indelsieve/from_candidate/variant_calling/mt/no_cnv/smc_mudel_sa_stage_1/0006/indelsieve_median.loci_info	/raid/kang/DelSIEVE/simulation_results/IndelSIEVE_benchmark_pipeline_sa_104/benchmark_results/simulated_data/results/data_type/no_cnv/0006/true_evo_events_genotypes_numeric	/raid/kang/DelSIEVE/simulation_results/IndelSIEVE_benchmark_pipeline_sa_104/benchmark_results/indelsieve/from_candidate/variant_calling/mt/no_cnv/smc_mudel_sa_stage_1/0006/indelsieve_median.genotypes	/raid/kang/DelSIEVE/simulation_results/IndelSIEVE_benchmark_pipeline_sa_104/benchmark_results/simulated_data/results/data_type/no_cnv/0006/true_evo_events_ternary_matrix.simple	/raid/kang/DelSIEVE/simulation_results/IndelSIEVE_benchmark_pipeline_sa_104/benchmark_results/indelsieve/from_candidate/variant_calling/mt/no_cnv/smc_mudel_sa_stage_1/0006/indelsieve_median.ternary	/raid/kang/DelSIEVE/simulation_results/IndelSIEVE_benchmark_pipeline_sa_104/benchmark_results/indelsieve/from_candidate/variant_calling/mt/no_cnv/smc_mudel_sa_stage_1/0006/indelsieve_median.probs	5783	20	26391	1846	0.7580285751736794	0.996553506806824	0.8610780226325194	0.0007572602324788	5730	19	27900	391	0.9361215487665414	0.996695077404766	0.9654591406908172	0.0006805401339589	5685	21	27938	396	0.9348791317217564	0.9963196635120926	0.9646220412318656	0.0007510998247433	38	5	33995	2	0.95	0.8837209302325582	0.9156626506024096	0.0001470588235294	40	19	0	2	53	1	17341	5	0.913793103448276	0.9814814814814816	5.766347595433053e-05	0.9464285714285714	0	0	17400	0	NA	NA	0.0	NA	0	0	17400	0	NA	NA	0.0	NA	53	1	17341	5	0.913793103448276	0.9814814814814816	5.766347595433053e-05	0.9464285714285714	5	0	0	0	0	0	17400	0	NA	NA	0.0	NA
40	20	10	0.001999	0.3	1e-06	2.5e-07	0.0	0007	indelsieve	candidate_snvs	smc_mudel_sa_stage_1	mt	no_cnv	/raid/kang/DelSIEVE/simulation_results/IndelSIEVE_benchmark_pipeline_sa_104/benchmark_results/simulated_data/results/cell_names	/raid/kang/DelSIEVE/simulation_results/IndelSIEVE_benchmark_pipeline_sa_104/benchmark_results/indelsieve/from_candidate/variant_calling/mt/no_cnv/smc_mudel_sa_stage_1/0007/indelsieve_median.cell_names	/raid/kang/DelSIEVE/simulation_results/IndelSIEVE_benchmark_pipeline_sa_104/benchmark_results/simulated_data/results/data_type/no_cnv/0007/true_evo_events_sites_names	/raid/kang/DelSIEVE/simulation_results/IndelSIEVE_benchmark_pipeline_sa_104/benchmark_results/indelsieve/from_candidate/variant_calling/mt/no_cnv/smc_mudel_sa_stage_1/0007/indelsieve_median.loci_info	/raid/kang/DelSIEVE/simulation_results/IndelSIEVE_benchmark_pipeline_sa_104/benchmark_results/simulated_data/results/data_type/no_cnv/0007/true_evo_events_genotypes_numeric	/raid/kang/DelSIEVE/simulation_results/IndelSIEVE_benchmark_pipeline_sa_104/benchmark_results/indelsieve/from_candidate/variant_calling/mt/no_cnv/smc_mudel_sa_stage_1/0007/indelsieve_median.genotypes	/raid/kang/DelSIEVE/simulation_results/IndelSIEVE_benchmark_pipeline_sa_104/benchmark_results/simulated_data/results/data_type/no_cnv/0007/true_evo_events_ternary_matrix.simple	/raid/kang/DelSIEVE/simulation_results/IndelSIEVE_benchmark_pipeline_sa_104/benchmark_results/indelsieve/from_candidate/variant_calling/mt/no_cnv/smc_mudel_sa_stage_1/0007/indelsieve_median.ternary	/raid/kang/DelSIEVE/simulation_results/IndelSIEVE_benchmark_pipeline_sa_104/benchmark_results/indelsieve/from_candidate/variant_calling/mt/no_cnv/smc_mudel_sa_stage_1/0007/indelsieve_median.probs	11272	23	46749	2956	0.7922406522350295	0.9979637007525454	0.8832817458762684	0.0004917471991789	11137	22	49240	597	0.9491222089653996	0.9980284971771664	0.9729611671690036	0.0004465916933945	11027	33	49327	609	0.9476624269508422	0.9970162748643762	0.9717130771942192	0.0006685575364667	51	12	60923	10	0.8360655737704918	0.8095238095238095	0.8225806451612904	0.0001969311561499	61	21	0	10	170	2	33938	10	0.9444444444444444	0.9883720930232558	5.892751915144373e-05	0.9659090909090908	0	0	34120	0	NA	NA	0.0	NA	36	0	34083	1	0.972972972972973	1.0	0.0	0.9863013698630138	134	2	33975	9	0.9370629370629372	0.9852941176470588	5.8863348735909584e-05	0.960573476702509	8	1	1	0	0	0	34120	0	NA	NA	0.0	NA
40	20	10	0.001999	0.3	1e-06	2.5e-07	0.0	0008	indelsieve	candidate_snvs	smc_mudel_sa_stage_1	mt	no_cnv	/raid/kang/DelSIEVE/simulation_results/IndelSIEVE_benchmark_pipeline_sa_104/benchmark_results/simulated_data/results/cell_names	/raid/kang/DelSIEVE/simulation_results/IndelSIEVE_benchmark_pipeline_sa_104/benchmark_results/indelsieve/from_candidate/variant_calling/mt/no_cnv/smc_mudel_sa_stage_1/0008/indelsieve_median.cell_names	/raid/kang/DelSIEVE/simulation_results/IndelSIEVE_benchmark_pipeline_sa_104/benchmark_results/simulated_data/results/data_type/no_cnv/0008/true_evo_events_sites_names	/raid/kang/DelSIEVE/simulation_results/IndelSIEVE_benchmark_pipeline_sa_104/benchmark_results/indelsieve/from_candidate/variant_calling/mt/no_cnv/smc_mudel_sa_stage_1/0008/indelsieve_median.loci_info	/raid/kang/DelSIEVE/simulation_results/IndelSIEVE_benchmark_pipeline_sa_104/benchmark_results/simulated_data/results/data_type/no_cnv/0008/true_evo_events_genotypes_numeric	/raid/kang/DelSIEVE/simulation_results/IndelSIEVE_benchmark_pipeline_sa_104/benchmark_results/indelsieve/from_candidate/variant_calling/mt/no_cnv/smc_mudel_sa_stage_1/0008/indelsieve_median.genotypes	/raid/kang/DelSIEVE/simulation_results/IndelSIEVE_benchmark_pipeline_sa_104/benchmark_results/simulated_data/results/data_type/no_cnv/0008/true_evo_events_ternary_matrix.simple	/raid/kang/DelSIEVE/simulation_results/IndelSIEVE_benchmark_pipeline_sa_104/benchmark_results/indelsieve/from_candidate/variant_calling/mt/no_cnv/smc_mudel_sa_stage_1/0008/indelsieve_median.ternary	/raid/kang/DelSIEVE/simulation_results/IndelSIEVE_benchmark_pipeline_sa_104/benchmark_results/indelsieve/from_candidate/variant_calling/mt/no_cnv/smc_mudel_sa_stage_1/0008/indelsieve_median.probs	8210	41	42803	2626	0.7576596530084903	0.9950309053448066	0.8602713889034421	0.0009569601344412	8158	40	44879	602	0.9312785388127854	0.9951207611612588	0.962141762000236	0.0008904917740822	8116	41	44911	611	0.9299873954394408	0.9949736422704426	0.961383558398484	0.0009120840007118	15	8	53655	1	0.9375	0.6521739130434783	0.7692307692307693	0.0001490785084695	16	38	0	1	67	4	23722	7	0.9054054054054054	0.943661971830986	0.0001685914186967	0.9241379310344828	0	0	23800	0	NA	NA	0.0	NA	16	2	23781	1	0.9411764705882352	0.8888888888888888	8.409368035992096e-05	0.9142857142857144	50	3	23740	7	0.8771929824561403	0.9433962264150944	0.0001263530303668	0.9090909090909092	5	1	1	0	0	0	23800	0	NA	NA	0.0	NA
40	20	10	0.001999	0.3	1e-06	2.5e-07	0.0	0009	indelsieve	candidate_snvs	smc_mudel_sa_stage_1	mt	no_cnv	/raid/kang/DelSIEVE/simulation_results/IndelSIEVE_benchmark_pipeline_sa_104/benchmark_results/simulated_data/results/cell_names	/raid/kang/DelSIEVE/simulation_results/IndelSIEVE_benchmark_pipeline_sa_104/benchmark_results/indelsieve/from_candidate/variant_calling/mt/no_cnv/smc_mudel_sa_stage_1/0009/indelsieve_median.cell_names	/raid/kang/DelSIEVE/simulation_results/IndelSIEVE_benchmark_pipeline_sa_104/benchmark_results/simulated_data/results/data_type/no_cnv/0009/true_evo_events_sites_names	/raid/kang/DelSIEVE/simulation_results/IndelSIEVE_benchmark_pipeline_sa_104/benchmark_results/indelsieve/from_candidate/variant_calling/mt/no_cnv/smc_mudel_sa_stage_1/0009/indelsieve_median.loci_info	/raid/kang/DelSIEVE/simulation_results/IndelSIEVE_benchmark_pipeline_sa_104/benchmark_results/simulated_data/results/data_type/no_cnv/0009/true_evo_events_genotypes_numeric	/raid/kang/DelSIEVE/simulation_results/IndelSIEVE_benchmark_pipeline_sa_104/benchmark_results/indelsieve/from_candidate/variant_calling/mt/no_cnv/smc_mudel_sa_stage_1/0009/indelsieve_median.genotypes	/raid/kang/DelSIEVE/simulation_results/IndelSIEVE_benchmark_pipeline_sa_104/benchmark_results/simulated_data/results/data_type/no_cnv/0009/true_evo_events_ternary_matrix.simple	/raid/kang/DelSIEVE/simulation_results/IndelSIEVE_benchmark_pipeline_sa_104/benchmark_results/indelsieve/from_candidate/variant_calling/mt/no_cnv/smc_mudel_sa_stage_1/0009/indelsieve_median.ternary	/raid/kang/DelSIEVE/simulation_results/IndelSIEVE_benchmark_pipeline_sa_104/benchmark_results/indelsieve/from_candidate/variant_calling/mt/no_cnv/smc_mudel_sa_stage_1/0009/indelsieve_median.probs	4709	44	34492	1835	0.7195904645476773	0.9907426888281086	0.8336726564574667	0.0012740328932128	4621	41	35984	434	0.9141444114737884	0.9912054912054912	0.9511165997735926	0.0011380985426786	4603	45	35994	438	0.9131124776829994	0.9903184165232358	0.9501496542470844	0.0012486472987596	5	5	41066	4	0.5555555555555556	0.5	0.5263157894736842	0.0001217404007693	9	41	0	4	91	4	18658	7	0.9285714285714286	0.9578947368421052	0.0002143392991104	0.9430051813471502	0	0	18760	0	NA	NA	0.0	NA	4	0	18755	1	0.8	1.0	0.0	0.888888888888889	86	5	18662	7	0.9247311827956988	0.945054945054945	0.0002678523597792	0.9347826086956522	7	0	0	0	0	0	18760	0	NA	NA	0.0	NA
40	20	10	0.001999	0.3	1e-06	2.5e-07	0.0	0010	indelsieve	candidate_snvs	smc_mudel_sa_stage_1	mt	no_cnv	/raid/kang/DelSIEVE/simulation_results/IndelSIEVE_benchmark_pipeline_sa_104/benchmark_results/simulated_data/results/cell_names	/raid/kang/DelSIEVE/simulation_results/IndelSIEVE_benchmark_pipeline_sa_104/benchmark_results/indelsieve/from_candidate/variant_calling/mt/no_cnv/smc_mudel_sa_stage_1/0010/indelsieve_mode_gaussian.cell_names	/raid/kang/DelSIEVE/simulation_results/IndelSIEVE_benchmark_pipeline_sa_104/benchmark_results/simulated_data/results/data_type/no_cnv/0010/true_evo_events_sites_names	/raid/kang/DelSIEVE/simulation_results/IndelSIEVE_benchmark_pipeline_sa_104/benchmark_results/indelsieve/from_candidate/variant_calling/mt/no_cnv/smc_mudel_sa_stage_1/0010/indelsieve_mode_gaussian.loci_info	/raid/kang/DelSIEVE/simulation_results/IndelSIEVE_benchmark_pipeline_sa_104/benchmark_results/simulated_data/results/data_type/no_cnv/0010/true_evo_events_genotypes_numeric	/raid/kang/DelSIEVE/simulation_results/IndelSIEVE_benchmark_pipeline_sa_104/benchmark_results/indelsieve/from_candidate/variant_calling/mt/no_cnv/smc_mudel_sa_stage_1/0010/indelsieve_mode_gaussian.genotypes	/raid/kang/DelSIEVE/simulation_results/IndelSIEVE_benchmark_pipeline_sa_104/benchmark_results/simulated_data/results/data_type/no_cnv/0010/true_evo_events_ternary_matrix.simple	/raid/kang/DelSIEVE/simulation_results/IndelSIEVE_benchmark_pipeline_sa_104/benchmark_results/indelsieve/from_candidate/variant_calling/mt/no_cnv/smc_mudel_sa_stage_1/0010/indelsieve_mode_gaussian.ternary	/raid/kang/DelSIEVE/simulation_results/IndelSIEVE_benchmark_pipeline_sa_104/benchmark_results/indelsieve/from_candidate/variant_calling/mt/no_cnv/smc_mudel_sa_stage_1/0010/indelsieve_mode_gaussian.probs	5560	32	37053	2155	0.7206740116655865	0.994277539341917	0.8356504095588788	0.0008628825670756	5501	31	38780	488	0.9185172816830856	0.9943962400578452	0.954951827098342	0.0007987426245136	5450	35	38828	487	0.9179720397507158	0.9936189608021878	0.954298721765015	0.0009005995419808	10	0	44786	4	0.7142857142857143	1.0	0.8333333333333333	0.0	14	31	1	3	96	1	19814	9	0.9142857142857144	0.9896907216494846	5.046681806712087e-05	0.9504950495049506	0	0	19920	0	NA	NA	0.0	NA	37	0	19882	1	0.9736842105263158	1.0	0.0	0.9866666666666666	59	1	19852	8	0.8805970149253731	0.9833333333333332	5.037022112527074e-05	0.9291338582677166	8	0	1	0	0	0	19920	0	NA	NA	0.0	NA
40	20	10	0.001999	0.3	1e-06	2.5e-07	0.0	0001	sieve	candidate_snvs	smc_mu_sa_stage_1-smc_mu_sa_stage_2	mt	no_cnv	/raid/kang/DelSIEVE/simulation_results/IndelSIEVE_benchmark_pipeline_sa_104/benchmark_results/simulated_data/results/cell_names	/raid/kang/DelSIEVE/simulation_results/IndelSIEVE_benchmark_pipeline_sa_104/benchmark_results/indelsieve/from_candidate/variant_calling/stage2/mt/no_cnv/smc_mu_sa_stage_1-smc_mu_sa_stage_2/0001/indelsieve_median.cell_names	/raid/kang/DelSIEVE/simulation_results/IndelSIEVE_benchmark_pipeline_sa_104/benchmark_results/simulated_data/results/data_type/no_cnv/0001/true_evo_events_sites_names	/raid/kang/DelSIEVE/simulation_results/IndelSIEVE_benchmark_pipeline_sa_104/benchmark_results/indelsieve/from_candidate/variant_calling/stage2/mt/no_cnv/smc_mu_sa_stage_1-smc_mu_sa_stage_2/0001/indelsieve_median.loci_info	/raid/kang/DelSIEVE/simulation_results/IndelSIEVE_benchmark_pipeline_sa_104/benchmark_results/simulated_data/results/data_type/no_cnv/0001/true_evo_events_genotypes_numeric	/raid/kang/DelSIEVE/simulation_results/IndelSIEVE_benchmark_pipeline_sa_104/benchmark_results/indelsieve/from_candidate/variant_calling/stage2/mt/no_cnv/smc_mu_sa_stage_1-smc_mu_sa_stage_2/0001/indelsieve_median.genotypes	/raid/kang/DelSIEVE/simulation_results/IndelSIEVE_benchmark_pipeline_sa_104/benchmark_results/simulated_data/results/data_type/no_cnv/0001/true_evo_events_ternary_matrix.simple	/raid/kang/DelSIEVE/simulation_results/IndelSIEVE_benchmark_pipeline_sa_104/benchmark_results/indelsieve/from_candidate/variant_calling/stage2/mt/no_cnv/smc_mu_sa_stage_1-smc_mu_sa_stage_2/0001/indelsieve_median.ternary	/raid/kang/DelSIEVE/simulation_results/IndelSIEVE_benchmark_pipeline_sa_104/benchmark_results/indelsieve/from_candidate/variant_calling/stage2/mt/no_cnv/smc_mu_sa_stage_1-smc_mu_sa_stage_2/0001/indelsieve_median.probs	9413	54	46185	3028	0.7566112048870669	0.9942959754938206	0.8593207960562351	0.0011678453253746	9412	55	48621	589	0.9411058894110588	0.9941903454103728	0.9669200739675364	0.0011299202892595	9342	63	48683	589	0.9406907662873828	0.9933014354066986	0.9662805130326853	0.0012924137365117	61	1	58607	8	0.8840579710144928	0.9838709677419356	0.9312977099236642	1.7062517062517064e-05	69	54	1	7	0	0	28239	41	0.0	NA	0.0	NA	0	0	28280	0	NA	NA	0.0	NA	0	0	28279	1	0.0	NA	0.0	NA	0	0	28240	40	0.0	NA	0.0	NA	39	1	1	0	0	0	28280	0	NA	NA	0.0	NA
40	20	10	0.001999	0.3	1e-06	2.5e-07	0.0	0001	indelsieve	candidate_snvs	smc_mudel_sa_stage_1-smc_mudel_sa_stage_2	mt	no_cnv	/raid/kang/DelSIEVE/simulation_results/IndelSIEVE_benchmark_pipeline_sa_104/benchmark_results/simulated_data/results/cell_names	/raid/kang/DelSIEVE/simulation_results/IndelSIEVE_benchmark_pipeline_sa_104/benchmark_results/indelsieve/from_candidate/variant_calling/stage2/mt/no_cnv/smc_mudel_sa_stage_1-smc_mudel_sa_stage_2/0001/indelsieve_median.cell_names	/raid/kang/DelSIEVE/simulation_results/IndelSIEVE_benchmark_pipeline_sa_104/benchmark_results/simulated_data/results/data_type/no_cnv/0001/true_evo_events_sites_names	/raid/kang/DelSIEVE/simulation_results/IndelSIEVE_benchmark_pipeline_sa_104/benchmark_results/indelsieve/from_candidate/variant_calling/stage2/mt/no_cnv/smc_mudel_sa_stage_1-smc_mudel_sa_stage_2/0001/indelsieve_median.loci_info	/raid/kang/DelSIEVE/simulation_results/IndelSIEVE_benchmark_pipeline_sa_104/benchmark_results/simulated_data/results/data_type/no_cnv/0001/true_evo_events_genotypes_numeric	/raid/kang/DelSIEVE/simulation_results/IndelSIEVE_benchmark_pipeline_sa_104/benchmark_results/indelsieve/from_candidate/variant_calling/stage2/mt/no_cnv/smc_mudel_sa_stage_1-smc_mudel_sa_stage_2/0001/indelsieve_median.genotypes	/raid/kang/DelSIEVE/simulation_results/IndelSIEVE_benchmark_pipeline_sa_104/benchmark_results/simulated_data/results/data_type/no_cnv/0001/true_evo_events_ternary_matrix.simple	/raid/kang/DelSIEVE/simulation_results/IndelSIEVE_benchmark_pipeline_sa_104/benchmark_results/indelsieve/from_candidate/variant_calling/stage2/mt/no_cnv/smc_mudel_sa_stage_1-smc_mudel_sa_stage_2/0001/indelsieve_median.ternary	/raid/kang/DelSIEVE/simulation_results/IndelSIEVE_benchmark_pipeline_sa_104/benchmark_results/indelsieve/from_candidate/variant_calling/stage2/mt/no_cnv/smc_mudel_sa_stage_1-smc_mudel_sa_stage_2/0001/indelsieve_median.probs	9442	54	46185	2999	0.7589422072180693	0.994313395113732	0.8608287368373068	0.0011678453253746	9410	55	48621	591	0.940905909409059	0.99418911780243	0.966813931983972	0.0011299202892595	9340	63	48683	591	0.9404893766992246	0.9933000106349038	0.9661735802213716	0.0012924137365117	61	1	58607	8	0.8840579710144928	0.9838709677419356	0.9312977099236642	1.7062517062517064e-05	69	54	1	7	31	0	28239	10	0.7560975609756098	1.0	0.0	0.8611111111111112	0	0	28280	0	NA	NA	0.0	NA	0	0	28279	1	0.0	NA	0.0	NA	31	0	28240	9	0.775	1.0	0.0	0.8732394366197184	8	1	1	0	0	0	28280	0	NA	NA	0.0	NA
40	20	10	0.001999	0.3	1e-06	2.5e-07	0.0	0002	sieve	candidate_snvs	smc_mu_sa_stage_1-smc_mu_sa_stage_2	mt	no_cnv	/raid/kang/DelSIEVE/simulation_results/IndelSIEVE_benchmark_pipeline_sa_104/benchmark_results/simulated_data/results/cell_names	/raid/kang/DelSIEVE/simulation_results/IndelSIEVE_benchmark_pipeline_sa_104/benchmark_results/indelsieve/from_candidate/variant_calling/stage2/mt/no_cnv/smc_mu_sa_stage_1-smc_mu_sa_stage_2/0002/indelsieve_median.cell_names	/raid/kang/DelSIEVE/simulation_results/IndelSIEVE_benchmark_pipeline_sa_104/benchmark_results/simulated_data/results/data_type/no_cnv/0002/true_evo_events_sites_names	/raid/kang/DelSIEVE/simulation_results/IndelSIEVE_benchmark_pipeline_sa_104/benchmark_results/indelsieve/from_candidate/variant_calling/stage2/mt/no_cnv/smc_mu_sa_stage_1-smc_mu_sa_stage_2/0002/indelsieve_median.loci_info	/raid/kang/DelSIEVE/simulation_results/IndelSIEVE_benchmark_pipeline_sa_104/benchmark_results/simulated_data/results/data_type/no_cnv/0002/true_evo_events_genotypes_numeric	/raid/kang/DelSIEVE/simulation_results/IndelSIEVE_benchmark_pipeline_sa_104/benchmark_results/indelsieve/from_candidate/variant_calling/stage2/mt/no_cnv/smc_mu_sa_stage_1-smc_mu_sa_stage_2/0002/indelsieve_median.genotypes	/raid/kang/DelSIEVE/simulation_results/IndelSIEVE_benchmark_pipeline_sa_104/benchmark_results/simulated_data/results/data_type/no_cnv/0002/true_evo_events_ternary_matrix.simple	/raid/kang/DelSIEVE/simulation_results/IndelSIEVE_benchmark_pipeline_sa_104/benchmark_results/indelsieve/from_candidate/variant_calling/stage2/mt/no_cnv/smc_mu_sa_stage_1-smc_mu_sa_stage_2/0002/indelsieve_median.ternary	/raid/kang/DelSIEVE/simulation_results/IndelSIEVE_benchmark_pipeline_sa_104/benchmark_results/indelsieve/from_candidate/variant_calling/stage2/mt/no_cnv/smc_mu_sa_stage_1-smc_mu_sa_stage_2/0002/indelsieve_median.probs	5520	28	38837	1815	0.7525562372188139	0.9949531362653208	0.8569432585577894	0.000720442557571	5517	31	40200	451	0.9244302949061662	0.9944124008651768	0.958145189301841	0.0007705500733265	5468	55	40225	451	0.923804696739314	0.9900416440340396	0.9557769620695684	0.0013654419066534	25	0	46169	5	0.8333333333333334	1.0	0.9090909090909092	0.0	30	28	0	5	0	0	24054	66	0.0	NA	0.0	NA	0	0	24120	0	NA	NA	0.0	NA	0	0	24101	19	0.0	NA	0.0	NA	0	0	24073	47	0.0	NA	0.0	NA	44	3	19	0	0	0	24120	0	NA	NA	0.0	NA
40	20	10	0.001999	0.3	1e-06	2.5e-07	0.0	0002	indelsieve	candidate_snvs	smc_mudel_sa_stage_1-smc_mudel_sa_stage_2	mt	no_cnv	/raid/kang/DelSIEVE/simulation_results/IndelSIEVE_benchmark_pipeline_sa_104/benchmark_results/simulated_data/results/cell_names	/raid/kang/DelSIEVE/simulation_results/IndelSIEVE_benchmark_pipeline_sa_104/benchmark_results/indelsieve/from_candidate/variant_calling/stage2/mt/no_cnv/smc_mudel_sa_stage_1-smc_mudel_sa_stage_2/0002/indelsieve_median.cell_names	/raid/kang/DelSIEVE/simulation_results/IndelSIEVE_benchmark_pipeline_sa_104/benchmark_results/simulated_data/results/data_type/no_cnv/0002/true_evo_events_sites_names	/raid/kang/DelSIEVE/simulation_results/IndelSIEVE_benchmark_pipeline_sa_104/benchmark_results/indelsieve/from_candidate/variant_calling/stage2/mt/no_cnv/smc_mudel_sa_stage_1-smc_mudel_sa_stage_2/0002/indelsieve_median.loci_info	/raid/kang/DelSIEVE/simulation_results/IndelSIEVE_benchmark_pipeline_sa_104/benchmark_results/simulated_data/results/data_type/no_cnv/0002/true_evo_events_genotypes_numeric	/raid/kang/DelSIEVE/simulation_results/IndelSIEVE_benchmark_pipeline_sa_104/benchmark_results/indelsieve/from_candidate/variant_calling/stage2/mt/no_cnv/smc_mudel_sa_stage_1-smc_mudel_sa_stage_2/0002/indelsieve_median.genotypes	/raid/kang/DelSIEVE/simulation_results/IndelSIEVE_benchmark_pipeline_sa_104/benchmark_results/simulated_data/results/data_type/no_cnv/0002/true_evo_events_ternary_matrix.simple	/raid/kang/DelSIEVE/simulation_results/IndelSIEVE_benchmark_pipeline_sa_104/benchmark_results/indelsieve/from_candidate/variant_calling/stage2/mt/no_cnv/smc_mudel_sa_stage_1-smc_mudel_sa_stage_2/0002/indelsieve_median.ternary	/raid/kang/DelSIEVE/simulation_results/IndelSIEVE_benchmark_pipeline_sa_104/benchmark_results/indelsieve/from_candidate/variant_calling/stage2/mt/no_cnv/smc_mudel_sa_stage_1-smc_mudel_sa_stage_2/0002/indelsieve_median.probs	5560	30	38835	1775	0.7580095432856169	0.9946332737030412	0.860348162475822	0.0007719027402547	5517	29	40202	451	0.9244302949061662	0.9947710061305446	0.9583116206357478	0.0007208371653699	5468	34	40246	451	0.923804696739314	0.9938204289349328	0.957534366517818	0.0008440913604766	25	0	46169	5	0.8333333333333334	1.0	0.9090909090909092	0.0	30	28	0	5	61	2	24052	5	0.9242424242424242	0.9682539682539684	8.314625426124553e-05	0.9457364341085271	0	0	24120	0	NA	NA	0.0	NA	19	0	24101	0	1.0	1.0	0.0	1.0	42	2	24071	5	0.8936170212765957	0.9545454545454546	8.308062975117352e-05	0.9230769230769232	4	1	0	0	0	0	24120	0	NA	NA	0.0	NA
40	20	10	0.001999	0.3	1e-06	2.5e-07	0.0	0003	sieve	candidate_snvs	smc_mu_sa_stage_1-smc_mu_sa_stage_2	mt	no_cnv	/raid/kang/DelSIEVE/simulation_results/IndelSIEVE_benchmark_pipeline_sa_104/benchmark_results/simulated_data/results/cell_names	/raid/kang/DelSIEVE/simulation_results/IndelSIEVE_benchmark_pipeline_sa_104/benchmark_results/indelsieve/from_candidate/variant_calling/stage2/mt/no_cnv/smc_mu_sa_stage_1-smc_mu_sa_stage_2/0003/indelsieve_median.cell_names	/raid/kang/DelSIEVE/simulation_results/IndelSIEVE_benchmark_pipeline_sa_104/benchmark_results/simulated_data/results/data_type/no_cnv/0003/true_evo_events_sites_names	/raid/kang/DelSIEVE/simulation_results/IndelSIEVE_benchmark_pipeline_sa_104/benchmark_results/indelsieve/from_candidate/variant_calling/stage2/mt/no_cnv/smc_mu_sa_stage_1-smc_mu_sa_stage_2/0003/indelsieve_median.loci_info	/raid/kang/DelSIEVE/simulation_results/IndelSIEVE_benchmark_pipeline_sa_104/benchmark_results/simulated_data/results/data_type/no_cnv/0003/true_evo_events_genotypes_numeric	/raid/kang/DelSIEVE/simulation_results/IndelSIEVE_benchmark_pipeline_sa_104/benchmark_results/indelsieve/from_candidate/variant_calling/stage2/mt/no_cnv/smc_mu_sa_stage_1-smc_mu_sa_stage_2/0003/indelsieve_median.genotypes	/raid/kang/DelSIEVE/simulation_results/IndelSIEVE_benchmark_pipeline_sa_104/benchmark_results/simulated_data/results/data_type/no_cnv/0003/true_evo_events_ternary_matrix.simple	/raid/kang/DelSIEVE/simulation_results/IndelSIEVE_benchmark_pipeline_sa_104/benchmark_results/indelsieve/from_candidate/variant_calling/stage2/mt/no_cnv/smc_mu_sa_stage_1-smc_mu_sa_stage_2/0003/indelsieve_median.ternary	/raid/kang/DelSIEVE/simulation_results/IndelSIEVE_benchmark_pipeline_sa_104/benchmark_results/indelsieve/from_candidate/variant_calling/stage2/mt/no_cnv/smc_mu_sa_stage_1-smc_mu_sa_stage_2/0003/indelsieve_median.probs	6908	39	33548	1785	0.7946623720234671	0.9943860659277386	0.8833759590792839	0.0011611635454193	6908	39	34868	465	0.9369320493693204	0.9943860659277386	0.964804469273743	0.0011172544188844	6888	50	34877	465	0.9367605059159528	0.9927933121937158	0.9639633335665804	0.0014315572479743	9	0	42267	4	0.6923076923076923	1.0	0.8181818181818181	0.0	13	39	0	4	0	0	21543	57	0.0	NA	0.0	NA	0	0	21600	0	NA	NA	0.0	NA	0	0	21593	7	0.0	NA	0.0	NA	0	0	21550	50	0.0	NA	0.0	NA	50	0	7	0	0	0	21600	0	NA	NA	0.0	NA
40	20	10	0.001999	0.3	1e-06	2.5e-07	0.0	0003	indelsieve	candidate_snvs	smc_mudel_sa_stage_1-smc_mudel_sa_stage_2	mt	no_cnv	/raid/kang/DelSIEVE/simulation_results/IndelSIEVE_benchmark_pipeline_sa_104/benchmark_results/simulated_data/results/cell_names	/raid/kang/DelSIEVE/simulation_results/IndelSIEVE_benchmark_pipeline_sa_104/benchmark_results/indelsieve/from_candidate/variant_calling/stage2/mt/no_cnv/smc_mudel_sa_stage_1-smc_mudel_sa_stage_2/0003/indelsieve_median.cell_names	/raid/kang/DelSIEVE/simulation_results/IndelSIEVE_benchmark_pipeline_sa_104/benchmark_results/simulated_data/results/data_type/no_cnv/0003/true_evo_events_sites_names	/raid/kang/DelSIEVE/simulation_results/IndelSIEVE_benchmark_pipeline_sa_104/benchmark_results/indelsieve/from_candidate/variant_calling/stage2/mt/no_cnv/smc_mudel_sa_stage_1-smc_mudel_sa_stage_2/0003/indelsieve_median.loci_info	/raid/kang/DelSIEVE/simulation_results/IndelSIEVE_benchmark_pipeline_sa_104/benchmark_results/simulated_data/results/data_type/no_cnv/0003/true_evo_events_genotypes_numeric	/raid/kang/DelSIEVE/simulation_results/IndelSIEVE_benchmark_pipeline_sa_104/benchmark_results/indelsieve/from_candidate/variant_calling/stage2/mt/no_cnv/smc_mudel_sa_stage_1-smc_mudel_sa_stage_2/0003/indelsieve_median.genotypes	/raid/kang/DelSIEVE/simulation_results/IndelSIEVE_benchmark_pipeline_sa_104/benchmark_results/simulated_data/results/data_type/no_cnv/0003/true_evo_events_ternary_matrix.simple	/raid/kang/DelSIEVE/simulation_results/IndelSIEVE_benchmark_pipeline_sa_104/benchmark_results/indelsieve/from_candidate/variant_calling/stage2/mt/no_cnv/smc_mudel_sa_stage_1-smc_mudel_sa_stage_2/0003/indelsieve_median.ternary	/raid/kang/DelSIEVE/simulation_results/IndelSIEVE_benchmark_pipeline_sa_104/benchmark_results/indelsieve/from_candidate/variant_calling/stage2/mt/no_cnv/smc_mudel_sa_stage_1-smc_mudel_sa_stage_2/0003/indelsieve_median.probs	6957	35	33552	1736	0.800299091222823	0.9949942791762014	0.8870895760280524	0.0010420698484532	6908	35	34872	465	0.9369320493693204	0.994958951461904	0.965074043028779	0.0010026642220758	6888	39	34888	465	0.9367605059159528	0.9943698570809876	0.9647058823529412	0.0011166146534199	9	0	42267	4	0.6923076923076923	1.0	0.8181818181818181	0.0	13	35	0	4	56	0	21543	1	0.9824561403508772	1.0	0.0	0.991150442477876	0	0	21600	0	NA	NA	0.0	NA	7	0	21593	0	1.0	1.0	0.0	1.0	49	0	21550	1	0.98	1.0	0.0	0.98989898989899	1	0	0	0	0	0	21600	0	NA	NA	0.0	NA
40	20	10	0.001999	0.3	1e-06	2.5e-07	0.0	0004	sieve	candidate_snvs	smc_mu_sa_stage_1-smc_mu_sa_stage_2	mt	no_cnv	/raid/kang/DelSIEVE/simulation_results/IndelSIEVE_benchmark_pipeline_sa_104/benchmark_results/simulated_data/results/cell_names	/raid/kang/DelSIEVE/simulation_results/IndelSIEVE_benchmark_pipeline_sa_104/benchmark_results/indelsieve/from_candidate/variant_calling/stage2/mt/no_cnv/smc_mu_sa_stage_1-smc_mu_sa_stage_2/0004/indelsieve_median.cell_names	/raid/kang/DelSIEVE/simulation_results/IndelSIEVE_benchmark_pipeline_sa_104/benchmark_results/simulated_data/results/data_type/no_cnv/0004/true_evo_events_sites_names	/raid/kang/DelSIEVE/simulation_results/IndelSIEVE_benchmark_pipeline_sa_104/benchmark_results/indelsieve/from_candidate/variant_calling/stage2/mt/no_cnv/smc_mu_sa_stage_1-smc_mu_sa_stage_2/0004/indelsieve_median.loci_info	/raid/kang/DelSIEVE/simulation_results/IndelSIEVE_benchmark_pipeline_sa_104/benchmark_results/simulated_data/results/data_type/no_cnv/0004/true_evo_events_genotypes_numeric	/raid/kang/DelSIEVE/simulation_results/IndelSIEVE_benchmark_pipeline_sa_104/benchmark_results/indelsieve/from_candidate/variant_calling/stage2/mt/no_cnv/smc_mu_sa_stage_1-smc_mu_sa_stage_2/0004/indelsieve_median.genotypes	/raid/kang/DelSIEVE/simulation_results/IndelSIEVE_benchmark_pipeline_sa_104/benchmark_results/simulated_data/results/data_type/no_cnv/0004/true_evo_events_ternary_matrix.simple	/raid/kang/DelSIEVE/simulation_results/IndelSIEVE_benchmark_pipeline_sa_104/benchmark_results/indelsieve/from_candidate/variant_calling/stage2/mt/no_cnv/smc_mu_sa_stage_1-smc_mu_sa_stage_2/0004/indelsieve_median.ternary	/raid/kang/DelSIEVE/simulation_results/IndelSIEVE_benchmark_pipeline_sa_104/benchmark_results/indelsieve/from_candidate/variant_calling/stage2/mt/no_cnv/smc_mu_sa_stage_1-smc_mu_sa_stage_2/0004/indelsieve_median.probs	4782	40	40834	2264	0.6786829406755606	0.9917046868519288	0.8058645096056622	0.0009786172138767	4779	43	42566	532	0.8998305403878742	0.9910825383658232	0.9432547123260632	0.001009176465066	4776	43	42570	531	0.899943470887507	0.9910769869267484	0.9433142405688328	0.0010090817356205	3	0	47916	1	0.75	1.0	0.8571428571428571	0.0	4	40	1	0	0	0	19823	57	0.0	NA	0.0	NA	0	0	19880	0	NA	NA	0.0	NA	0	0	19880	0	NA	NA	0.0	NA	0	0	19823	57	0.0	NA	0.0	NA	54	3	0	0	0	0	19880	0	NA	NA	0.0	NA
40	20	10	0.001999	0.3	1e-06	2.5e-07	0.0	0004	indelsieve	candidate_snvs	smc_mudel_sa_stage_1-smc_mudel_sa_stage_2	mt	no_cnv	/raid/kang/DelSIEVE/simulation_results/IndelSIEVE_benchmark_pipeline_sa_104/benchmark_results/simulated_data/results/cell_names	/raid/kang/DelSIEVE/simulation_results/IndelSIEVE_benchmark_pipeline_sa_104/benchmark_results/indelsieve/from_candidate/variant_calling/stage2/mt/no_cnv/smc_mudel_sa_stage_1-smc_mudel_sa_stage_2/0004/indelsieve_median.cell_names	/raid/kang/DelSIEVE/simulation_results/IndelSIEVE_benchmark_pipeline_sa_104/benchmark_results/simulated_data/results/data_type/no_cnv/0004/true_evo_events_sites_names	/raid/kang/DelSIEVE/simulation_results/IndelSIEVE_benchmark_pipeline_sa_104/benchmark_results/indelsieve/from_candidate/variant_calling/stage2/mt/no_cnv/smc_mudel_sa_stage_1-smc_mudel_sa_stage_2/0004/indelsieve_median.loci_info	/raid/kang/DelSIEVE/simulation_results/IndelSIEVE_benchmark_pipeline_sa_104/benchmark_results/simulated_data/results/data_type/no_cnv/0004/true_evo_events_genotypes_numeric	/raid/kang/DelSIEVE/simulation_results/IndelSIEVE_benchmark_pipeline_sa_104/benchmark_results/indelsieve/from_candidate/variant_calling/stage2/mt/no_cnv/smc_mudel_sa_stage_1-smc_mudel_sa_stage_2/0004/indelsieve_median.genotypes	/raid/kang/DelSIEVE/simulation_results/IndelSIEVE_benchmark_pipeline_sa_104/benchmark_results/simulated_data/results/data_type/no_cnv/0004/true_evo_events_ternary_matrix.simple	/raid/kang/DelSIEVE/simulation_results/IndelSIEVE_benchmark_pipeline_sa_104/benchmark_results/indelsieve/from_candidate/variant_calling/stage2/mt/no_cnv/smc_mudel_sa_stage_1-smc_mudel_sa_stage_2/0004/indelsieve_median.ternary	/raid/kang/DelSIEVE/simulation_results/IndelSIEVE_benchmark_pipeline_sa_104/benchmark_results/indelsieve/from_candidate/variant_calling/stage2/mt/no_cnv/smc_mudel_sa_stage_1-smc_mudel_sa_stage_2/0004/indelsieve_median.probs	4832	43	40831	2214	0.6857791654839626	0.9911794871794872	0.8106702457847496	0.0010520135049175	4779	43	42566	532	0.8998305403878742	0.9910825383658232	0.9432547123260632	0.001009176465066	4776	42	42571	531	0.899943470887507	0.9912826899128268	0.9434074074074074	0.0009856147185131	3	0	47916	1	0.75	1.0	0.8571428571428571	0.0	4	40	1	0	51	3	19820	6	0.8947368421052632	0.9444444444444444	0.0001513393532764	0.918918918918919	0	0	19880	0	NA	NA	0.0	NA	0	1	19879	0	NA	0.0	5.0301810865191146e-05	NA	50	3	19820	7	0.8771929824561403	0.9433962264150944	0.0001513393532764	0.9090909090909092	4	2	0	0	0	0	19880	0	NA	NA	0.0	NA
40	20	10	0.001999	0.3	1e-06	2.5e-07	0.0	0005	sieve	candidate_snvs	smc_mu_sa_stage_1-smc_mu_sa_stage_2	mt	no_cnv	/raid/kang/DelSIEVE/simulation_results/IndelSIEVE_benchmark_pipeline_sa_104/benchmark_results/simulated_data/results/cell_names	/raid/kang/DelSIEVE/simulation_results/IndelSIEVE_benchmark_pipeline_sa_104/benchmark_results/indelsieve/from_candidate/variant_calling/stage2/mt/no_cnv/smc_mu_sa_stage_1-smc_mu_sa_stage_2/0005/indelsieve_median.cell_names	/raid/kang/DelSIEVE/simulation_results/IndelSIEVE_benchmark_pipeline_sa_104/benchmark_results/simulated_data/results/data_type/no_cnv/0005/true_evo_events_sites_names	/raid/kang/DelSIEVE/simulation_results/IndelSIEVE_benchmark_pipeline_sa_104/benchmark_results/indelsieve/from_candidate/variant_calling/stage2/mt/no_cnv/smc_mu_sa_stage_1-smc_mu_sa_stage_2/0005/indelsieve_median.loci_info	/raid/kang/DelSIEVE/simulation_results/IndelSIEVE_benchmark_pipeline_sa_104/benchmark_results/simulated_data/results/data_type/no_cnv/0005/true_evo_events_genotypes_numeric	/raid/kang/DelSIEVE/simulation_results/IndelSIEVE_benchmark_pipeline_sa_104/benchmark_results/indelsieve/from_candidate/variant_calling/stage2/mt/no_cnv/smc_mu_sa_stage_1-smc_mu_sa_stage_2/0005/indelsieve_median.genotypes	/raid/kang/DelSIEVE/simulation_results/IndelSIEVE_benchmark_pipeline_sa_104/benchmark_results/simulated_data/results/data_type/no_cnv/0005/true_evo_events_ternary_matrix.simple	/raid/kang/DelSIEVE/simulation_results/IndelSIEVE_benchmark_pipeline_sa_104/benchmark_results/indelsieve/from_candidate/variant_calling/stage2/mt/no_cnv/smc_mu_sa_stage_1-smc_mu_sa_stage_2/0005/indelsieve_median.ternary	/raid/kang/DelSIEVE/simulation_results/IndelSIEVE_benchmark_pipeline_sa_104/benchmark_results/indelsieve/from_candidate/variant_calling/stage2/mt/no_cnv/smc_mu_sa_stage_1-smc_mu_sa_stage_2/0005/indelsieve_median.probs	7071	25	43288	2136	0.7680026067122842	0.996476888387824	0.8674477090106116	0.0005771939140673	7068	28	44856	567	0.9257367387033398	0.996054114994363	0.9596089878487544	0.0006238303181534	7007	52	44889	571	0.924650303510161	0.992633517495396	0.9574366331898612	0.001157072606306	33	4	52475	7	0.825	0.8918918918918919	0.8571428571428571	7.622096457630671e-05	40	25	0	7	0	0	22653	67	0.0	NA	0.0	NA	0	0	22720	0	NA	NA	0.0	NA	0	0	22703	17	0.0	NA	0.0	NA	0	0	22670	50	0.0	NA	0.0	NA	47	3	17	0	0	0	22720	0	NA	NA	0.0	NA
40	20	10	0.001999	0.3	1e-06	2.5e-07	0.0	0005	indelsieve	candidate_snvs	smc_mudel_sa_stage_1-smc_mudel_sa_stage_2	mt	no_cnv	/raid/kang/DelSIEVE/simulation_results/IndelSIEVE_benchmark_pipeline_sa_104/benchmark_results/simulated_data/results/cell_names	/raid/kang/DelSIEVE/simulation_results/IndelSIEVE_benchmark_pipeline_sa_104/benchmark_results/indelsieve/from_candidate/variant_calling/stage2/mt/no_cnv/smc_mudel_sa_stage_1-smc_mudel_sa_stage_2/0005/indelsieve_median.cell_names	/raid/kang/DelSIEVE/simulation_results/IndelSIEVE_benchmark_pipeline_sa_104/benchmark_results/simulated_data/results/data_type/no_cnv/0005/true_evo_events_sites_names	/raid/kang/DelSIEVE/simulation_results/IndelSIEVE_benchmark_pipeline_sa_104/benchmark_results/indelsieve/from_candidate/variant_calling/stage2/mt/no_cnv/smc_mudel_sa_stage_1-smc_mudel_sa_stage_2/0005/indelsieve_median.loci_info	/raid/kang/DelSIEVE/simulation_results/IndelSIEVE_benchmark_pipeline_sa_104/benchmark_results/simulated_data/results/data_type/no_cnv/0005/true_evo_events_genotypes_numeric	/raid/kang/DelSIEVE/simulation_results/IndelSIEVE_benchmark_pipeline_sa_104/benchmark_results/indelsieve/from_candidate/variant_calling/stage2/mt/no_cnv/smc_mudel_sa_stage_1-smc_mudel_sa_stage_2/0005/indelsieve_median.genotypes	/raid/kang/DelSIEVE/simulation_results/IndelSIEVE_benchmark_pipeline_sa_104/benchmark_results/simulated_data/results/data_type/no_cnv/0005/true_evo_events_ternary_matrix.simple	/raid/kang/DelSIEVE/simulation_results/IndelSIEVE_benchmark_pipeline_sa_104/benchmark_results/indelsieve/from_candidate/variant_calling/stage2/mt/no_cnv/smc_mudel_sa_stage_1-smc_mudel_sa_stage_2/0005/indelsieve_median.ternary	/raid/kang/DelSIEVE/simulation_results/IndelSIEVE_benchmark_pipeline_sa_104/benchmark_results/indelsieve/from_candidate/variant_calling/stage2/mt/no_cnv/smc_mudel_sa_stage_1-smc_mudel_sa_stage_2/0005/indelsieve_median.probs	7115	26	43287	2092	0.7727815792331921	0.996359053353872	0.8704428676290678	0.00060028167063	7068	29	44855	567	0.9257367387033398	0.9959137663801606	0.9595438501221828	0.0006461099723732	7007	36	44905	571	0.924650303510161	0.9948885418145677	0.9584843717939948	0.0008010502659041	33	4	52475	7	0.825	0.8918918918918919	0.8571428571428571	7.622096457630671e-05	40	26	0	7	61	0	22653	6	0.9104477611940298	1.0	0.0	0.953125	0	0	22720	0	NA	NA	0.0	NA	17	0	22703	0	1.0	1.0	0.0	1.0	44	0	22670	6	0.88	1.0	0.0	0.9361702127659576	3	3	0	0	0	0	22720	0	NA	NA	0.0	NA
40	20	10	0.001999	0.3	1e-06	2.5e-07	0.0	0006	sieve	candidate_snvs	smc_mu_sa_stage_1-smc_mu_sa_stage_2	mt	no_cnv	/raid/kang/DelSIEVE/simulation_results/IndelSIEVE_benchmark_pipeline_sa_104/benchmark_results/simulated_data/results/cell_names	/raid/kang/DelSIEVE/simulation_results/IndelSIEVE_benchmark_pipeline_sa_104/benchmark_results/indelsieve/from_candidate/variant_calling/stage2/mt/no_cnv/smc_mu_sa_stage_1-smc_mu_sa_stage_2/0006/indelsieve_median.cell_names	/raid/kang/DelSIEVE/simulation_results/IndelSIEVE_benchmark_pipeline_sa_104/benchmark_results/simulated_data/results/data_type/no_cnv/0006/true_evo_events_sites_names	/raid/kang/DelSIEVE/simulation_results/IndelSIEVE_benchmark_pipeline_sa_104/benchmark_results/indelsieve/from_candidate/variant_calling/stage2/mt/no_cnv/smc_mu_sa_stage_1-smc_mu_sa_stage_2/0006/indelsieve_median.loci_info	/raid/kang/DelSIEVE/simulation_results/IndelSIEVE_benchmark_pipeline_sa_104/benchmark_results/simulated_data/results/data_type/no_cnv/0006/true_evo_events_genotypes_numeric	/raid/kang/DelSIEVE/simulation_results/IndelSIEVE_benchmark_pipeline_sa_104/benchmark_results/indelsieve/from_candidate/variant_calling/stage2/mt/no_cnv/smc_mu_sa_stage_1-smc_mu_sa_stage_2/0006/indelsieve_median.genotypes	/raid/kang/DelSIEVE/simulation_results/IndelSIEVE_benchmark_pipeline_sa_104/benchmark_results/simulated_data/results/data_type/no_cnv/0006/true_evo_events_ternary_matrix.simple	/raid/kang/DelSIEVE/simulation_results/IndelSIEVE_benchmark_pipeline_sa_104/benchmark_results/indelsieve/from_candidate/variant_calling/stage2/mt/no_cnv/smc_mu_sa_stage_1-smc_mu_sa_stage_2/0006/indelsieve_median.ternary	/raid/kang/DelSIEVE/simulation_results/IndelSIEVE_benchmark_pipeline_sa_104/benchmark_results/indelsieve/from_candidate/variant_calling/stage2/mt/no_cnv/smc_mu_sa_stage_1-smc_mu_sa_stage_2/0006/indelsieve_median.probs	5739	15	26396	1890	0.7522611089264648	0.997393117831074	0.8576552342524099	0.0005679451743591	5737	17	27902	384	0.9372651527528182	0.997045533541884	0.9662315789473684	0.0006089043303843	5697	25	27934	384	0.9368524913665516	0.995630898287312	0.9653477929339996	0.0008941664580278	32	0	34000	8	0.8	1.0	0.888888888888889	0.0	40	15	0	8	0	0	17342	58	0.0	NA	0.0	NA	0	0	17400	0	NA	NA	0.0	NA	0	0	17400	0	NA	NA	0.0	NA	0	0	17342	58	0.0	NA	0.0	NA	56	2	0	0	0	0	17400	0	NA	NA	0.0	NA
40	20	10	0.001999	0.3	1e-06	2.5e-07	0.0	0006	indelsieve	candidate_snvs	smc_mudel_sa_stage_1-smc_mudel_sa_stage_2	mt	no_cnv	/raid/kang/DelSIEVE/simulation_results/IndelSIEVE_benchmark_pipeline_sa_104/benchmark_results/simulated_data/results/cell_names	/raid/kang/DelSIEVE/simulation_results/IndelSIEVE_benchmark_pipeline_sa_104/benchmark_results/indelsieve/from_candidate/variant_calling/stage2/mt/no_cnv/smc_mudel_sa_stage_1-smc_mudel_sa_stage_2/0006/indelsieve_median.cell_names	/raid/kang/DelSIEVE/simulation_results/IndelSIEVE_benchmark_pipeline_sa_104/benchmark_results/simulated_data/results/data_type/no_cnv/0006/true_evo_events_sites_names	/raid/kang/DelSIEVE/simulation_results/IndelSIEVE_benchmark_pipeline_sa_104/benchmark_results/indelsieve/from_candidate/variant_calling/stage2/mt/no_cnv/smc_mudel_sa_stage_1-smc_mudel_sa_stage_2/0006/indelsieve_median.loci_info	/raid/kang/DelSIEVE/simulation_results/IndelSIEVE_benchmark_pipeline_sa_104/benchmark_results/simulated_data/results/data_type/no_cnv/0006/true_evo_events_genotypes_numeric	/raid/kang/DelSIEVE/simulation_results/IndelSIEVE_benchmark_pipeline_sa_104/benchmark_results/indelsieve/from_candidate/variant_calling/stage2/mt/no_cnv/smc_mudel_sa_stage_1-smc_mudel_sa_stage_2/0006/indelsieve_median.genotypes	/raid/kang/DelSIEVE/simulation_results/IndelSIEVE_benchmark_pipeline_sa_104/benchmark_results/simulated_data/results/data_type/no_cnv/0006/true_evo_events_ternary_matrix.simple	/raid/kang/DelSIEVE/simulation_results/IndelSIEVE_benchmark_pipeline_sa_104/benchmark_results/indelsieve/from_candidate/variant_calling/stage2/mt/no_cnv/smc_mudel_sa_stage_1-smc_mudel_sa_stage_2/0006/indelsieve_median.ternary	/raid/kang/DelSIEVE/simulation_results/IndelSIEVE_benchmark_pipeline_sa_104/benchmark_results/indelsieve/from_candidate/variant_calling/stage2/mt/no_cnv/smc_mudel_sa_stage_1-smc_mudel_sa_stage_2/0006/indelsieve_median.probs	5790	17	26394	1839	0.7589461266220999	0.9970724987084552	0.8618636498958023	0.000643671197607	5737	16	27903	384	0.9372651527528182	0.9972188423431252	0.9663129526696984	0.000573086428597	5697	24	27935	384	0.9368524913665516	0.9958049292081804	0.9654295882053888	0.0008583997997067	32	0	34000	8	0.8	1.0	0.888888888888889	0.0	40	16	0	8	53	1	17341	5	0.913793103448276	0.9814814814814816	5.766347595433053e-05	0.9464285714285714	0	0	17400	0	NA	NA	0.0	NA	0	0	17400	0	NA	NA	0.0	NA	53	1	17341	5	0.913793103448276	0.9814814814814816	5.766347595433053e-05	0.9464285714285714	5	0	0	0	0	0	17400	0	NA	NA	0.0	NA
40	20	10	0.001999	0.3	1e-06	2.5e-07	0.0	0007	sieve	candidate_snvs	smc_mu_sa_stage_1-smc_mu_sa_stage_2	mt	no_cnv	/raid/kang/DelSIEVE/simulation_results/IndelSIEVE_benchmark_pipeline_sa_104/benchmark_results/simulated_data/results/cell_names	/raid/kang/DelSIEVE/simulation_results/IndelSIEVE_benchmark_pipeline_sa_104/benchmark_results/indelsieve/from_candidate/variant_calling/stage2/mt/no_cnv/smc_mu_sa_stage_1-smc_mu_sa_stage_2/0007/indelsieve_median.cell_names	/raid/kang/DelSIEVE/simulation_results/IndelSIEVE_benchmark_pipeline_sa_104/benchmark_results/simulated_data/results/data_type/no_cnv/0007/true_evo_events_sites_names	/raid/kang/DelSIEVE/simulation_results/IndelSIEVE_benchmark_pipeline_sa_104/benchmark_results/indelsieve/from_candidate/variant_calling/stage2/mt/no_cnv/smc_mu_sa_stage_1-smc_mu_sa_stage_2/0007/indelsieve_median.loci_info	/raid/kang/DelSIEVE/simulation_results/IndelSIEVE_benchmark_pipeline_sa_104/benchmark_results/simulated_data/results/data_type/no_cnv/0007/true_evo_events_genotypes_numeric	/raid/kang/DelSIEVE/simulation_results/IndelSIEVE_benchmark_pipeline_sa_104/benchmark_results/indelsieve/from_candidate/variant_calling/stage2/mt/no_cnv/smc_mu_sa_stage_1-smc_mu_sa_stage_2/0007/indelsieve_median.genotypes	/raid/kang/DelSIEVE/simulation_results/IndelSIEVE_benchmark_pipeline_sa_104/benchmark_results/simulated_data/results/data_type/no_cnv/0007/true_evo_events_ternary_matrix.simple	/raid/kang/DelSIEVE/simulation_results/IndelSIEVE_benchmark_pipeline_sa_104/benchmark_results/indelsieve/from_candidate/variant_calling/stage2/mt/no_cnv/smc_mu_sa_stage_1-smc_mu_sa_stage_2/0007/indelsieve_median.ternary	/raid/kang/DelSIEVE/simulation_results/IndelSIEVE_benchmark_pipeline_sa_104/benchmark_results/indelsieve/from_candidate/variant_calling/stage2/mt/no_cnv/smc_mu_sa_stage_1-smc_mu_sa_stage_2/0007/indelsieve_median.probs	11149	27	46745	3079	0.7835957267360135	0.9975841088045811	0.8777357896394269	0.0005772684512101	11143	33	49229	591	0.949633543548662	0.9970472440944882	0.9727629855958096	0.0006698875400917	11043	61	49299	593	0.9490374699209352	0.994506484149856	0.9712401055408972	0.0012358184764991	49	23	60912	12	0.8032786885245902	0.6805555555555556	0.7368421052631579	0.0003774513826208	61	27	0	12	0	0	33940	180	0.0	NA	0.0	NA	0	0	34120	0	NA	NA	0.0	NA	0	0	34083	37	0.0	NA	0.0	NA	0	0	33977	143	0.0	NA	0.0	NA	137	6	16	21	0	0	34120	0	NA	NA	0.0	NA
40	20	10	0.001999	0.3	1e-06	2.5e-07	0.0	0007	indelsieve	candidate_snvs	smc_mudel_sa_stage_1-smc_mudel_sa_stage_2	mt	no_cnv	/raid/kang/DelSIEVE/simulation_results/IndelSIEVE_benchmark_pipeline_sa_104/benchmark_results/simulated_data/results/cell_names	/raid/kang/DelSIEVE/simulation_results/IndelSIEVE_benchmark_pipeline_sa_104/benchmark_results/indelsieve/from_candidate/variant_calling/stage2/mt/no_cnv/smc_mudel_sa_stage_1-smc_mudel_sa_stage_2/0007/indelsieve_median.cell_names	/raid/kang/DelSIEVE/simulation_results/IndelSIEVE_benchmark_pipeline_sa_104/benchmark_results/simulated_data/results/data_type/no_cnv/0007/true_evo_events_sites_names	/raid/kang/DelSIEVE/simulation_results/IndelSIEVE_benchmark_pipeline_sa_104/benchmark_results/indelsieve/from_candidate/variant_calling/stage2/mt/no_cnv/smc_mudel_sa_stage_1-smc_mudel_sa_stage_2/0007/indelsieve_median.loci_info	/raid/kang/DelSIEVE/simulation_results/IndelSIEVE_benchmark_pipeline_sa_104/benchmark_results/simulated_data/results/data_type/no_cnv/0007/true_evo_events_genotypes_numeric	/raid/kang/DelSIEVE/simulation_results/IndelSIEVE_benchmark_pipeline_sa_104/benchmark_results/indelsieve/from_candidate/variant_calling/stage2/mt/no_cnv/smc_mudel_sa_stage_1-smc_mudel_sa_stage_2/0007/indelsieve_median.genotypes	/raid/kang/DelSIEVE/simulation_results/IndelSIEVE_benchmark_pipeline_sa_104/benchmark_results/simulated_data/results/data_type/no_cnv/0007/true_evo_events_ternary_matrix.simple	/raid/kang/DelSIEVE/simulation_results/IndelSIEVE_benchmark_pipeline_sa_104/benchmark_results/indelsieve/from_candidate/variant_calling/stage2/mt/no_cnv/smc_mudel_sa_stage_1-smc_mudel_sa_stage_2/0007/indelsieve_median.ternary	/raid/kang/DelSIEVE/simulation_results/IndelSIEVE_benchmark_pipeline_sa_104/benchmark_results/indelsieve/from_candidate/variant_calling/stage2/mt/no_cnv/smc_mudel_sa_stage_1-smc_mudel_sa_stage_2/0007/indelsieve_median.probs	11275	27	46745	2953	0.7924515040764689	0.9976110422933994	0.8832745789267529	0.0005772684512101	11143	27	49235	591	0.949633543548662	0.997582811101164	0.9730178134823612	0.0005480898055296	11043	40	49320	593	0.9490374699209352	0.9963908688983129	0.9721378581803776	0.0008103727714748	49	2	60933	12	0.8032786885245902	0.9607843137254902	0.8750000000000001	3.282185935833265e-05	61	26	0	12	167	1	33939	13	0.9277777777777778	0.9940476190476192	2.9463759575721865e-05	0.9597701149425288	0	0	34120	0	NA	NA	0.0	NA	36	0	34083	1	0.972972972972973	1.0	0.0	0.9863013698630138	131	1	33976	12	0.916083916083916	0.9924242424242424	2.9431674367954792e-05	0.9527272727272728	11	1	1	0	0	0	34120	0	NA	NA	0.0	NA
40	20	10	0.001999	0.3	1e-06	2.5e-07	0.0	0008	sieve	candidate_snvs	smc_mu_sa_stage_1-smc_mu_sa_stage_2	mt	no_cnv	/raid/kang/DelSIEVE/simulation_results/IndelSIEVE_benchmark_pipeline_sa_104/benchmark_results/simulated_data/results/cell_names	/raid/kang/DelSIEVE/simulation_results/IndelSIEVE_benchmark_pipeline_sa_104/benchmark_results/indelsieve/from_candidate/variant_calling/stage2/mt/no_cnv/smc_mu_sa_stage_1-smc_mu_sa_stage_2/0008/indelsieve_median.cell_names	/raid/kang/DelSIEVE/simulation_results/IndelSIEVE_benchmark_pipeline_sa_104/benchmark_results/simulated_data/results/data_type/no_cnv/0008/true_evo_events_sites_names	/raid/kang/DelSIEVE/simulation_results/IndelSIEVE_benchmark_pipeline_sa_104/benchmark_results/indelsieve/from_candidate/variant_calling/stage2/mt/no_cnv/smc_mu_sa_stage_1-smc_mu_sa_stage_2/0008/indelsieve_median.loci_info	/raid/kang/DelSIEVE/simulation_results/IndelSIEVE_benchmark_pipeline_sa_104/benchmark_results/simulated_data/results/data_type/no_cnv/0008/true_evo_events_genotypes_numeric	/raid/kang/DelSIEVE/simulation_results/IndelSIEVE_benchmark_pipeline_sa_104/benchmark_results/indelsieve/from_candidate/variant_calling/stage2/mt/no_cnv/smc_mu_sa_stage_1-smc_mu_sa_stage_2/0008/indelsieve_median.genotypes	/raid/kang/DelSIEVE/simulation_results/IndelSIEVE_benchmark_pipeline_sa_104/benchmark_results/simulated_data/results/data_type/no_cnv/0008/true_evo_events_ternary_matrix.simple	/raid/kang/DelSIEVE/simulation_results/IndelSIEVE_benchmark_pipeline_sa_104/benchmark_results/indelsieve/from_candidate/variant_calling/stage2/mt/no_cnv/smc_mu_sa_stage_1-smc_mu_sa_stage_2/0008/indelsieve_median.ternary	/raid/kang/DelSIEVE/simulation_results/IndelSIEVE_benchmark_pipeline_sa_104/benchmark_results/indelsieve/from_candidate/variant_calling/stage2/mt/no_cnv/smc_mu_sa_stage_1-smc_mu_sa_stage_2/0008/indelsieve_median.probs	8179	39	42805	2657	0.7547988187523071	0.995254319785836	0.8585074000209931	0.0009102791522733	8171	47	44872	589	0.9327625570776256	0.994280846921392	0.9625397573330192	0.0010463278345466	8138	65	44887	589	0.9325083075512776	0.9920760697305864	0.961370348493798	0.0014459868303968	15	0	53663	1	0.9375	1.0	0.967741935483871	0.0	16	39	0	1	0	0	23726	74	0.0	NA	0.0	NA	0	0	23800	0	NA	NA	0.0	NA	0	0	23783	17	0.0	NA	0.0	NA	0	0	23743	57	0.0	NA	0.0	NA	49	8	17	0	0	0	23800	0	NA	NA	0.0	NA
40	20	10	0.001999	0.3	1e-06	2.5e-07	0.0	0008	indelsieve	candidate_snvs	smc_mudel_sa_stage_1-smc_mudel_sa_stage_2	mt	no_cnv	/raid/kang/DelSIEVE/simulation_results/IndelSIEVE_benchmark_pipeline_sa_104/benchmark_results/simulated_data/results/cell_names	/raid/kang/DelSIEVE/simulation_results/IndelSIEVE_benchmark_pipeline_sa_104/benchmark_results/indelsieve/from_candidate/variant_calling/stage2/mt/no_cnv/smc_mudel_sa_stage_1-smc_mudel_sa_stage_2/0008/indelsieve_median.cell_names	/raid/kang/DelSIEVE/simulation_results/IndelSIEVE_benchmark_pipeline_sa_104/benchmark_results/simulated_data/results/data_type/no_cnv/0008/true_evo_events_sites_names	/raid/kang/DelSIEVE/simulation_results/IndelSIEVE_benchmark_pipeline_sa_104/benchmark_results/indelsieve/from_candidate/variant_calling/stage2/mt/no_cnv/smc_mudel_sa_stage_1-smc_mudel_sa_stage_2/0008/indelsieve_median.loci_info	/raid/kang/DelSIEVE/simulation_results/IndelSIEVE_benchmark_pipeline_sa_104/benchmark_results/simulated_data/results/data_type/no_cnv/0008/true_evo_events_genotypes_numeric	/raid/kang/DelSIEVE/simulation_results/IndelSIEVE_benchmark_pipeline_sa_104/benchmark_results/indelsieve/from_candidate/variant_calling/stage2/mt/no_cnv/smc_mudel_sa_stage_1-smc_mudel_sa_stage_2/0008/indelsieve_median.genotypes	/raid/kang/DelSIEVE/simulation_results/IndelSIEVE_benchmark_pipeline_sa_104/benchmark_results/simulated_data/results/data_type/no_cnv/0008/true_evo_events_ternary_matrix.simple	/raid/kang/DelSIEVE/simulation_results/IndelSIEVE_benchmark_pipeline_sa_104/benchmark_results/indelsieve/from_candidate/variant_calling/stage2/mt/no_cnv/smc_mudel_sa_stage_1-smc_mudel_sa_stage_2/0008/indelsieve_median.ternary	/raid/kang/DelSIEVE/simulation_results/IndelSIEVE_benchmark_pipeline_sa_104/benchmark_results/indelsieve/from_candidate/variant_calling/stage2/mt/no_cnv/smc_mudel_sa_stage_1-smc_mudel_sa_stage_2/0008/indelsieve_median.probs	8223	40	42804	2613	0.758859357696567	0.9951591431683408	0.8610922037803026	0.0009336196433572	8169	39	44880	591	0.9325342465753425	0.995248538011696	0.9628712871287128	0.0008682294797301	8135	40	44912	592	0.9321645468087544	0.9951070336391438	0.962607975387528	0.0008898380494749	15	0	53663	1	0.9375	1.0	0.967741935483871	0.0	16	37	0	1	67	6	23720	7	0.9054054054054054	0.9178082191780822	0.0002528871280451	0.91156462585034	0	0	23800	0	NA	NA	0.0	NA	16	2	23781	1	0.9411764705882352	0.8888888888888888	8.409368035992096e-05	0.9142857142857144	50	5	23738	7	0.8771929824561403	0.9090909090909092	0.0002105883839447	0.8928571428571428	5	1	1	0	0	0	23800	0	NA	NA	0.0	NA
40	20	10	0.001999	0.3	1e-06	2.5e-07	0.0	0009	sieve	candidate_snvs	smc_mu_sa_stage_1-smc_mu_sa_stage_2	mt	no_cnv	/raid/kang/DelSIEVE/simulation_results/IndelSIEVE_benchmark_pipeline_sa_104/benchmark_results/simulated_data/results/cell_names	/raid/kang/DelSIEVE/simulation_results/IndelSIEVE_benchmark_pipeline_sa_104/benchmark_results/indelsieve/from_candidate/variant_calling/stage2/mt/no_cnv/smc_mu_sa_stage_1-smc_mu_sa_stage_2/0009/indelsieve_median.cell_names	/raid/kang/DelSIEVE/simulation_results/IndelSIEVE_benchmark_pipeline_sa_104/benchmark_results/simulated_data/results/data_type/no_cnv/0009/true_evo_events_sites_names	/raid/kang/DelSIEVE/simulation_results/IndelSIEVE_benchmark_pipeline_sa_104/benchmark_results/indelsieve/from_candidate/variant_calling/stage2/mt/no_cnv/smc_mu_sa_stage_1-smc_mu_sa_stage_2/0009/indelsieve_median.loci_info	/raid/kang/DelSIEVE/simulation_results/IndelSIEVE_benchmark_pipeline_sa_104/benchmark_results/simulated_data/results/data_type/no_cnv/0009/true_evo_events_genotypes_numeric	/raid/kang/DelSIEVE/simulation_results/IndelSIEVE_benchmark_pipeline_sa_104/benchmark_results/indelsieve/from_candidate/variant_calling/stage2/mt/no_cnv/smc_mu_sa_stage_1-smc_mu_sa_stage_2/0009/indelsieve_median.genotypes	/raid/kang/DelSIEVE/simulation_results/IndelSIEVE_benchmark_pipeline_sa_104/benchmark_results/simulated_data/results/data_type/no_cnv/0009/true_evo_events_ternary_matrix.simple	/raid/kang/DelSIEVE/simulation_results/IndelSIEVE_benchmark_pipeline_sa_104/benchmark_results/indelsieve/from_candidate/variant_calling/stage2/mt/no_cnv/smc_mu_sa_stage_1-smc_mu_sa_stage_2/0009/indelsieve_median.ternary	/raid/kang/DelSIEVE/simulation_results/IndelSIEVE_benchmark_pipeline_sa_104/benchmark_results/indelsieve/from_candidate/variant_calling/stage2/mt/no_cnv/smc_mu_sa_stage_1-smc_mu_sa_stage_2/0009/indelsieve_median.probs	4632	41	34495	1912	0.7078239608801956	0.9912261930237536	0.8258892752072746	0.0011871670141301	4632	41	35984	423	0.916320474777448	0.9912261930237536	0.9523026315789476	0.0011380985426786	4618	50	35989	423	0.9160880777623488	0.9892887746358184	0.9512823153774848	0.0013873858875107	5	0	41071	4	0.5555555555555556	1.0	0.7142857142857143	0.0	9	41	0	4	0	0	18662	98	0.0	NA	0.0	NA	0	0	18760	0	NA	NA	0.0	NA	0	0	18755	5	0.0	NA	0.0	NA	0	0	18667	93	0.0	NA	0.0	NA	93	0	5	0	0	0	18760	0	NA	NA	0.0	NA
40	20	10	0.001999	0.3	1e-06	2.5e-07	0.0	0009	indelsieve	candidate_snvs	smc_mudel_sa_stage_1-smc_mudel_sa_stage_2	mt	no_cnv	/raid/kang/DelSIEVE/simulation_results/IndelSIEVE_benchmark_pipeline_sa_104/benchmark_results/simulated_data/results/cell_names	/raid/kang/DelSIEVE/simulation_results/IndelSIEVE_benchmark_pipeline_sa_104/benchmark_results/indelsieve/from_candidate/variant_calling/stage2/mt/no_cnv/smc_mudel_sa_stage_1-smc_mudel_sa_stage_2/0009/indelsieve_median.cell_names	/raid/kang/DelSIEVE/simulation_results/IndelSIEVE_benchmark_pipeline_sa_104/benchmark_results/simulated_data/results/data_type/no_cnv/0009/true_evo_events_sites_names	/raid/kang/DelSIEVE/simulation_results/IndelSIEVE_benchmark_pipeline_sa_104/benchmark_results/indelsieve/from_candidate/variant_calling/stage2/mt/no_cnv/smc_mudel_sa_stage_1-smc_mudel_sa_stage_2/0009/indelsieve_median.loci_info	/raid/kang/DelSIEVE/simulation_results/IndelSIEVE_benchmark_pipeline_sa_104/benchmark_results/simulated_data/results/data_type/no_cnv/0009/true_evo_events_genotypes_numeric	/raid/kang/DelSIEVE/simulation_results/IndelSIEVE_benchmark_pipeline_sa_104/benchmark_results/indelsieve/from_candidate/variant_calling/stage2/mt/no_cnv/smc_mudel_sa_stage_1-smc_mudel_sa_stage_2/0009/indelsieve_median.genotypes	/raid/kang/DelSIEVE/simulation_results/IndelSIEVE_benchmark_pipeline_sa_104/benchmark_results/simulated_data/results/data_type/no_cnv/0009/true_evo_events_ternary_matrix.simple	/raid/kang/DelSIEVE/simulation_results/IndelSIEVE_benchmark_pipeline_sa_104/benchmark_results/indelsieve/from_candidate/variant_calling/stage2/mt/no_cnv/smc_mudel_sa_stage_1-smc_mudel_sa_stage_2/0009/indelsieve_median.ternary	/raid/kang/DelSIEVE/simulation_results/IndelSIEVE_benchmark_pipeline_sa_104/benchmark_results/indelsieve/from_candidate/variant_calling/stage2/mt/no_cnv/smc_mudel_sa_stage_1-smc_mudel_sa_stage_2/0009/indelsieve_median.probs	4717	45	34491	1827	0.7208129584352079	0.99055018899622	0.8344241995400672	0.0013029881862404	4630	42	35983	425	0.9159248269040554	0.9910102739726028	0.9519893081114424	0.0011658570437196	4617	46	35993	424	0.9158897044237254	0.990135106154836	0.9515663643858204	0.0012763950165098	5	0	41071	4	0.5555555555555556	1.0	0.7142857142857143	0.0	9	42	0	4	90	4	18658	8	0.9183673469387756	0.9574468085106383	0.0002143392991104	0.9375	0	0	18760	0	NA	NA	0.0	NA	4	0	18755	1	0.8	1.0	0.0	0.888888888888889	85	5	18662	8	0.913978494623656	0.9444444444444444	0.0002678523597792	0.9289617486338798	8	0	0	0	0	0	18760	0	NA	NA	0.0	NA
40	20	10	0.001999	0.3	1e-06	2.5e-07	0.0	0010	sieve	candidate_snvs	smc_mu_sa_stage_1-smc_mu_sa_stage_2	mt	no_cnv	/raid/kang/DelSIEVE/simulation_results/IndelSIEVE_benchmark_pipeline_sa_104/benchmark_results/simulated_data/results/cell_names	/raid/kang/DelSIEVE/simulation_results/IndelSIEVE_benchmark_pipeline_sa_104/benchmark_results/indelsieve/from_candidate/variant_calling/stage2/mt/no_cnv/smc_mu_sa_stage_1-smc_mu_sa_stage_2/0010/indelsieve_median.cell_names	/raid/kang/DelSIEVE/simulation_results/IndelSIEVE_benchmark_pipeline_sa_104/benchmark_results/simulated_data/results/data_type/no_cnv/0010/true_evo_events_sites_names	/raid/kang/DelSIEVE/simulation_results/IndelSIEVE_benchmark_pipeline_sa_104/benchmark_results/indelsieve/from_candidate/variant_calling/stage2/mt/no_cnv/smc_mu_sa_stage_1-smc_mu_sa_stage_2/0010/indelsieve_median.loci_info	/raid/kang/DelSIEVE/simulation_results/IndelSIEVE_benchmark_pipeline_sa_104/benchmark_results/simulated_data/results/data_type/no_cnv/0010/true_evo_events_genotypes_numeric	/raid/kang/DelSIEVE/simulation_results/IndelSIEVE_benchmark_pipeline_sa_104/benchmark_results/indelsieve/from_candidate/variant_calling/stage2/mt/no_cnv/smc_mu_sa_stage_1-smc_mu_sa_stage_2/0010/indelsieve_median.genotypes	/raid/kang/DelSIEVE/simulation_results/IndelSIEVE_benchmark_pipeline_sa_104/benchmark_results/simulated_data/results/data_type/no_cnv/0010/true_evo_events_ternary_matrix.simple	/raid/kang/DelSIEVE/simulation_results/IndelSIEVE_benchmark_pipeline_sa_104/benchmark_results/indelsieve/from_candidate/variant_calling/stage2/mt/no_cnv/smc_mu_sa_stage_1-smc_mu_sa_stage_2/0010/indelsieve_median.ternary	/raid/kang/DelSIEVE/simulation_results/IndelSIEVE_benchmark_pipeline_sa_104/benchmark_results/indelsieve/from_candidate/variant_calling/stage2/mt/no_cnv/smc_mu_sa_stage_1-smc_mu_sa_stage_2/0010/indelsieve_median.probs	5504	39	37046	2211	0.7134154244977317	0.9929640988634314	0.8302911449690754	0.0010516381286234	5501	42	38769	488	0.9185172816830856	0.99242287569908	0.9540409295872356	0.0010821674267604	5450	46	38817	487	0.9179720397507158	0.9916302765647744	0.9533805650310504	0.0011836451123176	10	37	44749	4	0.7142857142857143	0.2127659574468085	0.3278688524590163	0.0008261510293395	14	39	1	3	0	0	19815	105	0.0	NA	0.0	NA	0	0	19920	0	NA	NA	0.0	NA	0	0	19882	38	0.0	NA	0.0	NA	0	0	19853	67	0.0	NA	0.0	NA	64	3	1	37	0	0	19920	0	NA	NA	0.0	NA
40	20	10	0.001999	0.3	1e-06	2.5e-07	0.0	0010	indelsieve	candidate_snvs	smc_mudel_sa_stage_1-smc_mudel_sa_stage_2	mt	no_cnv	/raid/kang/DelSIEVE/simulation_results/IndelSIEVE_benchmark_pipeline_sa_104/benchmark_results/simulated_data/results/cell_names	/raid/kang/DelSIEVE/simulation_results/IndelSIEVE_benchmark_pipeline_sa_104/benchmark_results/indelsieve/from_candidate/variant_calling/stage2/mt/no_cnv/smc_mudel_sa_stage_1-smc_mudel_sa_stage_2/0010/indelsieve_median.cell_names	/raid/kang/DelSIEVE/simulation_results/IndelSIEVE_benchmark_pipeline_sa_104/benchmark_results/simulated_data/results/data_type/no_cnv/0010/true_evo_events_sites_names	/raid/kang/DelSIEVE/simulation_results/IndelSIEVE_benchmark_pipeline_sa_104/benchmark_results/indelsieve/from_candidate/variant_calling/stage2/mt/no_cnv/smc_mudel_sa_stage_1-smc_mudel_sa_stage_2/0010/indelsieve_median.loci_info	/raid/kang/DelSIEVE/simulation_results/IndelSIEVE_benchmark_pipeline_sa_104/benchmark_results/simulated_data/results/data_type/no_cnv/0010/true_evo_events_genotypes_numeric	/raid/kang/DelSIEVE/simulation_results/IndelSIEVE_benchmark_pipeline_sa_104/benchmark_results/indelsieve/from_candidate/variant_calling/stage2/mt/no_cnv/smc_mudel_sa_stage_1-smc_mudel_sa_stage_2/0010/indelsieve_median.genotypes	/raid/kang/DelSIEVE/simulation_results/IndelSIEVE_benchmark_pipeline_sa_104/benchmark_results/simulated_data/results/data_type/no_cnv/0010/true_evo_events_ternary_matrix.simple	/raid/kang/DelSIEVE/simulation_results/IndelSIEVE_benchmark_pipeline_sa_104/benchmark_results/indelsieve/from_candidate/variant_calling/stage2/mt/no_cnv/smc_mudel_sa_stage_1-smc_mudel_sa_stage_2/0010/indelsieve_median.ternary	/raid/kang/DelSIEVE/simulation_results/IndelSIEVE_benchmark_pipeline_sa_104/benchmark_results/indelsieve/from_candidate/variant_calling/stage2/mt/no_cnv/smc_mudel_sa_stage_1-smc_mudel_sa_stage_2/0010/indelsieve_median.probs	5560	40	37045	2155	0.7206740116655865	0.9928571428571428	0.8351483289523095	0.0010786032088445	5501	39	38772	488	0.9185172816830856	0.9929602888086644	0.9542891837973806	0.0010048697534204	5450	43	38820	487	0.9179720397507158	0.9921718550882942	0.9536307961504812	0.0011064508658621	10	0	44786	4	0.7142857142857143	1.0	0.8333333333333333	0.0	14	39	1	3	96	1	19814	9	0.9142857142857144	0.9896907216494846	5.046681806712087e-05	0.9504950495049506	0	0	19920	0	NA	NA	0.0	NA	37	0	19882	1	0.9736842105263158	1.0	0.0	0.9866666666666666	59	1	19852	8	0.8805970149253731	0.9833333333333332	5.037022112527074e-05	0.9291338582677166	8	0	1	0	0	0	19920	0	NA	NA	0.0	NA
