cell_num	coverage_mean	coverage_variance	eff_seq_err_rate	ado_rate	mutation_rate	deletion_rate	insertion_rate	doublet_rate	cnv_rate	dataset	tool	snv_type	tool_setup	fine_tune_type	data_type	true_cell_names	cell_names	true_loci_info	loci_info	true_genotypes	genotypes	true_ternary	ternary	genotype_probs	true_positive	false_positive	true_negative	false_negative	recall	precision	f1_score	fall_out	true_positive_mu	false_positive_mu	true_negative_mu	false_negative_mu	recall_mu	precision_mu	f1_score_mu	fall_out_mu	true_positive_hetero_mu	false_positive_hetero_mu	true_negative_hetero_mu	false_negative_hetero_mu	recall_hetero_mu	precision_hetero_mu	f1_score_hetero_mu	fall_out_hetero_mu	true_positive_homo_mu	false_positive_homo_mu	true_negative_homo_mu	false_negative_homo_mu	recall_homo_mu	precision_homo_mu	f1_score_homo_mu	fall_out_homo_mu	true_homo_mu	true_homo_ref_as_hetero_mu	true_homo_mu_as_homo_ref	true_homo_mu_as_hetero_mu	true_positive_del	false_positive_del	true_negative_del	false_negative_del	recall_del	precision_del	fall_out_del	f1_score_del	true_positive_all_del	false_positive_all_del	true_negative_all_del	false_negative_all_del	recall_all_del	precision_all_del	fall_out_all_del	f1_score_all_del	true_positive_del_alt_left	false_positive_del_alt_left	true_negative_del_alt_left	false_negative_del_alt_left	recall_del_alt_left	precision_del_alt_left	fall_out_del_alt_left	f1_score_del_alt_left	true_positive_del_ref_left	false_positive_del_ref_left	true_negative_del_ref_left	false_negative_del_ref_left	recall_del_ref_left	precision_del_ref_left	fall_out_del_ref_left	f1_score_del_ref_left	true_del_ref_left_as_homo_ref	true_del_ref_left_as_hetero_mu	true_del_alt_left_as_hetero_mu	true_del_alt_left_as_homo_mu	true_positive_amp	false_positive_amp	true_negative_amp	false_negative_amp	recall_amp	precision_amp	fall_out_amp	f1_score_amp
40	20	10	0.001999	0.3	8e-06	2e-06	0.0	0.0	2/3	0001	indelsieve	candidate_snvs	smc_mudel_sa_stage_1	mt	exc_cnv	/raid/kang/DelSIEVE/simulation_results/IndelSIEVE_benchmark_pipeline_sa_105_cna_2/benchmark_results/simulated_data/results/cell_names_dir/cell_names.0001	/raid/kang/DelSIEVE/simulation_results/IndelSIEVE_benchmark_pipeline_sa_105_cna_2/benchmark_results/indelsieve/from_candidate/variant_calling/mt/exc_cnv/smc_mudel_sa_stage_1/0001/indelsieve_median.cell_names	/raid/kang/DelSIEVE/simulation_results/IndelSIEVE_benchmark_pipeline_sa_105_cna_2/benchmark_results/simulated_data/results/data_type/exc_cnv/0001/true_evo_events_sites_names	/raid/kang/DelSIEVE/simulation_results/IndelSIEVE_benchmark_pipeline_sa_105_cna_2/benchmark_results/indelsieve/from_candidate/variant_calling/mt/exc_cnv/smc_mudel_sa_stage_1/0001/indelsieve_median.loci_info	/raid/kang/DelSIEVE/simulation_results/IndelSIEVE_benchmark_pipeline_sa_105_cna_2/benchmark_results/simulated_data/results/data_type/exc_cnv/0001/true_evo_events_genotypes_numeric	/raid/kang/DelSIEVE/simulation_results/IndelSIEVE_benchmark_pipeline_sa_105_cna_2/benchmark_results/indelsieve/from_candidate/variant_calling/mt/exc_cnv/smc_mudel_sa_stage_1/0001/indelsieve_median.genotypes	/raid/kang/DelSIEVE/simulation_results/IndelSIEVE_benchmark_pipeline_sa_105_cna_2/benchmark_results/simulated_data/results/data_type/exc_cnv/0001/true_evo_events_ternary_matrix	/raid/kang/DelSIEVE/simulation_results/IndelSIEVE_benchmark_pipeline_sa_105_cna_2/benchmark_results/indelsieve/from_candidate/variant_calling/mt/exc_cnv/smc_mudel_sa_stage_1/0001/indelsieve_median.ternary	/raid/kang/DelSIEVE/simulation_results/IndelSIEVE_benchmark_pipeline_sa_105_cna_2/benchmark_results/indelsieve/from_candidate/variant_calling/mt/exc_cnv/smc_mudel_sa_stage_1/0001/indelsieve_median.probs	2616	20	7513	531	0.8312678741658722	0.992412746585736	0.9047207331834688	0.0026549847338377	2446	20	8104	106	0.9584639498432602	0.991889699918897	0.9748903945795138	0.0024618414574101	2304	26	8240	106	0.9560165975103736	0.9888412017167382	0.9721518987341772	0.0031454149528187	70	1	10597	8	0.8974358974358975	0.9859154929577464	0.9395973154362416	9.435742592942064e-05	78	18	1	7	228	7	6877	8	0.9661016949152542	0.9702127659574468	0.0010168506682161	0.968152866242038	0	0	7119	1	0.0	NA	0.0	NA	64	1	7055	0	1.0	0.9846153846153848	0.000141723356009	0.992248062015504	162	8	6941	9	0.9473684210526316	0.9529411764705882	0.001151244783422	0.9501466275659822	7	1	0	0	0	0	7120	0	NA	NA	0.0	NA
40	20	10	0.001999	0.3	8e-06	2e-06	0.0	0.0	2/3	0002	indelsieve	candidate_snvs	smc_mudel_sa_stage_1	mt	exc_cnv	/raid/kang/DelSIEVE/simulation_results/IndelSIEVE_benchmark_pipeline_sa_105_cna_2/benchmark_results/simulated_data/results/cell_names_dir/cell_names.0002	/raid/kang/DelSIEVE/simulation_results/IndelSIEVE_benchmark_pipeline_sa_105_cna_2/benchmark_results/indelsieve/from_candidate/variant_calling/mt/exc_cnv/smc_mudel_sa_stage_1/0002/indelsieve_median.cell_names	/raid/kang/DelSIEVE/simulation_results/IndelSIEVE_benchmark_pipeline_sa_105_cna_2/benchmark_results/simulated_data/results/data_type/exc_cnv/0002/true_evo_events_sites_names	/raid/kang/DelSIEVE/simulation_results/IndelSIEVE_benchmark_pipeline_sa_105_cna_2/benchmark_results/indelsieve/from_candidate/variant_calling/mt/exc_cnv/smc_mudel_sa_stage_1/0002/indelsieve_median.loci_info	/raid/kang/DelSIEVE/simulation_results/IndelSIEVE_benchmark_pipeline_sa_105_cna_2/benchmark_results/simulated_data/results/data_type/exc_cnv/0002/true_evo_events_genotypes_numeric	/raid/kang/DelSIEVE/simulation_results/IndelSIEVE_benchmark_pipeline_sa_105_cna_2/benchmark_results/indelsieve/from_candidate/variant_calling/mt/exc_cnv/smc_mudel_sa_stage_1/0002/indelsieve_median.genotypes	/raid/kang/DelSIEVE/simulation_results/IndelSIEVE_benchmark_pipeline_sa_105_cna_2/benchmark_results/simulated_data/results/data_type/exc_cnv/0002/true_evo_events_ternary_matrix	/raid/kang/DelSIEVE/simulation_results/IndelSIEVE_benchmark_pipeline_sa_105_cna_2/benchmark_results/indelsieve/from_candidate/variant_calling/mt/exc_cnv/smc_mudel_sa_stage_1/0002/indelsieve_median.ternary	/raid/kang/DelSIEVE/simulation_results/IndelSIEVE_benchmark_pipeline_sa_105_cna_2/benchmark_results/indelsieve/from_candidate/variant_calling/mt/exc_cnv/smc_mudel_sa_stage_1/0002/indelsieve_median.probs	2360	20	8837	663	0.7806814422758849	0.9915966386554622	0.8735887469924116	0.0022581009371118	2300	23	9420	136	0.9441707717569786	0.99009900990099	0.9665896196679976	0.0024356666313671	2252	30	9446	151	0.9371618809821056	0.9868536371603857	0.96136606189968	0.0031658927817644	5	11	11858	5	0.5	0.3125	0.3846153846153846	0.0009267840593141	10	20	0	5	78	4	6182	16	0.8297872340425532	0.951219512195122	0.0006466214031684	0.8863636363636364	0	0	6280	0	NA	NA	0.0	NA	21	4	6253	2	0.9130434782608696	0.84	0.0006392840019178	0.8749999999999999	57	0	6209	14	0.8028169014084507	1.0	0.0	0.890625	11	3	2	0	0	0	6280	0	NA	NA	0.0	NA
40	20	10	0.001999	0.3	8e-06	2e-06	0.0	0.0	2/3	0003	indelsieve	candidate_snvs	smc_mudel_sa_stage_1	mt	exc_cnv	/raid/kang/DelSIEVE/simulation_results/IndelSIEVE_benchmark_pipeline_sa_105_cna_2/benchmark_results/simulated_data/results/cell_names_dir/cell_names.0003	/raid/kang/DelSIEVE/simulation_results/IndelSIEVE_benchmark_pipeline_sa_105_cna_2/benchmark_results/indelsieve/from_candidate/variant_calling/mt/exc_cnv/smc_mudel_sa_stage_1/0003/indelsieve_median.cell_names	/raid/kang/DelSIEVE/simulation_results/IndelSIEVE_benchmark_pipeline_sa_105_cna_2/benchmark_results/simulated_data/results/data_type/exc_cnv/0003/true_evo_events_sites_names	/raid/kang/DelSIEVE/simulation_results/IndelSIEVE_benchmark_pipeline_sa_105_cna_2/benchmark_results/indelsieve/from_candidate/variant_calling/mt/exc_cnv/smc_mudel_sa_stage_1/0003/indelsieve_median.loci_info	/raid/kang/DelSIEVE/simulation_results/IndelSIEVE_benchmark_pipeline_sa_105_cna_2/benchmark_results/simulated_data/results/data_type/exc_cnv/0003/true_evo_events_genotypes_numeric	/raid/kang/DelSIEVE/simulation_results/IndelSIEVE_benchmark_pipeline_sa_105_cna_2/benchmark_results/indelsieve/from_candidate/variant_calling/mt/exc_cnv/smc_mudel_sa_stage_1/0003/indelsieve_median.genotypes	/raid/kang/DelSIEVE/simulation_results/IndelSIEVE_benchmark_pipeline_sa_105_cna_2/benchmark_results/simulated_data/results/data_type/exc_cnv/0003/true_evo_events_ternary_matrix	/raid/kang/DelSIEVE/simulation_results/IndelSIEVE_benchmark_pipeline_sa_105_cna_2/benchmark_results/indelsieve/from_candidate/variant_calling/mt/exc_cnv/smc_mudel_sa_stage_1/0003/indelsieve_median.ternary	/raid/kang/DelSIEVE/simulation_results/IndelSIEVE_benchmark_pipeline_sa_105_cna_2/benchmark_results/indelsieve/from_candidate/variant_calling/mt/exc_cnv/smc_mudel_sa_stage_1/0003/indelsieve_median.probs	1706	21	9236	517	0.7674313990103464	0.9878401852924146	0.8637974683544305	0.0022685535270606	1614	7	9724	134	0.923340961098398	0.9956816779765576	0.9581478183437222	0.0007193505292364	1570	12	9763	134	0.921361502347418	0.9924146649810368	0.9555690809494828	0.0012276214833759	26	2	11444	7	0.7878787878787878	0.9285714285714286	0.8524590163934426	0.0001747335313646	33	6	2	5	102	15	6306	17	0.8571428571428571	0.8717948717948718	0.0023730422401518	0.864406779661017	0	0	6440	0	NA	NA	0.0	NA	11	0	6429	0	1.0	1.0	0.0	1.0	91	15	6317	17	0.8425925925925926	0.8584905660377359	0.0023689197725837	0.850467289719626	16	1	0	0	0	0	6440	0	NA	NA	0.0	NA
40	20	10	0.001999	0.3	8e-06	2e-06	0.0	0.0	2/3	0004	indelsieve	candidate_snvs	smc_mudel_sa_stage_1	mt	exc_cnv	/raid/kang/DelSIEVE/simulation_results/IndelSIEVE_benchmark_pipeline_sa_105_cna_2/benchmark_results/simulated_data/results/cell_names_dir/cell_names.0004	/raid/kang/DelSIEVE/simulation_results/IndelSIEVE_benchmark_pipeline_sa_105_cna_2/benchmark_results/indelsieve/from_candidate/variant_calling/mt/exc_cnv/smc_mudel_sa_stage_1/0004/indelsieve_median.cell_names	/raid/kang/DelSIEVE/simulation_results/IndelSIEVE_benchmark_pipeline_sa_105_cna_2/benchmark_results/simulated_data/results/data_type/exc_cnv/0004/true_evo_events_sites_names	/raid/kang/DelSIEVE/simulation_results/IndelSIEVE_benchmark_pipeline_sa_105_cna_2/benchmark_results/indelsieve/from_candidate/variant_calling/mt/exc_cnv/smc_mudel_sa_stage_1/0004/indelsieve_median.loci_info	/raid/kang/DelSIEVE/simulation_results/IndelSIEVE_benchmark_pipeline_sa_105_cna_2/benchmark_results/simulated_data/results/data_type/exc_cnv/0004/true_evo_events_genotypes_numeric	/raid/kang/DelSIEVE/simulation_results/IndelSIEVE_benchmark_pipeline_sa_105_cna_2/benchmark_results/indelsieve/from_candidate/variant_calling/mt/exc_cnv/smc_mudel_sa_stage_1/0004/indelsieve_median.genotypes	/raid/kang/DelSIEVE/simulation_results/IndelSIEVE_benchmark_pipeline_sa_105_cna_2/benchmark_results/simulated_data/results/data_type/exc_cnv/0004/true_evo_events_ternary_matrix	/raid/kang/DelSIEVE/simulation_results/IndelSIEVE_benchmark_pipeline_sa_105_cna_2/benchmark_results/indelsieve/from_candidate/variant_calling/mt/exc_cnv/smc_mudel_sa_stage_1/0004/indelsieve_median.ternary	/raid/kang/DelSIEVE/simulation_results/IndelSIEVE_benchmark_pipeline_sa_105_cna_2/benchmark_results/indelsieve/from_candidate/variant_calling/mt/exc_cnv/smc_mudel_sa_stage_1/0004/indelsieve_median.probs	2061	26	7342	451	0.8204617834394905	0.9875419262098706	0.8962818003913895	0.003528773072747	1810	15	7952	102	0.946652719665272	0.9917808219178084	0.9686914637409688	0.0018827664114472	1717	23	8030	109	0.9403066812705368	0.9867816091954024	0.962983735277622	0.0028560784800695	50	6	9818	5	0.9090909090909092	0.8928571428571429	0.9009009009009008	0.0006107491856677	55	13	0	5	276	15	6452	17	0.9419795221843004	0.9484536082474226	0.0023194680686562	0.9452054794520548	0	6	6754	0	NA	0.0	0.000887573964497	NA	27	2	6727	4	0.8709677419354839	0.9310344827586208	0.0002972209838014	0.9	242	14	6484	20	0.9236641221374046	0.9453125	0.0021545090797168	0.9343629343629344	12	1	4	0	0	0	6760	0	NA	NA	0.0	NA
40	20	10	0.001999	0.3	8e-06	2e-06	0.0	0.0	2/3	0005	indelsieve	candidate_snvs	smc_mudel_sa_stage_1	mt	exc_cnv	/raid/kang/DelSIEVE/simulation_results/IndelSIEVE_benchmark_pipeline_sa_105_cna_2/benchmark_results/simulated_data/results/cell_names_dir/cell_names.0005	/raid/kang/DelSIEVE/simulation_results/IndelSIEVE_benchmark_pipeline_sa_105_cna_2/benchmark_results/indelsieve/from_candidate/variant_calling/mt/exc_cnv/smc_mudel_sa_stage_1/0005/indelsieve_median.cell_names	/raid/kang/DelSIEVE/simulation_results/IndelSIEVE_benchmark_pipeline_sa_105_cna_2/benchmark_results/simulated_data/results/data_type/exc_cnv/0005/true_evo_events_sites_names	/raid/kang/DelSIEVE/simulation_results/IndelSIEVE_benchmark_pipeline_sa_105_cna_2/benchmark_results/indelsieve/from_candidate/variant_calling/mt/exc_cnv/smc_mudel_sa_stage_1/0005/indelsieve_median.loci_info	/raid/kang/DelSIEVE/simulation_results/IndelSIEVE_benchmark_pipeline_sa_105_cna_2/benchmark_results/simulated_data/results/data_type/exc_cnv/0005/true_evo_events_genotypes_numeric	/raid/kang/DelSIEVE/simulation_results/IndelSIEVE_benchmark_pipeline_sa_105_cna_2/benchmark_results/indelsieve/from_candidate/variant_calling/mt/exc_cnv/smc_mudel_sa_stage_1/0005/indelsieve_median.genotypes	/raid/kang/DelSIEVE/simulation_results/IndelSIEVE_benchmark_pipeline_sa_105_cna_2/benchmark_results/simulated_data/results/data_type/exc_cnv/0005/true_evo_events_ternary_matrix	/raid/kang/DelSIEVE/simulation_results/IndelSIEVE_benchmark_pipeline_sa_105_cna_2/benchmark_results/indelsieve/from_candidate/variant_calling/mt/exc_cnv/smc_mudel_sa_stage_1/0005/indelsieve_median.ternary	/raid/kang/DelSIEVE/simulation_results/IndelSIEVE_benchmark_pipeline_sa_105_cna_2/benchmark_results/indelsieve/from_candidate/variant_calling/mt/exc_cnv/smc_mudel_sa_stage_1/0005/indelsieve_median.probs	2427	33	8014	686	0.7796337937680694	0.9865853658536584	0.8709851067647587	0.004100907170374	2250	17	8807	80	0.965665236051502	0.992501102779003	0.9788992821405264	0.0019265639165911	2087	22	8965	80	0.9630826026765114	0.9895685158843054	0.9761459307764266	0.0024479804161566	121	2	11026	5	0.9603174603174603	0.983739837398374	0.9718875502008032	0.0001813565469713	126	12	1	4	206	22	6553	19	0.9155555555555556	0.9035087719298246	0.0033460076045627	0.9094922737306844	0	0	6800	0	NA	NA	0.0	NA	34	1	6762	3	0.918918918918919	0.9714285714285714	0.0001478633742422	0.9444444444444444	170	23	6589	18	0.9042553191489362	0.8808290155440415	0.0034785238959467	0.8923884514435696	13	4	2	0	0	0	6800	0	NA	NA	0.0	NA
40	20	10	0.001999	0.3	8e-06	2e-06	0.0	0.0	2/3	0006	indelsieve	candidate_snvs	smc_mudel_sa_stage_1	mt	exc_cnv	/raid/kang/DelSIEVE/simulation_results/IndelSIEVE_benchmark_pipeline_sa_105_cna_2/benchmark_results/simulated_data/results/cell_names_dir/cell_names.0006	/raid/kang/DelSIEVE/simulation_results/IndelSIEVE_benchmark_pipeline_sa_105_cna_2/benchmark_results/indelsieve/from_candidate/variant_calling/mt/exc_cnv/smc_mudel_sa_stage_1/0006/indelsieve_median.cell_names	/raid/kang/DelSIEVE/simulation_results/IndelSIEVE_benchmark_pipeline_sa_105_cna_2/benchmark_results/simulated_data/results/data_type/exc_cnv/0006/true_evo_events_sites_names	/raid/kang/DelSIEVE/simulation_results/IndelSIEVE_benchmark_pipeline_sa_105_cna_2/benchmark_results/indelsieve/from_candidate/variant_calling/mt/exc_cnv/smc_mudel_sa_stage_1/0006/indelsieve_median.loci_info	/raid/kang/DelSIEVE/simulation_results/IndelSIEVE_benchmark_pipeline_sa_105_cna_2/benchmark_results/simulated_data/results/data_type/exc_cnv/0006/true_evo_events_genotypes_numeric	/raid/kang/DelSIEVE/simulation_results/IndelSIEVE_benchmark_pipeline_sa_105_cna_2/benchmark_results/indelsieve/from_candidate/variant_calling/mt/exc_cnv/smc_mudel_sa_stage_1/0006/indelsieve_median.genotypes	/raid/kang/DelSIEVE/simulation_results/IndelSIEVE_benchmark_pipeline_sa_105_cna_2/benchmark_results/simulated_data/results/data_type/exc_cnv/0006/true_evo_events_ternary_matrix	/raid/kang/DelSIEVE/simulation_results/IndelSIEVE_benchmark_pipeline_sa_105_cna_2/benchmark_results/indelsieve/from_candidate/variant_calling/mt/exc_cnv/smc_mudel_sa_stage_1/0006/indelsieve_median.ternary	/raid/kang/DelSIEVE/simulation_results/IndelSIEVE_benchmark_pipeline_sa_105_cna_2/benchmark_results/indelsieve/from_candidate/variant_calling/mt/exc_cnv/smc_mudel_sa_stage_1/0006/indelsieve_median.probs	1885	9	9468	518	0.7844361215147732	0.995248152059134	0.8773562950895973	0.0009496676163342	1857	9	9899	114	0.9421613394216134	0.995176848874598	0.9679437060203284	0.0009083568833266	1807	16	9938	118	0.9387012987012988	0.991223258365332	0.964247598719317	0.0016073940124573	26	4	11848	1	0.9629629629629628	0.8666666666666667	0.912280701754386	0.0003374957813027	27	8	0	1	40	1	7167	32	0.5555555555555556	0.975609756097561	0.0001395089285714	0.7079646017699116	0	0	7240	0	NA	NA	0.0	NA	12	1	7220	7	0.631578947368421	0.9230769230769232	0.0001384849743802	0.7499999999999999	27	1	7186	26	0.5094339622641509	0.9642857142857144	0.0001391401140948	0.6666666666666666	25	0	7	0	0	0	7240	0	NA	NA	0.0	NA
40	20	10	0.001999	0.3	8e-06	2e-06	0.0	0.0	2/3	0007	indelsieve	candidate_snvs	smc_mudel_sa_stage_1	mt	exc_cnv	/raid/kang/DelSIEVE/simulation_results/IndelSIEVE_benchmark_pipeline_sa_105_cna_2/benchmark_results/simulated_data/results/cell_names_dir/cell_names.0007	/raid/kang/DelSIEVE/simulation_results/IndelSIEVE_benchmark_pipeline_sa_105_cna_2/benchmark_results/indelsieve/from_candidate/variant_calling/mt/exc_cnv/smc_mudel_sa_stage_1/0007/indelsieve_mean.cell_names	/raid/kang/DelSIEVE/simulation_results/IndelSIEVE_benchmark_pipeline_sa_105_cna_2/benchmark_results/simulated_data/results/data_type/exc_cnv/0007/true_evo_events_sites_names	/raid/kang/DelSIEVE/simulation_results/IndelSIEVE_benchmark_pipeline_sa_105_cna_2/benchmark_results/indelsieve/from_candidate/variant_calling/mt/exc_cnv/smc_mudel_sa_stage_1/0007/indelsieve_mean.loci_info	/raid/kang/DelSIEVE/simulation_results/IndelSIEVE_benchmark_pipeline_sa_105_cna_2/benchmark_results/simulated_data/results/data_type/exc_cnv/0007/true_evo_events_genotypes_numeric	/raid/kang/DelSIEVE/simulation_results/IndelSIEVE_benchmark_pipeline_sa_105_cna_2/benchmark_results/indelsieve/from_candidate/variant_calling/mt/exc_cnv/smc_mudel_sa_stage_1/0007/indelsieve_mean.genotypes	/raid/kang/DelSIEVE/simulation_results/IndelSIEVE_benchmark_pipeline_sa_105_cna_2/benchmark_results/simulated_data/results/data_type/exc_cnv/0007/true_evo_events_ternary_matrix	/raid/kang/DelSIEVE/simulation_results/IndelSIEVE_benchmark_pipeline_sa_105_cna_2/benchmark_results/indelsieve/from_candidate/variant_calling/mt/exc_cnv/smc_mudel_sa_stage_1/0007/indelsieve_mean.ternary	/raid/kang/DelSIEVE/simulation_results/IndelSIEVE_benchmark_pipeline_sa_105_cna_2/benchmark_results/indelsieve/from_candidate/variant_calling/mt/exc_cnv/smc_mudel_sa_stage_1/0007/indelsieve_mean.probs	3221	4	6461	634	0.835538261997406	0.9987596899224808	0.9098870056497176	0.0006187161639597	2991	11	7228	85	0.972366710013004	0.996335776149234	0.9842053307008884	0.0015195468987429	2598	21	7612	84	0.9686800894854586	0.9919816723940436	0.980192416525184	0.0027512118433119	259	0	10044	12	0.955719557195572	1.0	0.9773584905660376	0.0	271	4	1	11	345	2	6720	13	0.9636871508379888	0.9942363112391932	0.0002975304968759	0.9787234042553192	0	0	7080	0	NA	NA	0.0	NA	122	2	6955	1	0.991869918699187	0.9838709677419356	0.0002874802357337	0.9878542510121456	221	2	6843	14	0.9404255319148936	0.9910313901345292	0.0002921840759678	0.965065502183406	7	6	0	0	0	0	7080	0	NA	NA	0.0	NA
40	20	10	0.001999	0.3	8e-06	2e-06	0.0	0.0	2/3	0008	indelsieve	candidate_snvs	smc_mudel_sa_stage_1	mt	exc_cnv	/raid/kang/DelSIEVE/simulation_results/IndelSIEVE_benchmark_pipeline_sa_105_cna_2/benchmark_results/simulated_data/results/cell_names_dir/cell_names.0008	/raid/kang/DelSIEVE/simulation_results/IndelSIEVE_benchmark_pipeline_sa_105_cna_2/benchmark_results/indelsieve/from_candidate/variant_calling/mt/exc_cnv/smc_mudel_sa_stage_1/0008/indelsieve_median.cell_names	/raid/kang/DelSIEVE/simulation_results/IndelSIEVE_benchmark_pipeline_sa_105_cna_2/benchmark_results/simulated_data/results/data_type/exc_cnv/0008/true_evo_events_sites_names	/raid/kang/DelSIEVE/simulation_results/IndelSIEVE_benchmark_pipeline_sa_105_cna_2/benchmark_results/indelsieve/from_candidate/variant_calling/mt/exc_cnv/smc_mudel_sa_stage_1/0008/indelsieve_median.loci_info	/raid/kang/DelSIEVE/simulation_results/IndelSIEVE_benchmark_pipeline_sa_105_cna_2/benchmark_results/simulated_data/results/data_type/exc_cnv/0008/true_evo_events_genotypes_numeric	/raid/kang/DelSIEVE/simulation_results/IndelSIEVE_benchmark_pipeline_sa_105_cna_2/benchmark_results/indelsieve/from_candidate/variant_calling/mt/exc_cnv/smc_mudel_sa_stage_1/0008/indelsieve_median.genotypes	/raid/kang/DelSIEVE/simulation_results/IndelSIEVE_benchmark_pipeline_sa_105_cna_2/benchmark_results/simulated_data/results/data_type/exc_cnv/0008/true_evo_events_ternary_matrix	/raid/kang/DelSIEVE/simulation_results/IndelSIEVE_benchmark_pipeline_sa_105_cna_2/benchmark_results/indelsieve/from_candidate/variant_calling/mt/exc_cnv/smc_mudel_sa_stage_1/0008/indelsieve_median.ternary	/raid/kang/DelSIEVE/simulation_results/IndelSIEVE_benchmark_pipeline_sa_105_cna_2/benchmark_results/indelsieve/from_candidate/variant_calling/mt/exc_cnv/smc_mudel_sa_stage_1/0008/indelsieve_median.probs	1987	10	9257	506	0.7970316887284397	0.9949924887330996	0.8850779510022271	0.0010790978741771	1808	10	9784	157	0.9201017811704836	0.9944994499449944	0.9558551414221518	0.0010210332856851	1718	16	9869	156	0.9167556029882604	0.9907727797001152	0.9523281596452328	0.0016186140617096	77	0	11676	6	0.927710843373494	1.0	0.9625	0.0	83	10	1	5	186	0	6794	20	0.9029126213592232	1.0	0.0	0.9489795918367347	0	3	6997	0	NA	0.0	0.0004285714285714	NA	7	0	6992	1	0.875	1.0	0.0	0.9333333333333332	176	0	6802	22	0.8888888888888888	1.0	0.0	0.9411764705882352	19	0	1	0	0	0	7000	0	NA	NA	0.0	NA
40	20	10	0.001999	0.3	8e-06	2e-06	0.0	0.0	2/3	0009	indelsieve	candidate_snvs	smc_mudel_sa_stage_1	mt	exc_cnv	/raid/kang/DelSIEVE/simulation_results/IndelSIEVE_benchmark_pipeline_sa_105_cna_2/benchmark_results/simulated_data/results/cell_names_dir/cell_names.0009	/raid/kang/DelSIEVE/simulation_results/IndelSIEVE_benchmark_pipeline_sa_105_cna_2/benchmark_results/indelsieve/from_candidate/variant_calling/mt/exc_cnv/smc_mudel_sa_stage_1/0009/indelsieve_mean.cell_names	/raid/kang/DelSIEVE/simulation_results/IndelSIEVE_benchmark_pipeline_sa_105_cna_2/benchmark_results/simulated_data/results/data_type/exc_cnv/0009/true_evo_events_sites_names	/raid/kang/DelSIEVE/simulation_results/IndelSIEVE_benchmark_pipeline_sa_105_cna_2/benchmark_results/indelsieve/from_candidate/variant_calling/mt/exc_cnv/smc_mudel_sa_stage_1/0009/indelsieve_mean.loci_info	/raid/kang/DelSIEVE/simulation_results/IndelSIEVE_benchmark_pipeline_sa_105_cna_2/benchmark_results/simulated_data/results/data_type/exc_cnv/0009/true_evo_events_genotypes_numeric	/raid/kang/DelSIEVE/simulation_results/IndelSIEVE_benchmark_pipeline_sa_105_cna_2/benchmark_results/indelsieve/from_candidate/variant_calling/mt/exc_cnv/smc_mudel_sa_stage_1/0009/indelsieve_mean.genotypes	/raid/kang/DelSIEVE/simulation_results/IndelSIEVE_benchmark_pipeline_sa_105_cna_2/benchmark_results/simulated_data/results/data_type/exc_cnv/0009/true_evo_events_ternary_matrix	/raid/kang/DelSIEVE/simulation_results/IndelSIEVE_benchmark_pipeline_sa_105_cna_2/benchmark_results/indelsieve/from_candidate/variant_calling/mt/exc_cnv/smc_mudel_sa_stage_1/0009/indelsieve_mean.ternary	/raid/kang/DelSIEVE/simulation_results/IndelSIEVE_benchmark_pipeline_sa_105_cna_2/benchmark_results/indelsieve/from_candidate/variant_calling/mt/exc_cnv/smc_mudel_sa_stage_1/0009/indelsieve_mean.probs	2313	24	4190	313	0.8808073115003808	0.9897304236200256	0.932097521660286	0.0056953013763644	2030	20	4733	56	0.9731543624161074	0.9902439024390244	0.9816247582205028	0.0042078687144961	1822	29	4934	54	0.9712153518123668	0.984332793084819	0.9777300778105716	0.005843239975821	138	2	6691	8	0.9452054794520548	0.9857142857142858	0.9650349650349652	0.0002988196623337	146	18	2	6	340	6	4677	17	0.9523809523809524	0.9826589595375722	0.0012812299807815	0.9672830725462304	0	0	5040	0	NA	NA	0.0	NA	59	0	4976	5	0.921875	1.0	0.0	0.959349593495935	279	8	4739	14	0.9522184300341296	0.9721254355400696	0.0016852749104697	0.9620689655172412	12	2	3	0	0	0	5040	0	NA	NA	0.0	NA
40	20	10	0.001999	0.3	8e-06	2e-06	0.0	0.0	2/3	0010	indelsieve	candidate_snvs	smc_mudel_sa_stage_1	mt	exc_cnv	/raid/kang/DelSIEVE/simulation_results/IndelSIEVE_benchmark_pipeline_sa_105_cna_2/benchmark_results/simulated_data/results/cell_names_dir/cell_names.0010	/raid/kang/DelSIEVE/simulation_results/IndelSIEVE_benchmark_pipeline_sa_105_cna_2/benchmark_results/indelsieve/from_candidate/variant_calling/mt/exc_cnv/smc_mudel_sa_stage_1/0010/indelsieve_median.cell_names	/raid/kang/DelSIEVE/simulation_results/IndelSIEVE_benchmark_pipeline_sa_105_cna_2/benchmark_results/simulated_data/results/data_type/exc_cnv/0010/true_evo_events_sites_names	/raid/kang/DelSIEVE/simulation_results/IndelSIEVE_benchmark_pipeline_sa_105_cna_2/benchmark_results/indelsieve/from_candidate/variant_calling/mt/exc_cnv/smc_mudel_sa_stage_1/0010/indelsieve_median.loci_info	/raid/kang/DelSIEVE/simulation_results/IndelSIEVE_benchmark_pipeline_sa_105_cna_2/benchmark_results/simulated_data/results/data_type/exc_cnv/0010/true_evo_events_genotypes_numeric	/raid/kang/DelSIEVE/simulation_results/IndelSIEVE_benchmark_pipeline_sa_105_cna_2/benchmark_results/indelsieve/from_candidate/variant_calling/mt/exc_cnv/smc_mudel_sa_stage_1/0010/indelsieve_median.genotypes	/raid/kang/DelSIEVE/simulation_results/IndelSIEVE_benchmark_pipeline_sa_105_cna_2/benchmark_results/simulated_data/results/data_type/exc_cnv/0010/true_evo_events_ternary_matrix	/raid/kang/DelSIEVE/simulation_results/IndelSIEVE_benchmark_pipeline_sa_105_cna_2/benchmark_results/indelsieve/from_candidate/variant_calling/mt/exc_cnv/smc_mudel_sa_stage_1/0010/indelsieve_median.ternary	/raid/kang/DelSIEVE/simulation_results/IndelSIEVE_benchmark_pipeline_sa_105_cna_2/benchmark_results/indelsieve/from_candidate/variant_calling/mt/exc_cnv/smc_mudel_sa_stage_1/0010/indelsieve_median.probs	1952	16	9242	630	0.756003098373354	0.991869918699187	0.858021978021978	0.0017282350399654	1860	17	9813	149	0.9258337481333996	0.9909429941395844	0.957282552753474	0.0017293997965412	1810	22	9859	148	0.9244126659856996	0.987991266375546	0.9551451187335092	0.0022264952939985	35	0	11801	3	0.9210526315789472	1.0	0.958904109589041	0.0	38	15	1	2	100	1	6204	15	0.8695652173913043	0.99009900990099	0.0001611603545527	0.925925925925926	0	3	6317	0	NA	0.0	0.0004746835443037	NA	10	0	6307	3	0.7692307692307693	1.0	0.0	0.8695652173913044	87	1	6217	15	0.8529411764705882	0.9886363636363636	0.0001608234158893	0.9157894736842106	10	2	3	0	0	0	6320	0	NA	NA	0.0	NA
40	20	10	0.001999	0.3	8e-06	2e-06	0.0	0.0	2/3	0001	indelsieve	candidate_snvs	smc_mudel_sa_stage_1	mt	inc_cnv	/raid/kang/DelSIEVE/simulation_results/IndelSIEVE_benchmark_pipeline_sa_105_cna_2/benchmark_results/simulated_data/results/cell_names_dir/cell_names.0001	/raid/kang/DelSIEVE/simulation_results/IndelSIEVE_benchmark_pipeline_sa_105_cna_2/benchmark_results/indelsieve/from_candidate/variant_calling/mt/inc_cnv/smc_mudel_sa_stage_1/0001/indelsieve_mode_gaussian.cell_names	/raid/kang/DelSIEVE/simulation_results/IndelSIEVE_benchmark_pipeline_sa_105_cna_2/benchmark_results/simulated_data/results/data_type/inc_cnv/0001/true_evo_events_sites_names	/raid/kang/DelSIEVE/simulation_results/IndelSIEVE_benchmark_pipeline_sa_105_cna_2/benchmark_results/indelsieve/from_candidate/variant_calling/mt/inc_cnv/smc_mudel_sa_stage_1/0001/indelsieve_mode_gaussian.loci_info	/raid/kang/DelSIEVE/simulation_results/IndelSIEVE_benchmark_pipeline_sa_105_cna_2/benchmark_results/simulated_data/results/data_type/inc_cnv/0001/true_evo_events_genotypes_numeric	/raid/kang/DelSIEVE/simulation_results/IndelSIEVE_benchmark_pipeline_sa_105_cna_2/benchmark_results/indelsieve/from_candidate/variant_calling/mt/inc_cnv/smc_mudel_sa_stage_1/0001/indelsieve_mode_gaussian.genotypes	/raid/kang/DelSIEVE/simulation_results/IndelSIEVE_benchmark_pipeline_sa_105_cna_2/benchmark_results/simulated_data/results/data_type/inc_cnv/0001/true_evo_events_ternary_matrix	/raid/kang/DelSIEVE/simulation_results/IndelSIEVE_benchmark_pipeline_sa_105_cna_2/benchmark_results/indelsieve/from_candidate/variant_calling/mt/inc_cnv/smc_mudel_sa_stage_1/0001/indelsieve_mode_gaussian.ternary	/raid/kang/DelSIEVE/simulation_results/IndelSIEVE_benchmark_pipeline_sa_105_cna_2/benchmark_results/indelsieve/from_candidate/variant_calling/mt/inc_cnv/smc_mudel_sa_stage_1/0001/indelsieve_mode_gaussian.probs	7222	5388	12248	1262	0.8512494106553512	0.5727200634417129	0.6847444771024935	0.3055114538444091	5871	273	19617	341	0.9451062459755312	0.95556640625	0.9503075428941404	0.0137254901960784	5142	380	20098	482	0.9142958748221908	0.9311843534951104	0.9226628386865244	0.0185564996581697	220	25	25838	19	0.9205020920502092	0.8979591836734694	0.9090909090909092	0.0009666318679194	239	48	1	18	1292	5551	10991	366	0.7792521109770808	0.188806079205027	0.3355700640793133	0.3039642395012352	240	43	17783	134	0.6417112299465241	0.8480565371024735	0.002412206888814	0.730593607305936	168	211	17640	181	0.4813753581661891	0.4432717678100263	0.0118200661027393	0.4615384615384615	681	5500	11765	254	0.7283422459893049	0.1101763468694386	0.3185635679119606	0.1913996627318718	39	151	161	13	0	0	18200	0	NA	NA	0.0	NA
40	20	10	0.001999	0.3	8e-06	2e-06	0.0	0.0	2/3	0002	indelsieve	candidate_snvs	smc_mudel_sa_stage_1	mt	inc_cnv	/raid/kang/DelSIEVE/simulation_results/IndelSIEVE_benchmark_pipeline_sa_105_cna_2/benchmark_results/simulated_data/results/cell_names_dir/cell_names.0002	/raid/kang/DelSIEVE/simulation_results/IndelSIEVE_benchmark_pipeline_sa_105_cna_2/benchmark_results/indelsieve/from_candidate/variant_calling/mt/inc_cnv/smc_mudel_sa_stage_1/0002/indelsieve_mode_gaussian.cell_names	/raid/kang/DelSIEVE/simulation_results/IndelSIEVE_benchmark_pipeline_sa_105_cna_2/benchmark_results/simulated_data/results/data_type/inc_cnv/0002/true_evo_events_sites_names	/raid/kang/DelSIEVE/simulation_results/IndelSIEVE_benchmark_pipeline_sa_105_cna_2/benchmark_results/indelsieve/from_candidate/variant_calling/mt/inc_cnv/smc_mudel_sa_stage_1/0002/indelsieve_mode_gaussian.loci_info	/raid/kang/DelSIEVE/simulation_results/IndelSIEVE_benchmark_pipeline_sa_105_cna_2/benchmark_results/simulated_data/results/data_type/inc_cnv/0002/true_evo_events_genotypes_numeric	/raid/kang/DelSIEVE/simulation_results/IndelSIEVE_benchmark_pipeline_sa_105_cna_2/benchmark_results/indelsieve/from_candidate/variant_calling/mt/inc_cnv/smc_mudel_sa_stage_1/0002/indelsieve_mode_gaussian.genotypes	/raid/kang/DelSIEVE/simulation_results/IndelSIEVE_benchmark_pipeline_sa_105_cna_2/benchmark_results/simulated_data/results/data_type/inc_cnv/0002/true_evo_events_ternary_matrix	/raid/kang/DelSIEVE/simulation_results/IndelSIEVE_benchmark_pipeline_sa_105_cna_2/benchmark_results/indelsieve/from_candidate/variant_calling/mt/inc_cnv/smc_mudel_sa_stage_1/0002/indelsieve_mode_gaussian.ternary	/raid/kang/DelSIEVE/simulation_results/IndelSIEVE_benchmark_pipeline_sa_105_cna_2/benchmark_results/indelsieve/from_candidate/variant_calling/mt/inc_cnv/smc_mudel_sa_stage_1/0002/indelsieve_mode_gaussian.probs	6509	3361	17238	1692	0.7936836971101086	0.6594731509625127	0.720380720491395	0.1631632603524443	5614	206	22535	427	0.929316338354577	0.9646048109965636	0.9466318185650452	0.0090585286486961	5177	292	22787	526	0.9077678414869368	0.9466081550557688	0.926781238811314	0.0126521946358161	41	12	28710	19	0.6833333333333333	0.7735849056603774	0.7256637168141593	0.0004177982034677	60	32	3	16	879	3469	11327	285	0.7551546391752577	0.202161913523459	0.2344552581778859	0.3189404934687953	200	9	15675	76	0.7246376811594203	0.9569377990430622	0.0005738332058148	0.8247422680412372	145	153	15529	133	0.5215827338129496	0.4865771812080537	0.0097564086213493	0.5034722222222222	425	3416	11934	185	0.6967213114754098	0.1106482686800312	0.2225407166123778	0.1909683217254549	38	118	122	3	0	0	15960	0	NA	NA	0.0	NA
40	20	10	0.001999	0.3	8e-06	2e-06	0.0	0.0	2/3	0003	indelsieve	candidate_snvs	smc_mudel_sa_stage_1	mt	inc_cnv	/raid/kang/DelSIEVE/simulation_results/IndelSIEVE_benchmark_pipeline_sa_105_cna_2/benchmark_results/simulated_data/results/cell_names_dir/cell_names.0003	/raid/kang/DelSIEVE/simulation_results/IndelSIEVE_benchmark_pipeline_sa_105_cna_2/benchmark_results/indelsieve/from_candidate/variant_calling/mt/inc_cnv/smc_mudel_sa_stage_1/0003/indelsieve_mode_gaussian.cell_names	/raid/kang/DelSIEVE/simulation_results/IndelSIEVE_benchmark_pipeline_sa_105_cna_2/benchmark_results/simulated_data/results/data_type/inc_cnv/0003/true_evo_events_sites_names	/raid/kang/DelSIEVE/simulation_results/IndelSIEVE_benchmark_pipeline_sa_105_cna_2/benchmark_results/indelsieve/from_candidate/variant_calling/mt/inc_cnv/smc_mudel_sa_stage_1/0003/indelsieve_mode_gaussian.loci_info	/raid/kang/DelSIEVE/simulation_results/IndelSIEVE_benchmark_pipeline_sa_105_cna_2/benchmark_results/simulated_data/results/data_type/inc_cnv/0003/true_evo_events_genotypes_numeric	/raid/kang/DelSIEVE/simulation_results/IndelSIEVE_benchmark_pipeline_sa_105_cna_2/benchmark_results/indelsieve/from_candidate/variant_calling/mt/inc_cnv/smc_mudel_sa_stage_1/0003/indelsieve_mode_gaussian.genotypes	/raid/kang/DelSIEVE/simulation_results/IndelSIEVE_benchmark_pipeline_sa_105_cna_2/benchmark_results/simulated_data/results/data_type/inc_cnv/0003/true_evo_events_ternary_matrix	/raid/kang/DelSIEVE/simulation_results/IndelSIEVE_benchmark_pipeline_sa_105_cna_2/benchmark_results/indelsieve/from_candidate/variant_calling/mt/inc_cnv/smc_mudel_sa_stage_1/0003/indelsieve_mode_gaussian.ternary	/raid/kang/DelSIEVE/simulation_results/IndelSIEVE_benchmark_pipeline_sa_105_cna_2/benchmark_results/indelsieve/from_candidate/variant_calling/mt/inc_cnv/smc_mudel_sa_stage_1/0003/indelsieve_mode_gaussian.probs	4768	6480	15641	1711	0.7359160364253743	0.4238975817923186	0.5379364810740679	0.2929343158085077	3693	184	24281	416	0.898758822097834	0.9525406241939643	0.9248685199098422	0.0075209482934804	3325	258	24471	520	0.8647594278283485	0.927993301702484	0.8952611739364568	0.0104330947470581	49	2	28514	9	0.8448275862068966	0.9607843137254902	0.8990825688073395	7.013606396409034e-05	58	35	3	6	979	6635	9130	256	0.7927125506072874	0.1285789335434725	0.4208690136378052	0.2212679398802124	81	34	16810	75	0.5192307692307693	0.7043478260869566	0.0020185229161719	0.5977859778597786	86	157	16637	120	0.4174757281553398	0.3539094650205761	0.0093485768726926	0.3830734966592427	666	6590	9537	207	0.7628865979381443	0.0917861080485115	0.4086314875674335	0.1638577930864805	38	101	111	1	0	0	17000	0	NA	NA	0.0	NA
40	20	10	0.001999	0.3	8e-06	2e-06	0.0	0.0	2/3	0004	indelsieve	candidate_snvs	smc_mudel_sa_stage_1	mt	inc_cnv	/raid/kang/DelSIEVE/simulation_results/IndelSIEVE_benchmark_pipeline_sa_105_cna_2/benchmark_results/simulated_data/results/cell_names_dir/cell_names.0004	/raid/kang/DelSIEVE/simulation_results/IndelSIEVE_benchmark_pipeline_sa_105_cna_2/benchmark_results/indelsieve/from_candidate/variant_calling/mt/inc_cnv/smc_mudel_sa_stage_1/0004/indelsieve_mode_gaussian.cell_names	/raid/kang/DelSIEVE/simulation_results/IndelSIEVE_benchmark_pipeline_sa_105_cna_2/benchmark_results/simulated_data/results/data_type/inc_cnv/0004/true_evo_events_sites_names	/raid/kang/DelSIEVE/simulation_results/IndelSIEVE_benchmark_pipeline_sa_105_cna_2/benchmark_results/indelsieve/from_candidate/variant_calling/mt/inc_cnv/smc_mudel_sa_stage_1/0004/indelsieve_mode_gaussian.loci_info	/raid/kang/DelSIEVE/simulation_results/IndelSIEVE_benchmark_pipeline_sa_105_cna_2/benchmark_results/simulated_data/results/data_type/inc_cnv/0004/true_evo_events_genotypes_numeric	/raid/kang/DelSIEVE/simulation_results/IndelSIEVE_benchmark_pipeline_sa_105_cna_2/benchmark_results/indelsieve/from_candidate/variant_calling/mt/inc_cnv/smc_mudel_sa_stage_1/0004/indelsieve_mode_gaussian.genotypes	/raid/kang/DelSIEVE/simulation_results/IndelSIEVE_benchmark_pipeline_sa_105_cna_2/benchmark_results/simulated_data/results/data_type/inc_cnv/0004/true_evo_events_ternary_matrix	/raid/kang/DelSIEVE/simulation_results/IndelSIEVE_benchmark_pipeline_sa_105_cna_2/benchmark_results/indelsieve/from_candidate/variant_calling/mt/inc_cnv/smc_mudel_sa_stage_1/0004/indelsieve_mode_gaussian.ternary	/raid/kang/DelSIEVE/simulation_results/IndelSIEVE_benchmark_pipeline_sa_105_cna_2/benchmark_results/indelsieve/from_candidate/variant_calling/mt/inc_cnv/smc_mudel_sa_stage_1/0004/indelsieve_mode_gaussian.probs	6138	5596	10858	1168	0.8401313988502601	0.5230952786773478	0.6447478991596639	0.3400996718123252	4985	217	18245	304	0.9425222159198337	0.9582852748942714	0.9503383852826232	0.0117538728198461	4385	360	18599	407	0.915066777963272	0.9241306638566912	0.9195763867044144	0.0189883432670499	206	12	23507	26	0.8879310344827587	0.944954128440367	0.9155555555555556	0.0005102257749053	232	34	1	25	1024	5747	10092	337	0.7523879500367376	0.1512332004135282	0.362838563040596	0.2518445646827348	135	55	16906	104	0.5648535564853556	0.7105263157894737	0.0032427333294027	0.6293706293706294	85	154	16781	180	0.320754716981132	0.3556485355648535	0.0090935931502804	0.3373015873015873	633	5709	10634	224	0.7386231038506418	0.0998107852412488	0.3493238695465949	0.1758577580219474	29	138	158	7	0	0	17200	0	NA	NA	0.0	NA
40	20	10	0.001999	0.3	8e-06	2e-06	0.0	0.0	2/3	0005	indelsieve	candidate_snvs	smc_mudel_sa_stage_1	mt	inc_cnv	/raid/kang/DelSIEVE/simulation_results/IndelSIEVE_benchmark_pipeline_sa_105_cna_2/benchmark_results/simulated_data/results/cell_names_dir/cell_names.0005	/raid/kang/DelSIEVE/simulation_results/IndelSIEVE_benchmark_pipeline_sa_105_cna_2/benchmark_results/indelsieve/from_candidate/variant_calling/mt/inc_cnv/smc_mudel_sa_stage_1/0005/indelsieve_median.cell_names	/raid/kang/DelSIEVE/simulation_results/IndelSIEVE_benchmark_pipeline_sa_105_cna_2/benchmark_results/simulated_data/results/data_type/inc_cnv/0005/true_evo_events_sites_names	/raid/kang/DelSIEVE/simulation_results/IndelSIEVE_benchmark_pipeline_sa_105_cna_2/benchmark_results/indelsieve/from_candidate/variant_calling/mt/inc_cnv/smc_mudel_sa_stage_1/0005/indelsieve_median.loci_info	/raid/kang/DelSIEVE/simulation_results/IndelSIEVE_benchmark_pipeline_sa_105_cna_2/benchmark_results/simulated_data/results/data_type/inc_cnv/0005/true_evo_events_genotypes_numeric	/raid/kang/DelSIEVE/simulation_results/IndelSIEVE_benchmark_pipeline_sa_105_cna_2/benchmark_results/indelsieve/from_candidate/variant_calling/mt/inc_cnv/smc_mudel_sa_stage_1/0005/indelsieve_median.genotypes	/raid/kang/DelSIEVE/simulation_results/IndelSIEVE_benchmark_pipeline_sa_105_cna_2/benchmark_results/simulated_data/results/data_type/inc_cnv/0005/true_evo_events_ternary_matrix	/raid/kang/DelSIEVE/simulation_results/IndelSIEVE_benchmark_pipeline_sa_105_cna_2/benchmark_results/indelsieve/from_candidate/variant_calling/mt/inc_cnv/smc_mudel_sa_stage_1/0005/indelsieve_median.ternary	/raid/kang/DelSIEVE/simulation_results/IndelSIEVE_benchmark_pipeline_sa_105_cna_2/benchmark_results/indelsieve/from_candidate/variant_calling/mt/inc_cnv/smc_mudel_sa_stage_1/0005/indelsieve_median.probs	7785	5225	14049	1341	0.8530571992110454	0.5983858570330515	0.703379110950488	0.2710905883573726	6390	299	21393	303	0.954728821156432	0.9552997458513978	0.9550141981766552	0.0137838834593398	5549	411	21986	439	0.926686706746827	0.931040268456376	0.9288583863408102	0.0183506719649953	228	16	28121	20	0.9193548387096774	0.9344262295081968	0.9268292682926828	0.0005686462664818	248	45	1	19	1425	5381	12244	390	0.7851239669421488	0.2093740816926241	0.3053049645390071	0.3305880988284421	107	62	19131	140	0.4331983805668016	0.6331360946745562	0.0032303443963945	0.514423076923077	231	254	18729	226	0.5054704595185996	0.4762886597938144	0.0133803929831954	0.4904458598726114	839	5313	13016	272	0.7551755175517552	0.1363784135240572	0.2898685143761252	0.2310340079856808	36	156	187	7	0	0	19440	0	NA	NA	0.0	NA
40	20	10	0.001999	0.3	8e-06	2e-06	0.0	0.0	2/3	0006	indelsieve	candidate_snvs	smc_mudel_sa_stage_1	mt	inc_cnv	/raid/kang/DelSIEVE/simulation_results/IndelSIEVE_benchmark_pipeline_sa_105_cna_2/benchmark_results/simulated_data/results/cell_names_dir/cell_names.0006	/raid/kang/DelSIEVE/simulation_results/IndelSIEVE_benchmark_pipeline_sa_105_cna_2/benchmark_results/indelsieve/from_candidate/variant_calling/mt/inc_cnv/smc_mudel_sa_stage_1/0006/indelsieve_mode_gaussian.cell_names	/raid/kang/DelSIEVE/simulation_results/IndelSIEVE_benchmark_pipeline_sa_105_cna_2/benchmark_results/simulated_data/results/data_type/inc_cnv/0006/true_evo_events_sites_names	/raid/kang/DelSIEVE/simulation_results/IndelSIEVE_benchmark_pipeline_sa_105_cna_2/benchmark_results/indelsieve/from_candidate/variant_calling/mt/inc_cnv/smc_mudel_sa_stage_1/0006/indelsieve_mode_gaussian.loci_info	/raid/kang/DelSIEVE/simulation_results/IndelSIEVE_benchmark_pipeline_sa_105_cna_2/benchmark_results/simulated_data/results/data_type/inc_cnv/0006/true_evo_events_genotypes_numeric	/raid/kang/DelSIEVE/simulation_results/IndelSIEVE_benchmark_pipeline_sa_105_cna_2/benchmark_results/indelsieve/from_candidate/variant_calling/mt/inc_cnv/smc_mudel_sa_stage_1/0006/indelsieve_mode_gaussian.genotypes	/raid/kang/DelSIEVE/simulation_results/IndelSIEVE_benchmark_pipeline_sa_105_cna_2/benchmark_results/simulated_data/results/data_type/inc_cnv/0006/true_evo_events_ternary_matrix	/raid/kang/DelSIEVE/simulation_results/IndelSIEVE_benchmark_pipeline_sa_105_cna_2/benchmark_results/indelsieve/from_candidate/variant_calling/mt/inc_cnv/smc_mudel_sa_stage_1/0006/indelsieve_mode_gaussian.ternary	/raid/kang/DelSIEVE/simulation_results/IndelSIEVE_benchmark_pipeline_sa_105_cna_2/benchmark_results/indelsieve/from_candidate/variant_calling/mt/inc_cnv/smc_mudel_sa_stage_1/0006/indelsieve_mode_gaussian.probs	5839	7319	14770	1352	0.8119872062300098	0.4437604499164007	0.5738856946287286	0.3313413916428991	4783	214	23912	358	0.930363742462556	0.9571743045827495	0.9435786151114618	0.0088700986487606	4271	325	24216	455	0.9037240795598817	0.9292863359442994	0.9163269684617036	0.0132431441261562	101	13	29135	18	0.8487394957983193	0.8859649122807017	0.8669527896995708	0.0004459997255386	119	25	1	17	987	7461	11866	326	0.7517136329017517	0.1168323863636363	0.386040254566151	0.2022333777276918	127	35	20376	102	0.5545851528384279	0.7839506172839507	0.0017147616481309	0.649616368286445	118	169	20175	178	0.3986486486486486	0.4111498257839721	0.0083071175776641	0.4048027444253859	571	7428	12424	217	0.7246192893401016	0.0713839229903738	0.3741688494861979	0.129964720609992	38	122	157	5	0	0	20640	0	NA	NA	0.0	NA
40	20	10	0.001999	0.3	8e-06	2e-06	0.0	0.0	2/3	0007	indelsieve	candidate_snvs	smc_mudel_sa_stage_1	mt	inc_cnv	/raid/kang/DelSIEVE/simulation_results/IndelSIEVE_benchmark_pipeline_sa_105_cna_2/benchmark_results/simulated_data/results/cell_names_dir/cell_names.0007	/raid/kang/DelSIEVE/simulation_results/IndelSIEVE_benchmark_pipeline_sa_105_cna_2/benchmark_results/indelsieve/from_candidate/variant_calling/mt/inc_cnv/smc_mudel_sa_stage_1/0007/indelsieve_median.cell_names	/raid/kang/DelSIEVE/simulation_results/IndelSIEVE_benchmark_pipeline_sa_105_cna_2/benchmark_results/simulated_data/results/data_type/inc_cnv/0007/true_evo_events_sites_names	/raid/kang/DelSIEVE/simulation_results/IndelSIEVE_benchmark_pipeline_sa_105_cna_2/benchmark_results/indelsieve/from_candidate/variant_calling/mt/inc_cnv/smc_mudel_sa_stage_1/0007/indelsieve_median.loci_info	/raid/kang/DelSIEVE/simulation_results/IndelSIEVE_benchmark_pipeline_sa_105_cna_2/benchmark_results/simulated_data/results/data_type/inc_cnv/0007/true_evo_events_genotypes_numeric	/raid/kang/DelSIEVE/simulation_results/IndelSIEVE_benchmark_pipeline_sa_105_cna_2/benchmark_results/indelsieve/from_candidate/variant_calling/mt/inc_cnv/smc_mudel_sa_stage_1/0007/indelsieve_median.genotypes	/raid/kang/DelSIEVE/simulation_results/IndelSIEVE_benchmark_pipeline_sa_105_cna_2/benchmark_results/simulated_data/results/data_type/inc_cnv/0007/true_evo_events_ternary_matrix	/raid/kang/DelSIEVE/simulation_results/IndelSIEVE_benchmark_pipeline_sa_105_cna_2/benchmark_results/indelsieve/from_candidate/variant_calling/mt/inc_cnv/smc_mudel_sa_stage_1/0007/indelsieve_median.ternary	/raid/kang/DelSIEVE/simulation_results/IndelSIEVE_benchmark_pipeline_sa_105_cna_2/benchmark_results/indelsieve/from_candidate/variant_calling/mt/inc_cnv/smc_mudel_sa_stage_1/0007/indelsieve_median.probs	9588	4847	10756	1369	0.8750570411609017	0.6642189123657776	0.7551984877126653	0.3106453887072998	7912	318	17968	346	0.9581012351658996	0.9613608748481166	0.9597282872392042	0.01739035327573	6705	511	18704	624	0.914858780188293	0.9291851441241684	0.9219663114472326	0.0265938069216757	322	49	26141	32	0.9096045197740112	0.8679245283018868	0.8882758620689656	0.0018709431080565	354	36	4	28	1668	5180	12206	506	0.7672493100275989	0.2435747663551402	0.2979408719659496	0.369762802039459	310	73	19026	151	0.6724511930585684	0.8093994778067886	0.0038221896434368	0.7345971563981043	291	352	18633	284	0.5060869565217392	0.4525660964230171	0.0185409533842507	0.4778325123152709	822	5000	13422	316	0.7223198594024605	0.1411885949845414	0.2714146129627619	0.2362068965517241	34	202	233	25	0	0	19560	0	NA	NA	0.0	NA
40	20	10	0.001999	0.3	8e-06	2e-06	0.0	0.0	2/3	0008	indelsieve	candidate_snvs	smc_mudel_sa_stage_1	mt	inc_cnv	/raid/kang/DelSIEVE/simulation_results/IndelSIEVE_benchmark_pipeline_sa_105_cna_2/benchmark_results/simulated_data/results/cell_names_dir/cell_names.0008	/raid/kang/DelSIEVE/simulation_results/IndelSIEVE_benchmark_pipeline_sa_105_cna_2/benchmark_results/indelsieve/from_candidate/variant_calling/mt/inc_cnv/smc_mudel_sa_stage_1/0008/indelsieve_mode_gaussian.cell_names	/raid/kang/DelSIEVE/simulation_results/IndelSIEVE_benchmark_pipeline_sa_105_cna_2/benchmark_results/simulated_data/results/data_type/inc_cnv/0008/true_evo_events_sites_names	/raid/kang/DelSIEVE/simulation_results/IndelSIEVE_benchmark_pipeline_sa_105_cna_2/benchmark_results/indelsieve/from_candidate/variant_calling/mt/inc_cnv/smc_mudel_sa_stage_1/0008/indelsieve_mode_gaussian.loci_info	/raid/kang/DelSIEVE/simulation_results/IndelSIEVE_benchmark_pipeline_sa_105_cna_2/benchmark_results/simulated_data/results/data_type/inc_cnv/0008/true_evo_events_genotypes_numeric	/raid/kang/DelSIEVE/simulation_results/IndelSIEVE_benchmark_pipeline_sa_105_cna_2/benchmark_results/indelsieve/from_candidate/variant_calling/mt/inc_cnv/smc_mudel_sa_stage_1/0008/indelsieve_mode_gaussian.genotypes	/raid/kang/DelSIEVE/simulation_results/IndelSIEVE_benchmark_pipeline_sa_105_cna_2/benchmark_results/simulated_data/results/data_type/inc_cnv/0008/true_evo_events_ternary_matrix	/raid/kang/DelSIEVE/simulation_results/IndelSIEVE_benchmark_pipeline_sa_105_cna_2/benchmark_results/indelsieve/from_candidate/variant_calling/mt/inc_cnv/smc_mudel_sa_stage_1/0008/indelsieve_mode_gaussian.ternary	/raid/kang/DelSIEVE/simulation_results/IndelSIEVE_benchmark_pipeline_sa_105_cna_2/benchmark_results/indelsieve/from_candidate/variant_calling/mt/inc_cnv/smc_mudel_sa_stage_1/0008/indelsieve_mode_gaussian.probs	5394	6083	15602	1561	0.7755571531272466	0.4699834451511719	0.5852864583333334	0.2805164860502651	4307	179	23722	417	0.911727349703641	0.9600980829246544	0.9352877307274702	0.0074892263922011	3907	266	23941	511	0.8843368039837031	0.9362568895279176	0.909556512629496	0.0109885570289585	97	11	28498	19	0.8362068965517241	0.8981481481481481	0.8660714285714286	0.0003858430671016	116	27	3	16	992	6204	10613	271	0.7854315122723674	0.1378543635352974	0.3689124100612475	0.2345430901997872	79	58	17840	103	0.4340659340659341	0.5766423357664233	0.0032405855402838	0.4952978056426332	67	138	17752	123	0.3526315789473684	0.3268292682926829	0.0077138065958636	0.3392405063291139	663	6191	10998	228	0.7441077441077442	0.0967318354245695	0.3601722031531794	0.1712072304712718	42	103	113	6	0	0	18080	0	NA	NA	0.0	NA
40	20	10	0.001999	0.3	8e-06	2e-06	0.0	0.0	2/3	0009	indelsieve	candidate_snvs	smc_mudel_sa_stage_1	mt	inc_cnv	/raid/kang/DelSIEVE/simulation_results/IndelSIEVE_benchmark_pipeline_sa_105_cna_2/benchmark_results/simulated_data/results/cell_names_dir/cell_names.0009	/raid/kang/DelSIEVE/simulation_results/IndelSIEVE_benchmark_pipeline_sa_105_cna_2/benchmark_results/indelsieve/from_candidate/variant_calling/mt/inc_cnv/smc_mudel_sa_stage_1/0009/indelsieve_median.cell_names	/raid/kang/DelSIEVE/simulation_results/IndelSIEVE_benchmark_pipeline_sa_105_cna_2/benchmark_results/simulated_data/results/data_type/inc_cnv/0009/true_evo_events_sites_names	/raid/kang/DelSIEVE/simulation_results/IndelSIEVE_benchmark_pipeline_sa_105_cna_2/benchmark_results/indelsieve/from_candidate/variant_calling/mt/inc_cnv/smc_mudel_sa_stage_1/0009/indelsieve_median.loci_info	/raid/kang/DelSIEVE/simulation_results/IndelSIEVE_benchmark_pipeline_sa_105_cna_2/benchmark_results/simulated_data/results/data_type/inc_cnv/0009/true_evo_events_genotypes_numeric	/raid/kang/DelSIEVE/simulation_results/IndelSIEVE_benchmark_pipeline_sa_105_cna_2/benchmark_results/indelsieve/from_candidate/variant_calling/mt/inc_cnv/smc_mudel_sa_stage_1/0009/indelsieve_median.genotypes	/raid/kang/DelSIEVE/simulation_results/IndelSIEVE_benchmark_pipeline_sa_105_cna_2/benchmark_results/simulated_data/results/data_type/inc_cnv/0009/true_evo_events_ternary_matrix	/raid/kang/DelSIEVE/simulation_results/IndelSIEVE_benchmark_pipeline_sa_105_cna_2/benchmark_results/indelsieve/from_candidate/variant_calling/mt/inc_cnv/smc_mudel_sa_stage_1/0009/indelsieve_median.ternary	/raid/kang/DelSIEVE/simulation_results/IndelSIEVE_benchmark_pipeline_sa_105_cna_2/benchmark_results/indelsieve/from_candidate/variant_calling/mt/inc_cnv/smc_mudel_sa_stage_1/0009/indelsieve_median.probs	6308	3499	8713	960	0.8679141441937259	0.6432140307943306	0.7388579795021962	0.2865214543072388	5238	211	13794	226	0.9586383601756956	0.9612772985868968	0.9599560157610192	0.0150660478400571	4562	329	14239	339	0.9308304427667824	0.9327335923124106	0.931781045751634	0.0225837451949478	184	26	19234	25	0.8803827751196173	0.8761904761904762	0.8782816229116945	0.00134994807892	209	38	2	23	1115	3591	9804	330	0.7716262975778547	0.2369315767105822	0.2680851063829787	0.3625426759876443	53	30	14668	89	0.3732394366197183	0.6385542168674698	0.0020410940263981	0.4711111111111111	190	158	14328	164	0.536723163841808	0.5459770114942529	0.0109070827005384	0.5413105413105413	729	3546	10345	220	0.768177028451001	0.1705263157894737	0.2552731984738319	0.2790964777947932	50	118	144	12	0	0	14840	0	NA	NA	0.0	NA
40	20	10	0.001999	0.3	8e-06	2e-06	0.0	0.0	2/3	0010	indelsieve	candidate_snvs	smc_mudel_sa_stage_1	mt	inc_cnv	/raid/kang/DelSIEVE/simulation_results/IndelSIEVE_benchmark_pipeline_sa_105_cna_2/benchmark_results/simulated_data/results/cell_names_dir/cell_names.0010	/raid/kang/DelSIEVE/simulation_results/IndelSIEVE_benchmark_pipeline_sa_105_cna_2/benchmark_results/indelsieve/from_candidate/variant_calling/mt/inc_cnv/smc_mudel_sa_stage_1/0010/indelsieve_mode_gaussian.cell_names	/raid/kang/DelSIEVE/simulation_results/IndelSIEVE_benchmark_pipeline_sa_105_cna_2/benchmark_results/simulated_data/results/data_type/inc_cnv/0010/true_evo_events_sites_names	/raid/kang/DelSIEVE/simulation_results/IndelSIEVE_benchmark_pipeline_sa_105_cna_2/benchmark_results/indelsieve/from_candidate/variant_calling/mt/inc_cnv/smc_mudel_sa_stage_1/0010/indelsieve_mode_gaussian.loci_info	/raid/kang/DelSIEVE/simulation_results/IndelSIEVE_benchmark_pipeline_sa_105_cna_2/benchmark_results/simulated_data/results/data_type/inc_cnv/0010/true_evo_events_genotypes_numeric	/raid/kang/DelSIEVE/simulation_results/IndelSIEVE_benchmark_pipeline_sa_105_cna_2/benchmark_results/indelsieve/from_candidate/variant_calling/mt/inc_cnv/smc_mudel_sa_stage_1/0010/indelsieve_mode_gaussian.genotypes	/raid/kang/DelSIEVE/simulation_results/IndelSIEVE_benchmark_pipeline_sa_105_cna_2/benchmark_results/simulated_data/results/data_type/inc_cnv/0010/true_evo_events_ternary_matrix	/raid/kang/DelSIEVE/simulation_results/IndelSIEVE_benchmark_pipeline_sa_105_cna_2/benchmark_results/indelsieve/from_candidate/variant_calling/mt/inc_cnv/smc_mudel_sa_stage_1/0010/indelsieve_mode_gaussian.ternary	/raid/kang/DelSIEVE/simulation_results/IndelSIEVE_benchmark_pipeline_sa_105_cna_2/benchmark_results/indelsieve/from_candidate/variant_calling/mt/inc_cnv/smc_mudel_sa_stage_1/0010/indelsieve_mode_gaussian.probs	5651	4836	16181	1692	0.7695764673839031	0.538857633260227	0.6338754907459339	0.2300994433077984	4433	195	23291	419	0.9136438582028028	0.9578651685393258	0.9352320675105484	0.0083028187005024	4001	244	23612	481	0.892681838464971	0.9425206124852769	0.916924487223559	0.0102280348759222	106	10	28211	11	0.905982905982906	0.913793103448276	0.9098712446351932	0.0003543460543566	117	35	4	7	1203	4923	10112	242	0.8325259515570934	0.1963761018609206	0.3274359827070169	0.3177915731079118	186	23	16177	94	0.6642857142857143	0.8899521531100478	0.0014197530864197	0.7607361963190185	143	124	16103	110	0.5652173913043478	0.5355805243445693	0.0076415850126332	0.5499999999999999	721	4929	10639	191	0.7905701754385965	0.1276106194690265	0.3166109969167523	0.2197500761962816	32	107	93	8	0	0	16480	0	NA	NA	0.0	NA
40	20	10	0.001999	0.3	8e-06	2e-06	0.0	0.0	2/3	0001	indelsieve	candidate_snvs	smc_mudel_sa_stage_1-smc_mudel_sa_stage_2	mt	inc_cnv	/raid/kang/DelSIEVE/simulation_results/IndelSIEVE_benchmark_pipeline_sa_105_cna_2/benchmark_results/simulated_data/results/cell_names_dir/cell_names.0001	/raid/kang/DelSIEVE/simulation_results/IndelSIEVE_benchmark_pipeline_sa_105_cna_2/benchmark_results/indelsieve/from_candidate/variant_calling/stage2/mt/inc_cnv/smc_mudel_sa_stage_1-smc_mudel_sa_stage_2/0001/indelsieve_median.cell_names	/raid/kang/DelSIEVE/simulation_results/IndelSIEVE_benchmark_pipeline_sa_105_cna_2/benchmark_results/simulated_data/results/data_type/inc_cnv/0001/true_evo_events_sites_names	/raid/kang/DelSIEVE/simulation_results/IndelSIEVE_benchmark_pipeline_sa_105_cna_2/benchmark_results/indelsieve/from_candidate/variant_calling/stage2/mt/inc_cnv/smc_mudel_sa_stage_1-smc_mudel_sa_stage_2/0001/indelsieve_median.loci_info	/raid/kang/DelSIEVE/simulation_results/IndelSIEVE_benchmark_pipeline_sa_105_cna_2/benchmark_results/simulated_data/results/data_type/inc_cnv/0001/true_evo_events_genotypes_numeric	/raid/kang/DelSIEVE/simulation_results/IndelSIEVE_benchmark_pipeline_sa_105_cna_2/benchmark_results/indelsieve/from_candidate/variant_calling/stage2/mt/inc_cnv/smc_mudel_sa_stage_1-smc_mudel_sa_stage_2/0001/indelsieve_median.genotypes	/raid/kang/DelSIEVE/simulation_results/IndelSIEVE_benchmark_pipeline_sa_105_cna_2/benchmark_results/simulated_data/results/data_type/inc_cnv/0001/true_evo_events_ternary_matrix	/raid/kang/DelSIEVE/simulation_results/IndelSIEVE_benchmark_pipeline_sa_105_cna_2/benchmark_results/indelsieve/from_candidate/variant_calling/stage2/mt/inc_cnv/smc_mudel_sa_stage_1-smc_mudel_sa_stage_2/0001/indelsieve_median.ternary	/raid/kang/DelSIEVE/simulation_results/IndelSIEVE_benchmark_pipeline_sa_105_cna_2/benchmark_results/indelsieve/from_candidate/variant_calling/stage2/mt/inc_cnv/smc_mudel_sa_stage_1-smc_mudel_sa_stage_2/0001/indelsieve_median.probs	7215	3233	14403	1269	0.8504243281471005	0.690562787136294	0.7622015634903866	0.1833182127466545	5927	345	19545	285	0.9541210560206052	0.9449936224489796	0.949535405318808	0.0173453996983408	5236	525	19951	390	0.9306789904017064	0.9088699878493316	0.919645209449372	0.0256397733932408	202	19	25846	35	0.8523206751054853	0.9140271493212668	0.8820960698689956	0.0007345834138797	237	70	1	34	1164	3302	13240	494	0.7020506634499397	0.2606359158083296	0.1996131060331278	0.3801436969301111	172	7	17819	202	0.4598930481283422	0.9608938547486032	0.000392684842365	0.6220614828209765	132	160	17691	217	0.3782234957020057	0.4520547945205479	0.0089630833006554	0.4118564742589704	671	3324	13941	264	0.7176470588235294	0.1679599499374217	0.1925282363162467	0.2722109533468559	61	190	200	12	0	0	18200	0	NA	NA	0.0	NA
40	20	10	0.001999	0.3	8e-06	2e-06	0.0	0.0	2/3	0002	indelsieve	candidate_snvs	smc_mudel_sa_stage_1-smc_mudel_sa_stage_2	mt	inc_cnv	/raid/kang/DelSIEVE/simulation_results/IndelSIEVE_benchmark_pipeline_sa_105_cna_2/benchmark_results/simulated_data/results/cell_names_dir/cell_names.0002	/raid/kang/DelSIEVE/simulation_results/IndelSIEVE_benchmark_pipeline_sa_105_cna_2/benchmark_results/indelsieve/from_candidate/variant_calling/stage2/mt/inc_cnv/smc_mudel_sa_stage_1-smc_mudel_sa_stage_2/0002/indelsieve_median.cell_names	/raid/kang/DelSIEVE/simulation_results/IndelSIEVE_benchmark_pipeline_sa_105_cna_2/benchmark_results/simulated_data/results/data_type/inc_cnv/0002/true_evo_events_sites_names	/raid/kang/DelSIEVE/simulation_results/IndelSIEVE_benchmark_pipeline_sa_105_cna_2/benchmark_results/indelsieve/from_candidate/variant_calling/stage2/mt/inc_cnv/smc_mudel_sa_stage_1-smc_mudel_sa_stage_2/0002/indelsieve_median.loci_info	/raid/kang/DelSIEVE/simulation_results/IndelSIEVE_benchmark_pipeline_sa_105_cna_2/benchmark_results/simulated_data/results/data_type/inc_cnv/0002/true_evo_events_genotypes_numeric	/raid/kang/DelSIEVE/simulation_results/IndelSIEVE_benchmark_pipeline_sa_105_cna_2/benchmark_results/indelsieve/from_candidate/variant_calling/stage2/mt/inc_cnv/smc_mudel_sa_stage_1-smc_mudel_sa_stage_2/0002/indelsieve_median.genotypes	/raid/kang/DelSIEVE/simulation_results/IndelSIEVE_benchmark_pipeline_sa_105_cna_2/benchmark_results/simulated_data/results/data_type/inc_cnv/0002/true_evo_events_ternary_matrix	/raid/kang/DelSIEVE/simulation_results/IndelSIEVE_benchmark_pipeline_sa_105_cna_2/benchmark_results/indelsieve/from_candidate/variant_calling/stage2/mt/inc_cnv/smc_mudel_sa_stage_1-smc_mudel_sa_stage_2/0002/indelsieve_median.ternary	/raid/kang/DelSIEVE/simulation_results/IndelSIEVE_benchmark_pipeline_sa_105_cna_2/benchmark_results/indelsieve/from_candidate/variant_calling/stage2/mt/inc_cnv/smc_mudel_sa_stage_1-smc_mudel_sa_stage_2/0002/indelsieve_median.probs	6488	1610	18989	1713	0.7911230337763687	0.8011854778957768	0.7961224615007055	0.0781591339385407	5652	329	22412	389	0.9356066876344976	0.9449924761745528	0.94027616037265	0.0144672617738885	5264	482	22604	432	0.9241573033707864	0.9161155586494952	0.9201188603391016	0.0208784544745733	39	7	28708	28	0.582089552238806	0.8478260869565217	0.6902654867256638	0.0002437750304718	67	68	3	25	699	1607	13189	465	0.6005154639175257	0.303122289679098	0.108610435252771	0.4028818443804033	115	3	15681	161	0.4166666666666667	0.9745762711864406	0.0001912777352716	0.583756345177665	87	102	15580	191	0.3129496402877698	0.4603174603174603	0.0065042724142328	0.3725910064239828	348	1651	13699	262	0.5704918032786885	0.1740870435217608	0.1075570032573289	0.2667688769643541	70	180	183	2	0	0	15960	0	NA	NA	0.0	NA
40	20	10	0.001999	0.3	8e-06	2e-06	0.0	0.0	2/3	0003	indelsieve	candidate_snvs	smc_mudel_sa_stage_1-smc_mudel_sa_stage_2	mt	inc_cnv	/raid/kang/DelSIEVE/simulation_results/IndelSIEVE_benchmark_pipeline_sa_105_cna_2/benchmark_results/simulated_data/results/cell_names_dir/cell_names.0003	/raid/kang/DelSIEVE/simulation_results/IndelSIEVE_benchmark_pipeline_sa_105_cna_2/benchmark_results/indelsieve/from_candidate/variant_calling/stage2/mt/inc_cnv/smc_mudel_sa_stage_1-smc_mudel_sa_stage_2/0003/indelsieve_median.cell_names	/raid/kang/DelSIEVE/simulation_results/IndelSIEVE_benchmark_pipeline_sa_105_cna_2/benchmark_results/simulated_data/results/data_type/inc_cnv/0003/true_evo_events_sites_names	/raid/kang/DelSIEVE/simulation_results/IndelSIEVE_benchmark_pipeline_sa_105_cna_2/benchmark_results/indelsieve/from_candidate/variant_calling/stage2/mt/inc_cnv/smc_mudel_sa_stage_1-smc_mudel_sa_stage_2/0003/indelsieve_median.loci_info	/raid/kang/DelSIEVE/simulation_results/IndelSIEVE_benchmark_pipeline_sa_105_cna_2/benchmark_results/simulated_data/results/data_type/inc_cnv/0003/true_evo_events_genotypes_numeric	/raid/kang/DelSIEVE/simulation_results/IndelSIEVE_benchmark_pipeline_sa_105_cna_2/benchmark_results/indelsieve/from_candidate/variant_calling/stage2/mt/inc_cnv/smc_mudel_sa_stage_1-smc_mudel_sa_stage_2/0003/indelsieve_median.genotypes	/raid/kang/DelSIEVE/simulation_results/IndelSIEVE_benchmark_pipeline_sa_105_cna_2/benchmark_results/simulated_data/results/data_type/inc_cnv/0003/true_evo_events_ternary_matrix	/raid/kang/DelSIEVE/simulation_results/IndelSIEVE_benchmark_pipeline_sa_105_cna_2/benchmark_results/indelsieve/from_candidate/variant_calling/stage2/mt/inc_cnv/smc_mudel_sa_stage_1-smc_mudel_sa_stage_2/0003/indelsieve_median.ternary	/raid/kang/DelSIEVE/simulation_results/IndelSIEVE_benchmark_pipeline_sa_105_cna_2/benchmark_results/indelsieve/from_candidate/variant_calling/stage2/mt/inc_cnv/smc_mudel_sa_stage_1-smc_mudel_sa_stage_2/0003/indelsieve_median.probs	4743	4050	18071	1736	0.7320574162679426	0.5394063459570113	0.6211367207962284	0.1830839473803173	3742	208	24257	367	0.9106838646872718	0.9473417721518989	0.9286511974190348	0.0085019415491518	3444	351	24384	395	0.8971086220369888	0.9075098814229248	0.9022792769190464	0.0141904184354154	42	2	28508	22	0.65625	0.9545454545454546	0.7777777777777778	7.01508242721852e-05	64	53	3	19	891	4063	11702	344	0.7214574898785425	0.1798546628986677	0.2577228036790358	0.2879301987396994	37	3	16841	119	0.2371794871794871	0.925	0.0001781049631916	0.3775510204081632	59	52	16742	147	0.2864077669902912	0.5315315315315315	0.0030963439323567	0.3722397476340693	667	4136	11991	206	0.7640320733104238	0.1388715386216947	0.2564643145036274	0.2350246652572233	62	128	142	1	0	0	17000	0	NA	NA	0.0	NA
40	20	10	0.001999	0.3	8e-06	2e-06	0.0	0.0	2/3	0004	indelsieve	candidate_snvs	smc_mudel_sa_stage_1-smc_mudel_sa_stage_2	mt	inc_cnv	/raid/kang/DelSIEVE/simulation_results/IndelSIEVE_benchmark_pipeline_sa_105_cna_2/benchmark_results/simulated_data/results/cell_names_dir/cell_names.0004	/raid/kang/DelSIEVE/simulation_results/IndelSIEVE_benchmark_pipeline_sa_105_cna_2/benchmark_results/indelsieve/from_candidate/variant_calling/stage2/mt/inc_cnv/smc_mudel_sa_stage_1-smc_mudel_sa_stage_2/0004/indelsieve_median.cell_names	/raid/kang/DelSIEVE/simulation_results/IndelSIEVE_benchmark_pipeline_sa_105_cna_2/benchmark_results/simulated_data/results/data_type/inc_cnv/0004/true_evo_events_sites_names	/raid/kang/DelSIEVE/simulation_results/IndelSIEVE_benchmark_pipeline_sa_105_cna_2/benchmark_results/indelsieve/from_candidate/variant_calling/stage2/mt/inc_cnv/smc_mudel_sa_stage_1-smc_mudel_sa_stage_2/0004/indelsieve_median.loci_info	/raid/kang/DelSIEVE/simulation_results/IndelSIEVE_benchmark_pipeline_sa_105_cna_2/benchmark_results/simulated_data/results/data_type/inc_cnv/0004/true_evo_events_genotypes_numeric	/raid/kang/DelSIEVE/simulation_results/IndelSIEVE_benchmark_pipeline_sa_105_cna_2/benchmark_results/indelsieve/from_candidate/variant_calling/stage2/mt/inc_cnv/smc_mudel_sa_stage_1-smc_mudel_sa_stage_2/0004/indelsieve_median.genotypes	/raid/kang/DelSIEVE/simulation_results/IndelSIEVE_benchmark_pipeline_sa_105_cna_2/benchmark_results/simulated_data/results/data_type/inc_cnv/0004/true_evo_events_ternary_matrix	/raid/kang/DelSIEVE/simulation_results/IndelSIEVE_benchmark_pipeline_sa_105_cna_2/benchmark_results/indelsieve/from_candidate/variant_calling/stage2/mt/inc_cnv/smc_mudel_sa_stage_1-smc_mudel_sa_stage_2/0004/indelsieve_median.ternary	/raid/kang/DelSIEVE/simulation_results/IndelSIEVE_benchmark_pipeline_sa_105_cna_2/benchmark_results/indelsieve/from_candidate/variant_calling/stage2/mt/inc_cnv/smc_mudel_sa_stage_1-smc_mudel_sa_stage_2/0004/indelsieve_median.probs	6112	3713	12741	1194	0.83657267998905	0.622086513994911	0.713560212480299	0.2256594141242251	5042	285	18177	247	0.9532993004348648	0.9464989675239348	0.9498869630746044	0.0154371140721481	4492	455	18508	296	0.9381787802840434	0.9080250656963816	0.9228556753980482	0.0239940937615356	207	19	23496	29	0.8771186440677966	0.915929203539823	0.896103896103896	0.0008079948968743	236	69	1	28	929	3723	12116	432	0.6825863335782513	0.1996990541702493	0.2350527179746196	0.3089971727922834	66	6	16955	173	0.2761506276150627	0.9166666666666666	0.0003537527268439	0.4244372990353697	67	87	16848	198	0.2528301886792453	0.435064935064935	0.0051372896368467	0.3198090692124105	636	3790	12553	221	0.7421236872812136	0.1436963398102123	0.2319035672765098	0.2407722884724588	59	153	175	15	0	0	17200	0	NA	NA	0.0	NA
40	20	10	0.001999	0.3	8e-06	2e-06	0.0	0.0	2/3	0005	indelsieve	candidate_snvs	smc_mudel_sa_stage_1-smc_mudel_sa_stage_2	mt	inc_cnv	/raid/kang/DelSIEVE/simulation_results/IndelSIEVE_benchmark_pipeline_sa_105_cna_2/benchmark_results/simulated_data/results/cell_names_dir/cell_names.0005	/raid/kang/DelSIEVE/simulation_results/IndelSIEVE_benchmark_pipeline_sa_105_cna_2/benchmark_results/indelsieve/from_candidate/variant_calling/stage2/mt/inc_cnv/smc_mudel_sa_stage_1-smc_mudel_sa_stage_2/0005/indelsieve_median.cell_names	/raid/kang/DelSIEVE/simulation_results/IndelSIEVE_benchmark_pipeline_sa_105_cna_2/benchmark_results/simulated_data/results/data_type/inc_cnv/0005/true_evo_events_sites_names	/raid/kang/DelSIEVE/simulation_results/IndelSIEVE_benchmark_pipeline_sa_105_cna_2/benchmark_results/indelsieve/from_candidate/variant_calling/stage2/mt/inc_cnv/smc_mudel_sa_stage_1-smc_mudel_sa_stage_2/0005/indelsieve_median.loci_info	/raid/kang/DelSIEVE/simulation_results/IndelSIEVE_benchmark_pipeline_sa_105_cna_2/benchmark_results/simulated_data/results/data_type/inc_cnv/0005/true_evo_events_genotypes_numeric	/raid/kang/DelSIEVE/simulation_results/IndelSIEVE_benchmark_pipeline_sa_105_cna_2/benchmark_results/indelsieve/from_candidate/variant_calling/stage2/mt/inc_cnv/smc_mudel_sa_stage_1-smc_mudel_sa_stage_2/0005/indelsieve_median.genotypes	/raid/kang/DelSIEVE/simulation_results/IndelSIEVE_benchmark_pipeline_sa_105_cna_2/benchmark_results/simulated_data/results/data_type/inc_cnv/0005/true_evo_events_ternary_matrix	/raid/kang/DelSIEVE/simulation_results/IndelSIEVE_benchmark_pipeline_sa_105_cna_2/benchmark_results/indelsieve/from_candidate/variant_calling/stage2/mt/inc_cnv/smc_mudel_sa_stage_1-smc_mudel_sa_stage_2/0005/indelsieve_median.ternary	/raid/kang/DelSIEVE/simulation_results/IndelSIEVE_benchmark_pipeline_sa_105_cna_2/benchmark_results/indelsieve/from_candidate/variant_calling/stage2/mt/inc_cnv/smc_mudel_sa_stage_1-smc_mudel_sa_stage_2/0005/indelsieve_median.probs	7771	3187	16087	1355	0.85152312075389	0.7091622558861106	0.7738498307110138	0.1653522880564491	6439	398	21294	254	0.9620499028836096	0.9417873336258592	0.951810790835181	0.0183477779826664	5653	615	21809	308	0.9483308169770172	0.9018825781748564	0.9245236732357512	0.0274259721726721	246	20	28090	29	0.8945454545454545	0.924812030075188	0.9094269870609982	0.0007114905727499	275	69	1	28	1227	3197	14428	588	0.6760330578512397	0.2773508137432188	0.1813900709219858	0.3933322647860234	54	25	19168	193	0.2186234817813765	0.6835443037974683	0.0013025582243526	0.3312883435582822	193	110	18873	264	0.4223194748358862	0.636963696369637	0.0057946583785492	0.5078947368421053	785	3257	15072	326	0.7065706570657065	0.194210786739238	0.1776965464564351	0.3046768872501455	54	247	240	10	0	0	19440	0	NA	NA	0.0	NA
40	20	10	0.001999	0.3	8e-06	2e-06	0.0	0.0	2/3	0006	indelsieve	candidate_snvs	smc_mudel_sa_stage_1-smc_mudel_sa_stage_2	mt	inc_cnv	/raid/kang/DelSIEVE/simulation_results/IndelSIEVE_benchmark_pipeline_sa_105_cna_2/benchmark_results/simulated_data/results/cell_names_dir/cell_names.0006	/raid/kang/DelSIEVE/simulation_results/IndelSIEVE_benchmark_pipeline_sa_105_cna_2/benchmark_results/indelsieve/from_candidate/variant_calling/stage2/mt/inc_cnv/smc_mudel_sa_stage_1-smc_mudel_sa_stage_2/0006/indelsieve_median.cell_names	/raid/kang/DelSIEVE/simulation_results/IndelSIEVE_benchmark_pipeline_sa_105_cna_2/benchmark_results/simulated_data/results/data_type/inc_cnv/0006/true_evo_events_sites_names	/raid/kang/DelSIEVE/simulation_results/IndelSIEVE_benchmark_pipeline_sa_105_cna_2/benchmark_results/indelsieve/from_candidate/variant_calling/stage2/mt/inc_cnv/smc_mudel_sa_stage_1-smc_mudel_sa_stage_2/0006/indelsieve_median.loci_info	/raid/kang/DelSIEVE/simulation_results/IndelSIEVE_benchmark_pipeline_sa_105_cna_2/benchmark_results/simulated_data/results/data_type/inc_cnv/0006/true_evo_events_genotypes_numeric	/raid/kang/DelSIEVE/simulation_results/IndelSIEVE_benchmark_pipeline_sa_105_cna_2/benchmark_results/indelsieve/from_candidate/variant_calling/stage2/mt/inc_cnv/smc_mudel_sa_stage_1-smc_mudel_sa_stage_2/0006/indelsieve_median.genotypes	/raid/kang/DelSIEVE/simulation_results/IndelSIEVE_benchmark_pipeline_sa_105_cna_2/benchmark_results/simulated_data/results/data_type/inc_cnv/0006/true_evo_events_ternary_matrix	/raid/kang/DelSIEVE/simulation_results/IndelSIEVE_benchmark_pipeline_sa_105_cna_2/benchmark_results/indelsieve/from_candidate/variant_calling/stage2/mt/inc_cnv/smc_mudel_sa_stage_1-smc_mudel_sa_stage_2/0006/indelsieve_median.ternary	/raid/kang/DelSIEVE/simulation_results/IndelSIEVE_benchmark_pipeline_sa_105_cna_2/benchmark_results/indelsieve/from_candidate/variant_calling/stage2/mt/inc_cnv/smc_mudel_sa_stage_1-smc_mudel_sa_stage_2/0006/indelsieve_median.probs	5819	4756	17333	1372	0.8092059518842998	0.5502600472813238	0.6550714848587188	0.2153107881751098	4835	263	23863	306	0.9404785061272126	0.9484111416241664	0.9444281668131652	0.0109011025449722	4342	442	24114	369	0.9216726809594564	0.907608695652174	0.9145866245392312	0.0179996742140413	101	11	29122	33	0.753731343283582	0.9017857142857144	0.8211382113821137	0.0003775786908317	134	51	1	32	877	4802	14525	436	0.667936024371668	0.1544285965839056	0.2484607026439695	0.2508581235697941	80	11	20400	149	0.3493449781659388	0.8791208791208791	0.0005389250894125	0.5	100	102	20242	196	0.3378378378378378	0.495049504950495	0.0050137632717263	0.4016064257028112	548	4838	15014	240	0.6954314720812182	0.1017452655031563	0.2437034051984686	0.1775186264982183	72	152	180	5	0	0	20640	0	NA	NA	0.0	NA
40	20	10	0.001999	0.3	8e-06	2e-06	0.0	0.0	2/3	0007	indelsieve	candidate_snvs	smc_mudel_sa_stage_1-smc_mudel_sa_stage_2	mt	inc_cnv	/raid/kang/DelSIEVE/simulation_results/IndelSIEVE_benchmark_pipeline_sa_105_cna_2/benchmark_results/simulated_data/results/cell_names_dir/cell_names.0007	/raid/kang/DelSIEVE/simulation_results/IndelSIEVE_benchmark_pipeline_sa_105_cna_2/benchmark_results/indelsieve/from_candidate/variant_calling/stage2/mt/inc_cnv/smc_mudel_sa_stage_1-smc_mudel_sa_stage_2/0007/indelsieve_median.cell_names	/raid/kang/DelSIEVE/simulation_results/IndelSIEVE_benchmark_pipeline_sa_105_cna_2/benchmark_results/simulated_data/results/data_type/inc_cnv/0007/true_evo_events_sites_names	/raid/kang/DelSIEVE/simulation_results/IndelSIEVE_benchmark_pipeline_sa_105_cna_2/benchmark_results/indelsieve/from_candidate/variant_calling/stage2/mt/inc_cnv/smc_mudel_sa_stage_1-smc_mudel_sa_stage_2/0007/indelsieve_median.loci_info	/raid/kang/DelSIEVE/simulation_results/IndelSIEVE_benchmark_pipeline_sa_105_cna_2/benchmark_results/simulated_data/results/data_type/inc_cnv/0007/true_evo_events_genotypes_numeric	/raid/kang/DelSIEVE/simulation_results/IndelSIEVE_benchmark_pipeline_sa_105_cna_2/benchmark_results/indelsieve/from_candidate/variant_calling/stage2/mt/inc_cnv/smc_mudel_sa_stage_1-smc_mudel_sa_stage_2/0007/indelsieve_median.genotypes	/raid/kang/DelSIEVE/simulation_results/IndelSIEVE_benchmark_pipeline_sa_105_cna_2/benchmark_results/simulated_data/results/data_type/inc_cnv/0007/true_evo_events_ternary_matrix	/raid/kang/DelSIEVE/simulation_results/IndelSIEVE_benchmark_pipeline_sa_105_cna_2/benchmark_results/indelsieve/from_candidate/variant_calling/stage2/mt/inc_cnv/smc_mudel_sa_stage_1-smc_mudel_sa_stage_2/0007/indelsieve_median.ternary	/raid/kang/DelSIEVE/simulation_results/IndelSIEVE_benchmark_pipeline_sa_105_cna_2/benchmark_results/indelsieve/from_candidate/variant_calling/stage2/mt/inc_cnv/smc_mudel_sa_stage_1-smc_mudel_sa_stage_2/0007/indelsieve_median.probs	9571	3521	12082	1386	0.8735055215843753	0.7310571341277116	0.795958251902366	0.2256617317182593	8005	430	17856	253	0.9693630418987648	0.949021932424422	0.9590846462589108	0.0235152575741004	6829	669	18580	466	0.9361206305688828	0.9107762069885302	0.9232745217332524	0.0347550522105044	344	36	26120	44	0.8865979381443299	0.9052631578947368	0.8958333333333333	0.0013763572411683	388	68	4	40	1514	3700	13686	660	0.6964121435142594	0.2903720751822017	0.2128149085471068	0.4098538170005414	154	9	19090	307	0.334056399132321	0.9447852760736196	0.0004712288601497	0.4935897435897435	270	287	18698	305	0.4695652173913043	0.4847396768402154	0.0151171977877271	0.4770318021201414	793	3701	14721	345	0.6968365553602812	0.1764574988874054	0.2009010965150363	0.2816051136363636	68	255	269	31	0	0	19560	0	NA	NA	0.0	NA
40	20	10	0.001999	0.3	8e-06	2e-06	0.0	0.0	2/3	0008	indelsieve	candidate_snvs	smc_mudel_sa_stage_1-smc_mudel_sa_stage_2	mt	inc_cnv	/raid/kang/DelSIEVE/simulation_results/IndelSIEVE_benchmark_pipeline_sa_105_cna_2/benchmark_results/simulated_data/results/cell_names_dir/cell_names.0008	/raid/kang/DelSIEVE/simulation_results/IndelSIEVE_benchmark_pipeline_sa_105_cna_2/benchmark_results/indelsieve/from_candidate/variant_calling/stage2/mt/inc_cnv/smc_mudel_sa_stage_1-smc_mudel_sa_stage_2/0008/indelsieve_median.cell_names	/raid/kang/DelSIEVE/simulation_results/IndelSIEVE_benchmark_pipeline_sa_105_cna_2/benchmark_results/simulated_data/results/data_type/inc_cnv/0008/true_evo_events_sites_names	/raid/kang/DelSIEVE/simulation_results/IndelSIEVE_benchmark_pipeline_sa_105_cna_2/benchmark_results/indelsieve/from_candidate/variant_calling/stage2/mt/inc_cnv/smc_mudel_sa_stage_1-smc_mudel_sa_stage_2/0008/indelsieve_median.loci_info	/raid/kang/DelSIEVE/simulation_results/IndelSIEVE_benchmark_pipeline_sa_105_cna_2/benchmark_results/simulated_data/results/data_type/inc_cnv/0008/true_evo_events_genotypes_numeric	/raid/kang/DelSIEVE/simulation_results/IndelSIEVE_benchmark_pipeline_sa_105_cna_2/benchmark_results/indelsieve/from_candidate/variant_calling/stage2/mt/inc_cnv/smc_mudel_sa_stage_1-smc_mudel_sa_stage_2/0008/indelsieve_median.genotypes	/raid/kang/DelSIEVE/simulation_results/IndelSIEVE_benchmark_pipeline_sa_105_cna_2/benchmark_results/simulated_data/results/data_type/inc_cnv/0008/true_evo_events_ternary_matrix	/raid/kang/DelSIEVE/simulation_results/IndelSIEVE_benchmark_pipeline_sa_105_cna_2/benchmark_results/indelsieve/from_candidate/variant_calling/stage2/mt/inc_cnv/smc_mudel_sa_stage_1-smc_mudel_sa_stage_2/0008/indelsieve_median.ternary	/raid/kang/DelSIEVE/simulation_results/IndelSIEVE_benchmark_pipeline_sa_105_cna_2/benchmark_results/indelsieve/from_candidate/variant_calling/stage2/mt/inc_cnv/smc_mudel_sa_stage_1-smc_mudel_sa_stage_2/0008/indelsieve_median.probs	5372	4178	17507	1583	0.7723939611790079	0.5625130890052356	0.6509542562859739	0.1926677426792714	4330	244	23657	394	0.9165961049957664	0.9466550065588106	0.9313830931383092	0.0102087778754027	3972	379	23829	445	0.8992528865745981	0.9128935876809928	0.9060218978102188	0.015655981493721	84	6	28502	33	0.717948717948718	0.9333333333333332	0.8115942028985509	0.0002104672372667	117	77	3	30	914	4195	12622	349	0.723673792557403	0.178899980426698	0.2494499613486353	0.2868801004394224	46	6	17892	136	0.2527472527472527	0.8846153846153846	0.0003352329869259	0.3931623931623931	52	81	17809	138	0.2736842105263158	0.3909774436090225	0.0045276690888764	0.3219814241486068	677	4247	12942	214	0.7598204264870931	0.1374898456539398	0.2470766187678166	0.2328460877042132	70	124	130	4	0	0	18080	0	NA	NA	0.0	NA
40	20	10	0.001999	0.3	8e-06	2e-06	0.0	0.0	2/3	0009	indelsieve	candidate_snvs	smc_mudel_sa_stage_1-smc_mudel_sa_stage_2	mt	inc_cnv	/raid/kang/DelSIEVE/simulation_results/IndelSIEVE_benchmark_pipeline_sa_105_cna_2/benchmark_results/simulated_data/results/cell_names_dir/cell_names.0009	/raid/kang/DelSIEVE/simulation_results/IndelSIEVE_benchmark_pipeline_sa_105_cna_2/benchmark_results/indelsieve/from_candidate/variant_calling/stage2/mt/inc_cnv/smc_mudel_sa_stage_1-smc_mudel_sa_stage_2/0009/indelsieve_median.cell_names	/raid/kang/DelSIEVE/simulation_results/IndelSIEVE_benchmark_pipeline_sa_105_cna_2/benchmark_results/simulated_data/results/data_type/inc_cnv/0009/true_evo_events_sites_names	/raid/kang/DelSIEVE/simulation_results/IndelSIEVE_benchmark_pipeline_sa_105_cna_2/benchmark_results/indelsieve/from_candidate/variant_calling/stage2/mt/inc_cnv/smc_mudel_sa_stage_1-smc_mudel_sa_stage_2/0009/indelsieve_median.loci_info	/raid/kang/DelSIEVE/simulation_results/IndelSIEVE_benchmark_pipeline_sa_105_cna_2/benchmark_results/simulated_data/results/data_type/inc_cnv/0009/true_evo_events_genotypes_numeric	/raid/kang/DelSIEVE/simulation_results/IndelSIEVE_benchmark_pipeline_sa_105_cna_2/benchmark_results/indelsieve/from_candidate/variant_calling/stage2/mt/inc_cnv/smc_mudel_sa_stage_1-smc_mudel_sa_stage_2/0009/indelsieve_median.genotypes	/raid/kang/DelSIEVE/simulation_results/IndelSIEVE_benchmark_pipeline_sa_105_cna_2/benchmark_results/simulated_data/results/data_type/inc_cnv/0009/true_evo_events_ternary_matrix	/raid/kang/DelSIEVE/simulation_results/IndelSIEVE_benchmark_pipeline_sa_105_cna_2/benchmark_results/indelsieve/from_candidate/variant_calling/stage2/mt/inc_cnv/smc_mudel_sa_stage_1-smc_mudel_sa_stage_2/0009/indelsieve_median.ternary	/raid/kang/DelSIEVE/simulation_results/IndelSIEVE_benchmark_pipeline_sa_105_cna_2/benchmark_results/indelsieve/from_candidate/variant_calling/stage2/mt/inc_cnv/smc_mudel_sa_stage_1-smc_mudel_sa_stage_2/0009/indelsieve_median.probs	6269	1897	10315	999	0.8625481563015961	0.7676953220671076	0.8123623169625502	0.1553390108090402	5266	239	13766	198	0.9637628111273792	0.9565849227974568	0.960160452183426	0.0170653338093538	4615	397	14189	268	0.9451157075568298	0.9207901037509976	0.9327943405760484	0.0272178801590566	182	23	19219	45	0.801762114537445	0.8878048780487805	0.8425925925925927	0.0011953019436648	227	54	2	43	1031	1918	11477	414	0.7134948096885814	0.3496100373007799	0.1431877566256065	0.4692762858443332	39	0	14698	103	0.2746478873239437	1.0	0.0	0.430939226519337	189	99	14387	165	0.5338983050847458	0.65625	0.0068341847300842	0.588785046728972	705	1917	11974	244	0.7428872497365648	0.2688787185354691	0.1380030235404218	0.3948473816858023	99	133	146	15	0	0	14840	0	NA	NA	0.0	NA
40	20	10	0.001999	0.3	8e-06	2e-06	0.0	0.0	2/3	0010	indelsieve	candidate_snvs	smc_mudel_sa_stage_1-smc_mudel_sa_stage_2	mt	inc_cnv	/raid/kang/DelSIEVE/simulation_results/IndelSIEVE_benchmark_pipeline_sa_105_cna_2/benchmark_results/simulated_data/results/cell_names_dir/cell_names.0010	/raid/kang/DelSIEVE/simulation_results/IndelSIEVE_benchmark_pipeline_sa_105_cna_2/benchmark_results/indelsieve/from_candidate/variant_calling/stage2/mt/inc_cnv/smc_mudel_sa_stage_1-smc_mudel_sa_stage_2/0010/indelsieve_median.cell_names	/raid/kang/DelSIEVE/simulation_results/IndelSIEVE_benchmark_pipeline_sa_105_cna_2/benchmark_results/simulated_data/results/data_type/inc_cnv/0010/true_evo_events_sites_names	/raid/kang/DelSIEVE/simulation_results/IndelSIEVE_benchmark_pipeline_sa_105_cna_2/benchmark_results/indelsieve/from_candidate/variant_calling/stage2/mt/inc_cnv/smc_mudel_sa_stage_1-smc_mudel_sa_stage_2/0010/indelsieve_median.loci_info	/raid/kang/DelSIEVE/simulation_results/IndelSIEVE_benchmark_pipeline_sa_105_cna_2/benchmark_results/simulated_data/results/data_type/inc_cnv/0010/true_evo_events_genotypes_numeric	/raid/kang/DelSIEVE/simulation_results/IndelSIEVE_benchmark_pipeline_sa_105_cna_2/benchmark_results/indelsieve/from_candidate/variant_calling/stage2/mt/inc_cnv/smc_mudel_sa_stage_1-smc_mudel_sa_stage_2/0010/indelsieve_median.genotypes	/raid/kang/DelSIEVE/simulation_results/IndelSIEVE_benchmark_pipeline_sa_105_cna_2/benchmark_results/simulated_data/results/data_type/inc_cnv/0010/true_evo_events_ternary_matrix	/raid/kang/DelSIEVE/simulation_results/IndelSIEVE_benchmark_pipeline_sa_105_cna_2/benchmark_results/indelsieve/from_candidate/variant_calling/stage2/mt/inc_cnv/smc_mudel_sa_stage_1-smc_mudel_sa_stage_2/0010/indelsieve_median.ternary	/raid/kang/DelSIEVE/simulation_results/IndelSIEVE_benchmark_pipeline_sa_105_cna_2/benchmark_results/indelsieve/from_candidate/variant_calling/stage2/mt/inc_cnv/smc_mudel_sa_stage_1-smc_mudel_sa_stage_2/0010/indelsieve_median.probs	5616	2576	18441	1727	0.7648100231513005	0.685546875	0.7230125523012552	0.1225674454013417	4464	265	23221	388	0.920032976092333	0.9439627828293508	0.9318442751278572	0.0112833177211956	4065	375	23484	414	0.9075686537173476	0.9155405405405406	0.9115371678439288	0.0157173393687916	105	12	28206	15	0.875	0.8974358974358975	0.8860759493670887	0.0004252604720391	120	57	4	11	1048	2587	12448	397	0.7252595155709343	0.2883081155433287	0.1720651812437645	0.4125984251968504	97	3	16197	183	0.3464285714285714	0.97	0.0001851851851851	0.5105263157894737	93	79	16148	160	0.3675889328063241	0.5406976744186046	0.0048684291612744	0.4376470588235294	671	2692	12876	241	0.7357456140350878	0.1995242343146	0.1729188078108941	0.3139181286549707	77	152	140	12	0	0	16480	0	NA	NA	0.0	NA
40	20	10	0.001999	0.3	8e-06	2e-06	0.0	0.0	2/3	0001	indelsieve	candidate_snvs	smc_mudel_sa_stage_1-smc_mudel_sa_stage_2	mt	exc_cnv	/raid/kang/DelSIEVE/simulation_results/IndelSIEVE_benchmark_pipeline_sa_105_cna_2/benchmark_results/simulated_data/results/cell_names_dir/cell_names.0001	/raid/kang/DelSIEVE/simulation_results/IndelSIEVE_benchmark_pipeline_sa_105_cna_2/benchmark_results/indelsieve/from_candidate/variant_calling/stage2/mt/exc_cnv/smc_mudel_sa_stage_1-smc_mudel_sa_stage_2/0001/indelsieve_median.cell_names	/raid/kang/DelSIEVE/simulation_results/IndelSIEVE_benchmark_pipeline_sa_105_cna_2/benchmark_results/simulated_data/results/data_type/exc_cnv/0001/true_evo_events_sites_names	/raid/kang/DelSIEVE/simulation_results/IndelSIEVE_benchmark_pipeline_sa_105_cna_2/benchmark_results/indelsieve/from_candidate/variant_calling/stage2/mt/exc_cnv/smc_mudel_sa_stage_1-smc_mudel_sa_stage_2/0001/indelsieve_median.loci_info	/raid/kang/DelSIEVE/simulation_results/IndelSIEVE_benchmark_pipeline_sa_105_cna_2/benchmark_results/simulated_data/results/data_type/exc_cnv/0001/true_evo_events_genotypes_numeric	/raid/kang/DelSIEVE/simulation_results/IndelSIEVE_benchmark_pipeline_sa_105_cna_2/benchmark_results/indelsieve/from_candidate/variant_calling/stage2/mt/exc_cnv/smc_mudel_sa_stage_1-smc_mudel_sa_stage_2/0001/indelsieve_median.genotypes	/raid/kang/DelSIEVE/simulation_results/IndelSIEVE_benchmark_pipeline_sa_105_cna_2/benchmark_results/simulated_data/results/data_type/exc_cnv/0001/true_evo_events_ternary_matrix	/raid/kang/DelSIEVE/simulation_results/IndelSIEVE_benchmark_pipeline_sa_105_cna_2/benchmark_results/indelsieve/from_candidate/variant_calling/stage2/mt/exc_cnv/smc_mudel_sa_stage_1-smc_mudel_sa_stage_2/0001/indelsieve_median.ternary	/raid/kang/DelSIEVE/simulation_results/IndelSIEVE_benchmark_pipeline_sa_105_cna_2/benchmark_results/indelsieve/from_candidate/variant_calling/stage2/mt/exc_cnv/smc_mudel_sa_stage_1-smc_mudel_sa_stage_2/0001/indelsieve_median.probs	2614	18	7515	533	0.8306323482681919	0.993161094224924	0.9046547845648036	0.002389486260454	2449	18	8106	103	0.959639498432602	0.9927036886907176	0.9758916118748754	0.0022156573116691	2308	27	8239	102	0.957676348547718	0.9884368308351178	0.9728134878819812	0.0032663924510041	67	0	10598	11	0.8589743589743589	1.0	0.9241379310344828	0.0	78	16	1	10	228	2	6882	8	0.9661016949152542	0.991304347826087	0.0002905287623474	0.9785407725321889	0	0	7119	1	0.0	NA	0.0	NA	64	1	7055	0	1.0	0.9846153846153848	0.000141723356009	0.992248062015504	162	3	6946	9	0.9473684210526316	0.9818181818181818	0.0004317167937832	0.9642857142857142	7	1	0	0	0	0	7120	0	NA	NA	0.0	NA
40	20	10	0.001999	0.3	8e-06	2e-06	0.0	0.0	2/3	0002	indelsieve	candidate_snvs	smc_mudel_sa_stage_1-smc_mudel_sa_stage_2	mt	exc_cnv	/raid/kang/DelSIEVE/simulation_results/IndelSIEVE_benchmark_pipeline_sa_105_cna_2/benchmark_results/simulated_data/results/cell_names_dir/cell_names.0002	/raid/kang/DelSIEVE/simulation_results/IndelSIEVE_benchmark_pipeline_sa_105_cna_2/benchmark_results/indelsieve/from_candidate/variant_calling/stage2/mt/exc_cnv/smc_mudel_sa_stage_1-smc_mudel_sa_stage_2/0002/indelsieve_median.cell_names	/raid/kang/DelSIEVE/simulation_results/IndelSIEVE_benchmark_pipeline_sa_105_cna_2/benchmark_results/simulated_data/results/data_type/exc_cnv/0002/true_evo_events_sites_names	/raid/kang/DelSIEVE/simulation_results/IndelSIEVE_benchmark_pipeline_sa_105_cna_2/benchmark_results/indelsieve/from_candidate/variant_calling/stage2/mt/exc_cnv/smc_mudel_sa_stage_1-smc_mudel_sa_stage_2/0002/indelsieve_median.loci_info	/raid/kang/DelSIEVE/simulation_results/IndelSIEVE_benchmark_pipeline_sa_105_cna_2/benchmark_results/simulated_data/results/data_type/exc_cnv/0002/true_evo_events_genotypes_numeric	/raid/kang/DelSIEVE/simulation_results/IndelSIEVE_benchmark_pipeline_sa_105_cna_2/benchmark_results/indelsieve/from_candidate/variant_calling/stage2/mt/exc_cnv/smc_mudel_sa_stage_1-smc_mudel_sa_stage_2/0002/indelsieve_median.genotypes	/raid/kang/DelSIEVE/simulation_results/IndelSIEVE_benchmark_pipeline_sa_105_cna_2/benchmark_results/simulated_data/results/data_type/exc_cnv/0002/true_evo_events_ternary_matrix	/raid/kang/DelSIEVE/simulation_results/IndelSIEVE_benchmark_pipeline_sa_105_cna_2/benchmark_results/indelsieve/from_candidate/variant_calling/stage2/mt/exc_cnv/smc_mudel_sa_stage_1-smc_mudel_sa_stage_2/0002/indelsieve_median.ternary	/raid/kang/DelSIEVE/simulation_results/IndelSIEVE_benchmark_pipeline_sa_105_cna_2/benchmark_results/indelsieve/from_candidate/variant_calling/stage2/mt/exc_cnv/smc_mudel_sa_stage_1-smc_mudel_sa_stage_2/0002/indelsieve_median.probs	2350	18	8839	673	0.7773734700628515	0.9923986486486488	0.8718234093860138	0.0020322908434007	2302	22	9421	134	0.944991789819376	0.9905335628227194	0.9672268907563024	0.0023297680821772	2267	32	9444	136	0.943404078235539	0.9860809047411918	0.9642705231816248	0.0033769523005487	2	2	11867	8	0.2	0.5	0.2857142857142857	0.0001685061926025	10	18	0	8	65	0	6186	29	0.6914893617021277	1.0	0.0	0.8176100628930818	0	0	6280	0	NA	NA	0.0	NA	20	1	6256	3	0.8695652173913043	0.9523809523809524	0.0001598210004794	0.909090909090909	44	0	6209	27	0.6197183098591549	1.0	0.0	0.7652173913043477	23	3	3	0	0	0	6280	0	NA	NA	0.0	NA
40	20	10	0.001999	0.3	8e-06	2e-06	0.0	0.0	2/3	0003	indelsieve	candidate_snvs	smc_mudel_sa_stage_1-smc_mudel_sa_stage_2	mt	exc_cnv	/raid/kang/DelSIEVE/simulation_results/IndelSIEVE_benchmark_pipeline_sa_105_cna_2/benchmark_results/simulated_data/results/cell_names_dir/cell_names.0003	/raid/kang/DelSIEVE/simulation_results/IndelSIEVE_benchmark_pipeline_sa_105_cna_2/benchmark_results/indelsieve/from_candidate/variant_calling/stage2/mt/exc_cnv/smc_mudel_sa_stage_1-smc_mudel_sa_stage_2/0003/indelsieve_median.cell_names	/raid/kang/DelSIEVE/simulation_results/IndelSIEVE_benchmark_pipeline_sa_105_cna_2/benchmark_results/simulated_data/results/data_type/exc_cnv/0003/true_evo_events_sites_names	/raid/kang/DelSIEVE/simulation_results/IndelSIEVE_benchmark_pipeline_sa_105_cna_2/benchmark_results/indelsieve/from_candidate/variant_calling/stage2/mt/exc_cnv/smc_mudel_sa_stage_1-smc_mudel_sa_stage_2/0003/indelsieve_median.loci_info	/raid/kang/DelSIEVE/simulation_results/IndelSIEVE_benchmark_pipeline_sa_105_cna_2/benchmark_results/simulated_data/results/data_type/exc_cnv/0003/true_evo_events_genotypes_numeric	/raid/kang/DelSIEVE/simulation_results/IndelSIEVE_benchmark_pipeline_sa_105_cna_2/benchmark_results/indelsieve/from_candidate/variant_calling/stage2/mt/exc_cnv/smc_mudel_sa_stage_1-smc_mudel_sa_stage_2/0003/indelsieve_median.genotypes	/raid/kang/DelSIEVE/simulation_results/IndelSIEVE_benchmark_pipeline_sa_105_cna_2/benchmark_results/simulated_data/results/data_type/exc_cnv/0003/true_evo_events_ternary_matrix	/raid/kang/DelSIEVE/simulation_results/IndelSIEVE_benchmark_pipeline_sa_105_cna_2/benchmark_results/indelsieve/from_candidate/variant_calling/stage2/mt/exc_cnv/smc_mudel_sa_stage_1-smc_mudel_sa_stage_2/0003/indelsieve_median.ternary	/raid/kang/DelSIEVE/simulation_results/IndelSIEVE_benchmark_pipeline_sa_105_cna_2/benchmark_results/indelsieve/from_candidate/variant_calling/stage2/mt/exc_cnv/smc_mudel_sa_stage_1-smc_mudel_sa_stage_2/0003/indelsieve_median.probs	1688	18	9239	535	0.7593342330184435	0.9894490035169988	0.8592517179944006	0.0019444744517662	1614	14	9717	134	0.923340961098398	0.9914004914004914	0.9561611374407584	0.0014387010584729	1571	25	9750	133	0.9219483568075116	0.9843358395989976	0.952121212121212	0.0025575447570332	22	1	11445	11	0.6666666666666666	0.9565217391304348	0.7857142857142856	8.736676568233443e-05	33	12	2	9	81	6	6315	38	0.680672268907563	0.9310344827586208	0.0009492168960607	0.7864077669902911	0	0	6440	0	NA	NA	0.0	NA	9	0	6429	2	0.8181818181818182	1.0	0.0	0.9	72	6	6326	36	0.6666666666666666	0.9230769230769232	0.0009475679090334	0.7741935483870968	34	2	2	0	0	0	6440	0	NA	NA	0.0	NA
40	20	10	0.001999	0.3	8e-06	2e-06	0.0	0.0	2/3	0004	indelsieve	candidate_snvs	smc_mudel_sa_stage_1-smc_mudel_sa_stage_2	mt	exc_cnv	/raid/kang/DelSIEVE/simulation_results/IndelSIEVE_benchmark_pipeline_sa_105_cna_2/benchmark_results/simulated_data/results/cell_names_dir/cell_names.0004	/raid/kang/DelSIEVE/simulation_results/IndelSIEVE_benchmark_pipeline_sa_105_cna_2/benchmark_results/indelsieve/from_candidate/variant_calling/stage2/mt/exc_cnv/smc_mudel_sa_stage_1-smc_mudel_sa_stage_2/0004/indelsieve_median.cell_names	/raid/kang/DelSIEVE/simulation_results/IndelSIEVE_benchmark_pipeline_sa_105_cna_2/benchmark_results/simulated_data/results/data_type/exc_cnv/0004/true_evo_events_sites_names	/raid/kang/DelSIEVE/simulation_results/IndelSIEVE_benchmark_pipeline_sa_105_cna_2/benchmark_results/indelsieve/from_candidate/variant_calling/stage2/mt/exc_cnv/smc_mudel_sa_stage_1-smc_mudel_sa_stage_2/0004/indelsieve_median.loci_info	/raid/kang/DelSIEVE/simulation_results/IndelSIEVE_benchmark_pipeline_sa_105_cna_2/benchmark_results/simulated_data/results/data_type/exc_cnv/0004/true_evo_events_genotypes_numeric	/raid/kang/DelSIEVE/simulation_results/IndelSIEVE_benchmark_pipeline_sa_105_cna_2/benchmark_results/indelsieve/from_candidate/variant_calling/stage2/mt/exc_cnv/smc_mudel_sa_stage_1-smc_mudel_sa_stage_2/0004/indelsieve_median.genotypes	/raid/kang/DelSIEVE/simulation_results/IndelSIEVE_benchmark_pipeline_sa_105_cna_2/benchmark_results/simulated_data/results/data_type/exc_cnv/0004/true_evo_events_ternary_matrix	/raid/kang/DelSIEVE/simulation_results/IndelSIEVE_benchmark_pipeline_sa_105_cna_2/benchmark_results/indelsieve/from_candidate/variant_calling/stage2/mt/exc_cnv/smc_mudel_sa_stage_1-smc_mudel_sa_stage_2/0004/indelsieve_median.ternary	/raid/kang/DelSIEVE/simulation_results/IndelSIEVE_benchmark_pipeline_sa_105_cna_2/benchmark_results/indelsieve/from_candidate/variant_calling/stage2/mt/exc_cnv/smc_mudel_sa_stage_1-smc_mudel_sa_stage_2/0004/indelsieve_median.probs	2068	25	7343	444	0.8232484076433121	0.9880554228380316	0.8981541802388707	0.0033930510314875	1817	22	7945	95	0.9503138075313808	0.988036976617727	0.9688083177819248	0.0027613907367892	1730	33	8020	96	0.9474260679079956	0.9812819058423142	0.9640568403455	0.0040978517322736	47	1	9823	8	0.8545454545454545	0.9791666666666666	0.912621359223301	0.0001017915309446	55	21	0	8	278	4	6463	15	0.9488054607508531	0.9858156028368794	0.0006185248183083	0.9669565217391304	0	5	6755	0	NA	0.0	0.0007396449704142	NA	27	1	6728	4	0.8709677419354839	0.9642857142857144	0.0001486104919007	0.9152542372881356	245	4	6494	17	0.9351145038167938	0.9839357429718876	0.0006155740227762	0.9589041095890412	11	0	4	0	0	0	6760	0	NA	NA	0.0	NA
40	20	10	0.001999	0.3	8e-06	2e-06	0.0	0.0	2/3	0005	indelsieve	candidate_snvs	smc_mudel_sa_stage_1-smc_mudel_sa_stage_2	mt	exc_cnv	/raid/kang/DelSIEVE/simulation_results/IndelSIEVE_benchmark_pipeline_sa_105_cna_2/benchmark_results/simulated_data/results/cell_names_dir/cell_names.0005	/raid/kang/DelSIEVE/simulation_results/IndelSIEVE_benchmark_pipeline_sa_105_cna_2/benchmark_results/indelsieve/from_candidate/variant_calling/stage2/mt/exc_cnv/smc_mudel_sa_stage_1-smc_mudel_sa_stage_2/0005/indelsieve_median.cell_names	/raid/kang/DelSIEVE/simulation_results/IndelSIEVE_benchmark_pipeline_sa_105_cna_2/benchmark_results/simulated_data/results/data_type/exc_cnv/0005/true_evo_events_sites_names	/raid/kang/DelSIEVE/simulation_results/IndelSIEVE_benchmark_pipeline_sa_105_cna_2/benchmark_results/indelsieve/from_candidate/variant_calling/stage2/mt/exc_cnv/smc_mudel_sa_stage_1-smc_mudel_sa_stage_2/0005/indelsieve_median.loci_info	/raid/kang/DelSIEVE/simulation_results/IndelSIEVE_benchmark_pipeline_sa_105_cna_2/benchmark_results/simulated_data/results/data_type/exc_cnv/0005/true_evo_events_genotypes_numeric	/raid/kang/DelSIEVE/simulation_results/IndelSIEVE_benchmark_pipeline_sa_105_cna_2/benchmark_results/indelsieve/from_candidate/variant_calling/stage2/mt/exc_cnv/smc_mudel_sa_stage_1-smc_mudel_sa_stage_2/0005/indelsieve_median.genotypes	/raid/kang/DelSIEVE/simulation_results/IndelSIEVE_benchmark_pipeline_sa_105_cna_2/benchmark_results/simulated_data/results/data_type/exc_cnv/0005/true_evo_events_ternary_matrix	/raid/kang/DelSIEVE/simulation_results/IndelSIEVE_benchmark_pipeline_sa_105_cna_2/benchmark_results/indelsieve/from_candidate/variant_calling/stage2/mt/exc_cnv/smc_mudel_sa_stage_1-smc_mudel_sa_stage_2/0005/indelsieve_median.ternary	/raid/kang/DelSIEVE/simulation_results/IndelSIEVE_benchmark_pipeline_sa_105_cna_2/benchmark_results/indelsieve/from_candidate/variant_calling/stage2/mt/exc_cnv/smc_mudel_sa_stage_1-smc_mudel_sa_stage_2/0005/indelsieve_median.probs	2431	28	8019	682	0.7809187279151943	0.988613257421716	0.8725771715721464	0.0034795575991052	2253	26	8798	77	0.9669527896995708	0.9885914874945152	0.9776524191798656	0.0029465095194922	2092	31	8956	75	0.9653899400092294	0.9853980216674516	0.9752913752913752	0.0034494269500389	121	0	11028	5	0.9603174603174603	1.0	0.9797570850202428	0.0	126	21	1	4	207	8	6567	18	0.92	0.9627906976744186	0.0012167300380228	0.9409090909090908	0	0	6800	0	NA	NA	0.0	NA	34	1	6762	3	0.918918918918919	0.9714285714285714	0.0001478633742422	0.9444444444444444	171	9	6603	17	0.9095744680851064	0.95	0.0013611615245009	0.9293478260869564	12	4	2	0	0	0	6800	0	NA	NA	0.0	NA
40	20	10	0.001999	0.3	8e-06	2e-06	0.0	0.0	2/3	0006	indelsieve	candidate_snvs	smc_mudel_sa_stage_1-smc_mudel_sa_stage_2	mt	exc_cnv	/raid/kang/DelSIEVE/simulation_results/IndelSIEVE_benchmark_pipeline_sa_105_cna_2/benchmark_results/simulated_data/results/cell_names_dir/cell_names.0006	/raid/kang/DelSIEVE/simulation_results/IndelSIEVE_benchmark_pipeline_sa_105_cna_2/benchmark_results/indelsieve/from_candidate/variant_calling/stage2/mt/exc_cnv/smc_mudel_sa_stage_1-smc_mudel_sa_stage_2/0006/indelsieve_median.cell_names	/raid/kang/DelSIEVE/simulation_results/IndelSIEVE_benchmark_pipeline_sa_105_cna_2/benchmark_results/simulated_data/results/data_type/exc_cnv/0006/true_evo_events_sites_names	/raid/kang/DelSIEVE/simulation_results/IndelSIEVE_benchmark_pipeline_sa_105_cna_2/benchmark_results/indelsieve/from_candidate/variant_calling/stage2/mt/exc_cnv/smc_mudel_sa_stage_1-smc_mudel_sa_stage_2/0006/indelsieve_median.loci_info	/raid/kang/DelSIEVE/simulation_results/IndelSIEVE_benchmark_pipeline_sa_105_cna_2/benchmark_results/simulated_data/results/data_type/exc_cnv/0006/true_evo_events_genotypes_numeric	/raid/kang/DelSIEVE/simulation_results/IndelSIEVE_benchmark_pipeline_sa_105_cna_2/benchmark_results/indelsieve/from_candidate/variant_calling/stage2/mt/exc_cnv/smc_mudel_sa_stage_1-smc_mudel_sa_stage_2/0006/indelsieve_median.genotypes	/raid/kang/DelSIEVE/simulation_results/IndelSIEVE_benchmark_pipeline_sa_105_cna_2/benchmark_results/simulated_data/results/data_type/exc_cnv/0006/true_evo_events_ternary_matrix	/raid/kang/DelSIEVE/simulation_results/IndelSIEVE_benchmark_pipeline_sa_105_cna_2/benchmark_results/indelsieve/from_candidate/variant_calling/stage2/mt/exc_cnv/smc_mudel_sa_stage_1-smc_mudel_sa_stage_2/0006/indelsieve_median.ternary	/raid/kang/DelSIEVE/simulation_results/IndelSIEVE_benchmark_pipeline_sa_105_cna_2/benchmark_results/indelsieve/from_candidate/variant_calling/stage2/mt/exc_cnv/smc_mudel_sa_stage_1-smc_mudel_sa_stage_2/0006/indelsieve_median.probs	1890	14	9463	513	0.7865168539325843	0.9926470588235294	0.8776410494543766	0.0014772607365199	1862	14	9894	109	0.9446981227803144	0.9925373134328358	0.9680270340525085	0.0014129995962858	1815	22	9932	110	0.9428571428571428	0.9880239520958084	0.9649122807017544	0.0022101667671287	25	1	11851	2	0.925925925925926	0.9615384615384616	0.9433962264150944	8.437394532568343e-05	27	13	0	2	40	1	7167	32	0.5555555555555556	0.975609756097561	0.0001395089285714	0.7079646017699116	0	0	7240	0	NA	NA	0.0	NA	12	1	7220	7	0.631578947368421	0.9230769230769232	0.0001384849743802	0.7499999999999999	27	1	7186	26	0.5094339622641509	0.9642857142857144	0.0001391401140948	0.6666666666666666	25	0	7	0	0	0	7240	0	NA	NA	0.0	NA
40	20	10	0.001999	0.3	8e-06	2e-06	0.0	0.0	2/3	0007	indelsieve	candidate_snvs	smc_mudel_sa_stage_1-smc_mudel_sa_stage_2	mt	exc_cnv	/raid/kang/DelSIEVE/simulation_results/IndelSIEVE_benchmark_pipeline_sa_105_cna_2/benchmark_results/simulated_data/results/cell_names_dir/cell_names.0007	/raid/kang/DelSIEVE/simulation_results/IndelSIEVE_benchmark_pipeline_sa_105_cna_2/benchmark_results/indelsieve/from_candidate/variant_calling/stage2/mt/exc_cnv/smc_mudel_sa_stage_1-smc_mudel_sa_stage_2/0007/indelsieve_median.cell_names	/raid/kang/DelSIEVE/simulation_results/IndelSIEVE_benchmark_pipeline_sa_105_cna_2/benchmark_results/simulated_data/results/data_type/exc_cnv/0007/true_evo_events_sites_names	/raid/kang/DelSIEVE/simulation_results/IndelSIEVE_benchmark_pipeline_sa_105_cna_2/benchmark_results/indelsieve/from_candidate/variant_calling/stage2/mt/exc_cnv/smc_mudel_sa_stage_1-smc_mudel_sa_stage_2/0007/indelsieve_median.loci_info	/raid/kang/DelSIEVE/simulation_results/IndelSIEVE_benchmark_pipeline_sa_105_cna_2/benchmark_results/simulated_data/results/data_type/exc_cnv/0007/true_evo_events_genotypes_numeric	/raid/kang/DelSIEVE/simulation_results/IndelSIEVE_benchmark_pipeline_sa_105_cna_2/benchmark_results/indelsieve/from_candidate/variant_calling/stage2/mt/exc_cnv/smc_mudel_sa_stage_1-smc_mudel_sa_stage_2/0007/indelsieve_median.genotypes	/raid/kang/DelSIEVE/simulation_results/IndelSIEVE_benchmark_pipeline_sa_105_cna_2/benchmark_results/simulated_data/results/data_type/exc_cnv/0007/true_evo_events_ternary_matrix	/raid/kang/DelSIEVE/simulation_results/IndelSIEVE_benchmark_pipeline_sa_105_cna_2/benchmark_results/indelsieve/from_candidate/variant_calling/stage2/mt/exc_cnv/smc_mudel_sa_stage_1-smc_mudel_sa_stage_2/0007/indelsieve_median.ternary	/raid/kang/DelSIEVE/simulation_results/IndelSIEVE_benchmark_pipeline_sa_105_cna_2/benchmark_results/indelsieve/from_candidate/variant_calling/stage2/mt/exc_cnv/smc_mudel_sa_stage_1-smc_mudel_sa_stage_2/0007/indelsieve_median.probs	3221	6	6459	634	0.835538261997406	0.9981406879454602	0.9096300480090372	0.0009280742459396	2993	13	7226	83	0.9730169050715216	0.9956753160345976	0.9842157185136468	0.0017958281530598	2599	25	7608	83	0.9690529455630128	0.9904725609756098	0.9796456841311724	0.0032752521944189	257	0	10044	14	0.948339483394834	1.0	0.9734848484848484	0.0	271	6	1	13	343	3	6719	15	0.9581005586592178	0.9913294797687862	0.0004462957453138	0.9744318181818182	0	0	7080	0	NA	NA	0.0	NA	122	3	6954	1	0.991869918699187	0.976	0.0004312203536006	0.9838709677419356	219	2	6843	16	0.9319148936170212	0.990950226244344	0.0002921840759678	0.9605263157894738	9	6	0	0	0	0	7080	0	NA	NA	0.0	NA
40	20	10	0.001999	0.3	8e-06	2e-06	0.0	0.0	2/3	0008	indelsieve	candidate_snvs	smc_mudel_sa_stage_1-smc_mudel_sa_stage_2	mt	exc_cnv	/raid/kang/DelSIEVE/simulation_results/IndelSIEVE_benchmark_pipeline_sa_105_cna_2/benchmark_results/simulated_data/results/cell_names_dir/cell_names.0008	/raid/kang/DelSIEVE/simulation_results/IndelSIEVE_benchmark_pipeline_sa_105_cna_2/benchmark_results/indelsieve/from_candidate/variant_calling/stage2/mt/exc_cnv/smc_mudel_sa_stage_1-smc_mudel_sa_stage_2/0008/indelsieve_median.cell_names	/raid/kang/DelSIEVE/simulation_results/IndelSIEVE_benchmark_pipeline_sa_105_cna_2/benchmark_results/simulated_data/results/data_type/exc_cnv/0008/true_evo_events_sites_names	/raid/kang/DelSIEVE/simulation_results/IndelSIEVE_benchmark_pipeline_sa_105_cna_2/benchmark_results/indelsieve/from_candidate/variant_calling/stage2/mt/exc_cnv/smc_mudel_sa_stage_1-smc_mudel_sa_stage_2/0008/indelsieve_median.loci_info	/raid/kang/DelSIEVE/simulation_results/IndelSIEVE_benchmark_pipeline_sa_105_cna_2/benchmark_results/simulated_data/results/data_type/exc_cnv/0008/true_evo_events_genotypes_numeric	/raid/kang/DelSIEVE/simulation_results/IndelSIEVE_benchmark_pipeline_sa_105_cna_2/benchmark_results/indelsieve/from_candidate/variant_calling/stage2/mt/exc_cnv/smc_mudel_sa_stage_1-smc_mudel_sa_stage_2/0008/indelsieve_median.genotypes	/raid/kang/DelSIEVE/simulation_results/IndelSIEVE_benchmark_pipeline_sa_105_cna_2/benchmark_results/simulated_data/results/data_type/exc_cnv/0008/true_evo_events_ternary_matrix	/raid/kang/DelSIEVE/simulation_results/IndelSIEVE_benchmark_pipeline_sa_105_cna_2/benchmark_results/indelsieve/from_candidate/variant_calling/stage2/mt/exc_cnv/smc_mudel_sa_stage_1-smc_mudel_sa_stage_2/0008/indelsieve_median.ternary	/raid/kang/DelSIEVE/simulation_results/IndelSIEVE_benchmark_pipeline_sa_105_cna_2/benchmark_results/indelsieve/from_candidate/variant_calling/stage2/mt/exc_cnv/smc_mudel_sa_stage_1-smc_mudel_sa_stage_2/0008/indelsieve_median.probs	1980	26	9241	513	0.7942238267148014	0.9870388833499502	0.8801955990220048	0.0028056544728606	1806	29	9765	159	0.9190839694656489	0.9841961852861036	0.9505263157894738	0.0029609965284868	1716	35	9850	158	0.9156883671291356	0.980011422044546	0.9467586206896552	0.0035407182599898	77	0	11676	6	0.927710843373494	1.0	0.9625	0.0	83	26	1	5	178	0	6794	28	0.8640776699029126	1.0	0.0	0.9270833333333331	0	0	7000	0	NA	NA	0.0	NA	7	0	6992	1	0.875	1.0	0.0	0.9333333333333332	171	0	6802	27	0.8636363636363636	1.0	0.0	0.9268292682926828	24	3	1	0	0	0	7000	0	NA	NA	0.0	NA
40	20	10	0.001999	0.3	8e-06	2e-06	0.0	0.0	2/3	0009	indelsieve	candidate_snvs	smc_mudel_sa_stage_1-smc_mudel_sa_stage_2	mt	exc_cnv	/raid/kang/DelSIEVE/simulation_results/IndelSIEVE_benchmark_pipeline_sa_105_cna_2/benchmark_results/simulated_data/results/cell_names_dir/cell_names.0009	/raid/kang/DelSIEVE/simulation_results/IndelSIEVE_benchmark_pipeline_sa_105_cna_2/benchmark_results/indelsieve/from_candidate/variant_calling/stage2/mt/exc_cnv/smc_mudel_sa_stage_1-smc_mudel_sa_stage_2/0009/indelsieve_median.cell_names	/raid/kang/DelSIEVE/simulation_results/IndelSIEVE_benchmark_pipeline_sa_105_cna_2/benchmark_results/simulated_data/results/data_type/exc_cnv/0009/true_evo_events_sites_names	/raid/kang/DelSIEVE/simulation_results/IndelSIEVE_benchmark_pipeline_sa_105_cna_2/benchmark_results/indelsieve/from_candidate/variant_calling/stage2/mt/exc_cnv/smc_mudel_sa_stage_1-smc_mudel_sa_stage_2/0009/indelsieve_median.loci_info	/raid/kang/DelSIEVE/simulation_results/IndelSIEVE_benchmark_pipeline_sa_105_cna_2/benchmark_results/simulated_data/results/data_type/exc_cnv/0009/true_evo_events_genotypes_numeric	/raid/kang/DelSIEVE/simulation_results/IndelSIEVE_benchmark_pipeline_sa_105_cna_2/benchmark_results/indelsieve/from_candidate/variant_calling/stage2/mt/exc_cnv/smc_mudel_sa_stage_1-smc_mudel_sa_stage_2/0009/indelsieve_median.genotypes	/raid/kang/DelSIEVE/simulation_results/IndelSIEVE_benchmark_pipeline_sa_105_cna_2/benchmark_results/simulated_data/results/data_type/exc_cnv/0009/true_evo_events_ternary_matrix	/raid/kang/DelSIEVE/simulation_results/IndelSIEVE_benchmark_pipeline_sa_105_cna_2/benchmark_results/indelsieve/from_candidate/variant_calling/stage2/mt/exc_cnv/smc_mudel_sa_stage_1-smc_mudel_sa_stage_2/0009/indelsieve_median.ternary	/raid/kang/DelSIEVE/simulation_results/IndelSIEVE_benchmark_pipeline_sa_105_cna_2/benchmark_results/indelsieve/from_candidate/variant_calling/stage2/mt/exc_cnv/smc_mudel_sa_stage_1-smc_mudel_sa_stage_2/0009/indelsieve_median.probs	2317	34	4180	309	0.8823305407463823	0.985538068906848	0.9310829817158932	0.0080683436165163	2033	31	4722	53	0.9745925215723872	0.9849806201550388	0.9797590361445784	0.0065221965074689	1826	42	4921	50	0.9733475479744136	0.9775160599571736	0.9754273504273504	0.0084626234132581	136	1	6692	10	0.9315068493150684	0.9927007299270072	0.96113074204947	0.0001494098311668	146	28	2	8	340	6	4677	17	0.9523809523809524	0.9826589595375722	0.0012812299807815	0.9672830725462304	0	0	5040	0	NA	NA	0.0	NA	59	0	4976	5	0.921875	1.0	0.0	0.959349593495935	279	8	4739	14	0.9522184300341296	0.9721254355400696	0.0016852749104697	0.9620689655172412	11	3	3	0	0	0	5040	0	NA	NA	0.0	NA
40	20	10	0.001999	0.3	8e-06	2e-06	0.0	0.0	2/3	0010	indelsieve	candidate_snvs	smc_mudel_sa_stage_1-smc_mudel_sa_stage_2	mt	exc_cnv	/raid/kang/DelSIEVE/simulation_results/IndelSIEVE_benchmark_pipeline_sa_105_cna_2/benchmark_results/simulated_data/results/cell_names_dir/cell_names.0010	/raid/kang/DelSIEVE/simulation_results/IndelSIEVE_benchmark_pipeline_sa_105_cna_2/benchmark_results/indelsieve/from_candidate/variant_calling/stage2/mt/exc_cnv/smc_mudel_sa_stage_1-smc_mudel_sa_stage_2/0010/indelsieve_median.cell_names	/raid/kang/DelSIEVE/simulation_results/IndelSIEVE_benchmark_pipeline_sa_105_cna_2/benchmark_results/simulated_data/results/data_type/exc_cnv/0010/true_evo_events_sites_names	/raid/kang/DelSIEVE/simulation_results/IndelSIEVE_benchmark_pipeline_sa_105_cna_2/benchmark_results/indelsieve/from_candidate/variant_calling/stage2/mt/exc_cnv/smc_mudel_sa_stage_1-smc_mudel_sa_stage_2/0010/indelsieve_median.loci_info	/raid/kang/DelSIEVE/simulation_results/IndelSIEVE_benchmark_pipeline_sa_105_cna_2/benchmark_results/simulated_data/results/data_type/exc_cnv/0010/true_evo_events_genotypes_numeric	/raid/kang/DelSIEVE/simulation_results/IndelSIEVE_benchmark_pipeline_sa_105_cna_2/benchmark_results/indelsieve/from_candidate/variant_calling/stage2/mt/exc_cnv/smc_mudel_sa_stage_1-smc_mudel_sa_stage_2/0010/indelsieve_median.genotypes	/raid/kang/DelSIEVE/simulation_results/IndelSIEVE_benchmark_pipeline_sa_105_cna_2/benchmark_results/simulated_data/results/data_type/exc_cnv/0010/true_evo_events_ternary_matrix	/raid/kang/DelSIEVE/simulation_results/IndelSIEVE_benchmark_pipeline_sa_105_cna_2/benchmark_results/indelsieve/from_candidate/variant_calling/stage2/mt/exc_cnv/smc_mudel_sa_stage_1-smc_mudel_sa_stage_2/0010/indelsieve_median.ternary	/raid/kang/DelSIEVE/simulation_results/IndelSIEVE_benchmark_pipeline_sa_105_cna_2/benchmark_results/indelsieve/from_candidate/variant_calling/stage2/mt/exc_cnv/smc_mudel_sa_stage_1-smc_mudel_sa_stage_2/0010/indelsieve_median.probs	1955	22	9236	627	0.7571649883810999	0.988872028325746	0.8576442202237333	0.0023763231799524	1864	23	9807	145	0.927824788451966	0.9878113407525172	0.9568788501026696	0.0023397761953204	1814	28	9853	144	0.9264555669050052	0.984799131378936	0.9547368421052632	0.0028337212832709	35	0	11801	3	0.9210526315789472	1.0	0.958904109589041	0.0	38	21	1	2	99	1	6204	16	0.8608695652173913	0.99	0.0001611603545527	0.9209302325581394	0	0	6320	0	NA	NA	0.0	NA	10	0	6307	3	0.7692307692307693	1.0	0.0	0.8695652173913044	89	1	6217	13	0.8725490196078431	0.9888888888888888	0.0001608234158893	0.9270833333333334	11	2	3	0	0	0	6320	0	NA	NA	0.0	NA
