cell_num	coverage_mean	coverage_variance	eff_seq_err_rate	ado_rate	mutation_rate	deletion_rate	insertion_rate	dataset	tool	snv_type	tool_setup	fine_tune_type	data_type	true_cell_names	cell_names	true_loci_info	loci_info	true_genotypes	genotypes	true_ternary	ternary	genotype_probs	true_positive	false_positive	true_negative	false_negative	recall	precision	f1_score	fall_out	true_positive_mu	false_positive_mu	true_negative_mu	false_negative_mu	recall_mu	precision_mu	f1_score_mu	fall_out_mu	true_positive_hetero_mu	false_positive_hetero_mu	true_negative_hetero_mu	false_negative_hetero_mu	recall_hetero_mu	precision_hetero_mu	f1_score_hetero_mu	fall_out_hetero_mu	true_positive_homo_mu	false_positive_homo_mu	true_negative_homo_mu	false_negative_homo_mu	recall_homo_mu	precision_homo_mu	f1_score_homo_mu	fall_out_homo_mu	true_homo_mu	true_homo_ref_as_hetero_mu	true_homo_mu_as_homo_ref	true_homo_mu_as_hetero_mu	true_positive_del	false_positive_del	true_negative_del	false_negative_del	recall_del	precision_del	fall_out_del	f1_score_del	true_positive_all_del	false_positive_all_del	true_negative_all_del	false_negative_all_del	recall_all_del	precision_all_del	fall_out_all_del	f1_score_all_del	true_positive_del_alt_left	false_positive_del_alt_left	true_negative_del_alt_left	false_negative_del_alt_left	recall_del_alt_left	precision_del_alt_left	fall_out_del_alt_left	f1_score_del_alt_left	true_positive_del_ref_left	false_positive_del_ref_left	true_negative_del_ref_left	false_negative_del_ref_left	recall_del_ref_left	precision_del_ref_left	fall_out_del_ref_left	f1_score_del_ref_left	true_del_ref_left_as_homo_ref	true_del_ref_left_as_hetero_mu	true_del_alt_left_as_hetero_mu	true_del_alt_left_as_homo_mu	true_positive_amp	false_positive_amp	true_negative_amp	false_negative_amp	recall_amp	precision_amp	fall_out_amp	f1_score_amp
40	20	10	0.001999	0.3	1e-06	1e-07	0.0	0001	monovar	NA	true_parameters	NA	no_cnv	/raid/kang/DelSIEVE/simulation_results/IndelSIEVE_benchmark_pipeline_sa_101/benchmark_results/simulated_data/results/cell_names	/raid/kang/DelSIEVE/simulation_results/IndelSIEVE_benchmark_pipeline_sa_101/benchmark_results/monovar/from_true_params/no_cnv/0001/post_processed/filtered.cell_names	/raid/kang/DelSIEVE/simulation_results/IndelSIEVE_benchmark_pipeline_sa_101/benchmark_results/simulated_data/results/data_type/no_cnv/0001/true_evo_events_sites_names	/raid/kang/DelSIEVE/simulation_results/IndelSIEVE_benchmark_pipeline_sa_101/benchmark_results/monovar/from_true_params/no_cnv/0001/post_processed/filtered.loci_info	/raid/kang/DelSIEVE/simulation_results/IndelSIEVE_benchmark_pipeline_sa_101/benchmark_results/simulated_data/results/data_type/no_cnv/0001/true_evo_events_genotypes_numeric	/raid/kang/DelSIEVE/simulation_results/IndelSIEVE_benchmark_pipeline_sa_101/benchmark_results/monovar/from_true_params/no_cnv/0001/post_processed/filtered.genotypes	/raid/kang/DelSIEVE/simulation_results/IndelSIEVE_benchmark_pipeline_sa_101/benchmark_results/simulated_data/results/data_type/no_cnv/0001/true_evo_events_ternary_matrix.simple	/raid/kang/DelSIEVE/simulation_results/IndelSIEVE_benchmark_pipeline_sa_101/benchmark_results/monovar/from_true_params/no_cnv/0001/post_processed/filtered.ternary	/raid/kang/DelSIEVE/simulation_results/IndelSIEVE_benchmark_pipeline_sa_101/benchmark_results/monovar/from_true_params/no_cnv/0001/post_processed/filtered.genotype_probs	7319	21	40647	3733	0.6622330799855229	0.9971389645776568	0.7958895171813831	0.0005163765122455	7297	7	41711	2705	0.7295540891821636	0.9990416210295728	0.8432913440425286	0.0001677932786806	5888	26	41744	4062	0.5917587939698492	0.9956036523503552	0.7423096318709027	0.0006224563083552	28	1362	50310	20	0.5833333333333334	0.0201438848920863	0.03894297635605	0.0263585694379934	48	7	3	17	18	18	50648	1036	0.01707779886148	0.5	0.0003552678324714	0.0330275229357798	0	36	51684	0	NA	0.0	0.0006960556844547	NA	0	0	51716	4	0.0	NA	0.0	NA	0	0	50670	1050	0.0	NA	0.0	NA	1033	0	2	1	0	0	51720	0	NA	NA	0.0	NA
40	20	10	0.001999	0.3	1e-06	1e-07	0.0	0002	monovar	NA	true_parameters	NA	no_cnv	/raid/kang/DelSIEVE/simulation_results/IndelSIEVE_benchmark_pipeline_sa_101/benchmark_results/simulated_data/results/cell_names	/raid/kang/DelSIEVE/simulation_results/IndelSIEVE_benchmark_pipeline_sa_101/benchmark_results/monovar/from_true_params/no_cnv/0002/post_processed/filtered.cell_names	/raid/kang/DelSIEVE/simulation_results/IndelSIEVE_benchmark_pipeline_sa_101/benchmark_results/simulated_data/results/data_type/no_cnv/0002/true_evo_events_sites_names	/raid/kang/DelSIEVE/simulation_results/IndelSIEVE_benchmark_pipeline_sa_101/benchmark_results/monovar/from_true_params/no_cnv/0002/post_processed/filtered.loci_info	/raid/kang/DelSIEVE/simulation_results/IndelSIEVE_benchmark_pipeline_sa_101/benchmark_results/simulated_data/results/data_type/no_cnv/0002/true_evo_events_genotypes_numeric	/raid/kang/DelSIEVE/simulation_results/IndelSIEVE_benchmark_pipeline_sa_101/benchmark_results/monovar/from_true_params/no_cnv/0002/post_processed/filtered.genotypes	/raid/kang/DelSIEVE/simulation_results/IndelSIEVE_benchmark_pipeline_sa_101/benchmark_results/simulated_data/results/data_type/no_cnv/0002/true_evo_events_ternary_matrix.simple	/raid/kang/DelSIEVE/simulation_results/IndelSIEVE_benchmark_pipeline_sa_101/benchmark_results/monovar/from_true_params/no_cnv/0002/post_processed/filtered.ternary	/raid/kang/DelSIEVE/simulation_results/IndelSIEVE_benchmark_pipeline_sa_101/benchmark_results/monovar/from_true_params/no_cnv/0002/post_processed/filtered.genotype_probs	4704	50	38193	2573	0.6464202281159819	0.98948254101809	0.7819798852963179	0.0013074288105012	4675	3	38962	1880	0.7131960335621663	0.9993587002992732	0.8323689130241254	7.699217246246632e-05	4257	25	39006	2232	0.6560332871012483	0.9941616067258292	0.790455853681181	0.0006405165125156	36	360	45109	15	0.7058823529411765	0.0909090909090909	0.1610738255033557	0.0079174822406474	51	3	2	12	12	64	44719	725	0.0162822252374491	0.1578947368421052	0.0014291137261907	0.029520295202952	0	76	45444	0	NA	0.0	0.0016695957820738	NA	0	0	45505	15	0.0	NA	0.0	NA	0	0	44798	722	0.0	NA	0.0	NA	715	0	10	0	0	0	45520	0	NA	NA	0.0	NA
40	20	10	0.001999	0.3	1e-06	1e-07	0.0	0003	monovar	NA	true_parameters	NA	no_cnv	/raid/kang/DelSIEVE/simulation_results/IndelSIEVE_benchmark_pipeline_sa_101/benchmark_results/simulated_data/results/cell_names	/raid/kang/DelSIEVE/simulation_results/IndelSIEVE_benchmark_pipeline_sa_101/benchmark_results/monovar/from_true_params/no_cnv/0003/post_processed/filtered.cell_names	/raid/kang/DelSIEVE/simulation_results/IndelSIEVE_benchmark_pipeline_sa_101/benchmark_results/simulated_data/results/data_type/no_cnv/0003/true_evo_events_sites_names	/raid/kang/DelSIEVE/simulation_results/IndelSIEVE_benchmark_pipeline_sa_101/benchmark_results/monovar/from_true_params/no_cnv/0003/post_processed/filtered.loci_info	/raid/kang/DelSIEVE/simulation_results/IndelSIEVE_benchmark_pipeline_sa_101/benchmark_results/simulated_data/results/data_type/no_cnv/0003/true_evo_events_genotypes_numeric	/raid/kang/DelSIEVE/simulation_results/IndelSIEVE_benchmark_pipeline_sa_101/benchmark_results/monovar/from_true_params/no_cnv/0003/post_processed/filtered.genotypes	/raid/kang/DelSIEVE/simulation_results/IndelSIEVE_benchmark_pipeline_sa_101/benchmark_results/simulated_data/results/data_type/no_cnv/0003/true_evo_events_ternary_matrix.simple	/raid/kang/DelSIEVE/simulation_results/IndelSIEVE_benchmark_pipeline_sa_101/benchmark_results/monovar/from_true_params/no_cnv/0003/post_processed/filtered.ternary	/raid/kang/DelSIEVE/simulation_results/IndelSIEVE_benchmark_pipeline_sa_101/benchmark_results/monovar/from_true_params/no_cnv/0003/post_processed/filtered.genotype_probs	6461	28	46989	3322	0.6604313605233568	0.9956850053937432	0.7941248770894789	0.0005955292766446	6442	5	47946	2405	0.7281564372103538	0.9992244454785172	0.8424218647835754	0.0001042731121353	5485	48	47977	3288	0.6252137239256811	0.9913247786011206	0.7668111281979589	0.0009994794377928	24	890	55853	31	0.4363636363636363	0.0262582056892779	0.0495356037151702	0.0156847540665809	55	5	0	31	14	28	55817	941	0.0146596858638743	0.3333333333333333	0.0005013877697197	0.0280842527582748	0	42	56758	0	NA	0.0	0.0007394366197183	NA	0	0	56779	21	0.0	NA	0.0	NA	0	0	55866	934	0.0	NA	0.0	NA	927	0	12	0	0	0	56800	0	NA	NA	0.0	NA
40	20	10	0.001999	0.3	1e-06	1e-07	0.0	0004	monovar	NA	true_parameters	NA	no_cnv	/raid/kang/DelSIEVE/simulation_results/IndelSIEVE_benchmark_pipeline_sa_101/benchmark_results/simulated_data/results/cell_names	/raid/kang/DelSIEVE/simulation_results/IndelSIEVE_benchmark_pipeline_sa_101/benchmark_results/monovar/from_true_params/no_cnv/0004/post_processed/filtered.cell_names	/raid/kang/DelSIEVE/simulation_results/IndelSIEVE_benchmark_pipeline_sa_101/benchmark_results/simulated_data/results/data_type/no_cnv/0004/true_evo_events_sites_names	/raid/kang/DelSIEVE/simulation_results/IndelSIEVE_benchmark_pipeline_sa_101/benchmark_results/monovar/from_true_params/no_cnv/0004/post_processed/filtered.loci_info	/raid/kang/DelSIEVE/simulation_results/IndelSIEVE_benchmark_pipeline_sa_101/benchmark_results/simulated_data/results/data_type/no_cnv/0004/true_evo_events_genotypes_numeric	/raid/kang/DelSIEVE/simulation_results/IndelSIEVE_benchmark_pipeline_sa_101/benchmark_results/monovar/from_true_params/no_cnv/0004/post_processed/filtered.genotypes	/raid/kang/DelSIEVE/simulation_results/IndelSIEVE_benchmark_pipeline_sa_101/benchmark_results/simulated_data/results/data_type/no_cnv/0004/true_evo_events_ternary_matrix.simple	/raid/kang/DelSIEVE/simulation_results/IndelSIEVE_benchmark_pipeline_sa_101/benchmark_results/monovar/from_true_params/no_cnv/0004/post_processed/filtered.ternary	/raid/kang/DelSIEVE/simulation_results/IndelSIEVE_benchmark_pipeline_sa_101/benchmark_results/monovar/from_true_params/no_cnv/0004/post_processed/filtered.genotype_probs	6961	3	29855	3381	0.6730806420421582	0.9995692130959218	0.8044608806194382	0.0001004755844329	6930	1	31019	2250	0.7549019607843137	0.9998557206752272	0.8602817950468623	3.223726627981947e-05	5750	21	31182	3247	0.6391019228631766	0.99636111592445	0.7787107258938244	0.0006730122103643	127	1033	39030	10	0.927007299270073	0.1094827586206896	0.1958365458750963	0.0257843895864014	137	1	1	9	31	2	38990	1177	0.0256622516556291	0.9393939393939394	5.129257283545343e-05	0.0499597099113618	0	33	40167	0	NA	0.0	0.000820895522388	NA	0	0	40154	46	0.0	NA	0.0	NA	0	0	39038	1162	0.0	NA	0.0	NA	1150	0	11	16	0	0	40200	0	NA	NA	0.0	NA
40	20	10	0.001999	0.3	1e-06	1e-07	0.0	0005	monovar	NA	true_parameters	NA	no_cnv	/raid/kang/DelSIEVE/simulation_results/IndelSIEVE_benchmark_pipeline_sa_101/benchmark_results/simulated_data/results/cell_names	/raid/kang/DelSIEVE/simulation_results/IndelSIEVE_benchmark_pipeline_sa_101/benchmark_results/monovar/from_true_params/no_cnv/0005/post_processed/filtered.cell_names	/raid/kang/DelSIEVE/simulation_results/IndelSIEVE_benchmark_pipeline_sa_101/benchmark_results/simulated_data/results/data_type/no_cnv/0005/true_evo_events_sites_names	/raid/kang/DelSIEVE/simulation_results/IndelSIEVE_benchmark_pipeline_sa_101/benchmark_results/monovar/from_true_params/no_cnv/0005/post_processed/filtered.loci_info	/raid/kang/DelSIEVE/simulation_results/IndelSIEVE_benchmark_pipeline_sa_101/benchmark_results/simulated_data/results/data_type/no_cnv/0005/true_evo_events_genotypes_numeric	/raid/kang/DelSIEVE/simulation_results/IndelSIEVE_benchmark_pipeline_sa_101/benchmark_results/monovar/from_true_params/no_cnv/0005/post_processed/filtered.genotypes	/raid/kang/DelSIEVE/simulation_results/IndelSIEVE_benchmark_pipeline_sa_101/benchmark_results/simulated_data/results/data_type/no_cnv/0005/true_evo_events_ternary_matrix.simple	/raid/kang/DelSIEVE/simulation_results/IndelSIEVE_benchmark_pipeline_sa_101/benchmark_results/monovar/from_true_params/no_cnv/0005/post_processed/filtered.ternary	/raid/kang/DelSIEVE/simulation_results/IndelSIEVE_benchmark_pipeline_sa_101/benchmark_results/monovar/from_true_params/no_cnv/0005/post_processed/filtered.genotype_probs	6869	12	34591	3528	0.6606713475040877	0.9982560674320592	0.7951151753675194	0.0003467907406872	6827	2	35626	2541	0.7287574722459437	0.9997071313515888	0.8429956164721861	5.613562366677894e-05	5460	30	35699	3807	0.5891874393007446	0.994535519125683	0.7399878023988615	0.0008396540625262	47	1292	43646	11	0.8103448275862069	0.0351008215085885	0.0672870436649964	0.0287507232186568	58	2	3	8	35	17	43911	1037	0.0326492537313432	0.6730769230769231	0.0003869969040247	0.0622775800711743	0	52	44948	0	NA	0.0	0.0011555555555555	NA	0	0	44953	47	0.0	NA	0.0	NA	0	0	43975	1025	0.0	NA	0.0	NA	1007	0	20	6	0	0	45000	0	NA	NA	0.0	NA
40	20	10	0.001999	0.3	1e-06	1e-07	0.0	0006	monovar	NA	true_parameters	NA	no_cnv	/raid/kang/DelSIEVE/simulation_results/IndelSIEVE_benchmark_pipeline_sa_101/benchmark_results/simulated_data/results/cell_names	/raid/kang/DelSIEVE/simulation_results/IndelSIEVE_benchmark_pipeline_sa_101/benchmark_results/monovar/from_true_params/no_cnv/0006/post_processed/filtered.cell_names	/raid/kang/DelSIEVE/simulation_results/IndelSIEVE_benchmark_pipeline_sa_101/benchmark_results/simulated_data/results/data_type/no_cnv/0006/true_evo_events_sites_names	/raid/kang/DelSIEVE/simulation_results/IndelSIEVE_benchmark_pipeline_sa_101/benchmark_results/monovar/from_true_params/no_cnv/0006/post_processed/filtered.loci_info	/raid/kang/DelSIEVE/simulation_results/IndelSIEVE_benchmark_pipeline_sa_101/benchmark_results/simulated_data/results/data_type/no_cnv/0006/true_evo_events_genotypes_numeric	/raid/kang/DelSIEVE/simulation_results/IndelSIEVE_benchmark_pipeline_sa_101/benchmark_results/monovar/from_true_params/no_cnv/0006/post_processed/filtered.genotypes	/raid/kang/DelSIEVE/simulation_results/IndelSIEVE_benchmark_pipeline_sa_101/benchmark_results/simulated_data/results/data_type/no_cnv/0006/true_evo_events_ternary_matrix.simple	/raid/kang/DelSIEVE/simulation_results/IndelSIEVE_benchmark_pipeline_sa_101/benchmark_results/monovar/from_true_params/no_cnv/0006/post_processed/filtered.ternary	/raid/kang/DelSIEVE/simulation_results/IndelSIEVE_benchmark_pipeline_sa_101/benchmark_results/monovar/from_true_params/no_cnv/0006/post_processed/filtered.genotype_probs	3136	5	20779	1600	0.6621621621621622	0.9984081502706144	0.7962422241970294	0.0002405696689761	3135	1	21239	1145	0.7324766355140186	0.9996811224489796	0.8454692556634305	4.708097928436912e-05	2640	2	21239	1639	0.6169665809768637	0.9992429977289932	0.7628955353272647	9.41575255402288e-05	0	494	25025	1	0.0	0.0	NA	0.0193581253183902	1	1	0	1	0	5	25059	456	0.0	0.0	0.0001994893073731	NA	0	5	25515	0	NA	0.0	0.0001959247648902	NA	0	0	25520	0	NA	NA	0.0	NA	0	0	25064	456	0.0	NA	0.0	NA	456	0	0	0	0	0	25520	0	NA	NA	0.0	NA
40	20	10	0.001999	0.3	1e-06	1e-07	0.0	0007	monovar	NA	true_parameters	NA	no_cnv	/raid/kang/DelSIEVE/simulation_results/IndelSIEVE_benchmark_pipeline_sa_101/benchmark_results/simulated_data/results/cell_names	/raid/kang/DelSIEVE/simulation_results/IndelSIEVE_benchmark_pipeline_sa_101/benchmark_results/monovar/from_true_params/no_cnv/0007/post_processed/filtered.cell_names	/raid/kang/DelSIEVE/simulation_results/IndelSIEVE_benchmark_pipeline_sa_101/benchmark_results/simulated_data/results/data_type/no_cnv/0007/true_evo_events_sites_names	/raid/kang/DelSIEVE/simulation_results/IndelSIEVE_benchmark_pipeline_sa_101/benchmark_results/monovar/from_true_params/no_cnv/0007/post_processed/filtered.loci_info	/raid/kang/DelSIEVE/simulation_results/IndelSIEVE_benchmark_pipeline_sa_101/benchmark_results/simulated_data/results/data_type/no_cnv/0007/true_evo_events_genotypes_numeric	/raid/kang/DelSIEVE/simulation_results/IndelSIEVE_benchmark_pipeline_sa_101/benchmark_results/monovar/from_true_params/no_cnv/0007/post_processed/filtered.genotypes	/raid/kang/DelSIEVE/simulation_results/IndelSIEVE_benchmark_pipeline_sa_101/benchmark_results/simulated_data/results/data_type/no_cnv/0007/true_evo_events_ternary_matrix.simple	/raid/kang/DelSIEVE/simulation_results/IndelSIEVE_benchmark_pipeline_sa_101/benchmark_results/monovar/from_true_params/no_cnv/0007/post_processed/filtered.ternary	/raid/kang/DelSIEVE/simulation_results/IndelSIEVE_benchmark_pipeline_sa_101/benchmark_results/monovar/from_true_params/no_cnv/0007/post_processed/filtered.genotype_probs	5632	22	38545	2961	0.6554172000465495	0.9961089494163424	0.7906225872113427	0.0005704358648585	5620	6	39354	2179	0.7206052057956148	0.998933522929257	0.8372439478584729	0.0001524390243902	4752	14	39365	3028	0.6107969151670951	0.9970625262274444	0.7575322812051649	0.000355519439295	8	852	46288	11	0.4210526315789473	0.0093023255813953	0.018202502844141	0.0180738226559185	19	6	3	8	4	24	46342	790	0.0050377833753148	0.1428571428571428	0.0005176206703187	0.0097323600973236	0	28	47132	0	NA	0.0	0.0005937234944868	NA	0	0	47159	1	0.0	NA	0.0	NA	0	0	46367	793	0.0	NA	0.0	NA	789	0	0	0	0	0	47160	0	NA	NA	0.0	NA
40	20	10	0.001999	0.3	1e-06	1e-07	0.0	0008	monovar	NA	true_parameters	NA	no_cnv	/raid/kang/DelSIEVE/simulation_results/IndelSIEVE_benchmark_pipeline_sa_101/benchmark_results/simulated_data/results/cell_names	/raid/kang/DelSIEVE/simulation_results/IndelSIEVE_benchmark_pipeline_sa_101/benchmark_results/monovar/from_true_params/no_cnv/0008/post_processed/filtered.cell_names	/raid/kang/DelSIEVE/simulation_results/IndelSIEVE_benchmark_pipeline_sa_101/benchmark_results/simulated_data/results/data_type/no_cnv/0008/true_evo_events_sites_names	/raid/kang/DelSIEVE/simulation_results/IndelSIEVE_benchmark_pipeline_sa_101/benchmark_results/monovar/from_true_params/no_cnv/0008/post_processed/filtered.loci_info	/raid/kang/DelSIEVE/simulation_results/IndelSIEVE_benchmark_pipeline_sa_101/benchmark_results/simulated_data/results/data_type/no_cnv/0008/true_evo_events_genotypes_numeric	/raid/kang/DelSIEVE/simulation_results/IndelSIEVE_benchmark_pipeline_sa_101/benchmark_results/monovar/from_true_params/no_cnv/0008/post_processed/filtered.genotypes	/raid/kang/DelSIEVE/simulation_results/IndelSIEVE_benchmark_pipeline_sa_101/benchmark_results/simulated_data/results/data_type/no_cnv/0008/true_evo_events_ternary_matrix.simple	/raid/kang/DelSIEVE/simulation_results/IndelSIEVE_benchmark_pipeline_sa_101/benchmark_results/monovar/from_true_params/no_cnv/0008/post_processed/filtered.ternary	/raid/kang/DelSIEVE/simulation_results/IndelSIEVE_benchmark_pipeline_sa_101/benchmark_results/monovar/from_true_params/no_cnv/0008/post_processed/filtered.genotype_probs	2494	29	24405	1432	0.6352521650534896	0.9885057471264368	0.7734532485656691	0.0011868707538675	2486	2	24903	968	0.7197452229299363	0.9991961414790996	0.8367553012453719	8.030515960650471e-05	2137	8	24903	1311	0.6197795823665894	0.9962703962703964	0.7641694975862686	0.0003211432700413	0	343	28010	6	0.0	0.0	NA	0.0120974852749268	6	2	0	6	2	33	27855	470	0.0042372881355932	0.0571428571428571	0.00118330464716	0.0078895463510848	0	35	28325	0	NA	0.0	0.0012341325811001	NA	0	0	28359	1	0.0	NA	0.0	NA	0	0	27889	471	0.0	NA	0.0	NA	469	0	0	0	0	0	28360	0	NA	NA	0.0	NA
40	20	10	0.001999	0.3	1e-06	1e-07	0.0	0009	monovar	NA	true_parameters	NA	no_cnv	/raid/kang/DelSIEVE/simulation_results/IndelSIEVE_benchmark_pipeline_sa_101/benchmark_results/simulated_data/results/cell_names	/raid/kang/DelSIEVE/simulation_results/IndelSIEVE_benchmark_pipeline_sa_101/benchmark_results/monovar/from_true_params/no_cnv/0009/post_processed/filtered.cell_names	/raid/kang/DelSIEVE/simulation_results/IndelSIEVE_benchmark_pipeline_sa_101/benchmark_results/simulated_data/results/data_type/no_cnv/0009/true_evo_events_sites_names	/raid/kang/DelSIEVE/simulation_results/IndelSIEVE_benchmark_pipeline_sa_101/benchmark_results/monovar/from_true_params/no_cnv/0009/post_processed/filtered.loci_info	/raid/kang/DelSIEVE/simulation_results/IndelSIEVE_benchmark_pipeline_sa_101/benchmark_results/simulated_data/results/data_type/no_cnv/0009/true_evo_events_genotypes_numeric	/raid/kang/DelSIEVE/simulation_results/IndelSIEVE_benchmark_pipeline_sa_101/benchmark_results/monovar/from_true_params/no_cnv/0009/post_processed/filtered.genotypes	/raid/kang/DelSIEVE/simulation_results/IndelSIEVE_benchmark_pipeline_sa_101/benchmark_results/simulated_data/results/data_type/no_cnv/0009/true_evo_events_ternary_matrix.simple	/raid/kang/DelSIEVE/simulation_results/IndelSIEVE_benchmark_pipeline_sa_101/benchmark_results/monovar/from_true_params/no_cnv/0009/post_processed/filtered.ternary	/raid/kang/DelSIEVE/simulation_results/IndelSIEVE_benchmark_pipeline_sa_101/benchmark_results/monovar/from_true_params/no_cnv/0009/post_processed/filtered.genotype_probs	6173	4	42101	3122	0.6641204948897257	0.9993524364578276	0.7979576008273009	9.500059375371096e-05	6138	1	42848	2411	0.7179787109603463	0.9998371070206874	0.8357843137254902	2.3337767509160075e-05	5253	28	42910	3207	0.6209219858156029	0.9946979738685856	0.7645731751692018	0.0006521030322791	37	821	50516	24	0.6065573770491803	0.0431235431235431	0.0805223068552774	0.0159923641817792	61	1	3	21	34	4	50622	740	0.0439276485788113	0.8947368421052632	7.90107849721487e-05	0.083743842364532	0	38	51362	0	NA	0.0	0.0007392996108949	NA	0	0	51370	30	0.0	NA	0.0	NA	0	0	50656	744	0.0	NA	0.0	NA	717	0	6	15	0	0	51400	0	NA	NA	0.0	NA
40	20	10	0.001999	0.3	1e-06	1e-07	0.0	0010	monovar	NA	true_parameters	NA	no_cnv	/raid/kang/DelSIEVE/simulation_results/IndelSIEVE_benchmark_pipeline_sa_101/benchmark_results/simulated_data/results/cell_names	/raid/kang/DelSIEVE/simulation_results/IndelSIEVE_benchmark_pipeline_sa_101/benchmark_results/monovar/from_true_params/no_cnv/0010/post_processed/filtered.cell_names	/raid/kang/DelSIEVE/simulation_results/IndelSIEVE_benchmark_pipeline_sa_101/benchmark_results/simulated_data/results/data_type/no_cnv/0010/true_evo_events_sites_names	/raid/kang/DelSIEVE/simulation_results/IndelSIEVE_benchmark_pipeline_sa_101/benchmark_results/monovar/from_true_params/no_cnv/0010/post_processed/filtered.loci_info	/raid/kang/DelSIEVE/simulation_results/IndelSIEVE_benchmark_pipeline_sa_101/benchmark_results/simulated_data/results/data_type/no_cnv/0010/true_evo_events_genotypes_numeric	/raid/kang/DelSIEVE/simulation_results/IndelSIEVE_benchmark_pipeline_sa_101/benchmark_results/monovar/from_true_params/no_cnv/0010/post_processed/filtered.genotypes	/raid/kang/DelSIEVE/simulation_results/IndelSIEVE_benchmark_pipeline_sa_101/benchmark_results/simulated_data/results/data_type/no_cnv/0010/true_evo_events_ternary_matrix.simple	/raid/kang/DelSIEVE/simulation_results/IndelSIEVE_benchmark_pipeline_sa_101/benchmark_results/monovar/from_true_params/no_cnv/0010/post_processed/filtered.ternary	/raid/kang/DelSIEVE/simulation_results/IndelSIEVE_benchmark_pipeline_sa_101/benchmark_results/monovar/from_true_params/no_cnv/0010/post_processed/filtered.genotype_probs	5625	1	36325	2929	0.6575870937573065	0.9998222538215428	0.7933709449929478	2.752849198920883e-05	5616	1	37202	2061	0.731535756154748	0.99982196902261	0.8448924326763954	2.6879552724242668e-05	4769	6	37233	2872	0.6241329668891507	0.9987434554973822	0.7682023195876289	0.0001611214049786	30	812	44032	6	0.8333333333333334	0.0356294536817102	0.0683371298405467	0.0181072161270181	36	1	1	5	9	0	44003	868	0.0102622576966932	1.0	0.0	0.0203160270880361	0	9	44871	0	NA	0.0	0.0002005347593582	NA	0	0	44880	0	NA	NA	0.0	NA	0	0	44003	877	0.0	NA	0.0	NA	868	0	0	0	0	0	44880	0	NA	NA	0.0	NA
40	20	10	0.001999	0.3	1e-06	1e-07	0.0	0001	sciphi	candidate_snvs	NA	NA	no_cnv	/raid/kang/DelSIEVE/simulation_results/IndelSIEVE_benchmark_pipeline_sa_101/benchmark_results/simulated_data/results/cell_names	/raid/kang/DelSIEVE/simulation_results/IndelSIEVE_benchmark_pipeline_sa_101/benchmark_results/sciphi/no_cnv/0001/post_processed/sciphi.cell_names	/raid/kang/DelSIEVE/simulation_results/IndelSIEVE_benchmark_pipeline_sa_101/benchmark_results/simulated_data/results/data_type/no_cnv/0001/true_evo_events_sites_names	/raid/kang/DelSIEVE/simulation_results/IndelSIEVE_benchmark_pipeline_sa_101/benchmark_results/sciphi/no_cnv/0001/post_processed/sciphi.loci_info	/raid/kang/DelSIEVE/simulation_results/IndelSIEVE_benchmark_pipeline_sa_101/benchmark_results/simulated_data/results/data_type/no_cnv/0001/true_evo_events_genotypes_numeric	/raid/kang/DelSIEVE/simulation_results/IndelSIEVE_benchmark_pipeline_sa_101/benchmark_results/sciphi/no_cnv/0001/post_processed/sciphi.genotypes	/raid/kang/DelSIEVE/simulation_results/IndelSIEVE_benchmark_pipeline_sa_101/benchmark_results/simulated_data/results/data_type/no_cnv/0001/true_evo_events_ternary_matrix.simple	/raid/kang/DelSIEVE/simulation_results/IndelSIEVE_benchmark_pipeline_sa_101/benchmark_results/sciphi/no_cnv/0001/post_processed/sciphi.ternary	/raid/kang/DelSIEVE/simulation_results/IndelSIEVE_benchmark_pipeline_sa_101/benchmark_results/sciphi/no_cnv/0001/post_processed/sciphi.genotype_probs	9267	22	40646	1785	0.8384907709011944	0.997631607277425	0.9111646428395852	0.0005409658699714	9267	22	41696	735	0.926514697060588	0.997631607277425	0.9607589031154424	0.0005273503044249	9216	73	41697	734	0.9262311557788944	0.9921412423296372	0.9580539529081552	0.0017476657888436	0	0	51672	48	0.0	NA	NA	0.0	48	22	0	48	0	0	28152	48	0.0	NA	0.0	NA	0	0	28200	0	NA	NA	0.0	NA	0	0	28196	4	0.0	NA	0.0	NA	0	0	28156	44	0.0	NA	0.0	NA	44	0	3	0	0	0	28200	0	NA	NA	0.0	NA
40	20	10	0.001999	0.3	1e-06	1e-07	0.0	0002	sciphi	candidate_snvs	NA	NA	no_cnv	/raid/kang/DelSIEVE/simulation_results/IndelSIEVE_benchmark_pipeline_sa_101/benchmark_results/simulated_data/results/cell_names	/raid/kang/DelSIEVE/simulation_results/IndelSIEVE_benchmark_pipeline_sa_101/benchmark_results/sciphi/no_cnv/0002/post_processed/sciphi.cell_names	/raid/kang/DelSIEVE/simulation_results/IndelSIEVE_benchmark_pipeline_sa_101/benchmark_results/simulated_data/results/data_type/no_cnv/0002/true_evo_events_sites_names	/raid/kang/DelSIEVE/simulation_results/IndelSIEVE_benchmark_pipeline_sa_101/benchmark_results/sciphi/no_cnv/0002/post_processed/sciphi.loci_info	/raid/kang/DelSIEVE/simulation_results/IndelSIEVE_benchmark_pipeline_sa_101/benchmark_results/simulated_data/results/data_type/no_cnv/0002/true_evo_events_genotypes_numeric	/raid/kang/DelSIEVE/simulation_results/IndelSIEVE_benchmark_pipeline_sa_101/benchmark_results/sciphi/no_cnv/0002/post_processed/sciphi.genotypes	/raid/kang/DelSIEVE/simulation_results/IndelSIEVE_benchmark_pipeline_sa_101/benchmark_results/simulated_data/results/data_type/no_cnv/0002/true_evo_events_ternary_matrix.simple	/raid/kang/DelSIEVE/simulation_results/IndelSIEVE_benchmark_pipeline_sa_101/benchmark_results/sciphi/no_cnv/0002/post_processed/sciphi.ternary	/raid/kang/DelSIEVE/simulation_results/IndelSIEVE_benchmark_pipeline_sa_101/benchmark_results/sciphi/no_cnv/0002/post_processed/sciphi.genotype_probs	5894	38	38205	1383	0.809949154871513	0.9935940660822656	0.8924218335983041	0.0009936458959809	5893	39	38926	662	0.8990083905415713	0.9934254888739042	0.943861616080724	0.001000898242012	5828	104	38927	661	0.8981353059022962	0.9824679703304112	0.9384107559777796	0.0026645486920652	0	0	45469	51	0.0	NA	NA	0.0	51	38	0	51	0	0	25595	45	0.0	NA	0.0	NA	0	0	25640	0	NA	NA	0.0	NA	0	0	25625	15	0.0	NA	0.0	NA	0	0	25610	30	0.0	NA	0.0	NA	29	1	14	0	0	0	25640	0	NA	NA	0.0	NA
40	20	10	0.001999	0.3	1e-06	1e-07	0.0	0003	sciphi	candidate_snvs	NA	NA	no_cnv	/raid/kang/DelSIEVE/simulation_results/IndelSIEVE_benchmark_pipeline_sa_101/benchmark_results/simulated_data/results/cell_names	/raid/kang/DelSIEVE/simulation_results/IndelSIEVE_benchmark_pipeline_sa_101/benchmark_results/sciphi/no_cnv/0003/post_processed/sciphi.cell_names	/raid/kang/DelSIEVE/simulation_results/IndelSIEVE_benchmark_pipeline_sa_101/benchmark_results/simulated_data/results/data_type/no_cnv/0003/true_evo_events_sites_names	/raid/kang/DelSIEVE/simulation_results/IndelSIEVE_benchmark_pipeline_sa_101/benchmark_results/sciphi/no_cnv/0003/post_processed/sciphi.loci_info	/raid/kang/DelSIEVE/simulation_results/IndelSIEVE_benchmark_pipeline_sa_101/benchmark_results/simulated_data/results/data_type/no_cnv/0003/true_evo_events_genotypes_numeric	/raid/kang/DelSIEVE/simulation_results/IndelSIEVE_benchmark_pipeline_sa_101/benchmark_results/sciphi/no_cnv/0003/post_processed/sciphi.genotypes	/raid/kang/DelSIEVE/simulation_results/IndelSIEVE_benchmark_pipeline_sa_101/benchmark_results/simulated_data/results/data_type/no_cnv/0003/true_evo_events_ternary_matrix.simple	/raid/kang/DelSIEVE/simulation_results/IndelSIEVE_benchmark_pipeline_sa_101/benchmark_results/sciphi/no_cnv/0003/post_processed/sciphi.ternary	/raid/kang/DelSIEVE/simulation_results/IndelSIEVE_benchmark_pipeline_sa_101/benchmark_results/sciphi/no_cnv/0003/post_processed/sciphi.genotype_probs	8021	61	46956	1762	0.8198916487784933	0.9924523632764168	0.8979568989644556	0.0012974030669757	8021	61	47890	824	0.906840022611645	0.9924523632764168	0.9477166656820464	0.0012721319680507	7949	133	47890	824	0.9060754587940272	0.9835436773075972	0.9432215959655889	0.0027695062782416	0	0	56741	55	0.0	NA	NA	0.0	55	61	0	55	0	0	30039	41	0.0	NA	0.0	NA	0	0	30080	0	NA	NA	0.0	NA	0	0	30063	17	0.0	NA	0.0	NA	0	0	30056	24	0.0	NA	0.0	NA	24	0	17	0	0	0	30080	0	NA	NA	0.0	NA
40	20	10	0.001999	0.3	1e-06	1e-07	0.0	0004	sciphi	candidate_snvs	NA	NA	no_cnv	/raid/kang/DelSIEVE/simulation_results/IndelSIEVE_benchmark_pipeline_sa_101/benchmark_results/simulated_data/results/cell_names	/raid/kang/DelSIEVE/simulation_results/IndelSIEVE_benchmark_pipeline_sa_101/benchmark_results/sciphi/no_cnv/0004/post_processed/sciphi.cell_names	/raid/kang/DelSIEVE/simulation_results/IndelSIEVE_benchmark_pipeline_sa_101/benchmark_results/simulated_data/results/data_type/no_cnv/0004/true_evo_events_sites_names	/raid/kang/DelSIEVE/simulation_results/IndelSIEVE_benchmark_pipeline_sa_101/benchmark_results/sciphi/no_cnv/0004/post_processed/sciphi.loci_info	/raid/kang/DelSIEVE/simulation_results/IndelSIEVE_benchmark_pipeline_sa_101/benchmark_results/simulated_data/results/data_type/no_cnv/0004/true_evo_events_genotypes_numeric	/raid/kang/DelSIEVE/simulation_results/IndelSIEVE_benchmark_pipeline_sa_101/benchmark_results/sciphi/no_cnv/0004/post_processed/sciphi.genotypes	/raid/kang/DelSIEVE/simulation_results/IndelSIEVE_benchmark_pipeline_sa_101/benchmark_results/simulated_data/results/data_type/no_cnv/0004/true_evo_events_ternary_matrix.simple	/raid/kang/DelSIEVE/simulation_results/IndelSIEVE_benchmark_pipeline_sa_101/benchmark_results/sciphi/no_cnv/0004/post_processed/sciphi.ternary	/raid/kang/DelSIEVE/simulation_results/IndelSIEVE_benchmark_pipeline_sa_101/benchmark_results/sciphi/no_cnv/0004/post_processed/sciphi.genotype_probs	8779	22	29836	1563	0.8488686907754787	0.9975002840586296	0.9172021104320116	0.0007368209525085	8779	22	30998	401	0.956318082788671	0.9975002840586296	0.9764751682331352	0.000709219858156	8596	205	30998	401	0.9554295876403246	0.976707192364504	0.9659512304753344	0.0065698811011761	0	0	40063	137	0.0	NA	NA	0.0	137	22	0	137	0	0	26473	87	0.0	NA	0.0	NA	0	0	26560	0	NA	NA	0.0	NA	0	0	26514	46	0.0	NA	0.0	NA	0	0	26519	41	0.0	NA	0.0	NA	41	0	46	0	0	0	26560	0	NA	NA	0.0	NA
40	20	10	0.001999	0.3	1e-06	1e-07	0.0	0005	sciphi	candidate_snvs	NA	NA	no_cnv	/raid/kang/DelSIEVE/simulation_results/IndelSIEVE_benchmark_pipeline_sa_101/benchmark_results/simulated_data/results/cell_names	/raid/kang/DelSIEVE/simulation_results/IndelSIEVE_benchmark_pipeline_sa_101/benchmark_results/sciphi/no_cnv/0005/post_processed/sciphi.cell_names	/raid/kang/DelSIEVE/simulation_results/IndelSIEVE_benchmark_pipeline_sa_101/benchmark_results/simulated_data/results/data_type/no_cnv/0005/true_evo_events_sites_names	/raid/kang/DelSIEVE/simulation_results/IndelSIEVE_benchmark_pipeline_sa_101/benchmark_results/sciphi/no_cnv/0005/post_processed/sciphi.loci_info	/raid/kang/DelSIEVE/simulation_results/IndelSIEVE_benchmark_pipeline_sa_101/benchmark_results/simulated_data/results/data_type/no_cnv/0005/true_evo_events_genotypes_numeric	/raid/kang/DelSIEVE/simulation_results/IndelSIEVE_benchmark_pipeline_sa_101/benchmark_results/sciphi/no_cnv/0005/post_processed/sciphi.genotypes	/raid/kang/DelSIEVE/simulation_results/IndelSIEVE_benchmark_pipeline_sa_101/benchmark_results/simulated_data/results/data_type/no_cnv/0005/true_evo_events_ternary_matrix.simple	/raid/kang/DelSIEVE/simulation_results/IndelSIEVE_benchmark_pipeline_sa_101/benchmark_results/sciphi/no_cnv/0005/post_processed/sciphi.ternary	/raid/kang/DelSIEVE/simulation_results/IndelSIEVE_benchmark_pipeline_sa_101/benchmark_results/sciphi/no_cnv/0005/post_processed/sciphi.genotype_probs	8644	5	34598	1753	0.8313936712513225	0.999421898485374	0.907697154258112	0.000144496141953	8643	6	35622	725	0.922608881298036	0.9993062781824488	0.9594272076372315	0.0001684068710003	8547	102	35627	720	0.9223049530592424	0.9882067291016302	0.9541192230408572	0.0028548238125892	0	0	44938	58	0.0	NA	NA	0.0	58	5	2	56	0	0	19005	115	0.0	NA	0.0	NA	0	0	19120	0	NA	NA	0.0	NA	0	0	19077	43	0.0	NA	0.0	NA	0	0	19048	72	0.0	NA	0.0	NA	71	1	40	0	0	0	19120	0	NA	NA	0.0	NA
40	20	10	0.001999	0.3	1e-06	1e-07	0.0	0006	sciphi	candidate_snvs	NA	NA	no_cnv	/raid/kang/DelSIEVE/simulation_results/IndelSIEVE_benchmark_pipeline_sa_101/benchmark_results/simulated_data/results/cell_names	/raid/kang/DelSIEVE/simulation_results/IndelSIEVE_benchmark_pipeline_sa_101/benchmark_results/sciphi/no_cnv/0006/post_processed/sciphi.cell_names	/raid/kang/DelSIEVE/simulation_results/IndelSIEVE_benchmark_pipeline_sa_101/benchmark_results/simulated_data/results/data_type/no_cnv/0006/true_evo_events_sites_names	/raid/kang/DelSIEVE/simulation_results/IndelSIEVE_benchmark_pipeline_sa_101/benchmark_results/sciphi/no_cnv/0006/post_processed/sciphi.loci_info	/raid/kang/DelSIEVE/simulation_results/IndelSIEVE_benchmark_pipeline_sa_101/benchmark_results/simulated_data/results/data_type/no_cnv/0006/true_evo_events_genotypes_numeric	/raid/kang/DelSIEVE/simulation_results/IndelSIEVE_benchmark_pipeline_sa_101/benchmark_results/sciphi/no_cnv/0006/post_processed/sciphi.genotypes	/raid/kang/DelSIEVE/simulation_results/IndelSIEVE_benchmark_pipeline_sa_101/benchmark_results/simulated_data/results/data_type/no_cnv/0006/true_evo_events_ternary_matrix.simple	/raid/kang/DelSIEVE/simulation_results/IndelSIEVE_benchmark_pipeline_sa_101/benchmark_results/sciphi/no_cnv/0006/post_processed/sciphi.ternary	/raid/kang/DelSIEVE/simulation_results/IndelSIEVE_benchmark_pipeline_sa_101/benchmark_results/sciphi/no_cnv/0006/post_processed/sciphi.genotype_probs	3893	1	20783	843	0.8220016891891891	0.9997431946584489	0.9022016222479722	4.8113933795227095e-05	3893	1	21239	387	0.9095794392523364	0.9997431946584489	0.9525324198678738	4.708097928436912e-05	3892	2	21239	387	0.9095583080158915	0.9994863893168978	0.9524042579224274	9.41575255402288e-05	0	0	25519	1	0.0	NA	NA	0.0	1	1	0	1	0	0	13000	0	NA	NA	0.0	NA	0	0	13000	0	NA	NA	0.0	NA	0	0	13000	0	NA	NA	0.0	NA	0	0	13000	0	NA	NA	0.0	NA	0	0	0	0	0	0	13000	0	NA	NA	0.0	NA
40	20	10	0.001999	0.3	1e-06	1e-07	0.0	0007	sciphi	candidate_snvs	NA	NA	no_cnv	/raid/kang/DelSIEVE/simulation_results/IndelSIEVE_benchmark_pipeline_sa_101/benchmark_results/simulated_data/results/cell_names	/raid/kang/DelSIEVE/simulation_results/IndelSIEVE_benchmark_pipeline_sa_101/benchmark_results/sciphi/no_cnv/0007/post_processed/sciphi.cell_names	/raid/kang/DelSIEVE/simulation_results/IndelSIEVE_benchmark_pipeline_sa_101/benchmark_results/simulated_data/results/data_type/no_cnv/0007/true_evo_events_sites_names	/raid/kang/DelSIEVE/simulation_results/IndelSIEVE_benchmark_pipeline_sa_101/benchmark_results/sciphi/no_cnv/0007/post_processed/sciphi.loci_info	/raid/kang/DelSIEVE/simulation_results/IndelSIEVE_benchmark_pipeline_sa_101/benchmark_results/simulated_data/results/data_type/no_cnv/0007/true_evo_events_genotypes_numeric	/raid/kang/DelSIEVE/simulation_results/IndelSIEVE_benchmark_pipeline_sa_101/benchmark_results/sciphi/no_cnv/0007/post_processed/sciphi.genotypes	/raid/kang/DelSIEVE/simulation_results/IndelSIEVE_benchmark_pipeline_sa_101/benchmark_results/simulated_data/results/data_type/no_cnv/0007/true_evo_events_ternary_matrix.simple	/raid/kang/DelSIEVE/simulation_results/IndelSIEVE_benchmark_pipeline_sa_101/benchmark_results/sciphi/no_cnv/0007/post_processed/sciphi.ternary	/raid/kang/DelSIEVE/simulation_results/IndelSIEVE_benchmark_pipeline_sa_101/benchmark_results/sciphi/no_cnv/0007/post_processed/sciphi.genotype_probs	7151	81	38486	1442	0.832188991039218	0.988799778761062	0.9037598736176936	0.0021002411387974	7150	82	39278	649	0.916784203102962	0.9886615044247788	0.9513671745060208	0.0020833333333333	7132	100	39279	648	0.9167095115681234	0.9861725663716814	0.9501731947775114	0.0025394245663932	0	0	47140	19	0.0	NA	NA	0.0	19	81	1	18	0	0	24660	20	0.0	NA	0.0	NA	0	0	24680	0	NA	NA	0.0	NA	0	0	24680	0	NA	NA	0.0	NA	0	0	24660	20	0.0	NA	0.0	NA	19	1	0	0	0	0	24680	0	NA	NA	0.0	NA
40	20	10	0.001999	0.3	1e-06	1e-07	0.0	0008	sciphi	candidate_snvs	NA	NA	no_cnv	/raid/kang/DelSIEVE/simulation_results/IndelSIEVE_benchmark_pipeline_sa_101/benchmark_results/simulated_data/results/cell_names	/raid/kang/DelSIEVE/simulation_results/IndelSIEVE_benchmark_pipeline_sa_101/benchmark_results/sciphi/no_cnv/0008/post_processed/sciphi.cell_names	/raid/kang/DelSIEVE/simulation_results/IndelSIEVE_benchmark_pipeline_sa_101/benchmark_results/simulated_data/results/data_type/no_cnv/0008/true_evo_events_sites_names	/raid/kang/DelSIEVE/simulation_results/IndelSIEVE_benchmark_pipeline_sa_101/benchmark_results/sciphi/no_cnv/0008/post_processed/sciphi.loci_info	/raid/kang/DelSIEVE/simulation_results/IndelSIEVE_benchmark_pipeline_sa_101/benchmark_results/simulated_data/results/data_type/no_cnv/0008/true_evo_events_genotypes_numeric	/raid/kang/DelSIEVE/simulation_results/IndelSIEVE_benchmark_pipeline_sa_101/benchmark_results/sciphi/no_cnv/0008/post_processed/sciphi.genotypes	/raid/kang/DelSIEVE/simulation_results/IndelSIEVE_benchmark_pipeline_sa_101/benchmark_results/simulated_data/results/data_type/no_cnv/0008/true_evo_events_ternary_matrix.simple	/raid/kang/DelSIEVE/simulation_results/IndelSIEVE_benchmark_pipeline_sa_101/benchmark_results/sciphi/no_cnv/0008/post_processed/sciphi.ternary	/raid/kang/DelSIEVE/simulation_results/IndelSIEVE_benchmark_pipeline_sa_101/benchmark_results/sciphi/no_cnv/0008/post_processed/sciphi.genotype_probs	3074	7	24427	852	0.782985226693836	0.9977280103862384	0.8774083059797345	0.0002864860440369	3074	7	24898	380	0.889982628836132	0.9977280103862384	0.940780413159908	0.0002810680586227	3068	13	24898	380	0.8897911832946636	0.9957805907172996	0.9398070148567929	0.0005218578138171	0	0	28353	6	0.0	NA	NA	0.0	6	7	0	6	0	0	16311	9	0.0	NA	0.0	NA	0	0	16320	0	NA	NA	0.0	NA	0	0	16320	0	NA	NA	0.0	NA	0	0	16311	9	0.0	NA	0.0	NA	9	0	0	0	0	0	16320	0	NA	NA	0.0	NA
40	20	10	0.001999	0.3	1e-06	1e-07	0.0	0009	sciphi	candidate_snvs	NA	NA	no_cnv	/raid/kang/DelSIEVE/simulation_results/IndelSIEVE_benchmark_pipeline_sa_101/benchmark_results/simulated_data/results/cell_names	/raid/kang/DelSIEVE/simulation_results/IndelSIEVE_benchmark_pipeline_sa_101/benchmark_results/sciphi/no_cnv/0009/post_processed/sciphi.cell_names	/raid/kang/DelSIEVE/simulation_results/IndelSIEVE_benchmark_pipeline_sa_101/benchmark_results/simulated_data/results/data_type/no_cnv/0009/true_evo_events_sites_names	/raid/kang/DelSIEVE/simulation_results/IndelSIEVE_benchmark_pipeline_sa_101/benchmark_results/sciphi/no_cnv/0009/post_processed/sciphi.loci_info	/raid/kang/DelSIEVE/simulation_results/IndelSIEVE_benchmark_pipeline_sa_101/benchmark_results/simulated_data/results/data_type/no_cnv/0009/true_evo_events_genotypes_numeric	/raid/kang/DelSIEVE/simulation_results/IndelSIEVE_benchmark_pipeline_sa_101/benchmark_results/sciphi/no_cnv/0009/post_processed/sciphi.genotypes	/raid/kang/DelSIEVE/simulation_results/IndelSIEVE_benchmark_pipeline_sa_101/benchmark_results/simulated_data/results/data_type/no_cnv/0009/true_evo_events_ternary_matrix.simple	/raid/kang/DelSIEVE/simulation_results/IndelSIEVE_benchmark_pipeline_sa_101/benchmark_results/sciphi/no_cnv/0009/post_processed/sciphi.ternary	/raid/kang/DelSIEVE/simulation_results/IndelSIEVE_benchmark_pipeline_sa_101/benchmark_results/sciphi/no_cnv/0009/post_processed/sciphi.genotype_probs	7803	60	42045	1492	0.8394835933297472	0.9923693246852346	0.9095465671989744	0.0014250089063056	7802	61	42788	747	0.912621359223301	0.992242146763322	0.9507677309285888	0.0014236038180587	7713	150	42788	747	0.9117021276595744	0.9809233117130866	0.9450468663848556	0.0034934091014951	0	0	51337	61	0.0	NA	NA	0.0	61	60	0	61	0	0	28247	113	0.0	NA	0.0	NA	0	0	28360	0	NA	NA	0.0	NA	0	0	28332	28	0.0	NA	0.0	NA	0	0	28275	85	0.0	NA	0.0	NA	84	1	28	0	0	0	28360	0	NA	NA	0.0	NA
40	20	10	0.001999	0.3	1e-06	1e-07	0.0	0010	sciphi	candidate_snvs	NA	NA	no_cnv	/raid/kang/DelSIEVE/simulation_results/IndelSIEVE_benchmark_pipeline_sa_101/benchmark_results/simulated_data/results/cell_names	/raid/kang/DelSIEVE/simulation_results/IndelSIEVE_benchmark_pipeline_sa_101/benchmark_results/sciphi/no_cnv/0010/post_processed/sciphi.cell_names	/raid/kang/DelSIEVE/simulation_results/IndelSIEVE_benchmark_pipeline_sa_101/benchmark_results/simulated_data/results/data_type/no_cnv/0010/true_evo_events_sites_names	/raid/kang/DelSIEVE/simulation_results/IndelSIEVE_benchmark_pipeline_sa_101/benchmark_results/sciphi/no_cnv/0010/post_processed/sciphi.loci_info	/raid/kang/DelSIEVE/simulation_results/IndelSIEVE_benchmark_pipeline_sa_101/benchmark_results/simulated_data/results/data_type/no_cnv/0010/true_evo_events_genotypes_numeric	/raid/kang/DelSIEVE/simulation_results/IndelSIEVE_benchmark_pipeline_sa_101/benchmark_results/sciphi/no_cnv/0010/post_processed/sciphi.genotypes	/raid/kang/DelSIEVE/simulation_results/IndelSIEVE_benchmark_pipeline_sa_101/benchmark_results/simulated_data/results/data_type/no_cnv/0010/true_evo_events_ternary_matrix.simple	/raid/kang/DelSIEVE/simulation_results/IndelSIEVE_benchmark_pipeline_sa_101/benchmark_results/sciphi/no_cnv/0010/post_processed/sciphi.ternary	/raid/kang/DelSIEVE/simulation_results/IndelSIEVE_benchmark_pipeline_sa_101/benchmark_results/sciphi/no_cnv/0010/post_processed/sciphi.genotype_probs	7088	125	36201	1466	0.828618190320318	0.9826701788437544	0.8990930424303926	0.0034410614986511	7088	125	37078	589	0.9232773218705224	0.9826701788437544	0.952048354600403	0.0033599440905303	7053	160	37079	588	0.923046721633294	0.9778178289200056	0.9496431937525246	0.0042965707994307	0	0	44844	36	0.0	NA	NA	0.0	36	125	1	35	0	0	25575	25	0.0	NA	0.0	NA	0	0	25600	0	NA	NA	0.0	NA	0	0	25600	0	NA	NA	0.0	NA	0	0	25575	25	0.0	NA	0.0	NA	25	0	0	0	0	0	25600	0	NA	NA	0.0	NA
40	20	10	0.001999	0.3	1e-06	1e-07	0.0	0001	sciphin	candidate_snvs	NA	NA	no_cnv	/raid/kang/DelSIEVE/simulation_results/IndelSIEVE_benchmark_pipeline_sa_101/benchmark_results/simulated_data/results/cell_names	/raid/kang/DelSIEVE/simulation_results/IndelSIEVE_benchmark_pipeline_sa_101/benchmark_results/sciphin/no_cnv/0001/post_processed/sciphin.cell_names	/raid/kang/DelSIEVE/simulation_results/IndelSIEVE_benchmark_pipeline_sa_101/benchmark_results/simulated_data/results/data_type/no_cnv/0001/true_evo_events_sites_names	/raid/kang/DelSIEVE/simulation_results/IndelSIEVE_benchmark_pipeline_sa_101/benchmark_results/sciphin/no_cnv/0001/post_processed/sciphin.loci_info	/raid/kang/DelSIEVE/simulation_results/IndelSIEVE_benchmark_pipeline_sa_101/benchmark_results/simulated_data/results/data_type/no_cnv/0001/true_evo_events_genotypes_numeric	/raid/kang/DelSIEVE/simulation_results/IndelSIEVE_benchmark_pipeline_sa_101/benchmark_results/sciphin/no_cnv/0001/post_processed/sciphin.genotypes	/raid/kang/DelSIEVE/simulation_results/IndelSIEVE_benchmark_pipeline_sa_101/benchmark_results/simulated_data/results/data_type/no_cnv/0001/true_evo_events_ternary_matrix.simple	/raid/kang/DelSIEVE/simulation_results/IndelSIEVE_benchmark_pipeline_sa_101/benchmark_results/sciphin/no_cnv/0001/post_processed/sciphin.ternary	/raid/kang/DelSIEVE/simulation_results/IndelSIEVE_benchmark_pipeline_sa_101/benchmark_results/sciphin/no_cnv/0001/post_processed/sciphin.genotype_probs	9258	7	40661	1794	0.8376764386536374	0.9992444684295736	0.9113550228872372	0.0001721255040818	9258	7	41711	744	0.9256148770245952	0.9992444684295736	0.9610214356153008	0.0001677932786806	9206	59	41711	744	0.9252261306532664	0.9936319481921208	0.9582097319802236	0.0014124970074215	0	0	51672	48	0.0	NA	NA	0.0	48	7	0	48	0	0	28152	48	0.0	NA	0.0	NA	0	0	28200	0	NA	NA	0.0	NA	0	0	28196	4	0.0	NA	0.0	NA	0	0	28156	44	0.0	NA	0.0	NA	44	0	4	0	0	0	28200	0	NA	NA	0.0	NA
40	20	10	0.001999	0.3	1e-06	1e-07	0.0	0002	sciphin	candidate_snvs	NA	NA	no_cnv	/raid/kang/DelSIEVE/simulation_results/IndelSIEVE_benchmark_pipeline_sa_101/benchmark_results/simulated_data/results/cell_names	/raid/kang/DelSIEVE/simulation_results/IndelSIEVE_benchmark_pipeline_sa_101/benchmark_results/sciphin/no_cnv/0002/post_processed/sciphin.cell_names	/raid/kang/DelSIEVE/simulation_results/IndelSIEVE_benchmark_pipeline_sa_101/benchmark_results/simulated_data/results/data_type/no_cnv/0002/true_evo_events_sites_names	/raid/kang/DelSIEVE/simulation_results/IndelSIEVE_benchmark_pipeline_sa_101/benchmark_results/sciphin/no_cnv/0002/post_processed/sciphin.loci_info	/raid/kang/DelSIEVE/simulation_results/IndelSIEVE_benchmark_pipeline_sa_101/benchmark_results/simulated_data/results/data_type/no_cnv/0002/true_evo_events_genotypes_numeric	/raid/kang/DelSIEVE/simulation_results/IndelSIEVE_benchmark_pipeline_sa_101/benchmark_results/sciphin/no_cnv/0002/post_processed/sciphin.genotypes	/raid/kang/DelSIEVE/simulation_results/IndelSIEVE_benchmark_pipeline_sa_101/benchmark_results/simulated_data/results/data_type/no_cnv/0002/true_evo_events_ternary_matrix.simple	/raid/kang/DelSIEVE/simulation_results/IndelSIEVE_benchmark_pipeline_sa_101/benchmark_results/sciphin/no_cnv/0002/post_processed/sciphin.ternary	/raid/kang/DelSIEVE/simulation_results/IndelSIEVE_benchmark_pipeline_sa_101/benchmark_results/sciphin/no_cnv/0002/post_processed/sciphin.genotype_probs	5904	22	38221	1373	0.8113233475333241	0.99628754640567	0.8943421949556919	0.0005752686766205	5903	23	38942	652	0.9005339435545385	0.9961187985150186	0.9459177950484736	0.0005902733222122	5838	88	38943	651	0.8996763754045307	0.9851501856226798	0.940475231574708	0.0022546181240552	0	0	45469	51	0.0	NA	NA	0.0	51	22	0	51	0	0	25595	45	0.0	NA	0.0	NA	0	0	25640	0	NA	NA	0.0	NA	0	0	25625	15	0.0	NA	0.0	NA	0	0	25610	30	0.0	NA	0.0	NA	29	1	14	0	0	0	25640	0	NA	NA	0.0	NA
40	20	10	0.001999	0.3	1e-06	1e-07	0.0	0003	sciphin	candidate_snvs	NA	NA	no_cnv	/raid/kang/DelSIEVE/simulation_results/IndelSIEVE_benchmark_pipeline_sa_101/benchmark_results/simulated_data/results/cell_names	/raid/kang/DelSIEVE/simulation_results/IndelSIEVE_benchmark_pipeline_sa_101/benchmark_results/sciphin/no_cnv/0003/post_processed/sciphin.cell_names	/raid/kang/DelSIEVE/simulation_results/IndelSIEVE_benchmark_pipeline_sa_101/benchmark_results/simulated_data/results/data_type/no_cnv/0003/true_evo_events_sites_names	/raid/kang/DelSIEVE/simulation_results/IndelSIEVE_benchmark_pipeline_sa_101/benchmark_results/sciphin/no_cnv/0003/post_processed/sciphin.loci_info	/raid/kang/DelSIEVE/simulation_results/IndelSIEVE_benchmark_pipeline_sa_101/benchmark_results/simulated_data/results/data_type/no_cnv/0003/true_evo_events_genotypes_numeric	/raid/kang/DelSIEVE/simulation_results/IndelSIEVE_benchmark_pipeline_sa_101/benchmark_results/sciphin/no_cnv/0003/post_processed/sciphin.genotypes	/raid/kang/DelSIEVE/simulation_results/IndelSIEVE_benchmark_pipeline_sa_101/benchmark_results/simulated_data/results/data_type/no_cnv/0003/true_evo_events_ternary_matrix.simple	/raid/kang/DelSIEVE/simulation_results/IndelSIEVE_benchmark_pipeline_sa_101/benchmark_results/sciphin/no_cnv/0003/post_processed/sciphin.ternary	/raid/kang/DelSIEVE/simulation_results/IndelSIEVE_benchmark_pipeline_sa_101/benchmark_results/sciphin/no_cnv/0003/post_processed/sciphin.genotype_probs	8017	6	47011	1766	0.8194827762445058	0.999252150068553	0.9004829832640684	0.0001276134164238	8017	6	47945	828	0.9063877897117016	0.999252150068553	0.9505572682001424	0.0001251277345623	7945	78	47945	828	0.9056195144192408	0.990277950891188	0.9460585853774708	0.0016242217270891	0	0	56741	55	0.0	NA	NA	0.0	55	6	0	55	0	0	30039	41	0.0	NA	0.0	NA	0	0	30080	0	NA	NA	0.0	NA	0	0	30063	17	0.0	NA	0.0	NA	0	0	30056	24	0.0	NA	0.0	NA	24	0	17	0	0	0	30080	0	NA	NA	0.0	NA
40	20	10	0.001999	0.3	1e-06	1e-07	0.0	0004	sciphin	candidate_snvs	NA	NA	no_cnv	/raid/kang/DelSIEVE/simulation_results/IndelSIEVE_benchmark_pipeline_sa_101/benchmark_results/simulated_data/results/cell_names	/raid/kang/DelSIEVE/simulation_results/IndelSIEVE_benchmark_pipeline_sa_101/benchmark_results/sciphin/no_cnv/0004/post_processed/sciphin.cell_names	/raid/kang/DelSIEVE/simulation_results/IndelSIEVE_benchmark_pipeline_sa_101/benchmark_results/simulated_data/results/data_type/no_cnv/0004/true_evo_events_sites_names	/raid/kang/DelSIEVE/simulation_results/IndelSIEVE_benchmark_pipeline_sa_101/benchmark_results/sciphin/no_cnv/0004/post_processed/sciphin.loci_info	/raid/kang/DelSIEVE/simulation_results/IndelSIEVE_benchmark_pipeline_sa_101/benchmark_results/simulated_data/results/data_type/no_cnv/0004/true_evo_events_genotypes_numeric	/raid/kang/DelSIEVE/simulation_results/IndelSIEVE_benchmark_pipeline_sa_101/benchmark_results/sciphin/no_cnv/0004/post_processed/sciphin.genotypes	/raid/kang/DelSIEVE/simulation_results/IndelSIEVE_benchmark_pipeline_sa_101/benchmark_results/simulated_data/results/data_type/no_cnv/0004/true_evo_events_ternary_matrix.simple	/raid/kang/DelSIEVE/simulation_results/IndelSIEVE_benchmark_pipeline_sa_101/benchmark_results/sciphin/no_cnv/0004/post_processed/sciphin.ternary	/raid/kang/DelSIEVE/simulation_results/IndelSIEVE_benchmark_pipeline_sa_101/benchmark_results/sciphin/no_cnv/0004/post_processed/sciphin.genotype_probs	8756	4	29854	1586	0.8466447495648811	0.9995433789954338	0.9167626426552192	0.0001339674459106	8756	4	31016	424	0.9538126361655772	0.9995433789954338	0.9761426978818284	0.0001289490651192	8573	187	31016	424	0.952873179948872	0.9786529680365296	0.9655910345215972	0.0059930134922924	0	0	40063	137	0.0	NA	NA	0.0	137	4	0	137	0	0	26473	87	0.0	NA	0.0	NA	0	0	26560	0	NA	NA	0.0	NA	0	0	26514	46	0.0	NA	0.0	NA	0	0	26519	41	0.0	NA	0.0	NA	41	0	46	0	0	0	26560	0	NA	NA	0.0	NA
40	20	10	0.001999	0.3	1e-06	1e-07	0.0	0005	sciphin	candidate_snvs	NA	NA	no_cnv	/raid/kang/DelSIEVE/simulation_results/IndelSIEVE_benchmark_pipeline_sa_101/benchmark_results/simulated_data/results/cell_names	/raid/kang/DelSIEVE/simulation_results/IndelSIEVE_benchmark_pipeline_sa_101/benchmark_results/sciphin/no_cnv/0005/post_processed/sciphin.cell_names	/raid/kang/DelSIEVE/simulation_results/IndelSIEVE_benchmark_pipeline_sa_101/benchmark_results/simulated_data/results/data_type/no_cnv/0005/true_evo_events_sites_names	/raid/kang/DelSIEVE/simulation_results/IndelSIEVE_benchmark_pipeline_sa_101/benchmark_results/sciphin/no_cnv/0005/post_processed/sciphin.loci_info	/raid/kang/DelSIEVE/simulation_results/IndelSIEVE_benchmark_pipeline_sa_101/benchmark_results/simulated_data/results/data_type/no_cnv/0005/true_evo_events_genotypes_numeric	/raid/kang/DelSIEVE/simulation_results/IndelSIEVE_benchmark_pipeline_sa_101/benchmark_results/sciphin/no_cnv/0005/post_processed/sciphin.genotypes	/raid/kang/DelSIEVE/simulation_results/IndelSIEVE_benchmark_pipeline_sa_101/benchmark_results/simulated_data/results/data_type/no_cnv/0005/true_evo_events_ternary_matrix.simple	/raid/kang/DelSIEVE/simulation_results/IndelSIEVE_benchmark_pipeline_sa_101/benchmark_results/sciphin/no_cnv/0005/post_processed/sciphin.ternary	/raid/kang/DelSIEVE/simulation_results/IndelSIEVE_benchmark_pipeline_sa_101/benchmark_results/sciphin/no_cnv/0005/post_processed/sciphin.genotype_probs	8631	8	34595	1766	0.8301433105703568	0.9990739668943164	0.9068081529733136	0.0002311938271248	8630	9	35619	738	0.9212211784799316	0.998958212756106	0.958516132615094	0.0002526103065005	8534	105	35624	733	0.9209021258228122	0.9878458154879036	0.9532000446777616	0.0029387892188418	0	0	44938	58	0.0	NA	NA	0.0	58	8	2	56	0	0	19005	115	0.0	NA	0.0	NA	0	0	19120	0	NA	NA	0.0	NA	0	0	19077	43	0.0	NA	0.0	NA	0	0	19048	72	0.0	NA	0.0	NA	71	1	40	0	0	0	19120	0	NA	NA	0.0	NA
40	20	10	0.001999	0.3	1e-06	1e-07	0.0	0006	sciphin	candidate_snvs	NA	NA	no_cnv	/raid/kang/DelSIEVE/simulation_results/IndelSIEVE_benchmark_pipeline_sa_101/benchmark_results/simulated_data/results/cell_names	/raid/kang/DelSIEVE/simulation_results/IndelSIEVE_benchmark_pipeline_sa_101/benchmark_results/sciphin/no_cnv/0006/post_processed/sciphin.cell_names	/raid/kang/DelSIEVE/simulation_results/IndelSIEVE_benchmark_pipeline_sa_101/benchmark_results/simulated_data/results/data_type/no_cnv/0006/true_evo_events_sites_names	/raid/kang/DelSIEVE/simulation_results/IndelSIEVE_benchmark_pipeline_sa_101/benchmark_results/sciphin/no_cnv/0006/post_processed/sciphin.loci_info	/raid/kang/DelSIEVE/simulation_results/IndelSIEVE_benchmark_pipeline_sa_101/benchmark_results/simulated_data/results/data_type/no_cnv/0006/true_evo_events_genotypes_numeric	/raid/kang/DelSIEVE/simulation_results/IndelSIEVE_benchmark_pipeline_sa_101/benchmark_results/sciphin/no_cnv/0006/post_processed/sciphin.genotypes	/raid/kang/DelSIEVE/simulation_results/IndelSIEVE_benchmark_pipeline_sa_101/benchmark_results/simulated_data/results/data_type/no_cnv/0006/true_evo_events_ternary_matrix.simple	/raid/kang/DelSIEVE/simulation_results/IndelSIEVE_benchmark_pipeline_sa_101/benchmark_results/sciphin/no_cnv/0006/post_processed/sciphin.ternary	/raid/kang/DelSIEVE/simulation_results/IndelSIEVE_benchmark_pipeline_sa_101/benchmark_results/sciphin/no_cnv/0006/post_processed/sciphin.genotype_probs	3889	3	20781	847	0.8211570945945946	0.9992291880781088	0.9014835419564208	0.0001443418013856	3889	3	21237	391	0.908644859813084	0.9992291880781088	0.951786588350465	0.0001412429378531	3888	4	21237	391	0.9086235101659266	0.998972250770812	0.95165830375719	0.0001883150510804	0	0	25519	1	0.0	NA	NA	0.0	1	3	0	1	0	0	13000	0	NA	NA	0.0	NA	0	0	13000	0	NA	NA	0.0	NA	0	0	13000	0	NA	NA	0.0	NA	0	0	13000	0	NA	NA	0.0	NA	0	0	0	0	0	0	13000	0	NA	NA	0.0	NA
40	20	10	0.001999	0.3	1e-06	1e-07	0.0	0007	sciphin	candidate_snvs	NA	NA	no_cnv	/raid/kang/DelSIEVE/simulation_results/IndelSIEVE_benchmark_pipeline_sa_101/benchmark_results/simulated_data/results/cell_names	/raid/kang/DelSIEVE/simulation_results/IndelSIEVE_benchmark_pipeline_sa_101/benchmark_results/sciphin/no_cnv/0007/post_processed/sciphin.cell_names	/raid/kang/DelSIEVE/simulation_results/IndelSIEVE_benchmark_pipeline_sa_101/benchmark_results/simulated_data/results/data_type/no_cnv/0007/true_evo_events_sites_names	/raid/kang/DelSIEVE/simulation_results/IndelSIEVE_benchmark_pipeline_sa_101/benchmark_results/sciphin/no_cnv/0007/post_processed/sciphin.loci_info	/raid/kang/DelSIEVE/simulation_results/IndelSIEVE_benchmark_pipeline_sa_101/benchmark_results/simulated_data/results/data_type/no_cnv/0007/true_evo_events_genotypes_numeric	/raid/kang/DelSIEVE/simulation_results/IndelSIEVE_benchmark_pipeline_sa_101/benchmark_results/sciphin/no_cnv/0007/post_processed/sciphin.genotypes	/raid/kang/DelSIEVE/simulation_results/IndelSIEVE_benchmark_pipeline_sa_101/benchmark_results/simulated_data/results/data_type/no_cnv/0007/true_evo_events_ternary_matrix.simple	/raid/kang/DelSIEVE/simulation_results/IndelSIEVE_benchmark_pipeline_sa_101/benchmark_results/sciphin/no_cnv/0007/post_processed/sciphin.ternary	/raid/kang/DelSIEVE/simulation_results/IndelSIEVE_benchmark_pipeline_sa_101/benchmark_results/sciphin/no_cnv/0007/post_processed/sciphin.genotype_probs	7127	13	38554	1466	0.8293960200162923	0.9981792717086836	0.9059937710544717	0.0003370757383255	7126	14	39346	673	0.9137068854981408	0.9980392156862744	0.9540129861436508	0.0003556910569105	7108	32	39347	672	0.913624678663239	0.9955182072829132	0.9528150134048258	0.0008126158612458	0	0	47140	19	0.0	NA	NA	0.0	19	13	1	18	0	0	24660	20	0.0	NA	0.0	NA	0	0	24680	0	NA	NA	0.0	NA	0	0	24680	0	NA	NA	0.0	NA	0	0	24660	20	0.0	NA	0.0	NA	19	1	0	0	0	0	24680	0	NA	NA	0.0	NA
40	20	10	0.001999	0.3	1e-06	1e-07	0.0	0008	sciphin	candidate_snvs	NA	NA	no_cnv	/raid/kang/DelSIEVE/simulation_results/IndelSIEVE_benchmark_pipeline_sa_101/benchmark_results/simulated_data/results/cell_names	/raid/kang/DelSIEVE/simulation_results/IndelSIEVE_benchmark_pipeline_sa_101/benchmark_results/sciphin/no_cnv/0008/post_processed/sciphin.cell_names	/raid/kang/DelSIEVE/simulation_results/IndelSIEVE_benchmark_pipeline_sa_101/benchmark_results/simulated_data/results/data_type/no_cnv/0008/true_evo_events_sites_names	/raid/kang/DelSIEVE/simulation_results/IndelSIEVE_benchmark_pipeline_sa_101/benchmark_results/sciphin/no_cnv/0008/post_processed/sciphin.loci_info	/raid/kang/DelSIEVE/simulation_results/IndelSIEVE_benchmark_pipeline_sa_101/benchmark_results/simulated_data/results/data_type/no_cnv/0008/true_evo_events_genotypes_numeric	/raid/kang/DelSIEVE/simulation_results/IndelSIEVE_benchmark_pipeline_sa_101/benchmark_results/sciphin/no_cnv/0008/post_processed/sciphin.genotypes	/raid/kang/DelSIEVE/simulation_results/IndelSIEVE_benchmark_pipeline_sa_101/benchmark_results/simulated_data/results/data_type/no_cnv/0008/true_evo_events_ternary_matrix.simple	/raid/kang/DelSIEVE/simulation_results/IndelSIEVE_benchmark_pipeline_sa_101/benchmark_results/sciphin/no_cnv/0008/post_processed/sciphin.ternary	/raid/kang/DelSIEVE/simulation_results/IndelSIEVE_benchmark_pipeline_sa_101/benchmark_results/sciphin/no_cnv/0008/post_processed/sciphin.genotype_probs	3069	10	24424	857	0.7817116658176261	0.9967521922702176	0.8762312633832976	0.0004092657771957	3069	10	24895	385	0.8885350318471338	0.9967521922702176	0.939537731516914	0.0004015257980325	3063	16	24895	385	0.8883410672853829	0.994803507632348	0.9385628925999694	0.0006422865400826	0	0	28353	6	0.0	NA	NA	0.0	6	10	0	6	0	0	16311	9	0.0	NA	0.0	NA	0	0	16320	0	NA	NA	0.0	NA	0	0	16320	0	NA	NA	0.0	NA	0	0	16311	9	0.0	NA	0.0	NA	9	0	0	0	0	0	16320	0	NA	NA	0.0	NA
40	20	10	0.001999	0.3	1e-06	1e-07	0.0	0009	sciphin	candidate_snvs	NA	NA	no_cnv	/raid/kang/DelSIEVE/simulation_results/IndelSIEVE_benchmark_pipeline_sa_101/benchmark_results/simulated_data/results/cell_names	/raid/kang/DelSIEVE/simulation_results/IndelSIEVE_benchmark_pipeline_sa_101/benchmark_results/sciphin/no_cnv/0009/post_processed/sciphin.cell_names	/raid/kang/DelSIEVE/simulation_results/IndelSIEVE_benchmark_pipeline_sa_101/benchmark_results/simulated_data/results/data_type/no_cnv/0009/true_evo_events_sites_names	/raid/kang/DelSIEVE/simulation_results/IndelSIEVE_benchmark_pipeline_sa_101/benchmark_results/sciphin/no_cnv/0009/post_processed/sciphin.loci_info	/raid/kang/DelSIEVE/simulation_results/IndelSIEVE_benchmark_pipeline_sa_101/benchmark_results/simulated_data/results/data_type/no_cnv/0009/true_evo_events_genotypes_numeric	/raid/kang/DelSIEVE/simulation_results/IndelSIEVE_benchmark_pipeline_sa_101/benchmark_results/sciphin/no_cnv/0009/post_processed/sciphin.genotypes	/raid/kang/DelSIEVE/simulation_results/IndelSIEVE_benchmark_pipeline_sa_101/benchmark_results/simulated_data/results/data_type/no_cnv/0009/true_evo_events_ternary_matrix.simple	/raid/kang/DelSIEVE/simulation_results/IndelSIEVE_benchmark_pipeline_sa_101/benchmark_results/sciphin/no_cnv/0009/post_processed/sciphin.ternary	/raid/kang/DelSIEVE/simulation_results/IndelSIEVE_benchmark_pipeline_sa_101/benchmark_results/sciphin/no_cnv/0009/post_processed/sciphin.genotype_probs	7805	13	42092	1490	0.8396987627756859	0.9983371706318752	0.9121720329574008	0.0003087519296995	7804	14	42835	745	0.9128553047140016	0.998209260680481	0.9536261990590824	0.0003267287451282	7715	103	42835	745	0.9119385342789598	0.9868252750063956	0.9479051480525864	0.0023988075830266	0	0	51337	61	0.0	NA	NA	0.0	61	13	0	61	0	0	28247	113	0.0	NA	0.0	NA	0	0	28360	0	NA	NA	0.0	NA	0	0	28332	28	0.0	NA	0.0	NA	0	0	28275	85	0.0	NA	0.0	NA	84	1	28	0	0	0	28360	0	NA	NA	0.0	NA
40	20	10	0.001999	0.3	1e-06	1e-07	0.0	0010	sciphin	candidate_snvs	NA	NA	no_cnv	/raid/kang/DelSIEVE/simulation_results/IndelSIEVE_benchmark_pipeline_sa_101/benchmark_results/simulated_data/results/cell_names	/raid/kang/DelSIEVE/simulation_results/IndelSIEVE_benchmark_pipeline_sa_101/benchmark_results/sciphin/no_cnv/0010/post_processed/sciphin.cell_names	/raid/kang/DelSIEVE/simulation_results/IndelSIEVE_benchmark_pipeline_sa_101/benchmark_results/simulated_data/results/data_type/no_cnv/0010/true_evo_events_sites_names	/raid/kang/DelSIEVE/simulation_results/IndelSIEVE_benchmark_pipeline_sa_101/benchmark_results/sciphin/no_cnv/0010/post_processed/sciphin.loci_info	/raid/kang/DelSIEVE/simulation_results/IndelSIEVE_benchmark_pipeline_sa_101/benchmark_results/simulated_data/results/data_type/no_cnv/0010/true_evo_events_genotypes_numeric	/raid/kang/DelSIEVE/simulation_results/IndelSIEVE_benchmark_pipeline_sa_101/benchmark_results/sciphin/no_cnv/0010/post_processed/sciphin.genotypes	/raid/kang/DelSIEVE/simulation_results/IndelSIEVE_benchmark_pipeline_sa_101/benchmark_results/simulated_data/results/data_type/no_cnv/0010/true_evo_events_ternary_matrix.simple	/raid/kang/DelSIEVE/simulation_results/IndelSIEVE_benchmark_pipeline_sa_101/benchmark_results/sciphin/no_cnv/0010/post_processed/sciphin.ternary	/raid/kang/DelSIEVE/simulation_results/IndelSIEVE_benchmark_pipeline_sa_101/benchmark_results/sciphin/no_cnv/0010/post_processed/sciphin.genotype_probs	7022	16	36310	1532	0.8209025017535656	0.9977266268826372	0.9007183170856851	0.0004404558718273	7022	16	37187	655	0.914680213625114	0.9977266268826372	0.9544002718314644	0.0004300728435878	6987	51	37188	654	0.9144091087553984	0.9927536231884058	0.9519722051910892	0.0013695319423185	0	0	44844	36	0.0	NA	NA	0.0	36	16	1	35	0	0	25575	25	0.0	NA	0.0	NA	0	0	25600	0	NA	NA	0.0	NA	0	0	25600	0	NA	NA	0.0	NA	0	0	25575	25	0.0	NA	0.0	NA	25	0	0	0	0	0	25600	0	NA	NA	0.0	NA
40	20	10	0.001999	0.3	1e-06	1e-07	0.0	0001	sieve	candidate_snvs	smc_mu_sa_stage_1	mt	no_cnv	/raid/kang/DelSIEVE/simulation_results/IndelSIEVE_benchmark_pipeline_sa_101/benchmark_results/simulated_data/results/cell_names	/raid/kang/DelSIEVE/simulation_results/IndelSIEVE_benchmark_pipeline_sa_101/benchmark_results/indelsieve/from_candidate/variant_calling/mt/no_cnv/smc_mu_sa_stage_1/0001/indelsieve_median.cell_names	/raid/kang/DelSIEVE/simulation_results/IndelSIEVE_benchmark_pipeline_sa_101/benchmark_results/simulated_data/results/data_type/no_cnv/0001/true_evo_events_sites_names	/raid/kang/DelSIEVE/simulation_results/IndelSIEVE_benchmark_pipeline_sa_101/benchmark_results/indelsieve/from_candidate/variant_calling/mt/no_cnv/smc_mu_sa_stage_1/0001/indelsieve_median.loci_info	/raid/kang/DelSIEVE/simulation_results/IndelSIEVE_benchmark_pipeline_sa_101/benchmark_results/simulated_data/results/data_type/no_cnv/0001/true_evo_events_genotypes_numeric	/raid/kang/DelSIEVE/simulation_results/IndelSIEVE_benchmark_pipeline_sa_101/benchmark_results/indelsieve/from_candidate/variant_calling/mt/no_cnv/smc_mu_sa_stage_1/0001/indelsieve_median.genotypes	/raid/kang/DelSIEVE/simulation_results/IndelSIEVE_benchmark_pipeline_sa_101/benchmark_results/simulated_data/results/data_type/no_cnv/0001/true_evo_events_ternary_matrix.simple	/raid/kang/DelSIEVE/simulation_results/IndelSIEVE_benchmark_pipeline_sa_101/benchmark_results/indelsieve/from_candidate/variant_calling/mt/no_cnv/smc_mu_sa_stage_1/0001/indelsieve_median.ternary	/raid/kang/DelSIEVE/simulation_results/IndelSIEVE_benchmark_pipeline_sa_101/benchmark_results/indelsieve/from_candidate/variant_calling/mt/no_cnv/smc_mu_sa_stage_1/0001/indelsieve_median.probs	9412	64	40604	1640	0.8516105682229461	0.9932460953989024	0.916991426344505	0.0015737188944624	9411	65	41653	591	0.9409118176364728	0.9931405656395104	0.9663209775130918	0.0015580804448918	9351	71	41699	599	0.9397989949748744	0.9924644449161536	0.9654139995870328	0.0016997845343548	46	8	51664	2	0.9583333333333334	0.8518518518518519	0.9019607843137256	0.0001548227279764	48	64	0	2	0	0	27992	48	0.0	NA	0.0	NA	0	0	28040	0	NA	NA	0.0	NA	0	0	28036	4	0.0	NA	0.0	NA	0	0	27996	44	0.0	NA	0.0	NA	43	1	4	0	0	0	28040	0	NA	NA	0.0	NA
40	20	10	0.001999	0.3	1e-06	1e-07	0.0	0002	sieve	candidate_snvs	smc_mu_sa_stage_1	mt	no_cnv	/raid/kang/DelSIEVE/simulation_results/IndelSIEVE_benchmark_pipeline_sa_101/benchmark_results/simulated_data/results/cell_names	/raid/kang/DelSIEVE/simulation_results/IndelSIEVE_benchmark_pipeline_sa_101/benchmark_results/indelsieve/from_candidate/variant_calling/mt/no_cnv/smc_mu_sa_stage_1/0002/indelsieve_mode_gaussian.cell_names	/raid/kang/DelSIEVE/simulation_results/IndelSIEVE_benchmark_pipeline_sa_101/benchmark_results/simulated_data/results/data_type/no_cnv/0002/true_evo_events_sites_names	/raid/kang/DelSIEVE/simulation_results/IndelSIEVE_benchmark_pipeline_sa_101/benchmark_results/indelsieve/from_candidate/variant_calling/mt/no_cnv/smc_mu_sa_stage_1/0002/indelsieve_mode_gaussian.loci_info	/raid/kang/DelSIEVE/simulation_results/IndelSIEVE_benchmark_pipeline_sa_101/benchmark_results/simulated_data/results/data_type/no_cnv/0002/true_evo_events_genotypes_numeric	/raid/kang/DelSIEVE/simulation_results/IndelSIEVE_benchmark_pipeline_sa_101/benchmark_results/indelsieve/from_candidate/variant_calling/mt/no_cnv/smc_mu_sa_stage_1/0002/indelsieve_mode_gaussian.genotypes	/raid/kang/DelSIEVE/simulation_results/IndelSIEVE_benchmark_pipeline_sa_101/benchmark_results/simulated_data/results/data_type/no_cnv/0002/true_evo_events_ternary_matrix.simple	/raid/kang/DelSIEVE/simulation_results/IndelSIEVE_benchmark_pipeline_sa_101/benchmark_results/indelsieve/from_candidate/variant_calling/mt/no_cnv/smc_mu_sa_stage_1/0002/indelsieve_mode_gaussian.ternary	/raid/kang/DelSIEVE/simulation_results/IndelSIEVE_benchmark_pipeline_sa_101/benchmark_results/indelsieve/from_candidate/variant_calling/mt/no_cnv/smc_mu_sa_stage_1/0002/indelsieve_mode_gaussian.probs	6019	47	38196	1258	0.8271265631441528	0.9922518958127268	0.902195907966724	0.0012289830818711	6018	48	38917	537	0.9180778032036612	0.9920870425321464	0.953648680770145	0.0012318747593994	5946	55	38976	543	0.916319926028664	0.990834860856524	0.9521216973578862	0.0014091363275345	50	15	45454	1	0.9803921568627452	0.7692307692307693	0.8620689655172413	0.0003298950933603	51	47	0	1	0	0	25475	45	0.0	NA	0.0	NA	0	0	25520	0	NA	NA	0.0	NA	0	0	25505	15	0.0	NA	0.0	NA	0	0	25490	30	0.0	NA	0.0	NA	29	1	6	9	0	0	25520	0	NA	NA	0.0	NA
40	20	10	0.001999	0.3	1e-06	1e-07	0.0	0003	sieve	candidate_snvs	smc_mu_sa_stage_1	mt	no_cnv	/raid/kang/DelSIEVE/simulation_results/IndelSIEVE_benchmark_pipeline_sa_101/benchmark_results/simulated_data/results/cell_names	/raid/kang/DelSIEVE/simulation_results/IndelSIEVE_benchmark_pipeline_sa_101/benchmark_results/indelsieve/from_candidate/variant_calling/mt/no_cnv/smc_mu_sa_stage_1/0003/indelsieve_median.cell_names	/raid/kang/DelSIEVE/simulation_results/IndelSIEVE_benchmark_pipeline_sa_101/benchmark_results/simulated_data/results/data_type/no_cnv/0003/true_evo_events_sites_names	/raid/kang/DelSIEVE/simulation_results/IndelSIEVE_benchmark_pipeline_sa_101/benchmark_results/indelsieve/from_candidate/variant_calling/mt/no_cnv/smc_mu_sa_stage_1/0003/indelsieve_median.loci_info	/raid/kang/DelSIEVE/simulation_results/IndelSIEVE_benchmark_pipeline_sa_101/benchmark_results/simulated_data/results/data_type/no_cnv/0003/true_evo_events_genotypes_numeric	/raid/kang/DelSIEVE/simulation_results/IndelSIEVE_benchmark_pipeline_sa_101/benchmark_results/indelsieve/from_candidate/variant_calling/mt/no_cnv/smc_mu_sa_stage_1/0003/indelsieve_median.genotypes	/raid/kang/DelSIEVE/simulation_results/IndelSIEVE_benchmark_pipeline_sa_101/benchmark_results/simulated_data/results/data_type/no_cnv/0003/true_evo_events_ternary_matrix.simple	/raid/kang/DelSIEVE/simulation_results/IndelSIEVE_benchmark_pipeline_sa_101/benchmark_results/indelsieve/from_candidate/variant_calling/mt/no_cnv/smc_mu_sa_stage_1/0003/indelsieve_median.ternary	/raid/kang/DelSIEVE/simulation_results/IndelSIEVE_benchmark_pipeline_sa_101/benchmark_results/indelsieve/from_candidate/variant_calling/mt/no_cnv/smc_mu_sa_stage_1/0003/indelsieve_median.probs	8150	39	46978	1633	0.8330777879995911	0.9952375137379412	0.9069663921655908	0.000829487206755	8150	39	47912	695	0.921424533634822	0.9952375137379412	0.956909709991781	0.0008133302746553	8065	52	47971	708	0.9192978456628292	0.9935936922508316	0.9550029603315572	0.001082814484726	48	24	56717	7	0.8727272727272727	0.6666666666666666	0.7559055118110236	0.000422974568654	55	39	0	7	0	0	29879	41	0.0	NA	0.0	NA	0	0	29920	0	NA	NA	0.0	NA	0	0	29903	17	0.0	NA	0.0	NA	0	0	29896	24	0.0	NA	0.0	NA	24	0	6	11	0	0	29920	0	NA	NA	0.0	NA
40	20	10	0.001999	0.3	1e-06	1e-07	0.0	0004	sieve	candidate_snvs	smc_mu_sa_stage_1	mt	no_cnv	/raid/kang/DelSIEVE/simulation_results/IndelSIEVE_benchmark_pipeline_sa_101/benchmark_results/simulated_data/results/cell_names	/raid/kang/DelSIEVE/simulation_results/IndelSIEVE_benchmark_pipeline_sa_101/benchmark_results/indelsieve/from_candidate/variant_calling/mt/no_cnv/smc_mu_sa_stage_1/0004/indelsieve_median.cell_names	/raid/kang/DelSIEVE/simulation_results/IndelSIEVE_benchmark_pipeline_sa_101/benchmark_results/simulated_data/results/data_type/no_cnv/0004/true_evo_events_sites_names	/raid/kang/DelSIEVE/simulation_results/IndelSIEVE_benchmark_pipeline_sa_101/benchmark_results/indelsieve/from_candidate/variant_calling/mt/no_cnv/smc_mu_sa_stage_1/0004/indelsieve_median.loci_info	/raid/kang/DelSIEVE/simulation_results/IndelSIEVE_benchmark_pipeline_sa_101/benchmark_results/simulated_data/results/data_type/no_cnv/0004/true_evo_events_genotypes_numeric	/raid/kang/DelSIEVE/simulation_results/IndelSIEVE_benchmark_pipeline_sa_101/benchmark_results/indelsieve/from_candidate/variant_calling/mt/no_cnv/smc_mu_sa_stage_1/0004/indelsieve_median.genotypes	/raid/kang/DelSIEVE/simulation_results/IndelSIEVE_benchmark_pipeline_sa_101/benchmark_results/simulated_data/results/data_type/no_cnv/0004/true_evo_events_ternary_matrix.simple	/raid/kang/DelSIEVE/simulation_results/IndelSIEVE_benchmark_pipeline_sa_101/benchmark_results/indelsieve/from_candidate/variant_calling/mt/no_cnv/smc_mu_sa_stage_1/0004/indelsieve_median.ternary	/raid/kang/DelSIEVE/simulation_results/IndelSIEVE_benchmark_pipeline_sa_101/benchmark_results/indelsieve/from_candidate/variant_calling/mt/no_cnv/smc_mu_sa_stage_1/0004/indelsieve_median.probs	8866	25	29833	1476	0.8572809901373042	0.9971881678101452	0.9219570529818542	0.0008372965369415	8866	25	30995	314	0.9657952069716776	0.9971881678101452	0.9812406618338776	0.0008059316569954	8680	34	31169	317	0.9647660331221518	0.996098232728942	0.9801818079159844	0.0010896388167804	135	42	40021	2	0.9854014598540146	0.7627118644067796	0.8598726114649682	0.0010483488505603	137	25	0	2	0	0	26393	87	0.0	NA	0.0	NA	0	0	26480	0	NA	NA	0.0	NA	0	0	26434	46	0.0	NA	0.0	NA	0	0	26439	41	0.0	NA	0.0	NA	41	0	7	39	0	0	26480	0	NA	NA	0.0	NA
40	20	10	0.001999	0.3	1e-06	1e-07	0.0	0005	sieve	candidate_snvs	smc_mu_sa_stage_1	mt	no_cnv	/raid/kang/DelSIEVE/simulation_results/IndelSIEVE_benchmark_pipeline_sa_101/benchmark_results/simulated_data/results/cell_names	/raid/kang/DelSIEVE/simulation_results/IndelSIEVE_benchmark_pipeline_sa_101/benchmark_results/indelsieve/from_candidate/variant_calling/mt/no_cnv/smc_mu_sa_stage_1/0005/indelsieve_mean.cell_names	/raid/kang/DelSIEVE/simulation_results/IndelSIEVE_benchmark_pipeline_sa_101/benchmark_results/simulated_data/results/data_type/no_cnv/0005/true_evo_events_sites_names	/raid/kang/DelSIEVE/simulation_results/IndelSIEVE_benchmark_pipeline_sa_101/benchmark_results/indelsieve/from_candidate/variant_calling/mt/no_cnv/smc_mu_sa_stage_1/0005/indelsieve_mean.loci_info	/raid/kang/DelSIEVE/simulation_results/IndelSIEVE_benchmark_pipeline_sa_101/benchmark_results/simulated_data/results/data_type/no_cnv/0005/true_evo_events_genotypes_numeric	/raid/kang/DelSIEVE/simulation_results/IndelSIEVE_benchmark_pipeline_sa_101/benchmark_results/indelsieve/from_candidate/variant_calling/mt/no_cnv/smc_mu_sa_stage_1/0005/indelsieve_mean.genotypes	/raid/kang/DelSIEVE/simulation_results/IndelSIEVE_benchmark_pipeline_sa_101/benchmark_results/simulated_data/results/data_type/no_cnv/0005/true_evo_events_ternary_matrix.simple	/raid/kang/DelSIEVE/simulation_results/IndelSIEVE_benchmark_pipeline_sa_101/benchmark_results/indelsieve/from_candidate/variant_calling/mt/no_cnv/smc_mu_sa_stage_1/0005/indelsieve_mean.ternary	/raid/kang/DelSIEVE/simulation_results/IndelSIEVE_benchmark_pipeline_sa_101/benchmark_results/indelsieve/from_candidate/variant_calling/mt/no_cnv/smc_mu_sa_stage_1/0005/indelsieve_mean.probs	8736	33	34570	1661	0.8402423776089256	0.996236743072186	0.9116143170197224	0.0009536745368898	8730	39	35589	638	0.9318958155422716	0.9955525145398564	0.962672988917682	0.0010946446615021	8628	42	35687	639	0.9310456458400777	0.9951557093425606	0.9620337849138652	0.0011755156875367	53	46	44892	5	0.913793103448276	0.5353535353535354	0.6751592356687898	0.0010236325604165	58	33	2	3	0	0	18805	115	0.0	NA	0.0	NA	0	0	18920	0	NA	NA	0.0	NA	0	0	18877	43	0.0	NA	0.0	NA	0	0	18848	72	0.0	NA	0.0	NA	66	6	0	43	0	0	18920	0	NA	NA	0.0	NA
40	20	10	0.001999	0.3	1e-06	1e-07	0.0	0006	sieve	candidate_snvs	smc_mu_sa_stage_1	mt	no_cnv	/raid/kang/DelSIEVE/simulation_results/IndelSIEVE_benchmark_pipeline_sa_101/benchmark_results/simulated_data/results/cell_names	/raid/kang/DelSIEVE/simulation_results/IndelSIEVE_benchmark_pipeline_sa_101/benchmark_results/indelsieve/from_candidate/variant_calling/mt/no_cnv/smc_mu_sa_stage_1/0006/indelsieve_median.cell_names	/raid/kang/DelSIEVE/simulation_results/IndelSIEVE_benchmark_pipeline_sa_101/benchmark_results/simulated_data/results/data_type/no_cnv/0006/true_evo_events_sites_names	/raid/kang/DelSIEVE/simulation_results/IndelSIEVE_benchmark_pipeline_sa_101/benchmark_results/indelsieve/from_candidate/variant_calling/mt/no_cnv/smc_mu_sa_stage_1/0006/indelsieve_median.loci_info	/raid/kang/DelSIEVE/simulation_results/IndelSIEVE_benchmark_pipeline_sa_101/benchmark_results/simulated_data/results/data_type/no_cnv/0006/true_evo_events_genotypes_numeric	/raid/kang/DelSIEVE/simulation_results/IndelSIEVE_benchmark_pipeline_sa_101/benchmark_results/indelsieve/from_candidate/variant_calling/mt/no_cnv/smc_mu_sa_stage_1/0006/indelsieve_median.genotypes	/raid/kang/DelSIEVE/simulation_results/IndelSIEVE_benchmark_pipeline_sa_101/benchmark_results/simulated_data/results/data_type/no_cnv/0006/true_evo_events_ternary_matrix.simple	/raid/kang/DelSIEVE/simulation_results/IndelSIEVE_benchmark_pipeline_sa_101/benchmark_results/indelsieve/from_candidate/variant_calling/mt/no_cnv/smc_mu_sa_stage_1/0006/indelsieve_median.ternary	/raid/kang/DelSIEVE/simulation_results/IndelSIEVE_benchmark_pipeline_sa_101/benchmark_results/indelsieve/from_candidate/variant_calling/mt/no_cnv/smc_mu_sa_stage_1/0006/indelsieve_median.probs	3957	20	20764	779	0.8355152027027027	0.9949710837314558	0.9082979455985308	0.0009622786759045	3957	20	21220	323	0.924532710280374	0.9949710837314558	0.9584594889184932	0.0009416195856873	3952	21	21220	327	0.9235802757653656	0.9947143216712812	0.9578284052350946	0.0009886540181724	0	4	25515	1	0.0	0.0	NA	0.000156745953995	1	20	0	1	0	0	13000	0	NA	NA	0.0	NA	0	0	13000	0	NA	NA	0.0	NA	0	0	13000	0	NA	NA	0.0	NA	0	0	13000	0	NA	NA	0.0	NA	0	0	0	0	0	0	13000	0	NA	NA	0.0	NA
40	20	10	0.001999	0.3	1e-06	1e-07	0.0	0007	sieve	candidate_snvs	smc_mu_sa_stage_1	mt	no_cnv	/raid/kang/DelSIEVE/simulation_results/IndelSIEVE_benchmark_pipeline_sa_101/benchmark_results/simulated_data/results/cell_names	/raid/kang/DelSIEVE/simulation_results/IndelSIEVE_benchmark_pipeline_sa_101/benchmark_results/indelsieve/from_candidate/variant_calling/mt/no_cnv/smc_mu_sa_stage_1/0007/indelsieve_median.cell_names	/raid/kang/DelSIEVE/simulation_results/IndelSIEVE_benchmark_pipeline_sa_101/benchmark_results/simulated_data/results/data_type/no_cnv/0007/true_evo_events_sites_names	/raid/kang/DelSIEVE/simulation_results/IndelSIEVE_benchmark_pipeline_sa_101/benchmark_results/indelsieve/from_candidate/variant_calling/mt/no_cnv/smc_mu_sa_stage_1/0007/indelsieve_median.loci_info	/raid/kang/DelSIEVE/simulation_results/IndelSIEVE_benchmark_pipeline_sa_101/benchmark_results/simulated_data/results/data_type/no_cnv/0007/true_evo_events_genotypes_numeric	/raid/kang/DelSIEVE/simulation_results/IndelSIEVE_benchmark_pipeline_sa_101/benchmark_results/indelsieve/from_candidate/variant_calling/mt/no_cnv/smc_mu_sa_stage_1/0007/indelsieve_median.genotypes	/raid/kang/DelSIEVE/simulation_results/IndelSIEVE_benchmark_pipeline_sa_101/benchmark_results/simulated_data/results/data_type/no_cnv/0007/true_evo_events_ternary_matrix.simple	/raid/kang/DelSIEVE/simulation_results/IndelSIEVE_benchmark_pipeline_sa_101/benchmark_results/indelsieve/from_candidate/variant_calling/mt/no_cnv/smc_mu_sa_stage_1/0007/indelsieve_median.ternary	/raid/kang/DelSIEVE/simulation_results/IndelSIEVE_benchmark_pipeline_sa_101/benchmark_results/indelsieve/from_candidate/variant_calling/mt/no_cnv/smc_mu_sa_stage_1/0007/indelsieve_median.probs	7264	36	38531	1329	0.8453392296054928	0.9950684931506848	0.9141131315673566	0.0009334405061321	7263	37	39323	536	0.9312732401589948	0.9949315068493152	0.9620504669183392	0.0009400406504065	7237	47	39332	543	0.9302056555269924	0.993547501372872	0.960833775889538	0.0011935295462048	8	8	47132	11	0.4210526315789473	0.5	0.4571428571428571	0.0001697072549851	19	36	1	10	0	0	24540	20	0.0	NA	0.0	NA	0	0	24560	0	NA	NA	0.0	NA	0	0	24560	0	NA	NA	0.0	NA	0	0	24540	20	0.0	NA	0.0	NA	19	1	0	0	0	0	24560	0	NA	NA	0.0	NA
40	20	10	0.001999	0.3	1e-06	1e-07	0.0	0008	sieve	candidate_snvs	smc_mu_sa_stage_1	mt	no_cnv	/raid/kang/DelSIEVE/simulation_results/IndelSIEVE_benchmark_pipeline_sa_101/benchmark_results/simulated_data/results/cell_names	/raid/kang/DelSIEVE/simulation_results/IndelSIEVE_benchmark_pipeline_sa_101/benchmark_results/indelsieve/from_candidate/variant_calling/mt/no_cnv/smc_mu_sa_stage_1/0008/indelsieve_median.cell_names	/raid/kang/DelSIEVE/simulation_results/IndelSIEVE_benchmark_pipeline_sa_101/benchmark_results/simulated_data/results/data_type/no_cnv/0008/true_evo_events_sites_names	/raid/kang/DelSIEVE/simulation_results/IndelSIEVE_benchmark_pipeline_sa_101/benchmark_results/indelsieve/from_candidate/variant_calling/mt/no_cnv/smc_mu_sa_stage_1/0008/indelsieve_median.loci_info	/raid/kang/DelSIEVE/simulation_results/IndelSIEVE_benchmark_pipeline_sa_101/benchmark_results/simulated_data/results/data_type/no_cnv/0008/true_evo_events_genotypes_numeric	/raid/kang/DelSIEVE/simulation_results/IndelSIEVE_benchmark_pipeline_sa_101/benchmark_results/indelsieve/from_candidate/variant_calling/mt/no_cnv/smc_mu_sa_stage_1/0008/indelsieve_median.genotypes	/raid/kang/DelSIEVE/simulation_results/IndelSIEVE_benchmark_pipeline_sa_101/benchmark_results/simulated_data/results/data_type/no_cnv/0008/true_evo_events_ternary_matrix.simple	/raid/kang/DelSIEVE/simulation_results/IndelSIEVE_benchmark_pipeline_sa_101/benchmark_results/indelsieve/from_candidate/variant_calling/mt/no_cnv/smc_mu_sa_stage_1/0008/indelsieve_median.ternary	/raid/kang/DelSIEVE/simulation_results/IndelSIEVE_benchmark_pipeline_sa_101/benchmark_results/indelsieve/from_candidate/variant_calling/mt/no_cnv/smc_mu_sa_stage_1/0008/indelsieve_median.probs	3161	18	24416	765	0.8051451859398879	0.9943378420887072	0.8897959183673471	0.0007366783989522	3161	18	24887	293	0.9151708164447018	0.9943378420887072	0.9531132217699382	0.0007227464364585	3155	18	24893	293	0.9150232018561484	0.9943271352032776	0.9530282434677542	0.000722572357593	6	0	28353	0	1.0	1.0	1.0	0.0	6	18	0	0	0	0	16311	9	0.0	NA	0.0	NA	0	0	16320	0	NA	NA	0.0	NA	0	0	16320	0	NA	NA	0.0	NA	0	0	16311	9	0.0	NA	0.0	NA	9	0	0	0	0	0	16320	0	NA	NA	0.0	NA
40	20	10	0.001999	0.3	1e-06	1e-07	0.0	0009	sieve	candidate_snvs	smc_mu_sa_stage_1	mt	no_cnv	/raid/kang/DelSIEVE/simulation_results/IndelSIEVE_benchmark_pipeline_sa_101/benchmark_results/simulated_data/results/cell_names	/raid/kang/DelSIEVE/simulation_results/IndelSIEVE_benchmark_pipeline_sa_101/benchmark_results/indelsieve/from_candidate/variant_calling/mt/no_cnv/smc_mu_sa_stage_1/0009/indelsieve_median.cell_names	/raid/kang/DelSIEVE/simulation_results/IndelSIEVE_benchmark_pipeline_sa_101/benchmark_results/simulated_data/results/data_type/no_cnv/0009/true_evo_events_sites_names	/raid/kang/DelSIEVE/simulation_results/IndelSIEVE_benchmark_pipeline_sa_101/benchmark_results/indelsieve/from_candidate/variant_calling/mt/no_cnv/smc_mu_sa_stage_1/0009/indelsieve_median.loci_info	/raid/kang/DelSIEVE/simulation_results/IndelSIEVE_benchmark_pipeline_sa_101/benchmark_results/simulated_data/results/data_type/no_cnv/0009/true_evo_events_genotypes_numeric	/raid/kang/DelSIEVE/simulation_results/IndelSIEVE_benchmark_pipeline_sa_101/benchmark_results/indelsieve/from_candidate/variant_calling/mt/no_cnv/smc_mu_sa_stage_1/0009/indelsieve_median.genotypes	/raid/kang/DelSIEVE/simulation_results/IndelSIEVE_benchmark_pipeline_sa_101/benchmark_results/simulated_data/results/data_type/no_cnv/0009/true_evo_events_ternary_matrix.simple	/raid/kang/DelSIEVE/simulation_results/IndelSIEVE_benchmark_pipeline_sa_101/benchmark_results/indelsieve/from_candidate/variant_calling/mt/no_cnv/smc_mu_sa_stage_1/0009/indelsieve_median.ternary	/raid/kang/DelSIEVE/simulation_results/IndelSIEVE_benchmark_pipeline_sa_101/benchmark_results/indelsieve/from_candidate/variant_calling/mt/no_cnv/smc_mu_sa_stage_1/0009/indelsieve_median.probs	7917	57	42048	1378	0.8517482517482518	0.992851768246802	0.916903121199838	0.0013537584609903	7915	59	42790	634	0.9258392794478888	0.9926009530975672	0.9580584639593296	0.0013769282830404	7811	65	42873	649	0.9232860520094562	0.9917470797359066	0.9562928501469148	0.0015138106106479	56	42	51295	5	0.918032786885246	0.5714285714285714	0.7044025157232705	0.0008181233807974	61	57	0	5	0	0	28127	113	0.0	NA	0.0	NA	0	0	28240	0	NA	NA	0.0	NA	0	0	28212	28	0.0	NA	0.0	NA	0	0	28155	85	0.0	NA	0.0	NA	83	1	2	26	0	0	28240	0	NA	NA	0.0	NA
40	20	10	0.001999	0.3	1e-06	1e-07	0.0	0010	sieve	candidate_snvs	smc_mu_sa_stage_1	mt	no_cnv	/raid/kang/DelSIEVE/simulation_results/IndelSIEVE_benchmark_pipeline_sa_101/benchmark_results/simulated_data/results/cell_names	/raid/kang/DelSIEVE/simulation_results/IndelSIEVE_benchmark_pipeline_sa_101/benchmark_results/indelsieve/from_candidate/variant_calling/mt/no_cnv/smc_mu_sa_stage_1/0010/indelsieve_median.cell_names	/raid/kang/DelSIEVE/simulation_results/IndelSIEVE_benchmark_pipeline_sa_101/benchmark_results/simulated_data/results/data_type/no_cnv/0010/true_evo_events_sites_names	/raid/kang/DelSIEVE/simulation_results/IndelSIEVE_benchmark_pipeline_sa_101/benchmark_results/indelsieve/from_candidate/variant_calling/mt/no_cnv/smc_mu_sa_stage_1/0010/indelsieve_median.loci_info	/raid/kang/DelSIEVE/simulation_results/IndelSIEVE_benchmark_pipeline_sa_101/benchmark_results/simulated_data/results/data_type/no_cnv/0010/true_evo_events_genotypes_numeric	/raid/kang/DelSIEVE/simulation_results/IndelSIEVE_benchmark_pipeline_sa_101/benchmark_results/indelsieve/from_candidate/variant_calling/mt/no_cnv/smc_mu_sa_stage_1/0010/indelsieve_median.genotypes	/raid/kang/DelSIEVE/simulation_results/IndelSIEVE_benchmark_pipeline_sa_101/benchmark_results/simulated_data/results/data_type/no_cnv/0010/true_evo_events_ternary_matrix.simple	/raid/kang/DelSIEVE/simulation_results/IndelSIEVE_benchmark_pipeline_sa_101/benchmark_results/indelsieve/from_candidate/variant_calling/mt/no_cnv/smc_mu_sa_stage_1/0010/indelsieve_median.ternary	/raid/kang/DelSIEVE/simulation_results/IndelSIEVE_benchmark_pipeline_sa_101/benchmark_results/indelsieve/from_candidate/variant_calling/mt/no_cnv/smc_mu_sa_stage_1/0010/indelsieve_median.probs	7173	15	36311	1381	0.8385550619593173	0.9979131886477464	0.9113200355736246	0.0004129273798381	7173	15	37188	504	0.9343493552168816	0.9979131886477464	0.965085771947528	0.0004031932908636	7137	16	37223	504	0.934040047114252	0.9977631762896688	0.9648506151142356	0.000429657079943	34	1	44843	2	0.9444444444444444	0.9714285714285714	0.9577464788732396	2.22995272500223e-05	36	15	1	1	0	0	25375	25	0.0	NA	0.0	NA	0	0	25400	0	NA	NA	0.0	NA	0	0	25400	0	NA	NA	0.0	NA	0	0	25375	25	0.0	NA	0.0	NA	25	0	0	0	0	0	25400	0	NA	NA	0.0	NA
40	20	10	0.001999	0.3	1e-06	1e-07	0.0	0001	indelsieve	candidate_snvs	smc_mudel_sa_stage_1	mt	no_cnv	/raid/kang/DelSIEVE/simulation_results/IndelSIEVE_benchmark_pipeline_sa_101/benchmark_results/simulated_data/results/cell_names	/raid/kang/DelSIEVE/simulation_results/IndelSIEVE_benchmark_pipeline_sa_101/benchmark_results/indelsieve/from_candidate/variant_calling/mt/no_cnv/smc_mudel_sa_stage_1/0001/indelsieve_median.cell_names	/raid/kang/DelSIEVE/simulation_results/IndelSIEVE_benchmark_pipeline_sa_101/benchmark_results/simulated_data/results/data_type/no_cnv/0001/true_evo_events_sites_names	/raid/kang/DelSIEVE/simulation_results/IndelSIEVE_benchmark_pipeline_sa_101/benchmark_results/indelsieve/from_candidate/variant_calling/mt/no_cnv/smc_mudel_sa_stage_1/0001/indelsieve_median.loci_info	/raid/kang/DelSIEVE/simulation_results/IndelSIEVE_benchmark_pipeline_sa_101/benchmark_results/simulated_data/results/data_type/no_cnv/0001/true_evo_events_genotypes_numeric	/raid/kang/DelSIEVE/simulation_results/IndelSIEVE_benchmark_pipeline_sa_101/benchmark_results/indelsieve/from_candidate/variant_calling/mt/no_cnv/smc_mudel_sa_stage_1/0001/indelsieve_median.genotypes	/raid/kang/DelSIEVE/simulation_results/IndelSIEVE_benchmark_pipeline_sa_101/benchmark_results/simulated_data/results/data_type/no_cnv/0001/true_evo_events_ternary_matrix.simple	/raid/kang/DelSIEVE/simulation_results/IndelSIEVE_benchmark_pipeline_sa_101/benchmark_results/indelsieve/from_candidate/variant_calling/mt/no_cnv/smc_mudel_sa_stage_1/0001/indelsieve_median.ternary	/raid/kang/DelSIEVE/simulation_results/IndelSIEVE_benchmark_pipeline_sa_101/benchmark_results/indelsieve/from_candidate/variant_calling/mt/no_cnv/smc_mudel_sa_stage_1/0001/indelsieve_median.probs	9450	67	40601	1602	0.8550488599348535	0.9929599663759588	0.9188584763479022	0.0016474869676404	9409	64	41654	593	0.9407118576284744	0.99324395650797	0.9662644415917844	0.0015341099765089	9346	67	41703	604	0.9392964824120604	0.992882184213322	0.9653462789856944	0.001604022025377	46	8	51664	2	0.9583333333333334	0.8518518518518519	0.9019607843137256	0.0001548227279764	48	63	0	2	41	9	27983	7	0.8541666666666666	0.82	0.0003215204344098	0.836734693877551	0	0	28040	0	NA	NA	0.0	NA	3	3	28033	1	0.75	0.5	0.000107005278927	0.6	38	6	27990	6	0.8636363636363636	0.8636363636363636	0.0002143163309044	0.8636363636363636	5	1	1	0	0	0	28040	0	NA	NA	0.0	NA
40	20	10	0.001999	0.3	1e-06	1e-07	0.0	0002	indelsieve	candidate_snvs	smc_mudel_sa_stage_1	mt	no_cnv	/raid/kang/DelSIEVE/simulation_results/IndelSIEVE_benchmark_pipeline_sa_101/benchmark_results/simulated_data/results/cell_names	/raid/kang/DelSIEVE/simulation_results/IndelSIEVE_benchmark_pipeline_sa_101/benchmark_results/indelsieve/from_candidate/variant_calling/mt/no_cnv/smc_mudel_sa_stage_1/0002/indelsieve_mode_gaussian.cell_names	/raid/kang/DelSIEVE/simulation_results/IndelSIEVE_benchmark_pipeline_sa_101/benchmark_results/simulated_data/results/data_type/no_cnv/0002/true_evo_events_sites_names	/raid/kang/DelSIEVE/simulation_results/IndelSIEVE_benchmark_pipeline_sa_101/benchmark_results/indelsieve/from_candidate/variant_calling/mt/no_cnv/smc_mudel_sa_stage_1/0002/indelsieve_mode_gaussian.loci_info	/raid/kang/DelSIEVE/simulation_results/IndelSIEVE_benchmark_pipeline_sa_101/benchmark_results/simulated_data/results/data_type/no_cnv/0002/true_evo_events_genotypes_numeric	/raid/kang/DelSIEVE/simulation_results/IndelSIEVE_benchmark_pipeline_sa_101/benchmark_results/indelsieve/from_candidate/variant_calling/mt/no_cnv/smc_mudel_sa_stage_1/0002/indelsieve_mode_gaussian.genotypes	/raid/kang/DelSIEVE/simulation_results/IndelSIEVE_benchmark_pipeline_sa_101/benchmark_results/simulated_data/results/data_type/no_cnv/0002/true_evo_events_ternary_matrix.simple	/raid/kang/DelSIEVE/simulation_results/IndelSIEVE_benchmark_pipeline_sa_101/benchmark_results/indelsieve/from_candidate/variant_calling/mt/no_cnv/smc_mudel_sa_stage_1/0002/indelsieve_mode_gaussian.ternary	/raid/kang/DelSIEVE/simulation_results/IndelSIEVE_benchmark_pipeline_sa_101/benchmark_results/indelsieve/from_candidate/variant_calling/mt/no_cnv/smc_mudel_sa_stage_1/0002/indelsieve_mode_gaussian.probs	6042	48	38195	1235	0.8302872062663186	0.9921182266009853	0.9040173561756564	0.0012551316580812	6020	49	38916	535	0.9183829138062548	0.9919261822376008	0.9537389100126744	0.0012575388168869	5948	50	38981	541	0.9166281399291109	0.9916638879626544	0.952670777608713	0.0012810330250313	50	6	45463	1	0.9803921568627452	0.8928571428571429	0.9345794392523364	0.0001319580373441	51	48	0	1	36	0	25475	9	0.8	1.0	0.0	0.888888888888889	0	0	25520	0	NA	NA	0.0	NA	15	0	25505	0	1.0	1.0	0.0	1.0	21	0	25490	9	0.7	1.0	0.0	0.8235294117647058	8	1	0	0	0	0	25520	0	NA	NA	0.0	NA
40	20	10	0.001999	0.3	1e-06	1e-07	0.0	0003	indelsieve	candidate_snvs	smc_mudel_sa_stage_1	mt	no_cnv	/raid/kang/DelSIEVE/simulation_results/IndelSIEVE_benchmark_pipeline_sa_101/benchmark_results/simulated_data/results/cell_names	/raid/kang/DelSIEVE/simulation_results/IndelSIEVE_benchmark_pipeline_sa_101/benchmark_results/indelsieve/from_candidate/variant_calling/mt/no_cnv/smc_mudel_sa_stage_1/0003/indelsieve_mode_gaussian.cell_names	/raid/kang/DelSIEVE/simulation_results/IndelSIEVE_benchmark_pipeline_sa_101/benchmark_results/simulated_data/results/data_type/no_cnv/0003/true_evo_events_sites_names	/raid/kang/DelSIEVE/simulation_results/IndelSIEVE_benchmark_pipeline_sa_101/benchmark_results/indelsieve/from_candidate/variant_calling/mt/no_cnv/smc_mudel_sa_stage_1/0003/indelsieve_mode_gaussian.loci_info	/raid/kang/DelSIEVE/simulation_results/IndelSIEVE_benchmark_pipeline_sa_101/benchmark_results/simulated_data/results/data_type/no_cnv/0003/true_evo_events_genotypes_numeric	/raid/kang/DelSIEVE/simulation_results/IndelSIEVE_benchmark_pipeline_sa_101/benchmark_results/indelsieve/from_candidate/variant_calling/mt/no_cnv/smc_mudel_sa_stage_1/0003/indelsieve_mode_gaussian.genotypes	/raid/kang/DelSIEVE/simulation_results/IndelSIEVE_benchmark_pipeline_sa_101/benchmark_results/simulated_data/results/data_type/no_cnv/0003/true_evo_events_ternary_matrix.simple	/raid/kang/DelSIEVE/simulation_results/IndelSIEVE_benchmark_pipeline_sa_101/benchmark_results/indelsieve/from_candidate/variant_calling/mt/no_cnv/smc_mudel_sa_stage_1/0003/indelsieve_mode_gaussian.ternary	/raid/kang/DelSIEVE/simulation_results/IndelSIEVE_benchmark_pipeline_sa_101/benchmark_results/indelsieve/from_candidate/variant_calling/mt/no_cnv/smc_mudel_sa_stage_1/0003/indelsieve_mode_gaussian.probs	8160	50	46967	1623	0.83409996933456	0.9939098660170524	0.9070193964319458	0.0010634451368653	8150	38	47913	695	0.921424533634822	0.9953590620420129	0.9569658897434392	0.0007924756522283	8065	45	47978	708	0.9192978456628292	0.9944512946979038	0.9553989219925368	0.0009370509963975	48	13	56728	7	0.8727272727272727	0.7868852459016393	0.8275862068965518	0.0002291112246876	55	38	0	7	27	12	29867	14	0.6585365853658537	0.6923076923076923	0.000401619866796	0.675	0	0	29920	0	NA	NA	0.0	NA	17	0	29903	0	1.0	1.0	0.0	1.0	10	12	29884	14	0.4166666666666667	0.4545454545454545	0.0004013914905004	0.4347826086956521	14	0	0	0	0	0	29920	0	NA	NA	0.0	NA
40	20	10	0.001999	0.3	1e-06	1e-07	0.0	0004	indelsieve	candidate_snvs	smc_mudel_sa_stage_1	mt	no_cnv	/raid/kang/DelSIEVE/simulation_results/IndelSIEVE_benchmark_pipeline_sa_101/benchmark_results/simulated_data/results/cell_names	/raid/kang/DelSIEVE/simulation_results/IndelSIEVE_benchmark_pipeline_sa_101/benchmark_results/indelsieve/from_candidate/variant_calling/mt/no_cnv/smc_mudel_sa_stage_1/0004/indelsieve_median.cell_names	/raid/kang/DelSIEVE/simulation_results/IndelSIEVE_benchmark_pipeline_sa_101/benchmark_results/simulated_data/results/data_type/no_cnv/0004/true_evo_events_sites_names	/raid/kang/DelSIEVE/simulation_results/IndelSIEVE_benchmark_pipeline_sa_101/benchmark_results/indelsieve/from_candidate/variant_calling/mt/no_cnv/smc_mudel_sa_stage_1/0004/indelsieve_median.loci_info	/raid/kang/DelSIEVE/simulation_results/IndelSIEVE_benchmark_pipeline_sa_101/benchmark_results/simulated_data/results/data_type/no_cnv/0004/true_evo_events_genotypes_numeric	/raid/kang/DelSIEVE/simulation_results/IndelSIEVE_benchmark_pipeline_sa_101/benchmark_results/indelsieve/from_candidate/variant_calling/mt/no_cnv/smc_mudel_sa_stage_1/0004/indelsieve_median.genotypes	/raid/kang/DelSIEVE/simulation_results/IndelSIEVE_benchmark_pipeline_sa_101/benchmark_results/simulated_data/results/data_type/no_cnv/0004/true_evo_events_ternary_matrix.simple	/raid/kang/DelSIEVE/simulation_results/IndelSIEVE_benchmark_pipeline_sa_101/benchmark_results/indelsieve/from_candidate/variant_calling/mt/no_cnv/smc_mudel_sa_stage_1/0004/indelsieve_median.ternary	/raid/kang/DelSIEVE/simulation_results/IndelSIEVE_benchmark_pipeline_sa_101/benchmark_results/indelsieve/from_candidate/variant_calling/mt/no_cnv/smc_mudel_sa_stage_1/0004/indelsieve_median.probs	8907	25	29833	1435	0.8612454070779346	0.9972010747872816	0.924250285358514	0.0008372965369415	8866	25	30995	314	0.9657952069716776	0.9971881678101452	0.9812406618338776	0.0008059316569954	8680	27	31176	317	0.9647660331221518	0.9968990467439992	0.9805693628558516	0.0008653014133256	135	3	40060	2	0.9854014598540146	0.9782608695652174	0.9818181818181816	7.488206075431196e-05	137	25	0	2	87	0	26393	0	1.0	1.0	0.0	1.0	0	0	26480	0	NA	NA	0.0	NA	46	0	26434	0	1.0	1.0	0.0	1.0	41	0	26439	0	1.0	1.0	0.0	1.0	0	0	0	0	0	0	26480	0	NA	NA	0.0	NA
40	20	10	0.001999	0.3	1e-06	1e-07	0.0	0005	indelsieve	candidate_snvs	smc_mudel_sa_stage_1	mt	no_cnv	/raid/kang/DelSIEVE/simulation_results/IndelSIEVE_benchmark_pipeline_sa_101/benchmark_results/simulated_data/results/cell_names	/raid/kang/DelSIEVE/simulation_results/IndelSIEVE_benchmark_pipeline_sa_101/benchmark_results/indelsieve/from_candidate/variant_calling/mt/no_cnv/smc_mudel_sa_stage_1/0005/indelsieve_median.cell_names	/raid/kang/DelSIEVE/simulation_results/IndelSIEVE_benchmark_pipeline_sa_101/benchmark_results/simulated_data/results/data_type/no_cnv/0005/true_evo_events_sites_names	/raid/kang/DelSIEVE/simulation_results/IndelSIEVE_benchmark_pipeline_sa_101/benchmark_results/indelsieve/from_candidate/variant_calling/mt/no_cnv/smc_mudel_sa_stage_1/0005/indelsieve_median.loci_info	/raid/kang/DelSIEVE/simulation_results/IndelSIEVE_benchmark_pipeline_sa_101/benchmark_results/simulated_data/results/data_type/no_cnv/0005/true_evo_events_genotypes_numeric	/raid/kang/DelSIEVE/simulation_results/IndelSIEVE_benchmark_pipeline_sa_101/benchmark_results/indelsieve/from_candidate/variant_calling/mt/no_cnv/smc_mudel_sa_stage_1/0005/indelsieve_median.genotypes	/raid/kang/DelSIEVE/simulation_results/IndelSIEVE_benchmark_pipeline_sa_101/benchmark_results/simulated_data/results/data_type/no_cnv/0005/true_evo_events_ternary_matrix.simple	/raid/kang/DelSIEVE/simulation_results/IndelSIEVE_benchmark_pipeline_sa_101/benchmark_results/indelsieve/from_candidate/variant_calling/mt/no_cnv/smc_mudel_sa_stage_1/0005/indelsieve_median.ternary	/raid/kang/DelSIEVE/simulation_results/IndelSIEVE_benchmark_pipeline_sa_101/benchmark_results/indelsieve/from_candidate/variant_calling/mt/no_cnv/smc_mudel_sa_stage_1/0005/indelsieve_median.probs	8802	31	34572	1595	0.8465903626045975	0.996490433601268	0.9154446177847114	0.0008958760801086	8730	32	35596	638	0.9318958155422716	0.9963478657840676	0.9630446773303916	0.0008981699786684	8628	34	35695	639	0.9310456458400777	0.9960748095128146	0.9624630486920632	0.0009516079375297	53	3	44935	5	0.913793103448276	0.9464285714285714	0.9298245614035088	6.675864524455917e-05	58	31	2	3	115	0	18805	0	1.0	1.0	0.0	1.0	0	0	18920	0	NA	NA	0.0	NA	43	1	18876	0	1.0	0.9772727272727272	5.297451925623775e-05	0.9885057471264368	71	0	18848	1	0.9861111111111112	1.0	0.0	0.993006993006993	0	0	0	0	0	0	18920	0	NA	NA	0.0	NA
40	20	10	0.001999	0.3	1e-06	1e-07	0.0	0006	indelsieve	candidate_snvs	smc_mudel_sa_stage_1	mt	no_cnv	/raid/kang/DelSIEVE/simulation_results/IndelSIEVE_benchmark_pipeline_sa_101/benchmark_results/simulated_data/results/cell_names	/raid/kang/DelSIEVE/simulation_results/IndelSIEVE_benchmark_pipeline_sa_101/benchmark_results/indelsieve/from_candidate/variant_calling/mt/no_cnv/smc_mudel_sa_stage_1/0006/indelsieve_mode_gaussian.cell_names	/raid/kang/DelSIEVE/simulation_results/IndelSIEVE_benchmark_pipeline_sa_101/benchmark_results/simulated_data/results/data_type/no_cnv/0006/true_evo_events_sites_names	/raid/kang/DelSIEVE/simulation_results/IndelSIEVE_benchmark_pipeline_sa_101/benchmark_results/indelsieve/from_candidate/variant_calling/mt/no_cnv/smc_mudel_sa_stage_1/0006/indelsieve_mode_gaussian.loci_info	/raid/kang/DelSIEVE/simulation_results/IndelSIEVE_benchmark_pipeline_sa_101/benchmark_results/simulated_data/results/data_type/no_cnv/0006/true_evo_events_genotypes_numeric	/raid/kang/DelSIEVE/simulation_results/IndelSIEVE_benchmark_pipeline_sa_101/benchmark_results/indelsieve/from_candidate/variant_calling/mt/no_cnv/smc_mudel_sa_stage_1/0006/indelsieve_mode_gaussian.genotypes	/raid/kang/DelSIEVE/simulation_results/IndelSIEVE_benchmark_pipeline_sa_101/benchmark_results/simulated_data/results/data_type/no_cnv/0006/true_evo_events_ternary_matrix.simple	/raid/kang/DelSIEVE/simulation_results/IndelSIEVE_benchmark_pipeline_sa_101/benchmark_results/indelsieve/from_candidate/variant_calling/mt/no_cnv/smc_mudel_sa_stage_1/0006/indelsieve_mode_gaussian.ternary	/raid/kang/DelSIEVE/simulation_results/IndelSIEVE_benchmark_pipeline_sa_101/benchmark_results/indelsieve/from_candidate/variant_calling/mt/no_cnv/smc_mudel_sa_stage_1/0006/indelsieve_mode_gaussian.probs	3957	20	20764	779	0.8355152027027027	0.9949710837314558	0.9082979455985308	0.0009622786759045	3957	20	21220	323	0.924532710280374	0.9949710837314558	0.9584594889184932	0.0009416195856873	3952	21	21220	327	0.9235802757653656	0.9947143216712812	0.9578284052350946	0.0009886540181724	0	4	25515	1	0.0	0.0	NA	0.000156745953995	1	20	0	1	0	0	13000	0	NA	NA	0.0	NA	0	0	13000	0	NA	NA	0.0	NA	0	0	13000	0	NA	NA	0.0	NA	0	0	13000	0	NA	NA	0.0	NA	0	0	0	0	0	0	13000	0	NA	NA	0.0	NA
40	20	10	0.001999	0.3	1e-06	1e-07	0.0	0007	indelsieve	candidate_snvs	smc_mudel_sa_stage_1	mt	no_cnv	/raid/kang/DelSIEVE/simulation_results/IndelSIEVE_benchmark_pipeline_sa_101/benchmark_results/simulated_data/results/cell_names	/raid/kang/DelSIEVE/simulation_results/IndelSIEVE_benchmark_pipeline_sa_101/benchmark_results/indelsieve/from_candidate/variant_calling/mt/no_cnv/smc_mudel_sa_stage_1/0007/indelsieve_median.cell_names	/raid/kang/DelSIEVE/simulation_results/IndelSIEVE_benchmark_pipeline_sa_101/benchmark_results/simulated_data/results/data_type/no_cnv/0007/true_evo_events_sites_names	/raid/kang/DelSIEVE/simulation_results/IndelSIEVE_benchmark_pipeline_sa_101/benchmark_results/indelsieve/from_candidate/variant_calling/mt/no_cnv/smc_mudel_sa_stage_1/0007/indelsieve_median.loci_info	/raid/kang/DelSIEVE/simulation_results/IndelSIEVE_benchmark_pipeline_sa_101/benchmark_results/simulated_data/results/data_type/no_cnv/0007/true_evo_events_genotypes_numeric	/raid/kang/DelSIEVE/simulation_results/IndelSIEVE_benchmark_pipeline_sa_101/benchmark_results/indelsieve/from_candidate/variant_calling/mt/no_cnv/smc_mudel_sa_stage_1/0007/indelsieve_median.genotypes	/raid/kang/DelSIEVE/simulation_results/IndelSIEVE_benchmark_pipeline_sa_101/benchmark_results/simulated_data/results/data_type/no_cnv/0007/true_evo_events_ternary_matrix.simple	/raid/kang/DelSIEVE/simulation_results/IndelSIEVE_benchmark_pipeline_sa_101/benchmark_results/indelsieve/from_candidate/variant_calling/mt/no_cnv/smc_mudel_sa_stage_1/0007/indelsieve_median.ternary	/raid/kang/DelSIEVE/simulation_results/IndelSIEVE_benchmark_pipeline_sa_101/benchmark_results/indelsieve/from_candidate/variant_calling/mt/no_cnv/smc_mudel_sa_stage_1/0007/indelsieve_median.probs	7279	39	38528	1314	0.8470848364948214	0.9946706750478272	0.9149644899754884	0.0010112272149765	7263	40	39320	536	0.9312732401589948	0.9945227988497878	0.9618593563766388	0.0010162601626016	7241	50	39329	539	0.930719794344473	0.9931422301467564	0.9609183199522262	0.0012697122831966	8	4	47136	11	0.4210526315789473	0.6666666666666666	0.5161290322580646	8.485362749257531e-05	19	39	1	10	15	0	24540	5	0.75	1.0	0.0	0.8571428571428571	0	0	24560	0	NA	NA	0.0	NA	0	0	24560	0	NA	NA	0.0	NA	15	0	24540	5	0.75	1.0	0.0	0.8571428571428571	4	1	0	0	0	0	24560	0	NA	NA	0.0	NA
40	20	10	0.001999	0.3	1e-06	1e-07	0.0	0008	indelsieve	candidate_snvs	smc_mudel_sa_stage_1	mt	no_cnv	/raid/kang/DelSIEVE/simulation_results/IndelSIEVE_benchmark_pipeline_sa_101/benchmark_results/simulated_data/results/cell_names	/raid/kang/DelSIEVE/simulation_results/IndelSIEVE_benchmark_pipeline_sa_101/benchmark_results/indelsieve/from_candidate/variant_calling/mt/no_cnv/smc_mudel_sa_stage_1/0008/indelsieve_median.cell_names	/raid/kang/DelSIEVE/simulation_results/IndelSIEVE_benchmark_pipeline_sa_101/benchmark_results/simulated_data/results/data_type/no_cnv/0008/true_evo_events_sites_names	/raid/kang/DelSIEVE/simulation_results/IndelSIEVE_benchmark_pipeline_sa_101/benchmark_results/indelsieve/from_candidate/variant_calling/mt/no_cnv/smc_mudel_sa_stage_1/0008/indelsieve_median.loci_info	/raid/kang/DelSIEVE/simulation_results/IndelSIEVE_benchmark_pipeline_sa_101/benchmark_results/simulated_data/results/data_type/no_cnv/0008/true_evo_events_genotypes_numeric	/raid/kang/DelSIEVE/simulation_results/IndelSIEVE_benchmark_pipeline_sa_101/benchmark_results/indelsieve/from_candidate/variant_calling/mt/no_cnv/smc_mudel_sa_stage_1/0008/indelsieve_median.genotypes	/raid/kang/DelSIEVE/simulation_results/IndelSIEVE_benchmark_pipeline_sa_101/benchmark_results/simulated_data/results/data_type/no_cnv/0008/true_evo_events_ternary_matrix.simple	/raid/kang/DelSIEVE/simulation_results/IndelSIEVE_benchmark_pipeline_sa_101/benchmark_results/indelsieve/from_candidate/variant_calling/mt/no_cnv/smc_mudel_sa_stage_1/0008/indelsieve_median.ternary	/raid/kang/DelSIEVE/simulation_results/IndelSIEVE_benchmark_pipeline_sa_101/benchmark_results/indelsieve/from_candidate/variant_calling/mt/no_cnv/smc_mudel_sa_stage_1/0008/indelsieve_median.probs	3169	18	24416	757	0.8071828833418238	0.9943520552243488	0.8910445662870801	0.0007366783989522	3161	18	24887	293	0.9151708164447018	0.9943378420887072	0.9531132217699382	0.0007227464364585	3155	18	24893	293	0.9150232018561484	0.9943271352032776	0.9530282434677542	0.000722572357593	6	0	28353	0	1.0	1.0	1.0	0.0	6	18	0	0	8	0	16311	1	0.8888888888888888	1.0	0.0	0.9411764705882352	0	0	16320	0	NA	NA	0.0	NA	0	0	16320	0	NA	NA	0.0	NA	8	0	16311	1	0.8888888888888888	1.0	0.0	0.9411764705882352	1	0	0	0	0	0	16320	0	NA	NA	0.0	NA
40	20	10	0.001999	0.3	1e-06	1e-07	0.0	0009	indelsieve	candidate_snvs	smc_mudel_sa_stage_1	mt	no_cnv	/raid/kang/DelSIEVE/simulation_results/IndelSIEVE_benchmark_pipeline_sa_101/benchmark_results/simulated_data/results/cell_names	/raid/kang/DelSIEVE/simulation_results/IndelSIEVE_benchmark_pipeline_sa_101/benchmark_results/indelsieve/from_candidate/variant_calling/mt/no_cnv/smc_mudel_sa_stage_1/0009/indelsieve_median.cell_names	/raid/kang/DelSIEVE/simulation_results/IndelSIEVE_benchmark_pipeline_sa_101/benchmark_results/simulated_data/results/data_type/no_cnv/0009/true_evo_events_sites_names	/raid/kang/DelSIEVE/simulation_results/IndelSIEVE_benchmark_pipeline_sa_101/benchmark_results/indelsieve/from_candidate/variant_calling/mt/no_cnv/smc_mudel_sa_stage_1/0009/indelsieve_median.loci_info	/raid/kang/DelSIEVE/simulation_results/IndelSIEVE_benchmark_pipeline_sa_101/benchmark_results/simulated_data/results/data_type/no_cnv/0009/true_evo_events_genotypes_numeric	/raid/kang/DelSIEVE/simulation_results/IndelSIEVE_benchmark_pipeline_sa_101/benchmark_results/indelsieve/from_candidate/variant_calling/mt/no_cnv/smc_mudel_sa_stage_1/0009/indelsieve_median.genotypes	/raid/kang/DelSIEVE/simulation_results/IndelSIEVE_benchmark_pipeline_sa_101/benchmark_results/simulated_data/results/data_type/no_cnv/0009/true_evo_events_ternary_matrix.simple	/raid/kang/DelSIEVE/simulation_results/IndelSIEVE_benchmark_pipeline_sa_101/benchmark_results/indelsieve/from_candidate/variant_calling/mt/no_cnv/smc_mudel_sa_stage_1/0009/indelsieve_median.ternary	/raid/kang/DelSIEVE/simulation_results/IndelSIEVE_benchmark_pipeline_sa_101/benchmark_results/indelsieve/from_candidate/variant_calling/mt/no_cnv/smc_mudel_sa_stage_1/0009/indelsieve_median.probs	8002	55	42050	1293	0.8608929532006455	0.993173637830458	0.9223144306131856	0.0013062581641135	7917	57	42792	632	0.9260732249385892	0.992851768246802	0.958300550747443	0.0013302527480221	7813	60	42878	647	0.9235224586288416	0.9923790168931792	0.956713402314333	0.001397363640598	56	15	51322	5	0.918032786885246	0.7887323943661971	0.8484848484848485	0.0002921869217133	61	55	0	5	113	0	28127	0	1.0	1.0	0.0	1.0	0	0	28240	0	NA	NA	0.0	NA	28	2	28210	0	1.0	0.9333333333333332	7.08918190840777e-05	0.9655172413793104	83	0	28155	2	0.976470588235294	1.0	0.0	0.988095238095238	0	0	0	0	0	0	28240	0	NA	NA	0.0	NA
40	20	10	0.001999	0.3	1e-06	1e-07	0.0	0010	indelsieve	candidate_snvs	smc_mudel_sa_stage_1	mt	no_cnv	/raid/kang/DelSIEVE/simulation_results/IndelSIEVE_benchmark_pipeline_sa_101/benchmark_results/simulated_data/results/cell_names	/raid/kang/DelSIEVE/simulation_results/IndelSIEVE_benchmark_pipeline_sa_101/benchmark_results/indelsieve/from_candidate/variant_calling/mt/no_cnv/smc_mudel_sa_stage_1/0010/indelsieve_median.cell_names	/raid/kang/DelSIEVE/simulation_results/IndelSIEVE_benchmark_pipeline_sa_101/benchmark_results/simulated_data/results/data_type/no_cnv/0010/true_evo_events_sites_names	/raid/kang/DelSIEVE/simulation_results/IndelSIEVE_benchmark_pipeline_sa_101/benchmark_results/indelsieve/from_candidate/variant_calling/mt/no_cnv/smc_mudel_sa_stage_1/0010/indelsieve_median.loci_info	/raid/kang/DelSIEVE/simulation_results/IndelSIEVE_benchmark_pipeline_sa_101/benchmark_results/simulated_data/results/data_type/no_cnv/0010/true_evo_events_genotypes_numeric	/raid/kang/DelSIEVE/simulation_results/IndelSIEVE_benchmark_pipeline_sa_101/benchmark_results/indelsieve/from_candidate/variant_calling/mt/no_cnv/smc_mudel_sa_stage_1/0010/indelsieve_median.genotypes	/raid/kang/DelSIEVE/simulation_results/IndelSIEVE_benchmark_pipeline_sa_101/benchmark_results/simulated_data/results/data_type/no_cnv/0010/true_evo_events_ternary_matrix.simple	/raid/kang/DelSIEVE/simulation_results/IndelSIEVE_benchmark_pipeline_sa_101/benchmark_results/indelsieve/from_candidate/variant_calling/mt/no_cnv/smc_mudel_sa_stage_1/0010/indelsieve_median.ternary	/raid/kang/DelSIEVE/simulation_results/IndelSIEVE_benchmark_pipeline_sa_101/benchmark_results/indelsieve/from_candidate/variant_calling/mt/no_cnv/smc_mudel_sa_stage_1/0010/indelsieve_median.probs	7197	16	36310	1357	0.8413607668926818	0.9977817828920006	0.9129193885964356	0.0004404558718273	7174	15	37188	503	0.9344796144327212	0.9979134789261372	0.9651553881339968	0.0004031932908636	7138	16	37223	503	0.9341709200366444	0.9977634889572268	0.9649205812774584	0.000429657079943	34	1	44843	2	0.9444444444444444	0.9714285714285714	0.9577464788732396	2.22995272500223e-05	36	15	1	1	23	1	25374	2	0.92	0.9583333333333334	3.940886699507389e-05	0.9387755102040816	0	0	25400	0	NA	NA	0.0	NA	0	0	25400	0	NA	NA	0.0	NA	23	1	25374	2	0.92	0.9583333333333334	3.940886699507389e-05	0.9387755102040816	2	0	0	0	0	0	25400	0	NA	NA	0.0	NA
40	20	10	0.001999	0.3	1e-06	1e-07	0.0	0001	sieve	candidate_snvs	smc_mu_sa_stage_1-smc_mu_sa_stage_2	mt	no_cnv	/raid/kang/DelSIEVE/simulation_results/IndelSIEVE_benchmark_pipeline_sa_101/benchmark_results/simulated_data/results/cell_names	/raid/kang/DelSIEVE/simulation_results/IndelSIEVE_benchmark_pipeline_sa_101/benchmark_results/indelsieve/from_candidate/variant_calling/stage2/mt/no_cnv/smc_mu_sa_stage_1-smc_mu_sa_stage_2/0001/indelsieve_median.cell_names	/raid/kang/DelSIEVE/simulation_results/IndelSIEVE_benchmark_pipeline_sa_101/benchmark_results/simulated_data/results/data_type/no_cnv/0001/true_evo_events_sites_names	/raid/kang/DelSIEVE/simulation_results/IndelSIEVE_benchmark_pipeline_sa_101/benchmark_results/indelsieve/from_candidate/variant_calling/stage2/mt/no_cnv/smc_mu_sa_stage_1-smc_mu_sa_stage_2/0001/indelsieve_median.loci_info	/raid/kang/DelSIEVE/simulation_results/IndelSIEVE_benchmark_pipeline_sa_101/benchmark_results/simulated_data/results/data_type/no_cnv/0001/true_evo_events_genotypes_numeric	/raid/kang/DelSIEVE/simulation_results/IndelSIEVE_benchmark_pipeline_sa_101/benchmark_results/indelsieve/from_candidate/variant_calling/stage2/mt/no_cnv/smc_mu_sa_stage_1-smc_mu_sa_stage_2/0001/indelsieve_median.genotypes	/raid/kang/DelSIEVE/simulation_results/IndelSIEVE_benchmark_pipeline_sa_101/benchmark_results/simulated_data/results/data_type/no_cnv/0001/true_evo_events_ternary_matrix.simple	/raid/kang/DelSIEVE/simulation_results/IndelSIEVE_benchmark_pipeline_sa_101/benchmark_results/indelsieve/from_candidate/variant_calling/stage2/mt/no_cnv/smc_mu_sa_stage_1-smc_mu_sa_stage_2/0001/indelsieve_median.ternary	/raid/kang/DelSIEVE/simulation_results/IndelSIEVE_benchmark_pipeline_sa_101/benchmark_results/indelsieve/from_candidate/variant_calling/stage2/mt/no_cnv/smc_mu_sa_stage_1-smc_mu_sa_stage_2/0001/indelsieve_median.probs	9417	56	40612	1635	0.8520629750271445	0.9940884619444738	0.9176126674786844	0.0013770040326546	9416	57	41661	586	0.9414117176564688	0.9939828987649107	0.9669833119383824	0.0013663166978282	9359	66	41704	591	0.9406030150753768	0.9929973474801062	0.9660903225806452	0.0015800813981326	43	5	51667	5	0.8958333333333334	0.8958333333333334	0.8958333333333334	9.676420498529184e-05	48	56	0	5	0	0	27992	48	0.0	NA	0.0	NA	0	0	28040	0	NA	NA	0.0	NA	0	0	28036	4	0.0	NA	0.0	NA	0	0	27996	44	0.0	NA	0.0	NA	43	1	4	0	0	0	28040	0	NA	NA	0.0	NA
40	20	10	0.001999	0.3	1e-06	1e-07	0.0	0001	indelsieve	candidate_snvs	smc_mudel_sa_stage_1-smc_mudel_sa_stage_2	mt	no_cnv	/raid/kang/DelSIEVE/simulation_results/IndelSIEVE_benchmark_pipeline_sa_101/benchmark_results/simulated_data/results/cell_names	/raid/kang/DelSIEVE/simulation_results/IndelSIEVE_benchmark_pipeline_sa_101/benchmark_results/indelsieve/from_candidate/variant_calling/stage2/mt/no_cnv/smc_mudel_sa_stage_1-smc_mudel_sa_stage_2/0001/indelsieve_median.cell_names	/raid/kang/DelSIEVE/simulation_results/IndelSIEVE_benchmark_pipeline_sa_101/benchmark_results/simulated_data/results/data_type/no_cnv/0001/true_evo_events_sites_names	/raid/kang/DelSIEVE/simulation_results/IndelSIEVE_benchmark_pipeline_sa_101/benchmark_results/indelsieve/from_candidate/variant_calling/stage2/mt/no_cnv/smc_mudel_sa_stage_1-smc_mudel_sa_stage_2/0001/indelsieve_median.loci_info	/raid/kang/DelSIEVE/simulation_results/IndelSIEVE_benchmark_pipeline_sa_101/benchmark_results/simulated_data/results/data_type/no_cnv/0001/true_evo_events_genotypes_numeric	/raid/kang/DelSIEVE/simulation_results/IndelSIEVE_benchmark_pipeline_sa_101/benchmark_results/indelsieve/from_candidate/variant_calling/stage2/mt/no_cnv/smc_mudel_sa_stage_1-smc_mudel_sa_stage_2/0001/indelsieve_median.genotypes	/raid/kang/DelSIEVE/simulation_results/IndelSIEVE_benchmark_pipeline_sa_101/benchmark_results/simulated_data/results/data_type/no_cnv/0001/true_evo_events_ternary_matrix.simple	/raid/kang/DelSIEVE/simulation_results/IndelSIEVE_benchmark_pipeline_sa_101/benchmark_results/indelsieve/from_candidate/variant_calling/stage2/mt/no_cnv/smc_mudel_sa_stage_1-smc_mudel_sa_stage_2/0001/indelsieve_median.ternary	/raid/kang/DelSIEVE/simulation_results/IndelSIEVE_benchmark_pipeline_sa_101/benchmark_results/indelsieve/from_candidate/variant_calling/stage2/mt/no_cnv/smc_mudel_sa_stage_1-smc_mudel_sa_stage_2/0001/indelsieve_median.probs	9455	56	40612	1597	0.8555012667390518	0.9941120807486068	0.919612896950834	0.0013770040326546	9416	57	41661	586	0.9414117176564688	0.9939828987649107	0.9669833119383824	0.0013663166978282	9359	63	41707	591	0.9406030150753768	0.9933135215453196	0.966239933925253	0.0015082595163993	43	5	51667	5	0.8958333333333334	0.8958333333333334	0.8958333333333334	9.676420498529184e-05	48	56	0	5	41	0	27992	7	0.8541666666666666	1.0	0.0	0.9213483146067416	0	0	28040	0	NA	NA	0.0	NA	3	0	28036	1	0.75	1.0	0.0	0.8571428571428571	38	0	27996	6	0.8636363636363636	1.0	0.0	0.9268292682926828	5	1	1	0	0	0	28040	0	NA	NA	0.0	NA
40	20	10	0.001999	0.3	1e-06	1e-07	0.0	0002	sieve	candidate_snvs	smc_mu_sa_stage_1-smc_mu_sa_stage_2	mt	no_cnv	/raid/kang/DelSIEVE/simulation_results/IndelSIEVE_benchmark_pipeline_sa_101/benchmark_results/simulated_data/results/cell_names	/raid/kang/DelSIEVE/simulation_results/IndelSIEVE_benchmark_pipeline_sa_101/benchmark_results/indelsieve/from_candidate/variant_calling/stage2/mt/no_cnv/smc_mu_sa_stage_1-smc_mu_sa_stage_2/0002/indelsieve_median.cell_names	/raid/kang/DelSIEVE/simulation_results/IndelSIEVE_benchmark_pipeline_sa_101/benchmark_results/simulated_data/results/data_type/no_cnv/0002/true_evo_events_sites_names	/raid/kang/DelSIEVE/simulation_results/IndelSIEVE_benchmark_pipeline_sa_101/benchmark_results/indelsieve/from_candidate/variant_calling/stage2/mt/no_cnv/smc_mu_sa_stage_1-smc_mu_sa_stage_2/0002/indelsieve_median.loci_info	/raid/kang/DelSIEVE/simulation_results/IndelSIEVE_benchmark_pipeline_sa_101/benchmark_results/simulated_data/results/data_type/no_cnv/0002/true_evo_events_genotypes_numeric	/raid/kang/DelSIEVE/simulation_results/IndelSIEVE_benchmark_pipeline_sa_101/benchmark_results/indelsieve/from_candidate/variant_calling/stage2/mt/no_cnv/smc_mu_sa_stage_1-smc_mu_sa_stage_2/0002/indelsieve_median.genotypes	/raid/kang/DelSIEVE/simulation_results/IndelSIEVE_benchmark_pipeline_sa_101/benchmark_results/simulated_data/results/data_type/no_cnv/0002/true_evo_events_ternary_matrix.simple	/raid/kang/DelSIEVE/simulation_results/IndelSIEVE_benchmark_pipeline_sa_101/benchmark_results/indelsieve/from_candidate/variant_calling/stage2/mt/no_cnv/smc_mu_sa_stage_1-smc_mu_sa_stage_2/0002/indelsieve_median.ternary	/raid/kang/DelSIEVE/simulation_results/IndelSIEVE_benchmark_pipeline_sa_101/benchmark_results/indelsieve/from_candidate/variant_calling/stage2/mt/no_cnv/smc_mu_sa_stage_1-smc_mu_sa_stage_2/0002/indelsieve_median.probs	6025	48	38195	1252	0.8279510787412395	0.9920961633459576	0.9026217228464418	0.0012551316580812	6024	49	38916	531	0.9189931350114416	0.9919315000823316	0.9540703199239784	0.0012575388168869	5955	65	38966	534	0.917706888580675	0.989202657807309	0.9521144775761452	0.0016653429325408	50	3	45466	1	0.9803921568627452	0.9433962264150944	0.9615384615384616	6.597901867206228e-05	51	48	0	1	0	0	25475	45	0.0	NA	0.0	NA	0	0	25520	0	NA	NA	0.0	NA	0	0	25505	15	0.0	NA	0.0	NA	0	0	25490	30	0.0	NA	0.0	NA	29	1	15	0	0	0	25520	0	NA	NA	0.0	NA
40	20	10	0.001999	0.3	1e-06	1e-07	0.0	0002	indelsieve	candidate_snvs	smc_mudel_sa_stage_1-smc_mudel_sa_stage_2	mt	no_cnv	/raid/kang/DelSIEVE/simulation_results/IndelSIEVE_benchmark_pipeline_sa_101/benchmark_results/simulated_data/results/cell_names	/raid/kang/DelSIEVE/simulation_results/IndelSIEVE_benchmark_pipeline_sa_101/benchmark_results/indelsieve/from_candidate/variant_calling/stage2/mt/no_cnv/smc_mudel_sa_stage_1-smc_mudel_sa_stage_2/0002/indelsieve_median.cell_names	/raid/kang/DelSIEVE/simulation_results/IndelSIEVE_benchmark_pipeline_sa_101/benchmark_results/simulated_data/results/data_type/no_cnv/0002/true_evo_events_sites_names	/raid/kang/DelSIEVE/simulation_results/IndelSIEVE_benchmark_pipeline_sa_101/benchmark_results/indelsieve/from_candidate/variant_calling/stage2/mt/no_cnv/smc_mudel_sa_stage_1-smc_mudel_sa_stage_2/0002/indelsieve_median.loci_info	/raid/kang/DelSIEVE/simulation_results/IndelSIEVE_benchmark_pipeline_sa_101/benchmark_results/simulated_data/results/data_type/no_cnv/0002/true_evo_events_genotypes_numeric	/raid/kang/DelSIEVE/simulation_results/IndelSIEVE_benchmark_pipeline_sa_101/benchmark_results/indelsieve/from_candidate/variant_calling/stage2/mt/no_cnv/smc_mudel_sa_stage_1-smc_mudel_sa_stage_2/0002/indelsieve_median.genotypes	/raid/kang/DelSIEVE/simulation_results/IndelSIEVE_benchmark_pipeline_sa_101/benchmark_results/simulated_data/results/data_type/no_cnv/0002/true_evo_events_ternary_matrix.simple	/raid/kang/DelSIEVE/simulation_results/IndelSIEVE_benchmark_pipeline_sa_101/benchmark_results/indelsieve/from_candidate/variant_calling/stage2/mt/no_cnv/smc_mudel_sa_stage_1-smc_mudel_sa_stage_2/0002/indelsieve_median.ternary	/raid/kang/DelSIEVE/simulation_results/IndelSIEVE_benchmark_pipeline_sa_101/benchmark_results/indelsieve/from_candidate/variant_calling/stage2/mt/no_cnv/smc_mudel_sa_stage_1-smc_mudel_sa_stage_2/0002/indelsieve_median.probs	6046	45	38198	1231	0.830836883331043	0.9926120505664094	0.9045481747456612	0.0011766859294511	6024	46	38919	531	0.9189931350114416	0.9924217462932454	0.9542970297029704	0.0011805466444244	5955	48	38983	534	0.917706888580675	0.9920039980009996	0.9534101825168108	0.0012297917040301	50	3	45466	1	0.9803921568627452	0.9433962264150944	0.9615384615384616	6.597901867206228e-05	51	45	0	1	35	0	25475	10	0.7777777777777778	1.0	0.0	0.8750000000000001	0	0	25520	0	NA	NA	0.0	NA	14	0	25505	1	0.9333333333333332	1.0	0.0	0.9655172413793104	21	0	25490	9	0.7	1.0	0.0	0.8235294117647058	8	1	1	0	0	0	25520	0	NA	NA	0.0	NA
40	20	10	0.001999	0.3	1e-06	1e-07	0.0	0003	sieve	candidate_snvs	smc_mu_sa_stage_1-smc_mu_sa_stage_2	mt	no_cnv	/raid/kang/DelSIEVE/simulation_results/IndelSIEVE_benchmark_pipeline_sa_101/benchmark_results/simulated_data/results/cell_names	/raid/kang/DelSIEVE/simulation_results/IndelSIEVE_benchmark_pipeline_sa_101/benchmark_results/indelsieve/from_candidate/variant_calling/stage2/mt/no_cnv/smc_mu_sa_stage_1-smc_mu_sa_stage_2/0003/indelsieve_median.cell_names	/raid/kang/DelSIEVE/simulation_results/IndelSIEVE_benchmark_pipeline_sa_101/benchmark_results/simulated_data/results/data_type/no_cnv/0003/true_evo_events_sites_names	/raid/kang/DelSIEVE/simulation_results/IndelSIEVE_benchmark_pipeline_sa_101/benchmark_results/indelsieve/from_candidate/variant_calling/stage2/mt/no_cnv/smc_mu_sa_stage_1-smc_mu_sa_stage_2/0003/indelsieve_median.loci_info	/raid/kang/DelSIEVE/simulation_results/IndelSIEVE_benchmark_pipeline_sa_101/benchmark_results/simulated_data/results/data_type/no_cnv/0003/true_evo_events_genotypes_numeric	/raid/kang/DelSIEVE/simulation_results/IndelSIEVE_benchmark_pipeline_sa_101/benchmark_results/indelsieve/from_candidate/variant_calling/stage2/mt/no_cnv/smc_mu_sa_stage_1-smc_mu_sa_stage_2/0003/indelsieve_median.genotypes	/raid/kang/DelSIEVE/simulation_results/IndelSIEVE_benchmark_pipeline_sa_101/benchmark_results/simulated_data/results/data_type/no_cnv/0003/true_evo_events_ternary_matrix.simple	/raid/kang/DelSIEVE/simulation_results/IndelSIEVE_benchmark_pipeline_sa_101/benchmark_results/indelsieve/from_candidate/variant_calling/stage2/mt/no_cnv/smc_mu_sa_stage_1-smc_mu_sa_stage_2/0003/indelsieve_median.ternary	/raid/kang/DelSIEVE/simulation_results/IndelSIEVE_benchmark_pipeline_sa_101/benchmark_results/indelsieve/from_candidate/variant_calling/stage2/mt/no_cnv/smc_mu_sa_stage_1-smc_mu_sa_stage_2/0003/indelsieve_median.probs	8150	42	46975	1633	0.8330777879995911	0.994873046875	0.9068150208623088	0.0008932939149669	8150	42	47909	695	0.921424533634822	0.994873046875	0.9567412103069788	0.0008758941419365	8076	67	47956	697	0.9205516926934914	0.9917720741741372	0.95483565854812	0.0013951648168585	47	2	56739	8	0.8545454545454545	0.9591836734693876	0.9038461538461536	3.524788072117164e-05	55	42	0	8	0	0	29879	41	0.0	NA	0.0	NA	0	0	29920	0	NA	NA	0.0	NA	0	0	29903	17	0.0	NA	0.0	NA	0	0	29896	24	0.0	NA	0.0	NA	24	0	17	0	0	0	29920	0	NA	NA	0.0	NA
40	20	10	0.001999	0.3	1e-06	1e-07	0.0	0003	indelsieve	candidate_snvs	smc_mudel_sa_stage_1-smc_mudel_sa_stage_2	mt	no_cnv	/raid/kang/DelSIEVE/simulation_results/IndelSIEVE_benchmark_pipeline_sa_101/benchmark_results/simulated_data/results/cell_names	/raid/kang/DelSIEVE/simulation_results/IndelSIEVE_benchmark_pipeline_sa_101/benchmark_results/indelsieve/from_candidate/variant_calling/stage2/mt/no_cnv/smc_mudel_sa_stage_1-smc_mudel_sa_stage_2/0003/indelsieve_median.cell_names	/raid/kang/DelSIEVE/simulation_results/IndelSIEVE_benchmark_pipeline_sa_101/benchmark_results/simulated_data/results/data_type/no_cnv/0003/true_evo_events_sites_names	/raid/kang/DelSIEVE/simulation_results/IndelSIEVE_benchmark_pipeline_sa_101/benchmark_results/indelsieve/from_candidate/variant_calling/stage2/mt/no_cnv/smc_mudel_sa_stage_1-smc_mudel_sa_stage_2/0003/indelsieve_median.loci_info	/raid/kang/DelSIEVE/simulation_results/IndelSIEVE_benchmark_pipeline_sa_101/benchmark_results/simulated_data/results/data_type/no_cnv/0003/true_evo_events_genotypes_numeric	/raid/kang/DelSIEVE/simulation_results/IndelSIEVE_benchmark_pipeline_sa_101/benchmark_results/indelsieve/from_candidate/variant_calling/stage2/mt/no_cnv/smc_mudel_sa_stage_1-smc_mudel_sa_stage_2/0003/indelsieve_median.genotypes	/raid/kang/DelSIEVE/simulation_results/IndelSIEVE_benchmark_pipeline_sa_101/benchmark_results/simulated_data/results/data_type/no_cnv/0003/true_evo_events_ternary_matrix.simple	/raid/kang/DelSIEVE/simulation_results/IndelSIEVE_benchmark_pipeline_sa_101/benchmark_results/indelsieve/from_candidate/variant_calling/stage2/mt/no_cnv/smc_mudel_sa_stage_1-smc_mudel_sa_stage_2/0003/indelsieve_median.ternary	/raid/kang/DelSIEVE/simulation_results/IndelSIEVE_benchmark_pipeline_sa_101/benchmark_results/indelsieve/from_candidate/variant_calling/stage2/mt/no_cnv/smc_mudel_sa_stage_1-smc_mudel_sa_stage_2/0003/indelsieve_median.probs	8160	48	46969	1623	0.83409996933456	0.9941520467836256	0.9071202267800568	0.0010209073313907	8150	43	47908	695	0.921424533634822	0.9947516172342245	0.9566850569315648	0.0008967487643636	8076	51	47972	697	0.9205516926934914	0.9937246216315984	0.9557396449704142	0.0010619911292505	47	2	56739	8	0.8545454545454545	0.9591836734693876	0.9038461538461536	3.524788072117164e-05	55	43	0	8	27	5	29874	14	0.6585365853658537	0.84375	0.000167341611165	0.7397260273972602	0	0	29920	0	NA	NA	0.0	NA	17	0	29903	0	1.0	1.0	0.0	1.0	10	5	29891	14	0.4166666666666667	0.6666666666666666	0.0001672464543751	0.5128205128205129	14	0	0	0	0	0	29920	0	NA	NA	0.0	NA
40	20	10	0.001999	0.3	1e-06	1e-07	0.0	0004	sieve	candidate_snvs	smc_mu_sa_stage_1-smc_mu_sa_stage_2	mt	no_cnv	/raid/kang/DelSIEVE/simulation_results/IndelSIEVE_benchmark_pipeline_sa_101/benchmark_results/simulated_data/results/cell_names	/raid/kang/DelSIEVE/simulation_results/IndelSIEVE_benchmark_pipeline_sa_101/benchmark_results/indelsieve/from_candidate/variant_calling/stage2/mt/no_cnv/smc_mu_sa_stage_1-smc_mu_sa_stage_2/0004/indelsieve_median.cell_names	/raid/kang/DelSIEVE/simulation_results/IndelSIEVE_benchmark_pipeline_sa_101/benchmark_results/simulated_data/results/data_type/no_cnv/0004/true_evo_events_sites_names	/raid/kang/DelSIEVE/simulation_results/IndelSIEVE_benchmark_pipeline_sa_101/benchmark_results/indelsieve/from_candidate/variant_calling/stage2/mt/no_cnv/smc_mu_sa_stage_1-smc_mu_sa_stage_2/0004/indelsieve_median.loci_info	/raid/kang/DelSIEVE/simulation_results/IndelSIEVE_benchmark_pipeline_sa_101/benchmark_results/simulated_data/results/data_type/no_cnv/0004/true_evo_events_genotypes_numeric	/raid/kang/DelSIEVE/simulation_results/IndelSIEVE_benchmark_pipeline_sa_101/benchmark_results/indelsieve/from_candidate/variant_calling/stage2/mt/no_cnv/smc_mu_sa_stage_1-smc_mu_sa_stage_2/0004/indelsieve_median.genotypes	/raid/kang/DelSIEVE/simulation_results/IndelSIEVE_benchmark_pipeline_sa_101/benchmark_results/simulated_data/results/data_type/no_cnv/0004/true_evo_events_ternary_matrix.simple	/raid/kang/DelSIEVE/simulation_results/IndelSIEVE_benchmark_pipeline_sa_101/benchmark_results/indelsieve/from_candidate/variant_calling/stage2/mt/no_cnv/smc_mu_sa_stage_1-smc_mu_sa_stage_2/0004/indelsieve_median.ternary	/raid/kang/DelSIEVE/simulation_results/IndelSIEVE_benchmark_pipeline_sa_101/benchmark_results/indelsieve/from_candidate/variant_calling/stage2/mt/no_cnv/smc_mu_sa_stage_1-smc_mu_sa_stage_2/0004/indelsieve_median.probs	8868	20	29838	1474	0.85747437632953	0.9977497749774976	0.9223088923556942	0.0006698372295532	8868	20	31000	312	0.9660130718954248	0.9977497749774976	0.9816249723267656	0.0006447453255963	8685	31	31172	312	0.9653217739246416	0.9964433226250574	0.980635691300175	0.0009934942152998	133	39	40024	4	0.9708029197080292	0.7732558139534884	0.8608414239482202	0.000973466789806	137	20	0	4	0	0	26393	87	0.0	NA	0.0	NA	0	0	26480	0	NA	NA	0.0	NA	0	0	26434	46	0.0	NA	0.0	NA	0	0	26439	41	0.0	NA	0.0	NA	41	0	7	39	0	0	26480	0	NA	NA	0.0	NA
40	20	10	0.001999	0.3	1e-06	1e-07	0.0	0004	indelsieve	candidate_snvs	smc_mudel_sa_stage_1-smc_mudel_sa_stage_2	mt	no_cnv	/raid/kang/DelSIEVE/simulation_results/IndelSIEVE_benchmark_pipeline_sa_101/benchmark_results/simulated_data/results/cell_names	/raid/kang/DelSIEVE/simulation_results/IndelSIEVE_benchmark_pipeline_sa_101/benchmark_results/indelsieve/from_candidate/variant_calling/stage2/mt/no_cnv/smc_mudel_sa_stage_1-smc_mudel_sa_stage_2/0004/indelsieve_median.cell_names	/raid/kang/DelSIEVE/simulation_results/IndelSIEVE_benchmark_pipeline_sa_101/benchmark_results/simulated_data/results/data_type/no_cnv/0004/true_evo_events_sites_names	/raid/kang/DelSIEVE/simulation_results/IndelSIEVE_benchmark_pipeline_sa_101/benchmark_results/indelsieve/from_candidate/variant_calling/stage2/mt/no_cnv/smc_mudel_sa_stage_1-smc_mudel_sa_stage_2/0004/indelsieve_median.loci_info	/raid/kang/DelSIEVE/simulation_results/IndelSIEVE_benchmark_pipeline_sa_101/benchmark_results/simulated_data/results/data_type/no_cnv/0004/true_evo_events_genotypes_numeric	/raid/kang/DelSIEVE/simulation_results/IndelSIEVE_benchmark_pipeline_sa_101/benchmark_results/indelsieve/from_candidate/variant_calling/stage2/mt/no_cnv/smc_mudel_sa_stage_1-smc_mudel_sa_stage_2/0004/indelsieve_median.genotypes	/raid/kang/DelSIEVE/simulation_results/IndelSIEVE_benchmark_pipeline_sa_101/benchmark_results/simulated_data/results/data_type/no_cnv/0004/true_evo_events_ternary_matrix.simple	/raid/kang/DelSIEVE/simulation_results/IndelSIEVE_benchmark_pipeline_sa_101/benchmark_results/indelsieve/from_candidate/variant_calling/stage2/mt/no_cnv/smc_mudel_sa_stage_1-smc_mudel_sa_stage_2/0004/indelsieve_median.ternary	/raid/kang/DelSIEVE/simulation_results/IndelSIEVE_benchmark_pipeline_sa_101/benchmark_results/indelsieve/from_candidate/variant_calling/stage2/mt/no_cnv/smc_mudel_sa_stage_1-smc_mudel_sa_stage_2/0004/indelsieve_median.probs	8909	20	29838	1433	0.8614387932701605	0.9977601075148392	0.9246017331741996	0.0006698372295532	8868	20	31000	312	0.9660130718954248	0.9977497749774976	0.9816249723267656	0.0006447453255963	8685	24	31179	312	0.9653217739246416	0.997244230106786	0.9810233819044392	0.000769156811845	133	0	40063	4	0.9708029197080292	1.0	0.9851851851851852	0.0	137	20	0	4	87	0	26393	0	1.0	1.0	0.0	1.0	0	0	26480	0	NA	NA	0.0	NA	46	0	26434	0	1.0	1.0	0.0	1.0	41	0	26439	0	1.0	1.0	0.0	1.0	0	0	0	0	0	0	26480	0	NA	NA	0.0	NA
40	20	10	0.001999	0.3	1e-06	1e-07	0.0	0005	sieve	candidate_snvs	smc_mu_sa_stage_1-smc_mu_sa_stage_2	mt	no_cnv	/raid/kang/DelSIEVE/simulation_results/IndelSIEVE_benchmark_pipeline_sa_101/benchmark_results/simulated_data/results/cell_names	/raid/kang/DelSIEVE/simulation_results/IndelSIEVE_benchmark_pipeline_sa_101/benchmark_results/indelsieve/from_candidate/variant_calling/stage2/mt/no_cnv/smc_mu_sa_stage_1-smc_mu_sa_stage_2/0005/indelsieve_median.cell_names	/raid/kang/DelSIEVE/simulation_results/IndelSIEVE_benchmark_pipeline_sa_101/benchmark_results/simulated_data/results/data_type/no_cnv/0005/true_evo_events_sites_names	/raid/kang/DelSIEVE/simulation_results/IndelSIEVE_benchmark_pipeline_sa_101/benchmark_results/indelsieve/from_candidate/variant_calling/stage2/mt/no_cnv/smc_mu_sa_stage_1-smc_mu_sa_stage_2/0005/indelsieve_median.loci_info	/raid/kang/DelSIEVE/simulation_results/IndelSIEVE_benchmark_pipeline_sa_101/benchmark_results/simulated_data/results/data_type/no_cnv/0005/true_evo_events_genotypes_numeric	/raid/kang/DelSIEVE/simulation_results/IndelSIEVE_benchmark_pipeline_sa_101/benchmark_results/indelsieve/from_candidate/variant_calling/stage2/mt/no_cnv/smc_mu_sa_stage_1-smc_mu_sa_stage_2/0005/indelsieve_median.genotypes	/raid/kang/DelSIEVE/simulation_results/IndelSIEVE_benchmark_pipeline_sa_101/benchmark_results/simulated_data/results/data_type/no_cnv/0005/true_evo_events_ternary_matrix.simple	/raid/kang/DelSIEVE/simulation_results/IndelSIEVE_benchmark_pipeline_sa_101/benchmark_results/indelsieve/from_candidate/variant_calling/stage2/mt/no_cnv/smc_mu_sa_stage_1-smc_mu_sa_stage_2/0005/indelsieve_median.ternary	/raid/kang/DelSIEVE/simulation_results/IndelSIEVE_benchmark_pipeline_sa_101/benchmark_results/indelsieve/from_candidate/variant_calling/stage2/mt/no_cnv/smc_mu_sa_stage_1-smc_mu_sa_stage_2/0005/indelsieve_median.probs	8737	40	34563	1660	0.8403385591997692	0.995442634157457	0.9113382705747368	0.001155969135624	8734	43	35585	634	0.9323228010247652	0.9951008317192662	0.96268944612841	0.0012069159088357	8632	55	35674	635	0.9314772849897486	0.9936687003568552	0.9615684527124876	0.0015393657812981	52	38	44900	6	0.896551724137931	0.5777777777777777	0.7027027027027027	0.000845609506431	58	40	2	4	0	0	18805	115	0.0	NA	0.0	NA	0	0	18920	0	NA	NA	0.0	NA	0	0	18877	43	0.0	NA	0.0	NA	0	0	18848	72	0.0	NA	0.0	NA	69	3	8	35	0	0	18920	0	NA	NA	0.0	NA
40	20	10	0.001999	0.3	1e-06	1e-07	0.0	0005	indelsieve	candidate_snvs	smc_mudel_sa_stage_1-smc_mudel_sa_stage_2	mt	no_cnv	/raid/kang/DelSIEVE/simulation_results/IndelSIEVE_benchmark_pipeline_sa_101/benchmark_results/simulated_data/results/cell_names	/raid/kang/DelSIEVE/simulation_results/IndelSIEVE_benchmark_pipeline_sa_101/benchmark_results/indelsieve/from_candidate/variant_calling/stage2/mt/no_cnv/smc_mudel_sa_stage_1-smc_mudel_sa_stage_2/0005/indelsieve_median.cell_names	/raid/kang/DelSIEVE/simulation_results/IndelSIEVE_benchmark_pipeline_sa_101/benchmark_results/simulated_data/results/data_type/no_cnv/0005/true_evo_events_sites_names	/raid/kang/DelSIEVE/simulation_results/IndelSIEVE_benchmark_pipeline_sa_101/benchmark_results/indelsieve/from_candidate/variant_calling/stage2/mt/no_cnv/smc_mudel_sa_stage_1-smc_mudel_sa_stage_2/0005/indelsieve_median.loci_info	/raid/kang/DelSIEVE/simulation_results/IndelSIEVE_benchmark_pipeline_sa_101/benchmark_results/simulated_data/results/data_type/no_cnv/0005/true_evo_events_genotypes_numeric	/raid/kang/DelSIEVE/simulation_results/IndelSIEVE_benchmark_pipeline_sa_101/benchmark_results/indelsieve/from_candidate/variant_calling/stage2/mt/no_cnv/smc_mudel_sa_stage_1-smc_mudel_sa_stage_2/0005/indelsieve_median.genotypes	/raid/kang/DelSIEVE/simulation_results/IndelSIEVE_benchmark_pipeline_sa_101/benchmark_results/simulated_data/results/data_type/no_cnv/0005/true_evo_events_ternary_matrix.simple	/raid/kang/DelSIEVE/simulation_results/IndelSIEVE_benchmark_pipeline_sa_101/benchmark_results/indelsieve/from_candidate/variant_calling/stage2/mt/no_cnv/smc_mudel_sa_stage_1-smc_mudel_sa_stage_2/0005/indelsieve_median.ternary	/raid/kang/DelSIEVE/simulation_results/IndelSIEVE_benchmark_pipeline_sa_101/benchmark_results/indelsieve/from_candidate/variant_calling/stage2/mt/no_cnv/smc_mudel_sa_stage_1-smc_mudel_sa_stage_2/0005/indelsieve_median.probs	8804	41	34562	1593	0.8467827257862846	0.9953646127755794	0.9150815923500676	0.0011848683640146	8732	42	35586	636	0.9321093082835183	0.9952131297013904	0.9626281556608972	0.0011788480970023	8630	45	35684	637	0.9312614654149132	0.9948126801152738	0.961988630030097	0.0012594810937893	52	3	44935	6	0.896551724137931	0.9454545454545454	0.920353982300885	6.675864524455917e-05	58	41	2	4	115	0	18805	0	1.0	1.0	0.0	1.0	0	0	18920	0	NA	NA	0.0	NA	43	1	18876	0	1.0	0.9772727272727272	5.297451925623775e-05	0.9885057471264368	71	0	18848	1	0.9861111111111112	1.0	0.0	0.993006993006993	0	0	0	0	0	0	18920	0	NA	NA	0.0	NA
40	20	10	0.001999	0.3	1e-06	1e-07	0.0	0006	sieve	candidate_snvs	smc_mu_sa_stage_1-smc_mu_sa_stage_2	mt	no_cnv	/raid/kang/DelSIEVE/simulation_results/IndelSIEVE_benchmark_pipeline_sa_101/benchmark_results/simulated_data/results/cell_names	/raid/kang/DelSIEVE/simulation_results/IndelSIEVE_benchmark_pipeline_sa_101/benchmark_results/indelsieve/from_candidate/variant_calling/stage2/mt/no_cnv/smc_mu_sa_stage_1-smc_mu_sa_stage_2/0006/indelsieve_median.cell_names	/raid/kang/DelSIEVE/simulation_results/IndelSIEVE_benchmark_pipeline_sa_101/benchmark_results/simulated_data/results/data_type/no_cnv/0006/true_evo_events_sites_names	/raid/kang/DelSIEVE/simulation_results/IndelSIEVE_benchmark_pipeline_sa_101/benchmark_results/indelsieve/from_candidate/variant_calling/stage2/mt/no_cnv/smc_mu_sa_stage_1-smc_mu_sa_stage_2/0006/indelsieve_median.loci_info	/raid/kang/DelSIEVE/simulation_results/IndelSIEVE_benchmark_pipeline_sa_101/benchmark_results/simulated_data/results/data_type/no_cnv/0006/true_evo_events_genotypes_numeric	/raid/kang/DelSIEVE/simulation_results/IndelSIEVE_benchmark_pipeline_sa_101/benchmark_results/indelsieve/from_candidate/variant_calling/stage2/mt/no_cnv/smc_mu_sa_stage_1-smc_mu_sa_stage_2/0006/indelsieve_median.genotypes	/raid/kang/DelSIEVE/simulation_results/IndelSIEVE_benchmark_pipeline_sa_101/benchmark_results/simulated_data/results/data_type/no_cnv/0006/true_evo_events_ternary_matrix.simple	/raid/kang/DelSIEVE/simulation_results/IndelSIEVE_benchmark_pipeline_sa_101/benchmark_results/indelsieve/from_candidate/variant_calling/stage2/mt/no_cnv/smc_mu_sa_stage_1-smc_mu_sa_stage_2/0006/indelsieve_median.ternary	/raid/kang/DelSIEVE/simulation_results/IndelSIEVE_benchmark_pipeline_sa_101/benchmark_results/indelsieve/from_candidate/variant_calling/stage2/mt/no_cnv/smc_mu_sa_stage_1-smc_mu_sa_stage_2/0006/indelsieve_median.probs	3961	23	20761	775	0.8363597972972973	0.994226907630522	0.90848623853211	0.0011066204772902	3961	23	21217	319	0.9254672897196262	0.994226907630522	0.9586156824782188	0.0010828625235404	3960	24	21217	319	0.9254498714652956	0.993975903614458	0.9584896526685224	0.0011298903064827	0	0	25519	1	0.0	NA	NA	0.0	1	23	0	1	0	0	13000	0	NA	NA	0.0	NA	0	0	13000	0	NA	NA	0.0	NA	0	0	13000	0	NA	NA	0.0	NA	0	0	13000	0	NA	NA	0.0	NA	0	0	0	0	0	0	13000	0	NA	NA	0.0	NA
40	20	10	0.001999	0.3	1e-06	1e-07	0.0	0006	indelsieve	candidate_snvs	smc_mudel_sa_stage_1-smc_mudel_sa_stage_2	mt	no_cnv	/raid/kang/DelSIEVE/simulation_results/IndelSIEVE_benchmark_pipeline_sa_101/benchmark_results/simulated_data/results/cell_names	/raid/kang/DelSIEVE/simulation_results/IndelSIEVE_benchmark_pipeline_sa_101/benchmark_results/indelsieve/from_candidate/variant_calling/stage2/mt/no_cnv/smc_mudel_sa_stage_1-smc_mudel_sa_stage_2/0006/indelsieve_median.cell_names	/raid/kang/DelSIEVE/simulation_results/IndelSIEVE_benchmark_pipeline_sa_101/benchmark_results/simulated_data/results/data_type/no_cnv/0006/true_evo_events_sites_names	/raid/kang/DelSIEVE/simulation_results/IndelSIEVE_benchmark_pipeline_sa_101/benchmark_results/indelsieve/from_candidate/variant_calling/stage2/mt/no_cnv/smc_mudel_sa_stage_1-smc_mudel_sa_stage_2/0006/indelsieve_median.loci_info	/raid/kang/DelSIEVE/simulation_results/IndelSIEVE_benchmark_pipeline_sa_101/benchmark_results/simulated_data/results/data_type/no_cnv/0006/true_evo_events_genotypes_numeric	/raid/kang/DelSIEVE/simulation_results/IndelSIEVE_benchmark_pipeline_sa_101/benchmark_results/indelsieve/from_candidate/variant_calling/stage2/mt/no_cnv/smc_mudel_sa_stage_1-smc_mudel_sa_stage_2/0006/indelsieve_median.genotypes	/raid/kang/DelSIEVE/simulation_results/IndelSIEVE_benchmark_pipeline_sa_101/benchmark_results/simulated_data/results/data_type/no_cnv/0006/true_evo_events_ternary_matrix.simple	/raid/kang/DelSIEVE/simulation_results/IndelSIEVE_benchmark_pipeline_sa_101/benchmark_results/indelsieve/from_candidate/variant_calling/stage2/mt/no_cnv/smc_mudel_sa_stage_1-smc_mudel_sa_stage_2/0006/indelsieve_median.ternary	/raid/kang/DelSIEVE/simulation_results/IndelSIEVE_benchmark_pipeline_sa_101/benchmark_results/indelsieve/from_candidate/variant_calling/stage2/mt/no_cnv/smc_mudel_sa_stage_1-smc_mudel_sa_stage_2/0006/indelsieve_median.probs	3961	23	20761	775	0.8363597972972973	0.994226907630522	0.90848623853211	0.0011066204772902	3961	23	21217	319	0.9254672897196262	0.994226907630522	0.9586156824782188	0.0010828625235404	3960	24	21217	319	0.9254498714652956	0.993975903614458	0.9584896526685224	0.0011298903064827	0	0	25519	1	0.0	NA	NA	0.0	1	23	0	1	0	0	13000	0	NA	NA	0.0	NA	0	0	13000	0	NA	NA	0.0	NA	0	0	13000	0	NA	NA	0.0	NA	0	0	13000	0	NA	NA	0.0	NA	0	0	0	0	0	0	13000	0	NA	NA	0.0	NA
40	20	10	0.001999	0.3	1e-06	1e-07	0.0	0007	sieve	candidate_snvs	smc_mu_sa_stage_1-smc_mu_sa_stage_2	mt	no_cnv	/raid/kang/DelSIEVE/simulation_results/IndelSIEVE_benchmark_pipeline_sa_101/benchmark_results/simulated_data/results/cell_names	/raid/kang/DelSIEVE/simulation_results/IndelSIEVE_benchmark_pipeline_sa_101/benchmark_results/indelsieve/from_candidate/variant_calling/stage2/mt/no_cnv/smc_mu_sa_stage_1-smc_mu_sa_stage_2/0007/indelsieve_median.cell_names	/raid/kang/DelSIEVE/simulation_results/IndelSIEVE_benchmark_pipeline_sa_101/benchmark_results/simulated_data/results/data_type/no_cnv/0007/true_evo_events_sites_names	/raid/kang/DelSIEVE/simulation_results/IndelSIEVE_benchmark_pipeline_sa_101/benchmark_results/indelsieve/from_candidate/variant_calling/stage2/mt/no_cnv/smc_mu_sa_stage_1-smc_mu_sa_stage_2/0007/indelsieve_median.loci_info	/raid/kang/DelSIEVE/simulation_results/IndelSIEVE_benchmark_pipeline_sa_101/benchmark_results/simulated_data/results/data_type/no_cnv/0007/true_evo_events_genotypes_numeric	/raid/kang/DelSIEVE/simulation_results/IndelSIEVE_benchmark_pipeline_sa_101/benchmark_results/indelsieve/from_candidate/variant_calling/stage2/mt/no_cnv/smc_mu_sa_stage_1-smc_mu_sa_stage_2/0007/indelsieve_median.genotypes	/raid/kang/DelSIEVE/simulation_results/IndelSIEVE_benchmark_pipeline_sa_101/benchmark_results/simulated_data/results/data_type/no_cnv/0007/true_evo_events_ternary_matrix.simple	/raid/kang/DelSIEVE/simulation_results/IndelSIEVE_benchmark_pipeline_sa_101/benchmark_results/indelsieve/from_candidate/variant_calling/stage2/mt/no_cnv/smc_mu_sa_stage_1-smc_mu_sa_stage_2/0007/indelsieve_median.ternary	/raid/kang/DelSIEVE/simulation_results/IndelSIEVE_benchmark_pipeline_sa_101/benchmark_results/indelsieve/from_candidate/variant_calling/stage2/mt/no_cnv/smc_mu_sa_stage_1-smc_mu_sa_stage_2/0007/indelsieve_median.probs	7269	33	38534	1324	0.8459210985686023	0.995480690221857	0.9146272412708398	0.0008556537972878	7268	34	39326	531	0.9319143479933324	0.9953437414407011	0.962585259254354	0.0008638211382113	7248	46	39333	532	0.9316195372750644	0.9936934466684948	0.961655831232586	0.0011681353005408	6	2	47138	13	0.3157894736842105	0.75	0.4444444444444443	4.2426813746287656e-05	19	33	1	12	0	0	24540	20	0.0	NA	0.0	NA	0	0	24560	0	NA	NA	0.0	NA	0	0	24560	0	NA	NA	0.0	NA	0	0	24540	20	0.0	NA	0.0	NA	19	1	0	0	0	0	24560	0	NA	NA	0.0	NA
40	20	10	0.001999	0.3	1e-06	1e-07	0.0	0007	indelsieve	candidate_snvs	smc_mudel_sa_stage_1-smc_mudel_sa_stage_2	mt	no_cnv	/raid/kang/DelSIEVE/simulation_results/IndelSIEVE_benchmark_pipeline_sa_101/benchmark_results/simulated_data/results/cell_names	/raid/kang/DelSIEVE/simulation_results/IndelSIEVE_benchmark_pipeline_sa_101/benchmark_results/indelsieve/from_candidate/variant_calling/stage2/mt/no_cnv/smc_mudel_sa_stage_1-smc_mudel_sa_stage_2/0007/indelsieve_median.cell_names	/raid/kang/DelSIEVE/simulation_results/IndelSIEVE_benchmark_pipeline_sa_101/benchmark_results/simulated_data/results/data_type/no_cnv/0007/true_evo_events_sites_names	/raid/kang/DelSIEVE/simulation_results/IndelSIEVE_benchmark_pipeline_sa_101/benchmark_results/indelsieve/from_candidate/variant_calling/stage2/mt/no_cnv/smc_mudel_sa_stage_1-smc_mudel_sa_stage_2/0007/indelsieve_median.loci_info	/raid/kang/DelSIEVE/simulation_results/IndelSIEVE_benchmark_pipeline_sa_101/benchmark_results/simulated_data/results/data_type/no_cnv/0007/true_evo_events_genotypes_numeric	/raid/kang/DelSIEVE/simulation_results/IndelSIEVE_benchmark_pipeline_sa_101/benchmark_results/indelsieve/from_candidate/variant_calling/stage2/mt/no_cnv/smc_mudel_sa_stage_1-smc_mudel_sa_stage_2/0007/indelsieve_median.genotypes	/raid/kang/DelSIEVE/simulation_results/IndelSIEVE_benchmark_pipeline_sa_101/benchmark_results/simulated_data/results/data_type/no_cnv/0007/true_evo_events_ternary_matrix.simple	/raid/kang/DelSIEVE/simulation_results/IndelSIEVE_benchmark_pipeline_sa_101/benchmark_results/indelsieve/from_candidate/variant_calling/stage2/mt/no_cnv/smc_mudel_sa_stage_1-smc_mudel_sa_stage_2/0007/indelsieve_median.ternary	/raid/kang/DelSIEVE/simulation_results/IndelSIEVE_benchmark_pipeline_sa_101/benchmark_results/indelsieve/from_candidate/variant_calling/stage2/mt/no_cnv/smc_mudel_sa_stage_1-smc_mudel_sa_stage_2/0007/indelsieve_median.probs	7284	34	38533	1309	0.8476667054579309	0.9953539218365672	0.915592985984539	0.0008815827002359	7268	35	39325	531	0.9319143479933324	0.9952074489935644	0.9625215203284332	0.0008892276422764	7248	47	39332	532	0.9316195372750644	0.9935572309801234	0.961592039800995	0.0011935295462048	6	2	47138	13	0.3157894736842105	0.75	0.4444444444444443	4.2426813746287656e-05	19	34	1	12	15	0	24540	5	0.75	1.0	0.0	0.8571428571428571	0	0	24560	0	NA	NA	0.0	NA	0	0	24560	0	NA	NA	0.0	NA	15	0	24540	5	0.75	1.0	0.0	0.8571428571428571	4	1	0	0	0	0	24560	0	NA	NA	0.0	NA
40	20	10	0.001999	0.3	1e-06	1e-07	0.0	0008	sieve	candidate_snvs	smc_mu_sa_stage_1-smc_mu_sa_stage_2	mt	no_cnv	/raid/kang/DelSIEVE/simulation_results/IndelSIEVE_benchmark_pipeline_sa_101/benchmark_results/simulated_data/results/cell_names	/raid/kang/DelSIEVE/simulation_results/IndelSIEVE_benchmark_pipeline_sa_101/benchmark_results/indelsieve/from_candidate/variant_calling/stage2/mt/no_cnv/smc_mu_sa_stage_1-smc_mu_sa_stage_2/0008/indelsieve_median.cell_names	/raid/kang/DelSIEVE/simulation_results/IndelSIEVE_benchmark_pipeline_sa_101/benchmark_results/simulated_data/results/data_type/no_cnv/0008/true_evo_events_sites_names	/raid/kang/DelSIEVE/simulation_results/IndelSIEVE_benchmark_pipeline_sa_101/benchmark_results/indelsieve/from_candidate/variant_calling/stage2/mt/no_cnv/smc_mu_sa_stage_1-smc_mu_sa_stage_2/0008/indelsieve_median.loci_info	/raid/kang/DelSIEVE/simulation_results/IndelSIEVE_benchmark_pipeline_sa_101/benchmark_results/simulated_data/results/data_type/no_cnv/0008/true_evo_events_genotypes_numeric	/raid/kang/DelSIEVE/simulation_results/IndelSIEVE_benchmark_pipeline_sa_101/benchmark_results/indelsieve/from_candidate/variant_calling/stage2/mt/no_cnv/smc_mu_sa_stage_1-smc_mu_sa_stage_2/0008/indelsieve_median.genotypes	/raid/kang/DelSIEVE/simulation_results/IndelSIEVE_benchmark_pipeline_sa_101/benchmark_results/simulated_data/results/data_type/no_cnv/0008/true_evo_events_ternary_matrix.simple	/raid/kang/DelSIEVE/simulation_results/IndelSIEVE_benchmark_pipeline_sa_101/benchmark_results/indelsieve/from_candidate/variant_calling/stage2/mt/no_cnv/smc_mu_sa_stage_1-smc_mu_sa_stage_2/0008/indelsieve_median.ternary	/raid/kang/DelSIEVE/simulation_results/IndelSIEVE_benchmark_pipeline_sa_101/benchmark_results/indelsieve/from_candidate/variant_calling/stage2/mt/no_cnv/smc_mu_sa_stage_1-smc_mu_sa_stage_2/0008/indelsieve_median.probs	3164	19	24415	762	0.8059093224656139	0.9940307885642476	0.8901392600928401	0.0007776049766718	3164	19	24886	290	0.9160393746381008	0.9940307885642476	0.953442820551454	0.0007628990162617	3158	19	24892	290	0.915893271461717	0.9940195152659742	0.9533584905660376	0.0007627152663481	6	0	28353	0	1.0	1.0	1.0	0.0	6	19	0	0	0	0	16311	9	0.0	NA	0.0	NA	0	0	16320	0	NA	NA	0.0	NA	0	0	16320	0	NA	NA	0.0	NA	0	0	16311	9	0.0	NA	0.0	NA	9	0	0	0	0	0	16320	0	NA	NA	0.0	NA
40	20	10	0.001999	0.3	1e-06	1e-07	0.0	0008	indelsieve	candidate_snvs	smc_mudel_sa_stage_1-smc_mudel_sa_stage_2	mt	no_cnv	/raid/kang/DelSIEVE/simulation_results/IndelSIEVE_benchmark_pipeline_sa_101/benchmark_results/simulated_data/results/cell_names	/raid/kang/DelSIEVE/simulation_results/IndelSIEVE_benchmark_pipeline_sa_101/benchmark_results/indelsieve/from_candidate/variant_calling/stage2/mt/no_cnv/smc_mudel_sa_stage_1-smc_mudel_sa_stage_2/0008/indelsieve_median.cell_names	/raid/kang/DelSIEVE/simulation_results/IndelSIEVE_benchmark_pipeline_sa_101/benchmark_results/simulated_data/results/data_type/no_cnv/0008/true_evo_events_sites_names	/raid/kang/DelSIEVE/simulation_results/IndelSIEVE_benchmark_pipeline_sa_101/benchmark_results/indelsieve/from_candidate/variant_calling/stage2/mt/no_cnv/smc_mudel_sa_stage_1-smc_mudel_sa_stage_2/0008/indelsieve_median.loci_info	/raid/kang/DelSIEVE/simulation_results/IndelSIEVE_benchmark_pipeline_sa_101/benchmark_results/simulated_data/results/data_type/no_cnv/0008/true_evo_events_genotypes_numeric	/raid/kang/DelSIEVE/simulation_results/IndelSIEVE_benchmark_pipeline_sa_101/benchmark_results/indelsieve/from_candidate/variant_calling/stage2/mt/no_cnv/smc_mudel_sa_stage_1-smc_mudel_sa_stage_2/0008/indelsieve_median.genotypes	/raid/kang/DelSIEVE/simulation_results/IndelSIEVE_benchmark_pipeline_sa_101/benchmark_results/simulated_data/results/data_type/no_cnv/0008/true_evo_events_ternary_matrix.simple	/raid/kang/DelSIEVE/simulation_results/IndelSIEVE_benchmark_pipeline_sa_101/benchmark_results/indelsieve/from_candidate/variant_calling/stage2/mt/no_cnv/smc_mudel_sa_stage_1-smc_mudel_sa_stage_2/0008/indelsieve_median.ternary	/raid/kang/DelSIEVE/simulation_results/IndelSIEVE_benchmark_pipeline_sa_101/benchmark_results/indelsieve/from_candidate/variant_calling/stage2/mt/no_cnv/smc_mudel_sa_stage_1-smc_mudel_sa_stage_2/0008/indelsieve_median.probs	3169	19	24415	757	0.8071828833418238	0.9940401505646174	0.8909193140286759	0.0007776049766718	3164	19	24886	290	0.9160393746381008	0.9940307885642476	0.953442820551454	0.0007628990162617	3158	19	24892	290	0.915893271461717	0.9940195152659742	0.9533584905660376	0.0007627152663481	6	0	28353	0	1.0	1.0	1.0	0.0	6	19	0	0	5	0	16311	4	0.5555555555555556	1.0	0.0	0.7142857142857143	0	0	16320	0	NA	NA	0.0	NA	0	0	16320	0	NA	NA	0.0	NA	5	0	16311	4	0.5555555555555556	1.0	0.0	0.7142857142857143	4	0	0	0	0	0	16320	0	NA	NA	0.0	NA
40	20	10	0.001999	0.3	1e-06	1e-07	0.0	0009	sieve	candidate_snvs	smc_mu_sa_stage_1-smc_mu_sa_stage_2	mt	no_cnv	/raid/kang/DelSIEVE/simulation_results/IndelSIEVE_benchmark_pipeline_sa_101/benchmark_results/simulated_data/results/cell_names	/raid/kang/DelSIEVE/simulation_results/IndelSIEVE_benchmark_pipeline_sa_101/benchmark_results/indelsieve/from_candidate/variant_calling/stage2/mt/no_cnv/smc_mu_sa_stage_1-smc_mu_sa_stage_2/0009/indelsieve_median.cell_names	/raid/kang/DelSIEVE/simulation_results/IndelSIEVE_benchmark_pipeline_sa_101/benchmark_results/simulated_data/results/data_type/no_cnv/0009/true_evo_events_sites_names	/raid/kang/DelSIEVE/simulation_results/IndelSIEVE_benchmark_pipeline_sa_101/benchmark_results/indelsieve/from_candidate/variant_calling/stage2/mt/no_cnv/smc_mu_sa_stage_1-smc_mu_sa_stage_2/0009/indelsieve_median.loci_info	/raid/kang/DelSIEVE/simulation_results/IndelSIEVE_benchmark_pipeline_sa_101/benchmark_results/simulated_data/results/data_type/no_cnv/0009/true_evo_events_genotypes_numeric	/raid/kang/DelSIEVE/simulation_results/IndelSIEVE_benchmark_pipeline_sa_101/benchmark_results/indelsieve/from_candidate/variant_calling/stage2/mt/no_cnv/smc_mu_sa_stage_1-smc_mu_sa_stage_2/0009/indelsieve_median.genotypes	/raid/kang/DelSIEVE/simulation_results/IndelSIEVE_benchmark_pipeline_sa_101/benchmark_results/simulated_data/results/data_type/no_cnv/0009/true_evo_events_ternary_matrix.simple	/raid/kang/DelSIEVE/simulation_results/IndelSIEVE_benchmark_pipeline_sa_101/benchmark_results/indelsieve/from_candidate/variant_calling/stage2/mt/no_cnv/smc_mu_sa_stage_1-smc_mu_sa_stage_2/0009/indelsieve_median.ternary	/raid/kang/DelSIEVE/simulation_results/IndelSIEVE_benchmark_pipeline_sa_101/benchmark_results/indelsieve/from_candidate/variant_calling/stage2/mt/no_cnv/smc_mu_sa_stage_1-smc_mu_sa_stage_2/0009/indelsieve_median.probs	7916	54	42051	1379	0.8516406670252824	0.9932245922208282	0.9169997103967564	0.001282508015675	7914	56	42793	635	0.9257223067025384	0.99297365119197	0.9581693807131182	0.0013069149805129	7824	68	42870	636	0.924822695035461	0.9913836796756208	0.9569471624266144	0.0015836787926778	56	22	51315	5	0.918032786885246	0.717948717948718	0.8057553956834532	0.0004285408185129	61	54	0	5	0	0	28127	113	0.0	NA	0.0	NA	0	0	28240	0	NA	NA	0.0	NA	0	0	28212	28	0.0	NA	0.0	NA	0	0	28155	85	0.0	NA	0.0	NA	83	2	7	21	0	0	28240	0	NA	NA	0.0	NA
40	20	10	0.001999	0.3	1e-06	1e-07	0.0	0009	indelsieve	candidate_snvs	smc_mudel_sa_stage_1-smc_mudel_sa_stage_2	mt	no_cnv	/raid/kang/DelSIEVE/simulation_results/IndelSIEVE_benchmark_pipeline_sa_101/benchmark_results/simulated_data/results/cell_names	/raid/kang/DelSIEVE/simulation_results/IndelSIEVE_benchmark_pipeline_sa_101/benchmark_results/indelsieve/from_candidate/variant_calling/stage2/mt/no_cnv/smc_mudel_sa_stage_1-smc_mudel_sa_stage_2/0009/indelsieve_median.cell_names	/raid/kang/DelSIEVE/simulation_results/IndelSIEVE_benchmark_pipeline_sa_101/benchmark_results/simulated_data/results/data_type/no_cnv/0009/true_evo_events_sites_names	/raid/kang/DelSIEVE/simulation_results/IndelSIEVE_benchmark_pipeline_sa_101/benchmark_results/indelsieve/from_candidate/variant_calling/stage2/mt/no_cnv/smc_mudel_sa_stage_1-smc_mudel_sa_stage_2/0009/indelsieve_median.loci_info	/raid/kang/DelSIEVE/simulation_results/IndelSIEVE_benchmark_pipeline_sa_101/benchmark_results/simulated_data/results/data_type/no_cnv/0009/true_evo_events_genotypes_numeric	/raid/kang/DelSIEVE/simulation_results/IndelSIEVE_benchmark_pipeline_sa_101/benchmark_results/indelsieve/from_candidate/variant_calling/stage2/mt/no_cnv/smc_mudel_sa_stage_1-smc_mudel_sa_stage_2/0009/indelsieve_median.genotypes	/raid/kang/DelSIEVE/simulation_results/IndelSIEVE_benchmark_pipeline_sa_101/benchmark_results/simulated_data/results/data_type/no_cnv/0009/true_evo_events_ternary_matrix.simple	/raid/kang/DelSIEVE/simulation_results/IndelSIEVE_benchmark_pipeline_sa_101/benchmark_results/indelsieve/from_candidate/variant_calling/stage2/mt/no_cnv/smc_mudel_sa_stage_1-smc_mudel_sa_stage_2/0009/indelsieve_median.ternary	/raid/kang/DelSIEVE/simulation_results/IndelSIEVE_benchmark_pipeline_sa_101/benchmark_results/indelsieve/from_candidate/variant_calling/stage2/mt/no_cnv/smc_mudel_sa_stage_1-smc_mudel_sa_stage_2/0009/indelsieve_median.probs	8000	54	42051	1295	0.8606777837547068	0.9932952570151478	0.9222433569658196	0.001282508015675	7915	56	42793	634	0.9258392794478888	0.9929745326809684	0.9582324455205812	0.0013069149805129	7825	59	42879	635	0.9249408983451536	0.9925164890918317	0.957537934410181	0.0013740742465881	56	1	51336	5	0.918032786885246	0.9824561403508772	0.9491525423728812	1.947912811422561e-05	61	54	0	5	113	0	28127	0	1.0	1.0	0.0	1.0	0	0	28240	0	NA	NA	0.0	NA	28	2	28210	0	1.0	0.9333333333333332	7.08918190840777e-05	0.9655172413793104	83	0	28155	2	0.976470588235294	1.0	0.0	0.988095238095238	0	0	0	0	0	0	28240	0	NA	NA	0.0	NA
40	20	10	0.001999	0.3	1e-06	1e-07	0.0	0010	sieve	candidate_snvs	smc_mu_sa_stage_1-smc_mu_sa_stage_2	mt	no_cnv	/raid/kang/DelSIEVE/simulation_results/IndelSIEVE_benchmark_pipeline_sa_101/benchmark_results/simulated_data/results/cell_names	/raid/kang/DelSIEVE/simulation_results/IndelSIEVE_benchmark_pipeline_sa_101/benchmark_results/indelsieve/from_candidate/variant_calling/stage2/mt/no_cnv/smc_mu_sa_stage_1-smc_mu_sa_stage_2/0010/indelsieve_median.cell_names	/raid/kang/DelSIEVE/simulation_results/IndelSIEVE_benchmark_pipeline_sa_101/benchmark_results/simulated_data/results/data_type/no_cnv/0010/true_evo_events_sites_names	/raid/kang/DelSIEVE/simulation_results/IndelSIEVE_benchmark_pipeline_sa_101/benchmark_results/indelsieve/from_candidate/variant_calling/stage2/mt/no_cnv/smc_mu_sa_stage_1-smc_mu_sa_stage_2/0010/indelsieve_median.loci_info	/raid/kang/DelSIEVE/simulation_results/IndelSIEVE_benchmark_pipeline_sa_101/benchmark_results/simulated_data/results/data_type/no_cnv/0010/true_evo_events_genotypes_numeric	/raid/kang/DelSIEVE/simulation_results/IndelSIEVE_benchmark_pipeline_sa_101/benchmark_results/indelsieve/from_candidate/variant_calling/stage2/mt/no_cnv/smc_mu_sa_stage_1-smc_mu_sa_stage_2/0010/indelsieve_median.genotypes	/raid/kang/DelSIEVE/simulation_results/IndelSIEVE_benchmark_pipeline_sa_101/benchmark_results/simulated_data/results/data_type/no_cnv/0010/true_evo_events_ternary_matrix.simple	/raid/kang/DelSIEVE/simulation_results/IndelSIEVE_benchmark_pipeline_sa_101/benchmark_results/indelsieve/from_candidate/variant_calling/stage2/mt/no_cnv/smc_mu_sa_stage_1-smc_mu_sa_stage_2/0010/indelsieve_median.ternary	/raid/kang/DelSIEVE/simulation_results/IndelSIEVE_benchmark_pipeline_sa_101/benchmark_results/indelsieve/from_candidate/variant_calling/stage2/mt/no_cnv/smc_mu_sa_stage_1-smc_mu_sa_stage_2/0010/indelsieve_median.probs	7175	16	36310	1379	0.8387888707037643	0.997774996523432	0.9114004445855828	0.0004404558718273	7175	16	37187	502	0.9346098736485606	0.997774996523432	0.9651600753295668	0.0004300728435878	7140	17	37222	501	0.9344326658814291	0.997624703087886	0.9649952696310312	0.0004565106474395	34	0	44844	2	0.9444444444444444	1.0	0.9714285714285714	0.0	36	16	1	1	0	0	25375	25	0.0	NA	0.0	NA	0	0	25400	0	NA	NA	0.0	NA	0	0	25400	0	NA	NA	0.0	NA	0	0	25375	25	0.0	NA	0.0	NA	25	0	0	0	0	0	25400	0	NA	NA	0.0	NA
40	20	10	0.001999	0.3	1e-06	1e-07	0.0	0010	indelsieve	candidate_snvs	smc_mudel_sa_stage_1-smc_mudel_sa_stage_2	mt	no_cnv	/raid/kang/DelSIEVE/simulation_results/IndelSIEVE_benchmark_pipeline_sa_101/benchmark_results/simulated_data/results/cell_names	/raid/kang/DelSIEVE/simulation_results/IndelSIEVE_benchmark_pipeline_sa_101/benchmark_results/indelsieve/from_candidate/variant_calling/stage2/mt/no_cnv/smc_mudel_sa_stage_1-smc_mudel_sa_stage_2/0010/indelsieve_median.cell_names	/raid/kang/DelSIEVE/simulation_results/IndelSIEVE_benchmark_pipeline_sa_101/benchmark_results/simulated_data/results/data_type/no_cnv/0010/true_evo_events_sites_names	/raid/kang/DelSIEVE/simulation_results/IndelSIEVE_benchmark_pipeline_sa_101/benchmark_results/indelsieve/from_candidate/variant_calling/stage2/mt/no_cnv/smc_mudel_sa_stage_1-smc_mudel_sa_stage_2/0010/indelsieve_median.loci_info	/raid/kang/DelSIEVE/simulation_results/IndelSIEVE_benchmark_pipeline_sa_101/benchmark_results/simulated_data/results/data_type/no_cnv/0010/true_evo_events_genotypes_numeric	/raid/kang/DelSIEVE/simulation_results/IndelSIEVE_benchmark_pipeline_sa_101/benchmark_results/indelsieve/from_candidate/variant_calling/stage2/mt/no_cnv/smc_mudel_sa_stage_1-smc_mudel_sa_stage_2/0010/indelsieve_median.genotypes	/raid/kang/DelSIEVE/simulation_results/IndelSIEVE_benchmark_pipeline_sa_101/benchmark_results/simulated_data/results/data_type/no_cnv/0010/true_evo_events_ternary_matrix.simple	/raid/kang/DelSIEVE/simulation_results/IndelSIEVE_benchmark_pipeline_sa_101/benchmark_results/indelsieve/from_candidate/variant_calling/stage2/mt/no_cnv/smc_mudel_sa_stage_1-smc_mudel_sa_stage_2/0010/indelsieve_median.ternary	/raid/kang/DelSIEVE/simulation_results/IndelSIEVE_benchmark_pipeline_sa_101/benchmark_results/indelsieve/from_candidate/variant_calling/stage2/mt/no_cnv/smc_mudel_sa_stage_1-smc_mudel_sa_stage_2/0010/indelsieve_median.probs	7199	18	36308	1355	0.8415945756371288	0.9975058888734932	0.9129414748589184	0.0004955128558057	7176	17	37186	501	0.9347401328644002	0.9976365911302656	0.9651647612642904	0.0004569523963121	7141	18	37221	500	0.9345635388038216	0.9974856823578712	0.965	0.0004833642149359	34	0	44844	2	0.9444444444444444	1.0	0.9714285714285714	0.0	36	17	1	1	23	1	25374	2	0.92	0.9583333333333334	3.940886699507389e-05	0.9387755102040816	0	0	25400	0	NA	NA	0.0	NA	0	0	25400	0	NA	NA	0.0	NA	23	1	25374	2	0.92	0.9583333333333334	3.940886699507389e-05	0.9387755102040816	2	0	0	0	0	0	25400	0	NA	NA	0.0	NA
