cell_num	coverage_mean	coverage_variance	eff_seq_err_rate	ado_rate	mutation_rate	deletion_rate	insertion_rate	dataset	tool	snv_type	tool_setup	fine_tune_type	data_type	true_cell_names	cell_names	true_loci_info	loci_info	true_genotypes	genotypes	true_ternary	ternary	genotype_probs	true_positive	false_positive	true_negative	false_negative	recall	precision	f1_score	fall_out	true_positive_mu	false_positive_mu	true_negative_mu	false_negative_mu	recall_mu	precision_mu	f1_score_mu	fall_out_mu	true_positive_hetero_mu	false_positive_hetero_mu	true_negative_hetero_mu	false_negative_hetero_mu	recall_hetero_mu	precision_hetero_mu	f1_score_hetero_mu	fall_out_hetero_mu	true_positive_homo_mu	false_positive_homo_mu	true_negative_homo_mu	false_negative_homo_mu	recall_homo_mu	precision_homo_mu	f1_score_homo_mu	fall_out_homo_mu	true_homo_mu	true_homo_ref_as_hetero_mu	true_homo_mu_as_homo_ref	true_homo_mu_as_hetero_mu	true_positive_del	false_positive_del	true_negative_del	false_negative_del	recall_del	precision_del	fall_out_del	f1_score_del	true_positive_all_del	false_positive_all_del	true_negative_all_del	false_negative_all_del	recall_all_del	precision_all_del	fall_out_all_del	f1_score_all_del	true_positive_del_alt_left	false_positive_del_alt_left	true_negative_del_alt_left	false_negative_del_alt_left	recall_del_alt_left	precision_del_alt_left	fall_out_del_alt_left	f1_score_del_alt_left	true_positive_del_ref_left	false_positive_del_ref_left	true_negative_del_ref_left	false_negative_del_ref_left	recall_del_ref_left	precision_del_ref_left	fall_out_del_ref_left	f1_score_del_ref_left	true_del_ref_left_as_homo_ref	true_del_ref_left_as_hetero_mu	true_del_alt_left_as_hetero_mu	true_del_alt_left_as_homo_mu	true_positive_amp	false_positive_amp	true_negative_amp	false_negative_amp	recall_amp	precision_amp	fall_out_amp	f1_score_amp
40	5	20	0.001999	0.16334	1e-06	1e-07	0.0	0001	monovar	NA	true_parameters	NA	no_cnv	/raid/kang/DelSIEVE/simulation_results/IndelSIEVE_benchmark_pipeline_ld_201/benchmark_results/simulated_data/results/cell_names	/raid/kang/DelSIEVE/simulation_results/IndelSIEVE_benchmark_pipeline_ld_201/benchmark_results/monovar/from_true_params/no_cnv/0001/post_processed/filtered.cell_names	/raid/kang/DelSIEVE/simulation_results/IndelSIEVE_benchmark_pipeline_ld_201/benchmark_results/simulated_data/results/data_type/no_cnv/0001/true_evo_events_sites_names	/raid/kang/DelSIEVE/simulation_results/IndelSIEVE_benchmark_pipeline_ld_201/benchmark_results/monovar/from_true_params/no_cnv/0001/post_processed/filtered.loci_info	/raid/kang/DelSIEVE/simulation_results/IndelSIEVE_benchmark_pipeline_ld_201/benchmark_results/simulated_data/results/data_type/no_cnv/0001/true_evo_events_genotypes_numeric	/raid/kang/DelSIEVE/simulation_results/IndelSIEVE_benchmark_pipeline_ld_201/benchmark_results/monovar/from_true_params/no_cnv/0001/post_processed/filtered.genotypes	/raid/kang/DelSIEVE/simulation_results/IndelSIEVE_benchmark_pipeline_ld_201/benchmark_results/simulated_data/results/data_type/no_cnv/0001/true_evo_events_ternary_matrix.simple	/raid/kang/DelSIEVE/simulation_results/IndelSIEVE_benchmark_pipeline_ld_201/benchmark_results/monovar/from_true_params/no_cnv/0001/post_processed/filtered.ternary	/raid/kang/DelSIEVE/simulation_results/IndelSIEVE_benchmark_pipeline_ld_201/benchmark_results/monovar/from_true_params/no_cnv/0001/post_processed/filtered.genotype_probs	7010	1901	38767	4042	0.6342743394860658	0.7866681629446751	0.7022992536191954	0.0467443690370807	5866	22	41696	4133	0.5866586658665867	0.9962635869565216	0.7384654119720526	0.0005273503044249	4831	41	41726	5119	0.4855276381909548	0.9915845648604268	0.6518688436108487	0.0009816362199822	10	1006	50663	38	0.2083333333333333	0.0098425196850393	0.018796992481203	0.0194700884476184	48	22	8	19	3	3020	47646	1051	0.0028462998102466	0.00099239166391	0.0596060474479927	0.0014716703458425	0	3023	48697	0	NA	0.0	0.0584493426140757	NA	0	0	51716	4	0.0	NA	0.0	NA	0	0	50670	1050	0.0	NA	0.0	NA	1048	0	0	0	0	0	51720	0	NA	NA	0.0	NA
40	5	20	0.001999	0.16334	1e-06	1e-07	0.0	0002	monovar	NA	true_parameters	NA	no_cnv	/raid/kang/DelSIEVE/simulation_results/IndelSIEVE_benchmark_pipeline_ld_201/benchmark_results/simulated_data/results/cell_names	/raid/kang/DelSIEVE/simulation_results/IndelSIEVE_benchmark_pipeline_ld_201/benchmark_results/monovar/from_true_params/no_cnv/0002/post_processed/filtered.cell_names	/raid/kang/DelSIEVE/simulation_results/IndelSIEVE_benchmark_pipeline_ld_201/benchmark_results/simulated_data/results/data_type/no_cnv/0002/true_evo_events_sites_names	/raid/kang/DelSIEVE/simulation_results/IndelSIEVE_benchmark_pipeline_ld_201/benchmark_results/monovar/from_true_params/no_cnv/0002/post_processed/filtered.loci_info	/raid/kang/DelSIEVE/simulation_results/IndelSIEVE_benchmark_pipeline_ld_201/benchmark_results/simulated_data/results/data_type/no_cnv/0002/true_evo_events_genotypes_numeric	/raid/kang/DelSIEVE/simulation_results/IndelSIEVE_benchmark_pipeline_ld_201/benchmark_results/monovar/from_true_params/no_cnv/0002/post_processed/filtered.genotypes	/raid/kang/DelSIEVE/simulation_results/IndelSIEVE_benchmark_pipeline_ld_201/benchmark_results/simulated_data/results/data_type/no_cnv/0002/true_evo_events_ternary_matrix.simple	/raid/kang/DelSIEVE/simulation_results/IndelSIEVE_benchmark_pipeline_ld_201/benchmark_results/monovar/from_true_params/no_cnv/0002/post_processed/filtered.ternary	/raid/kang/DelSIEVE/simulation_results/IndelSIEVE_benchmark_pipeline_ld_201/benchmark_results/monovar/from_true_params/no_cnv/0002/post_processed/filtered.genotype_probs	7994	2361	38241	4564	0.6365663322185061	0.7719942056977306	0.6977698249901803	0.0581498448352297	6725	13	42016	4405	0.6042228212039533	0.998070644108044	0.7527423326617416	0.0003093102381688	5590	33	42064	5472	0.5053335743988429	0.994131246665481	0.6700629307761462	0.0007839038411288	29	1086	52023	21	0.58	0.0260089686098654	0.0497854077253218	0.0204485115517144	50	13	2	13	25	3592	48122	1421	0.0172890733056708	0.0069118053635609	0.0694589472870015	0.009875567845151	0	3617	49543	0	NA	0.0	0.0680398796087283	NA	0	0	53141	19	0.0	NA	0.0	NA	0	0	51733	1427	0.0	NA	0.0	NA	1406	0	7	7	0	0	53160	0	NA	NA	0.0	NA
40	5	20	0.001999	0.16334	1e-06	1e-07	0.0	0003	monovar	NA	true_parameters	NA	no_cnv	/raid/kang/DelSIEVE/simulation_results/IndelSIEVE_benchmark_pipeline_ld_201/benchmark_results/simulated_data/results/cell_names	/raid/kang/DelSIEVE/simulation_results/IndelSIEVE_benchmark_pipeline_ld_201/benchmark_results/monovar/from_true_params/no_cnv/0003/post_processed/filtered.cell_names	/raid/kang/DelSIEVE/simulation_results/IndelSIEVE_benchmark_pipeline_ld_201/benchmark_results/simulated_data/results/data_type/no_cnv/0003/true_evo_events_sites_names	/raid/kang/DelSIEVE/simulation_results/IndelSIEVE_benchmark_pipeline_ld_201/benchmark_results/monovar/from_true_params/no_cnv/0003/post_processed/filtered.loci_info	/raid/kang/DelSIEVE/simulation_results/IndelSIEVE_benchmark_pipeline_ld_201/benchmark_results/simulated_data/results/data_type/no_cnv/0003/true_evo_events_genotypes_numeric	/raid/kang/DelSIEVE/simulation_results/IndelSIEVE_benchmark_pipeline_ld_201/benchmark_results/monovar/from_true_params/no_cnv/0003/post_processed/filtered.genotypes	/raid/kang/DelSIEVE/simulation_results/IndelSIEVE_benchmark_pipeline_ld_201/benchmark_results/simulated_data/results/data_type/no_cnv/0003/true_evo_events_ternary_matrix.simple	/raid/kang/DelSIEVE/simulation_results/IndelSIEVE_benchmark_pipeline_ld_201/benchmark_results/monovar/from_true_params/no_cnv/0003/post_processed/filtered.ternary	/raid/kang/DelSIEVE/simulation_results/IndelSIEVE_benchmark_pipeline_ld_201/benchmark_results/monovar/from_true_params/no_cnv/0003/post_processed/filtered.genotype_probs	4785	1723	35155	2897	0.6228846654517053	0.7352489244007375	0.6744186046511627	0.046721622647649	4104	8	37485	2962	0.5808095103311633	0.9980544747081712	0.7342995169082126	0.0002133731629904	3505	15	37494	3545	0.4971631205673759	0.9957386363636364	0.6631977294228949	0.0003999040230344	6	586	43957	10	0.375	0.0101351351351351	0.0197368421052631	0.0131558269537301	16	8	2	7	7	2389	41555	609	0.0113636363636363	0.0029215358931552	0.0543646459129801	0.0046480743691899	0	2396	42164	0	NA	0.0	0.053770197486535	NA	0	0	44559	1	0.0	NA	0.0	NA	0	0	43945	615	0.0	NA	0.0	NA	608	0	0	0	0	0	44560	0	NA	NA	0.0	NA
40	5	20	0.001999	0.16334	1e-06	1e-07	0.0	0004	monovar	NA	true_parameters	NA	no_cnv	/raid/kang/DelSIEVE/simulation_results/IndelSIEVE_benchmark_pipeline_ld_201/benchmark_results/simulated_data/results/cell_names	/raid/kang/DelSIEVE/simulation_results/IndelSIEVE_benchmark_pipeline_ld_201/benchmark_results/monovar/from_true_params/no_cnv/0004/post_processed/filtered.cell_names	/raid/kang/DelSIEVE/simulation_results/IndelSIEVE_benchmark_pipeline_ld_201/benchmark_results/simulated_data/results/data_type/no_cnv/0004/true_evo_events_sites_names	/raid/kang/DelSIEVE/simulation_results/IndelSIEVE_benchmark_pipeline_ld_201/benchmark_results/monovar/from_true_params/no_cnv/0004/post_processed/filtered.loci_info	/raid/kang/DelSIEVE/simulation_results/IndelSIEVE_benchmark_pipeline_ld_201/benchmark_results/simulated_data/results/data_type/no_cnv/0004/true_evo_events_genotypes_numeric	/raid/kang/DelSIEVE/simulation_results/IndelSIEVE_benchmark_pipeline_ld_201/benchmark_results/monovar/from_true_params/no_cnv/0004/post_processed/filtered.genotypes	/raid/kang/DelSIEVE/simulation_results/IndelSIEVE_benchmark_pipeline_ld_201/benchmark_results/simulated_data/results/data_type/no_cnv/0004/true_evo_events_ternary_matrix.simple	/raid/kang/DelSIEVE/simulation_results/IndelSIEVE_benchmark_pipeline_ld_201/benchmark_results/monovar/from_true_params/no_cnv/0004/post_processed/filtered.ternary	/raid/kang/DelSIEVE/simulation_results/IndelSIEVE_benchmark_pipeline_ld_201/benchmark_results/monovar/from_true_params/no_cnv/0004/post_processed/filtered.genotype_probs	4635	1483	25623	2419	0.6570740005670541	0.7576005230467473	0.703765563316125	0.0547111340662583	3937	17	27733	2471	0.6143882646691635	0.9957005563985836	0.7598919127581547	0.0006126126126126	3439	19	27737	2963	0.5371758825367072	0.9945054945054944	0.6975659229208924	0.0006845366767545	3	493	33659	3	0.5	0.0060483870967741	0.0119521912350597	0.014435464980089	6	17	0	2	4	2160	31354	642	0.0061919504643962	0.0018484288354898	0.0644506773288774	0.0028469750889679	0	2164	31996	0	NA	0.0	0.0633489461358313	NA	0	0	34158	2	0.0	NA	0.0	NA	0	0	33516	644	0.0	NA	0.0	NA	640	0	0	0	0	0	34160	0	NA	NA	0.0	NA
40	5	20	0.001999	0.16334	1e-06	1e-07	0.0	0005	monovar	NA	true_parameters	NA	no_cnv	/raid/kang/DelSIEVE/simulation_results/IndelSIEVE_benchmark_pipeline_ld_201/benchmark_results/simulated_data/results/cell_names	/raid/kang/DelSIEVE/simulation_results/IndelSIEVE_benchmark_pipeline_ld_201/benchmark_results/monovar/from_true_params/no_cnv/0005/post_processed/filtered.cell_names	/raid/kang/DelSIEVE/simulation_results/IndelSIEVE_benchmark_pipeline_ld_201/benchmark_results/simulated_data/results/data_type/no_cnv/0005/true_evo_events_sites_names	/raid/kang/DelSIEVE/simulation_results/IndelSIEVE_benchmark_pipeline_ld_201/benchmark_results/monovar/from_true_params/no_cnv/0005/post_processed/filtered.loci_info	/raid/kang/DelSIEVE/simulation_results/IndelSIEVE_benchmark_pipeline_ld_201/benchmark_results/simulated_data/results/data_type/no_cnv/0005/true_evo_events_genotypes_numeric	/raid/kang/DelSIEVE/simulation_results/IndelSIEVE_benchmark_pipeline_ld_201/benchmark_results/monovar/from_true_params/no_cnv/0005/post_processed/filtered.genotypes	/raid/kang/DelSIEVE/simulation_results/IndelSIEVE_benchmark_pipeline_ld_201/benchmark_results/simulated_data/results/data_type/no_cnv/0005/true_evo_events_ternary_matrix.simple	/raid/kang/DelSIEVE/simulation_results/IndelSIEVE_benchmark_pipeline_ld_201/benchmark_results/monovar/from_true_params/no_cnv/0005/post_processed/filtered.ternary	/raid/kang/DelSIEVE/simulation_results/IndelSIEVE_benchmark_pipeline_ld_201/benchmark_results/monovar/from_true_params/no_cnv/0005/post_processed/filtered.genotype_probs	3636	1182	25917	2225	0.6203719501791504	0.7546699875466999	0.6809626369510254	0.0436178456769622	2986	6	27586	2380	0.5564666418188595	0.9979946524064172	0.7145250059822924	0.0002174543345897	2592	16	27608	2742	0.4859392575928009	0.9938650306748468	0.6527323092420045	0.0005792064871126	7	377	32549	25	0.21875	0.0182291666666666	0.0336538461538461	0.0114499179979347	32	6	8	10	0	1826	30639	495	0.0	0.0	0.0562451871245957	NA	0	1826	31134	0	NA	0.0	0.0554004854368932	NA	0	0	32958	2	0.0	NA	0.0	NA	0	0	32467	493	0.0	NA	0.0	NA	493	0	0	0	0	0	32960	0	NA	NA	0.0	NA
40	5	20	0.001999	0.16334	1e-06	1e-07	0.0	0006	monovar	NA	true_parameters	NA	no_cnv	/raid/kang/DelSIEVE/simulation_results/IndelSIEVE_benchmark_pipeline_ld_201/benchmark_results/simulated_data/results/cell_names	/raid/kang/DelSIEVE/simulation_results/IndelSIEVE_benchmark_pipeline_ld_201/benchmark_results/monovar/from_true_params/no_cnv/0006/post_processed/filtered.cell_names	/raid/kang/DelSIEVE/simulation_results/IndelSIEVE_benchmark_pipeline_ld_201/benchmark_results/simulated_data/results/data_type/no_cnv/0006/true_evo_events_sites_names	/raid/kang/DelSIEVE/simulation_results/IndelSIEVE_benchmark_pipeline_ld_201/benchmark_results/monovar/from_true_params/no_cnv/0006/post_processed/filtered.loci_info	/raid/kang/DelSIEVE/simulation_results/IndelSIEVE_benchmark_pipeline_ld_201/benchmark_results/simulated_data/results/data_type/no_cnv/0006/true_evo_events_genotypes_numeric	/raid/kang/DelSIEVE/simulation_results/IndelSIEVE_benchmark_pipeline_ld_201/benchmark_results/monovar/from_true_params/no_cnv/0006/post_processed/filtered.genotypes	/raid/kang/DelSIEVE/simulation_results/IndelSIEVE_benchmark_pipeline_ld_201/benchmark_results/simulated_data/results/data_type/no_cnv/0006/true_evo_events_ternary_matrix.simple	/raid/kang/DelSIEVE/simulation_results/IndelSIEVE_benchmark_pipeline_ld_201/benchmark_results/monovar/from_true_params/no_cnv/0006/post_processed/filtered.ternary	/raid/kang/DelSIEVE/simulation_results/IndelSIEVE_benchmark_pipeline_ld_201/benchmark_results/monovar/from_true_params/no_cnv/0006/post_processed/filtered.genotype_probs	6929	1800	32781	3330	0.675406959742665	0.7937908122350785	0.7298293659153151	0.0520517046933287	5772	14	35322	3731	0.6073871409028728	0.9975803664016591	0.755052652233632	0.0003961965134706	4652	24	35364	4799	0.4922230451804042	0.9948674080410608	0.6585970128123452	0.0006781959986436	32	1078	43711	18	0.64	0.0288288288288288	0.0551724137931034	0.0240684096541561	50	14	3	10	3	2940	41142	755	0.0039577836411609	0.001019367991845	0.0666938886620389	0.0016211834639286	0	2943	41897	0	NA	0.0	0.0656333630686886	NA	0	0	44837	3	0.0	NA	0.0	NA	0	0	44085	755	0.0	NA	0.0	NA	753	0	0	1	0	0	44840	0	NA	NA	0.0	NA
40	5	20	0.001999	0.16334	1e-06	1e-07	0.0	0007	monovar	NA	true_parameters	NA	no_cnv	/raid/kang/DelSIEVE/simulation_results/IndelSIEVE_benchmark_pipeline_ld_201/benchmark_results/simulated_data/results/cell_names	/raid/kang/DelSIEVE/simulation_results/IndelSIEVE_benchmark_pipeline_ld_201/benchmark_results/monovar/from_true_params/no_cnv/0007/post_processed/filtered.cell_names	/raid/kang/DelSIEVE/simulation_results/IndelSIEVE_benchmark_pipeline_ld_201/benchmark_results/simulated_data/results/data_type/no_cnv/0007/true_evo_events_sites_names	/raid/kang/DelSIEVE/simulation_results/IndelSIEVE_benchmark_pipeline_ld_201/benchmark_results/monovar/from_true_params/no_cnv/0007/post_processed/filtered.loci_info	/raid/kang/DelSIEVE/simulation_results/IndelSIEVE_benchmark_pipeline_ld_201/benchmark_results/simulated_data/results/data_type/no_cnv/0007/true_evo_events_genotypes_numeric	/raid/kang/DelSIEVE/simulation_results/IndelSIEVE_benchmark_pipeline_ld_201/benchmark_results/monovar/from_true_params/no_cnv/0007/post_processed/filtered.genotypes	/raid/kang/DelSIEVE/simulation_results/IndelSIEVE_benchmark_pipeline_ld_201/benchmark_results/simulated_data/results/data_type/no_cnv/0007/true_evo_events_ternary_matrix.simple	/raid/kang/DelSIEVE/simulation_results/IndelSIEVE_benchmark_pipeline_ld_201/benchmark_results/monovar/from_true_params/no_cnv/0007/post_processed/filtered.ternary	/raid/kang/DelSIEVE/simulation_results/IndelSIEVE_benchmark_pipeline_ld_201/benchmark_results/monovar/from_true_params/no_cnv/0007/post_processed/filtered.genotype_probs	4045	1696	33698	2521	0.616052391105696	0.7045810834349416	0.6573494759080198	0.0479177261682771	3323	12	35935	2690	0.5526359554299018	0.9964017991004498	0.7109542148053059	0.0003338247976187	2857	33	35960	3110	0.4788000670353611	0.9885813148788928	0.6451394377328666	0.000916844942072	6	439	41490	25	0.1935483870967742	0.0134831460674157	0.0252100840336134	0.0104700803739655	31	12	4	17	3	2403	38989	565	0.005281690140845	0.0012468827930174	0.0580546965597216	0.0020174848688634	0	2406	39554	0	NA	0.0	0.0573403241182078	NA	0	0	41945	15	0.0	NA	0.0	NA	0	0	41407	553	0.0	NA	0.0	NA	553	0	4	8	0	0	41960	0	NA	NA	0.0	NA
40	5	20	0.001999	0.16334	1e-06	1e-07	0.0	0008	monovar	NA	true_parameters	NA	no_cnv	/raid/kang/DelSIEVE/simulation_results/IndelSIEVE_benchmark_pipeline_ld_201/benchmark_results/simulated_data/results/cell_names	/raid/kang/DelSIEVE/simulation_results/IndelSIEVE_benchmark_pipeline_ld_201/benchmark_results/monovar/from_true_params/no_cnv/0008/post_processed/filtered.cell_names	/raid/kang/DelSIEVE/simulation_results/IndelSIEVE_benchmark_pipeline_ld_201/benchmark_results/simulated_data/results/data_type/no_cnv/0008/true_evo_events_sites_names	/raid/kang/DelSIEVE/simulation_results/IndelSIEVE_benchmark_pipeline_ld_201/benchmark_results/monovar/from_true_params/no_cnv/0008/post_processed/filtered.loci_info	/raid/kang/DelSIEVE/simulation_results/IndelSIEVE_benchmark_pipeline_ld_201/benchmark_results/simulated_data/results/data_type/no_cnv/0008/true_evo_events_genotypes_numeric	/raid/kang/DelSIEVE/simulation_results/IndelSIEVE_benchmark_pipeline_ld_201/benchmark_results/monovar/from_true_params/no_cnv/0008/post_processed/filtered.genotypes	/raid/kang/DelSIEVE/simulation_results/IndelSIEVE_benchmark_pipeline_ld_201/benchmark_results/simulated_data/results/data_type/no_cnv/0008/true_evo_events_ternary_matrix.simple	/raid/kang/DelSIEVE/simulation_results/IndelSIEVE_benchmark_pipeline_ld_201/benchmark_results/monovar/from_true_params/no_cnv/0008/post_processed/filtered.ternary	/raid/kang/DelSIEVE/simulation_results/IndelSIEVE_benchmark_pipeline_ld_201/benchmark_results/monovar/from_true_params/no_cnv/0008/post_processed/filtered.genotype_probs	6195	2480	33953	3492	0.6395168782904924	0.7141210374639769	0.6747630977017754	0.0680701561770922	5037	18	37086	3979	0.5586734693877551	0.9964391691394658	0.715940587022955	0.0004851228978007	4415	41	37128	4536	0.493240978661602	0.990798922800718	0.6586111732676959	0.0011030697624364	28	571	45484	37	0.4307692307692308	0.0467445742904841	0.0843373493975903	0.0123982195201389	65	18	6	23	8	3612	41837	663	0.0119225037257824	0.0022099447513812	0.0794736957908864	0.0037287345607084	0	3620	42500	0	NA	0.0	0.0784908933217693	NA	0	0	46120	0	NA	NA	0.0	NA	0	0	45449	671	0.0	NA	0.0	NA	663	0	0	0	0	0	46120	0	NA	NA	0.0	NA
40	5	20	0.001999	0.16334	1e-06	1e-07	0.0	0009	monovar	NA	true_parameters	NA	no_cnv	/raid/kang/DelSIEVE/simulation_results/IndelSIEVE_benchmark_pipeline_ld_201/benchmark_results/simulated_data/results/cell_names	/raid/kang/DelSIEVE/simulation_results/IndelSIEVE_benchmark_pipeline_ld_201/benchmark_results/monovar/from_true_params/no_cnv/0009/post_processed/filtered.cell_names	/raid/kang/DelSIEVE/simulation_results/IndelSIEVE_benchmark_pipeline_ld_201/benchmark_results/simulated_data/results/data_type/no_cnv/0009/true_evo_events_sites_names	/raid/kang/DelSIEVE/simulation_results/IndelSIEVE_benchmark_pipeline_ld_201/benchmark_results/monovar/from_true_params/no_cnv/0009/post_processed/filtered.loci_info	/raid/kang/DelSIEVE/simulation_results/IndelSIEVE_benchmark_pipeline_ld_201/benchmark_results/simulated_data/results/data_type/no_cnv/0009/true_evo_events_genotypes_numeric	/raid/kang/DelSIEVE/simulation_results/IndelSIEVE_benchmark_pipeline_ld_201/benchmark_results/monovar/from_true_params/no_cnv/0009/post_processed/filtered.genotypes	/raid/kang/DelSIEVE/simulation_results/IndelSIEVE_benchmark_pipeline_ld_201/benchmark_results/simulated_data/results/data_type/no_cnv/0009/true_evo_events_ternary_matrix.simple	/raid/kang/DelSIEVE/simulation_results/IndelSIEVE_benchmark_pipeline_ld_201/benchmark_results/monovar/from_true_params/no_cnv/0009/post_processed/filtered.ternary	/raid/kang/DelSIEVE/simulation_results/IndelSIEVE_benchmark_pipeline_ld_201/benchmark_results/monovar/from_true_params/no_cnv/0009/post_processed/filtered.genotype_probs	4869	1641	33018	3112	0.6100739255732365	0.747926267281106	0.6720033124008006	0.0473470094347788	4030	12	35442	3156	0.5608126913442806	0.9970311726867888	0.7178482365514784	0.0003384667456422	3261	24	35455	3900	0.4553833263510682	0.9926940639269406	0.6243538196438828	0.0006764564953916	5	752	41863	20	0.2	0.0066050198150594	0.0127877237851662	0.0176463686495365	25	12	3	12	0	2468	39377	795	0.0	0.0	0.0589795674513084	NA	0	2468	40172	0	NA	0.0	0.0578799249530956	NA	0	0	42640	0	NA	NA	0.0	NA	0	0	41845	795	0.0	NA	0.0	NA	795	0	0	0	0	0	42640	0	NA	NA	0.0	NA
40	5	20	0.001999	0.16334	1e-06	1e-07	0.0	0010	monovar	NA	true_parameters	NA	no_cnv	/raid/kang/DelSIEVE/simulation_results/IndelSIEVE_benchmark_pipeline_ld_201/benchmark_results/simulated_data/results/cell_names	/raid/kang/DelSIEVE/simulation_results/IndelSIEVE_benchmark_pipeline_ld_201/benchmark_results/monovar/from_true_params/no_cnv/0010/post_processed/filtered.cell_names	/raid/kang/DelSIEVE/simulation_results/IndelSIEVE_benchmark_pipeline_ld_201/benchmark_results/simulated_data/results/data_type/no_cnv/0010/true_evo_events_sites_names	/raid/kang/DelSIEVE/simulation_results/IndelSIEVE_benchmark_pipeline_ld_201/benchmark_results/monovar/from_true_params/no_cnv/0010/post_processed/filtered.loci_info	/raid/kang/DelSIEVE/simulation_results/IndelSIEVE_benchmark_pipeline_ld_201/benchmark_results/simulated_data/results/data_type/no_cnv/0010/true_evo_events_genotypes_numeric	/raid/kang/DelSIEVE/simulation_results/IndelSIEVE_benchmark_pipeline_ld_201/benchmark_results/monovar/from_true_params/no_cnv/0010/post_processed/filtered.genotypes	/raid/kang/DelSIEVE/simulation_results/IndelSIEVE_benchmark_pipeline_ld_201/benchmark_results/simulated_data/results/data_type/no_cnv/0010/true_evo_events_ternary_matrix.simple	/raid/kang/DelSIEVE/simulation_results/IndelSIEVE_benchmark_pipeline_ld_201/benchmark_results/monovar/from_true_params/no_cnv/0010/post_processed/filtered.ternary	/raid/kang/DelSIEVE/simulation_results/IndelSIEVE_benchmark_pipeline_ld_201/benchmark_results/monovar/from_true_params/no_cnv/0010/post_processed/filtered.genotype_probs	4366	1605	32753	2516	0.6344086021505376	0.7312008038854463	0.6793744651054228	0.0467140112928575	3758	14	35025	2443	0.6060312852765682	0.996288441145281	0.753634813997794	0.0003995547818145	3336	32	35041	2831	0.5409437327712016	0.990498812351544	0.6997378080755113	0.0009123827445613	0	404	40828	8	0.0	0.0	NA	0.0097982149786573	8	14	2	3	19	2180	38353	688	0.0268741159830268	0.0086402910413824	0.0537833370340216	0.0130763936682725	0	2199	39041	0	NA	0.0	0.0533220174587778	NA	0	0	41214	26	0.0	NA	0.0	NA	0	0	40559	681	0.0	NA	0.0	NA	667	0	15	6	0	0	41240	0	NA	NA	0.0	NA
40	5	20	0.001999	0.16334	1e-06	1e-07	0.0	0001	sciphi	candidate_snvs	NA	NA	no_cnv	/raid/kang/DelSIEVE/simulation_results/IndelSIEVE_benchmark_pipeline_ld_201/benchmark_results/simulated_data/results/cell_names	/raid/kang/DelSIEVE/simulation_results/IndelSIEVE_benchmark_pipeline_ld_201/benchmark_results/sciphi/no_cnv/0001/post_processed/sciphi.cell_names	/raid/kang/DelSIEVE/simulation_results/IndelSIEVE_benchmark_pipeline_ld_201/benchmark_results/simulated_data/results/data_type/no_cnv/0001/true_evo_events_sites_names	/raid/kang/DelSIEVE/simulation_results/IndelSIEVE_benchmark_pipeline_ld_201/benchmark_results/sciphi/no_cnv/0001/post_processed/sciphi.loci_info	/raid/kang/DelSIEVE/simulation_results/IndelSIEVE_benchmark_pipeline_ld_201/benchmark_results/simulated_data/results/data_type/no_cnv/0001/true_evo_events_genotypes_numeric	/raid/kang/DelSIEVE/simulation_results/IndelSIEVE_benchmark_pipeline_ld_201/benchmark_results/sciphi/no_cnv/0001/post_processed/sciphi.genotypes	/raid/kang/DelSIEVE/simulation_results/IndelSIEVE_benchmark_pipeline_ld_201/benchmark_results/simulated_data/results/data_type/no_cnv/0001/true_evo_events_ternary_matrix.simple	/raid/kang/DelSIEVE/simulation_results/IndelSIEVE_benchmark_pipeline_ld_201/benchmark_results/sciphi/no_cnv/0001/post_processed/sciphi.ternary	/raid/kang/DelSIEVE/simulation_results/IndelSIEVE_benchmark_pipeline_ld_201/benchmark_results/sciphi/no_cnv/0001/post_processed/sciphi.genotype_probs	8540	20	40648	2512	0.7727108215707564	0.9976635514018692	0.8708953701815215	0.0004917871545195	8540	20	41698	1459	0.8540854085408541	0.9976635514018692	0.9203082062611132	0.000479409367659	8492	68	41699	1458	0.8534673366834171	0.9920560747663552	0.917558076715289	0.0016280795843608	0	0	51669	48	0.0	NA	NA	0.0	48	20	1	47	0	0	22392	8	0.0	NA	0.0	NA	0	0	22400	0	NA	NA	0.0	NA	0	0	22399	1	0.0	NA	0.0	NA	0	0	22393	7	0.0	NA	0.0	NA	7	0	1	0	0	0	22400	0	NA	NA	0.0	NA
40	5	20	0.001999	0.16334	1e-06	1e-07	0.0	0002	sciphi	candidate_snvs	NA	NA	no_cnv	/raid/kang/DelSIEVE/simulation_results/IndelSIEVE_benchmark_pipeline_ld_201/benchmark_results/simulated_data/results/cell_names	/raid/kang/DelSIEVE/simulation_results/IndelSIEVE_benchmark_pipeline_ld_201/benchmark_results/sciphi/no_cnv/0002/post_processed/sciphi.cell_names	/raid/kang/DelSIEVE/simulation_results/IndelSIEVE_benchmark_pipeline_ld_201/benchmark_results/simulated_data/results/data_type/no_cnv/0002/true_evo_events_sites_names	/raid/kang/DelSIEVE/simulation_results/IndelSIEVE_benchmark_pipeline_ld_201/benchmark_results/sciphi/no_cnv/0002/post_processed/sciphi.loci_info	/raid/kang/DelSIEVE/simulation_results/IndelSIEVE_benchmark_pipeline_ld_201/benchmark_results/simulated_data/results/data_type/no_cnv/0002/true_evo_events_genotypes_numeric	/raid/kang/DelSIEVE/simulation_results/IndelSIEVE_benchmark_pipeline_ld_201/benchmark_results/sciphi/no_cnv/0002/post_processed/sciphi.genotypes	/raid/kang/DelSIEVE/simulation_results/IndelSIEVE_benchmark_pipeline_ld_201/benchmark_results/simulated_data/results/data_type/no_cnv/0002/true_evo_events_ternary_matrix.simple	/raid/kang/DelSIEVE/simulation_results/IndelSIEVE_benchmark_pipeline_ld_201/benchmark_results/sciphi/no_cnv/0002/post_processed/sciphi.ternary	/raid/kang/DelSIEVE/simulation_results/IndelSIEVE_benchmark_pipeline_ld_201/benchmark_results/sciphi/no_cnv/0002/post_processed/sciphi.genotype_probs	9652	57	40545	2906	0.7685937251154642	0.99412915851272	0.8669331297435667	0.0014038717304566	9646	63	41966	1484	0.8666666666666667	0.9935111751982696	0.925764192139738	0.0014989650003568	9578	131	41966	1484	0.8658470439341891	0.9865073643011638	0.9222473641134272	0.0031118607026628	0	0	53109	50	0.0	NA	NA	0.0	50	57	0	50	0	0	27731	69	0.0	NA	0.0	NA	0	0	27800	0	NA	NA	0.0	NA	0	0	27782	18	0.0	NA	0.0	NA	0	0	27749	51	0.0	NA	0.0	NA	45	6	18	0	0	0	27800	0	NA	NA	0.0	NA
40	5	20	0.001999	0.16334	1e-06	1e-07	0.0	0003	sciphi	candidate_snvs	NA	NA	no_cnv	/raid/kang/DelSIEVE/simulation_results/IndelSIEVE_benchmark_pipeline_ld_201/benchmark_results/simulated_data/results/cell_names	/raid/kang/DelSIEVE/simulation_results/IndelSIEVE_benchmark_pipeline_ld_201/benchmark_results/sciphi/no_cnv/0003/post_processed/sciphi.cell_names	/raid/kang/DelSIEVE/simulation_results/IndelSIEVE_benchmark_pipeline_ld_201/benchmark_results/simulated_data/results/data_type/no_cnv/0003/true_evo_events_sites_names	/raid/kang/DelSIEVE/simulation_results/IndelSIEVE_benchmark_pipeline_ld_201/benchmark_results/sciphi/no_cnv/0003/post_processed/sciphi.loci_info	/raid/kang/DelSIEVE/simulation_results/IndelSIEVE_benchmark_pipeline_ld_201/benchmark_results/simulated_data/results/data_type/no_cnv/0003/true_evo_events_genotypes_numeric	/raid/kang/DelSIEVE/simulation_results/IndelSIEVE_benchmark_pipeline_ld_201/benchmark_results/sciphi/no_cnv/0003/post_processed/sciphi.genotypes	/raid/kang/DelSIEVE/simulation_results/IndelSIEVE_benchmark_pipeline_ld_201/benchmark_results/simulated_data/results/data_type/no_cnv/0003/true_evo_events_ternary_matrix.simple	/raid/kang/DelSIEVE/simulation_results/IndelSIEVE_benchmark_pipeline_ld_201/benchmark_results/sciphi/no_cnv/0003/post_processed/sciphi.ternary	/raid/kang/DelSIEVE/simulation_results/IndelSIEVE_benchmark_pipeline_ld_201/benchmark_results/sciphi/no_cnv/0003/post_processed/sciphi.genotype_probs	5684	75	36803	1998	0.739911481385056	0.9869769057127974	0.8457704039877986	0.0020337328488529	5684	75	37418	1382	0.8044155108972545	0.9869769057127974	0.886393762183236	0.0020003734030352	5668	91	37418	1382	0.8039716312056737	0.984198645598194	0.8850027324537435	0.0024260844064091	0	0	44543	16	0.0	NA	NA	0.0	16	75	0	16	0	0	19810	30	0.0	NA	0.0	NA	0	0	19840	0	NA	NA	0.0	NA	0	0	19840	0	NA	NA	0.0	NA	0	0	19810	30	0.0	NA	0.0	NA	30	0	0	0	0	0	19840	0	NA	NA	0.0	NA
40	5	20	0.001999	0.16334	1e-06	1e-07	0.0	0004	sciphi	candidate_snvs	NA	NA	no_cnv	/raid/kang/DelSIEVE/simulation_results/IndelSIEVE_benchmark_pipeline_ld_201/benchmark_results/simulated_data/results/cell_names	/raid/kang/DelSIEVE/simulation_results/IndelSIEVE_benchmark_pipeline_ld_201/benchmark_results/sciphi/no_cnv/0004/post_processed/sciphi.cell_names	/raid/kang/DelSIEVE/simulation_results/IndelSIEVE_benchmark_pipeline_ld_201/benchmark_results/simulated_data/results/data_type/no_cnv/0004/true_evo_events_sites_names	/raid/kang/DelSIEVE/simulation_results/IndelSIEVE_benchmark_pipeline_ld_201/benchmark_results/sciphi/no_cnv/0004/post_processed/sciphi.loci_info	/raid/kang/DelSIEVE/simulation_results/IndelSIEVE_benchmark_pipeline_ld_201/benchmark_results/simulated_data/results/data_type/no_cnv/0004/true_evo_events_genotypes_numeric	/raid/kang/DelSIEVE/simulation_results/IndelSIEVE_benchmark_pipeline_ld_201/benchmark_results/sciphi/no_cnv/0004/post_processed/sciphi.genotypes	/raid/kang/DelSIEVE/simulation_results/IndelSIEVE_benchmark_pipeline_ld_201/benchmark_results/simulated_data/results/data_type/no_cnv/0004/true_evo_events_ternary_matrix.simple	/raid/kang/DelSIEVE/simulation_results/IndelSIEVE_benchmark_pipeline_ld_201/benchmark_results/sciphi/no_cnv/0004/post_processed/sciphi.ternary	/raid/kang/DelSIEVE/simulation_results/IndelSIEVE_benchmark_pipeline_ld_201/benchmark_results/sciphi/no_cnv/0004/post_processed/sciphi.genotype_probs	5525	54	27052	1529	0.783243549759002	0.9903208460297545	0.8746932636745033	0.0019921788533903	5525	54	27696	883	0.862203495630462	0.9903208460297545	0.9218319846500376	0.0019459459459459	5519	60	27696	883	0.8620743517650734	0.9892453844775048	0.9212920457390869	0.0021616947686986	0	0	34152	6	0.0	NA	NA	0.0	6	54	0	6	0	0	17537	23	0.0	NA	0.0	NA	0	0	17560	0	NA	NA	0.0	NA	0	0	17560	0	NA	NA	0.0	NA	0	0	17537	23	0.0	NA	0.0	NA	23	0	0	0	0	0	17560	0	NA	NA	0.0	NA
40	5	20	0.001999	0.16334	1e-06	1e-07	0.0	0005	sciphi	candidate_snvs	NA	NA	no_cnv	/raid/kang/DelSIEVE/simulation_results/IndelSIEVE_benchmark_pipeline_ld_201/benchmark_results/simulated_data/results/cell_names	/raid/kang/DelSIEVE/simulation_results/IndelSIEVE_benchmark_pipeline_ld_201/benchmark_results/sciphi/no_cnv/0005/post_processed/sciphi.cell_names	/raid/kang/DelSIEVE/simulation_results/IndelSIEVE_benchmark_pipeline_ld_201/benchmark_results/simulated_data/results/data_type/no_cnv/0005/true_evo_events_sites_names	/raid/kang/DelSIEVE/simulation_results/IndelSIEVE_benchmark_pipeline_ld_201/benchmark_results/sciphi/no_cnv/0005/post_processed/sciphi.loci_info	/raid/kang/DelSIEVE/simulation_results/IndelSIEVE_benchmark_pipeline_ld_201/benchmark_results/simulated_data/results/data_type/no_cnv/0005/true_evo_events_genotypes_numeric	/raid/kang/DelSIEVE/simulation_results/IndelSIEVE_benchmark_pipeline_ld_201/benchmark_results/sciphi/no_cnv/0005/post_processed/sciphi.genotypes	/raid/kang/DelSIEVE/simulation_results/IndelSIEVE_benchmark_pipeline_ld_201/benchmark_results/simulated_data/results/data_type/no_cnv/0005/true_evo_events_ternary_matrix.simple	/raid/kang/DelSIEVE/simulation_results/IndelSIEVE_benchmark_pipeline_ld_201/benchmark_results/sciphi/no_cnv/0005/post_processed/sciphi.ternary	/raid/kang/DelSIEVE/simulation_results/IndelSIEVE_benchmark_pipeline_ld_201/benchmark_results/sciphi/no_cnv/0005/post_processed/sciphi.genotype_probs	4448	4	27095	1413	0.7589148609452312	0.9991015274034142	0.862600601182973	0.0001476069227646	4448	4	27588	918	0.8289228475587029	0.9991015274034142	0.9060908535343248	0.0001449695563931	4416	36	27588	918	0.8278965129358831	0.9919137466307276	0.9025137952176578	0.0013032145960034	0	0	32926	32	0.0	NA	NA	0.0	32	4	0	32	0	0	13520	0	NA	NA	0.0	NA	0	0	13520	0	NA	NA	0.0	NA	0	0	13520	0	NA	NA	0.0	NA	0	0	13520	0	NA	NA	0.0	NA	0	0	0	0	0	0	13520	0	NA	NA	0.0	NA
40	5	20	0.001999	0.16334	1e-06	1e-07	0.0	0006	sciphi	candidate_snvs	NA	NA	no_cnv	/raid/kang/DelSIEVE/simulation_results/IndelSIEVE_benchmark_pipeline_ld_201/benchmark_results/simulated_data/results/cell_names	/raid/kang/DelSIEVE/simulation_results/IndelSIEVE_benchmark_pipeline_ld_201/benchmark_results/sciphi/no_cnv/0006/post_processed/sciphi.cell_names	/raid/kang/DelSIEVE/simulation_results/IndelSIEVE_benchmark_pipeline_ld_201/benchmark_results/simulated_data/results/data_type/no_cnv/0006/true_evo_events_sites_names	/raid/kang/DelSIEVE/simulation_results/IndelSIEVE_benchmark_pipeline_ld_201/benchmark_results/sciphi/no_cnv/0006/post_processed/sciphi.loci_info	/raid/kang/DelSIEVE/simulation_results/IndelSIEVE_benchmark_pipeline_ld_201/benchmark_results/simulated_data/results/data_type/no_cnv/0006/true_evo_events_genotypes_numeric	/raid/kang/DelSIEVE/simulation_results/IndelSIEVE_benchmark_pipeline_ld_201/benchmark_results/sciphi/no_cnv/0006/post_processed/sciphi.genotypes	/raid/kang/DelSIEVE/simulation_results/IndelSIEVE_benchmark_pipeline_ld_201/benchmark_results/simulated_data/results/data_type/no_cnv/0006/true_evo_events_ternary_matrix.simple	/raid/kang/DelSIEVE/simulation_results/IndelSIEVE_benchmark_pipeline_ld_201/benchmark_results/sciphi/no_cnv/0006/post_processed/sciphi.ternary	/raid/kang/DelSIEVE/simulation_results/IndelSIEVE_benchmark_pipeline_ld_201/benchmark_results/sciphi/no_cnv/0006/post_processed/sciphi.genotype_probs	8328	5	34576	1931	0.8117750268057315	0.99939997599904	0.8958691910499139	0.0001445880685925	8328	5	35331	1175	0.8763548353151637	0.99939997599904	0.933841668535546	0.0001414987548109	8278	55	35333	1173	0.8758861496137975	0.9933997359894396	0.930949167791273	0.0015541991635582	0	0	44789	50	0.0	NA	NA	0.0	50	5	1	49	0	0	20991	9	0.0	NA	0.0	NA	0	0	21000	0	NA	NA	0.0	NA	0	0	20998	2	0.0	NA	0.0	NA	0	0	20993	7	0.0	NA	0.0	NA	7	0	1	0	0	0	21000	0	NA	NA	0.0	NA
40	5	20	0.001999	0.16334	1e-06	1e-07	0.0	0007	sciphi	candidate_snvs	NA	NA	no_cnv	/raid/kang/DelSIEVE/simulation_results/IndelSIEVE_benchmark_pipeline_ld_201/benchmark_results/simulated_data/results/cell_names	/raid/kang/DelSIEVE/simulation_results/IndelSIEVE_benchmark_pipeline_ld_201/benchmark_results/sciphi/no_cnv/0007/post_processed/sciphi.cell_names	/raid/kang/DelSIEVE/simulation_results/IndelSIEVE_benchmark_pipeline_ld_201/benchmark_results/simulated_data/results/data_type/no_cnv/0007/true_evo_events_sites_names	/raid/kang/DelSIEVE/simulation_results/IndelSIEVE_benchmark_pipeline_ld_201/benchmark_results/sciphi/no_cnv/0007/post_processed/sciphi.loci_info	/raid/kang/DelSIEVE/simulation_results/IndelSIEVE_benchmark_pipeline_ld_201/benchmark_results/simulated_data/results/data_type/no_cnv/0007/true_evo_events_genotypes_numeric	/raid/kang/DelSIEVE/simulation_results/IndelSIEVE_benchmark_pipeline_ld_201/benchmark_results/sciphi/no_cnv/0007/post_processed/sciphi.genotypes	/raid/kang/DelSIEVE/simulation_results/IndelSIEVE_benchmark_pipeline_ld_201/benchmark_results/simulated_data/results/data_type/no_cnv/0007/true_evo_events_ternary_matrix.simple	/raid/kang/DelSIEVE/simulation_results/IndelSIEVE_benchmark_pipeline_ld_201/benchmark_results/sciphi/no_cnv/0007/post_processed/sciphi.ternary	/raid/kang/DelSIEVE/simulation_results/IndelSIEVE_benchmark_pipeline_ld_201/benchmark_results/sciphi/no_cnv/0007/post_processed/sciphi.genotype_probs	4730	13	35381	1836	0.7203777033201341	0.997259118701244	0.8365019011406845	0.00036729389162	4730	13	35934	1283	0.7866289705637785	0.997259118701244	0.8795091111937524	0.0003616435307536	4684	59	35934	1283	0.7849840791017262	0.9875606156441072	0.8746965452847807	0.0016392076237046	0	0	41929	31	0.0	NA	NA	0.0	31	13	0	31	0	0	16104	16	0.0	NA	0.0	NA	0	0	16120	0	NA	NA	0.0	NA	0	0	16105	15	0.0	NA	0.0	NA	0	0	16119	1	0.0	NA	0.0	NA	1	0	15	0	0	0	16120	0	NA	NA	0.0	NA
40	5	20	0.001999	0.16334	1e-06	1e-07	0.0	0008	sciphi	candidate_snvs	NA	NA	no_cnv	/raid/kang/DelSIEVE/simulation_results/IndelSIEVE_benchmark_pipeline_ld_201/benchmark_results/simulated_data/results/cell_names	/raid/kang/DelSIEVE/simulation_results/IndelSIEVE_benchmark_pipeline_ld_201/benchmark_results/sciphi/no_cnv/0008/post_processed/sciphi.cell_names	/raid/kang/DelSIEVE/simulation_results/IndelSIEVE_benchmark_pipeline_ld_201/benchmark_results/simulated_data/results/data_type/no_cnv/0008/true_evo_events_sites_names	/raid/kang/DelSIEVE/simulation_results/IndelSIEVE_benchmark_pipeline_ld_201/benchmark_results/sciphi/no_cnv/0008/post_processed/sciphi.loci_info	/raid/kang/DelSIEVE/simulation_results/IndelSIEVE_benchmark_pipeline_ld_201/benchmark_results/simulated_data/results/data_type/no_cnv/0008/true_evo_events_genotypes_numeric	/raid/kang/DelSIEVE/simulation_results/IndelSIEVE_benchmark_pipeline_ld_201/benchmark_results/sciphi/no_cnv/0008/post_processed/sciphi.genotypes	/raid/kang/DelSIEVE/simulation_results/IndelSIEVE_benchmark_pipeline_ld_201/benchmark_results/simulated_data/results/data_type/no_cnv/0008/true_evo_events_ternary_matrix.simple	/raid/kang/DelSIEVE/simulation_results/IndelSIEVE_benchmark_pipeline_ld_201/benchmark_results/sciphi/no_cnv/0008/post_processed/sciphi.ternary	/raid/kang/DelSIEVE/simulation_results/IndelSIEVE_benchmark_pipeline_ld_201/benchmark_results/sciphi/no_cnv/0008/post_processed/sciphi.genotype_probs	7340	57	36376	2347	0.7577165273046351	0.9922941733135054	0.8592835401545306	0.0015645156863283	7340	57	37047	1676	0.8141082519964508	0.9922941733135054	0.8944129653323585	0.0015362225097024	7277	120	37049	1674	0.8129817897441627	0.983777206975801	0.890261805725471	0.0032284968656676	0	0	46055	65	0.0	NA	NA	0.0	65	57	2	63	0	0	23869	11	0.0	NA	0.0	NA	0	0	23880	0	NA	NA	0.0	NA	0	0	23880	0	NA	NA	0.0	NA	0	0	23869	11	0.0	NA	0.0	NA	11	0	0	0	0	0	23880	0	NA	NA	0.0	NA
40	5	20	0.001999	0.16334	1e-06	1e-07	0.0	0009	sciphi	candidate_snvs	NA	NA	no_cnv	/raid/kang/DelSIEVE/simulation_results/IndelSIEVE_benchmark_pipeline_ld_201/benchmark_results/simulated_data/results/cell_names	/raid/kang/DelSIEVE/simulation_results/IndelSIEVE_benchmark_pipeline_ld_201/benchmark_results/sciphi/no_cnv/0009/post_processed/sciphi.cell_names	/raid/kang/DelSIEVE/simulation_results/IndelSIEVE_benchmark_pipeline_ld_201/benchmark_results/simulated_data/results/data_type/no_cnv/0009/true_evo_events_sites_names	/raid/kang/DelSIEVE/simulation_results/IndelSIEVE_benchmark_pipeline_ld_201/benchmark_results/sciphi/no_cnv/0009/post_processed/sciphi.loci_info	/raid/kang/DelSIEVE/simulation_results/IndelSIEVE_benchmark_pipeline_ld_201/benchmark_results/simulated_data/results/data_type/no_cnv/0009/true_evo_events_genotypes_numeric	/raid/kang/DelSIEVE/simulation_results/IndelSIEVE_benchmark_pipeline_ld_201/benchmark_results/sciphi/no_cnv/0009/post_processed/sciphi.genotypes	/raid/kang/DelSIEVE/simulation_results/IndelSIEVE_benchmark_pipeline_ld_201/benchmark_results/simulated_data/results/data_type/no_cnv/0009/true_evo_events_ternary_matrix.simple	/raid/kang/DelSIEVE/simulation_results/IndelSIEVE_benchmark_pipeline_ld_201/benchmark_results/sciphi/no_cnv/0009/post_processed/sciphi.ternary	/raid/kang/DelSIEVE/simulation_results/IndelSIEVE_benchmark_pipeline_ld_201/benchmark_results/sciphi/no_cnv/0009/post_processed/sciphi.genotype_probs	5916	5	34654	2065	0.7412604936724722	0.999155548049316	0.8511005610703497	0.0001442626734758	5916	5	35449	1270	0.8232674645143334	0.999155548049316	0.9027237354085604	0.0001410278106842	5893	28	35451	1268	0.8229297584136294	0.9952710690761696	0.9009325791163432	0.0007891992446235	0	0	42615	25	0.0	NA	NA	0.0	25	5	2	23	0	0	17679	1	0.0	NA	0.0	NA	0	0	17680	0	NA	NA	0.0	NA	0	0	17680	0	NA	NA	0.0	NA	0	0	17679	1	0.0	NA	0.0	NA	1	0	0	0	0	0	17680	0	NA	NA	0.0	NA
40	5	20	0.001999	0.16334	1e-06	1e-07	0.0	0010	sciphi	candidate_snvs	NA	NA	no_cnv	/raid/kang/DelSIEVE/simulation_results/IndelSIEVE_benchmark_pipeline_ld_201/benchmark_results/simulated_data/results/cell_names	/raid/kang/DelSIEVE/simulation_results/IndelSIEVE_benchmark_pipeline_ld_201/benchmark_results/sciphi/no_cnv/0010/post_processed/sciphi.cell_names	/raid/kang/DelSIEVE/simulation_results/IndelSIEVE_benchmark_pipeline_ld_201/benchmark_results/simulated_data/results/data_type/no_cnv/0010/true_evo_events_sites_names	/raid/kang/DelSIEVE/simulation_results/IndelSIEVE_benchmark_pipeline_ld_201/benchmark_results/sciphi/no_cnv/0010/post_processed/sciphi.loci_info	/raid/kang/DelSIEVE/simulation_results/IndelSIEVE_benchmark_pipeline_ld_201/benchmark_results/simulated_data/results/data_type/no_cnv/0010/true_evo_events_genotypes_numeric	/raid/kang/DelSIEVE/simulation_results/IndelSIEVE_benchmark_pipeline_ld_201/benchmark_results/sciphi/no_cnv/0010/post_processed/sciphi.genotypes	/raid/kang/DelSIEVE/simulation_results/IndelSIEVE_benchmark_pipeline_ld_201/benchmark_results/simulated_data/results/data_type/no_cnv/0010/true_evo_events_ternary_matrix.simple	/raid/kang/DelSIEVE/simulation_results/IndelSIEVE_benchmark_pipeline_ld_201/benchmark_results/sciphi/no_cnv/0010/post_processed/sciphi.ternary	/raid/kang/DelSIEVE/simulation_results/IndelSIEVE_benchmark_pipeline_ld_201/benchmark_results/sciphi/no_cnv/0010/post_processed/sciphi.genotype_probs	5137	19	34339	1745	0.7464399883754722	0.9963149728471684	0.8534640305698621	0.0005530007567378	5137	19	35020	1064	0.8284147718109982	0.9963149728471684	0.9046403099410054	0.0005422529181768	5108	48	35025	1059	0.828279552456624	0.990690457719162	0.9022343901792812	0.001368574116842	0	0	41232	8	0.0	NA	NA	0.0	8	19	2	6	0	0	20053	67	0.0	NA	0.0	NA	0	0	20120	0	NA	NA	0.0	NA	0	0	20094	26	0.0	NA	0.0	NA	0	0	20079	41	0.0	NA	0.0	NA	41	0	23	0	0	0	20120	0	NA	NA	0.0	NA
40	5	20	0.001999	0.16334	1e-06	1e-07	0.0	0001	sciphin	candidate_snvs	NA	NA	no_cnv	/raid/kang/DelSIEVE/simulation_results/IndelSIEVE_benchmark_pipeline_ld_201/benchmark_results/simulated_data/results/cell_names	/raid/kang/DelSIEVE/simulation_results/IndelSIEVE_benchmark_pipeline_ld_201/benchmark_results/sciphin/no_cnv/0001/post_processed/sciphin.cell_names	/raid/kang/DelSIEVE/simulation_results/IndelSIEVE_benchmark_pipeline_ld_201/benchmark_results/simulated_data/results/data_type/no_cnv/0001/true_evo_events_sites_names	/raid/kang/DelSIEVE/simulation_results/IndelSIEVE_benchmark_pipeline_ld_201/benchmark_results/sciphin/no_cnv/0001/post_processed/sciphin.loci_info	/raid/kang/DelSIEVE/simulation_results/IndelSIEVE_benchmark_pipeline_ld_201/benchmark_results/simulated_data/results/data_type/no_cnv/0001/true_evo_events_genotypes_numeric	/raid/kang/DelSIEVE/simulation_results/IndelSIEVE_benchmark_pipeline_ld_201/benchmark_results/sciphin/no_cnv/0001/post_processed/sciphin.genotypes	/raid/kang/DelSIEVE/simulation_results/IndelSIEVE_benchmark_pipeline_ld_201/benchmark_results/simulated_data/results/data_type/no_cnv/0001/true_evo_events_ternary_matrix.simple	/raid/kang/DelSIEVE/simulation_results/IndelSIEVE_benchmark_pipeline_ld_201/benchmark_results/sciphin/no_cnv/0001/post_processed/sciphin.ternary	/raid/kang/DelSIEVE/simulation_results/IndelSIEVE_benchmark_pipeline_ld_201/benchmark_results/sciphin/no_cnv/0001/post_processed/sciphin.genotype_probs	8528	2	40666	2524	0.7716250452406804	0.9997655334114888	0.8710039832499233	4.91787154519524e-05	8528	2	41716	1471	0.8528852885288529	0.9997655334114888	0.9205029953046576	4.794093676590441e-05	8480	50	41717	1470	0.8522613065326633	0.9941383352872216	0.9177489177489178	0.0011971173414418	0	0	51669	48	0.0	NA	NA	0.0	48	2	1	47	0	0	22392	8	0.0	NA	0.0	NA	0	0	22400	0	NA	NA	0.0	NA	0	0	22399	1	0.0	NA	0.0	NA	0	0	22393	7	0.0	NA	0.0	NA	7	0	1	0	0	0	22400	0	NA	NA	0.0	NA
40	5	20	0.001999	0.16334	1e-06	1e-07	0.0	0002	sciphin	candidate_snvs	NA	NA	no_cnv	/raid/kang/DelSIEVE/simulation_results/IndelSIEVE_benchmark_pipeline_ld_201/benchmark_results/simulated_data/results/cell_names	/raid/kang/DelSIEVE/simulation_results/IndelSIEVE_benchmark_pipeline_ld_201/benchmark_results/sciphin/no_cnv/0002/post_processed/sciphin.cell_names	/raid/kang/DelSIEVE/simulation_results/IndelSIEVE_benchmark_pipeline_ld_201/benchmark_results/simulated_data/results/data_type/no_cnv/0002/true_evo_events_sites_names	/raid/kang/DelSIEVE/simulation_results/IndelSIEVE_benchmark_pipeline_ld_201/benchmark_results/sciphin/no_cnv/0002/post_processed/sciphin.loci_info	/raid/kang/DelSIEVE/simulation_results/IndelSIEVE_benchmark_pipeline_ld_201/benchmark_results/simulated_data/results/data_type/no_cnv/0002/true_evo_events_genotypes_numeric	/raid/kang/DelSIEVE/simulation_results/IndelSIEVE_benchmark_pipeline_ld_201/benchmark_results/sciphin/no_cnv/0002/post_processed/sciphin.genotypes	/raid/kang/DelSIEVE/simulation_results/IndelSIEVE_benchmark_pipeline_ld_201/benchmark_results/simulated_data/results/data_type/no_cnv/0002/true_evo_events_ternary_matrix.simple	/raid/kang/DelSIEVE/simulation_results/IndelSIEVE_benchmark_pipeline_ld_201/benchmark_results/sciphin/no_cnv/0002/post_processed/sciphin.ternary	/raid/kang/DelSIEVE/simulation_results/IndelSIEVE_benchmark_pipeline_ld_201/benchmark_results/sciphin/no_cnv/0002/post_processed/sciphin.genotype_probs	9621	15	40587	2937	0.7661251791686574	0.9984433374844334	0.8669910786699109	0.0003694399290675	9621	15	42014	1509	0.8644204851752022	0.9984433374844334	0.9266108061253974	0.0003568964286564	9553	83	42014	1509	0.863587054782137	0.9913864674138648	0.9230843559764228	0.0019716369337482	0	0	53109	50	0.0	NA	NA	0.0	50	15	0	50	0	0	27731	69	0.0	NA	0.0	NA	0	0	27800	0	NA	NA	0.0	NA	0	0	27782	18	0.0	NA	0.0	NA	0	0	27749	51	0.0	NA	0.0	NA	51	0	18	0	0	0	27800	0	NA	NA	0.0	NA
40	5	20	0.001999	0.16334	1e-06	1e-07	0.0	0003	sciphin	candidate_snvs	NA	NA	no_cnv	/raid/kang/DelSIEVE/simulation_results/IndelSIEVE_benchmark_pipeline_ld_201/benchmark_results/simulated_data/results/cell_names	/raid/kang/DelSIEVE/simulation_results/IndelSIEVE_benchmark_pipeline_ld_201/benchmark_results/sciphin/no_cnv/0003/post_processed/sciphin.cell_names	/raid/kang/DelSIEVE/simulation_results/IndelSIEVE_benchmark_pipeline_ld_201/benchmark_results/simulated_data/results/data_type/no_cnv/0003/true_evo_events_sites_names	/raid/kang/DelSIEVE/simulation_results/IndelSIEVE_benchmark_pipeline_ld_201/benchmark_results/sciphin/no_cnv/0003/post_processed/sciphin.loci_info	/raid/kang/DelSIEVE/simulation_results/IndelSIEVE_benchmark_pipeline_ld_201/benchmark_results/simulated_data/results/data_type/no_cnv/0003/true_evo_events_genotypes_numeric	/raid/kang/DelSIEVE/simulation_results/IndelSIEVE_benchmark_pipeline_ld_201/benchmark_results/sciphin/no_cnv/0003/post_processed/sciphin.genotypes	/raid/kang/DelSIEVE/simulation_results/IndelSIEVE_benchmark_pipeline_ld_201/benchmark_results/simulated_data/results/data_type/no_cnv/0003/true_evo_events_ternary_matrix.simple	/raid/kang/DelSIEVE/simulation_results/IndelSIEVE_benchmark_pipeline_ld_201/benchmark_results/sciphin/no_cnv/0003/post_processed/sciphin.ternary	/raid/kang/DelSIEVE/simulation_results/IndelSIEVE_benchmark_pipeline_ld_201/benchmark_results/sciphin/no_cnv/0003/post_processed/sciphin.genotype_probs	5681	5	36873	2001	0.7395209580838323	0.999120647203658	0.8499401555954518	0.0001355821899235	5681	5	37488	1385	0.8039909425417492	0.999120647203658	0.8909974905897114	0.000133358226869	5665	21	37488	1385	0.8035460992907801	0.996306718255364	0.889604271356784	0.0005598656322482	0	0	44543	16	0.0	NA	NA	0.0	16	5	0	16	0	0	19810	30	0.0	NA	0.0	NA	0	0	19840	0	NA	NA	0.0	NA	0	0	19840	0	NA	NA	0.0	NA	0	0	19810	30	0.0	NA	0.0	NA	30	0	0	0	0	0	19840	0	NA	NA	0.0	NA
40	5	20	0.001999	0.16334	1e-06	1e-07	0.0	0004	sciphin	candidate_snvs	NA	NA	no_cnv	/raid/kang/DelSIEVE/simulation_results/IndelSIEVE_benchmark_pipeline_ld_201/benchmark_results/simulated_data/results/cell_names	/raid/kang/DelSIEVE/simulation_results/IndelSIEVE_benchmark_pipeline_ld_201/benchmark_results/sciphin/no_cnv/0004/post_processed/sciphin.cell_names	/raid/kang/DelSIEVE/simulation_results/IndelSIEVE_benchmark_pipeline_ld_201/benchmark_results/simulated_data/results/data_type/no_cnv/0004/true_evo_events_sites_names	/raid/kang/DelSIEVE/simulation_results/IndelSIEVE_benchmark_pipeline_ld_201/benchmark_results/sciphin/no_cnv/0004/post_processed/sciphin.loci_info	/raid/kang/DelSIEVE/simulation_results/IndelSIEVE_benchmark_pipeline_ld_201/benchmark_results/simulated_data/results/data_type/no_cnv/0004/true_evo_events_genotypes_numeric	/raid/kang/DelSIEVE/simulation_results/IndelSIEVE_benchmark_pipeline_ld_201/benchmark_results/sciphin/no_cnv/0004/post_processed/sciphin.genotypes	/raid/kang/DelSIEVE/simulation_results/IndelSIEVE_benchmark_pipeline_ld_201/benchmark_results/simulated_data/results/data_type/no_cnv/0004/true_evo_events_ternary_matrix.simple	/raid/kang/DelSIEVE/simulation_results/IndelSIEVE_benchmark_pipeline_ld_201/benchmark_results/sciphin/no_cnv/0004/post_processed/sciphin.ternary	/raid/kang/DelSIEVE/simulation_results/IndelSIEVE_benchmark_pipeline_ld_201/benchmark_results/sciphin/no_cnv/0004/post_processed/sciphin.genotype_probs	5518	14	27092	1536	0.7822512049900765	0.997469269703543	0.876847290640394	0.0005164908138419	5518	14	27736	890	0.8611111111111112	0.997469269703543	0.92428810720268	0.0005045045045045	5512	20	27736	890	0.8609809434551703	0.9963846710050616	0.9237472766884532	0.0007205649228995	0	0	34152	6	0.0	NA	NA	0.0	6	14	0	6	0	0	17537	23	0.0	NA	0.0	NA	0	0	17560	0	NA	NA	0.0	NA	0	0	17560	0	NA	NA	0.0	NA	0	0	17537	23	0.0	NA	0.0	NA	23	0	0	0	0	0	17560	0	NA	NA	0.0	NA
40	5	20	0.001999	0.16334	1e-06	1e-07	0.0	0005	sciphin	candidate_snvs	NA	NA	no_cnv	/raid/kang/DelSIEVE/simulation_results/IndelSIEVE_benchmark_pipeline_ld_201/benchmark_results/simulated_data/results/cell_names	/raid/kang/DelSIEVE/simulation_results/IndelSIEVE_benchmark_pipeline_ld_201/benchmark_results/sciphin/no_cnv/0005/post_processed/sciphin.cell_names	/raid/kang/DelSIEVE/simulation_results/IndelSIEVE_benchmark_pipeline_ld_201/benchmark_results/simulated_data/results/data_type/no_cnv/0005/true_evo_events_sites_names	/raid/kang/DelSIEVE/simulation_results/IndelSIEVE_benchmark_pipeline_ld_201/benchmark_results/sciphin/no_cnv/0005/post_processed/sciphin.loci_info	/raid/kang/DelSIEVE/simulation_results/IndelSIEVE_benchmark_pipeline_ld_201/benchmark_results/simulated_data/results/data_type/no_cnv/0005/true_evo_events_genotypes_numeric	/raid/kang/DelSIEVE/simulation_results/IndelSIEVE_benchmark_pipeline_ld_201/benchmark_results/sciphin/no_cnv/0005/post_processed/sciphin.genotypes	/raid/kang/DelSIEVE/simulation_results/IndelSIEVE_benchmark_pipeline_ld_201/benchmark_results/simulated_data/results/data_type/no_cnv/0005/true_evo_events_ternary_matrix.simple	/raid/kang/DelSIEVE/simulation_results/IndelSIEVE_benchmark_pipeline_ld_201/benchmark_results/sciphin/no_cnv/0005/post_processed/sciphin.ternary	/raid/kang/DelSIEVE/simulation_results/IndelSIEVE_benchmark_pipeline_ld_201/benchmark_results/sciphin/no_cnv/0005/post_processed/sciphin.genotype_probs	4414	4	27095	1447	0.7531138031052721	0.9990946129470348	0.858838408405487	0.0001476069227646	4414	4	27588	952	0.8225866567275438	0.9990946129470348	0.902289452166803	0.0001449695563931	4382	36	27588	952	0.821522309711286	0.9918515165233136	0.8986874487284658	0.0013032145960034	0	0	32926	32	0.0	NA	NA	0.0	32	4	0	32	0	0	13520	0	NA	NA	0.0	NA	0	0	13520	0	NA	NA	0.0	NA	0	0	13520	0	NA	NA	0.0	NA	0	0	13520	0	NA	NA	0.0	NA	0	0	0	0	0	0	13520	0	NA	NA	0.0	NA
40	5	20	0.001999	0.16334	1e-06	1e-07	0.0	0006	sciphin	candidate_snvs	NA	NA	no_cnv	/raid/kang/DelSIEVE/simulation_results/IndelSIEVE_benchmark_pipeline_ld_201/benchmark_results/simulated_data/results/cell_names	/raid/kang/DelSIEVE/simulation_results/IndelSIEVE_benchmark_pipeline_ld_201/benchmark_results/sciphin/no_cnv/0006/post_processed/sciphin.cell_names	/raid/kang/DelSIEVE/simulation_results/IndelSIEVE_benchmark_pipeline_ld_201/benchmark_results/simulated_data/results/data_type/no_cnv/0006/true_evo_events_sites_names	/raid/kang/DelSIEVE/simulation_results/IndelSIEVE_benchmark_pipeline_ld_201/benchmark_results/sciphin/no_cnv/0006/post_processed/sciphin.loci_info	/raid/kang/DelSIEVE/simulation_results/IndelSIEVE_benchmark_pipeline_ld_201/benchmark_results/simulated_data/results/data_type/no_cnv/0006/true_evo_events_genotypes_numeric	/raid/kang/DelSIEVE/simulation_results/IndelSIEVE_benchmark_pipeline_ld_201/benchmark_results/sciphin/no_cnv/0006/post_processed/sciphin.genotypes	/raid/kang/DelSIEVE/simulation_results/IndelSIEVE_benchmark_pipeline_ld_201/benchmark_results/simulated_data/results/data_type/no_cnv/0006/true_evo_events_ternary_matrix.simple	/raid/kang/DelSIEVE/simulation_results/IndelSIEVE_benchmark_pipeline_ld_201/benchmark_results/sciphin/no_cnv/0006/post_processed/sciphin.ternary	/raid/kang/DelSIEVE/simulation_results/IndelSIEVE_benchmark_pipeline_ld_201/benchmark_results/sciphin/no_cnv/0006/post_processed/sciphin.genotype_probs	8294	5	34576	1965	0.8084608636319329	0.9993975177732256	0.8938463196465137	0.0001445880685925	8294	5	35331	1209	0.8727770177838577	0.9993975177732256	0.9318054151218964	0.0001414987548109	8244	55	35333	1207	0.8722886467040525	0.9933726955054826	0.928901408450704	0.0015541991635582	0	0	44789	50	0.0	NA	NA	0.0	50	5	1	49	0	0	20991	9	0.0	NA	0.0	NA	0	0	21000	0	NA	NA	0.0	NA	0	0	20998	2	0.0	NA	0.0	NA	0	0	20993	7	0.0	NA	0.0	NA	7	0	1	0	0	0	21000	0	NA	NA	0.0	NA
40	5	20	0.001999	0.16334	1e-06	1e-07	0.0	0007	sciphin	candidate_snvs	NA	NA	no_cnv	/raid/kang/DelSIEVE/simulation_results/IndelSIEVE_benchmark_pipeline_ld_201/benchmark_results/simulated_data/results/cell_names	/raid/kang/DelSIEVE/simulation_results/IndelSIEVE_benchmark_pipeline_ld_201/benchmark_results/sciphin/no_cnv/0007/post_processed/sciphin.cell_names	/raid/kang/DelSIEVE/simulation_results/IndelSIEVE_benchmark_pipeline_ld_201/benchmark_results/simulated_data/results/data_type/no_cnv/0007/true_evo_events_sites_names	/raid/kang/DelSIEVE/simulation_results/IndelSIEVE_benchmark_pipeline_ld_201/benchmark_results/sciphin/no_cnv/0007/post_processed/sciphin.loci_info	/raid/kang/DelSIEVE/simulation_results/IndelSIEVE_benchmark_pipeline_ld_201/benchmark_results/simulated_data/results/data_type/no_cnv/0007/true_evo_events_genotypes_numeric	/raid/kang/DelSIEVE/simulation_results/IndelSIEVE_benchmark_pipeline_ld_201/benchmark_results/sciphin/no_cnv/0007/post_processed/sciphin.genotypes	/raid/kang/DelSIEVE/simulation_results/IndelSIEVE_benchmark_pipeline_ld_201/benchmark_results/simulated_data/results/data_type/no_cnv/0007/true_evo_events_ternary_matrix.simple	/raid/kang/DelSIEVE/simulation_results/IndelSIEVE_benchmark_pipeline_ld_201/benchmark_results/sciphin/no_cnv/0007/post_processed/sciphin.ternary	/raid/kang/DelSIEVE/simulation_results/IndelSIEVE_benchmark_pipeline_ld_201/benchmark_results/sciphin/no_cnv/0007/post_processed/sciphin.genotype_probs	4676	3	35391	1890	0.7121535181236673	0.99935883735841	0.8316585148955091	8.476012883539582e-05	4676	3	35944	1337	0.7776484284051223	0.99935883735841	0.8746726524504302	8.345619940467911e-05	4630	49	35944	1337	0.77593430534607	0.9895276768540286	0.8698102573736614	0.0013613758230767	0	0	41929	31	0.0	NA	NA	0.0	31	3	0	31	0	0	16104	16	0.0	NA	0.0	NA	0	0	16120	0	NA	NA	0.0	NA	0	0	16105	15	0.0	NA	0.0	NA	0	0	16119	1	0.0	NA	0.0	NA	1	0	15	0	0	0	16120	0	NA	NA	0.0	NA
40	5	20	0.001999	0.16334	1e-06	1e-07	0.0	0008	sciphin	candidate_snvs	NA	NA	no_cnv	/raid/kang/DelSIEVE/simulation_results/IndelSIEVE_benchmark_pipeline_ld_201/benchmark_results/simulated_data/results/cell_names	/raid/kang/DelSIEVE/simulation_results/IndelSIEVE_benchmark_pipeline_ld_201/benchmark_results/sciphin/no_cnv/0008/post_processed/sciphin.cell_names	/raid/kang/DelSIEVE/simulation_results/IndelSIEVE_benchmark_pipeline_ld_201/benchmark_results/simulated_data/results/data_type/no_cnv/0008/true_evo_events_sites_names	/raid/kang/DelSIEVE/simulation_results/IndelSIEVE_benchmark_pipeline_ld_201/benchmark_results/sciphin/no_cnv/0008/post_processed/sciphin.loci_info	/raid/kang/DelSIEVE/simulation_results/IndelSIEVE_benchmark_pipeline_ld_201/benchmark_results/simulated_data/results/data_type/no_cnv/0008/true_evo_events_genotypes_numeric	/raid/kang/DelSIEVE/simulation_results/IndelSIEVE_benchmark_pipeline_ld_201/benchmark_results/sciphin/no_cnv/0008/post_processed/sciphin.genotypes	/raid/kang/DelSIEVE/simulation_results/IndelSIEVE_benchmark_pipeline_ld_201/benchmark_results/simulated_data/results/data_type/no_cnv/0008/true_evo_events_ternary_matrix.simple	/raid/kang/DelSIEVE/simulation_results/IndelSIEVE_benchmark_pipeline_ld_201/benchmark_results/sciphin/no_cnv/0008/post_processed/sciphin.ternary	/raid/kang/DelSIEVE/simulation_results/IndelSIEVE_benchmark_pipeline_ld_201/benchmark_results/sciphin/no_cnv/0008/post_processed/sciphin.genotype_probs	7366	16	36417	2321	0.7604005368018995	0.9978325657003522	0.8630851250805553	0.0004391622979167	7366	16	37088	1650	0.8169920141969832	0.9978325657003522	0.898402244176119	0.0004312203536006	7302	80	37089	1649	0.815774773768294	0.9891628285017612	0.8941406967489133	0.0021523312437784	0	0	46055	65	0.0	NA	NA	0.0	65	16	1	64	0	0	23869	11	0.0	NA	0.0	NA	0	0	23880	0	NA	NA	0.0	NA	0	0	23880	0	NA	NA	0.0	NA	0	0	23869	11	0.0	NA	0.0	NA	11	0	0	0	0	0	23880	0	NA	NA	0.0	NA
40	5	20	0.001999	0.16334	1e-06	1e-07	0.0	0009	sciphin	candidate_snvs	NA	NA	no_cnv	/raid/kang/DelSIEVE/simulation_results/IndelSIEVE_benchmark_pipeline_ld_201/benchmark_results/simulated_data/results/cell_names	/raid/kang/DelSIEVE/simulation_results/IndelSIEVE_benchmark_pipeline_ld_201/benchmark_results/sciphin/no_cnv/0009/post_processed/sciphin.cell_names	/raid/kang/DelSIEVE/simulation_results/IndelSIEVE_benchmark_pipeline_ld_201/benchmark_results/simulated_data/results/data_type/no_cnv/0009/true_evo_events_sites_names	/raid/kang/DelSIEVE/simulation_results/IndelSIEVE_benchmark_pipeline_ld_201/benchmark_results/sciphin/no_cnv/0009/post_processed/sciphin.loci_info	/raid/kang/DelSIEVE/simulation_results/IndelSIEVE_benchmark_pipeline_ld_201/benchmark_results/simulated_data/results/data_type/no_cnv/0009/true_evo_events_genotypes_numeric	/raid/kang/DelSIEVE/simulation_results/IndelSIEVE_benchmark_pipeline_ld_201/benchmark_results/sciphin/no_cnv/0009/post_processed/sciphin.genotypes	/raid/kang/DelSIEVE/simulation_results/IndelSIEVE_benchmark_pipeline_ld_201/benchmark_results/simulated_data/results/data_type/no_cnv/0009/true_evo_events_ternary_matrix.simple	/raid/kang/DelSIEVE/simulation_results/IndelSIEVE_benchmark_pipeline_ld_201/benchmark_results/sciphin/no_cnv/0009/post_processed/sciphin.ternary	/raid/kang/DelSIEVE/simulation_results/IndelSIEVE_benchmark_pipeline_ld_201/benchmark_results/sciphin/no_cnv/0009/post_processed/sciphin.genotype_probs	5913	1	34658	2068	0.7408846009272021	0.9998309097057828	0.8510975170924793	2.885253469517297e-05	5913	1	35453	1273	0.8228499860840524	0.9998309097057828	0.9027480916030536	2.8205562136853388e-05	5890	24	35455	1271	0.8225108225108225	0.9959418329387894	0.9009560229445508	0.0006764564953916	0	0	42615	25	0.0	NA	NA	0.0	25	1	2	23	0	0	17679	1	0.0	NA	0.0	NA	0	0	17680	0	NA	NA	0.0	NA	0	0	17680	0	NA	NA	0.0	NA	0	0	17679	1	0.0	NA	0.0	NA	1	0	0	0	0	0	17680	0	NA	NA	0.0	NA
40	5	20	0.001999	0.16334	1e-06	1e-07	0.0	0010	sciphin	candidate_snvs	NA	NA	no_cnv	/raid/kang/DelSIEVE/simulation_results/IndelSIEVE_benchmark_pipeline_ld_201/benchmark_results/simulated_data/results/cell_names	/raid/kang/DelSIEVE/simulation_results/IndelSIEVE_benchmark_pipeline_ld_201/benchmark_results/sciphin/no_cnv/0010/post_processed/sciphin.cell_names	/raid/kang/DelSIEVE/simulation_results/IndelSIEVE_benchmark_pipeline_ld_201/benchmark_results/simulated_data/results/data_type/no_cnv/0010/true_evo_events_sites_names	/raid/kang/DelSIEVE/simulation_results/IndelSIEVE_benchmark_pipeline_ld_201/benchmark_results/sciphin/no_cnv/0010/post_processed/sciphin.loci_info	/raid/kang/DelSIEVE/simulation_results/IndelSIEVE_benchmark_pipeline_ld_201/benchmark_results/simulated_data/results/data_type/no_cnv/0010/true_evo_events_genotypes_numeric	/raid/kang/DelSIEVE/simulation_results/IndelSIEVE_benchmark_pipeline_ld_201/benchmark_results/sciphin/no_cnv/0010/post_processed/sciphin.genotypes	/raid/kang/DelSIEVE/simulation_results/IndelSIEVE_benchmark_pipeline_ld_201/benchmark_results/simulated_data/results/data_type/no_cnv/0010/true_evo_events_ternary_matrix.simple	/raid/kang/DelSIEVE/simulation_results/IndelSIEVE_benchmark_pipeline_ld_201/benchmark_results/sciphin/no_cnv/0010/post_processed/sciphin.ternary	/raid/kang/DelSIEVE/simulation_results/IndelSIEVE_benchmark_pipeline_ld_201/benchmark_results/sciphin/no_cnv/0010/post_processed/sciphin.genotype_probs	5162	18	34340	1720	0.7500726532984597	0.9965250965250966	0.8559111258497761	0.0005238954537516	5162	18	35021	1039	0.832446379616191	0.9965250965250966	0.9071259116070644	0.0005137132909044	5133	47	35026	1034	0.8323333873844657	0.990926640926641	0.9047325284216092	0.0013400621560744	0	0	41232	8	0.0	NA	NA	0.0	8	18	2	6	0	0	20053	67	0.0	NA	0.0	NA	0	0	20120	0	NA	NA	0.0	NA	0	0	20094	26	0.0	NA	0.0	NA	0	0	20079	41	0.0	NA	0.0	NA	41	0	23	0	0	0	20120	0	NA	NA	0.0	NA
40	5	20	0.001999	0.16334	1e-06	1e-07	0.0	0001	sieve	candidate_snvs	smc_mu_ld_stage_1	mt	no_cnv	/raid/kang/DelSIEVE/simulation_results/IndelSIEVE_benchmark_pipeline_ld_201/benchmark_results/simulated_data/results/cell_names	/raid/kang/DelSIEVE/simulation_results/IndelSIEVE_benchmark_pipeline_ld_201/benchmark_results/indelsieve/from_candidate/variant_calling/mt/no_cnv/smc_mu_ld_stage_1/0001/indelsieve_median.cell_names	/raid/kang/DelSIEVE/simulation_results/IndelSIEVE_benchmark_pipeline_ld_201/benchmark_results/simulated_data/results/data_type/no_cnv/0001/true_evo_events_sites_names	/raid/kang/DelSIEVE/simulation_results/IndelSIEVE_benchmark_pipeline_ld_201/benchmark_results/indelsieve/from_candidate/variant_calling/mt/no_cnv/smc_mu_ld_stage_1/0001/indelsieve_median.loci_info	/raid/kang/DelSIEVE/simulation_results/IndelSIEVE_benchmark_pipeline_ld_201/benchmark_results/simulated_data/results/data_type/no_cnv/0001/true_evo_events_genotypes_numeric	/raid/kang/DelSIEVE/simulation_results/IndelSIEVE_benchmark_pipeline_ld_201/benchmark_results/indelsieve/from_candidate/variant_calling/mt/no_cnv/smc_mu_ld_stage_1/0001/indelsieve_median.genotypes	/raid/kang/DelSIEVE/simulation_results/IndelSIEVE_benchmark_pipeline_ld_201/benchmark_results/simulated_data/results/data_type/no_cnv/0001/true_evo_events_ternary_matrix.simple	/raid/kang/DelSIEVE/simulation_results/IndelSIEVE_benchmark_pipeline_ld_201/benchmark_results/indelsieve/from_candidate/variant_calling/mt/no_cnv/smc_mu_ld_stage_1/0001/indelsieve_median.ternary	/raid/kang/DelSIEVE/simulation_results/IndelSIEVE_benchmark_pipeline_ld_201/benchmark_results/indelsieve/from_candidate/variant_calling/mt/no_cnv/smc_mu_ld_stage_1/0001/indelsieve_median.probs	8818	84	40584	2234	0.7978646398841839	0.9905639182206246	0.8838328154755939	0.002065506048982	8817	85	41633	1182	0.8817881788178817	0.9904515839137272	0.932966509708481	0.0020374898125509	8682	108	41659	1268	0.8725628140703517	0.9877133105802048	0.9265741728922092	0.0025857734575143	26	86	51583	22	0.5416666666666666	0.2321428571428571	0.325	0.0016644409607308	48	84	0	22	0	0	22352	8	0.0	NA	0.0	NA	0	0	22360	0	NA	NA	0.0	NA	0	0	22359	1	0.0	NA	0.0	NA	0	0	22353	7	0.0	NA	0.0	NA	6	1	1	0	0	0	22360	0	NA	NA	0.0	NA
40	5	20	0.001999	0.16334	1e-06	1e-07	0.0	0002	sieve	candidate_snvs	smc_mu_ld_stage_1	mt	no_cnv	/raid/kang/DelSIEVE/simulation_results/IndelSIEVE_benchmark_pipeline_ld_201/benchmark_results/simulated_data/results/cell_names	/raid/kang/DelSIEVE/simulation_results/IndelSIEVE_benchmark_pipeline_ld_201/benchmark_results/indelsieve/from_candidate/variant_calling/mt/no_cnv/smc_mu_ld_stage_1/0002/indelsieve_median.cell_names	/raid/kang/DelSIEVE/simulation_results/IndelSIEVE_benchmark_pipeline_ld_201/benchmark_results/simulated_data/results/data_type/no_cnv/0002/true_evo_events_sites_names	/raid/kang/DelSIEVE/simulation_results/IndelSIEVE_benchmark_pipeline_ld_201/benchmark_results/indelsieve/from_candidate/variant_calling/mt/no_cnv/smc_mu_ld_stage_1/0002/indelsieve_median.loci_info	/raid/kang/DelSIEVE/simulation_results/IndelSIEVE_benchmark_pipeline_ld_201/benchmark_results/simulated_data/results/data_type/no_cnv/0002/true_evo_events_genotypes_numeric	/raid/kang/DelSIEVE/simulation_results/IndelSIEVE_benchmark_pipeline_ld_201/benchmark_results/indelsieve/from_candidate/variant_calling/mt/no_cnv/smc_mu_ld_stage_1/0002/indelsieve_median.genotypes	/raid/kang/DelSIEVE/simulation_results/IndelSIEVE_benchmark_pipeline_ld_201/benchmark_results/simulated_data/results/data_type/no_cnv/0002/true_evo_events_ternary_matrix.simple	/raid/kang/DelSIEVE/simulation_results/IndelSIEVE_benchmark_pipeline_ld_201/benchmark_results/indelsieve/from_candidate/variant_calling/mt/no_cnv/smc_mu_ld_stage_1/0002/indelsieve_median.ternary	/raid/kang/DelSIEVE/simulation_results/IndelSIEVE_benchmark_pipeline_ld_201/benchmark_results/indelsieve/from_candidate/variant_calling/mt/no_cnv/smc_mu_ld_stage_1/0002/indelsieve_median.probs	9902	59	40543	2656	0.788501353718745	0.9940768999096476	0.8794351436564679	0.0014531303876656	9902	59	41970	1228	0.8896675651392633	0.9940768999096476	0.9389787112986582	0.0014037926193818	9775	66	42031	1287	0.8836557584523594	0.993293364495478	0.9352724489307755	0.0015678076822576	45	75	53034	5	0.9	0.375	0.5294117647058825	0.0014121900242896	50	59	0	5	0	0	27651	69	0.0	NA	0.0	NA	0	0	27720	0	NA	NA	0.0	NA	0	0	27702	18	0.0	NA	0.0	NA	0	0	27669	51	0.0	NA	0.0	NA	51	0	2	16	0	0	27720	0	NA	NA	0.0	NA
40	5	20	0.001999	0.16334	1e-06	1e-07	0.0	0003	sieve	candidate_snvs	smc_mu_ld_stage_1	mt	no_cnv	/raid/kang/DelSIEVE/simulation_results/IndelSIEVE_benchmark_pipeline_ld_201/benchmark_results/simulated_data/results/cell_names	/raid/kang/DelSIEVE/simulation_results/IndelSIEVE_benchmark_pipeline_ld_201/benchmark_results/indelsieve/from_candidate/variant_calling/mt/no_cnv/smc_mu_ld_stage_1/0003/indelsieve_median.cell_names	/raid/kang/DelSIEVE/simulation_results/IndelSIEVE_benchmark_pipeline_ld_201/benchmark_results/simulated_data/results/data_type/no_cnv/0003/true_evo_events_sites_names	/raid/kang/DelSIEVE/simulation_results/IndelSIEVE_benchmark_pipeline_ld_201/benchmark_results/indelsieve/from_candidate/variant_calling/mt/no_cnv/smc_mu_ld_stage_1/0003/indelsieve_median.loci_info	/raid/kang/DelSIEVE/simulation_results/IndelSIEVE_benchmark_pipeline_ld_201/benchmark_results/simulated_data/results/data_type/no_cnv/0003/true_evo_events_genotypes_numeric	/raid/kang/DelSIEVE/simulation_results/IndelSIEVE_benchmark_pipeline_ld_201/benchmark_results/indelsieve/from_candidate/variant_calling/mt/no_cnv/smc_mu_ld_stage_1/0003/indelsieve_median.genotypes	/raid/kang/DelSIEVE/simulation_results/IndelSIEVE_benchmark_pipeline_ld_201/benchmark_results/simulated_data/results/data_type/no_cnv/0003/true_evo_events_ternary_matrix.simple	/raid/kang/DelSIEVE/simulation_results/IndelSIEVE_benchmark_pipeline_ld_201/benchmark_results/indelsieve/from_candidate/variant_calling/mt/no_cnv/smc_mu_ld_stage_1/0003/indelsieve_median.ternary	/raid/kang/DelSIEVE/simulation_results/IndelSIEVE_benchmark_pipeline_ld_201/benchmark_results/indelsieve/from_candidate/variant_calling/mt/no_cnv/smc_mu_ld_stage_1/0003/indelsieve_median.probs	5922	59	36819	1760	0.7708929966154647	0.9901354288580504	0.8668667203396033	0.0015998698410976	5922	59	37434	1144	0.8380979337673365	0.9901354288580504	0.907794895378248	0.0015736270770543	5858	64	37445	1192	0.8309219858156028	0.98919284025667	0.9031760715386986	0.001706257164947	11	48	44495	5	0.6875	0.1864406779661017	0.2933333333333333	0.0010776103989403	16	59	0	5	0	0	19770	30	0.0	NA	0.0	NA	0	0	19800	0	NA	NA	0.0	NA	0	0	19800	0	NA	NA	0.0	NA	0	0	19770	30	0.0	NA	0.0	NA	30	0	0	0	0	0	19800	0	NA	NA	0.0	NA
40	5	20	0.001999	0.16334	1e-06	1e-07	0.0	0004	sieve	candidate_snvs	smc_mu_ld_stage_1	mt	no_cnv	/raid/kang/DelSIEVE/simulation_results/IndelSIEVE_benchmark_pipeline_ld_201/benchmark_results/simulated_data/results/cell_names	/raid/kang/DelSIEVE/simulation_results/IndelSIEVE_benchmark_pipeline_ld_201/benchmark_results/indelsieve/from_candidate/variant_calling/mt/no_cnv/smc_mu_ld_stage_1/0004/indelsieve_median.cell_names	/raid/kang/DelSIEVE/simulation_results/IndelSIEVE_benchmark_pipeline_ld_201/benchmark_results/simulated_data/results/data_type/no_cnv/0004/true_evo_events_sites_names	/raid/kang/DelSIEVE/simulation_results/IndelSIEVE_benchmark_pipeline_ld_201/benchmark_results/indelsieve/from_candidate/variant_calling/mt/no_cnv/smc_mu_ld_stage_1/0004/indelsieve_median.loci_info	/raid/kang/DelSIEVE/simulation_results/IndelSIEVE_benchmark_pipeline_ld_201/benchmark_results/simulated_data/results/data_type/no_cnv/0004/true_evo_events_genotypes_numeric	/raid/kang/DelSIEVE/simulation_results/IndelSIEVE_benchmark_pipeline_ld_201/benchmark_results/indelsieve/from_candidate/variant_calling/mt/no_cnv/smc_mu_ld_stage_1/0004/indelsieve_median.genotypes	/raid/kang/DelSIEVE/simulation_results/IndelSIEVE_benchmark_pipeline_ld_201/benchmark_results/simulated_data/results/data_type/no_cnv/0004/true_evo_events_ternary_matrix.simple	/raid/kang/DelSIEVE/simulation_results/IndelSIEVE_benchmark_pipeline_ld_201/benchmark_results/indelsieve/from_candidate/variant_calling/mt/no_cnv/smc_mu_ld_stage_1/0004/indelsieve_median.ternary	/raid/kang/DelSIEVE/simulation_results/IndelSIEVE_benchmark_pipeline_ld_201/benchmark_results/indelsieve/from_candidate/variant_calling/mt/no_cnv/smc_mu_ld_stage_1/0004/indelsieve_median.probs	5707	45	27061	1347	0.8090445137510632	0.9921766342141864	0.8913009526784319	0.0016601490444919	5707	45	27705	701	0.8906054931335831	0.9921766342141864	0.9386513157894736	0.0016216216216216	5656	47	27709	746	0.8834739144017495	0.9917587234788708	0.9344898802147872	0.0016933275688139	4	45	34107	2	0.6666666666666666	0.0816326530612244	0.1454545454545454	0.001317638791286	6	45	0	2	0	0	17537	23	0.0	NA	0.0	NA	0	0	17560	0	NA	NA	0.0	NA	0	0	17560	0	NA	NA	0.0	NA	0	0	17537	23	0.0	NA	0.0	NA	23	0	0	0	0	0	17560	0	NA	NA	0.0	NA
40	5	20	0.001999	0.16334	1e-06	1e-07	0.0	0005	sieve	candidate_snvs	smc_mu_ld_stage_1	mt	no_cnv	/raid/kang/DelSIEVE/simulation_results/IndelSIEVE_benchmark_pipeline_ld_201/benchmark_results/simulated_data/results/cell_names	/raid/kang/DelSIEVE/simulation_results/IndelSIEVE_benchmark_pipeline_ld_201/benchmark_results/indelsieve/from_candidate/variant_calling/mt/no_cnv/smc_mu_ld_stage_1/0005/indelsieve_median.cell_names	/raid/kang/DelSIEVE/simulation_results/IndelSIEVE_benchmark_pipeline_ld_201/benchmark_results/simulated_data/results/data_type/no_cnv/0005/true_evo_events_sites_names	/raid/kang/DelSIEVE/simulation_results/IndelSIEVE_benchmark_pipeline_ld_201/benchmark_results/indelsieve/from_candidate/variant_calling/mt/no_cnv/smc_mu_ld_stage_1/0005/indelsieve_median.loci_info	/raid/kang/DelSIEVE/simulation_results/IndelSIEVE_benchmark_pipeline_ld_201/benchmark_results/simulated_data/results/data_type/no_cnv/0005/true_evo_events_genotypes_numeric	/raid/kang/DelSIEVE/simulation_results/IndelSIEVE_benchmark_pipeline_ld_201/benchmark_results/indelsieve/from_candidate/variant_calling/mt/no_cnv/smc_mu_ld_stage_1/0005/indelsieve_median.genotypes	/raid/kang/DelSIEVE/simulation_results/IndelSIEVE_benchmark_pipeline_ld_201/benchmark_results/simulated_data/results/data_type/no_cnv/0005/true_evo_events_ternary_matrix.simple	/raid/kang/DelSIEVE/simulation_results/IndelSIEVE_benchmark_pipeline_ld_201/benchmark_results/indelsieve/from_candidate/variant_calling/mt/no_cnv/smc_mu_ld_stage_1/0005/indelsieve_median.ternary	/raid/kang/DelSIEVE/simulation_results/IndelSIEVE_benchmark_pipeline_ld_201/benchmark_results/indelsieve/from_candidate/variant_calling/mt/no_cnv/smc_mu_ld_stage_1/0005/indelsieve_median.probs	4601	42	27057	1260	0.7850196212250469	0.9909541244884772	0.876047220106626	0.0015498726890291	4601	42	27550	765	0.8574357062989191	0.9909541244884772	0.9193725646917774	0.0015221803421281	4555	52	27572	779	0.8539557555305587	0.9887128283047536	0.9164068001207122	0.0018824210831161	22	14	32912	10	0.6875	0.6111111111111112	0.6470588235294118	0.0004251958938225	32	42	0	10	0	0	13520	0	NA	NA	0.0	NA	0	0	13520	0	NA	NA	0.0	NA	0	0	13520	0	NA	NA	0.0	NA	0	0	13520	0	NA	NA	0.0	NA	0	0	0	0	0	0	13520	0	NA	NA	0.0	NA
40	5	20	0.001999	0.16334	1e-06	1e-07	0.0	0006	sieve	candidate_snvs	smc_mu_ld_stage_1	mt	no_cnv	/raid/kang/DelSIEVE/simulation_results/IndelSIEVE_benchmark_pipeline_ld_201/benchmark_results/simulated_data/results/cell_names	/raid/kang/DelSIEVE/simulation_results/IndelSIEVE_benchmark_pipeline_ld_201/benchmark_results/indelsieve/from_candidate/variant_calling/mt/no_cnv/smc_mu_ld_stage_1/0006/indelsieve_median.cell_names	/raid/kang/DelSIEVE/simulation_results/IndelSIEVE_benchmark_pipeline_ld_201/benchmark_results/simulated_data/results/data_type/no_cnv/0006/true_evo_events_sites_names	/raid/kang/DelSIEVE/simulation_results/IndelSIEVE_benchmark_pipeline_ld_201/benchmark_results/indelsieve/from_candidate/variant_calling/mt/no_cnv/smc_mu_ld_stage_1/0006/indelsieve_median.loci_info	/raid/kang/DelSIEVE/simulation_results/IndelSIEVE_benchmark_pipeline_ld_201/benchmark_results/simulated_data/results/data_type/no_cnv/0006/true_evo_events_genotypes_numeric	/raid/kang/DelSIEVE/simulation_results/IndelSIEVE_benchmark_pipeline_ld_201/benchmark_results/indelsieve/from_candidate/variant_calling/mt/no_cnv/smc_mu_ld_stage_1/0006/indelsieve_median.genotypes	/raid/kang/DelSIEVE/simulation_results/IndelSIEVE_benchmark_pipeline_ld_201/benchmark_results/simulated_data/results/data_type/no_cnv/0006/true_evo_events_ternary_matrix.simple	/raid/kang/DelSIEVE/simulation_results/IndelSIEVE_benchmark_pipeline_ld_201/benchmark_results/indelsieve/from_candidate/variant_calling/mt/no_cnv/smc_mu_ld_stage_1/0006/indelsieve_median.ternary	/raid/kang/DelSIEVE/simulation_results/IndelSIEVE_benchmark_pipeline_ld_201/benchmark_results/indelsieve/from_candidate/variant_calling/mt/no_cnv/smc_mu_ld_stage_1/0006/indelsieve_median.probs	8539	78	34503	1720	0.8323423335607759	0.9909481257978416	0.904746768383132	0.0022555738700442	8539	78	35258	964	0.8985583499947385	0.9909481257978416	0.9424944812362032	0.0022073805750509	8466	88	35300	985	0.8957782245265051	0.9897124152443302	0.9404054429325188	0.0024867186616932	41	22	44767	9	0.82	0.6507936507936508	0.7256637168141592	0.0004911920337582	50	78	1	8	0	0	20911	9	0.0	NA	0.0	NA	0	0	20920	0	NA	NA	0.0	NA	0	0	20918	2	0.0	NA	0.0	NA	0	0	20913	7	0.0	NA	0.0	NA	7	0	2	0	0	0	20920	0	NA	NA	0.0	NA
40	5	20	0.001999	0.16334	1e-06	1e-07	0.0	0007	sieve	candidate_snvs	smc_mu_ld_stage_1	mt	no_cnv	/raid/kang/DelSIEVE/simulation_results/IndelSIEVE_benchmark_pipeline_ld_201/benchmark_results/simulated_data/results/cell_names	/raid/kang/DelSIEVE/simulation_results/IndelSIEVE_benchmark_pipeline_ld_201/benchmark_results/indelsieve/from_candidate/variant_calling/mt/no_cnv/smc_mu_ld_stage_1/0007/indelsieve_mean.cell_names	/raid/kang/DelSIEVE/simulation_results/IndelSIEVE_benchmark_pipeline_ld_201/benchmark_results/simulated_data/results/data_type/no_cnv/0007/true_evo_events_sites_names	/raid/kang/DelSIEVE/simulation_results/IndelSIEVE_benchmark_pipeline_ld_201/benchmark_results/indelsieve/from_candidate/variant_calling/mt/no_cnv/smc_mu_ld_stage_1/0007/indelsieve_mean.loci_info	/raid/kang/DelSIEVE/simulation_results/IndelSIEVE_benchmark_pipeline_ld_201/benchmark_results/simulated_data/results/data_type/no_cnv/0007/true_evo_events_genotypes_numeric	/raid/kang/DelSIEVE/simulation_results/IndelSIEVE_benchmark_pipeline_ld_201/benchmark_results/indelsieve/from_candidate/variant_calling/mt/no_cnv/smc_mu_ld_stage_1/0007/indelsieve_mean.genotypes	/raid/kang/DelSIEVE/simulation_results/IndelSIEVE_benchmark_pipeline_ld_201/benchmark_results/simulated_data/results/data_type/no_cnv/0007/true_evo_events_ternary_matrix.simple	/raid/kang/DelSIEVE/simulation_results/IndelSIEVE_benchmark_pipeline_ld_201/benchmark_results/indelsieve/from_candidate/variant_calling/mt/no_cnv/smc_mu_ld_stage_1/0007/indelsieve_mean.ternary	/raid/kang/DelSIEVE/simulation_results/IndelSIEVE_benchmark_pipeline_ld_201/benchmark_results/indelsieve/from_candidate/variant_calling/mt/no_cnv/smc_mu_ld_stage_1/0007/indelsieve_mean.probs	4939	85	35309	1627	0.7522083460249771	0.9830812101910829	0.8522864538395168	0.0024015369836695	4939	85	35862	1074	0.8213869948445036	0.9830812101910829	0.8949895805019481	0.0023645923164659	4862	90	35903	1105	0.8148148148148148	0.9818255250403876	0.8905577433830936	0.002500486205651	27	45	41884	4	0.8709677419354839	0.375	0.524271844660194	0.0010732428629349	31	85	0	4	0	0	16064	16	0.0	NA	0.0	NA	0	0	16080	0	NA	NA	0.0	NA	0	0	16065	15	0.0	NA	0.0	NA	0	0	16079	1	0.0	NA	0.0	NA	1	0	1	14	0	0	16080	0	NA	NA	0.0	NA
40	5	20	0.001999	0.16334	1e-06	1e-07	0.0	0008	sieve	candidate_snvs	smc_mu_ld_stage_1	mt	no_cnv	/raid/kang/DelSIEVE/simulation_results/IndelSIEVE_benchmark_pipeline_ld_201/benchmark_results/simulated_data/results/cell_names	/raid/kang/DelSIEVE/simulation_results/IndelSIEVE_benchmark_pipeline_ld_201/benchmark_results/indelsieve/from_candidate/variant_calling/mt/no_cnv/smc_mu_ld_stage_1/0008/indelsieve_mean.cell_names	/raid/kang/DelSIEVE/simulation_results/IndelSIEVE_benchmark_pipeline_ld_201/benchmark_results/simulated_data/results/data_type/no_cnv/0008/true_evo_events_sites_names	/raid/kang/DelSIEVE/simulation_results/IndelSIEVE_benchmark_pipeline_ld_201/benchmark_results/indelsieve/from_candidate/variant_calling/mt/no_cnv/smc_mu_ld_stage_1/0008/indelsieve_mean.loci_info	/raid/kang/DelSIEVE/simulation_results/IndelSIEVE_benchmark_pipeline_ld_201/benchmark_results/simulated_data/results/data_type/no_cnv/0008/true_evo_events_genotypes_numeric	/raid/kang/DelSIEVE/simulation_results/IndelSIEVE_benchmark_pipeline_ld_201/benchmark_results/indelsieve/from_candidate/variant_calling/mt/no_cnv/smc_mu_ld_stage_1/0008/indelsieve_mean.genotypes	/raid/kang/DelSIEVE/simulation_results/IndelSIEVE_benchmark_pipeline_ld_201/benchmark_results/simulated_data/results/data_type/no_cnv/0008/true_evo_events_ternary_matrix.simple	/raid/kang/DelSIEVE/simulation_results/IndelSIEVE_benchmark_pipeline_ld_201/benchmark_results/indelsieve/from_candidate/variant_calling/mt/no_cnv/smc_mu_ld_stage_1/0008/indelsieve_mean.ternary	/raid/kang/DelSIEVE/simulation_results/IndelSIEVE_benchmark_pipeline_ld_201/benchmark_results/indelsieve/from_candidate/variant_calling/mt/no_cnv/smc_mu_ld_stage_1/0008/indelsieve_mean.probs	7760	106	36327	1927	0.8010736037989058	0.9865242817187896	0.8841793425625248	0.0029094502236982	7760	106	36998	1256	0.8606921029281278	0.9865242817187896	0.9193223551711884	0.0028568348426045	7654	123	37046	1297	0.8550999888280639	0.9841841326989842	0.915112386417982	0.0033092092873093	47	42	46013	18	0.7230769230769231	0.5280898876404494	0.6103896103896104	0.0009119530995548	65	105	0	18	0	0	23869	11	0.0	NA	0.0	NA	0	0	23880	0	NA	NA	0.0	NA	0	0	23880	0	NA	NA	0.0	NA	0	0	23869	11	0.0	NA	0.0	NA	11	0	0	0	0	0	23880	0	NA	NA	0.0	NA
40	5	20	0.001999	0.16334	1e-06	1e-07	0.0	0009	sieve	candidate_snvs	smc_mu_ld_stage_1	mt	no_cnv	/raid/kang/DelSIEVE/simulation_results/IndelSIEVE_benchmark_pipeline_ld_201/benchmark_results/simulated_data/results/cell_names	/raid/kang/DelSIEVE/simulation_results/IndelSIEVE_benchmark_pipeline_ld_201/benchmark_results/indelsieve/from_candidate/variant_calling/mt/no_cnv/smc_mu_ld_stage_1/0009/indelsieve_median.cell_names	/raid/kang/DelSIEVE/simulation_results/IndelSIEVE_benchmark_pipeline_ld_201/benchmark_results/simulated_data/results/data_type/no_cnv/0009/true_evo_events_sites_names	/raid/kang/DelSIEVE/simulation_results/IndelSIEVE_benchmark_pipeline_ld_201/benchmark_results/indelsieve/from_candidate/variant_calling/mt/no_cnv/smc_mu_ld_stage_1/0009/indelsieve_median.loci_info	/raid/kang/DelSIEVE/simulation_results/IndelSIEVE_benchmark_pipeline_ld_201/benchmark_results/simulated_data/results/data_type/no_cnv/0009/true_evo_events_genotypes_numeric	/raid/kang/DelSIEVE/simulation_results/IndelSIEVE_benchmark_pipeline_ld_201/benchmark_results/indelsieve/from_candidate/variant_calling/mt/no_cnv/smc_mu_ld_stage_1/0009/indelsieve_median.genotypes	/raid/kang/DelSIEVE/simulation_results/IndelSIEVE_benchmark_pipeline_ld_201/benchmark_results/simulated_data/results/data_type/no_cnv/0009/true_evo_events_ternary_matrix.simple	/raid/kang/DelSIEVE/simulation_results/IndelSIEVE_benchmark_pipeline_ld_201/benchmark_results/indelsieve/from_candidate/variant_calling/mt/no_cnv/smc_mu_ld_stage_1/0009/indelsieve_median.ternary	/raid/kang/DelSIEVE/simulation_results/IndelSIEVE_benchmark_pipeline_ld_201/benchmark_results/indelsieve/from_candidate/variant_calling/mt/no_cnv/smc_mu_ld_stage_1/0009/indelsieve_median.probs	6057	60	34599	1924	0.7589274527001629	0.9901912702305052	0.8592708185558235	0.0017311520817103	6057	60	35394	1129	0.8428889507375452	0.9901912702305052	0.9106216642862512	0.0016923337282112	5986	67	35412	1175	0.8359167714006424	0.9889311085412192	0.9060087785681852	0.0018884410496349	16	48	42567	9	0.64	0.25	0.3595505617977528	0.0011263639563533	25	60	2	7	0	0	17519	1	0.0	NA	0.0	NA	0	0	17520	0	NA	NA	0.0	NA	0	0	17520	0	NA	NA	0.0	NA	0	0	17519	1	0.0	NA	0.0	NA	1	0	0	0	0	0	17520	0	NA	NA	0.0	NA
40	5	20	0.001999	0.16334	1e-06	1e-07	0.0	0010	sieve	candidate_snvs	smc_mu_ld_stage_1	mt	no_cnv	/raid/kang/DelSIEVE/simulation_results/IndelSIEVE_benchmark_pipeline_ld_201/benchmark_results/simulated_data/results/cell_names	/raid/kang/DelSIEVE/simulation_results/IndelSIEVE_benchmark_pipeline_ld_201/benchmark_results/indelsieve/from_candidate/variant_calling/mt/no_cnv/smc_mu_ld_stage_1/0010/indelsieve_mean.cell_names	/raid/kang/DelSIEVE/simulation_results/IndelSIEVE_benchmark_pipeline_ld_201/benchmark_results/simulated_data/results/data_type/no_cnv/0010/true_evo_events_sites_names	/raid/kang/DelSIEVE/simulation_results/IndelSIEVE_benchmark_pipeline_ld_201/benchmark_results/indelsieve/from_candidate/variant_calling/mt/no_cnv/smc_mu_ld_stage_1/0010/indelsieve_mean.loci_info	/raid/kang/DelSIEVE/simulation_results/IndelSIEVE_benchmark_pipeline_ld_201/benchmark_results/simulated_data/results/data_type/no_cnv/0010/true_evo_events_genotypes_numeric	/raid/kang/DelSIEVE/simulation_results/IndelSIEVE_benchmark_pipeline_ld_201/benchmark_results/indelsieve/from_candidate/variant_calling/mt/no_cnv/smc_mu_ld_stage_1/0010/indelsieve_mean.genotypes	/raid/kang/DelSIEVE/simulation_results/IndelSIEVE_benchmark_pipeline_ld_201/benchmark_results/simulated_data/results/data_type/no_cnv/0010/true_evo_events_ternary_matrix.simple	/raid/kang/DelSIEVE/simulation_results/IndelSIEVE_benchmark_pipeline_ld_201/benchmark_results/indelsieve/from_candidate/variant_calling/mt/no_cnv/smc_mu_ld_stage_1/0010/indelsieve_mean.ternary	/raid/kang/DelSIEVE/simulation_results/IndelSIEVE_benchmark_pipeline_ld_201/benchmark_results/indelsieve/from_candidate/variant_calling/mt/no_cnv/smc_mu_ld_stage_1/0010/indelsieve_mean.probs	5348	61	34297	1534	0.7770996803254868	0.9887224995378072	0.8702302497762592	0.0017754234821584	5348	61	34978	853	0.8624415416868247	0.9887224995378072	0.9212747631352284	0.0017409172636205	5293	64	35009	874	0.8582779309226528	0.98805301474706	0.9186046511627908	0.0018247654891226	3	49	41183	5	0.375	0.0576923076923076	0.0999999999999999	0.0011883973612727	8	61	2	3	0	0	20013	67	0.0	NA	0.0	NA	0	0	20080	0	NA	NA	0.0	NA	0	0	20054	26	0.0	NA	0.0	NA	0	0	20039	41	0.0	NA	0.0	NA	41	0	0	26	0	0	20080	0	NA	NA	0.0	NA
40	5	20	0.001999	0.16334	1e-06	1e-07	0.0	0001	sieve	candidate_snvs	smc_mu_sa_stage_1	mt	no_cnv	/raid/kang/DelSIEVE/simulation_results/IndelSIEVE_benchmark_pipeline_ld_201/benchmark_results/simulated_data/results/cell_names	/raid/kang/DelSIEVE/simulation_results/IndelSIEVE_benchmark_pipeline_ld_201/benchmark_results/indelsieve/from_candidate/variant_calling/mt/no_cnv/smc_mu_sa_stage_1/0001/indelsieve_median.cell_names	/raid/kang/DelSIEVE/simulation_results/IndelSIEVE_benchmark_pipeline_ld_201/benchmark_results/simulated_data/results/data_type/no_cnv/0001/true_evo_events_sites_names	/raid/kang/DelSIEVE/simulation_results/IndelSIEVE_benchmark_pipeline_ld_201/benchmark_results/indelsieve/from_candidate/variant_calling/mt/no_cnv/smc_mu_sa_stage_1/0001/indelsieve_median.loci_info	/raid/kang/DelSIEVE/simulation_results/IndelSIEVE_benchmark_pipeline_ld_201/benchmark_results/simulated_data/results/data_type/no_cnv/0001/true_evo_events_genotypes_numeric	/raid/kang/DelSIEVE/simulation_results/IndelSIEVE_benchmark_pipeline_ld_201/benchmark_results/indelsieve/from_candidate/variant_calling/mt/no_cnv/smc_mu_sa_stage_1/0001/indelsieve_median.genotypes	/raid/kang/DelSIEVE/simulation_results/IndelSIEVE_benchmark_pipeline_ld_201/benchmark_results/simulated_data/results/data_type/no_cnv/0001/true_evo_events_ternary_matrix.simple	/raid/kang/DelSIEVE/simulation_results/IndelSIEVE_benchmark_pipeline_ld_201/benchmark_results/indelsieve/from_candidate/variant_calling/mt/no_cnv/smc_mu_sa_stage_1/0001/indelsieve_median.ternary	/raid/kang/DelSIEVE/simulation_results/IndelSIEVE_benchmark_pipeline_ld_201/benchmark_results/indelsieve/from_candidate/variant_calling/mt/no_cnv/smc_mu_sa_stage_1/0001/indelsieve_median.probs	8828	93	40575	2224	0.7987694534925806	0.9895751597354556	0.8839933910779552	0.0022868102685157	8827	94	41624	1172	0.8827882788278828	0.9894630646788476	0.9330866807610994	0.0022532240279975	8705	115	41652	1245	0.8748743718592965	0.9869614512471656	0.9275439531166756	0.0027533698853161	28	73	51596	20	0.5833333333333334	0.2772277227722772	0.3758389261744966	0.0014128394201552	48	93	0	20	0	0	22352	8	0.0	NA	0.0	NA	0	0	22360	0	NA	NA	0.0	NA	0	0	22359	1	0.0	NA	0.0	NA	0	0	22353	7	0.0	NA	0.0	NA	6	1	1	0	0	0	22360	0	NA	NA	0.0	NA
40	5	20	0.001999	0.16334	1e-06	1e-07	0.0	0002	sieve	candidate_snvs	smc_mu_sa_stage_1	mt	no_cnv	/raid/kang/DelSIEVE/simulation_results/IndelSIEVE_benchmark_pipeline_ld_201/benchmark_results/simulated_data/results/cell_names	/raid/kang/DelSIEVE/simulation_results/IndelSIEVE_benchmark_pipeline_ld_201/benchmark_results/indelsieve/from_candidate/variant_calling/mt/no_cnv/smc_mu_sa_stage_1/0002/indelsieve_median.cell_names	/raid/kang/DelSIEVE/simulation_results/IndelSIEVE_benchmark_pipeline_ld_201/benchmark_results/simulated_data/results/data_type/no_cnv/0002/true_evo_events_sites_names	/raid/kang/DelSIEVE/simulation_results/IndelSIEVE_benchmark_pipeline_ld_201/benchmark_results/indelsieve/from_candidate/variant_calling/mt/no_cnv/smc_mu_sa_stage_1/0002/indelsieve_median.loci_info	/raid/kang/DelSIEVE/simulation_results/IndelSIEVE_benchmark_pipeline_ld_201/benchmark_results/simulated_data/results/data_type/no_cnv/0002/true_evo_events_genotypes_numeric	/raid/kang/DelSIEVE/simulation_results/IndelSIEVE_benchmark_pipeline_ld_201/benchmark_results/indelsieve/from_candidate/variant_calling/mt/no_cnv/smc_mu_sa_stage_1/0002/indelsieve_median.genotypes	/raid/kang/DelSIEVE/simulation_results/IndelSIEVE_benchmark_pipeline_ld_201/benchmark_results/simulated_data/results/data_type/no_cnv/0002/true_evo_events_ternary_matrix.simple	/raid/kang/DelSIEVE/simulation_results/IndelSIEVE_benchmark_pipeline_ld_201/benchmark_results/indelsieve/from_candidate/variant_calling/mt/no_cnv/smc_mu_sa_stage_1/0002/indelsieve_median.ternary	/raid/kang/DelSIEVE/simulation_results/IndelSIEVE_benchmark_pipeline_ld_201/benchmark_results/indelsieve/from_candidate/variant_calling/mt/no_cnv/smc_mu_sa_stage_1/0002/indelsieve_median.probs	9909	62	40540	2649	0.7890587673196369	0.9937819677063484	0.8796662079985796	0.0015270183734791	9909	62	41967	1221	0.8902964959568733	0.9937819677063484	0.9391971944457608	0.0014751719051131	9796	70	42027	1266	0.8855541493400831	0.992904926008514	0.9361620795107032	0.0016628263296671	44	61	53048	6	0.88	0.419047619047619	0.5677419354838711	0.0011485812197555	50	62	0	6	0	0	27651	69	0.0	NA	0.0	NA	0	0	27720	0	NA	NA	0.0	NA	0	0	27702	18	0.0	NA	0.0	NA	0	0	27669	51	0.0	NA	0.0	NA	51	0	2	16	0	0	27720	0	NA	NA	0.0	NA
40	5	20	0.001999	0.16334	1e-06	1e-07	0.0	0003	sieve	candidate_snvs	smc_mu_sa_stage_1	mt	no_cnv	/raid/kang/DelSIEVE/simulation_results/IndelSIEVE_benchmark_pipeline_ld_201/benchmark_results/simulated_data/results/cell_names	/raid/kang/DelSIEVE/simulation_results/IndelSIEVE_benchmark_pipeline_ld_201/benchmark_results/indelsieve/from_candidate/variant_calling/mt/no_cnv/smc_mu_sa_stage_1/0003/indelsieve_median.cell_names	/raid/kang/DelSIEVE/simulation_results/IndelSIEVE_benchmark_pipeline_ld_201/benchmark_results/simulated_data/results/data_type/no_cnv/0003/true_evo_events_sites_names	/raid/kang/DelSIEVE/simulation_results/IndelSIEVE_benchmark_pipeline_ld_201/benchmark_results/indelsieve/from_candidate/variant_calling/mt/no_cnv/smc_mu_sa_stage_1/0003/indelsieve_median.loci_info	/raid/kang/DelSIEVE/simulation_results/IndelSIEVE_benchmark_pipeline_ld_201/benchmark_results/simulated_data/results/data_type/no_cnv/0003/true_evo_events_genotypes_numeric	/raid/kang/DelSIEVE/simulation_results/IndelSIEVE_benchmark_pipeline_ld_201/benchmark_results/indelsieve/from_candidate/variant_calling/mt/no_cnv/smc_mu_sa_stage_1/0003/indelsieve_median.genotypes	/raid/kang/DelSIEVE/simulation_results/IndelSIEVE_benchmark_pipeline_ld_201/benchmark_results/simulated_data/results/data_type/no_cnv/0003/true_evo_events_ternary_matrix.simple	/raid/kang/DelSIEVE/simulation_results/IndelSIEVE_benchmark_pipeline_ld_201/benchmark_results/indelsieve/from_candidate/variant_calling/mt/no_cnv/smc_mu_sa_stage_1/0003/indelsieve_median.ternary	/raid/kang/DelSIEVE/simulation_results/IndelSIEVE_benchmark_pipeline_ld_201/benchmark_results/indelsieve/from_candidate/variant_calling/mt/no_cnv/smc_mu_sa_stage_1/0003/indelsieve_median.probs	5928	55	36823	1754	0.771674043217912	0.9908072873140564	0.8676180021953896	0.0014914040891588	5928	55	37438	1138	0.838947070478347	0.9908072873140564	0.908575369760135	0.0014669404955591	5871	60	37449	1179	0.8327659574468085	0.9898836621143148	0.904552807950081	0.0015996160921378	11	41	44502	5	0.6875	0.2115384615384615	0.3235294117647059	0.0009204588824282	16	55	0	5	0	0	19770	30	0.0	NA	0.0	NA	0	0	19800	0	NA	NA	0.0	NA	0	0	19800	0	NA	NA	0.0	NA	0	0	19770	30	0.0	NA	0.0	NA	30	0	0	0	0	0	19800	0	NA	NA	0.0	NA
40	5	20	0.001999	0.16334	1e-06	1e-07	0.0	0004	sieve	candidate_snvs	smc_mu_sa_stage_1	mt	no_cnv	/raid/kang/DelSIEVE/simulation_results/IndelSIEVE_benchmark_pipeline_ld_201/benchmark_results/simulated_data/results/cell_names	/raid/kang/DelSIEVE/simulation_results/IndelSIEVE_benchmark_pipeline_ld_201/benchmark_results/indelsieve/from_candidate/variant_calling/mt/no_cnv/smc_mu_sa_stage_1/0004/indelsieve_median.cell_names	/raid/kang/DelSIEVE/simulation_results/IndelSIEVE_benchmark_pipeline_ld_201/benchmark_results/simulated_data/results/data_type/no_cnv/0004/true_evo_events_sites_names	/raid/kang/DelSIEVE/simulation_results/IndelSIEVE_benchmark_pipeline_ld_201/benchmark_results/indelsieve/from_candidate/variant_calling/mt/no_cnv/smc_mu_sa_stage_1/0004/indelsieve_median.loci_info	/raid/kang/DelSIEVE/simulation_results/IndelSIEVE_benchmark_pipeline_ld_201/benchmark_results/simulated_data/results/data_type/no_cnv/0004/true_evo_events_genotypes_numeric	/raid/kang/DelSIEVE/simulation_results/IndelSIEVE_benchmark_pipeline_ld_201/benchmark_results/indelsieve/from_candidate/variant_calling/mt/no_cnv/smc_mu_sa_stage_1/0004/indelsieve_median.genotypes	/raid/kang/DelSIEVE/simulation_results/IndelSIEVE_benchmark_pipeline_ld_201/benchmark_results/simulated_data/results/data_type/no_cnv/0004/true_evo_events_ternary_matrix.simple	/raid/kang/DelSIEVE/simulation_results/IndelSIEVE_benchmark_pipeline_ld_201/benchmark_results/indelsieve/from_candidate/variant_calling/mt/no_cnv/smc_mu_sa_stage_1/0004/indelsieve_median.ternary	/raid/kang/DelSIEVE/simulation_results/IndelSIEVE_benchmark_pipeline_ld_201/benchmark_results/indelsieve/from_candidate/variant_calling/mt/no_cnv/smc_mu_sa_stage_1/0004/indelsieve_median.probs	5707	43	27063	1347	0.8090445137510632	0.9925217391304348	0.8914401749453296	0.0015863646425145	5707	43	27707	701	0.8906054931335831	0.9925217391304348	0.9388057246257608	0.0015495495495495	5662	45	27711	740	0.8844111215245236	0.99211494655686	0.9351721859773722	0.0016212710765239	4	39	34113	2	0.6666666666666666	0.0930232558139534	0.1632653061224489	0.0011419536191145	6	43	0	2	0	0	17537	23	0.0	NA	0.0	NA	0	0	17560	0	NA	NA	0.0	NA	0	0	17560	0	NA	NA	0.0	NA	0	0	17537	23	0.0	NA	0.0	NA	23	0	0	0	0	0	17560	0	NA	NA	0.0	NA
40	5	20	0.001999	0.16334	1e-06	1e-07	0.0	0005	sieve	candidate_snvs	smc_mu_sa_stage_1	mt	no_cnv	/raid/kang/DelSIEVE/simulation_results/IndelSIEVE_benchmark_pipeline_ld_201/benchmark_results/simulated_data/results/cell_names	/raid/kang/DelSIEVE/simulation_results/IndelSIEVE_benchmark_pipeline_ld_201/benchmark_results/indelsieve/from_candidate/variant_calling/mt/no_cnv/smc_mu_sa_stage_1/0005/indelsieve_median.cell_names	/raid/kang/DelSIEVE/simulation_results/IndelSIEVE_benchmark_pipeline_ld_201/benchmark_results/simulated_data/results/data_type/no_cnv/0005/true_evo_events_sites_names	/raid/kang/DelSIEVE/simulation_results/IndelSIEVE_benchmark_pipeline_ld_201/benchmark_results/indelsieve/from_candidate/variant_calling/mt/no_cnv/smc_mu_sa_stage_1/0005/indelsieve_median.loci_info	/raid/kang/DelSIEVE/simulation_results/IndelSIEVE_benchmark_pipeline_ld_201/benchmark_results/simulated_data/results/data_type/no_cnv/0005/true_evo_events_genotypes_numeric	/raid/kang/DelSIEVE/simulation_results/IndelSIEVE_benchmark_pipeline_ld_201/benchmark_results/indelsieve/from_candidate/variant_calling/mt/no_cnv/smc_mu_sa_stage_1/0005/indelsieve_median.genotypes	/raid/kang/DelSIEVE/simulation_results/IndelSIEVE_benchmark_pipeline_ld_201/benchmark_results/simulated_data/results/data_type/no_cnv/0005/true_evo_events_ternary_matrix.simple	/raid/kang/DelSIEVE/simulation_results/IndelSIEVE_benchmark_pipeline_ld_201/benchmark_results/indelsieve/from_candidate/variant_calling/mt/no_cnv/smc_mu_sa_stage_1/0005/indelsieve_median.ternary	/raid/kang/DelSIEVE/simulation_results/IndelSIEVE_benchmark_pipeline_ld_201/benchmark_results/indelsieve/from_candidate/variant_calling/mt/no_cnv/smc_mu_sa_stage_1/0005/indelsieve_median.probs	4617	47	27052	1244	0.7877495307967923	0.9899228130360206	0.8773396674584323	0.0017343813424849	4617	47	27545	749	0.8604174431606411	0.9899228130360206	0.9206380857427716	0.0017033922876196	4580	57	27567	754	0.8586426696662918	0.9877075695492776	0.9186641259652994	0.0020634231103388	22	5	32921	10	0.6875	0.8148148148148148	0.7457627118644067	0.0001518556763651	32	47	0	10	0	0	13520	0	NA	NA	0.0	NA	0	0	13520	0	NA	NA	0.0	NA	0	0	13520	0	NA	NA	0.0	NA	0	0	13520	0	NA	NA	0.0	NA	0	0	0	0	0	0	13520	0	NA	NA	0.0	NA
40	5	20	0.001999	0.16334	1e-06	1e-07	0.0	0006	sieve	candidate_snvs	smc_mu_sa_stage_1	mt	no_cnv	/raid/kang/DelSIEVE/simulation_results/IndelSIEVE_benchmark_pipeline_ld_201/benchmark_results/simulated_data/results/cell_names	/raid/kang/DelSIEVE/simulation_results/IndelSIEVE_benchmark_pipeline_ld_201/benchmark_results/indelsieve/from_candidate/variant_calling/mt/no_cnv/smc_mu_sa_stage_1/0006/indelsieve_median.cell_names	/raid/kang/DelSIEVE/simulation_results/IndelSIEVE_benchmark_pipeline_ld_201/benchmark_results/simulated_data/results/data_type/no_cnv/0006/true_evo_events_sites_names	/raid/kang/DelSIEVE/simulation_results/IndelSIEVE_benchmark_pipeline_ld_201/benchmark_results/indelsieve/from_candidate/variant_calling/mt/no_cnv/smc_mu_sa_stage_1/0006/indelsieve_median.loci_info	/raid/kang/DelSIEVE/simulation_results/IndelSIEVE_benchmark_pipeline_ld_201/benchmark_results/simulated_data/results/data_type/no_cnv/0006/true_evo_events_genotypes_numeric	/raid/kang/DelSIEVE/simulation_results/IndelSIEVE_benchmark_pipeline_ld_201/benchmark_results/indelsieve/from_candidate/variant_calling/mt/no_cnv/smc_mu_sa_stage_1/0006/indelsieve_median.genotypes	/raid/kang/DelSIEVE/simulation_results/IndelSIEVE_benchmark_pipeline_ld_201/benchmark_results/simulated_data/results/data_type/no_cnv/0006/true_evo_events_ternary_matrix.simple	/raid/kang/DelSIEVE/simulation_results/IndelSIEVE_benchmark_pipeline_ld_201/benchmark_results/indelsieve/from_candidate/variant_calling/mt/no_cnv/smc_mu_sa_stage_1/0006/indelsieve_median.ternary	/raid/kang/DelSIEVE/simulation_results/IndelSIEVE_benchmark_pipeline_ld_201/benchmark_results/indelsieve/from_candidate/variant_calling/mt/no_cnv/smc_mu_sa_stage_1/0006/indelsieve_median.probs	8544	76	34505	1715	0.8328297104980993	0.9911832946635732	0.905132687112665	0.0021977386426072	8544	76	35260	959	0.8990844996316952	0.9911832946635732	0.942890249958616	0.0021507810731265	8471	86	35302	980	0.8963072690720558	0.9899497487437184	0.9408040870724124	0.0024302023284729	41	22	44767	9	0.82	0.6507936507936508	0.7256637168141592	0.0004911920337582	50	76	1	8	0	0	20911	9	0.0	NA	0.0	NA	0	0	20920	0	NA	NA	0.0	NA	0	0	20918	2	0.0	NA	0.0	NA	0	0	20913	7	0.0	NA	0.0	NA	7	0	2	0	0	0	20920	0	NA	NA	0.0	NA
40	5	20	0.001999	0.16334	1e-06	1e-07	0.0	0007	sieve	candidate_snvs	smc_mu_sa_stage_1	mt	no_cnv	/raid/kang/DelSIEVE/simulation_results/IndelSIEVE_benchmark_pipeline_ld_201/benchmark_results/simulated_data/results/cell_names	/raid/kang/DelSIEVE/simulation_results/IndelSIEVE_benchmark_pipeline_ld_201/benchmark_results/indelsieve/from_candidate/variant_calling/mt/no_cnv/smc_mu_sa_stage_1/0007/indelsieve_mean.cell_names	/raid/kang/DelSIEVE/simulation_results/IndelSIEVE_benchmark_pipeline_ld_201/benchmark_results/simulated_data/results/data_type/no_cnv/0007/true_evo_events_sites_names	/raid/kang/DelSIEVE/simulation_results/IndelSIEVE_benchmark_pipeline_ld_201/benchmark_results/indelsieve/from_candidate/variant_calling/mt/no_cnv/smc_mu_sa_stage_1/0007/indelsieve_mean.loci_info	/raid/kang/DelSIEVE/simulation_results/IndelSIEVE_benchmark_pipeline_ld_201/benchmark_results/simulated_data/results/data_type/no_cnv/0007/true_evo_events_genotypes_numeric	/raid/kang/DelSIEVE/simulation_results/IndelSIEVE_benchmark_pipeline_ld_201/benchmark_results/indelsieve/from_candidate/variant_calling/mt/no_cnv/smc_mu_sa_stage_1/0007/indelsieve_mean.genotypes	/raid/kang/DelSIEVE/simulation_results/IndelSIEVE_benchmark_pipeline_ld_201/benchmark_results/simulated_data/results/data_type/no_cnv/0007/true_evo_events_ternary_matrix.simple	/raid/kang/DelSIEVE/simulation_results/IndelSIEVE_benchmark_pipeline_ld_201/benchmark_results/indelsieve/from_candidate/variant_calling/mt/no_cnv/smc_mu_sa_stage_1/0007/indelsieve_mean.ternary	/raid/kang/DelSIEVE/simulation_results/IndelSIEVE_benchmark_pipeline_ld_201/benchmark_results/indelsieve/from_candidate/variant_calling/mt/no_cnv/smc_mu_sa_stage_1/0007/indelsieve_mean.probs	4946	83	35311	1620	0.7532744441060006	0.9834957247961822	0.8531263475636051	0.0023450302311126	4946	83	35864	1067	0.8225511391984035	0.9834957247961822	0.8958522006882811	0.0023089548501961	4877	88	35905	1090	0.8173286408580526	0.9822759315206444	0.8922429564581047	0.0024449198455255	27	37	41892	4	0.8709677419354839	0.421875	0.5684210526315789	0.0008824441317465	31	83	0	4	0	0	16064	16	0.0	NA	0.0	NA	0	0	16080	0	NA	NA	0.0	NA	0	0	16065	15	0.0	NA	0.0	NA	0	0	16079	1	0.0	NA	0.0	NA	1	0	1	14	0	0	16080	0	NA	NA	0.0	NA
40	5	20	0.001999	0.16334	1e-06	1e-07	0.0	0008	sieve	candidate_snvs	smc_mu_sa_stage_1	mt	no_cnv	/raid/kang/DelSIEVE/simulation_results/IndelSIEVE_benchmark_pipeline_ld_201/benchmark_results/simulated_data/results/cell_names	/raid/kang/DelSIEVE/simulation_results/IndelSIEVE_benchmark_pipeline_ld_201/benchmark_results/indelsieve/from_candidate/variant_calling/mt/no_cnv/smc_mu_sa_stage_1/0008/indelsieve_mean.cell_names	/raid/kang/DelSIEVE/simulation_results/IndelSIEVE_benchmark_pipeline_ld_201/benchmark_results/simulated_data/results/data_type/no_cnv/0008/true_evo_events_sites_names	/raid/kang/DelSIEVE/simulation_results/IndelSIEVE_benchmark_pipeline_ld_201/benchmark_results/indelsieve/from_candidate/variant_calling/mt/no_cnv/smc_mu_sa_stage_1/0008/indelsieve_mean.loci_info	/raid/kang/DelSIEVE/simulation_results/IndelSIEVE_benchmark_pipeline_ld_201/benchmark_results/simulated_data/results/data_type/no_cnv/0008/true_evo_events_genotypes_numeric	/raid/kang/DelSIEVE/simulation_results/IndelSIEVE_benchmark_pipeline_ld_201/benchmark_results/indelsieve/from_candidate/variant_calling/mt/no_cnv/smc_mu_sa_stage_1/0008/indelsieve_mean.genotypes	/raid/kang/DelSIEVE/simulation_results/IndelSIEVE_benchmark_pipeline_ld_201/benchmark_results/simulated_data/results/data_type/no_cnv/0008/true_evo_events_ternary_matrix.simple	/raid/kang/DelSIEVE/simulation_results/IndelSIEVE_benchmark_pipeline_ld_201/benchmark_results/indelsieve/from_candidate/variant_calling/mt/no_cnv/smc_mu_sa_stage_1/0008/indelsieve_mean.ternary	/raid/kang/DelSIEVE/simulation_results/IndelSIEVE_benchmark_pipeline_ld_201/benchmark_results/indelsieve/from_candidate/variant_calling/mt/no_cnv/smc_mu_sa_stage_1/0008/indelsieve_mean.probs	7758	97	36336	1929	0.8008671415298854	0.9876511775938892	0.8845057576103066	0.0026624214311201	7758	97	37007	1258	0.8604702750665484	0.9876511775938892	0.9196846659949024	0.0026142733937041	7661	114	37055	1290	0.8558820243548206	0.9853376205787782	0.9160588305631951	0.0030670720223842	48	32	46023	17	0.7384615384615385	0.6	0.6620689655172414	0.0006948214091846	65	97	0	17	0	0	23869	11	0.0	NA	0.0	NA	0	0	23880	0	NA	NA	0.0	NA	0	0	23880	0	NA	NA	0.0	NA	0	0	23869	11	0.0	NA	0.0	NA	11	0	0	0	0	0	23880	0	NA	NA	0.0	NA
40	5	20	0.001999	0.16334	1e-06	1e-07	0.0	0009	sieve	candidate_snvs	smc_mu_sa_stage_1	mt	no_cnv	/raid/kang/DelSIEVE/simulation_results/IndelSIEVE_benchmark_pipeline_ld_201/benchmark_results/simulated_data/results/cell_names	/raid/kang/DelSIEVE/simulation_results/IndelSIEVE_benchmark_pipeline_ld_201/benchmark_results/indelsieve/from_candidate/variant_calling/mt/no_cnv/smc_mu_sa_stage_1/0009/indelsieve_median.cell_names	/raid/kang/DelSIEVE/simulation_results/IndelSIEVE_benchmark_pipeline_ld_201/benchmark_results/simulated_data/results/data_type/no_cnv/0009/true_evo_events_sites_names	/raid/kang/DelSIEVE/simulation_results/IndelSIEVE_benchmark_pipeline_ld_201/benchmark_results/indelsieve/from_candidate/variant_calling/mt/no_cnv/smc_mu_sa_stage_1/0009/indelsieve_median.loci_info	/raid/kang/DelSIEVE/simulation_results/IndelSIEVE_benchmark_pipeline_ld_201/benchmark_results/simulated_data/results/data_type/no_cnv/0009/true_evo_events_genotypes_numeric	/raid/kang/DelSIEVE/simulation_results/IndelSIEVE_benchmark_pipeline_ld_201/benchmark_results/indelsieve/from_candidate/variant_calling/mt/no_cnv/smc_mu_sa_stage_1/0009/indelsieve_median.genotypes	/raid/kang/DelSIEVE/simulation_results/IndelSIEVE_benchmark_pipeline_ld_201/benchmark_results/simulated_data/results/data_type/no_cnv/0009/true_evo_events_ternary_matrix.simple	/raid/kang/DelSIEVE/simulation_results/IndelSIEVE_benchmark_pipeline_ld_201/benchmark_results/indelsieve/from_candidate/variant_calling/mt/no_cnv/smc_mu_sa_stage_1/0009/indelsieve_median.ternary	/raid/kang/DelSIEVE/simulation_results/IndelSIEVE_benchmark_pipeline_ld_201/benchmark_results/indelsieve/from_candidate/variant_calling/mt/no_cnv/smc_mu_sa_stage_1/0009/indelsieve_median.probs	6067	49	34610	1914	0.7601804285177296	0.9919882275997384	0.8607505142938213	0.0014137742000634	6067	49	35405	1119	0.8442805455051489	0.9919882275997384	0.9121936550894602	0.0013820725447058	6007	56	35423	1154	0.8388493227202904	0.9907636483588982	0.9084996975196612	0.0015783984892471	16	37	42578	9	0.64	0.3018867924528302	0.4102564102564102	0.0008682388830224	25	49	2	7	0	0	17519	1	0.0	NA	0.0	NA	0	0	17520	0	NA	NA	0.0	NA	0	0	17520	0	NA	NA	0.0	NA	0	0	17519	1	0.0	NA	0.0	NA	1	0	0	0	0	0	17520	0	NA	NA	0.0	NA
40	5	20	0.001999	0.16334	1e-06	1e-07	0.0	0010	sieve	candidate_snvs	smc_mu_sa_stage_1	mt	no_cnv	/raid/kang/DelSIEVE/simulation_results/IndelSIEVE_benchmark_pipeline_ld_201/benchmark_results/simulated_data/results/cell_names	/raid/kang/DelSIEVE/simulation_results/IndelSIEVE_benchmark_pipeline_ld_201/benchmark_results/indelsieve/from_candidate/variant_calling/mt/no_cnv/smc_mu_sa_stage_1/0010/indelsieve_median.cell_names	/raid/kang/DelSIEVE/simulation_results/IndelSIEVE_benchmark_pipeline_ld_201/benchmark_results/simulated_data/results/data_type/no_cnv/0010/true_evo_events_sites_names	/raid/kang/DelSIEVE/simulation_results/IndelSIEVE_benchmark_pipeline_ld_201/benchmark_results/indelsieve/from_candidate/variant_calling/mt/no_cnv/smc_mu_sa_stage_1/0010/indelsieve_median.loci_info	/raid/kang/DelSIEVE/simulation_results/IndelSIEVE_benchmark_pipeline_ld_201/benchmark_results/simulated_data/results/data_type/no_cnv/0010/true_evo_events_genotypes_numeric	/raid/kang/DelSIEVE/simulation_results/IndelSIEVE_benchmark_pipeline_ld_201/benchmark_results/indelsieve/from_candidate/variant_calling/mt/no_cnv/smc_mu_sa_stage_1/0010/indelsieve_median.genotypes	/raid/kang/DelSIEVE/simulation_results/IndelSIEVE_benchmark_pipeline_ld_201/benchmark_results/simulated_data/results/data_type/no_cnv/0010/true_evo_events_ternary_matrix.simple	/raid/kang/DelSIEVE/simulation_results/IndelSIEVE_benchmark_pipeline_ld_201/benchmark_results/indelsieve/from_candidate/variant_calling/mt/no_cnv/smc_mu_sa_stage_1/0010/indelsieve_median.ternary	/raid/kang/DelSIEVE/simulation_results/IndelSIEVE_benchmark_pipeline_ld_201/benchmark_results/indelsieve/from_candidate/variant_calling/mt/no_cnv/smc_mu_sa_stage_1/0010/indelsieve_median.probs	5352	63	34295	1530	0.7776809067131648	0.9883656509695292	0.8704562088314223	0.0018336340881308	5352	63	34976	849	0.8630865989356555	0.9883656509695292	0.9214876033057852	0.0017979965181654	5298	69	35004	869	0.8590886979082212	0.9871436556735608	0.9186752210854864	0.0019673252929603	0	48	41184	8	0.0	0.0	NA	0.0011641443538998	8	63	2	6	0	0	20013	67	0.0	NA	0.0	NA	0	0	20080	0	NA	NA	0.0	NA	0	0	20054	26	0.0	NA	0.0	NA	0	0	20039	41	0.0	NA	0.0	NA	41	0	0	26	0	0	20080	0	NA	NA	0.0	NA
40	5	20	0.001999	0.16334	1e-06	1e-07	0.0	0001	indelsieve	candidate_snvs	smc_mudel_ld_stage_1	mt	no_cnv	/raid/kang/DelSIEVE/simulation_results/IndelSIEVE_benchmark_pipeline_ld_201/benchmark_results/simulated_data/results/cell_names	/raid/kang/DelSIEVE/simulation_results/IndelSIEVE_benchmark_pipeline_ld_201/benchmark_results/indelsieve/from_candidate/variant_calling/mt/no_cnv/smc_mudel_ld_stage_1/0001/indelsieve_median.cell_names	/raid/kang/DelSIEVE/simulation_results/IndelSIEVE_benchmark_pipeline_ld_201/benchmark_results/simulated_data/results/data_type/no_cnv/0001/true_evo_events_sites_names	/raid/kang/DelSIEVE/simulation_results/IndelSIEVE_benchmark_pipeline_ld_201/benchmark_results/indelsieve/from_candidate/variant_calling/mt/no_cnv/smc_mudel_ld_stage_1/0001/indelsieve_median.loci_info	/raid/kang/DelSIEVE/simulation_results/IndelSIEVE_benchmark_pipeline_ld_201/benchmark_results/simulated_data/results/data_type/no_cnv/0001/true_evo_events_genotypes_numeric	/raid/kang/DelSIEVE/simulation_results/IndelSIEVE_benchmark_pipeline_ld_201/benchmark_results/indelsieve/from_candidate/variant_calling/mt/no_cnv/smc_mudel_ld_stage_1/0001/indelsieve_median.genotypes	/raid/kang/DelSIEVE/simulation_results/IndelSIEVE_benchmark_pipeline_ld_201/benchmark_results/simulated_data/results/data_type/no_cnv/0001/true_evo_events_ternary_matrix.simple	/raid/kang/DelSIEVE/simulation_results/IndelSIEVE_benchmark_pipeline_ld_201/benchmark_results/indelsieve/from_candidate/variant_calling/mt/no_cnv/smc_mudel_ld_stage_1/0001/indelsieve_median.ternary	/raid/kang/DelSIEVE/simulation_results/IndelSIEVE_benchmark_pipeline_ld_201/benchmark_results/indelsieve/from_candidate/variant_calling/mt/no_cnv/smc_mudel_ld_stage_1/0001/indelsieve_median.probs	8822	436	40232	2230	0.7982265653275425	0.952905595160942	0.8687346134908912	0.0107209599685256	8814	88	41630	1185	0.8814881488148815	0.9901145809930352	0.9326490661869742	0.0021094012176997	8671	110	41657	1279	0.8714572864321608	0.9874729529666324	0.9258448561208692	0.0026336581511719	26	81	51588	22	0.5416666666666666	0.2429906542056074	0.3354838709677419	0.0015676711374325	48	86	0	22	0	370	21982	8	0.0	0.0	0.0165533285612025	NA	0	0	22360	0	NA	NA	0.0	NA	0	14	22345	1	0.0	0.0	0.0006261460709334	NA	0	356	21997	7	0.0	0.0	0.0159262738782266	NA	6	1	1	0	0	0	22360	0	NA	NA	0.0	NA
40	5	20	0.001999	0.16334	1e-06	1e-07	0.0	0002	indelsieve	candidate_snvs	smc_mudel_ld_stage_1	mt	no_cnv	/raid/kang/DelSIEVE/simulation_results/IndelSIEVE_benchmark_pipeline_ld_201/benchmark_results/simulated_data/results/cell_names	/raid/kang/DelSIEVE/simulation_results/IndelSIEVE_benchmark_pipeline_ld_201/benchmark_results/indelsieve/from_candidate/variant_calling/mt/no_cnv/smc_mudel_ld_stage_1/0002/indelsieve_median.cell_names	/raid/kang/DelSIEVE/simulation_results/IndelSIEVE_benchmark_pipeline_ld_201/benchmark_results/simulated_data/results/data_type/no_cnv/0002/true_evo_events_sites_names	/raid/kang/DelSIEVE/simulation_results/IndelSIEVE_benchmark_pipeline_ld_201/benchmark_results/indelsieve/from_candidate/variant_calling/mt/no_cnv/smc_mudel_ld_stage_1/0002/indelsieve_median.loci_info	/raid/kang/DelSIEVE/simulation_results/IndelSIEVE_benchmark_pipeline_ld_201/benchmark_results/simulated_data/results/data_type/no_cnv/0002/true_evo_events_genotypes_numeric	/raid/kang/DelSIEVE/simulation_results/IndelSIEVE_benchmark_pipeline_ld_201/benchmark_results/indelsieve/from_candidate/variant_calling/mt/no_cnv/smc_mudel_ld_stage_1/0002/indelsieve_median.genotypes	/raid/kang/DelSIEVE/simulation_results/IndelSIEVE_benchmark_pipeline_ld_201/benchmark_results/simulated_data/results/data_type/no_cnv/0002/true_evo_events_ternary_matrix.simple	/raid/kang/DelSIEVE/simulation_results/IndelSIEVE_benchmark_pipeline_ld_201/benchmark_results/indelsieve/from_candidate/variant_calling/mt/no_cnv/smc_mudel_ld_stage_1/0002/indelsieve_median.ternary	/raid/kang/DelSIEVE/simulation_results/IndelSIEVE_benchmark_pipeline_ld_201/benchmark_results/indelsieve/from_candidate/variant_calling/mt/no_cnv/smc_mudel_ld_stage_1/0002/indelsieve_median.probs	9896	702	39900	2662	0.7880235706322662	0.9337610869975468	0.8547244774572464	0.0172897886803605	9895	57	41972	1235	0.8890386343216532	0.9942725080385852	0.9387154918888152	0.0013562064288943	9739	64	42033	1323	0.8804013740734045	0.9934713863103132	0.9335250419362568	0.0015202983585528	45	59	53050	5	0.9	0.4326923076923077	0.5844155844155844	0.0011109228191078	50	57	0	5	16	675	26976	53	0.2318840579710145	0.0231548480463096	0.0244114136920907	0.0421052631578947	0	0	27720	0	NA	NA	0.0	NA	16	29	27673	2	0.8888888888888888	0.3555555555555555	0.0010468558226842	0.5079365079365079	0	646	27023	51	0.0	0.0	0.0233474285301239	NA	51	0	2	0	0	0	27720	0	NA	NA	0.0	NA
40	5	20	0.001999	0.16334	1e-06	1e-07	0.0	0003	indelsieve	candidate_snvs	smc_mudel_ld_stage_1	mt	no_cnv	/raid/kang/DelSIEVE/simulation_results/IndelSIEVE_benchmark_pipeline_ld_201/benchmark_results/simulated_data/results/cell_names	/raid/kang/DelSIEVE/simulation_results/IndelSIEVE_benchmark_pipeline_ld_201/benchmark_results/indelsieve/from_candidate/variant_calling/mt/no_cnv/smc_mudel_ld_stage_1/0003/indelsieve_mean.cell_names	/raid/kang/DelSIEVE/simulation_results/IndelSIEVE_benchmark_pipeline_ld_201/benchmark_results/simulated_data/results/data_type/no_cnv/0003/true_evo_events_sites_names	/raid/kang/DelSIEVE/simulation_results/IndelSIEVE_benchmark_pipeline_ld_201/benchmark_results/indelsieve/from_candidate/variant_calling/mt/no_cnv/smc_mudel_ld_stage_1/0003/indelsieve_mean.loci_info	/raid/kang/DelSIEVE/simulation_results/IndelSIEVE_benchmark_pipeline_ld_201/benchmark_results/simulated_data/results/data_type/no_cnv/0003/true_evo_events_genotypes_numeric	/raid/kang/DelSIEVE/simulation_results/IndelSIEVE_benchmark_pipeline_ld_201/benchmark_results/indelsieve/from_candidate/variant_calling/mt/no_cnv/smc_mudel_ld_stage_1/0003/indelsieve_mean.genotypes	/raid/kang/DelSIEVE/simulation_results/IndelSIEVE_benchmark_pipeline_ld_201/benchmark_results/simulated_data/results/data_type/no_cnv/0003/true_evo_events_ternary_matrix.simple	/raid/kang/DelSIEVE/simulation_results/IndelSIEVE_benchmark_pipeline_ld_201/benchmark_results/indelsieve/from_candidate/variant_calling/mt/no_cnv/smc_mudel_ld_stage_1/0003/indelsieve_mean.ternary	/raid/kang/DelSIEVE/simulation_results/IndelSIEVE_benchmark_pipeline_ld_201/benchmark_results/indelsieve/from_candidate/variant_calling/mt/no_cnv/smc_mudel_ld_stage_1/0003/indelsieve_mean.probs	5922	256	36622	1760	0.7708929966154647	0.958562641631596	0.8545454545454545	0.0069418081240848	5921	63	37430	1145	0.8379564109821681	0.98947192513369	0.9074329501915708	0.0016803136585495	5847	68	37441	1203	0.8293617021276596	0.9885038038884192	0.9019668337832626	0.0018128982377562	11	43	44500	5	0.6875	0.2037037037037037	0.3142857142857142	0.0009653593157173	16	63	0	5	0	209	19561	30	0.0	0.0	0.0105715730905412	NA	0	0	19800	0	NA	NA	0.0	NA	0	15	19785	0	NA	0.0	0.0007575757575757	NA	0	194	19576	30	0.0	0.0	0.0098128477491148	NA	30	0	0	0	0	0	19800	0	NA	NA	0.0	NA
40	5	20	0.001999	0.16334	1e-06	1e-07	0.0	0004	indelsieve	candidate_snvs	smc_mudel_ld_stage_1	mt	no_cnv	/raid/kang/DelSIEVE/simulation_results/IndelSIEVE_benchmark_pipeline_ld_201/benchmark_results/simulated_data/results/cell_names	/raid/kang/DelSIEVE/simulation_results/IndelSIEVE_benchmark_pipeline_ld_201/benchmark_results/indelsieve/from_candidate/variant_calling/mt/no_cnv/smc_mudel_ld_stage_1/0004/indelsieve_mean.cell_names	/raid/kang/DelSIEVE/simulation_results/IndelSIEVE_benchmark_pipeline_ld_201/benchmark_results/simulated_data/results/data_type/no_cnv/0004/true_evo_events_sites_names	/raid/kang/DelSIEVE/simulation_results/IndelSIEVE_benchmark_pipeline_ld_201/benchmark_results/indelsieve/from_candidate/variant_calling/mt/no_cnv/smc_mudel_ld_stage_1/0004/indelsieve_mean.loci_info	/raid/kang/DelSIEVE/simulation_results/IndelSIEVE_benchmark_pipeline_ld_201/benchmark_results/simulated_data/results/data_type/no_cnv/0004/true_evo_events_genotypes_numeric	/raid/kang/DelSIEVE/simulation_results/IndelSIEVE_benchmark_pipeline_ld_201/benchmark_results/indelsieve/from_candidate/variant_calling/mt/no_cnv/smc_mudel_ld_stage_1/0004/indelsieve_mean.genotypes	/raid/kang/DelSIEVE/simulation_results/IndelSIEVE_benchmark_pipeline_ld_201/benchmark_results/simulated_data/results/data_type/no_cnv/0004/true_evo_events_ternary_matrix.simple	/raid/kang/DelSIEVE/simulation_results/IndelSIEVE_benchmark_pipeline_ld_201/benchmark_results/indelsieve/from_candidate/variant_calling/mt/no_cnv/smc_mudel_ld_stage_1/0004/indelsieve_mean.ternary	/raid/kang/DelSIEVE/simulation_results/IndelSIEVE_benchmark_pipeline_ld_201/benchmark_results/indelsieve/from_candidate/variant_calling/mt/no_cnv/smc_mudel_ld_stage_1/0004/indelsieve_mean.probs	5705	306	26800	1349	0.8087609866742274	0.949093328897022	0.8733256792958285	0.0112890135025455	5705	37	27713	703	0.8902933832709113	0.993556252176942	0.9390946502057612	0.0013333333333333	5632	39	27717	770	0.8797250859106529	0.9931229060130488	0.9329909715894972	0.0014051015996541	4	39	34113	2	0.6666666666666666	0.0930232558139534	0.1632653061224489	0.0011419536191145	6	37	0	2	0	297	17240	23	0.0	0.0	0.0169356218281348	NA	0	0	17560	0	NA	NA	0.0	NA	0	28	17532	0	NA	0.0	0.0015945330296127	NA	0	269	17268	23	0.0	0.0	0.0153389975480412	NA	23	0	0	0	0	0	17560	0	NA	NA	0.0	NA
40	5	20	0.001999	0.16334	1e-06	1e-07	0.0	0005	indelsieve	candidate_snvs	smc_mudel_ld_stage_1	mt	no_cnv	/raid/kang/DelSIEVE/simulation_results/IndelSIEVE_benchmark_pipeline_ld_201/benchmark_results/simulated_data/results/cell_names	/raid/kang/DelSIEVE/simulation_results/IndelSIEVE_benchmark_pipeline_ld_201/benchmark_results/indelsieve/from_candidate/variant_calling/mt/no_cnv/smc_mudel_ld_stage_1/0005/indelsieve_mean.cell_names	/raid/kang/DelSIEVE/simulation_results/IndelSIEVE_benchmark_pipeline_ld_201/benchmark_results/simulated_data/results/data_type/no_cnv/0005/true_evo_events_sites_names	/raid/kang/DelSIEVE/simulation_results/IndelSIEVE_benchmark_pipeline_ld_201/benchmark_results/indelsieve/from_candidate/variant_calling/mt/no_cnv/smc_mudel_ld_stage_1/0005/indelsieve_mean.loci_info	/raid/kang/DelSIEVE/simulation_results/IndelSIEVE_benchmark_pipeline_ld_201/benchmark_results/simulated_data/results/data_type/no_cnv/0005/true_evo_events_genotypes_numeric	/raid/kang/DelSIEVE/simulation_results/IndelSIEVE_benchmark_pipeline_ld_201/benchmark_results/indelsieve/from_candidate/variant_calling/mt/no_cnv/smc_mudel_ld_stage_1/0005/indelsieve_mean.genotypes	/raid/kang/DelSIEVE/simulation_results/IndelSIEVE_benchmark_pipeline_ld_201/benchmark_results/simulated_data/results/data_type/no_cnv/0005/true_evo_events_ternary_matrix.simple	/raid/kang/DelSIEVE/simulation_results/IndelSIEVE_benchmark_pipeline_ld_201/benchmark_results/indelsieve/from_candidate/variant_calling/mt/no_cnv/smc_mudel_ld_stage_1/0005/indelsieve_mean.ternary	/raid/kang/DelSIEVE/simulation_results/IndelSIEVE_benchmark_pipeline_ld_201/benchmark_results/indelsieve/from_candidate/variant_calling/mt/no_cnv/smc_mudel_ld_stage_1/0005/indelsieve_mean.probs	4617	129	26970	1244	0.7877495307967923	0.972819216182048	0.8705571792212691	0.0047603232591608	4608	45	27547	758	0.8587402161759224	0.9903288201160542	0.9198522806667332	0.001630907509423	4554	55	27569	780	0.8537682789651294	0.9880668257756564	0.9160213215327366	0.0019910222994497	22	13	32913	10	0.6875	0.6285714285714286	0.6567164179104478	0.0003948247585494	32	45	0	10	0	102	13418	0	NA	0.0	0.0075443786982248	NA	0	0	13520	0	NA	NA	0.0	NA	0	9	13511	0	NA	0.0	0.0006656804733727	NA	0	93	13427	0	NA	0.0	0.006878698224852	NA	0	0	0	0	0	0	13520	0	NA	NA	0.0	NA
40	5	20	0.001999	0.16334	1e-06	1e-07	0.0	0006	indelsieve	candidate_snvs	smc_mudel_ld_stage_1	mt	no_cnv	/raid/kang/DelSIEVE/simulation_results/IndelSIEVE_benchmark_pipeline_ld_201/benchmark_results/simulated_data/results/cell_names	/raid/kang/DelSIEVE/simulation_results/IndelSIEVE_benchmark_pipeline_ld_201/benchmark_results/indelsieve/from_candidate/variant_calling/mt/no_cnv/smc_mudel_ld_stage_1/0006/indelsieve_median.cell_names	/raid/kang/DelSIEVE/simulation_results/IndelSIEVE_benchmark_pipeline_ld_201/benchmark_results/simulated_data/results/data_type/no_cnv/0006/true_evo_events_sites_names	/raid/kang/DelSIEVE/simulation_results/IndelSIEVE_benchmark_pipeline_ld_201/benchmark_results/indelsieve/from_candidate/variant_calling/mt/no_cnv/smc_mudel_ld_stage_1/0006/indelsieve_median.loci_info	/raid/kang/DelSIEVE/simulation_results/IndelSIEVE_benchmark_pipeline_ld_201/benchmark_results/simulated_data/results/data_type/no_cnv/0006/true_evo_events_genotypes_numeric	/raid/kang/DelSIEVE/simulation_results/IndelSIEVE_benchmark_pipeline_ld_201/benchmark_results/indelsieve/from_candidate/variant_calling/mt/no_cnv/smc_mudel_ld_stage_1/0006/indelsieve_median.genotypes	/raid/kang/DelSIEVE/simulation_results/IndelSIEVE_benchmark_pipeline_ld_201/benchmark_results/simulated_data/results/data_type/no_cnv/0006/true_evo_events_ternary_matrix.simple	/raid/kang/DelSIEVE/simulation_results/IndelSIEVE_benchmark_pipeline_ld_201/benchmark_results/indelsieve/from_candidate/variant_calling/mt/no_cnv/smc_mudel_ld_stage_1/0006/indelsieve_median.ternary	/raid/kang/DelSIEVE/simulation_results/IndelSIEVE_benchmark_pipeline_ld_201/benchmark_results/indelsieve/from_candidate/variant_calling/mt/no_cnv/smc_mudel_ld_stage_1/0006/indelsieve_median.probs	8541	363	34218	1718	0.8325372843357053	0.9592318059299192	0.8914053123206179	0.0104970937798212	8536	78	35258	967	0.8982426602125645	0.9909449732992802	0.9423193685488768	0.0022073805750509	8456	88	35300	995	0.8947201354354036	0.9897003745318352	0.9398166157265908	0.0024867186616932	41	13	44776	9	0.82	0.7592592592592593	0.7884615384615384	0.0002902498381298	50	78	1	8	0	306	20605	9	0.0	0.0	0.0146334465114054	NA	0	0	20920	0	NA	NA	0.0	NA	0	16	20902	2	0.0	0.0	0.0007648914810211	NA	0	290	20623	7	0.0	0.0	0.0138669726964089	NA	7	0	2	0	0	0	20920	0	NA	NA	0.0	NA
40	5	20	0.001999	0.16334	1e-06	1e-07	0.0	0007	indelsieve	candidate_snvs	smc_mudel_ld_stage_1	mt	no_cnv	/raid/kang/DelSIEVE/simulation_results/IndelSIEVE_benchmark_pipeline_ld_201/benchmark_results/simulated_data/results/cell_names	/raid/kang/DelSIEVE/simulation_results/IndelSIEVE_benchmark_pipeline_ld_201/benchmark_results/indelsieve/from_candidate/variant_calling/mt/no_cnv/smc_mudel_ld_stage_1/0007/indelsieve_mean.cell_names	/raid/kang/DelSIEVE/simulation_results/IndelSIEVE_benchmark_pipeline_ld_201/benchmark_results/simulated_data/results/data_type/no_cnv/0007/true_evo_events_sites_names	/raid/kang/DelSIEVE/simulation_results/IndelSIEVE_benchmark_pipeline_ld_201/benchmark_results/indelsieve/from_candidate/variant_calling/mt/no_cnv/smc_mudel_ld_stage_1/0007/indelsieve_mean.loci_info	/raid/kang/DelSIEVE/simulation_results/IndelSIEVE_benchmark_pipeline_ld_201/benchmark_results/simulated_data/results/data_type/no_cnv/0007/true_evo_events_genotypes_numeric	/raid/kang/DelSIEVE/simulation_results/IndelSIEVE_benchmark_pipeline_ld_201/benchmark_results/indelsieve/from_candidate/variant_calling/mt/no_cnv/smc_mudel_ld_stage_1/0007/indelsieve_mean.genotypes	/raid/kang/DelSIEVE/simulation_results/IndelSIEVE_benchmark_pipeline_ld_201/benchmark_results/simulated_data/results/data_type/no_cnv/0007/true_evo_events_ternary_matrix.simple	/raid/kang/DelSIEVE/simulation_results/IndelSIEVE_benchmark_pipeline_ld_201/benchmark_results/indelsieve/from_candidate/variant_calling/mt/no_cnv/smc_mudel_ld_stage_1/0007/indelsieve_mean.ternary	/raid/kang/DelSIEVE/simulation_results/IndelSIEVE_benchmark_pipeline_ld_201/benchmark_results/indelsieve/from_candidate/variant_calling/mt/no_cnv/smc_mudel_ld_stage_1/0007/indelsieve_mean.probs	4943	168	35226	1623	0.7528175449284191	0.9671297202113088	0.8466215637578145	0.0047465672147821	4926	86	35861	1087	0.8192250124729752	0.9828411811652036	0.8936054421768705	0.0023924110496008	4832	91	35902	1135	0.8097871627283392	0.9815153361771276	0.8874196510560146	0.0025282693857138	27	45	41884	4	0.8709677419354839	0.375	0.524271844660194	0.0010732428629349	31	86	0	4	0	116	15948	16	0.0	0.0	0.0072211155378486	NA	0	8	16072	0	NA	0.0	0.0004975124378109	NA	0	17	16048	15	0.0	0.0	0.001058201058201	NA	0	91	15988	1	0.0	0.0	0.0056595559425337	NA	1	0	1	14	0	0	16080	0	NA	NA	0.0	NA
40	5	20	0.001999	0.16334	1e-06	1e-07	0.0	0008	indelsieve	candidate_snvs	smc_mudel_ld_stage_1	mt	no_cnv	/raid/kang/DelSIEVE/simulation_results/IndelSIEVE_benchmark_pipeline_ld_201/benchmark_results/simulated_data/results/cell_names	/raid/kang/DelSIEVE/simulation_results/IndelSIEVE_benchmark_pipeline_ld_201/benchmark_results/indelsieve/from_candidate/variant_calling/mt/no_cnv/smc_mudel_ld_stage_1/0008/indelsieve_mean.cell_names	/raid/kang/DelSIEVE/simulation_results/IndelSIEVE_benchmark_pipeline_ld_201/benchmark_results/simulated_data/results/data_type/no_cnv/0008/true_evo_events_sites_names	/raid/kang/DelSIEVE/simulation_results/IndelSIEVE_benchmark_pipeline_ld_201/benchmark_results/indelsieve/from_candidate/variant_calling/mt/no_cnv/smc_mudel_ld_stage_1/0008/indelsieve_mean.loci_info	/raid/kang/DelSIEVE/simulation_results/IndelSIEVE_benchmark_pipeline_ld_201/benchmark_results/simulated_data/results/data_type/no_cnv/0008/true_evo_events_genotypes_numeric	/raid/kang/DelSIEVE/simulation_results/IndelSIEVE_benchmark_pipeline_ld_201/benchmark_results/indelsieve/from_candidate/variant_calling/mt/no_cnv/smc_mudel_ld_stage_1/0008/indelsieve_mean.genotypes	/raid/kang/DelSIEVE/simulation_results/IndelSIEVE_benchmark_pipeline_ld_201/benchmark_results/simulated_data/results/data_type/no_cnv/0008/true_evo_events_ternary_matrix.simple	/raid/kang/DelSIEVE/simulation_results/IndelSIEVE_benchmark_pipeline_ld_201/benchmark_results/indelsieve/from_candidate/variant_calling/mt/no_cnv/smc_mudel_ld_stage_1/0008/indelsieve_mean.ternary	/raid/kang/DelSIEVE/simulation_results/IndelSIEVE_benchmark_pipeline_ld_201/benchmark_results/indelsieve/from_candidate/variant_calling/mt/no_cnv/smc_mudel_ld_stage_1/0008/indelsieve_mean.probs	7758	652	35781	1929	0.8008671415298854	0.9224732461355528	0.8573796761894237	0.0178958636401064	7757	107	36997	1259	0.8603593611357586	0.9863936927772126	0.9190758293838862	0.0028837861147046	7629	123	37046	1322	0.8523070048039325	0.9841331269349846	0.913488594863198	0.0033092092873093	47	29	46026	18	0.7230769230769231	0.618421052631579	0.6666666666666667	0.0006296819020736	65	105	0	18	0	582	23287	11	0.0	0.0	0.0243830910385856	NA	0	0	23880	0	NA	NA	0.0	NA	0	36	23844	0	NA	0.0	0.0015075376884422	NA	0	546	23323	11	0.0	0.0	0.0228748586032091	NA	11	0	0	0	0	0	23880	0	NA	NA	0.0	NA
40	5	20	0.001999	0.16334	1e-06	1e-07	0.0	0009	indelsieve	candidate_snvs	smc_mudel_ld_stage_1	mt	no_cnv	/raid/kang/DelSIEVE/simulation_results/IndelSIEVE_benchmark_pipeline_ld_201/benchmark_results/simulated_data/results/cell_names	/raid/kang/DelSIEVE/simulation_results/IndelSIEVE_benchmark_pipeline_ld_201/benchmark_results/indelsieve/from_candidate/variant_calling/mt/no_cnv/smc_mudel_ld_stage_1/0009/indelsieve_mean.cell_names	/raid/kang/DelSIEVE/simulation_results/IndelSIEVE_benchmark_pipeline_ld_201/benchmark_results/simulated_data/results/data_type/no_cnv/0009/true_evo_events_sites_names	/raid/kang/DelSIEVE/simulation_results/IndelSIEVE_benchmark_pipeline_ld_201/benchmark_results/indelsieve/from_candidate/variant_calling/mt/no_cnv/smc_mudel_ld_stage_1/0009/indelsieve_mean.loci_info	/raid/kang/DelSIEVE/simulation_results/IndelSIEVE_benchmark_pipeline_ld_201/benchmark_results/simulated_data/results/data_type/no_cnv/0009/true_evo_events_genotypes_numeric	/raid/kang/DelSIEVE/simulation_results/IndelSIEVE_benchmark_pipeline_ld_201/benchmark_results/indelsieve/from_candidate/variant_calling/mt/no_cnv/smc_mudel_ld_stage_1/0009/indelsieve_mean.genotypes	/raid/kang/DelSIEVE/simulation_results/IndelSIEVE_benchmark_pipeline_ld_201/benchmark_results/simulated_data/results/data_type/no_cnv/0009/true_evo_events_ternary_matrix.simple	/raid/kang/DelSIEVE/simulation_results/IndelSIEVE_benchmark_pipeline_ld_201/benchmark_results/indelsieve/from_candidate/variant_calling/mt/no_cnv/smc_mudel_ld_stage_1/0009/indelsieve_mean.ternary	/raid/kang/DelSIEVE/simulation_results/IndelSIEVE_benchmark_pipeline_ld_201/benchmark_results/indelsieve/from_candidate/variant_calling/mt/no_cnv/smc_mudel_ld_stage_1/0009/indelsieve_mean.probs	6064	419	34240	1917	0.7598045357724595	0.9353694277340736	0.838495575221239	0.0120892120372774	6057	57	35397	1129	0.8428889507375452	0.9906771344455348	0.910827067669173	0.0016077170418006	5973	63	35415	1189	0.8339849204132924	0.9895626242544732	0.9051371419912108	0.0017757483510908	16	41	42575	8	0.6666666666666666	0.2807017543859649	0.3950617283950617	0.0009620799699643	24	57	2	6	0	390	17129	1	0.0	0.0	0.0222615446087105	NA	0	0	17520	0	NA	NA	0.0	NA	0	21	17499	0	NA	0.0	0.0011986301369863	NA	0	369	17150	1	0.0	0.0	0.0210628460528569	NA	1	0	0	0	0	0	17520	0	NA	NA	0.0	NA
40	5	20	0.001999	0.16334	1e-06	1e-07	0.0	0010	indelsieve	candidate_snvs	smc_mudel_ld_stage_1	mt	no_cnv	/raid/kang/DelSIEVE/simulation_results/IndelSIEVE_benchmark_pipeline_ld_201/benchmark_results/simulated_data/results/cell_names	/raid/kang/DelSIEVE/simulation_results/IndelSIEVE_benchmark_pipeline_ld_201/benchmark_results/indelsieve/from_candidate/variant_calling/mt/no_cnv/smc_mudel_ld_stage_1/0010/indelsieve_mean.cell_names	/raid/kang/DelSIEVE/simulation_results/IndelSIEVE_benchmark_pipeline_ld_201/benchmark_results/simulated_data/results/data_type/no_cnv/0010/true_evo_events_sites_names	/raid/kang/DelSIEVE/simulation_results/IndelSIEVE_benchmark_pipeline_ld_201/benchmark_results/indelsieve/from_candidate/variant_calling/mt/no_cnv/smc_mudel_ld_stage_1/0010/indelsieve_mean.loci_info	/raid/kang/DelSIEVE/simulation_results/IndelSIEVE_benchmark_pipeline_ld_201/benchmark_results/simulated_data/results/data_type/no_cnv/0010/true_evo_events_genotypes_numeric	/raid/kang/DelSIEVE/simulation_results/IndelSIEVE_benchmark_pipeline_ld_201/benchmark_results/indelsieve/from_candidate/variant_calling/mt/no_cnv/smc_mudel_ld_stage_1/0010/indelsieve_mean.genotypes	/raid/kang/DelSIEVE/simulation_results/IndelSIEVE_benchmark_pipeline_ld_201/benchmark_results/simulated_data/results/data_type/no_cnv/0010/true_evo_events_ternary_matrix.simple	/raid/kang/DelSIEVE/simulation_results/IndelSIEVE_benchmark_pipeline_ld_201/benchmark_results/indelsieve/from_candidate/variant_calling/mt/no_cnv/smc_mudel_ld_stage_1/0010/indelsieve_mean.ternary	/raid/kang/DelSIEVE/simulation_results/IndelSIEVE_benchmark_pipeline_ld_201/benchmark_results/indelsieve/from_candidate/variant_calling/mt/no_cnv/smc_mudel_ld_stage_1/0010/indelsieve_mean.probs	5373	364	33994	1509	0.7807323452484742	0.936552204985184	0.8515730248038672	0.0105943302869782	5345	55	34984	856	0.8619577487502016	0.9898148148148148	0.9214722868718214	0.0015696794999857	5273	58	35015	894	0.8550348629803795	0.989120240105046	0.9172029918246652	0.0016536937245174	3	25	41207	5	0.375	0.1071428571428571	0.1666666666666666	0.0006063251843228	8	55	2	3	54	324	19689	13	0.8059701492537313	0.1428571428571428	0.0161894768400539	0.2426966292134831	0	0	20080	0	NA	NA	0.0	NA	26	15	20039	0	1.0	0.6341463414634146	0.0007479804527775	0.7761194029850745	28	309	19730	13	0.6829268292682927	0.0830860534124629	0.0154199311342881	0.1481481481481481	13	0	0	0	0	0	20080	0	NA	NA	0.0	NA
40	5	20	0.001999	0.16334	1e-06	1e-07	0.0	0001	indelsieve	candidate_snvs	smc_mudel_sa_stage_1	mt	no_cnv	/raid/kang/DelSIEVE/simulation_results/IndelSIEVE_benchmark_pipeline_ld_201/benchmark_results/simulated_data/results/cell_names	/raid/kang/DelSIEVE/simulation_results/IndelSIEVE_benchmark_pipeline_ld_201/benchmark_results/indelsieve/from_candidate/variant_calling/mt/no_cnv/smc_mudel_sa_stage_1/0001/indelsieve_median.cell_names	/raid/kang/DelSIEVE/simulation_results/IndelSIEVE_benchmark_pipeline_ld_201/benchmark_results/simulated_data/results/data_type/no_cnv/0001/true_evo_events_sites_names	/raid/kang/DelSIEVE/simulation_results/IndelSIEVE_benchmark_pipeline_ld_201/benchmark_results/indelsieve/from_candidate/variant_calling/mt/no_cnv/smc_mudel_sa_stage_1/0001/indelsieve_median.loci_info	/raid/kang/DelSIEVE/simulation_results/IndelSIEVE_benchmark_pipeline_ld_201/benchmark_results/simulated_data/results/data_type/no_cnv/0001/true_evo_events_genotypes_numeric	/raid/kang/DelSIEVE/simulation_results/IndelSIEVE_benchmark_pipeline_ld_201/benchmark_results/indelsieve/from_candidate/variant_calling/mt/no_cnv/smc_mudel_sa_stage_1/0001/indelsieve_median.genotypes	/raid/kang/DelSIEVE/simulation_results/IndelSIEVE_benchmark_pipeline_ld_201/benchmark_results/simulated_data/results/data_type/no_cnv/0001/true_evo_events_ternary_matrix.simple	/raid/kang/DelSIEVE/simulation_results/IndelSIEVE_benchmark_pipeline_ld_201/benchmark_results/indelsieve/from_candidate/variant_calling/mt/no_cnv/smc_mudel_sa_stage_1/0001/indelsieve_median.ternary	/raid/kang/DelSIEVE/simulation_results/IndelSIEVE_benchmark_pipeline_ld_201/benchmark_results/indelsieve/from_candidate/variant_calling/mt/no_cnv/smc_mudel_sa_stage_1/0001/indelsieve_median.probs	8829	120	40548	2223	0.7988599348534202	0.9865906805229636	0.8828558572071397	0.0029507229271171	8824	94	41624	1175	0.8824882488248825	0.989459520071765	0.9329174816302797	0.0022532240279975	8702	115	41652	1248	0.8745728643216081	0.9869570148576612	0.9273725155858688	0.0027533698853161	28	73	51596	20	0.5833333333333334	0.2772277227722772	0.3758389261744966	0.0014128394201552	48	93	0	20	0	31	22321	8	0.0	0.0	0.0013869005010737	NA	0	0	22360	0	NA	NA	0.0	NA	0	0	22359	1	0.0	NA	0.0	NA	0	31	22322	7	0.0	0.0	0.0013868384556882	NA	6	1	1	0	0	0	22360	0	NA	NA	0.0	NA
40	5	20	0.001999	0.16334	1e-06	1e-07	0.0	0002	indelsieve	candidate_snvs	smc_mudel_sa_stage_1	mt	no_cnv	/raid/kang/DelSIEVE/simulation_results/IndelSIEVE_benchmark_pipeline_ld_201/benchmark_results/simulated_data/results/cell_names	/raid/kang/DelSIEVE/simulation_results/IndelSIEVE_benchmark_pipeline_ld_201/benchmark_results/indelsieve/from_candidate/variant_calling/mt/no_cnv/smc_mudel_sa_stage_1/0002/indelsieve_median.cell_names	/raid/kang/DelSIEVE/simulation_results/IndelSIEVE_benchmark_pipeline_ld_201/benchmark_results/simulated_data/results/data_type/no_cnv/0002/true_evo_events_sites_names	/raid/kang/DelSIEVE/simulation_results/IndelSIEVE_benchmark_pipeline_ld_201/benchmark_results/indelsieve/from_candidate/variant_calling/mt/no_cnv/smc_mudel_sa_stage_1/0002/indelsieve_median.loci_info	/raid/kang/DelSIEVE/simulation_results/IndelSIEVE_benchmark_pipeline_ld_201/benchmark_results/simulated_data/results/data_type/no_cnv/0002/true_evo_events_genotypes_numeric	/raid/kang/DelSIEVE/simulation_results/IndelSIEVE_benchmark_pipeline_ld_201/benchmark_results/indelsieve/from_candidate/variant_calling/mt/no_cnv/smc_mudel_sa_stage_1/0002/indelsieve_median.genotypes	/raid/kang/DelSIEVE/simulation_results/IndelSIEVE_benchmark_pipeline_ld_201/benchmark_results/simulated_data/results/data_type/no_cnv/0002/true_evo_events_ternary_matrix.simple	/raid/kang/DelSIEVE/simulation_results/IndelSIEVE_benchmark_pipeline_ld_201/benchmark_results/indelsieve/from_candidate/variant_calling/mt/no_cnv/smc_mudel_sa_stage_1/0002/indelsieve_median.ternary	/raid/kang/DelSIEVE/simulation_results/IndelSIEVE_benchmark_pipeline_ld_201/benchmark_results/indelsieve/from_candidate/variant_calling/mt/no_cnv/smc_mudel_sa_stage_1/0002/indelsieve_median.probs	9910	271	40331	2648	0.78913839783405	0.9733817896080936	0.8716302387967809	0.0066745480518201	9910	64	41965	1220	0.8903863432165319	0.9935833166232204	0.939158453373768	0.0015227580956006	9796	72	42025	1266	0.8855541493400831	0.9927036886907176	0.9360726230291448	0.0017103356533719	44	45	53064	6	0.88	0.4943820224719101	0.6330935251798561	0.0008473140145738	50	64	0	6	16	208	27443	53	0.2318840579710145	0.0714285714285714	0.007522331922896	0.1092150170648464	0	0	27720	0	NA	NA	0.0	NA	16	1	27701	2	0.8888888888888888	0.9411764705882352	3.609847664428561e-05	0.9142857142857144	0	207	27462	51	0.0	0.0	0.0074812967581047	NA	51	0	2	0	0	0	27720	0	NA	NA	0.0	NA
40	5	20	0.001999	0.16334	1e-06	1e-07	0.0	0003	indelsieve	candidate_snvs	smc_mudel_sa_stage_1	mt	no_cnv	/raid/kang/DelSIEVE/simulation_results/IndelSIEVE_benchmark_pipeline_ld_201/benchmark_results/simulated_data/results/cell_names	/raid/kang/DelSIEVE/simulation_results/IndelSIEVE_benchmark_pipeline_ld_201/benchmark_results/indelsieve/from_candidate/variant_calling/mt/no_cnv/smc_mudel_sa_stage_1/0003/indelsieve_median.cell_names	/raid/kang/DelSIEVE/simulation_results/IndelSIEVE_benchmark_pipeline_ld_201/benchmark_results/simulated_data/results/data_type/no_cnv/0003/true_evo_events_sites_names	/raid/kang/DelSIEVE/simulation_results/IndelSIEVE_benchmark_pipeline_ld_201/benchmark_results/indelsieve/from_candidate/variant_calling/mt/no_cnv/smc_mudel_sa_stage_1/0003/indelsieve_median.loci_info	/raid/kang/DelSIEVE/simulation_results/IndelSIEVE_benchmark_pipeline_ld_201/benchmark_results/simulated_data/results/data_type/no_cnv/0003/true_evo_events_genotypes_numeric	/raid/kang/DelSIEVE/simulation_results/IndelSIEVE_benchmark_pipeline_ld_201/benchmark_results/indelsieve/from_candidate/variant_calling/mt/no_cnv/smc_mudel_sa_stage_1/0003/indelsieve_median.genotypes	/raid/kang/DelSIEVE/simulation_results/IndelSIEVE_benchmark_pipeline_ld_201/benchmark_results/simulated_data/results/data_type/no_cnv/0003/true_evo_events_ternary_matrix.simple	/raid/kang/DelSIEVE/simulation_results/IndelSIEVE_benchmark_pipeline_ld_201/benchmark_results/indelsieve/from_candidate/variant_calling/mt/no_cnv/smc_mudel_sa_stage_1/0003/indelsieve_median.ternary	/raid/kang/DelSIEVE/simulation_results/IndelSIEVE_benchmark_pipeline_ld_201/benchmark_results/indelsieve/from_candidate/variant_calling/mt/no_cnv/smc_mudel_sa_stage_1/0003/indelsieve_median.probs	5928	105	36773	1754	0.771674043217912	0.9825957235206364	0.8644549763033175	0.0028472259883941	5927	56	37437	1139	0.8388055476931786	0.990640147083403	0.9084221013104452	0.0014936121409329	5864	61	37448	1186	0.8317730496453901	0.989704641350211	0.9038921001926784	0.0016262763603401	11	41	44502	5	0.6875	0.2115384615384615	0.3235294117647059	0.0009204588824282	16	56	0	5	0	56	19714	30	0.0	0.0	0.0028325746079919	NA	0	0	19800	0	NA	NA	0.0	NA	0	6	19794	0	NA	0.0	0.0003030303030303	NA	0	50	19720	30	0.0	0.0	0.0025290844714213	NA	30	0	0	0	0	0	19800	0	NA	NA	0.0	NA
40	5	20	0.001999	0.16334	1e-06	1e-07	0.0	0004	indelsieve	candidate_snvs	smc_mudel_sa_stage_1	mt	no_cnv	/raid/kang/DelSIEVE/simulation_results/IndelSIEVE_benchmark_pipeline_ld_201/benchmark_results/simulated_data/results/cell_names	/raid/kang/DelSIEVE/simulation_results/IndelSIEVE_benchmark_pipeline_ld_201/benchmark_results/indelsieve/from_candidate/variant_calling/mt/no_cnv/smc_mudel_sa_stage_1/0004/indelsieve_median.cell_names	/raid/kang/DelSIEVE/simulation_results/IndelSIEVE_benchmark_pipeline_ld_201/benchmark_results/simulated_data/results/data_type/no_cnv/0004/true_evo_events_sites_names	/raid/kang/DelSIEVE/simulation_results/IndelSIEVE_benchmark_pipeline_ld_201/benchmark_results/indelsieve/from_candidate/variant_calling/mt/no_cnv/smc_mudel_sa_stage_1/0004/indelsieve_median.loci_info	/raid/kang/DelSIEVE/simulation_results/IndelSIEVE_benchmark_pipeline_ld_201/benchmark_results/simulated_data/results/data_type/no_cnv/0004/true_evo_events_genotypes_numeric	/raid/kang/DelSIEVE/simulation_results/IndelSIEVE_benchmark_pipeline_ld_201/benchmark_results/indelsieve/from_candidate/variant_calling/mt/no_cnv/smc_mudel_sa_stage_1/0004/indelsieve_median.genotypes	/raid/kang/DelSIEVE/simulation_results/IndelSIEVE_benchmark_pipeline_ld_201/benchmark_results/simulated_data/results/data_type/no_cnv/0004/true_evo_events_ternary_matrix.simple	/raid/kang/DelSIEVE/simulation_results/IndelSIEVE_benchmark_pipeline_ld_201/benchmark_results/indelsieve/from_candidate/variant_calling/mt/no_cnv/smc_mudel_sa_stage_1/0004/indelsieve_median.ternary	/raid/kang/DelSIEVE/simulation_results/IndelSIEVE_benchmark_pipeline_ld_201/benchmark_results/indelsieve/from_candidate/variant_calling/mt/no_cnv/smc_mudel_sa_stage_1/0004/indelsieve_median.probs	5703	110	26996	1351	0.8084774595973916	0.9810768966110442	0.8864537188155747	0.0040581421087582	5703	36	27714	705	0.8899812734082397	0.9937271301620492	0.9389972832798222	0.0012972972972972	5657	38	27718	745	0.8836301155888785	0.9933274802458296	0.9352732082334464	0.0013690733535091	4	34	34118	2	0.6666666666666666	0.1052631578947368	0.1818181818181818	0.0009955493089716	6	36	0	2	0	80	17457	23	0.0	0.0	0.00456178365741	NA	0	0	17560	0	NA	NA	0.0	NA	0	6	17554	0	NA	0.0	0.0003416856492027	NA	0	74	17463	23	0.0	0.0	0.0042196498831042	NA	23	0	0	0	0	0	17560	0	NA	NA	0.0	NA
40	5	20	0.001999	0.16334	1e-06	1e-07	0.0	0005	indelsieve	candidate_snvs	smc_mudel_sa_stage_1	mt	no_cnv	/raid/kang/DelSIEVE/simulation_results/IndelSIEVE_benchmark_pipeline_ld_201/benchmark_results/simulated_data/results/cell_names	/raid/kang/DelSIEVE/simulation_results/IndelSIEVE_benchmark_pipeline_ld_201/benchmark_results/indelsieve/from_candidate/variant_calling/mt/no_cnv/smc_mudel_sa_stage_1/0005/indelsieve_median.cell_names	/raid/kang/DelSIEVE/simulation_results/IndelSIEVE_benchmark_pipeline_ld_201/benchmark_results/simulated_data/results/data_type/no_cnv/0005/true_evo_events_sites_names	/raid/kang/DelSIEVE/simulation_results/IndelSIEVE_benchmark_pipeline_ld_201/benchmark_results/indelsieve/from_candidate/variant_calling/mt/no_cnv/smc_mudel_sa_stage_1/0005/indelsieve_median.loci_info	/raid/kang/DelSIEVE/simulation_results/IndelSIEVE_benchmark_pipeline_ld_201/benchmark_results/simulated_data/results/data_type/no_cnv/0005/true_evo_events_genotypes_numeric	/raid/kang/DelSIEVE/simulation_results/IndelSIEVE_benchmark_pipeline_ld_201/benchmark_results/indelsieve/from_candidate/variant_calling/mt/no_cnv/smc_mudel_sa_stage_1/0005/indelsieve_median.genotypes	/raid/kang/DelSIEVE/simulation_results/IndelSIEVE_benchmark_pipeline_ld_201/benchmark_results/simulated_data/results/data_type/no_cnv/0005/true_evo_events_ternary_matrix.simple	/raid/kang/DelSIEVE/simulation_results/IndelSIEVE_benchmark_pipeline_ld_201/benchmark_results/indelsieve/from_candidate/variant_calling/mt/no_cnv/smc_mudel_sa_stage_1/0005/indelsieve_median.ternary	/raid/kang/DelSIEVE/simulation_results/IndelSIEVE_benchmark_pipeline_ld_201/benchmark_results/indelsieve/from_candidate/variant_calling/mt/no_cnv/smc_mudel_sa_stage_1/0005/indelsieve_median.probs	4617	47	27052	1244	0.7877495307967923	0.9899228130360206	0.8773396674584323	0.0017343813424849	4617	47	27545	749	0.8604174431606411	0.9899228130360206	0.9206380857427716	0.0017033922876196	4580	57	27567	754	0.8586426696662918	0.9877075695492776	0.9186641259652994	0.0020634231103388	22	5	32921	10	0.6875	0.8148148148148148	0.7457627118644067	0.0001518556763651	32	47	0	10	0	0	13520	0	NA	NA	0.0	NA	0	0	13520	0	NA	NA	0.0	NA	0	0	13520	0	NA	NA	0.0	NA	0	0	13520	0	NA	NA	0.0	NA	0	0	0	0	0	0	13520	0	NA	NA	0.0	NA
40	5	20	0.001999	0.16334	1e-06	1e-07	0.0	0006	indelsieve	candidate_snvs	smc_mudel_sa_stage_1	mt	no_cnv	/raid/kang/DelSIEVE/simulation_results/IndelSIEVE_benchmark_pipeline_ld_201/benchmark_results/simulated_data/results/cell_names	/raid/kang/DelSIEVE/simulation_results/IndelSIEVE_benchmark_pipeline_ld_201/benchmark_results/indelsieve/from_candidate/variant_calling/mt/no_cnv/smc_mudel_sa_stage_1/0006/indelsieve_median.cell_names	/raid/kang/DelSIEVE/simulation_results/IndelSIEVE_benchmark_pipeline_ld_201/benchmark_results/simulated_data/results/data_type/no_cnv/0006/true_evo_events_sites_names	/raid/kang/DelSIEVE/simulation_results/IndelSIEVE_benchmark_pipeline_ld_201/benchmark_results/indelsieve/from_candidate/variant_calling/mt/no_cnv/smc_mudel_sa_stage_1/0006/indelsieve_median.loci_info	/raid/kang/DelSIEVE/simulation_results/IndelSIEVE_benchmark_pipeline_ld_201/benchmark_results/simulated_data/results/data_type/no_cnv/0006/true_evo_events_genotypes_numeric	/raid/kang/DelSIEVE/simulation_results/IndelSIEVE_benchmark_pipeline_ld_201/benchmark_results/indelsieve/from_candidate/variant_calling/mt/no_cnv/smc_mudel_sa_stage_1/0006/indelsieve_median.genotypes	/raid/kang/DelSIEVE/simulation_results/IndelSIEVE_benchmark_pipeline_ld_201/benchmark_results/simulated_data/results/data_type/no_cnv/0006/true_evo_events_ternary_matrix.simple	/raid/kang/DelSIEVE/simulation_results/IndelSIEVE_benchmark_pipeline_ld_201/benchmark_results/indelsieve/from_candidate/variant_calling/mt/no_cnv/smc_mudel_sa_stage_1/0006/indelsieve_median.ternary	/raid/kang/DelSIEVE/simulation_results/IndelSIEVE_benchmark_pipeline_ld_201/benchmark_results/indelsieve/from_candidate/variant_calling/mt/no_cnv/smc_mudel_sa_stage_1/0006/indelsieve_median.probs	8543	138	34443	1716	0.8327322351106345	0.9841032139154476	0.9021119324181626	0.0039906306931552	8543	76	35260	960	0.8989792697043039	0.9911822717252582	0.9428319170069528	0.0021507810731265	8468	86	35302	983	0.8959898423447255	0.9899462239887772	0.940627603443488	0.0024302023284729	41	24	44765	9	0.82	0.6307692307692307	0.7130434782608696	0.000535845855009	50	76	1	8	0	62	20849	9	0.0	0.0	0.0029649466787815	NA	0	0	20920	0	NA	NA	0.0	NA	0	0	20918	2	0.0	NA	0.0	NA	0	62	20851	7	0.0	0.0	0.0029646631281977	NA	7	0	2	0	0	0	20920	0	NA	NA	0.0	NA
40	5	20	0.001999	0.16334	1e-06	1e-07	0.0	0007	indelsieve	candidate_snvs	smc_mudel_sa_stage_1	mt	no_cnv	/raid/kang/DelSIEVE/simulation_results/IndelSIEVE_benchmark_pipeline_ld_201/benchmark_results/simulated_data/results/cell_names	/raid/kang/DelSIEVE/simulation_results/IndelSIEVE_benchmark_pipeline_ld_201/benchmark_results/indelsieve/from_candidate/variant_calling/mt/no_cnv/smc_mudel_sa_stage_1/0007/indelsieve_median.cell_names	/raid/kang/DelSIEVE/simulation_results/IndelSIEVE_benchmark_pipeline_ld_201/benchmark_results/simulated_data/results/data_type/no_cnv/0007/true_evo_events_sites_names	/raid/kang/DelSIEVE/simulation_results/IndelSIEVE_benchmark_pipeline_ld_201/benchmark_results/indelsieve/from_candidate/variant_calling/mt/no_cnv/smc_mudel_sa_stage_1/0007/indelsieve_median.loci_info	/raid/kang/DelSIEVE/simulation_results/IndelSIEVE_benchmark_pipeline_ld_201/benchmark_results/simulated_data/results/data_type/no_cnv/0007/true_evo_events_genotypes_numeric	/raid/kang/DelSIEVE/simulation_results/IndelSIEVE_benchmark_pipeline_ld_201/benchmark_results/indelsieve/from_candidate/variant_calling/mt/no_cnv/smc_mudel_sa_stage_1/0007/indelsieve_median.genotypes	/raid/kang/DelSIEVE/simulation_results/IndelSIEVE_benchmark_pipeline_ld_201/benchmark_results/simulated_data/results/data_type/no_cnv/0007/true_evo_events_ternary_matrix.simple	/raid/kang/DelSIEVE/simulation_results/IndelSIEVE_benchmark_pipeline_ld_201/benchmark_results/indelsieve/from_candidate/variant_calling/mt/no_cnv/smc_mudel_sa_stage_1/0007/indelsieve_median.ternary	/raid/kang/DelSIEVE/simulation_results/IndelSIEVE_benchmark_pipeline_ld_201/benchmark_results/indelsieve/from_candidate/variant_calling/mt/no_cnv/smc_mudel_sa_stage_1/0007/indelsieve_median.probs	4943	116	35278	1623	0.7528175449284191	0.9770705673057916	0.8504086021505377	0.0032773916483019	4943	84	35863	1070	0.8220522201895892	0.9832902327431868	0.8954710144927536	0.002336773583331	4874	89	35904	1093	0.816825875649405	0.9820672980052388	0.8918572735590119	0.0024727030255883	27	37	41892	4	0.8709677419354839	0.421875	0.5684210526315789	0.0008824441317465	31	84	0	4	0	32	16032	16	0.0	0.0	0.0019920318725099	NA	0	0	16080	0	NA	NA	0.0	NA	0	0	16065	15	0.0	NA	0.0	NA	0	32	16047	1	0.0	0.0	0.0019901735182536	NA	1	0	1	14	0	0	16080	0	NA	NA	0.0	NA
40	5	20	0.001999	0.16334	1e-06	1e-07	0.0	0008	indelsieve	candidate_snvs	smc_mudel_sa_stage_1	mt	no_cnv	/raid/kang/DelSIEVE/simulation_results/IndelSIEVE_benchmark_pipeline_ld_201/benchmark_results/simulated_data/results/cell_names	/raid/kang/DelSIEVE/simulation_results/IndelSIEVE_benchmark_pipeline_ld_201/benchmark_results/indelsieve/from_candidate/variant_calling/mt/no_cnv/smc_mudel_sa_stage_1/0008/indelsieve_mode_gaussian.cell_names	/raid/kang/DelSIEVE/simulation_results/IndelSIEVE_benchmark_pipeline_ld_201/benchmark_results/simulated_data/results/data_type/no_cnv/0008/true_evo_events_sites_names	/raid/kang/DelSIEVE/simulation_results/IndelSIEVE_benchmark_pipeline_ld_201/benchmark_results/indelsieve/from_candidate/variant_calling/mt/no_cnv/smc_mudel_sa_stage_1/0008/indelsieve_mode_gaussian.loci_info	/raid/kang/DelSIEVE/simulation_results/IndelSIEVE_benchmark_pipeline_ld_201/benchmark_results/simulated_data/results/data_type/no_cnv/0008/true_evo_events_genotypes_numeric	/raid/kang/DelSIEVE/simulation_results/IndelSIEVE_benchmark_pipeline_ld_201/benchmark_results/indelsieve/from_candidate/variant_calling/mt/no_cnv/smc_mudel_sa_stage_1/0008/indelsieve_mode_gaussian.genotypes	/raid/kang/DelSIEVE/simulation_results/IndelSIEVE_benchmark_pipeline_ld_201/benchmark_results/simulated_data/results/data_type/no_cnv/0008/true_evo_events_ternary_matrix.simple	/raid/kang/DelSIEVE/simulation_results/IndelSIEVE_benchmark_pipeline_ld_201/benchmark_results/indelsieve/from_candidate/variant_calling/mt/no_cnv/smc_mudel_sa_stage_1/0008/indelsieve_mode_gaussian.ternary	/raid/kang/DelSIEVE/simulation_results/IndelSIEVE_benchmark_pipeline_ld_201/benchmark_results/indelsieve/from_candidate/variant_calling/mt/no_cnv/smc_mudel_sa_stage_1/0008/indelsieve_mode_gaussian.probs	7761	103	36330	1926	0.801176834933416	0.9869023397761952	0.8843940516209903	0.0028271072928389	7761	103	37001	1255	0.8608030168589175	0.9869023397761952	0.9195497630331751	0.0027759810263044	7664	118	37051	1287	0.8562171824377165	0.9848368028784374	0.9160341839478874	0.0031746885845731	50	32	46023	15	0.7692307692307693	0.6097560975609756	0.6802721088435374	0.0006948214091846	65	103	0	15	0	0	23869	11	0.0	NA	0.0	NA	0	0	23880	0	NA	NA	0.0	NA	0	0	23880	0	NA	NA	0.0	NA	0	0	23869	11	0.0	NA	0.0	NA	11	0	0	0	0	0	23880	0	NA	NA	0.0	NA
40	5	20	0.001999	0.16334	1e-06	1e-07	0.0	0009	indelsieve	candidate_snvs	smc_mudel_sa_stage_1	mt	no_cnv	/raid/kang/DelSIEVE/simulation_results/IndelSIEVE_benchmark_pipeline_ld_201/benchmark_results/simulated_data/results/cell_names	/raid/kang/DelSIEVE/simulation_results/IndelSIEVE_benchmark_pipeline_ld_201/benchmark_results/indelsieve/from_candidate/variant_calling/mt/no_cnv/smc_mudel_sa_stage_1/0009/indelsieve_median.cell_names	/raid/kang/DelSIEVE/simulation_results/IndelSIEVE_benchmark_pipeline_ld_201/benchmark_results/simulated_data/results/data_type/no_cnv/0009/true_evo_events_sites_names	/raid/kang/DelSIEVE/simulation_results/IndelSIEVE_benchmark_pipeline_ld_201/benchmark_results/indelsieve/from_candidate/variant_calling/mt/no_cnv/smc_mudel_sa_stage_1/0009/indelsieve_median.loci_info	/raid/kang/DelSIEVE/simulation_results/IndelSIEVE_benchmark_pipeline_ld_201/benchmark_results/simulated_data/results/data_type/no_cnv/0009/true_evo_events_genotypes_numeric	/raid/kang/DelSIEVE/simulation_results/IndelSIEVE_benchmark_pipeline_ld_201/benchmark_results/indelsieve/from_candidate/variant_calling/mt/no_cnv/smc_mudel_sa_stage_1/0009/indelsieve_median.genotypes	/raid/kang/DelSIEVE/simulation_results/IndelSIEVE_benchmark_pipeline_ld_201/benchmark_results/simulated_data/results/data_type/no_cnv/0009/true_evo_events_ternary_matrix.simple	/raid/kang/DelSIEVE/simulation_results/IndelSIEVE_benchmark_pipeline_ld_201/benchmark_results/indelsieve/from_candidate/variant_calling/mt/no_cnv/smc_mudel_sa_stage_1/0009/indelsieve_median.ternary	/raid/kang/DelSIEVE/simulation_results/IndelSIEVE_benchmark_pipeline_ld_201/benchmark_results/indelsieve/from_candidate/variant_calling/mt/no_cnv/smc_mudel_sa_stage_1/0009/indelsieve_median.probs	6065	139	34520	1916	0.7599298333542163	0.9775950999355256	0.8551286570320762	0.004010502322629	6065	43	35411	1121	0.8440022265516282	0.9929600523903078	0.9124417030239206	0.0012128391718846	6007	50	35429	1154	0.8388493227202904	0.9917450883275548	0.9089120895748222	0.0014092843653992	16	35	42580	9	0.64	0.3137254901960784	0.4210526315789473	0.0008213070515076	25	43	2	7	0	96	17423	1	0.0	0.0	0.0054797648267595	NA	0	0	17520	0	NA	NA	0.0	NA	0	0	17520	0	NA	NA	0.0	NA	0	96	17423	1	0.0	0.0	0.0054797648267595	NA	1	0	0	0	0	0	17520	0	NA	NA	0.0	NA
40	5	20	0.001999	0.16334	1e-06	1e-07	0.0	0010	indelsieve	candidate_snvs	smc_mudel_sa_stage_1	mt	no_cnv	/raid/kang/DelSIEVE/simulation_results/IndelSIEVE_benchmark_pipeline_ld_201/benchmark_results/simulated_data/results/cell_names	/raid/kang/DelSIEVE/simulation_results/IndelSIEVE_benchmark_pipeline_ld_201/benchmark_results/indelsieve/from_candidate/variant_calling/mt/no_cnv/smc_mudel_sa_stage_1/0010/indelsieve_median.cell_names	/raid/kang/DelSIEVE/simulation_results/IndelSIEVE_benchmark_pipeline_ld_201/benchmark_results/simulated_data/results/data_type/no_cnv/0010/true_evo_events_sites_names	/raid/kang/DelSIEVE/simulation_results/IndelSIEVE_benchmark_pipeline_ld_201/benchmark_results/indelsieve/from_candidate/variant_calling/mt/no_cnv/smc_mudel_sa_stage_1/0010/indelsieve_median.loci_info	/raid/kang/DelSIEVE/simulation_results/IndelSIEVE_benchmark_pipeline_ld_201/benchmark_results/simulated_data/results/data_type/no_cnv/0010/true_evo_events_genotypes_numeric	/raid/kang/DelSIEVE/simulation_results/IndelSIEVE_benchmark_pipeline_ld_201/benchmark_results/indelsieve/from_candidate/variant_calling/mt/no_cnv/smc_mudel_sa_stage_1/0010/indelsieve_median.genotypes	/raid/kang/DelSIEVE/simulation_results/IndelSIEVE_benchmark_pipeline_ld_201/benchmark_results/simulated_data/results/data_type/no_cnv/0010/true_evo_events_ternary_matrix.simple	/raid/kang/DelSIEVE/simulation_results/IndelSIEVE_benchmark_pipeline_ld_201/benchmark_results/indelsieve/from_candidate/variant_calling/mt/no_cnv/smc_mudel_sa_stage_1/0010/indelsieve_median.ternary	/raid/kang/DelSIEVE/simulation_results/IndelSIEVE_benchmark_pipeline_ld_201/benchmark_results/indelsieve/from_candidate/variant_calling/mt/no_cnv/smc_mudel_sa_stage_1/0010/indelsieve_median.probs	5379	63	34295	1503	0.7816041848299913	0.9884233737596472	0.8729308666017528	0.0018336340881308	5351	63	34976	850	0.8629253346234478	0.9883635020317696	0.9213947481704692	0.0017979965181654	5297	69	35004	870	0.8589265445111075	0.987141259783824	0.918581461891962	0.0019673252929603	0	29	41203	8	0.0	0.0	NA	0.0007033372138145	8	63	2	6	40	7	20006	27	0.5970149253731343	0.851063829787234	0.0003497726477789	0.7017543859649124	0	0	20080	0	NA	NA	0.0	NA	12	7	20047	14	0.4615384615384615	0.631578947368421	0.0003490575446295	0.5333333333333333	28	0	20039	13	0.6829268292682927	1.0	0.0	0.8115942028985507	13	0	0	14	0	0	20080	0	NA	NA	0.0	NA
40	5	20	0.001999	0.16334	1e-06	1e-07	0.0	0001	sieve	candidate_snvs	smc_mu_ld_stage_1-smc_mu_ld_stage_2	mt	no_cnv	/raid/kang/DelSIEVE/simulation_results/IndelSIEVE_benchmark_pipeline_ld_201/benchmark_results/simulated_data/results/cell_names	/raid/kang/DelSIEVE/simulation_results/IndelSIEVE_benchmark_pipeline_ld_201/benchmark_results/indelsieve/from_candidate/variant_calling/stage2/mt/no_cnv/smc_mu_ld_stage_1-smc_mu_ld_stage_2/0001/indelsieve_median.cell_names	/raid/kang/DelSIEVE/simulation_results/IndelSIEVE_benchmark_pipeline_ld_201/benchmark_results/simulated_data/results/data_type/no_cnv/0001/true_evo_events_sites_names	/raid/kang/DelSIEVE/simulation_results/IndelSIEVE_benchmark_pipeline_ld_201/benchmark_results/indelsieve/from_candidate/variant_calling/stage2/mt/no_cnv/smc_mu_ld_stage_1-smc_mu_ld_stage_2/0001/indelsieve_median.loci_info	/raid/kang/DelSIEVE/simulation_results/IndelSIEVE_benchmark_pipeline_ld_201/benchmark_results/simulated_data/results/data_type/no_cnv/0001/true_evo_events_genotypes_numeric	/raid/kang/DelSIEVE/simulation_results/IndelSIEVE_benchmark_pipeline_ld_201/benchmark_results/indelsieve/from_candidate/variant_calling/stage2/mt/no_cnv/smc_mu_ld_stage_1-smc_mu_ld_stage_2/0001/indelsieve_median.genotypes	/raid/kang/DelSIEVE/simulation_results/IndelSIEVE_benchmark_pipeline_ld_201/benchmark_results/simulated_data/results/data_type/no_cnv/0001/true_evo_events_ternary_matrix.simple	/raid/kang/DelSIEVE/simulation_results/IndelSIEVE_benchmark_pipeline_ld_201/benchmark_results/indelsieve/from_candidate/variant_calling/stage2/mt/no_cnv/smc_mu_ld_stage_1-smc_mu_ld_stage_2/0001/indelsieve_median.ternary	/raid/kang/DelSIEVE/simulation_results/IndelSIEVE_benchmark_pipeline_ld_201/benchmark_results/indelsieve/from_candidate/variant_calling/stage2/mt/no_cnv/smc_mu_ld_stage_1-smc_mu_ld_stage_2/0001/indelsieve_median.probs	8856	101	40567	2196	0.8013029315960912	0.9887239030925532	0.885201659253336	0.0024835251303235	8855	102	41616	1144	0.8855885588558856	0.9886122585687172	0.9342688330871493	0.0024449877750611	8801	129	41638	1149	0.8845226130653266	0.9855543113101904	0.9323093220338984	0.0030885627409198	22	5	51664	26	0.4583333333333333	0.8148148148148148	0.5866666666666666	9.676982329830266e-05	48	101	0	26	0	0	22352	8	0.0	NA	0.0	NA	0	0	22360	0	NA	NA	0.0	NA	0	0	22359	1	0.0	NA	0.0	NA	0	0	22353	7	0.0	NA	0.0	NA	6	1	1	0	0	0	22360	0	NA	NA	0.0	NA
40	5	20	0.001999	0.16334	1e-06	1e-07	0.0	0001	sieve	candidate_snvs	smc_mu_sa_stage_1-smc_mu_sa_stage_2	mt	no_cnv	/raid/kang/DelSIEVE/simulation_results/IndelSIEVE_benchmark_pipeline_ld_201/benchmark_results/simulated_data/results/cell_names	/raid/kang/DelSIEVE/simulation_results/IndelSIEVE_benchmark_pipeline_ld_201/benchmark_results/indelsieve/from_candidate/variant_calling/stage2/mt/no_cnv/smc_mu_sa_stage_1-smc_mu_sa_stage_2/0001/indelsieve_median.cell_names	/raid/kang/DelSIEVE/simulation_results/IndelSIEVE_benchmark_pipeline_ld_201/benchmark_results/simulated_data/results/data_type/no_cnv/0001/true_evo_events_sites_names	/raid/kang/DelSIEVE/simulation_results/IndelSIEVE_benchmark_pipeline_ld_201/benchmark_results/indelsieve/from_candidate/variant_calling/stage2/mt/no_cnv/smc_mu_sa_stage_1-smc_mu_sa_stage_2/0001/indelsieve_median.loci_info	/raid/kang/DelSIEVE/simulation_results/IndelSIEVE_benchmark_pipeline_ld_201/benchmark_results/simulated_data/results/data_type/no_cnv/0001/true_evo_events_genotypes_numeric	/raid/kang/DelSIEVE/simulation_results/IndelSIEVE_benchmark_pipeline_ld_201/benchmark_results/indelsieve/from_candidate/variant_calling/stage2/mt/no_cnv/smc_mu_sa_stage_1-smc_mu_sa_stage_2/0001/indelsieve_median.genotypes	/raid/kang/DelSIEVE/simulation_results/IndelSIEVE_benchmark_pipeline_ld_201/benchmark_results/simulated_data/results/data_type/no_cnv/0001/true_evo_events_ternary_matrix.simple	/raid/kang/DelSIEVE/simulation_results/IndelSIEVE_benchmark_pipeline_ld_201/benchmark_results/indelsieve/from_candidate/variant_calling/stage2/mt/no_cnv/smc_mu_sa_stage_1-smc_mu_sa_stage_2/0001/indelsieve_median.ternary	/raid/kang/DelSIEVE/simulation_results/IndelSIEVE_benchmark_pipeline_ld_201/benchmark_results/indelsieve/from_candidate/variant_calling/stage2/mt/no_cnv/smc_mu_sa_stage_1-smc_mu_sa_stage_2/0001/indelsieve_median.probs	8849	99	40569	2203	0.8006695620702136	0.9889360751005812	0.8849	0.0024343464148716	8848	100	41618	1151	0.8848884888488849	0.9888243182834152	0.933973716155592	0.0023970468382952	8789	127	41640	1161	0.8833165829145728	0.9857559443696724	0.9317290363617088	0.0030406780472621	22	10	51659	26	0.4583333333333333	0.6875	0.5499999999999999	0.0001935396465966	48	99	0	26	0	0	22352	8	0.0	NA	0.0	NA	0	0	22360	0	NA	NA	0.0	NA	0	0	22359	1	0.0	NA	0.0	NA	0	0	22353	7	0.0	NA	0.0	NA	6	1	1	0	0	0	22360	0	NA	NA	0.0	NA
40	5	20	0.001999	0.16334	1e-06	1e-07	0.0	0001	indelsieve	candidate_snvs	smc_mudel_ld_stage_1-smc_mudel_ld_stage_2	mt	no_cnv	/raid/kang/DelSIEVE/simulation_results/IndelSIEVE_benchmark_pipeline_ld_201/benchmark_results/simulated_data/results/cell_names	/raid/kang/DelSIEVE/simulation_results/IndelSIEVE_benchmark_pipeline_ld_201/benchmark_results/indelsieve/from_candidate/variant_calling/stage2/mt/no_cnv/smc_mudel_ld_stage_1-smc_mudel_ld_stage_2/0001/indelsieve_median.cell_names	/raid/kang/DelSIEVE/simulation_results/IndelSIEVE_benchmark_pipeline_ld_201/benchmark_results/simulated_data/results/data_type/no_cnv/0001/true_evo_events_sites_names	/raid/kang/DelSIEVE/simulation_results/IndelSIEVE_benchmark_pipeline_ld_201/benchmark_results/indelsieve/from_candidate/variant_calling/stage2/mt/no_cnv/smc_mudel_ld_stage_1-smc_mudel_ld_stage_2/0001/indelsieve_median.loci_info	/raid/kang/DelSIEVE/simulation_results/IndelSIEVE_benchmark_pipeline_ld_201/benchmark_results/simulated_data/results/data_type/no_cnv/0001/true_evo_events_genotypes_numeric	/raid/kang/DelSIEVE/simulation_results/IndelSIEVE_benchmark_pipeline_ld_201/benchmark_results/indelsieve/from_candidate/variant_calling/stage2/mt/no_cnv/smc_mudel_ld_stage_1-smc_mudel_ld_stage_2/0001/indelsieve_median.genotypes	/raid/kang/DelSIEVE/simulation_results/IndelSIEVE_benchmark_pipeline_ld_201/benchmark_results/simulated_data/results/data_type/no_cnv/0001/true_evo_events_ternary_matrix.simple	/raid/kang/DelSIEVE/simulation_results/IndelSIEVE_benchmark_pipeline_ld_201/benchmark_results/indelsieve/from_candidate/variant_calling/stage2/mt/no_cnv/smc_mudel_ld_stage_1-smc_mudel_ld_stage_2/0001/indelsieve_median.ternary	/raid/kang/DelSIEVE/simulation_results/IndelSIEVE_benchmark_pipeline_ld_201/benchmark_results/indelsieve/from_candidate/variant_calling/stage2/mt/no_cnv/smc_mudel_ld_stage_1-smc_mudel_ld_stage_2/0001/indelsieve_median.probs	8855	101	40567	2197	0.8012124502352516	0.9887226440375168	0.8851459416233506	0.0024835251303235	8854	102	41616	1145	0.8854885488548855	0.9886109870477892	0.9342126088103402	0.0024449877750611	8800	129	41638	1150	0.8844221105527639	0.9855526934707134	0.932252767625404	0.0030885627409198	22	5	51664	26	0.4583333333333333	0.8148148148148148	0.5866666666666666	9.676982329830266e-05	48	101	0	26	0	0	22352	8	0.0	NA	0.0	NA	0	0	22360	0	NA	NA	0.0	NA	0	0	22359	1	0.0	NA	0.0	NA	0	0	22353	7	0.0	NA	0.0	NA	6	1	1	0	0	0	22360	0	NA	NA	0.0	NA
40	5	20	0.001999	0.16334	1e-06	1e-07	0.0	0001	indelsieve	candidate_snvs	smc_mudel_sa_stage_1-smc_mudel_sa_stage_2	mt	no_cnv	/raid/kang/DelSIEVE/simulation_results/IndelSIEVE_benchmark_pipeline_ld_201/benchmark_results/simulated_data/results/cell_names	/raid/kang/DelSIEVE/simulation_results/IndelSIEVE_benchmark_pipeline_ld_201/benchmark_results/indelsieve/from_candidate/variant_calling/stage2/mt/no_cnv/smc_mudel_sa_stage_1-smc_mudel_sa_stage_2/0001/indelsieve_median.cell_names	/raid/kang/DelSIEVE/simulation_results/IndelSIEVE_benchmark_pipeline_ld_201/benchmark_results/simulated_data/results/data_type/no_cnv/0001/true_evo_events_sites_names	/raid/kang/DelSIEVE/simulation_results/IndelSIEVE_benchmark_pipeline_ld_201/benchmark_results/indelsieve/from_candidate/variant_calling/stage2/mt/no_cnv/smc_mudel_sa_stage_1-smc_mudel_sa_stage_2/0001/indelsieve_median.loci_info	/raid/kang/DelSIEVE/simulation_results/IndelSIEVE_benchmark_pipeline_ld_201/benchmark_results/simulated_data/results/data_type/no_cnv/0001/true_evo_events_genotypes_numeric	/raid/kang/DelSIEVE/simulation_results/IndelSIEVE_benchmark_pipeline_ld_201/benchmark_results/indelsieve/from_candidate/variant_calling/stage2/mt/no_cnv/smc_mudel_sa_stage_1-smc_mudel_sa_stage_2/0001/indelsieve_median.genotypes	/raid/kang/DelSIEVE/simulation_results/IndelSIEVE_benchmark_pipeline_ld_201/benchmark_results/simulated_data/results/data_type/no_cnv/0001/true_evo_events_ternary_matrix.simple	/raid/kang/DelSIEVE/simulation_results/IndelSIEVE_benchmark_pipeline_ld_201/benchmark_results/indelsieve/from_candidate/variant_calling/stage2/mt/no_cnv/smc_mudel_sa_stage_1-smc_mudel_sa_stage_2/0001/indelsieve_median.ternary	/raid/kang/DelSIEVE/simulation_results/IndelSIEVE_benchmark_pipeline_ld_201/benchmark_results/indelsieve/from_candidate/variant_calling/stage2/mt/no_cnv/smc_mudel_sa_stage_1-smc_mudel_sa_stage_2/0001/indelsieve_median.probs	8849	100	40568	2203	0.8006695620702136	0.9888255671024696	0.8848557572121394	0.0024589357725976	8848	101	41617	1151	0.8848884888488849	0.9887138227734944	0.9339244247413976	0.0024210173066781	8789	128	41639	1161	0.8833165829145728	0.985645396433778	0.9316796523029628	0.003064620394091	22	10	51659	26	0.4583333333333333	0.6875	0.5499999999999999	0.0001935396465966	48	100	0	26	0	0	22352	8	0.0	NA	0.0	NA	0	0	22360	0	NA	NA	0.0	NA	0	0	22359	1	0.0	NA	0.0	NA	0	0	22353	7	0.0	NA	0.0	NA	6	1	1	0	0	0	22360	0	NA	NA	0.0	NA
40	5	20	0.001999	0.16334	1e-06	1e-07	0.0	0002	sieve	candidate_snvs	smc_mu_ld_stage_1-smc_mu_ld_stage_2	mt	no_cnv	/raid/kang/DelSIEVE/simulation_results/IndelSIEVE_benchmark_pipeline_ld_201/benchmark_results/simulated_data/results/cell_names	/raid/kang/DelSIEVE/simulation_results/IndelSIEVE_benchmark_pipeline_ld_201/benchmark_results/indelsieve/from_candidate/variant_calling/stage2/mt/no_cnv/smc_mu_ld_stage_1-smc_mu_ld_stage_2/0002/indelsieve_median.cell_names	/raid/kang/DelSIEVE/simulation_results/IndelSIEVE_benchmark_pipeline_ld_201/benchmark_results/simulated_data/results/data_type/no_cnv/0002/true_evo_events_sites_names	/raid/kang/DelSIEVE/simulation_results/IndelSIEVE_benchmark_pipeline_ld_201/benchmark_results/indelsieve/from_candidate/variant_calling/stage2/mt/no_cnv/smc_mu_ld_stage_1-smc_mu_ld_stage_2/0002/indelsieve_median.loci_info	/raid/kang/DelSIEVE/simulation_results/IndelSIEVE_benchmark_pipeline_ld_201/benchmark_results/simulated_data/results/data_type/no_cnv/0002/true_evo_events_genotypes_numeric	/raid/kang/DelSIEVE/simulation_results/IndelSIEVE_benchmark_pipeline_ld_201/benchmark_results/indelsieve/from_candidate/variant_calling/stage2/mt/no_cnv/smc_mu_ld_stage_1-smc_mu_ld_stage_2/0002/indelsieve_median.genotypes	/raid/kang/DelSIEVE/simulation_results/IndelSIEVE_benchmark_pipeline_ld_201/benchmark_results/simulated_data/results/data_type/no_cnv/0002/true_evo_events_ternary_matrix.simple	/raid/kang/DelSIEVE/simulation_results/IndelSIEVE_benchmark_pipeline_ld_201/benchmark_results/indelsieve/from_candidate/variant_calling/stage2/mt/no_cnv/smc_mu_ld_stage_1-smc_mu_ld_stage_2/0002/indelsieve_median.ternary	/raid/kang/DelSIEVE/simulation_results/IndelSIEVE_benchmark_pipeline_ld_201/benchmark_results/indelsieve/from_candidate/variant_calling/stage2/mt/no_cnv/smc_mu_ld_stage_1-smc_mu_ld_stage_2/0002/indelsieve_median.probs	9971	67	40535	2587	0.7939958592132506	0.9933253636182506	0.8825455832890777	0.0016501650165016	9971	67	41962	1159	0.8958670260557053	0.9933253636182506	0.94208238851096	0.0015941373813319	9900	79	42018	1162	0.8949557042126198	0.9920833750876842	0.94101991350221	0.0018766182863386	40	19	53090	10	0.8	0.6779661016949152	0.7339449541284404	0.0003577548061533	50	67	0	10	0	0	27651	69	0.0	NA	0.0	NA	0	0	27720	0	NA	NA	0.0	NA	0	0	27702	18	0.0	NA	0.0	NA	0	0	27669	51	0.0	NA	0.0	NA	51	0	2	16	0	0	27720	0	NA	NA	0.0	NA
40	5	20	0.001999	0.16334	1e-06	1e-07	0.0	0002	sieve	candidate_snvs	smc_mu_sa_stage_1-smc_mu_sa_stage_2	mt	no_cnv	/raid/kang/DelSIEVE/simulation_results/IndelSIEVE_benchmark_pipeline_ld_201/benchmark_results/simulated_data/results/cell_names	/raid/kang/DelSIEVE/simulation_results/IndelSIEVE_benchmark_pipeline_ld_201/benchmark_results/indelsieve/from_candidate/variant_calling/stage2/mt/no_cnv/smc_mu_sa_stage_1-smc_mu_sa_stage_2/0002/indelsieve_median.cell_names	/raid/kang/DelSIEVE/simulation_results/IndelSIEVE_benchmark_pipeline_ld_201/benchmark_results/simulated_data/results/data_type/no_cnv/0002/true_evo_events_sites_names	/raid/kang/DelSIEVE/simulation_results/IndelSIEVE_benchmark_pipeline_ld_201/benchmark_results/indelsieve/from_candidate/variant_calling/stage2/mt/no_cnv/smc_mu_sa_stage_1-smc_mu_sa_stage_2/0002/indelsieve_median.loci_info	/raid/kang/DelSIEVE/simulation_results/IndelSIEVE_benchmark_pipeline_ld_201/benchmark_results/simulated_data/results/data_type/no_cnv/0002/true_evo_events_genotypes_numeric	/raid/kang/DelSIEVE/simulation_results/IndelSIEVE_benchmark_pipeline_ld_201/benchmark_results/indelsieve/from_candidate/variant_calling/stage2/mt/no_cnv/smc_mu_sa_stage_1-smc_mu_sa_stage_2/0002/indelsieve_median.genotypes	/raid/kang/DelSIEVE/simulation_results/IndelSIEVE_benchmark_pipeline_ld_201/benchmark_results/simulated_data/results/data_type/no_cnv/0002/true_evo_events_ternary_matrix.simple	/raid/kang/DelSIEVE/simulation_results/IndelSIEVE_benchmark_pipeline_ld_201/benchmark_results/indelsieve/from_candidate/variant_calling/stage2/mt/no_cnv/smc_mu_sa_stage_1-smc_mu_sa_stage_2/0002/indelsieve_median.ternary	/raid/kang/DelSIEVE/simulation_results/IndelSIEVE_benchmark_pipeline_ld_201/benchmark_results/indelsieve/from_candidate/variant_calling/stage2/mt/no_cnv/smc_mu_sa_stage_1-smc_mu_sa_stage_2/0002/indelsieve_median.probs	9978	73	40529	2580	0.7945532728141423	0.9927370410904388	0.882657348843381	0.0017979409881286	9978	73	41956	1152	0.8964959568733154	0.9927370410904388	0.9421651480100092	0.0017368959527944	9907	85	42012	1155	0.8955885011751944	0.9914931945556446	0.9411038282511636	0.002019146257453	40	19	53090	10	0.8	0.6779661016949152	0.7339449541284404	0.0003577548061533	50	73	0	10	0	0	27651	69	0.0	NA	0.0	NA	0	0	27720	0	NA	NA	0.0	NA	0	0	27702	18	0.0	NA	0.0	NA	0	0	27669	51	0.0	NA	0.0	NA	51	0	2	16	0	0	27720	0	NA	NA	0.0	NA
40	5	20	0.001999	0.16334	1e-06	1e-07	0.0	0002	indelsieve	candidate_snvs	smc_mudel_ld_stage_1-smc_mudel_ld_stage_2	mt	no_cnv	/raid/kang/DelSIEVE/simulation_results/IndelSIEVE_benchmark_pipeline_ld_201/benchmark_results/simulated_data/results/cell_names	/raid/kang/DelSIEVE/simulation_results/IndelSIEVE_benchmark_pipeline_ld_201/benchmark_results/indelsieve/from_candidate/variant_calling/stage2/mt/no_cnv/smc_mudel_ld_stage_1-smc_mudel_ld_stage_2/0002/indelsieve_median.cell_names	/raid/kang/DelSIEVE/simulation_results/IndelSIEVE_benchmark_pipeline_ld_201/benchmark_results/simulated_data/results/data_type/no_cnv/0002/true_evo_events_sites_names	/raid/kang/DelSIEVE/simulation_results/IndelSIEVE_benchmark_pipeline_ld_201/benchmark_results/indelsieve/from_candidate/variant_calling/stage2/mt/no_cnv/smc_mudel_ld_stage_1-smc_mudel_ld_stage_2/0002/indelsieve_median.loci_info	/raid/kang/DelSIEVE/simulation_results/IndelSIEVE_benchmark_pipeline_ld_201/benchmark_results/simulated_data/results/data_type/no_cnv/0002/true_evo_events_genotypes_numeric	/raid/kang/DelSIEVE/simulation_results/IndelSIEVE_benchmark_pipeline_ld_201/benchmark_results/indelsieve/from_candidate/variant_calling/stage2/mt/no_cnv/smc_mudel_ld_stage_1-smc_mudel_ld_stage_2/0002/indelsieve_median.genotypes	/raid/kang/DelSIEVE/simulation_results/IndelSIEVE_benchmark_pipeline_ld_201/benchmark_results/simulated_data/results/data_type/no_cnv/0002/true_evo_events_ternary_matrix.simple	/raid/kang/DelSIEVE/simulation_results/IndelSIEVE_benchmark_pipeline_ld_201/benchmark_results/indelsieve/from_candidate/variant_calling/stage2/mt/no_cnv/smc_mudel_ld_stage_1-smc_mudel_ld_stage_2/0002/indelsieve_median.ternary	/raid/kang/DelSIEVE/simulation_results/IndelSIEVE_benchmark_pipeline_ld_201/benchmark_results/indelsieve/from_candidate/variant_calling/stage2/mt/no_cnv/smc_mudel_ld_stage_1-smc_mudel_ld_stage_2/0002/indelsieve_median.probs	9968	65	40537	2590	0.7937569676700111	0.9935213794478222	0.8824753220308973	0.0016009063592926	9968	65	41964	1162	0.8955974842767296	0.9935213794478222	0.9420214525350848	0.0015465511908444	9897	77	42020	1165	0.8946845055143735	0.992279927812312	0.9409583571021106	0.0018291089626339	40	19	53090	10	0.8	0.6779661016949152	0.7339449541284404	0.0003577548061533	50	65	0	10	0	0	27651	69	0.0	NA	0.0	NA	0	0	27720	0	NA	NA	0.0	NA	0	0	27702	18	0.0	NA	0.0	NA	0	0	27669	51	0.0	NA	0.0	NA	51	0	2	16	0	0	27720	0	NA	NA	0.0	NA
40	5	20	0.001999	0.16334	1e-06	1e-07	0.0	0002	indelsieve	candidate_snvs	smc_mudel_sa_stage_1-smc_mudel_sa_stage_2	mt	no_cnv	/raid/kang/DelSIEVE/simulation_results/IndelSIEVE_benchmark_pipeline_ld_201/benchmark_results/simulated_data/results/cell_names	/raid/kang/DelSIEVE/simulation_results/IndelSIEVE_benchmark_pipeline_ld_201/benchmark_results/indelsieve/from_candidate/variant_calling/stage2/mt/no_cnv/smc_mudel_sa_stage_1-smc_mudel_sa_stage_2/0002/indelsieve_median.cell_names	/raid/kang/DelSIEVE/simulation_results/IndelSIEVE_benchmark_pipeline_ld_201/benchmark_results/simulated_data/results/data_type/no_cnv/0002/true_evo_events_sites_names	/raid/kang/DelSIEVE/simulation_results/IndelSIEVE_benchmark_pipeline_ld_201/benchmark_results/indelsieve/from_candidate/variant_calling/stage2/mt/no_cnv/smc_mudel_sa_stage_1-smc_mudel_sa_stage_2/0002/indelsieve_median.loci_info	/raid/kang/DelSIEVE/simulation_results/IndelSIEVE_benchmark_pipeline_ld_201/benchmark_results/simulated_data/results/data_type/no_cnv/0002/true_evo_events_genotypes_numeric	/raid/kang/DelSIEVE/simulation_results/IndelSIEVE_benchmark_pipeline_ld_201/benchmark_results/indelsieve/from_candidate/variant_calling/stage2/mt/no_cnv/smc_mudel_sa_stage_1-smc_mudel_sa_stage_2/0002/indelsieve_median.genotypes	/raid/kang/DelSIEVE/simulation_results/IndelSIEVE_benchmark_pipeline_ld_201/benchmark_results/simulated_data/results/data_type/no_cnv/0002/true_evo_events_ternary_matrix.simple	/raid/kang/DelSIEVE/simulation_results/IndelSIEVE_benchmark_pipeline_ld_201/benchmark_results/indelsieve/from_candidate/variant_calling/stage2/mt/no_cnv/smc_mudel_sa_stage_1-smc_mudel_sa_stage_2/0002/indelsieve_median.ternary	/raid/kang/DelSIEVE/simulation_results/IndelSIEVE_benchmark_pipeline_ld_201/benchmark_results/indelsieve/from_candidate/variant_calling/stage2/mt/no_cnv/smc_mudel_sa_stage_1-smc_mudel_sa_stage_2/0002/indelsieve_median.probs	9979	73	40529	2579	0.7946329033285555	0.9927377636291286	0.8827067669172933	0.0017979409881286	9979	73	41956	1151	0.896585804132974	0.9927377636291286	0.942215088282504	0.0017368959527944	9908	85	42012	1154	0.8956789007412764	0.9914940458320824	0.9411541201614818	0.002019146257453	40	19	53090	10	0.8	0.6779661016949152	0.7339449541284404	0.0003577548061533	50	73	0	10	0	0	27651	69	0.0	NA	0.0	NA	0	0	27720	0	NA	NA	0.0	NA	0	0	27702	18	0.0	NA	0.0	NA	0	0	27669	51	0.0	NA	0.0	NA	51	0	2	16	0	0	27720	0	NA	NA	0.0	NA
40	5	20	0.001999	0.16334	1e-06	1e-07	0.0	0003	sieve	candidate_snvs	smc_mu_ld_stage_1-smc_mu_ld_stage_2	mt	no_cnv	/raid/kang/DelSIEVE/simulation_results/IndelSIEVE_benchmark_pipeline_ld_201/benchmark_results/simulated_data/results/cell_names	/raid/kang/DelSIEVE/simulation_results/IndelSIEVE_benchmark_pipeline_ld_201/benchmark_results/indelsieve/from_candidate/variant_calling/stage2/mt/no_cnv/smc_mu_ld_stage_1-smc_mu_ld_stage_2/0003/indelsieve_median.cell_names	/raid/kang/DelSIEVE/simulation_results/IndelSIEVE_benchmark_pipeline_ld_201/benchmark_results/simulated_data/results/data_type/no_cnv/0003/true_evo_events_sites_names	/raid/kang/DelSIEVE/simulation_results/IndelSIEVE_benchmark_pipeline_ld_201/benchmark_results/indelsieve/from_candidate/variant_calling/stage2/mt/no_cnv/smc_mu_ld_stage_1-smc_mu_ld_stage_2/0003/indelsieve_median.loci_info	/raid/kang/DelSIEVE/simulation_results/IndelSIEVE_benchmark_pipeline_ld_201/benchmark_results/simulated_data/results/data_type/no_cnv/0003/true_evo_events_genotypes_numeric	/raid/kang/DelSIEVE/simulation_results/IndelSIEVE_benchmark_pipeline_ld_201/benchmark_results/indelsieve/from_candidate/variant_calling/stage2/mt/no_cnv/smc_mu_ld_stage_1-smc_mu_ld_stage_2/0003/indelsieve_median.genotypes	/raid/kang/DelSIEVE/simulation_results/IndelSIEVE_benchmark_pipeline_ld_201/benchmark_results/simulated_data/results/data_type/no_cnv/0003/true_evo_events_ternary_matrix.simple	/raid/kang/DelSIEVE/simulation_results/IndelSIEVE_benchmark_pipeline_ld_201/benchmark_results/indelsieve/from_candidate/variant_calling/stage2/mt/no_cnv/smc_mu_ld_stage_1-smc_mu_ld_stage_2/0003/indelsieve_median.ternary	/raid/kang/DelSIEVE/simulation_results/IndelSIEVE_benchmark_pipeline_ld_201/benchmark_results/indelsieve/from_candidate/variant_calling/stage2/mt/no_cnv/smc_mu_ld_stage_1-smc_mu_ld_stage_2/0003/indelsieve_median.probs	5977	53	36825	1705	0.7780525904712314	0.9912106135986734	0.8717911318553092	0.0014371712131894	5977	53	37440	1089	0.8458816869515992	0.9912106135986734	0.9127978008552232	0.0014135972048115	5950	58	37451	1100	0.8439716312056738	0.99034620505992	0.911318731811916	0.0015462955557332	11	11	44532	5	0.6875	0.5	0.5789473684210527	0.0002469523830904	16	53	0	5	0	0	19770	30	0.0	NA	0.0	NA	0	0	19800	0	NA	NA	0.0	NA	0	0	19800	0	NA	NA	0.0	NA	0	0	19770	30	0.0	NA	0.0	NA	30	0	0	0	0	0	19800	0	NA	NA	0.0	NA
40	5	20	0.001999	0.16334	1e-06	1e-07	0.0	0003	sieve	candidate_snvs	smc_mu_sa_stage_1-smc_mu_sa_stage_2	mt	no_cnv	/raid/kang/DelSIEVE/simulation_results/IndelSIEVE_benchmark_pipeline_ld_201/benchmark_results/simulated_data/results/cell_names	/raid/kang/DelSIEVE/simulation_results/IndelSIEVE_benchmark_pipeline_ld_201/benchmark_results/indelsieve/from_candidate/variant_calling/stage2/mt/no_cnv/smc_mu_sa_stage_1-smc_mu_sa_stage_2/0003/indelsieve_median.cell_names	/raid/kang/DelSIEVE/simulation_results/IndelSIEVE_benchmark_pipeline_ld_201/benchmark_results/simulated_data/results/data_type/no_cnv/0003/true_evo_events_sites_names	/raid/kang/DelSIEVE/simulation_results/IndelSIEVE_benchmark_pipeline_ld_201/benchmark_results/indelsieve/from_candidate/variant_calling/stage2/mt/no_cnv/smc_mu_sa_stage_1-smc_mu_sa_stage_2/0003/indelsieve_median.loci_info	/raid/kang/DelSIEVE/simulation_results/IndelSIEVE_benchmark_pipeline_ld_201/benchmark_results/simulated_data/results/data_type/no_cnv/0003/true_evo_events_genotypes_numeric	/raid/kang/DelSIEVE/simulation_results/IndelSIEVE_benchmark_pipeline_ld_201/benchmark_results/indelsieve/from_candidate/variant_calling/stage2/mt/no_cnv/smc_mu_sa_stage_1-smc_mu_sa_stage_2/0003/indelsieve_median.genotypes	/raid/kang/DelSIEVE/simulation_results/IndelSIEVE_benchmark_pipeline_ld_201/benchmark_results/simulated_data/results/data_type/no_cnv/0003/true_evo_events_ternary_matrix.simple	/raid/kang/DelSIEVE/simulation_results/IndelSIEVE_benchmark_pipeline_ld_201/benchmark_results/indelsieve/from_candidate/variant_calling/stage2/mt/no_cnv/smc_mu_sa_stage_1-smc_mu_sa_stage_2/0003/indelsieve_median.ternary	/raid/kang/DelSIEVE/simulation_results/IndelSIEVE_benchmark_pipeline_ld_201/benchmark_results/indelsieve/from_candidate/variant_calling/stage2/mt/no_cnv/smc_mu_sa_stage_1-smc_mu_sa_stage_2/0003/indelsieve_median.probs	6002	59	36819	1680	0.7813069513147618	0.9902656327338722	0.8734628538164884	0.0015998698410976	6002	59	37434	1064	0.8494197565808095	0.9902656327338722	0.9144511312561896	0.0015736270770543	5975	64	37445	1075	0.8475177304964538	0.9894022189104156	0.912980365192146	0.001706257164947	11	11	44532	5	0.6875	0.5	0.5789473684210527	0.0002469523830904	16	59	0	5	0	0	19770	30	0.0	NA	0.0	NA	0	0	19800	0	NA	NA	0.0	NA	0	0	19800	0	NA	NA	0.0	NA	0	0	19770	30	0.0	NA	0.0	NA	30	0	0	0	0	0	19800	0	NA	NA	0.0	NA
40	5	20	0.001999	0.16334	1e-06	1e-07	0.0	0003	indelsieve	candidate_snvs	smc_mudel_ld_stage_1-smc_mudel_ld_stage_2	mt	no_cnv	/raid/kang/DelSIEVE/simulation_results/IndelSIEVE_benchmark_pipeline_ld_201/benchmark_results/simulated_data/results/cell_names	/raid/kang/DelSIEVE/simulation_results/IndelSIEVE_benchmark_pipeline_ld_201/benchmark_results/indelsieve/from_candidate/variant_calling/stage2/mt/no_cnv/smc_mudel_ld_stage_1-smc_mudel_ld_stage_2/0003/indelsieve_median.cell_names	/raid/kang/DelSIEVE/simulation_results/IndelSIEVE_benchmark_pipeline_ld_201/benchmark_results/simulated_data/results/data_type/no_cnv/0003/true_evo_events_sites_names	/raid/kang/DelSIEVE/simulation_results/IndelSIEVE_benchmark_pipeline_ld_201/benchmark_results/indelsieve/from_candidate/variant_calling/stage2/mt/no_cnv/smc_mudel_ld_stage_1-smc_mudel_ld_stage_2/0003/indelsieve_median.loci_info	/raid/kang/DelSIEVE/simulation_results/IndelSIEVE_benchmark_pipeline_ld_201/benchmark_results/simulated_data/results/data_type/no_cnv/0003/true_evo_events_genotypes_numeric	/raid/kang/DelSIEVE/simulation_results/IndelSIEVE_benchmark_pipeline_ld_201/benchmark_results/indelsieve/from_candidate/variant_calling/stage2/mt/no_cnv/smc_mudel_ld_stage_1-smc_mudel_ld_stage_2/0003/indelsieve_median.genotypes	/raid/kang/DelSIEVE/simulation_results/IndelSIEVE_benchmark_pipeline_ld_201/benchmark_results/simulated_data/results/data_type/no_cnv/0003/true_evo_events_ternary_matrix.simple	/raid/kang/DelSIEVE/simulation_results/IndelSIEVE_benchmark_pipeline_ld_201/benchmark_results/indelsieve/from_candidate/variant_calling/stage2/mt/no_cnv/smc_mudel_ld_stage_1-smc_mudel_ld_stage_2/0003/indelsieve_median.ternary	/raid/kang/DelSIEVE/simulation_results/IndelSIEVE_benchmark_pipeline_ld_201/benchmark_results/indelsieve/from_candidate/variant_calling/stage2/mt/no_cnv/smc_mudel_ld_stage_1-smc_mudel_ld_stage_2/0003/indelsieve_median.probs	5974	52	36826	1708	0.7776620671700079	0.9913707268503154	0.8716078202509483	0.0014100547752047	5974	52	37441	1092	0.845457118596094	0.9913707268503154	0.912618392911702	0.0013869255594377	5947	57	37452	1103	0.8435460992907802	0.990506329113924	0.911138348398958	0.0015196352875309	11	11	44532	5	0.6875	0.5	0.5789473684210527	0.0002469523830904	16	52	0	5	0	0	19770	30	0.0	NA	0.0	NA	0	0	19800	0	NA	NA	0.0	NA	0	0	19800	0	NA	NA	0.0	NA	0	0	19770	30	0.0	NA	0.0	NA	30	0	0	0	0	0	19800	0	NA	NA	0.0	NA
40	5	20	0.001999	0.16334	1e-06	1e-07	0.0	0003	indelsieve	candidate_snvs	smc_mudel_sa_stage_1-smc_mudel_sa_stage_2	mt	no_cnv	/raid/kang/DelSIEVE/simulation_results/IndelSIEVE_benchmark_pipeline_ld_201/benchmark_results/simulated_data/results/cell_names	/raid/kang/DelSIEVE/simulation_results/IndelSIEVE_benchmark_pipeline_ld_201/benchmark_results/indelsieve/from_candidate/variant_calling/stage2/mt/no_cnv/smc_mudel_sa_stage_1-smc_mudel_sa_stage_2/0003/indelsieve_median.cell_names	/raid/kang/DelSIEVE/simulation_results/IndelSIEVE_benchmark_pipeline_ld_201/benchmark_results/simulated_data/results/data_type/no_cnv/0003/true_evo_events_sites_names	/raid/kang/DelSIEVE/simulation_results/IndelSIEVE_benchmark_pipeline_ld_201/benchmark_results/indelsieve/from_candidate/variant_calling/stage2/mt/no_cnv/smc_mudel_sa_stage_1-smc_mudel_sa_stage_2/0003/indelsieve_median.loci_info	/raid/kang/DelSIEVE/simulation_results/IndelSIEVE_benchmark_pipeline_ld_201/benchmark_results/simulated_data/results/data_type/no_cnv/0003/true_evo_events_genotypes_numeric	/raid/kang/DelSIEVE/simulation_results/IndelSIEVE_benchmark_pipeline_ld_201/benchmark_results/indelsieve/from_candidate/variant_calling/stage2/mt/no_cnv/smc_mudel_sa_stage_1-smc_mudel_sa_stage_2/0003/indelsieve_median.genotypes	/raid/kang/DelSIEVE/simulation_results/IndelSIEVE_benchmark_pipeline_ld_201/benchmark_results/simulated_data/results/data_type/no_cnv/0003/true_evo_events_ternary_matrix.simple	/raid/kang/DelSIEVE/simulation_results/IndelSIEVE_benchmark_pipeline_ld_201/benchmark_results/indelsieve/from_candidate/variant_calling/stage2/mt/no_cnv/smc_mudel_sa_stage_1-smc_mudel_sa_stage_2/0003/indelsieve_median.ternary	/raid/kang/DelSIEVE/simulation_results/IndelSIEVE_benchmark_pipeline_ld_201/benchmark_results/indelsieve/from_candidate/variant_calling/stage2/mt/no_cnv/smc_mudel_sa_stage_1-smc_mudel_sa_stage_2/0003/indelsieve_median.probs	5993	55	36823	1689	0.7801353814110908	0.9909060846560848	0.872978878368536	0.0014914040891588	5993	55	37438	1073	0.8481460515142938	0.9909060846560848	0.913985054140613	0.0014669404955591	5966	60	37449	1084	0.8462411347517731	0.9900431463657484	0.912511471397981	0.0015996160921378	11	11	44532	5	0.6875	0.5	0.5789473684210527	0.0002469523830904	16	55	0	5	0	0	19770	30	0.0	NA	0.0	NA	0	0	19800	0	NA	NA	0.0	NA	0	0	19800	0	NA	NA	0.0	NA	0	0	19770	30	0.0	NA	0.0	NA	30	0	0	0	0	0	19800	0	NA	NA	0.0	NA
40	5	20	0.001999	0.16334	1e-06	1e-07	0.0	0004	sieve	candidate_snvs	smc_mu_ld_stage_1-smc_mu_ld_stage_2	mt	no_cnv	/raid/kang/DelSIEVE/simulation_results/IndelSIEVE_benchmark_pipeline_ld_201/benchmark_results/simulated_data/results/cell_names	/raid/kang/DelSIEVE/simulation_results/IndelSIEVE_benchmark_pipeline_ld_201/benchmark_results/indelsieve/from_candidate/variant_calling/stage2/mt/no_cnv/smc_mu_ld_stage_1-smc_mu_ld_stage_2/0004/indelsieve_median.cell_names	/raid/kang/DelSIEVE/simulation_results/IndelSIEVE_benchmark_pipeline_ld_201/benchmark_results/simulated_data/results/data_type/no_cnv/0004/true_evo_events_sites_names	/raid/kang/DelSIEVE/simulation_results/IndelSIEVE_benchmark_pipeline_ld_201/benchmark_results/indelsieve/from_candidate/variant_calling/stage2/mt/no_cnv/smc_mu_ld_stage_1-smc_mu_ld_stage_2/0004/indelsieve_median.loci_info	/raid/kang/DelSIEVE/simulation_results/IndelSIEVE_benchmark_pipeline_ld_201/benchmark_results/simulated_data/results/data_type/no_cnv/0004/true_evo_events_genotypes_numeric	/raid/kang/DelSIEVE/simulation_results/IndelSIEVE_benchmark_pipeline_ld_201/benchmark_results/indelsieve/from_candidate/variant_calling/stage2/mt/no_cnv/smc_mu_ld_stage_1-smc_mu_ld_stage_2/0004/indelsieve_median.genotypes	/raid/kang/DelSIEVE/simulation_results/IndelSIEVE_benchmark_pipeline_ld_201/benchmark_results/simulated_data/results/data_type/no_cnv/0004/true_evo_events_ternary_matrix.simple	/raid/kang/DelSIEVE/simulation_results/IndelSIEVE_benchmark_pipeline_ld_201/benchmark_results/indelsieve/from_candidate/variant_calling/stage2/mt/no_cnv/smc_mu_ld_stage_1-smc_mu_ld_stage_2/0004/indelsieve_median.ternary	/raid/kang/DelSIEVE/simulation_results/IndelSIEVE_benchmark_pipeline_ld_201/benchmark_results/indelsieve/from_candidate/variant_calling/stage2/mt/no_cnv/smc_mu_ld_stage_1-smc_mu_ld_stage_2/0004/indelsieve_median.probs	5760	35	27071	1294	0.8165579812872129	0.993960310612597	0.8965678262899837	0.0012912270346048	5760	35	27715	648	0.898876404494382	0.993960310612597	0.9440301565188888	0.0012612612612612	5748	37	27719	654	0.8978444236176195	0.9936041486603284	0.9433002379584804	0.0013330451073641	4	6	34146	2	0.6666666666666666	0.4	0.5	0.0001756851721714	6	35	0	2	0	0	17537	23	0.0	NA	0.0	NA	0	0	17560	0	NA	NA	0.0	NA	0	0	17560	0	NA	NA	0.0	NA	0	0	17537	23	0.0	NA	0.0	NA	23	0	0	0	0	0	17560	0	NA	NA	0.0	NA
40	5	20	0.001999	0.16334	1e-06	1e-07	0.0	0004	sieve	candidate_snvs	smc_mu_sa_stage_1-smc_mu_sa_stage_2	mt	no_cnv	/raid/kang/DelSIEVE/simulation_results/IndelSIEVE_benchmark_pipeline_ld_201/benchmark_results/simulated_data/results/cell_names	/raid/kang/DelSIEVE/simulation_results/IndelSIEVE_benchmark_pipeline_ld_201/benchmark_results/indelsieve/from_candidate/variant_calling/stage2/mt/no_cnv/smc_mu_sa_stage_1-smc_mu_sa_stage_2/0004/indelsieve_median.cell_names	/raid/kang/DelSIEVE/simulation_results/IndelSIEVE_benchmark_pipeline_ld_201/benchmark_results/simulated_data/results/data_type/no_cnv/0004/true_evo_events_sites_names	/raid/kang/DelSIEVE/simulation_results/IndelSIEVE_benchmark_pipeline_ld_201/benchmark_results/indelsieve/from_candidate/variant_calling/stage2/mt/no_cnv/smc_mu_sa_stage_1-smc_mu_sa_stage_2/0004/indelsieve_median.loci_info	/raid/kang/DelSIEVE/simulation_results/IndelSIEVE_benchmark_pipeline_ld_201/benchmark_results/simulated_data/results/data_type/no_cnv/0004/true_evo_events_genotypes_numeric	/raid/kang/DelSIEVE/simulation_results/IndelSIEVE_benchmark_pipeline_ld_201/benchmark_results/indelsieve/from_candidate/variant_calling/stage2/mt/no_cnv/smc_mu_sa_stage_1-smc_mu_sa_stage_2/0004/indelsieve_median.genotypes	/raid/kang/DelSIEVE/simulation_results/IndelSIEVE_benchmark_pipeline_ld_201/benchmark_results/simulated_data/results/data_type/no_cnv/0004/true_evo_events_ternary_matrix.simple	/raid/kang/DelSIEVE/simulation_results/IndelSIEVE_benchmark_pipeline_ld_201/benchmark_results/indelsieve/from_candidate/variant_calling/stage2/mt/no_cnv/smc_mu_sa_stage_1-smc_mu_sa_stage_2/0004/indelsieve_median.ternary	/raid/kang/DelSIEVE/simulation_results/IndelSIEVE_benchmark_pipeline_ld_201/benchmark_results/indelsieve/from_candidate/variant_calling/stage2/mt/no_cnv/smc_mu_sa_stage_1-smc_mu_sa_stage_2/0004/indelsieve_median.probs	5765	38	27068	1289	0.8172667989793025	0.9934516629329656	0.8967877420860232	0.001401903637571	5765	38	27712	643	0.8996566791510612	0.9934516629329656	0.94423061174351	0.0013693693693693	5753	40	27716	649	0.8986254295532646	0.9930951147937166	0.9435014350143502	0.0014411298457991	4	6	34146	2	0.6666666666666666	0.4	0.5	0.0001756851721714	6	38	0	2	0	0	17537	23	0.0	NA	0.0	NA	0	0	17560	0	NA	NA	0.0	NA	0	0	17560	0	NA	NA	0.0	NA	0	0	17537	23	0.0	NA	0.0	NA	23	0	0	0	0	0	17560	0	NA	NA	0.0	NA
40	5	20	0.001999	0.16334	1e-06	1e-07	0.0	0004	indelsieve	candidate_snvs	smc_mudel_ld_stage_1-smc_mudel_ld_stage_2	mt	no_cnv	/raid/kang/DelSIEVE/simulation_results/IndelSIEVE_benchmark_pipeline_ld_201/benchmark_results/simulated_data/results/cell_names	/raid/kang/DelSIEVE/simulation_results/IndelSIEVE_benchmark_pipeline_ld_201/benchmark_results/indelsieve/from_candidate/variant_calling/stage2/mt/no_cnv/smc_mudel_ld_stage_1-smc_mudel_ld_stage_2/0004/indelsieve_median.cell_names	/raid/kang/DelSIEVE/simulation_results/IndelSIEVE_benchmark_pipeline_ld_201/benchmark_results/simulated_data/results/data_type/no_cnv/0004/true_evo_events_sites_names	/raid/kang/DelSIEVE/simulation_results/IndelSIEVE_benchmark_pipeline_ld_201/benchmark_results/indelsieve/from_candidate/variant_calling/stage2/mt/no_cnv/smc_mudel_ld_stage_1-smc_mudel_ld_stage_2/0004/indelsieve_median.loci_info	/raid/kang/DelSIEVE/simulation_results/IndelSIEVE_benchmark_pipeline_ld_201/benchmark_results/simulated_data/results/data_type/no_cnv/0004/true_evo_events_genotypes_numeric	/raid/kang/DelSIEVE/simulation_results/IndelSIEVE_benchmark_pipeline_ld_201/benchmark_results/indelsieve/from_candidate/variant_calling/stage2/mt/no_cnv/smc_mudel_ld_stage_1-smc_mudel_ld_stage_2/0004/indelsieve_median.genotypes	/raid/kang/DelSIEVE/simulation_results/IndelSIEVE_benchmark_pipeline_ld_201/benchmark_results/simulated_data/results/data_type/no_cnv/0004/true_evo_events_ternary_matrix.simple	/raid/kang/DelSIEVE/simulation_results/IndelSIEVE_benchmark_pipeline_ld_201/benchmark_results/indelsieve/from_candidate/variant_calling/stage2/mt/no_cnv/smc_mudel_ld_stage_1-smc_mudel_ld_stage_2/0004/indelsieve_median.ternary	/raid/kang/DelSIEVE/simulation_results/IndelSIEVE_benchmark_pipeline_ld_201/benchmark_results/indelsieve/from_candidate/variant_calling/stage2/mt/no_cnv/smc_mudel_ld_stage_1-smc_mudel_ld_stage_2/0004/indelsieve_median.probs	5760	64	27042	1294	0.8165579812872129	0.989010989010989	0.8945488429880417	0.0023611008632775	5760	28	27722	648	0.898876404494382	0.995162404975812	0.9445719908166612	0.001009009009009	5744	30	27726	658	0.8972196188691034	0.9948042951160374	0.9434954007884364	0.0010808473843493	4	6	34146	2	0.6666666666666666	0.4	0.5	0.0001756851721714	6	28	0	2	0	40	17497	23	0.0	0.0	0.002280891828705	NA	0	0	17560	0	NA	NA	0.0	NA	0	4	17556	0	NA	0.0	0.0002277904328018	NA	0	36	17501	23	0.0	0.0	0.0020528026458345	NA	23	0	0	0	0	0	17560	0	NA	NA	0.0	NA
40	5	20	0.001999	0.16334	1e-06	1e-07	0.0	0004	indelsieve	candidate_snvs	smc_mudel_sa_stage_1-smc_mudel_sa_stage_2	mt	no_cnv	/raid/kang/DelSIEVE/simulation_results/IndelSIEVE_benchmark_pipeline_ld_201/benchmark_results/simulated_data/results/cell_names	/raid/kang/DelSIEVE/simulation_results/IndelSIEVE_benchmark_pipeline_ld_201/benchmark_results/indelsieve/from_candidate/variant_calling/stage2/mt/no_cnv/smc_mudel_sa_stage_1-smc_mudel_sa_stage_2/0004/indelsieve_median.cell_names	/raid/kang/DelSIEVE/simulation_results/IndelSIEVE_benchmark_pipeline_ld_201/benchmark_results/simulated_data/results/data_type/no_cnv/0004/true_evo_events_sites_names	/raid/kang/DelSIEVE/simulation_results/IndelSIEVE_benchmark_pipeline_ld_201/benchmark_results/indelsieve/from_candidate/variant_calling/stage2/mt/no_cnv/smc_mudel_sa_stage_1-smc_mudel_sa_stage_2/0004/indelsieve_median.loci_info	/raid/kang/DelSIEVE/simulation_results/IndelSIEVE_benchmark_pipeline_ld_201/benchmark_results/simulated_data/results/data_type/no_cnv/0004/true_evo_events_genotypes_numeric	/raid/kang/DelSIEVE/simulation_results/IndelSIEVE_benchmark_pipeline_ld_201/benchmark_results/indelsieve/from_candidate/variant_calling/stage2/mt/no_cnv/smc_mudel_sa_stage_1-smc_mudel_sa_stage_2/0004/indelsieve_median.genotypes	/raid/kang/DelSIEVE/simulation_results/IndelSIEVE_benchmark_pipeline_ld_201/benchmark_results/simulated_data/results/data_type/no_cnv/0004/true_evo_events_ternary_matrix.simple	/raid/kang/DelSIEVE/simulation_results/IndelSIEVE_benchmark_pipeline_ld_201/benchmark_results/indelsieve/from_candidate/variant_calling/stage2/mt/no_cnv/smc_mudel_sa_stage_1-smc_mudel_sa_stage_2/0004/indelsieve_median.ternary	/raid/kang/DelSIEVE/simulation_results/IndelSIEVE_benchmark_pipeline_ld_201/benchmark_results/indelsieve/from_candidate/variant_calling/stage2/mt/no_cnv/smc_mudel_sa_stage_1-smc_mudel_sa_stage_2/0004/indelsieve_median.probs	5765	39	27067	1289	0.8172667989793025	0.9932804962095106	0.8967179965780059	0.0014387958385597	5765	39	27711	643	0.8996566791510612	0.9932804962095106	0.9441532918440878	0.0014054054054054	5753	41	27715	649	0.8986254295532646	0.99292371418709	0.9434240734667104	0.001477158091944	4	6	34146	2	0.6666666666666666	0.4	0.5	0.0001756851721714	6	39	0	2	0	0	17537	23	0.0	NA	0.0	NA	0	0	17560	0	NA	NA	0.0	NA	0	0	17560	0	NA	NA	0.0	NA	0	0	17537	23	0.0	NA	0.0	NA	23	0	0	0	0	0	17560	0	NA	NA	0.0	NA
40	5	20	0.001999	0.16334	1e-06	1e-07	0.0	0005	sieve	candidate_snvs	smc_mu_ld_stage_1-smc_mu_ld_stage_2	mt	no_cnv	/raid/kang/DelSIEVE/simulation_results/IndelSIEVE_benchmark_pipeline_ld_201/benchmark_results/simulated_data/results/cell_names	/raid/kang/DelSIEVE/simulation_results/IndelSIEVE_benchmark_pipeline_ld_201/benchmark_results/indelsieve/from_candidate/variant_calling/stage2/mt/no_cnv/smc_mu_ld_stage_1-smc_mu_ld_stage_2/0005/indelsieve_median.cell_names	/raid/kang/DelSIEVE/simulation_results/IndelSIEVE_benchmark_pipeline_ld_201/benchmark_results/simulated_data/results/data_type/no_cnv/0005/true_evo_events_sites_names	/raid/kang/DelSIEVE/simulation_results/IndelSIEVE_benchmark_pipeline_ld_201/benchmark_results/indelsieve/from_candidate/variant_calling/stage2/mt/no_cnv/smc_mu_ld_stage_1-smc_mu_ld_stage_2/0005/indelsieve_median.loci_info	/raid/kang/DelSIEVE/simulation_results/IndelSIEVE_benchmark_pipeline_ld_201/benchmark_results/simulated_data/results/data_type/no_cnv/0005/true_evo_events_genotypes_numeric	/raid/kang/DelSIEVE/simulation_results/IndelSIEVE_benchmark_pipeline_ld_201/benchmark_results/indelsieve/from_candidate/variant_calling/stage2/mt/no_cnv/smc_mu_ld_stage_1-smc_mu_ld_stage_2/0005/indelsieve_median.genotypes	/raid/kang/DelSIEVE/simulation_results/IndelSIEVE_benchmark_pipeline_ld_201/benchmark_results/simulated_data/results/data_type/no_cnv/0005/true_evo_events_ternary_matrix.simple	/raid/kang/DelSIEVE/simulation_results/IndelSIEVE_benchmark_pipeline_ld_201/benchmark_results/indelsieve/from_candidate/variant_calling/stage2/mt/no_cnv/smc_mu_ld_stage_1-smc_mu_ld_stage_2/0005/indelsieve_median.ternary	/raid/kang/DelSIEVE/simulation_results/IndelSIEVE_benchmark_pipeline_ld_201/benchmark_results/indelsieve/from_candidate/variant_calling/stage2/mt/no_cnv/smc_mu_ld_stage_1-smc_mu_ld_stage_2/0005/indelsieve_median.probs	4627	47	27052	1234	0.7894557242791332	0.9899443731279418	0.8784053156146179	0.0017343813424849	4627	47	27545	739	0.8622810286992173	0.9899443731279418	0.9217131474103586	0.0017033922876196	4595	58	27566	739	0.8614548181477315	0.9875349237051364	0.9201962551316712	0.0020996235157833	21	0	32926	11	0.65625	1.0	0.7924528301886793	0.0	32	47	0	11	0	0	13520	0	NA	NA	0.0	NA	0	0	13520	0	NA	NA	0.0	NA	0	0	13520	0	NA	NA	0.0	NA	0	0	13520	0	NA	NA	0.0	NA	0	0	0	0	0	0	13520	0	NA	NA	0.0	NA
40	5	20	0.001999	0.16334	1e-06	1e-07	0.0	0005	sieve	candidate_snvs	smc_mu_sa_stage_1-smc_mu_sa_stage_2	mt	no_cnv	/raid/kang/DelSIEVE/simulation_results/IndelSIEVE_benchmark_pipeline_ld_201/benchmark_results/simulated_data/results/cell_names	/raid/kang/DelSIEVE/simulation_results/IndelSIEVE_benchmark_pipeline_ld_201/benchmark_results/indelsieve/from_candidate/variant_calling/stage2/mt/no_cnv/smc_mu_sa_stage_1-smc_mu_sa_stage_2/0005/indelsieve_median.cell_names	/raid/kang/DelSIEVE/simulation_results/IndelSIEVE_benchmark_pipeline_ld_201/benchmark_results/simulated_data/results/data_type/no_cnv/0005/true_evo_events_sites_names	/raid/kang/DelSIEVE/simulation_results/IndelSIEVE_benchmark_pipeline_ld_201/benchmark_results/indelsieve/from_candidate/variant_calling/stage2/mt/no_cnv/smc_mu_sa_stage_1-smc_mu_sa_stage_2/0005/indelsieve_median.loci_info	/raid/kang/DelSIEVE/simulation_results/IndelSIEVE_benchmark_pipeline_ld_201/benchmark_results/simulated_data/results/data_type/no_cnv/0005/true_evo_events_genotypes_numeric	/raid/kang/DelSIEVE/simulation_results/IndelSIEVE_benchmark_pipeline_ld_201/benchmark_results/indelsieve/from_candidate/variant_calling/stage2/mt/no_cnv/smc_mu_sa_stage_1-smc_mu_sa_stage_2/0005/indelsieve_median.genotypes	/raid/kang/DelSIEVE/simulation_results/IndelSIEVE_benchmark_pipeline_ld_201/benchmark_results/simulated_data/results/data_type/no_cnv/0005/true_evo_events_ternary_matrix.simple	/raid/kang/DelSIEVE/simulation_results/IndelSIEVE_benchmark_pipeline_ld_201/benchmark_results/indelsieve/from_candidate/variant_calling/stage2/mt/no_cnv/smc_mu_sa_stage_1-smc_mu_sa_stage_2/0005/indelsieve_median.ternary	/raid/kang/DelSIEVE/simulation_results/IndelSIEVE_benchmark_pipeline_ld_201/benchmark_results/indelsieve/from_candidate/variant_calling/stage2/mt/no_cnv/smc_mu_sa_stage_1-smc_mu_sa_stage_2/0005/indelsieve_median.probs	4631	49	27050	1230	0.7901382016720696	0.9895299145299146	0.8786642633526232	0.0018081848038673	4631	49	27543	735	0.8630264629146478	0.9895299145299146	0.9219589886522	0.0017758770658161	4599	53	27571	735	0.8622047244094488	0.9886070507308684	0.9210895253354696	0.0019186214885606	28	0	32926	4	0.875	1.0	0.9333333333333332	0.0	32	49	0	4	0	0	13520	0	NA	NA	0.0	NA	0	0	13520	0	NA	NA	0.0	NA	0	0	13520	0	NA	NA	0.0	NA	0	0	13520	0	NA	NA	0.0	NA	0	0	0	0	0	0	13520	0	NA	NA	0.0	NA
40	5	20	0.001999	0.16334	1e-06	1e-07	0.0	0005	indelsieve	candidate_snvs	smc_mudel_ld_stage_1-smc_mudel_ld_stage_2	mt	no_cnv	/raid/kang/DelSIEVE/simulation_results/IndelSIEVE_benchmark_pipeline_ld_201/benchmark_results/simulated_data/results/cell_names	/raid/kang/DelSIEVE/simulation_results/IndelSIEVE_benchmark_pipeline_ld_201/benchmark_results/indelsieve/from_candidate/variant_calling/stage2/mt/no_cnv/smc_mudel_ld_stage_1-smc_mudel_ld_stage_2/0005/indelsieve_median.cell_names	/raid/kang/DelSIEVE/simulation_results/IndelSIEVE_benchmark_pipeline_ld_201/benchmark_results/simulated_data/results/data_type/no_cnv/0005/true_evo_events_sites_names	/raid/kang/DelSIEVE/simulation_results/IndelSIEVE_benchmark_pipeline_ld_201/benchmark_results/indelsieve/from_candidate/variant_calling/stage2/mt/no_cnv/smc_mudel_ld_stage_1-smc_mudel_ld_stage_2/0005/indelsieve_median.loci_info	/raid/kang/DelSIEVE/simulation_results/IndelSIEVE_benchmark_pipeline_ld_201/benchmark_results/simulated_data/results/data_type/no_cnv/0005/true_evo_events_genotypes_numeric	/raid/kang/DelSIEVE/simulation_results/IndelSIEVE_benchmark_pipeline_ld_201/benchmark_results/indelsieve/from_candidate/variant_calling/stage2/mt/no_cnv/smc_mudel_ld_stage_1-smc_mudel_ld_stage_2/0005/indelsieve_median.genotypes	/raid/kang/DelSIEVE/simulation_results/IndelSIEVE_benchmark_pipeline_ld_201/benchmark_results/simulated_data/results/data_type/no_cnv/0005/true_evo_events_ternary_matrix.simple	/raid/kang/DelSIEVE/simulation_results/IndelSIEVE_benchmark_pipeline_ld_201/benchmark_results/indelsieve/from_candidate/variant_calling/stage2/mt/no_cnv/smc_mudel_ld_stage_1-smc_mudel_ld_stage_2/0005/indelsieve_median.ternary	/raid/kang/DelSIEVE/simulation_results/IndelSIEVE_benchmark_pipeline_ld_201/benchmark_results/indelsieve/from_candidate/variant_calling/stage2/mt/no_cnv/smc_mudel_ld_stage_1-smc_mudel_ld_stage_2/0005/indelsieve_median.probs	4626	48	27051	1235	0.7892851049308992	0.9897304236200256	0.8782154722354057	0.0017712830731761	4626	48	27544	740	0.8620946701453597	0.9897304236200256	0.9215139442231076	0.0017396346767178	4594	59	27565	740	0.8612673415823022	0.9873200085966044	0.9199959947932312	0.0021358239212279	21	0	32926	11	0.65625	1.0	0.7924528301886793	0.0	32	48	0	11	0	0	13520	0	NA	NA	0.0	NA	0	0	13520	0	NA	NA	0.0	NA	0	0	13520	0	NA	NA	0.0	NA	0	0	13520	0	NA	NA	0.0	NA	0	0	0	0	0	0	13520	0	NA	NA	0.0	NA
40	5	20	0.001999	0.16334	1e-06	1e-07	0.0	0005	indelsieve	candidate_snvs	smc_mudel_sa_stage_1-smc_mudel_sa_stage_2	mt	no_cnv	/raid/kang/DelSIEVE/simulation_results/IndelSIEVE_benchmark_pipeline_ld_201/benchmark_results/simulated_data/results/cell_names	/raid/kang/DelSIEVE/simulation_results/IndelSIEVE_benchmark_pipeline_ld_201/benchmark_results/indelsieve/from_candidate/variant_calling/stage2/mt/no_cnv/smc_mudel_sa_stage_1-smc_mudel_sa_stage_2/0005/indelsieve_median.cell_names	/raid/kang/DelSIEVE/simulation_results/IndelSIEVE_benchmark_pipeline_ld_201/benchmark_results/simulated_data/results/data_type/no_cnv/0005/true_evo_events_sites_names	/raid/kang/DelSIEVE/simulation_results/IndelSIEVE_benchmark_pipeline_ld_201/benchmark_results/indelsieve/from_candidate/variant_calling/stage2/mt/no_cnv/smc_mudel_sa_stage_1-smc_mudel_sa_stage_2/0005/indelsieve_median.loci_info	/raid/kang/DelSIEVE/simulation_results/IndelSIEVE_benchmark_pipeline_ld_201/benchmark_results/simulated_data/results/data_type/no_cnv/0005/true_evo_events_genotypes_numeric	/raid/kang/DelSIEVE/simulation_results/IndelSIEVE_benchmark_pipeline_ld_201/benchmark_results/indelsieve/from_candidate/variant_calling/stage2/mt/no_cnv/smc_mudel_sa_stage_1-smc_mudel_sa_stage_2/0005/indelsieve_median.genotypes	/raid/kang/DelSIEVE/simulation_results/IndelSIEVE_benchmark_pipeline_ld_201/benchmark_results/simulated_data/results/data_type/no_cnv/0005/true_evo_events_ternary_matrix.simple	/raid/kang/DelSIEVE/simulation_results/IndelSIEVE_benchmark_pipeline_ld_201/benchmark_results/indelsieve/from_candidate/variant_calling/stage2/mt/no_cnv/smc_mudel_sa_stage_1-smc_mudel_sa_stage_2/0005/indelsieve_median.ternary	/raid/kang/DelSIEVE/simulation_results/IndelSIEVE_benchmark_pipeline_ld_201/benchmark_results/indelsieve/from_candidate/variant_calling/stage2/mt/no_cnv/smc_mudel_sa_stage_1-smc_mudel_sa_stage_2/0005/indelsieve_median.probs	4638	35	27064	1223	0.7913325371097082	0.9925101647763748	0.8805771786595784	0.0012915605741909	4638	35	27557	728	0.8643309727916512	0.9925101647763748	0.9239964139854568	0.0012684836184401	4606	39	27585	728	0.863517060367454	0.9916038751345532	0.9231385910411865	0.001411815812337	28	0	32926	4	0.875	1.0	0.9333333333333332	0.0	32	35	0	4	0	0	13520	0	NA	NA	0.0	NA	0	0	13520	0	NA	NA	0.0	NA	0	0	13520	0	NA	NA	0.0	NA	0	0	13520	0	NA	NA	0.0	NA	0	0	0	0	0	0	13520	0	NA	NA	0.0	NA
40	5	20	0.001999	0.16334	1e-06	1e-07	0.0	0006	sieve	candidate_snvs	smc_mu_ld_stage_1-smc_mu_ld_stage_2	mt	no_cnv	/raid/kang/DelSIEVE/simulation_results/IndelSIEVE_benchmark_pipeline_ld_201/benchmark_results/simulated_data/results/cell_names	/raid/kang/DelSIEVE/simulation_results/IndelSIEVE_benchmark_pipeline_ld_201/benchmark_results/indelsieve/from_candidate/variant_calling/stage2/mt/no_cnv/smc_mu_ld_stage_1-smc_mu_ld_stage_2/0006/indelsieve_median.cell_names	/raid/kang/DelSIEVE/simulation_results/IndelSIEVE_benchmark_pipeline_ld_201/benchmark_results/simulated_data/results/data_type/no_cnv/0006/true_evo_events_sites_names	/raid/kang/DelSIEVE/simulation_results/IndelSIEVE_benchmark_pipeline_ld_201/benchmark_results/indelsieve/from_candidate/variant_calling/stage2/mt/no_cnv/smc_mu_ld_stage_1-smc_mu_ld_stage_2/0006/indelsieve_median.loci_info	/raid/kang/DelSIEVE/simulation_results/IndelSIEVE_benchmark_pipeline_ld_201/benchmark_results/simulated_data/results/data_type/no_cnv/0006/true_evo_events_genotypes_numeric	/raid/kang/DelSIEVE/simulation_results/IndelSIEVE_benchmark_pipeline_ld_201/benchmark_results/indelsieve/from_candidate/variant_calling/stage2/mt/no_cnv/smc_mu_ld_stage_1-smc_mu_ld_stage_2/0006/indelsieve_median.genotypes	/raid/kang/DelSIEVE/simulation_results/IndelSIEVE_benchmark_pipeline_ld_201/benchmark_results/simulated_data/results/data_type/no_cnv/0006/true_evo_events_ternary_matrix.simple	/raid/kang/DelSIEVE/simulation_results/IndelSIEVE_benchmark_pipeline_ld_201/benchmark_results/indelsieve/from_candidate/variant_calling/stage2/mt/no_cnv/smc_mu_ld_stage_1-smc_mu_ld_stage_2/0006/indelsieve_median.ternary	/raid/kang/DelSIEVE/simulation_results/IndelSIEVE_benchmark_pipeline_ld_201/benchmark_results/indelsieve/from_candidate/variant_calling/stage2/mt/no_cnv/smc_mu_ld_stage_1-smc_mu_ld_stage_2/0006/indelsieve_median.probs	8554	71	34510	1705	0.8338044643727459	0.991768115942029	0.9059521287862742	0.0020531505740146	8554	71	35265	949	0.9001367989056087	0.991768115942029	0.9437334510150044	0.0020092823183155	8503	83	35305	948	0.8996931541635805	0.9903331003959934	0.9428397183567112	0.0023454278286424	39	0	44789	11	0.78	1.0	0.8764044943820225	0.0	50	71	1	10	0	0	20911	9	0.0	NA	0.0	NA	0	0	20920	0	NA	NA	0.0	NA	0	0	20918	2	0.0	NA	0.0	NA	0	0	20913	7	0.0	NA	0.0	NA	7	0	2	0	0	0	20920	0	NA	NA	0.0	NA
40	5	20	0.001999	0.16334	1e-06	1e-07	0.0	0006	sieve	candidate_snvs	smc_mu_sa_stage_1-smc_mu_sa_stage_2	mt	no_cnv	/raid/kang/DelSIEVE/simulation_results/IndelSIEVE_benchmark_pipeline_ld_201/benchmark_results/simulated_data/results/cell_names	/raid/kang/DelSIEVE/simulation_results/IndelSIEVE_benchmark_pipeline_ld_201/benchmark_results/indelsieve/from_candidate/variant_calling/stage2/mt/no_cnv/smc_mu_sa_stage_1-smc_mu_sa_stage_2/0006/indelsieve_median.cell_names	/raid/kang/DelSIEVE/simulation_results/IndelSIEVE_benchmark_pipeline_ld_201/benchmark_results/simulated_data/results/data_type/no_cnv/0006/true_evo_events_sites_names	/raid/kang/DelSIEVE/simulation_results/IndelSIEVE_benchmark_pipeline_ld_201/benchmark_results/indelsieve/from_candidate/variant_calling/stage2/mt/no_cnv/smc_mu_sa_stage_1-smc_mu_sa_stage_2/0006/indelsieve_median.loci_info	/raid/kang/DelSIEVE/simulation_results/IndelSIEVE_benchmark_pipeline_ld_201/benchmark_results/simulated_data/results/data_type/no_cnv/0006/true_evo_events_genotypes_numeric	/raid/kang/DelSIEVE/simulation_results/IndelSIEVE_benchmark_pipeline_ld_201/benchmark_results/indelsieve/from_candidate/variant_calling/stage2/mt/no_cnv/smc_mu_sa_stage_1-smc_mu_sa_stage_2/0006/indelsieve_median.genotypes	/raid/kang/DelSIEVE/simulation_results/IndelSIEVE_benchmark_pipeline_ld_201/benchmark_results/simulated_data/results/data_type/no_cnv/0006/true_evo_events_ternary_matrix.simple	/raid/kang/DelSIEVE/simulation_results/IndelSIEVE_benchmark_pipeline_ld_201/benchmark_results/indelsieve/from_candidate/variant_calling/stage2/mt/no_cnv/smc_mu_sa_stage_1-smc_mu_sa_stage_2/0006/indelsieve_median.ternary	/raid/kang/DelSIEVE/simulation_results/IndelSIEVE_benchmark_pipeline_ld_201/benchmark_results/indelsieve/from_candidate/variant_calling/stage2/mt/no_cnv/smc_mu_sa_stage_1-smc_mu_sa_stage_2/0006/indelsieve_median.probs	8554	73	34508	1705	0.8338044643727459	0.9915381940419612	0.9058561897702	0.0021109858014516	8554	73	35263	949	0.9001367989056087	0.9915381940419612	0.9436293436293436	0.0020658818202399	8503	83	35305	948	0.8996931541635805	0.9903331003959934	0.9428397183567112	0.0023454278286424	41	0	44789	9	0.82	1.0	0.9010989010989012	0.0	50	73	1	8	0	0	20911	9	0.0	NA	0.0	NA	0	0	20920	0	NA	NA	0.0	NA	0	0	20918	2	0.0	NA	0.0	NA	0	0	20913	7	0.0	NA	0.0	NA	7	0	2	0	0	0	20920	0	NA	NA	0.0	NA
40	5	20	0.001999	0.16334	1e-06	1e-07	0.0	0006	indelsieve	candidate_snvs	smc_mudel_ld_stage_1-smc_mudel_ld_stage_2	mt	no_cnv	/raid/kang/DelSIEVE/simulation_results/IndelSIEVE_benchmark_pipeline_ld_201/benchmark_results/simulated_data/results/cell_names	/raid/kang/DelSIEVE/simulation_results/IndelSIEVE_benchmark_pipeline_ld_201/benchmark_results/indelsieve/from_candidate/variant_calling/stage2/mt/no_cnv/smc_mudel_ld_stage_1-smc_mudel_ld_stage_2/0006/indelsieve_median.cell_names	/raid/kang/DelSIEVE/simulation_results/IndelSIEVE_benchmark_pipeline_ld_201/benchmark_results/simulated_data/results/data_type/no_cnv/0006/true_evo_events_sites_names	/raid/kang/DelSIEVE/simulation_results/IndelSIEVE_benchmark_pipeline_ld_201/benchmark_results/indelsieve/from_candidate/variant_calling/stage2/mt/no_cnv/smc_mudel_ld_stage_1-smc_mudel_ld_stage_2/0006/indelsieve_median.loci_info	/raid/kang/DelSIEVE/simulation_results/IndelSIEVE_benchmark_pipeline_ld_201/benchmark_results/simulated_data/results/data_type/no_cnv/0006/true_evo_events_genotypes_numeric	/raid/kang/DelSIEVE/simulation_results/IndelSIEVE_benchmark_pipeline_ld_201/benchmark_results/indelsieve/from_candidate/variant_calling/stage2/mt/no_cnv/smc_mudel_ld_stage_1-smc_mudel_ld_stage_2/0006/indelsieve_median.genotypes	/raid/kang/DelSIEVE/simulation_results/IndelSIEVE_benchmark_pipeline_ld_201/benchmark_results/simulated_data/results/data_type/no_cnv/0006/true_evo_events_ternary_matrix.simple	/raid/kang/DelSIEVE/simulation_results/IndelSIEVE_benchmark_pipeline_ld_201/benchmark_results/indelsieve/from_candidate/variant_calling/stage2/mt/no_cnv/smc_mudel_ld_stage_1-smc_mudel_ld_stage_2/0006/indelsieve_median.ternary	/raid/kang/DelSIEVE/simulation_results/IndelSIEVE_benchmark_pipeline_ld_201/benchmark_results/indelsieve/from_candidate/variant_calling/stage2/mt/no_cnv/smc_mudel_ld_stage_1-smc_mudel_ld_stage_2/0006/indelsieve_median.probs	8551	70	34511	1708	0.8335120382103519	0.9918802923094768	0.9058262711864408	0.0020242329602961	8551	70	35266	952	0.8998211091234347	0.9918802923094768	0.9436106819686604	0.0019809825673534	8500	82	35306	951	0.8993757274362502	0.9904451176881846	0.9427161315366273	0.0023171696620323	39	0	44789	11	0.78	1.0	0.8764044943820225	0.0	50	70	1	10	0	0	20911	9	0.0	NA	0.0	NA	0	0	20920	0	NA	NA	0.0	NA	0	0	20918	2	0.0	NA	0.0	NA	0	0	20913	7	0.0	NA	0.0	NA	7	0	2	0	0	0	20920	0	NA	NA	0.0	NA
40	5	20	0.001999	0.16334	1e-06	1e-07	0.0	0006	indelsieve	candidate_snvs	smc_mudel_sa_stage_1-smc_mudel_sa_stage_2	mt	no_cnv	/raid/kang/DelSIEVE/simulation_results/IndelSIEVE_benchmark_pipeline_ld_201/benchmark_results/simulated_data/results/cell_names	/raid/kang/DelSIEVE/simulation_results/IndelSIEVE_benchmark_pipeline_ld_201/benchmark_results/indelsieve/from_candidate/variant_calling/stage2/mt/no_cnv/smc_mudel_sa_stage_1-smc_mudel_sa_stage_2/0006/indelsieve_median.cell_names	/raid/kang/DelSIEVE/simulation_results/IndelSIEVE_benchmark_pipeline_ld_201/benchmark_results/simulated_data/results/data_type/no_cnv/0006/true_evo_events_sites_names	/raid/kang/DelSIEVE/simulation_results/IndelSIEVE_benchmark_pipeline_ld_201/benchmark_results/indelsieve/from_candidate/variant_calling/stage2/mt/no_cnv/smc_mudel_sa_stage_1-smc_mudel_sa_stage_2/0006/indelsieve_median.loci_info	/raid/kang/DelSIEVE/simulation_results/IndelSIEVE_benchmark_pipeline_ld_201/benchmark_results/simulated_data/results/data_type/no_cnv/0006/true_evo_events_genotypes_numeric	/raid/kang/DelSIEVE/simulation_results/IndelSIEVE_benchmark_pipeline_ld_201/benchmark_results/indelsieve/from_candidate/variant_calling/stage2/mt/no_cnv/smc_mudel_sa_stage_1-smc_mudel_sa_stage_2/0006/indelsieve_median.genotypes	/raid/kang/DelSIEVE/simulation_results/IndelSIEVE_benchmark_pipeline_ld_201/benchmark_results/simulated_data/results/data_type/no_cnv/0006/true_evo_events_ternary_matrix.simple	/raid/kang/DelSIEVE/simulation_results/IndelSIEVE_benchmark_pipeline_ld_201/benchmark_results/indelsieve/from_candidate/variant_calling/stage2/mt/no_cnv/smc_mudel_sa_stage_1-smc_mudel_sa_stage_2/0006/indelsieve_median.ternary	/raid/kang/DelSIEVE/simulation_results/IndelSIEVE_benchmark_pipeline_ld_201/benchmark_results/indelsieve/from_candidate/variant_calling/stage2/mt/no_cnv/smc_mudel_sa_stage_1-smc_mudel_sa_stage_2/0006/indelsieve_median.probs	8554	72	34509	1705	0.8338044643727459	0.9916531416647344	0.905904156738152	0.0020820681877331	8554	72	35264	949	0.9001367989056087	0.9916531416647344	0.9436813944508798	0.0020375820692777	8503	82	35306	948	0.8996931541635805	0.990448456610367	0.9428919937901974	0.0023171696620323	41	0	44789	9	0.82	1.0	0.9010989010989012	0.0	50	72	1	8	0	0	20911	9	0.0	NA	0.0	NA	0	0	20920	0	NA	NA	0.0	NA	0	0	20918	2	0.0	NA	0.0	NA	0	0	20913	7	0.0	NA	0.0	NA	7	0	2	0	0	0	20920	0	NA	NA	0.0	NA
40	5	20	0.001999	0.16334	1e-06	1e-07	0.0	0007	sieve	candidate_snvs	smc_mu_ld_stage_1-smc_mu_ld_stage_2	mt	no_cnv	/raid/kang/DelSIEVE/simulation_results/IndelSIEVE_benchmark_pipeline_ld_201/benchmark_results/simulated_data/results/cell_names	/raid/kang/DelSIEVE/simulation_results/IndelSIEVE_benchmark_pipeline_ld_201/benchmark_results/indelsieve/from_candidate/variant_calling/stage2/mt/no_cnv/smc_mu_ld_stage_1-smc_mu_ld_stage_2/0007/indelsieve_median.cell_names	/raid/kang/DelSIEVE/simulation_results/IndelSIEVE_benchmark_pipeline_ld_201/benchmark_results/simulated_data/results/data_type/no_cnv/0007/true_evo_events_sites_names	/raid/kang/DelSIEVE/simulation_results/IndelSIEVE_benchmark_pipeline_ld_201/benchmark_results/indelsieve/from_candidate/variant_calling/stage2/mt/no_cnv/smc_mu_ld_stage_1-smc_mu_ld_stage_2/0007/indelsieve_median.loci_info	/raid/kang/DelSIEVE/simulation_results/IndelSIEVE_benchmark_pipeline_ld_201/benchmark_results/simulated_data/results/data_type/no_cnv/0007/true_evo_events_genotypes_numeric	/raid/kang/DelSIEVE/simulation_results/IndelSIEVE_benchmark_pipeline_ld_201/benchmark_results/indelsieve/from_candidate/variant_calling/stage2/mt/no_cnv/smc_mu_ld_stage_1-smc_mu_ld_stage_2/0007/indelsieve_median.genotypes	/raid/kang/DelSIEVE/simulation_results/IndelSIEVE_benchmark_pipeline_ld_201/benchmark_results/simulated_data/results/data_type/no_cnv/0007/true_evo_events_ternary_matrix.simple	/raid/kang/DelSIEVE/simulation_results/IndelSIEVE_benchmark_pipeline_ld_201/benchmark_results/indelsieve/from_candidate/variant_calling/stage2/mt/no_cnv/smc_mu_ld_stage_1-smc_mu_ld_stage_2/0007/indelsieve_median.ternary	/raid/kang/DelSIEVE/simulation_results/IndelSIEVE_benchmark_pipeline_ld_201/benchmark_results/indelsieve/from_candidate/variant_calling/stage2/mt/no_cnv/smc_mu_ld_stage_1-smc_mu_ld_stage_2/0007/indelsieve_median.probs	4950	78	35316	1616	0.7538836430094426	0.9844868735083532	0.8538899430740037	0.0022037633497202	4950	78	35869	1063	0.8232163645434891	0.9844868735083532	0.8966579114210669	0.0021698611845216	4904	91	35902	1063	0.8218535277358807	0.9817817817817818	0.8947272395548258	0.0025282693857138	26	7	41922	5	0.8387096774193549	0.7878787878787878	0.8125	0.0001669488897898	31	78	0	5	0	0	16064	16	0.0	NA	0.0	NA	0	0	16080	0	NA	NA	0.0	NA	0	0	16065	15	0.0	NA	0.0	NA	0	0	16079	1	0.0	NA	0.0	NA	1	0	8	7	0	0	16080	0	NA	NA	0.0	NA
40	5	20	0.001999	0.16334	1e-06	1e-07	0.0	0007	sieve	candidate_snvs	smc_mu_sa_stage_1-smc_mu_sa_stage_2	mt	no_cnv	/raid/kang/DelSIEVE/simulation_results/IndelSIEVE_benchmark_pipeline_ld_201/benchmark_results/simulated_data/results/cell_names	/raid/kang/DelSIEVE/simulation_results/IndelSIEVE_benchmark_pipeline_ld_201/benchmark_results/indelsieve/from_candidate/variant_calling/stage2/mt/no_cnv/smc_mu_sa_stage_1-smc_mu_sa_stage_2/0007/indelsieve_median.cell_names	/raid/kang/DelSIEVE/simulation_results/IndelSIEVE_benchmark_pipeline_ld_201/benchmark_results/simulated_data/results/data_type/no_cnv/0007/true_evo_events_sites_names	/raid/kang/DelSIEVE/simulation_results/IndelSIEVE_benchmark_pipeline_ld_201/benchmark_results/indelsieve/from_candidate/variant_calling/stage2/mt/no_cnv/smc_mu_sa_stage_1-smc_mu_sa_stage_2/0007/indelsieve_median.loci_info	/raid/kang/DelSIEVE/simulation_results/IndelSIEVE_benchmark_pipeline_ld_201/benchmark_results/simulated_data/results/data_type/no_cnv/0007/true_evo_events_genotypes_numeric	/raid/kang/DelSIEVE/simulation_results/IndelSIEVE_benchmark_pipeline_ld_201/benchmark_results/indelsieve/from_candidate/variant_calling/stage2/mt/no_cnv/smc_mu_sa_stage_1-smc_mu_sa_stage_2/0007/indelsieve_median.genotypes	/raid/kang/DelSIEVE/simulation_results/IndelSIEVE_benchmark_pipeline_ld_201/benchmark_results/simulated_data/results/data_type/no_cnv/0007/true_evo_events_ternary_matrix.simple	/raid/kang/DelSIEVE/simulation_results/IndelSIEVE_benchmark_pipeline_ld_201/benchmark_results/indelsieve/from_candidate/variant_calling/stage2/mt/no_cnv/smc_mu_sa_stage_1-smc_mu_sa_stage_2/0007/indelsieve_median.ternary	/raid/kang/DelSIEVE/simulation_results/IndelSIEVE_benchmark_pipeline_ld_201/benchmark_results/indelsieve/from_candidate/variant_calling/stage2/mt/no_cnv/smc_mu_sa_stage_1-smc_mu_sa_stage_2/0007/indelsieve_median.probs	4962	79	35315	1604	0.7557112397197685	0.98432850624876	0.8550012923235979	0.0022320167259987	4962	79	35868	1051	0.8252120405787461	0.98432850624876	0.8977745612447983	0.0021976799176565	4916	92	35901	1051	0.823864588570471	0.981629392971246	0.8958542141230068	0.0025560525657766	26	7	41922	5	0.8387096774193549	0.7878787878787878	0.8125	0.0001669488897898	31	79	0	5	0	0	16064	16	0.0	NA	0.0	NA	0	0	16080	0	NA	NA	0.0	NA	0	0	16065	15	0.0	NA	0.0	NA	0	0	16079	1	0.0	NA	0.0	NA	1	0	8	7	0	0	16080	0	NA	NA	0.0	NA
40	5	20	0.001999	0.16334	1e-06	1e-07	0.0	0007	indelsieve	candidate_snvs	smc_mudel_ld_stage_1-smc_mudel_ld_stage_2	mt	no_cnv	/raid/kang/DelSIEVE/simulation_results/IndelSIEVE_benchmark_pipeline_ld_201/benchmark_results/simulated_data/results/cell_names	/raid/kang/DelSIEVE/simulation_results/IndelSIEVE_benchmark_pipeline_ld_201/benchmark_results/indelsieve/from_candidate/variant_calling/stage2/mt/no_cnv/smc_mudel_ld_stage_1-smc_mudel_ld_stage_2/0007/indelsieve_median.cell_names	/raid/kang/DelSIEVE/simulation_results/IndelSIEVE_benchmark_pipeline_ld_201/benchmark_results/simulated_data/results/data_type/no_cnv/0007/true_evo_events_sites_names	/raid/kang/DelSIEVE/simulation_results/IndelSIEVE_benchmark_pipeline_ld_201/benchmark_results/indelsieve/from_candidate/variant_calling/stage2/mt/no_cnv/smc_mudel_ld_stage_1-smc_mudel_ld_stage_2/0007/indelsieve_median.loci_info	/raid/kang/DelSIEVE/simulation_results/IndelSIEVE_benchmark_pipeline_ld_201/benchmark_results/simulated_data/results/data_type/no_cnv/0007/true_evo_events_genotypes_numeric	/raid/kang/DelSIEVE/simulation_results/IndelSIEVE_benchmark_pipeline_ld_201/benchmark_results/indelsieve/from_candidate/variant_calling/stage2/mt/no_cnv/smc_mudel_ld_stage_1-smc_mudel_ld_stage_2/0007/indelsieve_median.genotypes	/raid/kang/DelSIEVE/simulation_results/IndelSIEVE_benchmark_pipeline_ld_201/benchmark_results/simulated_data/results/data_type/no_cnv/0007/true_evo_events_ternary_matrix.simple	/raid/kang/DelSIEVE/simulation_results/IndelSIEVE_benchmark_pipeline_ld_201/benchmark_results/indelsieve/from_candidate/variant_calling/stage2/mt/no_cnv/smc_mudel_ld_stage_1-smc_mudel_ld_stage_2/0007/indelsieve_median.ternary	/raid/kang/DelSIEVE/simulation_results/IndelSIEVE_benchmark_pipeline_ld_201/benchmark_results/indelsieve/from_candidate/variant_calling/stage2/mt/no_cnv/smc_mudel_ld_stage_1-smc_mudel_ld_stage_2/0007/indelsieve_median.probs	4953	77	35317	1613	0.7543405421870241	0.9846918489065606	0.8542600896860988	0.0021755099734418	4953	77	35870	1060	0.8237152835523034	0.9846918489065606	0.8970388481390926	0.0021420424513867	4907	90	35903	1060	0.8223562929445283	0.9819891935161096	0.895111273257935	0.002500486205651	26	7	41922	5	0.8387096774193549	0.7878787878787878	0.8125	0.0001669488897898	31	77	0	5	0	0	16064	16	0.0	NA	0.0	NA	0	0	16080	0	NA	NA	0.0	NA	0	0	16065	15	0.0	NA	0.0	NA	0	0	16079	1	0.0	NA	0.0	NA	1	0	8	7	0	0	16080	0	NA	NA	0.0	NA
40	5	20	0.001999	0.16334	1e-06	1e-07	0.0	0007	indelsieve	candidate_snvs	smc_mudel_sa_stage_1-smc_mudel_sa_stage_2	mt	no_cnv	/raid/kang/DelSIEVE/simulation_results/IndelSIEVE_benchmark_pipeline_ld_201/benchmark_results/simulated_data/results/cell_names	/raid/kang/DelSIEVE/simulation_results/IndelSIEVE_benchmark_pipeline_ld_201/benchmark_results/indelsieve/from_candidate/variant_calling/stage2/mt/no_cnv/smc_mudel_sa_stage_1-smc_mudel_sa_stage_2/0007/indelsieve_median.cell_names	/raid/kang/DelSIEVE/simulation_results/IndelSIEVE_benchmark_pipeline_ld_201/benchmark_results/simulated_data/results/data_type/no_cnv/0007/true_evo_events_sites_names	/raid/kang/DelSIEVE/simulation_results/IndelSIEVE_benchmark_pipeline_ld_201/benchmark_results/indelsieve/from_candidate/variant_calling/stage2/mt/no_cnv/smc_mudel_sa_stage_1-smc_mudel_sa_stage_2/0007/indelsieve_median.loci_info	/raid/kang/DelSIEVE/simulation_results/IndelSIEVE_benchmark_pipeline_ld_201/benchmark_results/simulated_data/results/data_type/no_cnv/0007/true_evo_events_genotypes_numeric	/raid/kang/DelSIEVE/simulation_results/IndelSIEVE_benchmark_pipeline_ld_201/benchmark_results/indelsieve/from_candidate/variant_calling/stage2/mt/no_cnv/smc_mudel_sa_stage_1-smc_mudel_sa_stage_2/0007/indelsieve_median.genotypes	/raid/kang/DelSIEVE/simulation_results/IndelSIEVE_benchmark_pipeline_ld_201/benchmark_results/simulated_data/results/data_type/no_cnv/0007/true_evo_events_ternary_matrix.simple	/raid/kang/DelSIEVE/simulation_results/IndelSIEVE_benchmark_pipeline_ld_201/benchmark_results/indelsieve/from_candidate/variant_calling/stage2/mt/no_cnv/smc_mudel_sa_stage_1-smc_mudel_sa_stage_2/0007/indelsieve_median.ternary	/raid/kang/DelSIEVE/simulation_results/IndelSIEVE_benchmark_pipeline_ld_201/benchmark_results/indelsieve/from_candidate/variant_calling/stage2/mt/no_cnv/smc_mudel_sa_stage_1-smc_mudel_sa_stage_2/0007/indelsieve_median.probs	4962	80	35314	1604	0.7557112397197685	0.9841332804442682	0.8549276361130256	0.0022602701022772	4962	80	35867	1051	0.8252120405787461	0.9841332804442682	0.8976933514246946	0.0022254986507914	4916	93	35900	1051	0.823864588570471	0.9814334198442805	0.8957725947521867	0.0025838357458394	26	7	41922	5	0.8387096774193549	0.7878787878787878	0.8125	0.0001669488897898	31	80	0	5	0	0	16064	16	0.0	NA	0.0	NA	0	0	16080	0	NA	NA	0.0	NA	0	0	16065	15	0.0	NA	0.0	NA	0	0	16079	1	0.0	NA	0.0	NA	1	0	8	7	0	0	16080	0	NA	NA	0.0	NA
40	5	20	0.001999	0.16334	1e-06	1e-07	0.0	0008	sieve	candidate_snvs	smc_mu_ld_stage_1-smc_mu_ld_stage_2	mt	no_cnv	/raid/kang/DelSIEVE/simulation_results/IndelSIEVE_benchmark_pipeline_ld_201/benchmark_results/simulated_data/results/cell_names	/raid/kang/DelSIEVE/simulation_results/IndelSIEVE_benchmark_pipeline_ld_201/benchmark_results/indelsieve/from_candidate/variant_calling/stage2/mt/no_cnv/smc_mu_ld_stage_1-smc_mu_ld_stage_2/0008/indelsieve_median.cell_names	/raid/kang/DelSIEVE/simulation_results/IndelSIEVE_benchmark_pipeline_ld_201/benchmark_results/simulated_data/results/data_type/no_cnv/0008/true_evo_events_sites_names	/raid/kang/DelSIEVE/simulation_results/IndelSIEVE_benchmark_pipeline_ld_201/benchmark_results/indelsieve/from_candidate/variant_calling/stage2/mt/no_cnv/smc_mu_ld_stage_1-smc_mu_ld_stage_2/0008/indelsieve_median.loci_info	/raid/kang/DelSIEVE/simulation_results/IndelSIEVE_benchmark_pipeline_ld_201/benchmark_results/simulated_data/results/data_type/no_cnv/0008/true_evo_events_genotypes_numeric	/raid/kang/DelSIEVE/simulation_results/IndelSIEVE_benchmark_pipeline_ld_201/benchmark_results/indelsieve/from_candidate/variant_calling/stage2/mt/no_cnv/smc_mu_ld_stage_1-smc_mu_ld_stage_2/0008/indelsieve_median.genotypes	/raid/kang/DelSIEVE/simulation_results/IndelSIEVE_benchmark_pipeline_ld_201/benchmark_results/simulated_data/results/data_type/no_cnv/0008/true_evo_events_ternary_matrix.simple	/raid/kang/DelSIEVE/simulation_results/IndelSIEVE_benchmark_pipeline_ld_201/benchmark_results/indelsieve/from_candidate/variant_calling/stage2/mt/no_cnv/smc_mu_ld_stage_1-smc_mu_ld_stage_2/0008/indelsieve_median.ternary	/raid/kang/DelSIEVE/simulation_results/IndelSIEVE_benchmark_pipeline_ld_201/benchmark_results/indelsieve/from_candidate/variant_calling/stage2/mt/no_cnv/smc_mu_ld_stage_1-smc_mu_ld_stage_2/0008/indelsieve_median.probs	7819	103	36330	1868	0.8071642407350057	0.9869982327695026	0.8880686012834346	0.0028271072928389	7819	103	37001	1197	0.8672360248447205	0.9869982327695026	0.9232494981697956	0.0027759810263044	7746	127	37042	1205	0.8653781700368673	0.9838689190905628	0.920827389443652	0.0034168258494982	41	8	46047	24	0.6307692307692307	0.8367346938775511	0.7192982456140352	0.0001737053522961	65	103	0	24	0	0	23869	11	0.0	NA	0.0	NA	0	0	23880	0	NA	NA	0.0	NA	0	0	23880	0	NA	NA	0.0	NA	0	0	23869	11	0.0	NA	0.0	NA	11	0	0	0	0	0	23880	0	NA	NA	0.0	NA
40	5	20	0.001999	0.16334	1e-06	1e-07	0.0	0008	sieve	candidate_snvs	smc_mu_sa_stage_1-smc_mu_sa_stage_2	mt	no_cnv	/raid/kang/DelSIEVE/simulation_results/IndelSIEVE_benchmark_pipeline_ld_201/benchmark_results/simulated_data/results/cell_names	/raid/kang/DelSIEVE/simulation_results/IndelSIEVE_benchmark_pipeline_ld_201/benchmark_results/indelsieve/from_candidate/variant_calling/stage2/mt/no_cnv/smc_mu_sa_stage_1-smc_mu_sa_stage_2/0008/indelsieve_median.cell_names	/raid/kang/DelSIEVE/simulation_results/IndelSIEVE_benchmark_pipeline_ld_201/benchmark_results/simulated_data/results/data_type/no_cnv/0008/true_evo_events_sites_names	/raid/kang/DelSIEVE/simulation_results/IndelSIEVE_benchmark_pipeline_ld_201/benchmark_results/indelsieve/from_candidate/variant_calling/stage2/mt/no_cnv/smc_mu_sa_stage_1-smc_mu_sa_stage_2/0008/indelsieve_median.loci_info	/raid/kang/DelSIEVE/simulation_results/IndelSIEVE_benchmark_pipeline_ld_201/benchmark_results/simulated_data/results/data_type/no_cnv/0008/true_evo_events_genotypes_numeric	/raid/kang/DelSIEVE/simulation_results/IndelSIEVE_benchmark_pipeline_ld_201/benchmark_results/indelsieve/from_candidate/variant_calling/stage2/mt/no_cnv/smc_mu_sa_stage_1-smc_mu_sa_stage_2/0008/indelsieve_median.genotypes	/raid/kang/DelSIEVE/simulation_results/IndelSIEVE_benchmark_pipeline_ld_201/benchmark_results/simulated_data/results/data_type/no_cnv/0008/true_evo_events_ternary_matrix.simple	/raid/kang/DelSIEVE/simulation_results/IndelSIEVE_benchmark_pipeline_ld_201/benchmark_results/indelsieve/from_candidate/variant_calling/stage2/mt/no_cnv/smc_mu_sa_stage_1-smc_mu_sa_stage_2/0008/indelsieve_median.ternary	/raid/kang/DelSIEVE/simulation_results/IndelSIEVE_benchmark_pipeline_ld_201/benchmark_results/indelsieve/from_candidate/variant_calling/stage2/mt/no_cnv/smc_mu_sa_stage_1-smc_mu_sa_stage_2/0008/indelsieve_median.probs	7819	116	36317	1868	0.8071642407350057	0.985381222432262	0.8874134604471684	0.0031839266598962	7819	116	36988	1197	0.8672360248447205	0.985381222432262	0.9225414429827148	0.003126347563605	7746	138	37031	1205	0.8653781700368673	0.982496194824962	0.9202257202257204	0.0037127713955177	43	8	46047	22	0.6615384615384615	0.8431372549019608	0.7413793103448276	0.0001737053522961	65	116	0	22	0	0	23869	11	0.0	NA	0.0	NA	0	0	23880	0	NA	NA	0.0	NA	0	0	23880	0	NA	NA	0.0	NA	0	0	23869	11	0.0	NA	0.0	NA	11	0	0	0	0	0	23880	0	NA	NA	0.0	NA
40	5	20	0.001999	0.16334	1e-06	1e-07	0.0	0008	indelsieve	candidate_snvs	smc_mudel_ld_stage_1-smc_mudel_ld_stage_2	mt	no_cnv	/raid/kang/DelSIEVE/simulation_results/IndelSIEVE_benchmark_pipeline_ld_201/benchmark_results/simulated_data/results/cell_names	/raid/kang/DelSIEVE/simulation_results/IndelSIEVE_benchmark_pipeline_ld_201/benchmark_results/indelsieve/from_candidate/variant_calling/stage2/mt/no_cnv/smc_mudel_ld_stage_1-smc_mudel_ld_stage_2/0008/indelsieve_median.cell_names	/raid/kang/DelSIEVE/simulation_results/IndelSIEVE_benchmark_pipeline_ld_201/benchmark_results/simulated_data/results/data_type/no_cnv/0008/true_evo_events_sites_names	/raid/kang/DelSIEVE/simulation_results/IndelSIEVE_benchmark_pipeline_ld_201/benchmark_results/indelsieve/from_candidate/variant_calling/stage2/mt/no_cnv/smc_mudel_ld_stage_1-smc_mudel_ld_stage_2/0008/indelsieve_median.loci_info	/raid/kang/DelSIEVE/simulation_results/IndelSIEVE_benchmark_pipeline_ld_201/benchmark_results/simulated_data/results/data_type/no_cnv/0008/true_evo_events_genotypes_numeric	/raid/kang/DelSIEVE/simulation_results/IndelSIEVE_benchmark_pipeline_ld_201/benchmark_results/indelsieve/from_candidate/variant_calling/stage2/mt/no_cnv/smc_mudel_ld_stage_1-smc_mudel_ld_stage_2/0008/indelsieve_median.genotypes	/raid/kang/DelSIEVE/simulation_results/IndelSIEVE_benchmark_pipeline_ld_201/benchmark_results/simulated_data/results/data_type/no_cnv/0008/true_evo_events_ternary_matrix.simple	/raid/kang/DelSIEVE/simulation_results/IndelSIEVE_benchmark_pipeline_ld_201/benchmark_results/indelsieve/from_candidate/variant_calling/stage2/mt/no_cnv/smc_mudel_ld_stage_1-smc_mudel_ld_stage_2/0008/indelsieve_median.ternary	/raid/kang/DelSIEVE/simulation_results/IndelSIEVE_benchmark_pipeline_ld_201/benchmark_results/indelsieve/from_candidate/variant_calling/stage2/mt/no_cnv/smc_mudel_ld_stage_1-smc_mudel_ld_stage_2/0008/indelsieve_median.probs	7822	107	36326	1865	0.8074739341385362	0.986505233951318	0.8880563124432334	0.002936897867318	7822	107	36997	1194	0.8675687666370896	0.986505233951318	0.923222189436412	0.0028837861147046	7749	131	37038	1202	0.8657133281197632	0.9833756345177666	0.9208009030954788	0.0035244424116871	41	8	46047	24	0.6307692307692307	0.8367346938775511	0.7192982456140352	0.0001737053522961	65	107	0	24	0	0	23869	11	0.0	NA	0.0	NA	0	0	23880	0	NA	NA	0.0	NA	0	0	23880	0	NA	NA	0.0	NA	0	0	23869	11	0.0	NA	0.0	NA	11	0	0	0	0	0	23880	0	NA	NA	0.0	NA
40	5	20	0.001999	0.16334	1e-06	1e-07	0.0	0008	indelsieve	candidate_snvs	smc_mudel_sa_stage_1-smc_mudel_sa_stage_2	mt	no_cnv	/raid/kang/DelSIEVE/simulation_results/IndelSIEVE_benchmark_pipeline_ld_201/benchmark_results/simulated_data/results/cell_names	/raid/kang/DelSIEVE/simulation_results/IndelSIEVE_benchmark_pipeline_ld_201/benchmark_results/indelsieve/from_candidate/variant_calling/stage2/mt/no_cnv/smc_mudel_sa_stage_1-smc_mudel_sa_stage_2/0008/indelsieve_median.cell_names	/raid/kang/DelSIEVE/simulation_results/IndelSIEVE_benchmark_pipeline_ld_201/benchmark_results/simulated_data/results/data_type/no_cnv/0008/true_evo_events_sites_names	/raid/kang/DelSIEVE/simulation_results/IndelSIEVE_benchmark_pipeline_ld_201/benchmark_results/indelsieve/from_candidate/variant_calling/stage2/mt/no_cnv/smc_mudel_sa_stage_1-smc_mudel_sa_stage_2/0008/indelsieve_median.loci_info	/raid/kang/DelSIEVE/simulation_results/IndelSIEVE_benchmark_pipeline_ld_201/benchmark_results/simulated_data/results/data_type/no_cnv/0008/true_evo_events_genotypes_numeric	/raid/kang/DelSIEVE/simulation_results/IndelSIEVE_benchmark_pipeline_ld_201/benchmark_results/indelsieve/from_candidate/variant_calling/stage2/mt/no_cnv/smc_mudel_sa_stage_1-smc_mudel_sa_stage_2/0008/indelsieve_median.genotypes	/raid/kang/DelSIEVE/simulation_results/IndelSIEVE_benchmark_pipeline_ld_201/benchmark_results/simulated_data/results/data_type/no_cnv/0008/true_evo_events_ternary_matrix.simple	/raid/kang/DelSIEVE/simulation_results/IndelSIEVE_benchmark_pipeline_ld_201/benchmark_results/indelsieve/from_candidate/variant_calling/stage2/mt/no_cnv/smc_mudel_sa_stage_1-smc_mudel_sa_stage_2/0008/indelsieve_median.ternary	/raid/kang/DelSIEVE/simulation_results/IndelSIEVE_benchmark_pipeline_ld_201/benchmark_results/indelsieve/from_candidate/variant_calling/stage2/mt/no_cnv/smc_mudel_sa_stage_1-smc_mudel_sa_stage_2/0008/indelsieve_median.probs	7819	117	36316	1868	0.8071642407350057	0.9852570564516128	0.8873631050331953	0.003211374303516	7819	117	36987	1197	0.8672360248447205	0.9852570564516128	0.9224870221802738	0.003153298835705	7746	139	37030	1205	0.8653781700368673	0.9823715916296766	0.9201710620099788	0.003739675536065	43	8	46047	22	0.6615384615384615	0.8431372549019608	0.7413793103448276	0.0001737053522961	65	117	0	22	0	0	23869	11	0.0	NA	0.0	NA	0	0	23880	0	NA	NA	0.0	NA	0	0	23880	0	NA	NA	0.0	NA	0	0	23869	11	0.0	NA	0.0	NA	11	0	0	0	0	0	23880	0	NA	NA	0.0	NA
40	5	20	0.001999	0.16334	1e-06	1e-07	0.0	0009	sieve	candidate_snvs	smc_mu_ld_stage_1-smc_mu_ld_stage_2	mt	no_cnv	/raid/kang/DelSIEVE/simulation_results/IndelSIEVE_benchmark_pipeline_ld_201/benchmark_results/simulated_data/results/cell_names	/raid/kang/DelSIEVE/simulation_results/IndelSIEVE_benchmark_pipeline_ld_201/benchmark_results/indelsieve/from_candidate/variant_calling/stage2/mt/no_cnv/smc_mu_ld_stage_1-smc_mu_ld_stage_2/0009/indelsieve_median.cell_names	/raid/kang/DelSIEVE/simulation_results/IndelSIEVE_benchmark_pipeline_ld_201/benchmark_results/simulated_data/results/data_type/no_cnv/0009/true_evo_events_sites_names	/raid/kang/DelSIEVE/simulation_results/IndelSIEVE_benchmark_pipeline_ld_201/benchmark_results/indelsieve/from_candidate/variant_calling/stage2/mt/no_cnv/smc_mu_ld_stage_1-smc_mu_ld_stage_2/0009/indelsieve_median.loci_info	/raid/kang/DelSIEVE/simulation_results/IndelSIEVE_benchmark_pipeline_ld_201/benchmark_results/simulated_data/results/data_type/no_cnv/0009/true_evo_events_genotypes_numeric	/raid/kang/DelSIEVE/simulation_results/IndelSIEVE_benchmark_pipeline_ld_201/benchmark_results/indelsieve/from_candidate/variant_calling/stage2/mt/no_cnv/smc_mu_ld_stage_1-smc_mu_ld_stage_2/0009/indelsieve_median.genotypes	/raid/kang/DelSIEVE/simulation_results/IndelSIEVE_benchmark_pipeline_ld_201/benchmark_results/simulated_data/results/data_type/no_cnv/0009/true_evo_events_ternary_matrix.simple	/raid/kang/DelSIEVE/simulation_results/IndelSIEVE_benchmark_pipeline_ld_201/benchmark_results/indelsieve/from_candidate/variant_calling/stage2/mt/no_cnv/smc_mu_ld_stage_1-smc_mu_ld_stage_2/0009/indelsieve_median.ternary	/raid/kang/DelSIEVE/simulation_results/IndelSIEVE_benchmark_pipeline_ld_201/benchmark_results/indelsieve/from_candidate/variant_calling/stage2/mt/no_cnv/smc_mu_ld_stage_1-smc_mu_ld_stage_2/0009/indelsieve_median.probs	6085	46	34613	1896	0.7624357849893497	0.9924971456532375	0.8623866213151927	0.0013272165959779	6085	46	35408	1101	0.8467854160868356	0.9924971456532375	0.9138694901254036	0.0012974558582952	6062	56	35423	1099	0.8465298142717498	0.9908466819221968	0.9130205587770164	0.0015783984892471	13	0	42615	12	0.52	1.0	0.6842105263157895	0.0	25	46	2	10	0	0	17519	1	0.0	NA	0.0	NA	0	0	17520	0	NA	NA	0.0	NA	0	0	17520	0	NA	NA	0.0	NA	0	0	17519	1	0.0	NA	0.0	NA	1	0	0	0	0	0	17520	0	NA	NA	0.0	NA
40	5	20	0.001999	0.16334	1e-06	1e-07	0.0	0009	sieve	candidate_snvs	smc_mu_sa_stage_1-smc_mu_sa_stage_2	mt	no_cnv	/raid/kang/DelSIEVE/simulation_results/IndelSIEVE_benchmark_pipeline_ld_201/benchmark_results/simulated_data/results/cell_names	/raid/kang/DelSIEVE/simulation_results/IndelSIEVE_benchmark_pipeline_ld_201/benchmark_results/indelsieve/from_candidate/variant_calling/stage2/mt/no_cnv/smc_mu_sa_stage_1-smc_mu_sa_stage_2/0009/indelsieve_median.cell_names	/raid/kang/DelSIEVE/simulation_results/IndelSIEVE_benchmark_pipeline_ld_201/benchmark_results/simulated_data/results/data_type/no_cnv/0009/true_evo_events_sites_names	/raid/kang/DelSIEVE/simulation_results/IndelSIEVE_benchmark_pipeline_ld_201/benchmark_results/indelsieve/from_candidate/variant_calling/stage2/mt/no_cnv/smc_mu_sa_stage_1-smc_mu_sa_stage_2/0009/indelsieve_median.loci_info	/raid/kang/DelSIEVE/simulation_results/IndelSIEVE_benchmark_pipeline_ld_201/benchmark_results/simulated_data/results/data_type/no_cnv/0009/true_evo_events_genotypes_numeric	/raid/kang/DelSIEVE/simulation_results/IndelSIEVE_benchmark_pipeline_ld_201/benchmark_results/indelsieve/from_candidate/variant_calling/stage2/mt/no_cnv/smc_mu_sa_stage_1-smc_mu_sa_stage_2/0009/indelsieve_median.genotypes	/raid/kang/DelSIEVE/simulation_results/IndelSIEVE_benchmark_pipeline_ld_201/benchmark_results/simulated_data/results/data_type/no_cnv/0009/true_evo_events_ternary_matrix.simple	/raid/kang/DelSIEVE/simulation_results/IndelSIEVE_benchmark_pipeline_ld_201/benchmark_results/indelsieve/from_candidate/variant_calling/stage2/mt/no_cnv/smc_mu_sa_stage_1-smc_mu_sa_stage_2/0009/indelsieve_median.ternary	/raid/kang/DelSIEVE/simulation_results/IndelSIEVE_benchmark_pipeline_ld_201/benchmark_results/indelsieve/from_candidate/variant_calling/stage2/mt/no_cnv/smc_mu_sa_stage_1-smc_mu_sa_stage_2/0009/indelsieve_median.probs	6085	49	34610	1896	0.7624357849893497	0.9920117378545812	0.8622033297910026	0.0014137742000634	6085	49	35405	1101	0.8467854160868356	0.9920117378545812	0.9136636636636636	0.0013820725447058	6062	59	35420	1099	0.8465298142717498	0.9903610521156674	0.9128143351904834	0.0016629555511711	13	0	42615	12	0.52	1.0	0.6842105263157895	0.0	25	49	2	10	0	0	17519	1	0.0	NA	0.0	NA	0	0	17520	0	NA	NA	0.0	NA	0	0	17520	0	NA	NA	0.0	NA	0	0	17519	1	0.0	NA	0.0	NA	1	0	0	0	0	0	17520	0	NA	NA	0.0	NA
40	5	20	0.001999	0.16334	1e-06	1e-07	0.0	0009	indelsieve	candidate_snvs	smc_mudel_ld_stage_1-smc_mudel_ld_stage_2	mt	no_cnv	/raid/kang/DelSIEVE/simulation_results/IndelSIEVE_benchmark_pipeline_ld_201/benchmark_results/simulated_data/results/cell_names	/raid/kang/DelSIEVE/simulation_results/IndelSIEVE_benchmark_pipeline_ld_201/benchmark_results/indelsieve/from_candidate/variant_calling/stage2/mt/no_cnv/smc_mudel_ld_stage_1-smc_mudel_ld_stage_2/0009/indelsieve_median.cell_names	/raid/kang/DelSIEVE/simulation_results/IndelSIEVE_benchmark_pipeline_ld_201/benchmark_results/simulated_data/results/data_type/no_cnv/0009/true_evo_events_sites_names	/raid/kang/DelSIEVE/simulation_results/IndelSIEVE_benchmark_pipeline_ld_201/benchmark_results/indelsieve/from_candidate/variant_calling/stage2/mt/no_cnv/smc_mudel_ld_stage_1-smc_mudel_ld_stage_2/0009/indelsieve_median.loci_info	/raid/kang/DelSIEVE/simulation_results/IndelSIEVE_benchmark_pipeline_ld_201/benchmark_results/simulated_data/results/data_type/no_cnv/0009/true_evo_events_genotypes_numeric	/raid/kang/DelSIEVE/simulation_results/IndelSIEVE_benchmark_pipeline_ld_201/benchmark_results/indelsieve/from_candidate/variant_calling/stage2/mt/no_cnv/smc_mudel_ld_stage_1-smc_mudel_ld_stage_2/0009/indelsieve_median.genotypes	/raid/kang/DelSIEVE/simulation_results/IndelSIEVE_benchmark_pipeline_ld_201/benchmark_results/simulated_data/results/data_type/no_cnv/0009/true_evo_events_ternary_matrix.simple	/raid/kang/DelSIEVE/simulation_results/IndelSIEVE_benchmark_pipeline_ld_201/benchmark_results/indelsieve/from_candidate/variant_calling/stage2/mt/no_cnv/smc_mudel_ld_stage_1-smc_mudel_ld_stage_2/0009/indelsieve_median.ternary	/raid/kang/DelSIEVE/simulation_results/IndelSIEVE_benchmark_pipeline_ld_201/benchmark_results/indelsieve/from_candidate/variant_calling/stage2/mt/no_cnv/smc_mudel_ld_stage_1-smc_mudel_ld_stage_2/0009/indelsieve_median.probs	6085	78	34581	1896	0.7624357849893497	0.9873438260587376	0.8604355203619908	0.0022504977062234	6085	46	35408	1101	0.8467854160868356	0.9924971456532375	0.9138694901254036	0.0012974558582952	6062	56	35423	1099	0.8465298142717498	0.9908466819221968	0.9130205587770164	0.0015783984892471	13	0	42615	12	0.52	1.0	0.6842105263157895	0.0	25	46	2	10	0	32	17487	1	0.0	0.0	0.0018265882755865	NA	0	0	17520	0	NA	NA	0.0	NA	0	0	17520	0	NA	NA	0.0	NA	0	32	17487	1	0.0	0.0	0.0018265882755865	NA	1	0	0	0	0	0	17520	0	NA	NA	0.0	NA
40	5	20	0.001999	0.16334	1e-06	1e-07	0.0	0009	indelsieve	candidate_snvs	smc_mudel_sa_stage_1-smc_mudel_sa_stage_2	mt	no_cnv	/raid/kang/DelSIEVE/simulation_results/IndelSIEVE_benchmark_pipeline_ld_201/benchmark_results/simulated_data/results/cell_names	/raid/kang/DelSIEVE/simulation_results/IndelSIEVE_benchmark_pipeline_ld_201/benchmark_results/indelsieve/from_candidate/variant_calling/stage2/mt/no_cnv/smc_mudel_sa_stage_1-smc_mudel_sa_stage_2/0009/indelsieve_median.cell_names	/raid/kang/DelSIEVE/simulation_results/IndelSIEVE_benchmark_pipeline_ld_201/benchmark_results/simulated_data/results/data_type/no_cnv/0009/true_evo_events_sites_names	/raid/kang/DelSIEVE/simulation_results/IndelSIEVE_benchmark_pipeline_ld_201/benchmark_results/indelsieve/from_candidate/variant_calling/stage2/mt/no_cnv/smc_mudel_sa_stage_1-smc_mudel_sa_stage_2/0009/indelsieve_median.loci_info	/raid/kang/DelSIEVE/simulation_results/IndelSIEVE_benchmark_pipeline_ld_201/benchmark_results/simulated_data/results/data_type/no_cnv/0009/true_evo_events_genotypes_numeric	/raid/kang/DelSIEVE/simulation_results/IndelSIEVE_benchmark_pipeline_ld_201/benchmark_results/indelsieve/from_candidate/variant_calling/stage2/mt/no_cnv/smc_mudel_sa_stage_1-smc_mudel_sa_stage_2/0009/indelsieve_median.genotypes	/raid/kang/DelSIEVE/simulation_results/IndelSIEVE_benchmark_pipeline_ld_201/benchmark_results/simulated_data/results/data_type/no_cnv/0009/true_evo_events_ternary_matrix.simple	/raid/kang/DelSIEVE/simulation_results/IndelSIEVE_benchmark_pipeline_ld_201/benchmark_results/indelsieve/from_candidate/variant_calling/stage2/mt/no_cnv/smc_mudel_sa_stage_1-smc_mudel_sa_stage_2/0009/indelsieve_median.ternary	/raid/kang/DelSIEVE/simulation_results/IndelSIEVE_benchmark_pipeline_ld_201/benchmark_results/indelsieve/from_candidate/variant_calling/stage2/mt/no_cnv/smc_mudel_sa_stage_1-smc_mudel_sa_stage_2/0009/indelsieve_median.probs	6085	47	34612	1896	0.7624357849893497	0.9923352902804956	0.8623255154821796	0.0013560691306731	6085	47	35407	1101	0.8467854160868356	0.9923352902804956	0.913800871001652	0.0013256614204321	6062	57	35422	1099	0.8465298142717498	0.9906847524105246	0.9129518072289156	0.0016065841765551	13	0	42615	12	0.52	1.0	0.6842105263157895	0.0	25	47	2	10	0	0	17519	1	0.0	NA	0.0	NA	0	0	17520	0	NA	NA	0.0	NA	0	0	17520	0	NA	NA	0.0	NA	0	0	17519	1	0.0	NA	0.0	NA	1	0	0	0	0	0	17520	0	NA	NA	0.0	NA
40	5	20	0.001999	0.16334	1e-06	1e-07	0.0	0010	sieve	candidate_snvs	smc_mu_ld_stage_1-smc_mu_ld_stage_2	mt	no_cnv	/raid/kang/DelSIEVE/simulation_results/IndelSIEVE_benchmark_pipeline_ld_201/benchmark_results/simulated_data/results/cell_names	/raid/kang/DelSIEVE/simulation_results/IndelSIEVE_benchmark_pipeline_ld_201/benchmark_results/indelsieve/from_candidate/variant_calling/stage2/mt/no_cnv/smc_mu_ld_stage_1-smc_mu_ld_stage_2/0010/indelsieve_median.cell_names	/raid/kang/DelSIEVE/simulation_results/IndelSIEVE_benchmark_pipeline_ld_201/benchmark_results/simulated_data/results/data_type/no_cnv/0010/true_evo_events_sites_names	/raid/kang/DelSIEVE/simulation_results/IndelSIEVE_benchmark_pipeline_ld_201/benchmark_results/indelsieve/from_candidate/variant_calling/stage2/mt/no_cnv/smc_mu_ld_stage_1-smc_mu_ld_stage_2/0010/indelsieve_median.loci_info	/raid/kang/DelSIEVE/simulation_results/IndelSIEVE_benchmark_pipeline_ld_201/benchmark_results/simulated_data/results/data_type/no_cnv/0010/true_evo_events_genotypes_numeric	/raid/kang/DelSIEVE/simulation_results/IndelSIEVE_benchmark_pipeline_ld_201/benchmark_results/indelsieve/from_candidate/variant_calling/stage2/mt/no_cnv/smc_mu_ld_stage_1-smc_mu_ld_stage_2/0010/indelsieve_median.genotypes	/raid/kang/DelSIEVE/simulation_results/IndelSIEVE_benchmark_pipeline_ld_201/benchmark_results/simulated_data/results/data_type/no_cnv/0010/true_evo_events_ternary_matrix.simple	/raid/kang/DelSIEVE/simulation_results/IndelSIEVE_benchmark_pipeline_ld_201/benchmark_results/indelsieve/from_candidate/variant_calling/stage2/mt/no_cnv/smc_mu_ld_stage_1-smc_mu_ld_stage_2/0010/indelsieve_median.ternary	/raid/kang/DelSIEVE/simulation_results/IndelSIEVE_benchmark_pipeline_ld_201/benchmark_results/indelsieve/from_candidate/variant_calling/stage2/mt/no_cnv/smc_mu_ld_stage_1-smc_mu_ld_stage_2/0010/indelsieve_median.probs	5386	50	34308	1496	0.7826213310084278	0.9908020603384842	0.8744926124370839	0.0014552651493102	5386	50	34989	815	0.8685695855507176	0.9908020603384842	0.925668127524276	0.0014269813636233	5354	63	35010	813	0.8681692881465867	0.9883699464648328	0.924378453038674	0.0017962535283551	0	19	41213	8	0.0	0.0	NA	0.0004608071400853	8	50	2	6	0	0	20013	67	0.0	NA	0.0	NA	0	0	20080	0	NA	NA	0.0	NA	0	0	20054	26	0.0	NA	0.0	NA	0	0	20039	41	0.0	NA	0.0	NA	41	0	7	19	0	0	20080	0	NA	NA	0.0	NA
40	5	20	0.001999	0.16334	1e-06	1e-07	0.0	0010	sieve	candidate_snvs	smc_mu_sa_stage_1-smc_mu_sa_stage_2	mt	no_cnv	/raid/kang/DelSIEVE/simulation_results/IndelSIEVE_benchmark_pipeline_ld_201/benchmark_results/simulated_data/results/cell_names	/raid/kang/DelSIEVE/simulation_results/IndelSIEVE_benchmark_pipeline_ld_201/benchmark_results/indelsieve/from_candidate/variant_calling/stage2/mt/no_cnv/smc_mu_sa_stage_1-smc_mu_sa_stage_2/0010/indelsieve_median.cell_names	/raid/kang/DelSIEVE/simulation_results/IndelSIEVE_benchmark_pipeline_ld_201/benchmark_results/simulated_data/results/data_type/no_cnv/0010/true_evo_events_sites_names	/raid/kang/DelSIEVE/simulation_results/IndelSIEVE_benchmark_pipeline_ld_201/benchmark_results/indelsieve/from_candidate/variant_calling/stage2/mt/no_cnv/smc_mu_sa_stage_1-smc_mu_sa_stage_2/0010/indelsieve_median.loci_info	/raid/kang/DelSIEVE/simulation_results/IndelSIEVE_benchmark_pipeline_ld_201/benchmark_results/simulated_data/results/data_type/no_cnv/0010/true_evo_events_genotypes_numeric	/raid/kang/DelSIEVE/simulation_results/IndelSIEVE_benchmark_pipeline_ld_201/benchmark_results/indelsieve/from_candidate/variant_calling/stage2/mt/no_cnv/smc_mu_sa_stage_1-smc_mu_sa_stage_2/0010/indelsieve_median.genotypes	/raid/kang/DelSIEVE/simulation_results/IndelSIEVE_benchmark_pipeline_ld_201/benchmark_results/simulated_data/results/data_type/no_cnv/0010/true_evo_events_ternary_matrix.simple	/raid/kang/DelSIEVE/simulation_results/IndelSIEVE_benchmark_pipeline_ld_201/benchmark_results/indelsieve/from_candidate/variant_calling/stage2/mt/no_cnv/smc_mu_sa_stage_1-smc_mu_sa_stage_2/0010/indelsieve_median.ternary	/raid/kang/DelSIEVE/simulation_results/IndelSIEVE_benchmark_pipeline_ld_201/benchmark_results/indelsieve/from_candidate/variant_calling/stage2/mt/no_cnv/smc_mu_sa_stage_1-smc_mu_sa_stage_2/0010/indelsieve_median.probs	5390	50	34308	1492	0.7832025573961058	0.9908088235294118	0.8748579776010388	0.0014552651493102	5390	50	34989	811	0.8692146427995484	0.9908088235294118	0.9260372820204448	0.0014269813636233	5358	63	35010	809	0.8688179017350414	0.9883785279468732	0.9247497411114948	0.0017962535283551	0	19	41213	8	0.0	0.0	NA	0.0004608071400853	8	50	2	6	0	0	20013	67	0.0	NA	0.0	NA	0	0	20080	0	NA	NA	0.0	NA	0	0	20054	26	0.0	NA	0.0	NA	0	0	20039	41	0.0	NA	0.0	NA	41	0	7	19	0	0	20080	0	NA	NA	0.0	NA
40	5	20	0.001999	0.16334	1e-06	1e-07	0.0	0010	indelsieve	candidate_snvs	smc_mudel_ld_stage_1-smc_mudel_ld_stage_2	mt	no_cnv	/raid/kang/DelSIEVE/simulation_results/IndelSIEVE_benchmark_pipeline_ld_201/benchmark_results/simulated_data/results/cell_names	/raid/kang/DelSIEVE/simulation_results/IndelSIEVE_benchmark_pipeline_ld_201/benchmark_results/indelsieve/from_candidate/variant_calling/stage2/mt/no_cnv/smc_mudel_ld_stage_1-smc_mudel_ld_stage_2/0010/indelsieve_median.cell_names	/raid/kang/DelSIEVE/simulation_results/IndelSIEVE_benchmark_pipeline_ld_201/benchmark_results/simulated_data/results/data_type/no_cnv/0010/true_evo_events_sites_names	/raid/kang/DelSIEVE/simulation_results/IndelSIEVE_benchmark_pipeline_ld_201/benchmark_results/indelsieve/from_candidate/variant_calling/stage2/mt/no_cnv/smc_mudel_ld_stage_1-smc_mudel_ld_stage_2/0010/indelsieve_median.loci_info	/raid/kang/DelSIEVE/simulation_results/IndelSIEVE_benchmark_pipeline_ld_201/benchmark_results/simulated_data/results/data_type/no_cnv/0010/true_evo_events_genotypes_numeric	/raid/kang/DelSIEVE/simulation_results/IndelSIEVE_benchmark_pipeline_ld_201/benchmark_results/indelsieve/from_candidate/variant_calling/stage2/mt/no_cnv/smc_mudel_ld_stage_1-smc_mudel_ld_stage_2/0010/indelsieve_median.genotypes	/raid/kang/DelSIEVE/simulation_results/IndelSIEVE_benchmark_pipeline_ld_201/benchmark_results/simulated_data/results/data_type/no_cnv/0010/true_evo_events_ternary_matrix.simple	/raid/kang/DelSIEVE/simulation_results/IndelSIEVE_benchmark_pipeline_ld_201/benchmark_results/indelsieve/from_candidate/variant_calling/stage2/mt/no_cnv/smc_mudel_ld_stage_1-smc_mudel_ld_stage_2/0010/indelsieve_median.ternary	/raid/kang/DelSIEVE/simulation_results/IndelSIEVE_benchmark_pipeline_ld_201/benchmark_results/indelsieve/from_candidate/variant_calling/stage2/mt/no_cnv/smc_mudel_ld_stage_1-smc_mudel_ld_stage_2/0010/indelsieve_median.probs	5403	49	34309	1479	0.7850915431560593	0.9910124724871606	0.8761148046051566	0.001426159846324	5386	49	34990	815	0.8685695855507176	0.9909843606255748	0.925747679614988	0.0013984417363509	5354	62	35011	813	0.8681692881465867	0.9885524372230428	0.9244582577915912	0.0017677415675876	0	7	41225	8	0.0	0.0	NA	0.0001697710516103	8	49	2	6	29	0	20013	38	0.4328358208955223	1.0	0.0	0.6041666666666666	0	0	20080	0	NA	NA	0.0	NA	12	0	20054	14	0.4615384615384615	1.0	0.0	0.631578947368421	17	0	20039	24	0.4146341463414634	1.0	0.0	0.5862068965517241	24	0	7	7	0	0	20080	0	NA	NA	0.0	NA
40	5	20	0.001999	0.16334	1e-06	1e-07	0.0	0010	indelsieve	candidate_snvs	smc_mudel_sa_stage_1-smc_mudel_sa_stage_2	mt	no_cnv	/raid/kang/DelSIEVE/simulation_results/IndelSIEVE_benchmark_pipeline_ld_201/benchmark_results/simulated_data/results/cell_names	/raid/kang/DelSIEVE/simulation_results/IndelSIEVE_benchmark_pipeline_ld_201/benchmark_results/indelsieve/from_candidate/variant_calling/stage2/mt/no_cnv/smc_mudel_sa_stage_1-smc_mudel_sa_stage_2/0010/indelsieve_median.cell_names	/raid/kang/DelSIEVE/simulation_results/IndelSIEVE_benchmark_pipeline_ld_201/benchmark_results/simulated_data/results/data_type/no_cnv/0010/true_evo_events_sites_names	/raid/kang/DelSIEVE/simulation_results/IndelSIEVE_benchmark_pipeline_ld_201/benchmark_results/indelsieve/from_candidate/variant_calling/stage2/mt/no_cnv/smc_mudel_sa_stage_1-smc_mudel_sa_stage_2/0010/indelsieve_median.loci_info	/raid/kang/DelSIEVE/simulation_results/IndelSIEVE_benchmark_pipeline_ld_201/benchmark_results/simulated_data/results/data_type/no_cnv/0010/true_evo_events_genotypes_numeric	/raid/kang/DelSIEVE/simulation_results/IndelSIEVE_benchmark_pipeline_ld_201/benchmark_results/indelsieve/from_candidate/variant_calling/stage2/mt/no_cnv/smc_mudel_sa_stage_1-smc_mudel_sa_stage_2/0010/indelsieve_median.genotypes	/raid/kang/DelSIEVE/simulation_results/IndelSIEVE_benchmark_pipeline_ld_201/benchmark_results/simulated_data/results/data_type/no_cnv/0010/true_evo_events_ternary_matrix.simple	/raid/kang/DelSIEVE/simulation_results/IndelSIEVE_benchmark_pipeline_ld_201/benchmark_results/indelsieve/from_candidate/variant_calling/stage2/mt/no_cnv/smc_mudel_sa_stage_1-smc_mudel_sa_stage_2/0010/indelsieve_median.ternary	/raid/kang/DelSIEVE/simulation_results/IndelSIEVE_benchmark_pipeline_ld_201/benchmark_results/indelsieve/from_candidate/variant_calling/stage2/mt/no_cnv/smc_mudel_sa_stage_1-smc_mudel_sa_stage_2/0010/indelsieve_median.probs	5408	54	34304	1474	0.7858180761406568	0.9901135115342364	0.8762151652624757	0.001571686361255	5391	54	34985	810	0.8693759071117562	0.9900826446280993	0.9258114374034004	0.0015411398727132	5359	67	35006	808	0.868980055132155	0.9876520457058606	0.9245234193047528	0.0019103013714253	0	7	41225	8	0.0	0.0	NA	0.0001697710516103	8	54	2	6	29	0	20013	38	0.4328358208955223	1.0	0.0	0.6041666666666666	0	0	20080	0	NA	NA	0.0	NA	12	0	20054	14	0.4615384615384615	1.0	0.0	0.631578947368421	17	0	20039	24	0.4146341463414634	1.0	0.0	0.5862068965517241	24	0	7	7	0	0	20080	0	NA	NA	0.0	NA
