cell_num	coverage_mean	coverage_variance	eff_seq_err_rate	ado_rate	mutation_rate	deletion_rate	insertion_rate	dataset	tool	snv_type	tool_setup	fine_tune_type	data_type	true_cell_names	cell_names	true_loci_info	loci_info	true_genotypes	genotypes	true_ternary	ternary	genotype_probs	true_positive	false_positive	true_negative	false_negative	recall	precision	f1_score	fall_out	true_positive_mu	false_positive_mu	true_negative_mu	false_negative_mu	recall_mu	precision_mu	f1_score_mu	fall_out_mu	true_positive_hetero_mu	false_positive_hetero_mu	true_negative_hetero_mu	false_negative_hetero_mu	recall_hetero_mu	precision_hetero_mu	f1_score_hetero_mu	fall_out_hetero_mu	true_positive_homo_mu	false_positive_homo_mu	true_negative_homo_mu	false_negative_homo_mu	recall_homo_mu	precision_homo_mu	f1_score_homo_mu	fall_out_homo_mu	true_homo_mu	true_homo_ref_as_hetero_mu	true_homo_mu_as_homo_ref	true_homo_mu_as_hetero_mu	true_positive_del	false_positive_del	true_negative_del	false_negative_del	recall_del	precision_del	fall_out_del	f1_score_del	true_positive_all_del	false_positive_all_del	true_negative_all_del	false_negative_all_del	recall_all_del	precision_all_del	fall_out_all_del	f1_score_all_del	true_positive_del_alt_left	false_positive_del_alt_left	true_negative_del_alt_left	false_negative_del_alt_left	recall_del_alt_left	precision_del_alt_left	fall_out_del_alt_left	f1_score_del_alt_left	true_positive_del_ref_left	false_positive_del_ref_left	true_negative_del_ref_left	false_negative_del_ref_left	recall_del_ref_left	precision_del_ref_left	fall_out_del_ref_left	f1_score_del_ref_left	true_del_ref_left_as_homo_ref	true_del_ref_left_as_hetero_mu	true_del_alt_left_as_hetero_mu	true_del_alt_left_as_homo_mu	true_positive_amp	false_positive_amp	true_negative_amp	false_negative_amp	recall_amp	precision_amp	fall_out_amp	f1_score_amp
40	5	20	0.001999	0.16334	8e-06	2e-06	0.0	0001	monovar	NA	true_parameters	NA	no_cnv	/raid/kang/DelSIEVE/simulation_results/IndelSIEVE_benchmark_pipeline_ld_205/benchmark_results/simulated_data/results/cell_names	/raid/kang/DelSIEVE/simulation_results/IndelSIEVE_benchmark_pipeline_ld_205/benchmark_results/monovar/from_true_params/no_cnv/0001/post_processed/filtered.cell_names	/raid/kang/DelSIEVE/simulation_results/IndelSIEVE_benchmark_pipeline_ld_205/benchmark_results/simulated_data/results/data_type/no_cnv/0001/true_evo_events_sites_names	/raid/kang/DelSIEVE/simulation_results/IndelSIEVE_benchmark_pipeline_ld_205/benchmark_results/monovar/from_true_params/no_cnv/0001/post_processed/filtered.loci_info	/raid/kang/DelSIEVE/simulation_results/IndelSIEVE_benchmark_pipeline_ld_205/benchmark_results/simulated_data/results/data_type/no_cnv/0001/true_evo_events_genotypes_numeric	/raid/kang/DelSIEVE/simulation_results/IndelSIEVE_benchmark_pipeline_ld_205/benchmark_results/monovar/from_true_params/no_cnv/0001/post_processed/filtered.genotypes	/raid/kang/DelSIEVE/simulation_results/IndelSIEVE_benchmark_pipeline_ld_205/benchmark_results/simulated_data/results/data_type/no_cnv/0001/true_evo_events_ternary_matrix.simple	/raid/kang/DelSIEVE/simulation_results/IndelSIEVE_benchmark_pipeline_ld_205/benchmark_results/monovar/from_true_params/no_cnv/0001/post_processed/filtered.ternary	/raid/kang/DelSIEVE/simulation_results/IndelSIEVE_benchmark_pipeline_ld_205/benchmark_results/monovar/from_true_params/no_cnv/0001/post_processed/filtered.genotype_probs	4912	1139	19679	3630	0.5750409740107703	0.8117666501404727	0.6731994792023573	0.0547122682294168	3870	5	22635	2842	0.5765792610250298	0.9987096774193548	0.7310852932842166	0.0002208480565371	3042	169	22914	3227	0.4852448556388579	0.9473684210526316	0.6417721518987342	0.0073214053632543	98	566	28507	181	0.3512544802867383	0.1475903614457831	0.2078472958642629	0.0194682351322532	279	4	16	114	204	1972	25394	1790	0.1023069207622868	0.09375	0.0720602207118322	0.097841726618705	1	2175	27184	0	1.0	0.0004595588235294	0.0740829047310875	0.0009186954524575	0	0	29188	172	0.0	NA	0.0	NA	0	0	27539	1821	0.0	NA	0.0	NA	1664	1	50	63	0	0	29360	0	NA	NA	0.0	NA
40	5	20	0.001999	0.16334	8e-06	2e-06	0.0	0002	monovar	NA	true_parameters	NA	no_cnv	/raid/kang/DelSIEVE/simulation_results/IndelSIEVE_benchmark_pipeline_ld_205/benchmark_results/simulated_data/results/cell_names	/raid/kang/DelSIEVE/simulation_results/IndelSIEVE_benchmark_pipeline_ld_205/benchmark_results/monovar/from_true_params/no_cnv/0002/post_processed/filtered.cell_names	/raid/kang/DelSIEVE/simulation_results/IndelSIEVE_benchmark_pipeline_ld_205/benchmark_results/simulated_data/results/data_type/no_cnv/0002/true_evo_events_sites_names	/raid/kang/DelSIEVE/simulation_results/IndelSIEVE_benchmark_pipeline_ld_205/benchmark_results/monovar/from_true_params/no_cnv/0002/post_processed/filtered.loci_info	/raid/kang/DelSIEVE/simulation_results/IndelSIEVE_benchmark_pipeline_ld_205/benchmark_results/simulated_data/results/data_type/no_cnv/0002/true_evo_events_genotypes_numeric	/raid/kang/DelSIEVE/simulation_results/IndelSIEVE_benchmark_pipeline_ld_205/benchmark_results/monovar/from_true_params/no_cnv/0002/post_processed/filtered.genotypes	/raid/kang/DelSIEVE/simulation_results/IndelSIEVE_benchmark_pipeline_ld_205/benchmark_results/simulated_data/results/data_type/no_cnv/0002/true_evo_events_ternary_matrix.simple	/raid/kang/DelSIEVE/simulation_results/IndelSIEVE_benchmark_pipeline_ld_205/benchmark_results/monovar/from_true_params/no_cnv/0002/post_processed/filtered.ternary	/raid/kang/DelSIEVE/simulation_results/IndelSIEVE_benchmark_pipeline_ld_205/benchmark_results/monovar/from_true_params/no_cnv/0002/post_processed/filtered.genotype_probs	5099	1280	22432	3629	0.5842117323556371	0.799341589590845	0.6750513007215199	0.0539811066126855	4076	25	25367	2966	0.5788128372621414	0.9939039258717386	0.7315803643543032	0.0009845620667926	3198	155	25611	3470	0.4796040791841631	0.9537727408291082	0.6382596547250773	0.0060156795777381	98	650	31514	172	0.362962962962963	0.1310160427807486	0.1925343811394891	0.020208929237657	270	25	35	98	156	2122	28528	1634	0.0871508379888268	0.0684811237928007	0.0692332789559543	0.0766961651917404	1	2277	30157	5	0.1666666666666666	0.0004389815627743	0.0702041068015045	0.0008756567425569	0	0	32330	110	0.0	NA	0.0	NA	0	0	30766	1674	0.0	NA	0.0	NA	1557	0	32	32	0	0	32440	0	NA	NA	0.0	NA
40	5	20	0.001999	0.16334	8e-06	2e-06	0.0	0003	monovar	NA	true_parameters	NA	no_cnv	/raid/kang/DelSIEVE/simulation_results/IndelSIEVE_benchmark_pipeline_ld_205/benchmark_results/simulated_data/results/cell_names	/raid/kang/DelSIEVE/simulation_results/IndelSIEVE_benchmark_pipeline_ld_205/benchmark_results/monovar/from_true_params/no_cnv/0003/post_processed/filtered.cell_names	/raid/kang/DelSIEVE/simulation_results/IndelSIEVE_benchmark_pipeline_ld_205/benchmark_results/simulated_data/results/data_type/no_cnv/0003/true_evo_events_sites_names	/raid/kang/DelSIEVE/simulation_results/IndelSIEVE_benchmark_pipeline_ld_205/benchmark_results/monovar/from_true_params/no_cnv/0003/post_processed/filtered.loci_info	/raid/kang/DelSIEVE/simulation_results/IndelSIEVE_benchmark_pipeline_ld_205/benchmark_results/simulated_data/results/data_type/no_cnv/0003/true_evo_events_genotypes_numeric	/raid/kang/DelSIEVE/simulation_results/IndelSIEVE_benchmark_pipeline_ld_205/benchmark_results/monovar/from_true_params/no_cnv/0003/post_processed/filtered.genotypes	/raid/kang/DelSIEVE/simulation_results/IndelSIEVE_benchmark_pipeline_ld_205/benchmark_results/simulated_data/results/data_type/no_cnv/0003/true_evo_events_ternary_matrix.simple	/raid/kang/DelSIEVE/simulation_results/IndelSIEVE_benchmark_pipeline_ld_205/benchmark_results/monovar/from_true_params/no_cnv/0003/post_processed/filtered.ternary	/raid/kang/DelSIEVE/simulation_results/IndelSIEVE_benchmark_pipeline_ld_205/benchmark_results/monovar/from_true_params/no_cnv/0003/post_processed/filtered.genotype_probs	4349	1189	23363	3499	0.5541539245667686	0.7853015529071867	0.6497833557448079	0.0484278266536331	3514	13	26210	2656	0.5695299837925446	0.9963141480011342	0.7247602351242652	0.0004957480074743	2786	142	26446	3019	0.4799310938845822	0.9515027322404372	0.6380396198328181	0.0053407552279223	119	480	31636	158	0.4296028880866426	0.1986644407345576	0.271689497716895	0.0149458213974343	277	13	9	99	119	1892	28742	1647	0.0673839184597961	0.0591745400298359	0.0617614415355487	0.0630129732592004	2	2009	30389	0	1.0	0.000994530084535	0.062010000617322	0.001987083954297	0	0	32305	95	0.0	NA	0.0	NA	0	0	30731	1669	0.0	NA	0.0	NA	1574	0	30	36	0	0	32400	0	NA	NA	0.0	NA
40	5	20	0.001999	0.16334	8e-06	2e-06	0.0	0004	monovar	NA	true_parameters	NA	no_cnv	/raid/kang/DelSIEVE/simulation_results/IndelSIEVE_benchmark_pipeline_ld_205/benchmark_results/simulated_data/results/cell_names	/raid/kang/DelSIEVE/simulation_results/IndelSIEVE_benchmark_pipeline_ld_205/benchmark_results/monovar/from_true_params/no_cnv/0004/post_processed/filtered.cell_names	/raid/kang/DelSIEVE/simulation_results/IndelSIEVE_benchmark_pipeline_ld_205/benchmark_results/simulated_data/results/data_type/no_cnv/0004/true_evo_events_sites_names	/raid/kang/DelSIEVE/simulation_results/IndelSIEVE_benchmark_pipeline_ld_205/benchmark_results/monovar/from_true_params/no_cnv/0004/post_processed/filtered.loci_info	/raid/kang/DelSIEVE/simulation_results/IndelSIEVE_benchmark_pipeline_ld_205/benchmark_results/simulated_data/results/data_type/no_cnv/0004/true_evo_events_genotypes_numeric	/raid/kang/DelSIEVE/simulation_results/IndelSIEVE_benchmark_pipeline_ld_205/benchmark_results/monovar/from_true_params/no_cnv/0004/post_processed/filtered.genotypes	/raid/kang/DelSIEVE/simulation_results/IndelSIEVE_benchmark_pipeline_ld_205/benchmark_results/simulated_data/results/data_type/no_cnv/0004/true_evo_events_ternary_matrix.simple	/raid/kang/DelSIEVE/simulation_results/IndelSIEVE_benchmark_pipeline_ld_205/benchmark_results/monovar/from_true_params/no_cnv/0004/post_processed/filtered.ternary	/raid/kang/DelSIEVE/simulation_results/IndelSIEVE_benchmark_pipeline_ld_205/benchmark_results/monovar/from_true_params/no_cnv/0004/post_processed/filtered.genotype_probs	5689	1795	20772	4064	0.5833077001948118	0.7601549973276323	0.6600916632824738	0.079540922586077	4427	10	24534	3344	0.5696821515892421	0.9977462249267524	0.7252621231979031	0.0004074315514993	3554	168	24758	3835	0.4809852483421302	0.9548629768941428	0.6397263972639725	0.0067399502527481	100	615	31403	197	0.3367003367003367	0.1398601398601398	0.1976284584980237	0.019207945530639	297	10	28	119	152	2895	27358	1915	0.073536526366715	0.0498851329176238	0.0956929891250454	0.0594446617129448	0	3047	29256	17	0.0	0.0	0.0943256044330247	NA	0	0	32230	90	0.0	NA	0.0	NA	0	0	30360	1960	0.0	NA	0.0	NA	1835	0	39	16	0	0	32320	0	NA	NA	0.0	NA
40	5	20	0.001999	0.16334	8e-06	2e-06	0.0	0005	monovar	NA	true_parameters	NA	no_cnv	/raid/kang/DelSIEVE/simulation_results/IndelSIEVE_benchmark_pipeline_ld_205/benchmark_results/simulated_data/results/cell_names	/raid/kang/DelSIEVE/simulation_results/IndelSIEVE_benchmark_pipeline_ld_205/benchmark_results/monovar/from_true_params/no_cnv/0005/post_processed/filtered.cell_names	/raid/kang/DelSIEVE/simulation_results/IndelSIEVE_benchmark_pipeline_ld_205/benchmark_results/simulated_data/results/data_type/no_cnv/0005/true_evo_events_sites_names	/raid/kang/DelSIEVE/simulation_results/IndelSIEVE_benchmark_pipeline_ld_205/benchmark_results/monovar/from_true_params/no_cnv/0005/post_processed/filtered.loci_info	/raid/kang/DelSIEVE/simulation_results/IndelSIEVE_benchmark_pipeline_ld_205/benchmark_results/simulated_data/results/data_type/no_cnv/0005/true_evo_events_genotypes_numeric	/raid/kang/DelSIEVE/simulation_results/IndelSIEVE_benchmark_pipeline_ld_205/benchmark_results/monovar/from_true_params/no_cnv/0005/post_processed/filtered.genotypes	/raid/kang/DelSIEVE/simulation_results/IndelSIEVE_benchmark_pipeline_ld_205/benchmark_results/simulated_data/results/data_type/no_cnv/0005/true_evo_events_ternary_matrix.simple	/raid/kang/DelSIEVE/simulation_results/IndelSIEVE_benchmark_pipeline_ld_205/benchmark_results/monovar/from_true_params/no_cnv/0005/post_processed/filtered.ternary	/raid/kang/DelSIEVE/simulation_results/IndelSIEVE_benchmark_pipeline_ld_205/benchmark_results/monovar/from_true_params/no_cnv/0005/post_processed/filtered.genotype_probs	6731	1057	20223	4469	0.6009821428571429	0.8642783769902413	0.7089740888982515	0.0496710526315789	5585	22	23449	3415	0.6205555555555555	0.9960763331549848	0.7647018552748681	0.0009373269140641	4058	210	23943	4260	0.4878576580908872	0.950796626054358	0.644843476879072	0.0086945721028443	238	1101	30884	248	0.4897119341563786	0.1777445855115758	0.2608219178082192	0.0344223854931999	486	19	24	141	203	1978	28106	2193	0.0847245409015025	0.0930765703805593	0.0657492354740061	0.0887043915228315	0	2181	30285	14	0.0	0.0	0.0671779708002217	NA	0	0	32275	205	0.0	NA	0.0	NA	0	0	30303	2177	0.0	NA	0.0	NA	2037	3	47	83	0	0	32480	0	NA	NA	0.0	NA
40	5	20	0.001999	0.16334	8e-06	2e-06	0.0	0006	monovar	NA	true_parameters	NA	no_cnv	/raid/kang/DelSIEVE/simulation_results/IndelSIEVE_benchmark_pipeline_ld_205/benchmark_results/simulated_data/results/cell_names	/raid/kang/DelSIEVE/simulation_results/IndelSIEVE_benchmark_pipeline_ld_205/benchmark_results/monovar/from_true_params/no_cnv/0006/post_processed/filtered.cell_names	/raid/kang/DelSIEVE/simulation_results/IndelSIEVE_benchmark_pipeline_ld_205/benchmark_results/simulated_data/results/data_type/no_cnv/0006/true_evo_events_sites_names	/raid/kang/DelSIEVE/simulation_results/IndelSIEVE_benchmark_pipeline_ld_205/benchmark_results/monovar/from_true_params/no_cnv/0006/post_processed/filtered.loci_info	/raid/kang/DelSIEVE/simulation_results/IndelSIEVE_benchmark_pipeline_ld_205/benchmark_results/simulated_data/results/data_type/no_cnv/0006/true_evo_events_genotypes_numeric	/raid/kang/DelSIEVE/simulation_results/IndelSIEVE_benchmark_pipeline_ld_205/benchmark_results/monovar/from_true_params/no_cnv/0006/post_processed/filtered.genotypes	/raid/kang/DelSIEVE/simulation_results/IndelSIEVE_benchmark_pipeline_ld_205/benchmark_results/simulated_data/results/data_type/no_cnv/0006/true_evo_events_ternary_matrix.simple	/raid/kang/DelSIEVE/simulation_results/IndelSIEVE_benchmark_pipeline_ld_205/benchmark_results/monovar/from_true_params/no_cnv/0006/post_processed/filtered.ternary	/raid/kang/DelSIEVE/simulation_results/IndelSIEVE_benchmark_pipeline_ld_205/benchmark_results/monovar/from_true_params/no_cnv/0006/post_processed/filtered.genotype_probs	3814	1295	24324	3047	0.5558956420346888	0.7465257388921511	0.6372598162071846	0.0505484210937195	3033	13	26810	2620	0.5365292764903591	0.9957321076822062	0.6973215312104838	0.000484658688439	2485	86	26989	2916	0.4600999814849102	0.9665499805523142	0.6234320120421476	0.0031763619575253	74	401	31904	97	0.4327485380116959	0.1557894736842105	0.2291021671826625	0.0124129391735025	171	13	18	52	117	1946	29245	1172	0.0907680372381691	0.0567135239941832	0.0623897919271584	0.0698090692124105	4	2059	30416	1	0.8	0.001938923897237	0.0634026173979984	0.0038684719535783	0	0	32395	85	0.0	NA	0.0	NA	0	0	31281	1199	0.0	NA	0.0	NA	1122	0	21	16	0	0	32480	0	NA	NA	0.0	NA
40	5	20	0.001999	0.16334	8e-06	2e-06	0.0	0007	monovar	NA	true_parameters	NA	no_cnv	/raid/kang/DelSIEVE/simulation_results/IndelSIEVE_benchmark_pipeline_ld_205/benchmark_results/simulated_data/results/cell_names	/raid/kang/DelSIEVE/simulation_results/IndelSIEVE_benchmark_pipeline_ld_205/benchmark_results/monovar/from_true_params/no_cnv/0007/post_processed/filtered.cell_names	/raid/kang/DelSIEVE/simulation_results/IndelSIEVE_benchmark_pipeline_ld_205/benchmark_results/simulated_data/results/data_type/no_cnv/0007/true_evo_events_sites_names	/raid/kang/DelSIEVE/simulation_results/IndelSIEVE_benchmark_pipeline_ld_205/benchmark_results/monovar/from_true_params/no_cnv/0007/post_processed/filtered.loci_info	/raid/kang/DelSIEVE/simulation_results/IndelSIEVE_benchmark_pipeline_ld_205/benchmark_results/simulated_data/results/data_type/no_cnv/0007/true_evo_events_genotypes_numeric	/raid/kang/DelSIEVE/simulation_results/IndelSIEVE_benchmark_pipeline_ld_205/benchmark_results/monovar/from_true_params/no_cnv/0007/post_processed/filtered.genotypes	/raid/kang/DelSIEVE/simulation_results/IndelSIEVE_benchmark_pipeline_ld_205/benchmark_results/simulated_data/results/data_type/no_cnv/0007/true_evo_events_ternary_matrix.simple	/raid/kang/DelSIEVE/simulation_results/IndelSIEVE_benchmark_pipeline_ld_205/benchmark_results/monovar/from_true_params/no_cnv/0007/post_processed/filtered.ternary	/raid/kang/DelSIEVE/simulation_results/IndelSIEVE_benchmark_pipeline_ld_205/benchmark_results/monovar/from_true_params/no_cnv/0007/post_processed/filtered.genotype_probs	5535	953	17144	4248	0.5657773689052438	0.8531134401972873	0.6803515456947945	0.0526606619881748	4565	18	20260	3026	0.6013700434725333	0.9960724416321188	0.7499589288647939	0.0008876615050793	3221	180	20735	3733	0.4631866551624964	0.947074389885328	0.6221149203283438	0.0086062634472866	117	1065	26524	163	0.4178571428571428	0.098984771573604	0.1600547195622435	0.0386023415129218	280	16	15	128	176	1729	23602	2373	0.0690466849744998	0.0923884514435695	0.0682562867632545	0.0790300853165693	3	1902	25956	19	0.1363636363636363	0.0015748031496062	0.0682748223131596	0.0031136481577581	0	0	27512	368	0.0	NA	0.0	NA	0	0	25721	2159	0.0	NA	0.0	NA	2072	2	34	231	0	0	27880	0	NA	NA	0.0	NA
40	5	20	0.001999	0.16334	8e-06	2e-06	0.0	0008	monovar	NA	true_parameters	NA	no_cnv	/raid/kang/DelSIEVE/simulation_results/IndelSIEVE_benchmark_pipeline_ld_205/benchmark_results/simulated_data/results/cell_names	/raid/kang/DelSIEVE/simulation_results/IndelSIEVE_benchmark_pipeline_ld_205/benchmark_results/monovar/from_true_params/no_cnv/0008/post_processed/filtered.cell_names	/raid/kang/DelSIEVE/simulation_results/IndelSIEVE_benchmark_pipeline_ld_205/benchmark_results/simulated_data/results/data_type/no_cnv/0008/true_evo_events_sites_names	/raid/kang/DelSIEVE/simulation_results/IndelSIEVE_benchmark_pipeline_ld_205/benchmark_results/monovar/from_true_params/no_cnv/0008/post_processed/filtered.loci_info	/raid/kang/DelSIEVE/simulation_results/IndelSIEVE_benchmark_pipeline_ld_205/benchmark_results/simulated_data/results/data_type/no_cnv/0008/true_evo_events_genotypes_numeric	/raid/kang/DelSIEVE/simulation_results/IndelSIEVE_benchmark_pipeline_ld_205/benchmark_results/monovar/from_true_params/no_cnv/0008/post_processed/filtered.genotypes	/raid/kang/DelSIEVE/simulation_results/IndelSIEVE_benchmark_pipeline_ld_205/benchmark_results/simulated_data/results/data_type/no_cnv/0008/true_evo_events_ternary_matrix.simple	/raid/kang/DelSIEVE/simulation_results/IndelSIEVE_benchmark_pipeline_ld_205/benchmark_results/monovar/from_true_params/no_cnv/0008/post_processed/filtered.ternary	/raid/kang/DelSIEVE/simulation_results/IndelSIEVE_benchmark_pipeline_ld_205/benchmark_results/monovar/from_true_params/no_cnv/0008/post_processed/filtered.genotype_probs	4798	1596	22903	3503	0.5780026502830984	0.7503909915545824	0.6530112283089485	0.065145516143516	3858	17	26138	2780	0.5811991563724013	0.9956129032258064	0.73394844478265	0.0006499713247944	3167	88	26260	3278	0.4913886733902249	0.9729646697388632	0.6529896907216495	0.0033399119477759	54	566	32095	78	0.4090909090909091	0.0870967741935483	0.1436170212765957	0.0173295367563761	132	14	12	46	146	2373	28703	1578	0.0846867749419953	0.0579595077411671	0.0763611790449221	0.0688192316757011	11	2508	30273	8	0.5789473684210527	0.0043668122270742	0.0765077331380982	0.0086682427107959	0	0	32732	68	0.0	NA	0.0	NA	0	0	31163	1637	0.0	NA	0.0	NA	1523	3	25	8	0	0	32800	0	NA	NA	0.0	NA
40	5	20	0.001999	0.16334	8e-06	2e-06	0.0	0009	monovar	NA	true_parameters	NA	no_cnv	/raid/kang/DelSIEVE/simulation_results/IndelSIEVE_benchmark_pipeline_ld_205/benchmark_results/simulated_data/results/cell_names	/raid/kang/DelSIEVE/simulation_results/IndelSIEVE_benchmark_pipeline_ld_205/benchmark_results/monovar/from_true_params/no_cnv/0009/post_processed/filtered.cell_names	/raid/kang/DelSIEVE/simulation_results/IndelSIEVE_benchmark_pipeline_ld_205/benchmark_results/simulated_data/results/data_type/no_cnv/0009/true_evo_events_sites_names	/raid/kang/DelSIEVE/simulation_results/IndelSIEVE_benchmark_pipeline_ld_205/benchmark_results/monovar/from_true_params/no_cnv/0009/post_processed/filtered.loci_info	/raid/kang/DelSIEVE/simulation_results/IndelSIEVE_benchmark_pipeline_ld_205/benchmark_results/simulated_data/results/data_type/no_cnv/0009/true_evo_events_genotypes_numeric	/raid/kang/DelSIEVE/simulation_results/IndelSIEVE_benchmark_pipeline_ld_205/benchmark_results/monovar/from_true_params/no_cnv/0009/post_processed/filtered.genotypes	/raid/kang/DelSIEVE/simulation_results/IndelSIEVE_benchmark_pipeline_ld_205/benchmark_results/simulated_data/results/data_type/no_cnv/0009/true_evo_events_ternary_matrix.simple	/raid/kang/DelSIEVE/simulation_results/IndelSIEVE_benchmark_pipeline_ld_205/benchmark_results/monovar/from_true_params/no_cnv/0009/post_processed/filtered.ternary	/raid/kang/DelSIEVE/simulation_results/IndelSIEVE_benchmark_pipeline_ld_205/benchmark_results/monovar/from_true_params/no_cnv/0009/post_processed/filtered.genotype_probs	3617	1196	20602	2985	0.5478642835504393	0.7515063370039476	0.6337275514673675	0.0548674190292687	2921	12	23184	2278	0.5618388151567609	0.995908625980225	0.7183964584358091	0.0005173305742369	2297	121	23449	2528	0.4760621761658031	0.9499586435070306	0.6342675686870082	0.0051336444633008	105	410	27751	129	0.4487179487179487	0.203883495145631	0.2803738317757009	0.0145591420759205	234	9	22	80	149	1731	25126	1394	0.0965651328580687	0.0792553191489361	0.0644524704918643	0.0870581361378907	1	1879	26517	3	0.25	0.000531914893617	0.0661712917312297	0.0010615711252653	0	0	28255	145	0.0	NA	0.0	NA	0	0	27006	1394	0.0	NA	0.0	NA	1285	3	29	63	0	0	28400	0	NA	NA	0.0	NA
40	5	20	0.001999	0.16334	8e-06	2e-06	0.0	0010	monovar	NA	true_parameters	NA	no_cnv	/raid/kang/DelSIEVE/simulation_results/IndelSIEVE_benchmark_pipeline_ld_205/benchmark_results/simulated_data/results/cell_names	/raid/kang/DelSIEVE/simulation_results/IndelSIEVE_benchmark_pipeline_ld_205/benchmark_results/monovar/from_true_params/no_cnv/0010/post_processed/filtered.cell_names	/raid/kang/DelSIEVE/simulation_results/IndelSIEVE_benchmark_pipeline_ld_205/benchmark_results/simulated_data/results/data_type/no_cnv/0010/true_evo_events_sites_names	/raid/kang/DelSIEVE/simulation_results/IndelSIEVE_benchmark_pipeline_ld_205/benchmark_results/monovar/from_true_params/no_cnv/0010/post_processed/filtered.loci_info	/raid/kang/DelSIEVE/simulation_results/IndelSIEVE_benchmark_pipeline_ld_205/benchmark_results/simulated_data/results/data_type/no_cnv/0010/true_evo_events_genotypes_numeric	/raid/kang/DelSIEVE/simulation_results/IndelSIEVE_benchmark_pipeline_ld_205/benchmark_results/monovar/from_true_params/no_cnv/0010/post_processed/filtered.genotypes	/raid/kang/DelSIEVE/simulation_results/IndelSIEVE_benchmark_pipeline_ld_205/benchmark_results/simulated_data/results/data_type/no_cnv/0010/true_evo_events_ternary_matrix.simple	/raid/kang/DelSIEVE/simulation_results/IndelSIEVE_benchmark_pipeline_ld_205/benchmark_results/monovar/from_true_params/no_cnv/0010/post_processed/filtered.ternary	/raid/kang/DelSIEVE/simulation_results/IndelSIEVE_benchmark_pipeline_ld_205/benchmark_results/monovar/from_true_params/no_cnv/0010/post_processed/filtered.genotype_probs	4570	1303	22470	3217	0.5868755618338256	0.7781372382087519	0.6691068814055636	0.0548100786606654	3669	8	25228	2647	0.580905636478784	0.997824313298885	0.7343140198138697	0.000317007449675	2850	96	25511	3095	0.479394449116905	0.9674134419551936	0.6410977392869194	0.0037489748896786	127	604	30716	105	0.5474137931034483	0.173734610123119	0.2637590861889927	0.0192848020434227	232	8	20	57	147	2049	27901	1463	0.0913043478260869	0.0669398907103825	0.0684140233722871	0.0772464529689963	3	2193	29320	44	0.0638297872340425	0.0013661202185792	0.0695903278012248	0.0026749888542131	0	0	31413	147	0.0	NA	0.0	NA	0	0	30144	1416	0.0	NA	0.0	NA	1312	0	31	67	0	0	31560	0	NA	NA	0.0	NA
40	5	20	0.001999	0.16334	8e-06	2e-06	0.0	0001	sciphi	candidate_snvs	NA	NA	no_cnv	/raid/kang/DelSIEVE/simulation_results/IndelSIEVE_benchmark_pipeline_ld_205/benchmark_results/simulated_data/results/cell_names	/raid/kang/DelSIEVE/simulation_results/IndelSIEVE_benchmark_pipeline_ld_205/benchmark_results/sciphi/no_cnv/0001/post_processed/sciphi.cell_names	/raid/kang/DelSIEVE/simulation_results/IndelSIEVE_benchmark_pipeline_ld_205/benchmark_results/simulated_data/results/data_type/no_cnv/0001/true_evo_events_sites_names	/raid/kang/DelSIEVE/simulation_results/IndelSIEVE_benchmark_pipeline_ld_205/benchmark_results/sciphi/no_cnv/0001/post_processed/sciphi.loci_info	/raid/kang/DelSIEVE/simulation_results/IndelSIEVE_benchmark_pipeline_ld_205/benchmark_results/simulated_data/results/data_type/no_cnv/0001/true_evo_events_genotypes_numeric	/raid/kang/DelSIEVE/simulation_results/IndelSIEVE_benchmark_pipeline_ld_205/benchmark_results/sciphi/no_cnv/0001/post_processed/sciphi.genotypes	/raid/kang/DelSIEVE/simulation_results/IndelSIEVE_benchmark_pipeline_ld_205/benchmark_results/simulated_data/results/data_type/no_cnv/0001/true_evo_events_ternary_matrix.simple	/raid/kang/DelSIEVE/simulation_results/IndelSIEVE_benchmark_pipeline_ld_205/benchmark_results/sciphi/no_cnv/0001/post_processed/sciphi.ternary	/raid/kang/DelSIEVE/simulation_results/IndelSIEVE_benchmark_pipeline_ld_205/benchmark_results/sciphi/no_cnv/0001/post_processed/sciphi.genotype_probs	5782	140	20678	2760	0.6768906579255444	0.9763593380614656	0.7995022123893806	0.0067249495628782	5755	167	22473	957	0.857419547079857	0.9718000675447483	0.9110337185372804	0.0073763250883392	5321	601	22482	948	0.848779709682565	0.8985140155352921	0.8729390534000492	0.0260364770610405	0	0	29073	279	0.0	NA	NA	0.0	279	140	5	274	0	0	15229	691	0.0	NA	0.0	NA	0	0	15919	1	0.0	NA	0.0	NA	0	0	15756	164	0.0	NA	0.0	NA	0	0	15394	526	0.0	NA	0.0	NA	499	27	160	0	0	0	15920	0	NA	NA	0.0	NA
40	5	20	0.001999	0.16334	8e-06	2e-06	0.0	0002	sciphi	candidate_snvs	NA	NA	no_cnv	/raid/kang/DelSIEVE/simulation_results/IndelSIEVE_benchmark_pipeline_ld_205/benchmark_results/simulated_data/results/cell_names	/raid/kang/DelSIEVE/simulation_results/IndelSIEVE_benchmark_pipeline_ld_205/benchmark_results/sciphi/no_cnv/0002/post_processed/sciphi.cell_names	/raid/kang/DelSIEVE/simulation_results/IndelSIEVE_benchmark_pipeline_ld_205/benchmark_results/simulated_data/results/data_type/no_cnv/0002/true_evo_events_sites_names	/raid/kang/DelSIEVE/simulation_results/IndelSIEVE_benchmark_pipeline_ld_205/benchmark_results/sciphi/no_cnv/0002/post_processed/sciphi.loci_info	/raid/kang/DelSIEVE/simulation_results/IndelSIEVE_benchmark_pipeline_ld_205/benchmark_results/simulated_data/results/data_type/no_cnv/0002/true_evo_events_genotypes_numeric	/raid/kang/DelSIEVE/simulation_results/IndelSIEVE_benchmark_pipeline_ld_205/benchmark_results/sciphi/no_cnv/0002/post_processed/sciphi.genotypes	/raid/kang/DelSIEVE/simulation_results/IndelSIEVE_benchmark_pipeline_ld_205/benchmark_results/simulated_data/results/data_type/no_cnv/0002/true_evo_events_ternary_matrix.simple	/raid/kang/DelSIEVE/simulation_results/IndelSIEVE_benchmark_pipeline_ld_205/benchmark_results/sciphi/no_cnv/0002/post_processed/sciphi.ternary	/raid/kang/DelSIEVE/simulation_results/IndelSIEVE_benchmark_pipeline_ld_205/benchmark_results/sciphi/no_cnv/0002/post_processed/sciphi.genotype_probs	5862	28	23684	2866	0.6716315307057745	0.995246179966044	0.802024900807224	0.0011808367071524	5852	38	25354	1188	0.83125	0.9935483870967742	0.9051817478731632	0.0014965343415248	5494	396	25368	1174	0.8239352129574086	0.93276740237691	0.8749800923713967	0.015370284117373	0	0	32162	270	0.0	NA	NA	0.0	270	28	9	261	0	0	15672	528	0.0	NA	0.0	NA	0	0	16199	1	0.0	NA	0.0	NA	0	0	16098	102	0.0	NA	0.0	NA	0	0	15775	425	0.0	NA	0.0	NA	415	10	97	0	0	0	16200	0	NA	NA	0.0	NA
40	5	20	0.001999	0.16334	8e-06	2e-06	0.0	0003	sciphi	candidate_snvs	NA	NA	no_cnv	/raid/kang/DelSIEVE/simulation_results/IndelSIEVE_benchmark_pipeline_ld_205/benchmark_results/simulated_data/results/cell_names	/raid/kang/DelSIEVE/simulation_results/IndelSIEVE_benchmark_pipeline_ld_205/benchmark_results/sciphi/no_cnv/0003/post_processed/sciphi.cell_names	/raid/kang/DelSIEVE/simulation_results/IndelSIEVE_benchmark_pipeline_ld_205/benchmark_results/simulated_data/results/data_type/no_cnv/0003/true_evo_events_sites_names	/raid/kang/DelSIEVE/simulation_results/IndelSIEVE_benchmark_pipeline_ld_205/benchmark_results/sciphi/no_cnv/0003/post_processed/sciphi.loci_info	/raid/kang/DelSIEVE/simulation_results/IndelSIEVE_benchmark_pipeline_ld_205/benchmark_results/simulated_data/results/data_type/no_cnv/0003/true_evo_events_genotypes_numeric	/raid/kang/DelSIEVE/simulation_results/IndelSIEVE_benchmark_pipeline_ld_205/benchmark_results/sciphi/no_cnv/0003/post_processed/sciphi.genotypes	/raid/kang/DelSIEVE/simulation_results/IndelSIEVE_benchmark_pipeline_ld_205/benchmark_results/simulated_data/results/data_type/no_cnv/0003/true_evo_events_ternary_matrix.simple	/raid/kang/DelSIEVE/simulation_results/IndelSIEVE_benchmark_pipeline_ld_205/benchmark_results/sciphi/no_cnv/0003/post_processed/sciphi.ternary	/raid/kang/DelSIEVE/simulation_results/IndelSIEVE_benchmark_pipeline_ld_205/benchmark_results/sciphi/no_cnv/0003/post_processed/sciphi.genotype_probs	5104	45	24507	2744	0.6503567787971458	0.9912604389201788	0.7854120181580365	0.00183284457478	5057	92	26131	1113	0.8196110210696921	0.9821324529034764	0.8935418323173425	0.0035083705144338	4701	448	26140	1104	0.8098191214470284	0.9129928141386676	0.8583165966770129	0.0168497066345719	0	0	32116	277	0.0	NA	NA	0.0	277	45	8	269	0	0	15155	365	0.0	NA	0.0	NA	0	0	15518	2	0.0	NA	0.0	NA	0	0	15432	88	0.0	NA	0.0	NA	0	0	15245	275	0.0	NA	0.0	NA	230	45	87	0	0	0	15520	0	NA	NA	0.0	NA
40	5	20	0.001999	0.16334	8e-06	2e-06	0.0	0004	sciphi	candidate_snvs	NA	NA	no_cnv	/raid/kang/DelSIEVE/simulation_results/IndelSIEVE_benchmark_pipeline_ld_205/benchmark_results/simulated_data/results/cell_names	/raid/kang/DelSIEVE/simulation_results/IndelSIEVE_benchmark_pipeline_ld_205/benchmark_results/sciphi/no_cnv/0004/post_processed/sciphi.cell_names	/raid/kang/DelSIEVE/simulation_results/IndelSIEVE_benchmark_pipeline_ld_205/benchmark_results/simulated_data/results/data_type/no_cnv/0004/true_evo_events_sites_names	/raid/kang/DelSIEVE/simulation_results/IndelSIEVE_benchmark_pipeline_ld_205/benchmark_results/sciphi/no_cnv/0004/post_processed/sciphi.loci_info	/raid/kang/DelSIEVE/simulation_results/IndelSIEVE_benchmark_pipeline_ld_205/benchmark_results/simulated_data/results/data_type/no_cnv/0004/true_evo_events_genotypes_numeric	/raid/kang/DelSIEVE/simulation_results/IndelSIEVE_benchmark_pipeline_ld_205/benchmark_results/sciphi/no_cnv/0004/post_processed/sciphi.genotypes	/raid/kang/DelSIEVE/simulation_results/IndelSIEVE_benchmark_pipeline_ld_205/benchmark_results/simulated_data/results/data_type/no_cnv/0004/true_evo_events_ternary_matrix.simple	/raid/kang/DelSIEVE/simulation_results/IndelSIEVE_benchmark_pipeline_ld_205/benchmark_results/sciphi/no_cnv/0004/post_processed/sciphi.ternary	/raid/kang/DelSIEVE/simulation_results/IndelSIEVE_benchmark_pipeline_ld_205/benchmark_results/sciphi/no_cnv/0004/post_processed/sciphi.genotype_probs	6641	44	22523	3112	0.6809186916846098	0.9934181002243828	0.8080058401265361	0.0019497496344219	6634	51	24493	1137	0.853686784197658	0.9923709798055348	0.917819590481461	0.0020779009126466	6266	419	24507	1123	0.8480173230477737	0.937322363500374	0.8904362654540287	0.0168097568803658	0	0	32018	297	0.0	NA	NA	0.0	297	44	6	291	0	0	17970	430	0.0	NA	0.0	NA	0	0	18400	0	NA	NA	0.0	NA	0	0	18315	85	0.0	NA	0.0	NA	0	0	18055	345	0.0	NA	0.0	NA	338	7	77	0	0	0	18400	0	NA	NA	0.0	NA
40	5	20	0.001999	0.16334	8e-06	2e-06	0.0	0005	sciphi	candidate_snvs	NA	NA	no_cnv	/raid/kang/DelSIEVE/simulation_results/IndelSIEVE_benchmark_pipeline_ld_205/benchmark_results/simulated_data/results/cell_names	/raid/kang/DelSIEVE/simulation_results/IndelSIEVE_benchmark_pipeline_ld_205/benchmark_results/sciphi/no_cnv/0005/post_processed/sciphi.cell_names	/raid/kang/DelSIEVE/simulation_results/IndelSIEVE_benchmark_pipeline_ld_205/benchmark_results/simulated_data/results/data_type/no_cnv/0005/true_evo_events_sites_names	/raid/kang/DelSIEVE/simulation_results/IndelSIEVE_benchmark_pipeline_ld_205/benchmark_results/sciphi/no_cnv/0005/post_processed/sciphi.loci_info	/raid/kang/DelSIEVE/simulation_results/IndelSIEVE_benchmark_pipeline_ld_205/benchmark_results/simulated_data/results/data_type/no_cnv/0005/true_evo_events_genotypes_numeric	/raid/kang/DelSIEVE/simulation_results/IndelSIEVE_benchmark_pipeline_ld_205/benchmark_results/sciphi/no_cnv/0005/post_processed/sciphi.genotypes	/raid/kang/DelSIEVE/simulation_results/IndelSIEVE_benchmark_pipeline_ld_205/benchmark_results/simulated_data/results/data_type/no_cnv/0005/true_evo_events_ternary_matrix.simple	/raid/kang/DelSIEVE/simulation_results/IndelSIEVE_benchmark_pipeline_ld_205/benchmark_results/sciphi/no_cnv/0005/post_processed/sciphi.ternary	/raid/kang/DelSIEVE/simulation_results/IndelSIEVE_benchmark_pipeline_ld_205/benchmark_results/sciphi/no_cnv/0005/post_processed/sciphi.genotype_probs	7970	41	21239	3230	0.7116071428571429	0.9948820371988516	0.8297329654885223	0.0019266917293233	7958	53	23418	1040	0.8844187597243832	0.9933840968668082	0.9357399024046094	0.0022581057475182	7287	724	23427	1031	0.876051935561433	0.9096242666333793	0.8925225059709719	0.0299780547389342	0	0	31983	486	0.0	NA	NA	0.0	486	41	8	478	0	0	17052	668	0.0	NA	0.0	NA	0	0	17720	0	NA	NA	0.0	NA	0	0	17526	194	0.0	NA	0.0	NA	0	0	17246	474	0.0	NA	0.0	NA	462	12	193	0	0	0	17720	0	NA	NA	0.0	NA
40	5	20	0.001999	0.16334	8e-06	2e-06	0.0	0006	sciphi	candidate_snvs	NA	NA	no_cnv	/raid/kang/DelSIEVE/simulation_results/IndelSIEVE_benchmark_pipeline_ld_205/benchmark_results/simulated_data/results/cell_names	/raid/kang/DelSIEVE/simulation_results/IndelSIEVE_benchmark_pipeline_ld_205/benchmark_results/sciphi/no_cnv/0006/post_processed/sciphi.cell_names	/raid/kang/DelSIEVE/simulation_results/IndelSIEVE_benchmark_pipeline_ld_205/benchmark_results/simulated_data/results/data_type/no_cnv/0006/true_evo_events_sites_names	/raid/kang/DelSIEVE/simulation_results/IndelSIEVE_benchmark_pipeline_ld_205/benchmark_results/sciphi/no_cnv/0006/post_processed/sciphi.loci_info	/raid/kang/DelSIEVE/simulation_results/IndelSIEVE_benchmark_pipeline_ld_205/benchmark_results/simulated_data/results/data_type/no_cnv/0006/true_evo_events_genotypes_numeric	/raid/kang/DelSIEVE/simulation_results/IndelSIEVE_benchmark_pipeline_ld_205/benchmark_results/sciphi/no_cnv/0006/post_processed/sciphi.genotypes	/raid/kang/DelSIEVE/simulation_results/IndelSIEVE_benchmark_pipeline_ld_205/benchmark_results/simulated_data/results/data_type/no_cnv/0006/true_evo_events_ternary_matrix.simple	/raid/kang/DelSIEVE/simulation_results/IndelSIEVE_benchmark_pipeline_ld_205/benchmark_results/sciphi/no_cnv/0006/post_processed/sciphi.ternary	/raid/kang/DelSIEVE/simulation_results/IndelSIEVE_benchmark_pipeline_ld_205/benchmark_results/sciphi/no_cnv/0006/post_processed/sciphi.genotype_probs	4504	96	25523	2357	0.6564640722926687	0.9791304347826087	0.7859698106622458	0.0037472188610016	4489	111	26712	1164	0.7940916327613656	0.9758695652173912	0.875646152345655	0.0041382395705178	4245	355	26720	1156	0.7859655619329754	0.9228260869565216	0.8489151084891512	0.0131117266851338	0	0	32305	171	0.0	NA	NA	0.0	171	96	2	169	0	0	14742	338	0.0	NA	0.0	NA	0	0	15076	4	0.0	NA	0.0	NA	0	0	14999	81	0.0	NA	0.0	NA	0	0	14827	253	0.0	NA	0.0	NA	242	11	75	0	0	0	15080	0	NA	NA	0.0	NA
40	5	20	0.001999	0.16334	8e-06	2e-06	0.0	0007	sciphi	candidate_snvs	NA	NA	no_cnv	/raid/kang/DelSIEVE/simulation_results/IndelSIEVE_benchmark_pipeline_ld_205/benchmark_results/simulated_data/results/cell_names	/raid/kang/DelSIEVE/simulation_results/IndelSIEVE_benchmark_pipeline_ld_205/benchmark_results/sciphi/no_cnv/0007/post_processed/sciphi.cell_names	/raid/kang/DelSIEVE/simulation_results/IndelSIEVE_benchmark_pipeline_ld_205/benchmark_results/simulated_data/results/data_type/no_cnv/0007/true_evo_events_sites_names	/raid/kang/DelSIEVE/simulation_results/IndelSIEVE_benchmark_pipeline_ld_205/benchmark_results/sciphi/no_cnv/0007/post_processed/sciphi.loci_info	/raid/kang/DelSIEVE/simulation_results/IndelSIEVE_benchmark_pipeline_ld_205/benchmark_results/simulated_data/results/data_type/no_cnv/0007/true_evo_events_genotypes_numeric	/raid/kang/DelSIEVE/simulation_results/IndelSIEVE_benchmark_pipeline_ld_205/benchmark_results/sciphi/no_cnv/0007/post_processed/sciphi.genotypes	/raid/kang/DelSIEVE/simulation_results/IndelSIEVE_benchmark_pipeline_ld_205/benchmark_results/simulated_data/results/data_type/no_cnv/0007/true_evo_events_ternary_matrix.simple	/raid/kang/DelSIEVE/simulation_results/IndelSIEVE_benchmark_pipeline_ld_205/benchmark_results/sciphi/no_cnv/0007/post_processed/sciphi.ternary	/raid/kang/DelSIEVE/simulation_results/IndelSIEVE_benchmark_pipeline_ld_205/benchmark_results/sciphi/no_cnv/0007/post_processed/sciphi.genotype_probs	6573	96	18001	3210	0.6718797914750076	0.9856050382366172	0.799051787016776	0.00530474664309	6543	126	20152	1045	0.8622825513969425	0.98110661268556	0.9178649084660166	0.0062136305355557	5925	744	20168	1029	0.8520276100086281	0.8884390463337831	0.8698524554062982	0.0355776587605202	0	0	27586	280	0.0	NA	NA	0.0	280	96	13	267	0	0	14242	718	0.0	NA	0.0	NA	0	0	14958	2	0.0	NA	0.0	NA	0	0	14606	354	0.0	NA	0.0	NA	0	0	14598	362	0.0	NA	0.0	NA	332	30	351	0	0	0	14960	0	NA	NA	0.0	NA
40	5	20	0.001999	0.16334	8e-06	2e-06	0.0	0008	sciphi	candidate_snvs	NA	NA	no_cnv	/raid/kang/DelSIEVE/simulation_results/IndelSIEVE_benchmark_pipeline_ld_205/benchmark_results/simulated_data/results/cell_names	/raid/kang/DelSIEVE/simulation_results/IndelSIEVE_benchmark_pipeline_ld_205/benchmark_results/sciphi/no_cnv/0008/post_processed/sciphi.cell_names	/raid/kang/DelSIEVE/simulation_results/IndelSIEVE_benchmark_pipeline_ld_205/benchmark_results/simulated_data/results/data_type/no_cnv/0008/true_evo_events_sites_names	/raid/kang/DelSIEVE/simulation_results/IndelSIEVE_benchmark_pipeline_ld_205/benchmark_results/sciphi/no_cnv/0008/post_processed/sciphi.loci_info	/raid/kang/DelSIEVE/simulation_results/IndelSIEVE_benchmark_pipeline_ld_205/benchmark_results/simulated_data/results/data_type/no_cnv/0008/true_evo_events_genotypes_numeric	/raid/kang/DelSIEVE/simulation_results/IndelSIEVE_benchmark_pipeline_ld_205/benchmark_results/sciphi/no_cnv/0008/post_processed/sciphi.genotypes	/raid/kang/DelSIEVE/simulation_results/IndelSIEVE_benchmark_pipeline_ld_205/benchmark_results/simulated_data/results/data_type/no_cnv/0008/true_evo_events_ternary_matrix.simple	/raid/kang/DelSIEVE/simulation_results/IndelSIEVE_benchmark_pipeline_ld_205/benchmark_results/sciphi/no_cnv/0008/post_processed/sciphi.ternary	/raid/kang/DelSIEVE/simulation_results/IndelSIEVE_benchmark_pipeline_ld_205/benchmark_results/sciphi/no_cnv/0008/post_processed/sciphi.genotype_probs	5423	116	24343	2878	0.6532947837609927	0.9790575916230366	0.7836705202312139	0.0047426305245512	5400	139	25976	1238	0.8134980415787888	0.974905217548294	0.886917960088692	0.0053226115259429	5229	310	25998	1216	0.8113266097750194	0.944033218992598	0.8726635514018691	0.011783487912422	0	0	32621	132	0.0	NA	NA	0.0	132	116	11	121	0	0	17273	407	0.0	NA	0.0	NA	0	0	17670	10	0.0	NA	0.0	NA	0	0	17619	61	0.0	NA	0.0	NA	0	0	17344	336	0.0	NA	0.0	NA	313	23	50	0	0	0	17680	0	NA	NA	0.0	NA
40	5	20	0.001999	0.16334	8e-06	2e-06	0.0	0009	sciphi	candidate_snvs	NA	NA	no_cnv	/raid/kang/DelSIEVE/simulation_results/IndelSIEVE_benchmark_pipeline_ld_205/benchmark_results/simulated_data/results/cell_names	/raid/kang/DelSIEVE/simulation_results/IndelSIEVE_benchmark_pipeline_ld_205/benchmark_results/sciphi/no_cnv/0009/post_processed/sciphi.cell_names	/raid/kang/DelSIEVE/simulation_results/IndelSIEVE_benchmark_pipeline_ld_205/benchmark_results/simulated_data/results/data_type/no_cnv/0009/true_evo_events_sites_names	/raid/kang/DelSIEVE/simulation_results/IndelSIEVE_benchmark_pipeline_ld_205/benchmark_results/sciphi/no_cnv/0009/post_processed/sciphi.loci_info	/raid/kang/DelSIEVE/simulation_results/IndelSIEVE_benchmark_pipeline_ld_205/benchmark_results/simulated_data/results/data_type/no_cnv/0009/true_evo_events_genotypes_numeric	/raid/kang/DelSIEVE/simulation_results/IndelSIEVE_benchmark_pipeline_ld_205/benchmark_results/sciphi/no_cnv/0009/post_processed/sciphi.genotypes	/raid/kang/DelSIEVE/simulation_results/IndelSIEVE_benchmark_pipeline_ld_205/benchmark_results/simulated_data/results/data_type/no_cnv/0009/true_evo_events_ternary_matrix.simple	/raid/kang/DelSIEVE/simulation_results/IndelSIEVE_benchmark_pipeline_ld_205/benchmark_results/sciphi/no_cnv/0009/post_processed/sciphi.ternary	/raid/kang/DelSIEVE/simulation_results/IndelSIEVE_benchmark_pipeline_ld_205/benchmark_results/sciphi/no_cnv/0009/post_processed/sciphi.genotype_probs	4012	42	21756	2590	0.6076946379884883	0.9896398618648248	0.753003003003003	0.001926782273603	3989	65	23131	1210	0.7672629351798422	0.9839664528860383	0.8622068518318383	0.0028022072771167	3644	410	23160	1181	0.7552331606217617	0.8988653182042428	0.820813154634531	0.0173949936359779	0	0	28161	234	0.0	NA	NA	0.0	234	42	22	212	0	0	13666	534	0.0	NA	0.0	NA	0	0	14199	1	0.0	NA	0.0	NA	0	0	14060	140	0.0	NA	0.0	NA	0	0	13807	393	0.0	NA	0.0	NA	370	23	133	0	0	0	14200	0	NA	NA	0.0	NA
40	5	20	0.001999	0.16334	8e-06	2e-06	0.0	0010	sciphi	candidate_snvs	NA	NA	no_cnv	/raid/kang/DelSIEVE/simulation_results/IndelSIEVE_benchmark_pipeline_ld_205/benchmark_results/simulated_data/results/cell_names	/raid/kang/DelSIEVE/simulation_results/IndelSIEVE_benchmark_pipeline_ld_205/benchmark_results/sciphi/no_cnv/0010/post_processed/sciphi.cell_names	/raid/kang/DelSIEVE/simulation_results/IndelSIEVE_benchmark_pipeline_ld_205/benchmark_results/simulated_data/results/data_type/no_cnv/0010/true_evo_events_sites_names	/raid/kang/DelSIEVE/simulation_results/IndelSIEVE_benchmark_pipeline_ld_205/benchmark_results/sciphi/no_cnv/0010/post_processed/sciphi.loci_info	/raid/kang/DelSIEVE/simulation_results/IndelSIEVE_benchmark_pipeline_ld_205/benchmark_results/simulated_data/results/data_type/no_cnv/0010/true_evo_events_genotypes_numeric	/raid/kang/DelSIEVE/simulation_results/IndelSIEVE_benchmark_pipeline_ld_205/benchmark_results/sciphi/no_cnv/0010/post_processed/sciphi.genotypes	/raid/kang/DelSIEVE/simulation_results/IndelSIEVE_benchmark_pipeline_ld_205/benchmark_results/simulated_data/results/data_type/no_cnv/0010/true_evo_events_ternary_matrix.simple	/raid/kang/DelSIEVE/simulation_results/IndelSIEVE_benchmark_pipeline_ld_205/benchmark_results/sciphi/no_cnv/0010/post_processed/sciphi.ternary	/raid/kang/DelSIEVE/simulation_results/IndelSIEVE_benchmark_pipeline_ld_205/benchmark_results/sciphi/no_cnv/0010/post_processed/sciphi.genotype_probs	5109	82	23691	2678	0.656093489148581	0.9842034290117512	0.787332408691632	0.0034492912127203	5091	100	25136	1224	0.8061757719714965	0.9807358890387208	0.8849296019468104	0.0039625931209383	4734	457	25149	1211	0.7962994112699747	0.9119630129069544	0.8502155172413792	0.0178473795204249	0	0	31319	232	0.0	NA	NA	0.0	232	82	9	223	0	0	14926	474	0.0	NA	0.0	NA	0	0	15397	3	0.0	NA	0.0	NA	0	0	15262	138	0.0	NA	0.0	NA	0	0	15067	333	0.0	NA	0.0	NA	316	17	134	0	0	0	15400	0	NA	NA	0.0	NA
40	5	20	0.001999	0.16334	8e-06	2e-06	0.0	0001	sciphin	candidate_snvs	NA	NA	no_cnv	/raid/kang/DelSIEVE/simulation_results/IndelSIEVE_benchmark_pipeline_ld_205/benchmark_results/simulated_data/results/cell_names	/raid/kang/DelSIEVE/simulation_results/IndelSIEVE_benchmark_pipeline_ld_205/benchmark_results/sciphin/no_cnv/0001/post_processed/sciphin.cell_names	/raid/kang/DelSIEVE/simulation_results/IndelSIEVE_benchmark_pipeline_ld_205/benchmark_results/simulated_data/results/data_type/no_cnv/0001/true_evo_events_sites_names	/raid/kang/DelSIEVE/simulation_results/IndelSIEVE_benchmark_pipeline_ld_205/benchmark_results/sciphin/no_cnv/0001/post_processed/sciphin.loci_info	/raid/kang/DelSIEVE/simulation_results/IndelSIEVE_benchmark_pipeline_ld_205/benchmark_results/simulated_data/results/data_type/no_cnv/0001/true_evo_events_genotypes_numeric	/raid/kang/DelSIEVE/simulation_results/IndelSIEVE_benchmark_pipeline_ld_205/benchmark_results/sciphin/no_cnv/0001/post_processed/sciphin.genotypes	/raid/kang/DelSIEVE/simulation_results/IndelSIEVE_benchmark_pipeline_ld_205/benchmark_results/simulated_data/results/data_type/no_cnv/0001/true_evo_events_ternary_matrix.simple	/raid/kang/DelSIEVE/simulation_results/IndelSIEVE_benchmark_pipeline_ld_205/benchmark_results/sciphin/no_cnv/0001/post_processed/sciphin.ternary	/raid/kang/DelSIEVE/simulation_results/IndelSIEVE_benchmark_pipeline_ld_205/benchmark_results/sciphin/no_cnv/0001/post_processed/sciphin.genotype_probs	5737	35	20783	2805	0.6716225708265043	0.993936243936244	0.8015928461645941	0.0016812373907195	5713	59	22581	999	0.8511620977353993	0.9897782397782398	0.9152515219480936	0.0026060070671378	5279	493	22590	990	0.8420800765672356	0.9145876645876646	0.8768374719707666	0.021357709136594	0	0	29073	279	0.0	NA	NA	0.0	279	35	5	274	0	0	15229	691	0.0	NA	0.0	NA	0	0	15919	1	0.0	NA	0.0	NA	0	0	15756	164	0.0	NA	0.0	NA	0	0	15394	526	0.0	NA	0.0	NA	502	24	160	0	0	0	15920	0	NA	NA	0.0	NA
40	5	20	0.001999	0.16334	8e-06	2e-06	0.0	0002	sciphin	candidate_snvs	NA	NA	no_cnv	/raid/kang/DelSIEVE/simulation_results/IndelSIEVE_benchmark_pipeline_ld_205/benchmark_results/simulated_data/results/cell_names	/raid/kang/DelSIEVE/simulation_results/IndelSIEVE_benchmark_pipeline_ld_205/benchmark_results/sciphin/no_cnv/0002/post_processed/sciphin.cell_names	/raid/kang/DelSIEVE/simulation_results/IndelSIEVE_benchmark_pipeline_ld_205/benchmark_results/simulated_data/results/data_type/no_cnv/0002/true_evo_events_sites_names	/raid/kang/DelSIEVE/simulation_results/IndelSIEVE_benchmark_pipeline_ld_205/benchmark_results/sciphin/no_cnv/0002/post_processed/sciphin.loci_info	/raid/kang/DelSIEVE/simulation_results/IndelSIEVE_benchmark_pipeline_ld_205/benchmark_results/simulated_data/results/data_type/no_cnv/0002/true_evo_events_genotypes_numeric	/raid/kang/DelSIEVE/simulation_results/IndelSIEVE_benchmark_pipeline_ld_205/benchmark_results/sciphin/no_cnv/0002/post_processed/sciphin.genotypes	/raid/kang/DelSIEVE/simulation_results/IndelSIEVE_benchmark_pipeline_ld_205/benchmark_results/simulated_data/results/data_type/no_cnv/0002/true_evo_events_ternary_matrix.simple	/raid/kang/DelSIEVE/simulation_results/IndelSIEVE_benchmark_pipeline_ld_205/benchmark_results/sciphin/no_cnv/0002/post_processed/sciphin.ternary	/raid/kang/DelSIEVE/simulation_results/IndelSIEVE_benchmark_pipeline_ld_205/benchmark_results/sciphin/no_cnv/0002/post_processed/sciphin.genotype_probs	5926	15	23697	2802	0.6789642529789184	0.9974751725298772	0.8079623696230145	0.0006325910931174	5916	25	25367	1124	0.8403409090909091	0.9957919542164618	0.9114860180263462	0.0009845620667926	5559	382	25382	1109	0.8336832633473306	0.9357010604275374	0.8817511301451345	0.0148268902344356	0	0	32162	270	0.0	NA	NA	0.0	270	15	9	261	0	0	15672	528	0.0	NA	0.0	NA	0	0	16199	1	0.0	NA	0.0	NA	0	0	16098	102	0.0	NA	0.0	NA	0	0	15775	425	0.0	NA	0.0	NA	415	10	96	0	0	0	16200	0	NA	NA	0.0	NA
40	5	20	0.001999	0.16334	8e-06	2e-06	0.0	0003	sciphin	candidate_snvs	NA	NA	no_cnv	/raid/kang/DelSIEVE/simulation_results/IndelSIEVE_benchmark_pipeline_ld_205/benchmark_results/simulated_data/results/cell_names	/raid/kang/DelSIEVE/simulation_results/IndelSIEVE_benchmark_pipeline_ld_205/benchmark_results/sciphin/no_cnv/0003/post_processed/sciphin.cell_names	/raid/kang/DelSIEVE/simulation_results/IndelSIEVE_benchmark_pipeline_ld_205/benchmark_results/simulated_data/results/data_type/no_cnv/0003/true_evo_events_sites_names	/raid/kang/DelSIEVE/simulation_results/IndelSIEVE_benchmark_pipeline_ld_205/benchmark_results/sciphin/no_cnv/0003/post_processed/sciphin.loci_info	/raid/kang/DelSIEVE/simulation_results/IndelSIEVE_benchmark_pipeline_ld_205/benchmark_results/simulated_data/results/data_type/no_cnv/0003/true_evo_events_genotypes_numeric	/raid/kang/DelSIEVE/simulation_results/IndelSIEVE_benchmark_pipeline_ld_205/benchmark_results/sciphin/no_cnv/0003/post_processed/sciphin.genotypes	/raid/kang/DelSIEVE/simulation_results/IndelSIEVE_benchmark_pipeline_ld_205/benchmark_results/simulated_data/results/data_type/no_cnv/0003/true_evo_events_ternary_matrix.simple	/raid/kang/DelSIEVE/simulation_results/IndelSIEVE_benchmark_pipeline_ld_205/benchmark_results/sciphin/no_cnv/0003/post_processed/sciphin.ternary	/raid/kang/DelSIEVE/simulation_results/IndelSIEVE_benchmark_pipeline_ld_205/benchmark_results/sciphin/no_cnv/0003/post_processed/sciphin.genotype_probs	5104	9	24543	2744	0.6503567787971458	0.9982397809505182	0.7875935498804104	0.000366568914956	5089	24	26199	1081	0.8247974068071313	0.9953060825347154	0.902065053620491	0.0009152270907218	4733	380	26208	1072	0.8153316106804479	0.9256796401329944	0.8670086096354642	0.0142921618775387	0	0	32116	277	0.0	NA	NA	0.0	277	9	8	269	0	0	15195	365	0.0	NA	0.0	NA	0	0	15558	2	0.0	NA	0.0	NA	0	0	15472	88	0.0	NA	0.0	NA	0	0	15285	275	0.0	NA	0.0	NA	262	13	87	0	0	0	15560	0	NA	NA	0.0	NA
40	5	20	0.001999	0.16334	8e-06	2e-06	0.0	0004	sciphin	candidate_snvs	NA	NA	no_cnv	/raid/kang/DelSIEVE/simulation_results/IndelSIEVE_benchmark_pipeline_ld_205/benchmark_results/simulated_data/results/cell_names	/raid/kang/DelSIEVE/simulation_results/IndelSIEVE_benchmark_pipeline_ld_205/benchmark_results/sciphin/no_cnv/0004/post_processed/sciphin.cell_names	/raid/kang/DelSIEVE/simulation_results/IndelSIEVE_benchmark_pipeline_ld_205/benchmark_results/simulated_data/results/data_type/no_cnv/0004/true_evo_events_sites_names	/raid/kang/DelSIEVE/simulation_results/IndelSIEVE_benchmark_pipeline_ld_205/benchmark_results/sciphin/no_cnv/0004/post_processed/sciphin.loci_info	/raid/kang/DelSIEVE/simulation_results/IndelSIEVE_benchmark_pipeline_ld_205/benchmark_results/simulated_data/results/data_type/no_cnv/0004/true_evo_events_genotypes_numeric	/raid/kang/DelSIEVE/simulation_results/IndelSIEVE_benchmark_pipeline_ld_205/benchmark_results/sciphin/no_cnv/0004/post_processed/sciphin.genotypes	/raid/kang/DelSIEVE/simulation_results/IndelSIEVE_benchmark_pipeline_ld_205/benchmark_results/simulated_data/results/data_type/no_cnv/0004/true_evo_events_ternary_matrix.simple	/raid/kang/DelSIEVE/simulation_results/IndelSIEVE_benchmark_pipeline_ld_205/benchmark_results/sciphin/no_cnv/0004/post_processed/sciphin.ternary	/raid/kang/DelSIEVE/simulation_results/IndelSIEVE_benchmark_pipeline_ld_205/benchmark_results/sciphin/no_cnv/0004/post_processed/sciphin.genotype_probs	6647	21	22546	3106	0.6815338870091254	0.9968506298740252	0.8095731076061142	0.0009305623255195	6642	26	24518	1129	0.8547162527345258	0.9961007798440312	0.9200083108248494	0.0010593220338983	6274	394	24532	1115	0.8491000135336311	0.9409118176364728	0.8926513480828058	0.0158067880927545	0	0	32018	297	0.0	NA	NA	0.0	297	21	6	291	0	0	17970	430	0.0	NA	0.0	NA	0	0	18400	0	NA	NA	0.0	NA	0	0	18315	85	0.0	NA	0.0	NA	0	0	18055	345	0.0	NA	0.0	NA	340	5	77	0	0	0	18400	0	NA	NA	0.0	NA
40	5	20	0.001999	0.16334	8e-06	2e-06	0.0	0005	sciphin	candidate_snvs	NA	NA	no_cnv	/raid/kang/DelSIEVE/simulation_results/IndelSIEVE_benchmark_pipeline_ld_205/benchmark_results/simulated_data/results/cell_names	/raid/kang/DelSIEVE/simulation_results/IndelSIEVE_benchmark_pipeline_ld_205/benchmark_results/sciphin/no_cnv/0005/post_processed/sciphin.cell_names	/raid/kang/DelSIEVE/simulation_results/IndelSIEVE_benchmark_pipeline_ld_205/benchmark_results/simulated_data/results/data_type/no_cnv/0005/true_evo_events_sites_names	/raid/kang/DelSIEVE/simulation_results/IndelSIEVE_benchmark_pipeline_ld_205/benchmark_results/sciphin/no_cnv/0005/post_processed/sciphin.loci_info	/raid/kang/DelSIEVE/simulation_results/IndelSIEVE_benchmark_pipeline_ld_205/benchmark_results/simulated_data/results/data_type/no_cnv/0005/true_evo_events_genotypes_numeric	/raid/kang/DelSIEVE/simulation_results/IndelSIEVE_benchmark_pipeline_ld_205/benchmark_results/sciphin/no_cnv/0005/post_processed/sciphin.genotypes	/raid/kang/DelSIEVE/simulation_results/IndelSIEVE_benchmark_pipeline_ld_205/benchmark_results/simulated_data/results/data_type/no_cnv/0005/true_evo_events_ternary_matrix.simple	/raid/kang/DelSIEVE/simulation_results/IndelSIEVE_benchmark_pipeline_ld_205/benchmark_results/sciphin/no_cnv/0005/post_processed/sciphin.ternary	/raid/kang/DelSIEVE/simulation_results/IndelSIEVE_benchmark_pipeline_ld_205/benchmark_results/sciphin/no_cnv/0005/post_processed/sciphin.genotype_probs	7918	17	21263	3282	0.7069642857142857	0.9978575929426592	0.8275934152077344	0.0007988721804511	7910	25	23446	1088	0.8790842409424316	0.9968494013862634	0.9342703596527492	0.0010651442205274	7235	700	23451	1083	0.8698004327963452	0.9117832388153748	0.8902971759059866	0.0289843070680303	0	0	31983	486	0.0	NA	NA	0.0	486	17	4	482	0	0	17052	668	0.0	NA	0.0	NA	0	0	17720	0	NA	NA	0.0	NA	0	0	17526	194	0.0	NA	0.0	NA	0	0	17246	474	0.0	NA	0.0	NA	466	8	193	0	0	0	17720	0	NA	NA	0.0	NA
40	5	20	0.001999	0.16334	8e-06	2e-06	0.0	0006	sciphin	candidate_snvs	NA	NA	no_cnv	/raid/kang/DelSIEVE/simulation_results/IndelSIEVE_benchmark_pipeline_ld_205/benchmark_results/simulated_data/results/cell_names	/raid/kang/DelSIEVE/simulation_results/IndelSIEVE_benchmark_pipeline_ld_205/benchmark_results/sciphin/no_cnv/0006/post_processed/sciphin.cell_names	/raid/kang/DelSIEVE/simulation_results/IndelSIEVE_benchmark_pipeline_ld_205/benchmark_results/simulated_data/results/data_type/no_cnv/0006/true_evo_events_sites_names	/raid/kang/DelSIEVE/simulation_results/IndelSIEVE_benchmark_pipeline_ld_205/benchmark_results/sciphin/no_cnv/0006/post_processed/sciphin.loci_info	/raid/kang/DelSIEVE/simulation_results/IndelSIEVE_benchmark_pipeline_ld_205/benchmark_results/simulated_data/results/data_type/no_cnv/0006/true_evo_events_genotypes_numeric	/raid/kang/DelSIEVE/simulation_results/IndelSIEVE_benchmark_pipeline_ld_205/benchmark_results/sciphin/no_cnv/0006/post_processed/sciphin.genotypes	/raid/kang/DelSIEVE/simulation_results/IndelSIEVE_benchmark_pipeline_ld_205/benchmark_results/simulated_data/results/data_type/no_cnv/0006/true_evo_events_ternary_matrix.simple	/raid/kang/DelSIEVE/simulation_results/IndelSIEVE_benchmark_pipeline_ld_205/benchmark_results/sciphin/no_cnv/0006/post_processed/sciphin.ternary	/raid/kang/DelSIEVE/simulation_results/IndelSIEVE_benchmark_pipeline_ld_205/benchmark_results/sciphin/no_cnv/0006/post_processed/sciphin.genotype_probs	4507	14	25605	2354	0.6569013263372686	0.9969033399690334	0.791952205236338	0.0005464694172294	4494	27	26796	1159	0.7949761188749337	0.9940278699402788	0.8834283467662669	0.0010065988144502	4250	271	26804	1151	0.7868913164228847	0.9400575094005752	0.8566821205402136	0.0100092336103416	0	0	32305	171	0.0	NA	NA	0.0	171	14	2	169	0	0	14742	338	0.0	NA	0.0	NA	0	0	15076	4	0.0	NA	0.0	NA	0	0	14999	81	0.0	NA	0.0	NA	0	0	14827	253	0.0	NA	0.0	NA	244	9	75	0	0	0	15080	0	NA	NA	0.0	NA
40	5	20	0.001999	0.16334	8e-06	2e-06	0.0	0007	sciphin	candidate_snvs	NA	NA	no_cnv	/raid/kang/DelSIEVE/simulation_results/IndelSIEVE_benchmark_pipeline_ld_205/benchmark_results/simulated_data/results/cell_names	/raid/kang/DelSIEVE/simulation_results/IndelSIEVE_benchmark_pipeline_ld_205/benchmark_results/sciphin/no_cnv/0007/post_processed/sciphin.cell_names	/raid/kang/DelSIEVE/simulation_results/IndelSIEVE_benchmark_pipeline_ld_205/benchmark_results/simulated_data/results/data_type/no_cnv/0007/true_evo_events_sites_names	/raid/kang/DelSIEVE/simulation_results/IndelSIEVE_benchmark_pipeline_ld_205/benchmark_results/sciphin/no_cnv/0007/post_processed/sciphin.loci_info	/raid/kang/DelSIEVE/simulation_results/IndelSIEVE_benchmark_pipeline_ld_205/benchmark_results/simulated_data/results/data_type/no_cnv/0007/true_evo_events_genotypes_numeric	/raid/kang/DelSIEVE/simulation_results/IndelSIEVE_benchmark_pipeline_ld_205/benchmark_results/sciphin/no_cnv/0007/post_processed/sciphin.genotypes	/raid/kang/DelSIEVE/simulation_results/IndelSIEVE_benchmark_pipeline_ld_205/benchmark_results/simulated_data/results/data_type/no_cnv/0007/true_evo_events_ternary_matrix.simple	/raid/kang/DelSIEVE/simulation_results/IndelSIEVE_benchmark_pipeline_ld_205/benchmark_results/sciphin/no_cnv/0007/post_processed/sciphin.ternary	/raid/kang/DelSIEVE/simulation_results/IndelSIEVE_benchmark_pipeline_ld_205/benchmark_results/sciphin/no_cnv/0007/post_processed/sciphin.genotype_probs	6490	16	18081	3293	0.6633956863947664	0.9975407316323394	0.7968567745104058	0.000884124440515	6474	32	20246	1114	0.853189246178176	0.9950814632646788	0.9186888037462748	0.0015780648979189	5855	651	20261	1099	0.8419614610296232	0.8999385182908085	0.8699851411589896	0.0311304514154552	0	0	27586	280	0.0	NA	NA	0.0	280	16	12	268	0	0	14242	718	0.0	NA	0.0	NA	0	0	14958	2	0.0	NA	0.0	NA	0	0	14606	354	0.0	NA	0.0	NA	0	0	14598	362	0.0	NA	0.0	NA	346	16	351	0	0	0	14960	0	NA	NA	0.0	NA
40	5	20	0.001999	0.16334	8e-06	2e-06	0.0	0008	sciphin	candidate_snvs	NA	NA	no_cnv	/raid/kang/DelSIEVE/simulation_results/IndelSIEVE_benchmark_pipeline_ld_205/benchmark_results/simulated_data/results/cell_names	/raid/kang/DelSIEVE/simulation_results/IndelSIEVE_benchmark_pipeline_ld_205/benchmark_results/sciphin/no_cnv/0008/post_processed/sciphin.cell_names	/raid/kang/DelSIEVE/simulation_results/IndelSIEVE_benchmark_pipeline_ld_205/benchmark_results/simulated_data/results/data_type/no_cnv/0008/true_evo_events_sites_names	/raid/kang/DelSIEVE/simulation_results/IndelSIEVE_benchmark_pipeline_ld_205/benchmark_results/sciphin/no_cnv/0008/post_processed/sciphin.loci_info	/raid/kang/DelSIEVE/simulation_results/IndelSIEVE_benchmark_pipeline_ld_205/benchmark_results/simulated_data/results/data_type/no_cnv/0008/true_evo_events_genotypes_numeric	/raid/kang/DelSIEVE/simulation_results/IndelSIEVE_benchmark_pipeline_ld_205/benchmark_results/sciphin/no_cnv/0008/post_processed/sciphin.genotypes	/raid/kang/DelSIEVE/simulation_results/IndelSIEVE_benchmark_pipeline_ld_205/benchmark_results/simulated_data/results/data_type/no_cnv/0008/true_evo_events_ternary_matrix.simple	/raid/kang/DelSIEVE/simulation_results/IndelSIEVE_benchmark_pipeline_ld_205/benchmark_results/sciphin/no_cnv/0008/post_processed/sciphin.ternary	/raid/kang/DelSIEVE/simulation_results/IndelSIEVE_benchmark_pipeline_ld_205/benchmark_results/sciphin/no_cnv/0008/post_processed/sciphin.genotype_probs	5517	29	24430	2784	0.664618720636068	0.9947710061305446	0.7968513035314508	0.0011856576311378	5509	37	26078	1129	0.8299186501958421	0.9933285250631084	0.9043007222586998	0.0014168102623013	5333	213	26095	1112	0.8274631497284717	0.9615939415795168	0.8895004586773413	0.0080963965333738	0	0	32621	132	0.0	NA	NA	0.0	132	29	8	124	0	0	17273	407	0.0	NA	0.0	NA	0	0	17670	10	0.0	NA	0.0	NA	0	0	17619	61	0.0	NA	0.0	NA	0	0	17344	336	0.0	NA	0.0	NA	328	8	52	0	0	0	17680	0	NA	NA	0.0	NA
40	5	20	0.001999	0.16334	8e-06	2e-06	0.0	0009	sciphin	candidate_snvs	NA	NA	no_cnv	/raid/kang/DelSIEVE/simulation_results/IndelSIEVE_benchmark_pipeline_ld_205/benchmark_results/simulated_data/results/cell_names	/raid/kang/DelSIEVE/simulation_results/IndelSIEVE_benchmark_pipeline_ld_205/benchmark_results/sciphin/no_cnv/0009/post_processed/sciphin.cell_names	/raid/kang/DelSIEVE/simulation_results/IndelSIEVE_benchmark_pipeline_ld_205/benchmark_results/simulated_data/results/data_type/no_cnv/0009/true_evo_events_sites_names	/raid/kang/DelSIEVE/simulation_results/IndelSIEVE_benchmark_pipeline_ld_205/benchmark_results/sciphin/no_cnv/0009/post_processed/sciphin.loci_info	/raid/kang/DelSIEVE/simulation_results/IndelSIEVE_benchmark_pipeline_ld_205/benchmark_results/simulated_data/results/data_type/no_cnv/0009/true_evo_events_genotypes_numeric	/raid/kang/DelSIEVE/simulation_results/IndelSIEVE_benchmark_pipeline_ld_205/benchmark_results/sciphin/no_cnv/0009/post_processed/sciphin.genotypes	/raid/kang/DelSIEVE/simulation_results/IndelSIEVE_benchmark_pipeline_ld_205/benchmark_results/simulated_data/results/data_type/no_cnv/0009/true_evo_events_ternary_matrix.simple	/raid/kang/DelSIEVE/simulation_results/IndelSIEVE_benchmark_pipeline_ld_205/benchmark_results/sciphin/no_cnv/0009/post_processed/sciphin.ternary	/raid/kang/DelSIEVE/simulation_results/IndelSIEVE_benchmark_pipeline_ld_205/benchmark_results/sciphin/no_cnv/0009/post_processed/sciphin.genotype_probs	3979	22	21776	2623	0.6026961526810057	0.994501374656336	0.7505422993492408	0.0010092669052206	3972	29	23167	1227	0.7639930755914599	0.9927518120469884	0.8634782608695653	0.0012502155544059	3622	379	23191	1203	0.7506735751295337	0.9052736815796052	0.8207568547473375	0.016079762409843	0	0	28161	234	0.0	NA	NA	0.0	234	22	18	216	0	0	13666	534	0.0	NA	0.0	NA	0	0	14199	1	0.0	NA	0.0	NA	0	0	14060	140	0.0	NA	0.0	NA	0	0	13807	393	0.0	NA	0.0	NA	386	7	134	0	0	0	14200	0	NA	NA	0.0	NA
40	5	20	0.001999	0.16334	8e-06	2e-06	0.0	0010	sciphin	candidate_snvs	NA	NA	no_cnv	/raid/kang/DelSIEVE/simulation_results/IndelSIEVE_benchmark_pipeline_ld_205/benchmark_results/simulated_data/results/cell_names	/raid/kang/DelSIEVE/simulation_results/IndelSIEVE_benchmark_pipeline_ld_205/benchmark_results/sciphin/no_cnv/0010/post_processed/sciphin.cell_names	/raid/kang/DelSIEVE/simulation_results/IndelSIEVE_benchmark_pipeline_ld_205/benchmark_results/simulated_data/results/data_type/no_cnv/0010/true_evo_events_sites_names	/raid/kang/DelSIEVE/simulation_results/IndelSIEVE_benchmark_pipeline_ld_205/benchmark_results/sciphin/no_cnv/0010/post_processed/sciphin.loci_info	/raid/kang/DelSIEVE/simulation_results/IndelSIEVE_benchmark_pipeline_ld_205/benchmark_results/simulated_data/results/data_type/no_cnv/0010/true_evo_events_genotypes_numeric	/raid/kang/DelSIEVE/simulation_results/IndelSIEVE_benchmark_pipeline_ld_205/benchmark_results/sciphin/no_cnv/0010/post_processed/sciphin.genotypes	/raid/kang/DelSIEVE/simulation_results/IndelSIEVE_benchmark_pipeline_ld_205/benchmark_results/simulated_data/results/data_type/no_cnv/0010/true_evo_events_ternary_matrix.simple	/raid/kang/DelSIEVE/simulation_results/IndelSIEVE_benchmark_pipeline_ld_205/benchmark_results/sciphin/no_cnv/0010/post_processed/sciphin.ternary	/raid/kang/DelSIEVE/simulation_results/IndelSIEVE_benchmark_pipeline_ld_205/benchmark_results/sciphin/no_cnv/0010/post_processed/sciphin.genotype_probs	5106	19	23754	2681	0.6557082316681649	0.9962926829268292	0.7908921933085503	0.0007992260127034	5088	37	25199	1227	0.8057007125890736	0.992780487804878	0.8895104895104895	0.0014661594547471	4731	394	25212	1214	0.7957947855340622	0.9231219512195122	0.8547425474254743	0.0153870186674998	0	0	31319	232	0.0	NA	NA	0.0	232	19	10	222	0	0	14926	474	0.0	NA	0.0	NA	0	0	15397	3	0.0	NA	0.0	NA	0	0	15262	138	0.0	NA	0.0	NA	0	0	15067	333	0.0	NA	0.0	NA	316	17	135	0	0	0	15400	0	NA	NA	0.0	NA
40	5	20	0.001999	0.16334	8e-06	2e-06	0.0	0001	sieve	candidate_snvs	smc_mu_ld_stage_1	mt	no_cnv	/raid/kang/DelSIEVE/simulation_results/IndelSIEVE_benchmark_pipeline_ld_205/benchmark_results/simulated_data/results/cell_names	/raid/kang/DelSIEVE/simulation_results/IndelSIEVE_benchmark_pipeline_ld_205/benchmark_results/indelsieve/from_candidate/variant_calling/mt/no_cnv/smc_mu_ld_stage_1/0001/indelsieve_median.cell_names	/raid/kang/DelSIEVE/simulation_results/IndelSIEVE_benchmark_pipeline_ld_205/benchmark_results/simulated_data/results/data_type/no_cnv/0001/true_evo_events_sites_names	/raid/kang/DelSIEVE/simulation_results/IndelSIEVE_benchmark_pipeline_ld_205/benchmark_results/indelsieve/from_candidate/variant_calling/mt/no_cnv/smc_mu_ld_stage_1/0001/indelsieve_median.loci_info	/raid/kang/DelSIEVE/simulation_results/IndelSIEVE_benchmark_pipeline_ld_205/benchmark_results/simulated_data/results/data_type/no_cnv/0001/true_evo_events_genotypes_numeric	/raid/kang/DelSIEVE/simulation_results/IndelSIEVE_benchmark_pipeline_ld_205/benchmark_results/indelsieve/from_candidate/variant_calling/mt/no_cnv/smc_mu_ld_stage_1/0001/indelsieve_median.genotypes	/raid/kang/DelSIEVE/simulation_results/IndelSIEVE_benchmark_pipeline_ld_205/benchmark_results/simulated_data/results/data_type/no_cnv/0001/true_evo_events_ternary_matrix.simple	/raid/kang/DelSIEVE/simulation_results/IndelSIEVE_benchmark_pipeline_ld_205/benchmark_results/indelsieve/from_candidate/variant_calling/mt/no_cnv/smc_mu_ld_stage_1/0001/indelsieve_median.ternary	/raid/kang/DelSIEVE/simulation_results/IndelSIEVE_benchmark_pipeline_ld_205/benchmark_results/indelsieve/from_candidate/variant_calling/mt/no_cnv/smc_mu_ld_stage_1/0001/indelsieve_median.probs	6057	61	20757	2485	0.709084523530789	0.9900294213795358	0.8263301500682128	0.0029301565952541	6034	84	22556	678	0.8989868891537545	0.9862700228832952	0.9406079501169134	0.0037102473498233	5561	200	22883	708	0.8870633274844473	0.9652838048949836	0.9245220282626766	0.0086643850452714	190	167	28906	89	0.6810035842293907	0.5322128851540616	0.5974842767295598	0.005744161249269	279	61	3	86	0	0	15032	688	0.0	NA	0.0	NA	0	0	15719	1	0.0	NA	0.0	NA	0	0	15556	164	0.0	NA	0.0	NA	0	0	15197	523	0.0	NA	0.0	NA	500	22	31	132	0	0	15720	0	NA	NA	0.0	NA
40	5	20	0.001999	0.16334	8e-06	2e-06	0.0	0002	sieve	candidate_snvs	smc_mu_ld_stage_1	mt	no_cnv	/raid/kang/DelSIEVE/simulation_results/IndelSIEVE_benchmark_pipeline_ld_205/benchmark_results/simulated_data/results/cell_names	/raid/kang/DelSIEVE/simulation_results/IndelSIEVE_benchmark_pipeline_ld_205/benchmark_results/indelsieve/from_candidate/variant_calling/mt/no_cnv/smc_mu_ld_stage_1/0002/indelsieve_median.cell_names	/raid/kang/DelSIEVE/simulation_results/IndelSIEVE_benchmark_pipeline_ld_205/benchmark_results/simulated_data/results/data_type/no_cnv/0002/true_evo_events_sites_names	/raid/kang/DelSIEVE/simulation_results/IndelSIEVE_benchmark_pipeline_ld_205/benchmark_results/indelsieve/from_candidate/variant_calling/mt/no_cnv/smc_mu_ld_stage_1/0002/indelsieve_median.loci_info	/raid/kang/DelSIEVE/simulation_results/IndelSIEVE_benchmark_pipeline_ld_205/benchmark_results/simulated_data/results/data_type/no_cnv/0002/true_evo_events_genotypes_numeric	/raid/kang/DelSIEVE/simulation_results/IndelSIEVE_benchmark_pipeline_ld_205/benchmark_results/indelsieve/from_candidate/variant_calling/mt/no_cnv/smc_mu_ld_stage_1/0002/indelsieve_median.genotypes	/raid/kang/DelSIEVE/simulation_results/IndelSIEVE_benchmark_pipeline_ld_205/benchmark_results/simulated_data/results/data_type/no_cnv/0002/true_evo_events_ternary_matrix.simple	/raid/kang/DelSIEVE/simulation_results/IndelSIEVE_benchmark_pipeline_ld_205/benchmark_results/indelsieve/from_candidate/variant_calling/mt/no_cnv/smc_mu_ld_stage_1/0002/indelsieve_median.ternary	/raid/kang/DelSIEVE/simulation_results/IndelSIEVE_benchmark_pipeline_ld_205/benchmark_results/indelsieve/from_candidate/variant_calling/mt/no_cnv/smc_mu_ld_stage_1/0002/indelsieve_median.probs	6233	66	23646	2495	0.7141384051329056	0.98952214637244	0.8295734344845945	0.0027834008097165	6226	73	25319	814	0.884375	0.9884108588664868	0.9335032611140266	0.0028749212350346	5812	165	25599	856	0.871625674865027	0.9723941776811108	0.919256623171214	0.0064042850489054	203	119	32043	67	0.7518518518518519	0.6304347826086957	0.6858108108108109	0.0037000186555562	270	66	7	60	0	0	15632	528	0.0	NA	0.0	NA	0	0	16159	1	0.0	NA	0.0	NA	0	0	16058	102	0.0	NA	0.0	NA	0	0	15735	425	0.0	NA	0.0	NA	418	7	32	67	0	0	16160	0	NA	NA	0.0	NA
40	5	20	0.001999	0.16334	8e-06	2e-06	0.0	0003	sieve	candidate_snvs	smc_mu_ld_stage_1	mt	no_cnv	/raid/kang/DelSIEVE/simulation_results/IndelSIEVE_benchmark_pipeline_ld_205/benchmark_results/simulated_data/results/cell_names	/raid/kang/DelSIEVE/simulation_results/IndelSIEVE_benchmark_pipeline_ld_205/benchmark_results/indelsieve/from_candidate/variant_calling/mt/no_cnv/smc_mu_ld_stage_1/0003/indelsieve_median.cell_names	/raid/kang/DelSIEVE/simulation_results/IndelSIEVE_benchmark_pipeline_ld_205/benchmark_results/simulated_data/results/data_type/no_cnv/0003/true_evo_events_sites_names	/raid/kang/DelSIEVE/simulation_results/IndelSIEVE_benchmark_pipeline_ld_205/benchmark_results/indelsieve/from_candidate/variant_calling/mt/no_cnv/smc_mu_ld_stage_1/0003/indelsieve_median.loci_info	/raid/kang/DelSIEVE/simulation_results/IndelSIEVE_benchmark_pipeline_ld_205/benchmark_results/simulated_data/results/data_type/no_cnv/0003/true_evo_events_genotypes_numeric	/raid/kang/DelSIEVE/simulation_results/IndelSIEVE_benchmark_pipeline_ld_205/benchmark_results/indelsieve/from_candidate/variant_calling/mt/no_cnv/smc_mu_ld_stage_1/0003/indelsieve_median.genotypes	/raid/kang/DelSIEVE/simulation_results/IndelSIEVE_benchmark_pipeline_ld_205/benchmark_results/simulated_data/results/data_type/no_cnv/0003/true_evo_events_ternary_matrix.simple	/raid/kang/DelSIEVE/simulation_results/IndelSIEVE_benchmark_pipeline_ld_205/benchmark_results/indelsieve/from_candidate/variant_calling/mt/no_cnv/smc_mu_ld_stage_1/0003/indelsieve_median.ternary	/raid/kang/DelSIEVE/simulation_results/IndelSIEVE_benchmark_pipeline_ld_205/benchmark_results/indelsieve/from_candidate/variant_calling/mt/no_cnv/smc_mu_ld_stage_1/0003/indelsieve_median.probs	5420	71	24481	2428	0.6906218144750255	0.9870697505008196	0.812654621785741	0.0028918214402085	5405	86	26137	765	0.8760129659643436	0.98433800764888	0.9270216962524656	0.0032795637417534	4996	147	26441	809	0.8606373815676142	0.9714174606260936	0.9126781147241504	0.0055288099894689	214	134	31982	63	0.7725631768953068	0.6149425287356322	0.6848	0.004172375140117	277	71	4	59	0	0	15115	365	0.0	NA	0.0	NA	0	0	15478	2	0.0	NA	0.0	NA	0	0	15392	88	0.0	NA	0.0	NA	0	0	15205	275	0.0	NA	0.0	NA	262	11	6	82	0	0	15480	0	NA	NA	0.0	NA
40	5	20	0.001999	0.16334	8e-06	2e-06	0.0	0004	sieve	candidate_snvs	smc_mu_ld_stage_1	mt	no_cnv	/raid/kang/DelSIEVE/simulation_results/IndelSIEVE_benchmark_pipeline_ld_205/benchmark_results/simulated_data/results/cell_names	/raid/kang/DelSIEVE/simulation_results/IndelSIEVE_benchmark_pipeline_ld_205/benchmark_results/indelsieve/from_candidate/variant_calling/mt/no_cnv/smc_mu_ld_stage_1/0004/indelsieve_mean.cell_names	/raid/kang/DelSIEVE/simulation_results/IndelSIEVE_benchmark_pipeline_ld_205/benchmark_results/simulated_data/results/data_type/no_cnv/0004/true_evo_events_sites_names	/raid/kang/DelSIEVE/simulation_results/IndelSIEVE_benchmark_pipeline_ld_205/benchmark_results/indelsieve/from_candidate/variant_calling/mt/no_cnv/smc_mu_ld_stage_1/0004/indelsieve_mean.loci_info	/raid/kang/DelSIEVE/simulation_results/IndelSIEVE_benchmark_pipeline_ld_205/benchmark_results/simulated_data/results/data_type/no_cnv/0004/true_evo_events_genotypes_numeric	/raid/kang/DelSIEVE/simulation_results/IndelSIEVE_benchmark_pipeline_ld_205/benchmark_results/indelsieve/from_candidate/variant_calling/mt/no_cnv/smc_mu_ld_stage_1/0004/indelsieve_mean.genotypes	/raid/kang/DelSIEVE/simulation_results/IndelSIEVE_benchmark_pipeline_ld_205/benchmark_results/simulated_data/results/data_type/no_cnv/0004/true_evo_events_ternary_matrix.simple	/raid/kang/DelSIEVE/simulation_results/IndelSIEVE_benchmark_pipeline_ld_205/benchmark_results/indelsieve/from_candidate/variant_calling/mt/no_cnv/smc_mu_ld_stage_1/0004/indelsieve_mean.ternary	/raid/kang/DelSIEVE/simulation_results/IndelSIEVE_benchmark_pipeline_ld_205/benchmark_results/indelsieve/from_candidate/variant_calling/mt/no_cnv/smc_mu_ld_stage_1/0004/indelsieve_mean.probs	7014	91	22476	2739	0.7191633343586589	0.987192118226601	0.8321271799738996	0.0040324367439181	7000	105	24439	771	0.9007849697593616	0.9852216748768472	0.9411132024737832	0.0042780312907431	6580	206	24720	809	0.890512924617675	0.9696433834364868	0.928395061728395	0.0082644628099173	223	96	31922	74	0.7508417508417509	0.6990595611285266	0.724025974025974	0.0029983134486851	297	91	3	71	0	0	17851	429	0.0	NA	0.0	NA	0	0	18280	0	NA	NA	0.0	NA	0	0	18195	85	0.0	NA	0.0	NA	0	0	17936	344	0.0	NA	0.0	NA	330	14	30	55	0	0	18280	0	NA	NA	0.0	NA
40	5	20	0.001999	0.16334	8e-06	2e-06	0.0	0005	sieve	candidate_snvs	smc_mu_ld_stage_1	mt	no_cnv	/raid/kang/DelSIEVE/simulation_results/IndelSIEVE_benchmark_pipeline_ld_205/benchmark_results/simulated_data/results/cell_names	/raid/kang/DelSIEVE/simulation_results/IndelSIEVE_benchmark_pipeline_ld_205/benchmark_results/indelsieve/from_candidate/variant_calling/mt/no_cnv/smc_mu_ld_stage_1/0005/indelsieve_median.cell_names	/raid/kang/DelSIEVE/simulation_results/IndelSIEVE_benchmark_pipeline_ld_205/benchmark_results/simulated_data/results/data_type/no_cnv/0005/true_evo_events_sites_names	/raid/kang/DelSIEVE/simulation_results/IndelSIEVE_benchmark_pipeline_ld_205/benchmark_results/indelsieve/from_candidate/variant_calling/mt/no_cnv/smc_mu_ld_stage_1/0005/indelsieve_median.loci_info	/raid/kang/DelSIEVE/simulation_results/IndelSIEVE_benchmark_pipeline_ld_205/benchmark_results/simulated_data/results/data_type/no_cnv/0005/true_evo_events_genotypes_numeric	/raid/kang/DelSIEVE/simulation_results/IndelSIEVE_benchmark_pipeline_ld_205/benchmark_results/indelsieve/from_candidate/variant_calling/mt/no_cnv/smc_mu_ld_stage_1/0005/indelsieve_median.genotypes	/raid/kang/DelSIEVE/simulation_results/IndelSIEVE_benchmark_pipeline_ld_205/benchmark_results/simulated_data/results/data_type/no_cnv/0005/true_evo_events_ternary_matrix.simple	/raid/kang/DelSIEVE/simulation_results/IndelSIEVE_benchmark_pipeline_ld_205/benchmark_results/indelsieve/from_candidate/variant_calling/mt/no_cnv/smc_mu_ld_stage_1/0005/indelsieve_median.ternary	/raid/kang/DelSIEVE/simulation_results/IndelSIEVE_benchmark_pipeline_ld_205/benchmark_results/indelsieve/from_candidate/variant_calling/mt/no_cnv/smc_mu_ld_stage_1/0005/indelsieve_median.probs	8269	98	21182	2931	0.7383035714285714	0.9882873192303095	0.8451985485766852	0.0046052631578947	8255	112	23359	743	0.9174260946877084	0.9866140791203538	0.9507630290814856	0.004771846107963	7508	236	23915	810	0.902620822313056	0.9695247933884298	0.9348773502677126	0.0097718520972216	380	243	31740	106	0.7818930041152263	0.6099518459069021	0.6853020739404868	0.0075977863239846	486	98	3	103	0	0	16932	668	0.0	NA	0.0	NA	0	0	17600	0	NA	NA	0.0	NA	0	0	17406	194	0.0	NA	0.0	NA	0	0	17126	474	0.0	NA	0.0	NA	460	13	22	171	0	0	17600	0	NA	NA	0.0	NA
40	5	20	0.001999	0.16334	8e-06	2e-06	0.0	0006	sieve	candidate_snvs	smc_mu_ld_stage_1	mt	no_cnv	/raid/kang/DelSIEVE/simulation_results/IndelSIEVE_benchmark_pipeline_ld_205/benchmark_results/simulated_data/results/cell_names	/raid/kang/DelSIEVE/simulation_results/IndelSIEVE_benchmark_pipeline_ld_205/benchmark_results/indelsieve/from_candidate/variant_calling/mt/no_cnv/smc_mu_ld_stage_1/0006/indelsieve_median.cell_names	/raid/kang/DelSIEVE/simulation_results/IndelSIEVE_benchmark_pipeline_ld_205/benchmark_results/simulated_data/results/data_type/no_cnv/0006/true_evo_events_sites_names	/raid/kang/DelSIEVE/simulation_results/IndelSIEVE_benchmark_pipeline_ld_205/benchmark_results/indelsieve/from_candidate/variant_calling/mt/no_cnv/smc_mu_ld_stage_1/0006/indelsieve_median.loci_info	/raid/kang/DelSIEVE/simulation_results/IndelSIEVE_benchmark_pipeline_ld_205/benchmark_results/simulated_data/results/data_type/no_cnv/0006/true_evo_events_genotypes_numeric	/raid/kang/DelSIEVE/simulation_results/IndelSIEVE_benchmark_pipeline_ld_205/benchmark_results/indelsieve/from_candidate/variant_calling/mt/no_cnv/smc_mu_ld_stage_1/0006/indelsieve_median.genotypes	/raid/kang/DelSIEVE/simulation_results/IndelSIEVE_benchmark_pipeline_ld_205/benchmark_results/simulated_data/results/data_type/no_cnv/0006/true_evo_events_ternary_matrix.simple	/raid/kang/DelSIEVE/simulation_results/IndelSIEVE_benchmark_pipeline_ld_205/benchmark_results/indelsieve/from_candidate/variant_calling/mt/no_cnv/smc_mu_ld_stage_1/0006/indelsieve_median.ternary	/raid/kang/DelSIEVE/simulation_results/IndelSIEVE_benchmark_pipeline_ld_205/benchmark_results/indelsieve/from_candidate/variant_calling/mt/no_cnv/smc_mu_ld_stage_1/0006/indelsieve_median.probs	4838	80	25539	2023	0.705145022591459	0.983733224888166	0.8214619237626284	0.003122682384168	4815	103	26720	838	0.8517601273660004	0.9790565270435136	0.9109828776842304	0.0038399880699399	4526	177	26898	875	0.8379929642658767	0.9623644482245376	0.895882818685669	0.0065373961218836	114	101	32204	57	0.6666666666666666	0.5302325581395348	0.5906735751295337	0.0031264510137749	171	80	1	56	0	0	14662	338	0.0	NA	0.0	NA	0	0	14996	4	0.0	NA	0.0	NA	0	0	14919	81	0.0	NA	0.0	NA	0	0	14747	253	0.0	NA	0.0	NA	234	19	22	56	0	0	15000	0	NA	NA	0.0	NA
40	5	20	0.001999	0.16334	8e-06	2e-06	0.0	0007	sieve	candidate_snvs	smc_mu_ld_stage_1	mt	no_cnv	/raid/kang/DelSIEVE/simulation_results/IndelSIEVE_benchmark_pipeline_ld_205/benchmark_results/simulated_data/results/cell_names	/raid/kang/DelSIEVE/simulation_results/IndelSIEVE_benchmark_pipeline_ld_205/benchmark_results/indelsieve/from_candidate/variant_calling/mt/no_cnv/smc_mu_ld_stage_1/0007/indelsieve_median.cell_names	/raid/kang/DelSIEVE/simulation_results/IndelSIEVE_benchmark_pipeline_ld_205/benchmark_results/simulated_data/results/data_type/no_cnv/0007/true_evo_events_sites_names	/raid/kang/DelSIEVE/simulation_results/IndelSIEVE_benchmark_pipeline_ld_205/benchmark_results/indelsieve/from_candidate/variant_calling/mt/no_cnv/smc_mu_ld_stage_1/0007/indelsieve_median.loci_info	/raid/kang/DelSIEVE/simulation_results/IndelSIEVE_benchmark_pipeline_ld_205/benchmark_results/simulated_data/results/data_type/no_cnv/0007/true_evo_events_genotypes_numeric	/raid/kang/DelSIEVE/simulation_results/IndelSIEVE_benchmark_pipeline_ld_205/benchmark_results/indelsieve/from_candidate/variant_calling/mt/no_cnv/smc_mu_ld_stage_1/0007/indelsieve_median.genotypes	/raid/kang/DelSIEVE/simulation_results/IndelSIEVE_benchmark_pipeline_ld_205/benchmark_results/simulated_data/results/data_type/no_cnv/0007/true_evo_events_ternary_matrix.simple	/raid/kang/DelSIEVE/simulation_results/IndelSIEVE_benchmark_pipeline_ld_205/benchmark_results/indelsieve/from_candidate/variant_calling/mt/no_cnv/smc_mu_ld_stage_1/0007/indelsieve_median.ternary	/raid/kang/DelSIEVE/simulation_results/IndelSIEVE_benchmark_pipeline_ld_205/benchmark_results/indelsieve/from_candidate/variant_calling/mt/no_cnv/smc_mu_ld_stage_1/0007/indelsieve_median.probs	6856	63	18034	2927	0.7008075232546254	0.9908946379534614	0.8209795234103701	0.0034812399845278	6841	78	20200	747	0.9015550869794412	0.9887266946090476	0.9431309023230164	0.0038465331886773	6141	164	20748	813	0.8830888697152718	0.973988897700238	0.9263142016743344	0.0078423871461361	210	404	27182	70	0.75	0.3420195439739413	0.4697986577181208	0.0146451098383237	280	63	5	65	0	0	14080	680	0.0	NA	0.0	NA	0	0	14758	2	0.0	NA	0.0	NA	0	0	14406	354	0.0	NA	0.0	NA	0	0	14436	324	0.0	NA	0.0	NA	309	14	22	332	0	0	14760	0	NA	NA	0.0	NA
40	5	20	0.001999	0.16334	8e-06	2e-06	0.0	0008	sieve	candidate_snvs	smc_mu_ld_stage_1	mt	no_cnv	/raid/kang/DelSIEVE/simulation_results/IndelSIEVE_benchmark_pipeline_ld_205/benchmark_results/simulated_data/results/cell_names	/raid/kang/DelSIEVE/simulation_results/IndelSIEVE_benchmark_pipeline_ld_205/benchmark_results/indelsieve/from_candidate/variant_calling/mt/no_cnv/smc_mu_ld_stage_1/0008/indelsieve_median.cell_names	/raid/kang/DelSIEVE/simulation_results/IndelSIEVE_benchmark_pipeline_ld_205/benchmark_results/simulated_data/results/data_type/no_cnv/0008/true_evo_events_sites_names	/raid/kang/DelSIEVE/simulation_results/IndelSIEVE_benchmark_pipeline_ld_205/benchmark_results/indelsieve/from_candidate/variant_calling/mt/no_cnv/smc_mu_ld_stage_1/0008/indelsieve_median.loci_info	/raid/kang/DelSIEVE/simulation_results/IndelSIEVE_benchmark_pipeline_ld_205/benchmark_results/simulated_data/results/data_type/no_cnv/0008/true_evo_events_genotypes_numeric	/raid/kang/DelSIEVE/simulation_results/IndelSIEVE_benchmark_pipeline_ld_205/benchmark_results/indelsieve/from_candidate/variant_calling/mt/no_cnv/smc_mu_ld_stage_1/0008/indelsieve_median.genotypes	/raid/kang/DelSIEVE/simulation_results/IndelSIEVE_benchmark_pipeline_ld_205/benchmark_results/simulated_data/results/data_type/no_cnv/0008/true_evo_events_ternary_matrix.simple	/raid/kang/DelSIEVE/simulation_results/IndelSIEVE_benchmark_pipeline_ld_205/benchmark_results/indelsieve/from_candidate/variant_calling/mt/no_cnv/smc_mu_ld_stage_1/0008/indelsieve_median.ternary	/raid/kang/DelSIEVE/simulation_results/IndelSIEVE_benchmark_pipeline_ld_205/benchmark_results/indelsieve/from_candidate/variant_calling/mt/no_cnv/smc_mu_ld_stage_1/0008/indelsieve_median.probs	5904	76	24383	2397	0.7112396096855801	0.9872909698996656	0.8268328548420979	0.0031072406884991	5883	97	26018	755	0.8862609219644472	0.9837792642140468	0.9324774132192108	0.0037143404173846	5662	161	26147	783	0.8785104732350659	0.9723510218100636	0.9230518421910662	0.0061198114641934	85	72	32549	47	0.6439393939393939	0.5414012738853503	0.588235294117647	0.0022071671622574	132	76	5	42	0	0	17153	407	0.0	NA	0.0	NA	0	0	17550	10	0.0	NA	0.0	NA	0	0	17499	61	0.0	NA	0.0	NA	0	0	17224	336	0.0	NA	0.0	NA	315	21	22	38	0	0	17560	0	NA	NA	0.0	NA
40	5	20	0.001999	0.16334	8e-06	2e-06	0.0	0009	sieve	candidate_snvs	smc_mu_ld_stage_1	mt	no_cnv	/raid/kang/DelSIEVE/simulation_results/IndelSIEVE_benchmark_pipeline_ld_205/benchmark_results/simulated_data/results/cell_names	/raid/kang/DelSIEVE/simulation_results/IndelSIEVE_benchmark_pipeline_ld_205/benchmark_results/indelsieve/from_candidate/variant_calling/mt/no_cnv/smc_mu_ld_stage_1/0009/indelsieve_mean.cell_names	/raid/kang/DelSIEVE/simulation_results/IndelSIEVE_benchmark_pipeline_ld_205/benchmark_results/simulated_data/results/data_type/no_cnv/0009/true_evo_events_sites_names	/raid/kang/DelSIEVE/simulation_results/IndelSIEVE_benchmark_pipeline_ld_205/benchmark_results/indelsieve/from_candidate/variant_calling/mt/no_cnv/smc_mu_ld_stage_1/0009/indelsieve_mean.loci_info	/raid/kang/DelSIEVE/simulation_results/IndelSIEVE_benchmark_pipeline_ld_205/benchmark_results/simulated_data/results/data_type/no_cnv/0009/true_evo_events_genotypes_numeric	/raid/kang/DelSIEVE/simulation_results/IndelSIEVE_benchmark_pipeline_ld_205/benchmark_results/indelsieve/from_candidate/variant_calling/mt/no_cnv/smc_mu_ld_stage_1/0009/indelsieve_mean.genotypes	/raid/kang/DelSIEVE/simulation_results/IndelSIEVE_benchmark_pipeline_ld_205/benchmark_results/simulated_data/results/data_type/no_cnv/0009/true_evo_events_ternary_matrix.simple	/raid/kang/DelSIEVE/simulation_results/IndelSIEVE_benchmark_pipeline_ld_205/benchmark_results/indelsieve/from_candidate/variant_calling/mt/no_cnv/smc_mu_ld_stage_1/0009/indelsieve_mean.ternary	/raid/kang/DelSIEVE/simulation_results/IndelSIEVE_benchmark_pipeline_ld_205/benchmark_results/indelsieve/from_candidate/variant_calling/mt/no_cnv/smc_mu_ld_stage_1/0009/indelsieve_mean.probs	4446	67	21731	2156	0.6734322932444714	0.9851539995568358	0.8	0.0030736764840811	4435	78	23118	764	0.8530486632044624	0.9827165964990028	0.91330313014827	0.00336264873254	4038	160	23410	787	0.8368911917098446	0.9618866126727011	0.8950459935719828	0.006788290199406	162	153	28008	72	0.6923076923076923	0.5142857142857142	0.5901639344262295	0.005433045701502	234	67	11	61	0	0	13561	519	0.0	NA	0.0	NA	0	0	14079	1	0.0	NA	0.0	NA	0	0	13940	140	0.0	NA	0.0	NA	0	0	13702	378	0.0	NA	0.0	NA	367	11	21	119	0	0	14080	0	NA	NA	0.0	NA
40	5	20	0.001999	0.16334	8e-06	2e-06	0.0	0010	sieve	candidate_snvs	smc_mu_ld_stage_1	mt	no_cnv	/raid/kang/DelSIEVE/simulation_results/IndelSIEVE_benchmark_pipeline_ld_205/benchmark_results/simulated_data/results/cell_names	/raid/kang/DelSIEVE/simulation_results/IndelSIEVE_benchmark_pipeline_ld_205/benchmark_results/indelsieve/from_candidate/variant_calling/mt/no_cnv/smc_mu_ld_stage_1/0010/indelsieve_median.cell_names	/raid/kang/DelSIEVE/simulation_results/IndelSIEVE_benchmark_pipeline_ld_205/benchmark_results/simulated_data/results/data_type/no_cnv/0010/true_evo_events_sites_names	/raid/kang/DelSIEVE/simulation_results/IndelSIEVE_benchmark_pipeline_ld_205/benchmark_results/indelsieve/from_candidate/variant_calling/mt/no_cnv/smc_mu_ld_stage_1/0010/indelsieve_median.loci_info	/raid/kang/DelSIEVE/simulation_results/IndelSIEVE_benchmark_pipeline_ld_205/benchmark_results/simulated_data/results/data_type/no_cnv/0010/true_evo_events_genotypes_numeric	/raid/kang/DelSIEVE/simulation_results/IndelSIEVE_benchmark_pipeline_ld_205/benchmark_results/indelsieve/from_candidate/variant_calling/mt/no_cnv/smc_mu_ld_stage_1/0010/indelsieve_median.genotypes	/raid/kang/DelSIEVE/simulation_results/IndelSIEVE_benchmark_pipeline_ld_205/benchmark_results/simulated_data/results/data_type/no_cnv/0010/true_evo_events_ternary_matrix.simple	/raid/kang/DelSIEVE/simulation_results/IndelSIEVE_benchmark_pipeline_ld_205/benchmark_results/indelsieve/from_candidate/variant_calling/mt/no_cnv/smc_mu_ld_stage_1/0010/indelsieve_median.ternary	/raid/kang/DelSIEVE/simulation_results/IndelSIEVE_benchmark_pipeline_ld_205/benchmark_results/indelsieve/from_candidate/variant_calling/mt/no_cnv/smc_mu_ld_stage_1/0010/indelsieve_median.probs	5505	95	23678	2282	0.7069474765635033	0.9830357142857142	0.8224396802868454	0.0039961300635174	5489	111	25125	826	0.869200316706255	0.9801785714285716	0.921359630717583	0.0043984783642415	5088	165	25441	857	0.8558452481076535	0.9685893774985722	0.9087337024468656	0.0064438022338514	189	158	31161	43	0.8146551724137931	0.5446685878962536	0.6528497409326425	0.0050448609470289	232	95	8	35	0	0	14886	474	0.0	NA	0.0	NA	0	0	15357	3	0.0	NA	0.0	NA	0	0	15222	138	0.0	NA	0.0	NA	0	0	15027	333	0.0	NA	0.0	NA	318	15	19	119	0	0	15360	0	NA	NA	0.0	NA
40	5	20	0.001999	0.16334	8e-06	2e-06	0.0	0001	indelsieve	candidate_snvs	smc_mudel_ld_stage_1	mt	no_cnv	/raid/kang/DelSIEVE/simulation_results/IndelSIEVE_benchmark_pipeline_ld_205/benchmark_results/simulated_data/results/cell_names	/raid/kang/DelSIEVE/simulation_results/IndelSIEVE_benchmark_pipeline_ld_205/benchmark_results/indelsieve/from_candidate/variant_calling/mt/no_cnv/smc_mudel_ld_stage_1/0001/indelsieve_median.cell_names	/raid/kang/DelSIEVE/simulation_results/IndelSIEVE_benchmark_pipeline_ld_205/benchmark_results/simulated_data/results/data_type/no_cnv/0001/true_evo_events_sites_names	/raid/kang/DelSIEVE/simulation_results/IndelSIEVE_benchmark_pipeline_ld_205/benchmark_results/indelsieve/from_candidate/variant_calling/mt/no_cnv/smc_mudel_ld_stage_1/0001/indelsieve_median.loci_info	/raid/kang/DelSIEVE/simulation_results/IndelSIEVE_benchmark_pipeline_ld_205/benchmark_results/simulated_data/results/data_type/no_cnv/0001/true_evo_events_genotypes_numeric	/raid/kang/DelSIEVE/simulation_results/IndelSIEVE_benchmark_pipeline_ld_205/benchmark_results/indelsieve/from_candidate/variant_calling/mt/no_cnv/smc_mudel_ld_stage_1/0001/indelsieve_median.genotypes	/raid/kang/DelSIEVE/simulation_results/IndelSIEVE_benchmark_pipeline_ld_205/benchmark_results/simulated_data/results/data_type/no_cnv/0001/true_evo_events_ternary_matrix.simple	/raid/kang/DelSIEVE/simulation_results/IndelSIEVE_benchmark_pipeline_ld_205/benchmark_results/indelsieve/from_candidate/variant_calling/mt/no_cnv/smc_mudel_ld_stage_1/0001/indelsieve_median.ternary	/raid/kang/DelSIEVE/simulation_results/IndelSIEVE_benchmark_pipeline_ld_205/benchmark_results/indelsieve/from_candidate/variant_calling/mt/no_cnv/smc_mudel_ld_stage_1/0001/indelsieve_median.probs	6286	382	20436	2256	0.7358932334347927	0.9427114577084584	0.8265614727153189	0.0183495052358535	6031	80	22560	681	0.8985399284862932	0.9869088528882344	0.9406535132184356	0.0035335689045936	5503	185	22879	785	0.8751590330788804	0.9674753867791842	0.919004676018704	0.0080211585154353	169	46	29046	91	0.65	0.786046511627907	0.7115789473684211	0.0015811907053485	260	58	3	88	359	406	14626	329	0.5218023255813954	0.469281045751634	0.02700904736562	0.4941500344115623	0	0	15719	1	0.0	NA	0.0	NA	128	80	15476	36	0.7804878048780488	0.6153846153846154	0.0051427102082797	0.6881720430107527	227	330	14867	296	0.4340344168260038	0.40754039497307	0.0217148121339738	0.4203703703703703	274	20	19	16	0	0	15720	0	NA	NA	0.0	NA
40	5	20	0.001999	0.16334	8e-06	2e-06	0.0	0002	indelsieve	candidate_snvs	smc_mudel_ld_stage_1	mt	no_cnv	/raid/kang/DelSIEVE/simulation_results/IndelSIEVE_benchmark_pipeline_ld_205/benchmark_results/simulated_data/results/cell_names	/raid/kang/DelSIEVE/simulation_results/IndelSIEVE_benchmark_pipeline_ld_205/benchmark_results/indelsieve/from_candidate/variant_calling/mt/no_cnv/smc_mudel_ld_stage_1/0002/indelsieve_median.cell_names	/raid/kang/DelSIEVE/simulation_results/IndelSIEVE_benchmark_pipeline_ld_205/benchmark_results/simulated_data/results/data_type/no_cnv/0002/true_evo_events_sites_names	/raid/kang/DelSIEVE/simulation_results/IndelSIEVE_benchmark_pipeline_ld_205/benchmark_results/indelsieve/from_candidate/variant_calling/mt/no_cnv/smc_mudel_ld_stage_1/0002/indelsieve_median.loci_info	/raid/kang/DelSIEVE/simulation_results/IndelSIEVE_benchmark_pipeline_ld_205/benchmark_results/simulated_data/results/data_type/no_cnv/0002/true_evo_events_genotypes_numeric	/raid/kang/DelSIEVE/simulation_results/IndelSIEVE_benchmark_pipeline_ld_205/benchmark_results/indelsieve/from_candidate/variant_calling/mt/no_cnv/smc_mudel_ld_stage_1/0002/indelsieve_median.genotypes	/raid/kang/DelSIEVE/simulation_results/IndelSIEVE_benchmark_pipeline_ld_205/benchmark_results/simulated_data/results/data_type/no_cnv/0002/true_evo_events_ternary_matrix.simple	/raid/kang/DelSIEVE/simulation_results/IndelSIEVE_benchmark_pipeline_ld_205/benchmark_results/indelsieve/from_candidate/variant_calling/mt/no_cnv/smc_mudel_ld_stage_1/0002/indelsieve_median.ternary	/raid/kang/DelSIEVE/simulation_results/IndelSIEVE_benchmark_pipeline_ld_205/benchmark_results/indelsieve/from_candidate/variant_calling/mt/no_cnv/smc_mudel_ld_stage_1/0002/indelsieve_median.probs	6438	315	23397	2290	0.7376260311640697	0.9533540648600622	0.8317292164588851	0.0132844129554655	6222	73	25319	818	0.8838068181818182	0.9884034948371724	0.93318335208099	0.0028749212350346	5782	158	25589	903	0.8649214659685864	0.9734006734006734	0.915960396039604	0.0061366372781294	185	80	32099	68	0.7312252964426877	0.6981132075471698	0.7142857142857143	0.00248609341496	253	66	7	61	222	326	15306	306	0.4204545454545454	0.4051094890510949	0.0208546571136131	0.412639405204461	0	0	16159	1	0.0	NA	0.0	NA	40	50	16008	62	0.392156862745098	0.4444444444444444	0.0031137127911321	0.4166666666666667	181	277	15458	244	0.4258823529411765	0.3951965065502183	0.0176040673657451	0.4099660249150623	237	7	24	35	0	0	16160	0	NA	NA	0.0	NA
40	5	20	0.001999	0.16334	8e-06	2e-06	0.0	0003	indelsieve	candidate_snvs	smc_mudel_ld_stage_1	mt	no_cnv	/raid/kang/DelSIEVE/simulation_results/IndelSIEVE_benchmark_pipeline_ld_205/benchmark_results/simulated_data/results/cell_names	/raid/kang/DelSIEVE/simulation_results/IndelSIEVE_benchmark_pipeline_ld_205/benchmark_results/indelsieve/from_candidate/variant_calling/mt/no_cnv/smc_mudel_ld_stage_1/0003/indelsieve_median.cell_names	/raid/kang/DelSIEVE/simulation_results/IndelSIEVE_benchmark_pipeline_ld_205/benchmark_results/simulated_data/results/data_type/no_cnv/0003/true_evo_events_sites_names	/raid/kang/DelSIEVE/simulation_results/IndelSIEVE_benchmark_pipeline_ld_205/benchmark_results/indelsieve/from_candidate/variant_calling/mt/no_cnv/smc_mudel_ld_stage_1/0003/indelsieve_median.loci_info	/raid/kang/DelSIEVE/simulation_results/IndelSIEVE_benchmark_pipeline_ld_205/benchmark_results/simulated_data/results/data_type/no_cnv/0003/true_evo_events_genotypes_numeric	/raid/kang/DelSIEVE/simulation_results/IndelSIEVE_benchmark_pipeline_ld_205/benchmark_results/indelsieve/from_candidate/variant_calling/mt/no_cnv/smc_mudel_ld_stage_1/0003/indelsieve_median.genotypes	/raid/kang/DelSIEVE/simulation_results/IndelSIEVE_benchmark_pipeline_ld_205/benchmark_results/simulated_data/results/data_type/no_cnv/0003/true_evo_events_ternary_matrix.simple	/raid/kang/DelSIEVE/simulation_results/IndelSIEVE_benchmark_pipeline_ld_205/benchmark_results/indelsieve/from_candidate/variant_calling/mt/no_cnv/smc_mudel_ld_stage_1/0003/indelsieve_median.ternary	/raid/kang/DelSIEVE/simulation_results/IndelSIEVE_benchmark_pipeline_ld_205/benchmark_results/indelsieve/from_candidate/variant_calling/mt/no_cnv/smc_mudel_ld_stage_1/0003/indelsieve_median.probs	5532	381	24171	2316	0.7048929663608563	0.9355657026889904	0.8040113363854371	0.0155180840664711	5400	79	26144	770	0.8752025931928687	0.9855813104581128	0.9271182075714652	0.0030126225069595	4980	137	26433	843	0.8552292632663575	0.9732264999022864	0.9104204753199268	0.0051561911930748	199	40	32094	60	0.7683397683397684	0.8326359832635983	0.7991967871485944	0.0012447874525424	259	64	4	56	188	369	14746	177	0.5150684931506849	0.3375224416517056	0.0244128349321865	0.4078091106290672	0	0	15478	2	0.0	NA	0.0	NA	79	44	15348	9	0.8977272727272727	0.6422764227642277	0.0028586278586278	0.7488151658767773	107	327	14878	168	0.3890909090909091	0.2465437788018433	0.0215060835251562	0.3018335684062059	155	11	6	3	0	0	15480	0	NA	NA	0.0	NA
40	5	20	0.001999	0.16334	8e-06	2e-06	0.0	0004	indelsieve	candidate_snvs	smc_mudel_ld_stage_1	mt	no_cnv	/raid/kang/DelSIEVE/simulation_results/IndelSIEVE_benchmark_pipeline_ld_205/benchmark_results/simulated_data/results/cell_names	/raid/kang/DelSIEVE/simulation_results/IndelSIEVE_benchmark_pipeline_ld_205/benchmark_results/indelsieve/from_candidate/variant_calling/mt/no_cnv/smc_mudel_ld_stage_1/0004/indelsieve_mean.cell_names	/raid/kang/DelSIEVE/simulation_results/IndelSIEVE_benchmark_pipeline_ld_205/benchmark_results/simulated_data/results/data_type/no_cnv/0004/true_evo_events_sites_names	/raid/kang/DelSIEVE/simulation_results/IndelSIEVE_benchmark_pipeline_ld_205/benchmark_results/indelsieve/from_candidate/variant_calling/mt/no_cnv/smc_mudel_ld_stage_1/0004/indelsieve_mean.loci_info	/raid/kang/DelSIEVE/simulation_results/IndelSIEVE_benchmark_pipeline_ld_205/benchmark_results/simulated_data/results/data_type/no_cnv/0004/true_evo_events_genotypes_numeric	/raid/kang/DelSIEVE/simulation_results/IndelSIEVE_benchmark_pipeline_ld_205/benchmark_results/indelsieve/from_candidate/variant_calling/mt/no_cnv/smc_mudel_ld_stage_1/0004/indelsieve_mean.genotypes	/raid/kang/DelSIEVE/simulation_results/IndelSIEVE_benchmark_pipeline_ld_205/benchmark_results/simulated_data/results/data_type/no_cnv/0004/true_evo_events_ternary_matrix.simple	/raid/kang/DelSIEVE/simulation_results/IndelSIEVE_benchmark_pipeline_ld_205/benchmark_results/indelsieve/from_candidate/variant_calling/mt/no_cnv/smc_mudel_ld_stage_1/0004/indelsieve_mean.ternary	/raid/kang/DelSIEVE/simulation_results/IndelSIEVE_benchmark_pipeline_ld_205/benchmark_results/indelsieve/from_candidate/variant_calling/mt/no_cnv/smc_mudel_ld_stage_1/0004/indelsieve_mean.probs	7128	446	22121	2625	0.730852045524454	0.941114338526538	0.822762163098055	0.0197633712943678	6994	89	24455	777	0.9000128683567108	0.987434702809544	0.9416992056011848	0.0036261408083441	6563	180	24739	833	0.8873715521903732	0.9733056503040188	0.9283541976094488	0.007223403828404	216	49	31976	74	0.7448275862068966	0.8150943396226416	0.7783783783783785	0.0015300546448087	290	82	3	71	179	387	17464	250	0.4172494172494173	0.3162544169611307	0.0216794577334603	0.3597989949748744	0	0	18280	0	NA	NA	0.0	NA	58	17	18178	27	0.6823529411764706	0.7733333333333333	0.0009343226161033	0.725	121	370	17566	223	0.3517441860465116	0.2464358452138492	0.020628902765388	0.2898203592814371	216	7	20	7	0	0	18280	0	NA	NA	0.0	NA
40	5	20	0.001999	0.16334	8e-06	2e-06	0.0	0005	indelsieve	candidate_snvs	smc_mudel_ld_stage_1	mt	no_cnv	/raid/kang/DelSIEVE/simulation_results/IndelSIEVE_benchmark_pipeline_ld_205/benchmark_results/simulated_data/results/cell_names	/raid/kang/DelSIEVE/simulation_results/IndelSIEVE_benchmark_pipeline_ld_205/benchmark_results/indelsieve/from_candidate/variant_calling/mt/no_cnv/smc_mudel_ld_stage_1/0005/indelsieve_median.cell_names	/raid/kang/DelSIEVE/simulation_results/IndelSIEVE_benchmark_pipeline_ld_205/benchmark_results/simulated_data/results/data_type/no_cnv/0005/true_evo_events_sites_names	/raid/kang/DelSIEVE/simulation_results/IndelSIEVE_benchmark_pipeline_ld_205/benchmark_results/indelsieve/from_candidate/variant_calling/mt/no_cnv/smc_mudel_ld_stage_1/0005/indelsieve_median.loci_info	/raid/kang/DelSIEVE/simulation_results/IndelSIEVE_benchmark_pipeline_ld_205/benchmark_results/simulated_data/results/data_type/no_cnv/0005/true_evo_events_genotypes_numeric	/raid/kang/DelSIEVE/simulation_results/IndelSIEVE_benchmark_pipeline_ld_205/benchmark_results/indelsieve/from_candidate/variant_calling/mt/no_cnv/smc_mudel_ld_stage_1/0005/indelsieve_median.genotypes	/raid/kang/DelSIEVE/simulation_results/IndelSIEVE_benchmark_pipeline_ld_205/benchmark_results/simulated_data/results/data_type/no_cnv/0005/true_evo_events_ternary_matrix.simple	/raid/kang/DelSIEVE/simulation_results/IndelSIEVE_benchmark_pipeline_ld_205/benchmark_results/indelsieve/from_candidate/variant_calling/mt/no_cnv/smc_mudel_ld_stage_1/0005/indelsieve_median.ternary	/raid/kang/DelSIEVE/simulation_results/IndelSIEVE_benchmark_pipeline_ld_205/benchmark_results/indelsieve/from_candidate/variant_calling/mt/no_cnv/smc_mudel_ld_stage_1/0005/indelsieve_median.probs	8542	356	20924	2658	0.7626785714285714	0.959991009215554	0.8500348293362523	0.0167293233082706	8250	105	23366	748	0.9168704156479216	0.9874326750448832	0.950844234426324	0.0044736057262153	7499	209	23909	852	0.897976290264639	0.9728853139595226	0.9339311289619528	0.0086657268430218	358	65	31951	95	0.7902869757174393	0.8463356973995272	0.8173515981735159	0.0020302348825587	453	94	3	92	444	323	16609	224	0.6646706586826348	0.5788787483702738	0.0190763052208835	0.6188153310104529	0	0	17600	0	NA	NA	0.0	NA	172	52	17354	22	0.8865979381443299	0.7678571428571429	0.0029874755831322	0.8229665071770336	270	273	16853	204	0.569620253164557	0.4972375690607735	0.0159406749970804	0.5309734513274337	193	10	13	7	0	0	17600	0	NA	NA	0.0	NA
40	5	20	0.001999	0.16334	8e-06	2e-06	0.0	0006	indelsieve	candidate_snvs	smc_mudel_ld_stage_1	mt	no_cnv	/raid/kang/DelSIEVE/simulation_results/IndelSIEVE_benchmark_pipeline_ld_205/benchmark_results/simulated_data/results/cell_names	/raid/kang/DelSIEVE/simulation_results/IndelSIEVE_benchmark_pipeline_ld_205/benchmark_results/indelsieve/from_candidate/variant_calling/mt/no_cnv/smc_mudel_ld_stage_1/0006/indelsieve_median.cell_names	/raid/kang/DelSIEVE/simulation_results/IndelSIEVE_benchmark_pipeline_ld_205/benchmark_results/simulated_data/results/data_type/no_cnv/0006/true_evo_events_sites_names	/raid/kang/DelSIEVE/simulation_results/IndelSIEVE_benchmark_pipeline_ld_205/benchmark_results/indelsieve/from_candidate/variant_calling/mt/no_cnv/smc_mudel_ld_stage_1/0006/indelsieve_median.loci_info	/raid/kang/DelSIEVE/simulation_results/IndelSIEVE_benchmark_pipeline_ld_205/benchmark_results/simulated_data/results/data_type/no_cnv/0006/true_evo_events_genotypes_numeric	/raid/kang/DelSIEVE/simulation_results/IndelSIEVE_benchmark_pipeline_ld_205/benchmark_results/indelsieve/from_candidate/variant_calling/mt/no_cnv/smc_mudel_ld_stage_1/0006/indelsieve_median.genotypes	/raid/kang/DelSIEVE/simulation_results/IndelSIEVE_benchmark_pipeline_ld_205/benchmark_results/simulated_data/results/data_type/no_cnv/0006/true_evo_events_ternary_matrix.simple	/raid/kang/DelSIEVE/simulation_results/IndelSIEVE_benchmark_pipeline_ld_205/benchmark_results/indelsieve/from_candidate/variant_calling/mt/no_cnv/smc_mudel_ld_stage_1/0006/indelsieve_median.ternary	/raid/kang/DelSIEVE/simulation_results/IndelSIEVE_benchmark_pipeline_ld_205/benchmark_results/indelsieve/from_candidate/variant_calling/mt/no_cnv/smc_mudel_ld_stage_1/0006/indelsieve_median.probs	4920	323	25296	1941	0.7170966331438566	0.9383940492084684	0.8129543952412425	0.0126078301260783	4803	101	26722	850	0.8496373606934371	0.9794045676998367	0.9099175902244956	0.0037654251947955	4506	165	26910	895	0.8342899463062395	0.9646756583172768	0.8947577442414614	0.0060941828254847	114	56	32249	57	0.6666666666666666	0.6705882352941176	0.6686217008797654	0.0017334777898158	171	79	1	56	132	270	14392	206	0.3905325443786982	0.3283582089552239	0.0184149502114309	0.3567567567567567	0	0	14996	4	0.0	NA	0.0	NA	51	12	14907	30	0.6296296296296297	0.8095238095238095	0.0008043434546551	0.7083333333333334	77	262	14485	176	0.3043478260869565	0.2271386430678466	0.0177663253543093	0.2601351351351351	158	18	12	15	0	0	15000	0	NA	NA	0.0	NA
40	5	20	0.001999	0.16334	8e-06	2e-06	0.0	0007	indelsieve	candidate_snvs	smc_mudel_ld_stage_1	mt	no_cnv	/raid/kang/DelSIEVE/simulation_results/IndelSIEVE_benchmark_pipeline_ld_205/benchmark_results/simulated_data/results/cell_names	/raid/kang/DelSIEVE/simulation_results/IndelSIEVE_benchmark_pipeline_ld_205/benchmark_results/indelsieve/from_candidate/variant_calling/mt/no_cnv/smc_mudel_ld_stage_1/0007/indelsieve_median.cell_names	/raid/kang/DelSIEVE/simulation_results/IndelSIEVE_benchmark_pipeline_ld_205/benchmark_results/simulated_data/results/data_type/no_cnv/0007/true_evo_events_sites_names	/raid/kang/DelSIEVE/simulation_results/IndelSIEVE_benchmark_pipeline_ld_205/benchmark_results/indelsieve/from_candidate/variant_calling/mt/no_cnv/smc_mudel_ld_stage_1/0007/indelsieve_median.loci_info	/raid/kang/DelSIEVE/simulation_results/IndelSIEVE_benchmark_pipeline_ld_205/benchmark_results/simulated_data/results/data_type/no_cnv/0007/true_evo_events_genotypes_numeric	/raid/kang/DelSIEVE/simulation_results/IndelSIEVE_benchmark_pipeline_ld_205/benchmark_results/indelsieve/from_candidate/variant_calling/mt/no_cnv/smc_mudel_ld_stage_1/0007/indelsieve_median.genotypes	/raid/kang/DelSIEVE/simulation_results/IndelSIEVE_benchmark_pipeline_ld_205/benchmark_results/simulated_data/results/data_type/no_cnv/0007/true_evo_events_ternary_matrix.simple	/raid/kang/DelSIEVE/simulation_results/IndelSIEVE_benchmark_pipeline_ld_205/benchmark_results/indelsieve/from_candidate/variant_calling/mt/no_cnv/smc_mudel_ld_stage_1/0007/indelsieve_median.ternary	/raid/kang/DelSIEVE/simulation_results/IndelSIEVE_benchmark_pipeline_ld_205/benchmark_results/indelsieve/from_candidate/variant_calling/mt/no_cnv/smc_mudel_ld_stage_1/0007/indelsieve_median.probs	6990	146	17951	2793	0.7145047531432076	0.9795403587443946	0.8262899698563745	0.0080676355196993	6846	71	20207	742	0.9022140221402214	0.9897354344368946	0.9439503619441572	0.0035013314922576	6123	145	20759	839	0.8794886526860097	0.9768666241225272	0.92562358276644	0.0069364714887102	202	65	27529	70	0.7426470588235294	0.7565543071161048	0.7495361781076066	0.0023555845473653	272	56	5	65	451	150	13930	229	0.663235294117647	0.7504159733777038	0.010653409090909	0.7041373926619828	0	0	14758	2	0.0	NA	0.0	NA	329	53	14353	25	0.9293785310734464	0.8612565445026178	0.0036790226294599	0.8940217391304348	119	100	14336	205	0.3672839506172839	0.54337899543379	0.0069271266278747	0.438305709023941	190	12	12	13	0	0	14760	0	NA	NA	0.0	NA
40	5	20	0.001999	0.16334	8e-06	2e-06	0.0	0008	indelsieve	candidate_snvs	smc_mudel_ld_stage_1	mt	no_cnv	/raid/kang/DelSIEVE/simulation_results/IndelSIEVE_benchmark_pipeline_ld_205/benchmark_results/simulated_data/results/cell_names	/raid/kang/DelSIEVE/simulation_results/IndelSIEVE_benchmark_pipeline_ld_205/benchmark_results/indelsieve/from_candidate/variant_calling/mt/no_cnv/smc_mudel_ld_stage_1/0008/indelsieve_median.cell_names	/raid/kang/DelSIEVE/simulation_results/IndelSIEVE_benchmark_pipeline_ld_205/benchmark_results/simulated_data/results/data_type/no_cnv/0008/true_evo_events_sites_names	/raid/kang/DelSIEVE/simulation_results/IndelSIEVE_benchmark_pipeline_ld_205/benchmark_results/indelsieve/from_candidate/variant_calling/mt/no_cnv/smc_mudel_ld_stage_1/0008/indelsieve_median.loci_info	/raid/kang/DelSIEVE/simulation_results/IndelSIEVE_benchmark_pipeline_ld_205/benchmark_results/simulated_data/results/data_type/no_cnv/0008/true_evo_events_genotypes_numeric	/raid/kang/DelSIEVE/simulation_results/IndelSIEVE_benchmark_pipeline_ld_205/benchmark_results/indelsieve/from_candidate/variant_calling/mt/no_cnv/smc_mudel_ld_stage_1/0008/indelsieve_median.genotypes	/raid/kang/DelSIEVE/simulation_results/IndelSIEVE_benchmark_pipeline_ld_205/benchmark_results/simulated_data/results/data_type/no_cnv/0008/true_evo_events_ternary_matrix.simple	/raid/kang/DelSIEVE/simulation_results/IndelSIEVE_benchmark_pipeline_ld_205/benchmark_results/indelsieve/from_candidate/variant_calling/mt/no_cnv/smc_mudel_ld_stage_1/0008/indelsieve_median.ternary	/raid/kang/DelSIEVE/simulation_results/IndelSIEVE_benchmark_pipeline_ld_205/benchmark_results/indelsieve/from_candidate/variant_calling/mt/no_cnv/smc_mudel_ld_stage_1/0008/indelsieve_median.probs	6013	144	24315	2288	0.7243705577641248	0.976611986356992	0.8317886291326602	0.0058874034097878	5883	89	26026	755	0.8862609219644472	0.9850971198928332	0.9330689928628072	0.0034080030633735	5659	142	26166	786	0.878044996121024	0.975521461816928	0.9242201535195164	0.0053975976889159	85	39	32582	47	0.6439393939393939	0.6854838709677419	0.6640625	0.0011955488795561	132	76	5	42	161	71	17082	246	0.3955773955773956	0.6939655172413793	0.0041392176295691	0.5039123630672926	0	0	17550	10	0.0	NA	0.0	NA	44	3	17496	17	0.7213114754098361	0.9361702127659576	0.0001714383679067	0.8148148148148149	107	78	17146	229	0.3184523809523809	0.5783783783783784	0.0045285647933116	0.4107485604606525	216	13	11	5	0	0	17560	0	NA	NA	0.0	NA
40	5	20	0.001999	0.16334	8e-06	2e-06	0.0	0009	indelsieve	candidate_snvs	smc_mudel_ld_stage_1	mt	no_cnv	/raid/kang/DelSIEVE/simulation_results/IndelSIEVE_benchmark_pipeline_ld_205/benchmark_results/simulated_data/results/cell_names	/raid/kang/DelSIEVE/simulation_results/IndelSIEVE_benchmark_pipeline_ld_205/benchmark_results/indelsieve/from_candidate/variant_calling/mt/no_cnv/smc_mudel_ld_stage_1/0009/indelsieve_mean.cell_names	/raid/kang/DelSIEVE/simulation_results/IndelSIEVE_benchmark_pipeline_ld_205/benchmark_results/simulated_data/results/data_type/no_cnv/0009/true_evo_events_sites_names	/raid/kang/DelSIEVE/simulation_results/IndelSIEVE_benchmark_pipeline_ld_205/benchmark_results/indelsieve/from_candidate/variant_calling/mt/no_cnv/smc_mudel_ld_stage_1/0009/indelsieve_mean.loci_info	/raid/kang/DelSIEVE/simulation_results/IndelSIEVE_benchmark_pipeline_ld_205/benchmark_results/simulated_data/results/data_type/no_cnv/0009/true_evo_events_genotypes_numeric	/raid/kang/DelSIEVE/simulation_results/IndelSIEVE_benchmark_pipeline_ld_205/benchmark_results/indelsieve/from_candidate/variant_calling/mt/no_cnv/smc_mudel_ld_stage_1/0009/indelsieve_mean.genotypes	/raid/kang/DelSIEVE/simulation_results/IndelSIEVE_benchmark_pipeline_ld_205/benchmark_results/simulated_data/results/data_type/no_cnv/0009/true_evo_events_ternary_matrix.simple	/raid/kang/DelSIEVE/simulation_results/IndelSIEVE_benchmark_pipeline_ld_205/benchmark_results/indelsieve/from_candidate/variant_calling/mt/no_cnv/smc_mudel_ld_stage_1/0009/indelsieve_mean.ternary	/raid/kang/DelSIEVE/simulation_results/IndelSIEVE_benchmark_pipeline_ld_205/benchmark_results/indelsieve/from_candidate/variant_calling/mt/no_cnv/smc_mudel_ld_stage_1/0009/indelsieve_mean.probs	4578	324	21474	2024	0.6934262344744017	0.9339045287637698	0.7958970792767733	0.0148637489677952	4419	81	23115	780	0.8499711482977496	0.982	0.9112279616455304	0.0034919813760993	3992	154	23408	841	0.8259879991723568	0.9628557645923782	0.8891858781601515	0.0065359477124183	156	18	28151	70	0.6902654867256637	0.896551724137931	0.7799999999999999	0.0006390003195001	226	70	11	59	248	334	13227	271	0.4778420038535645	0.4261168384879725	0.0246294521053019	0.4504995458673933	0	0	14079	1	0.0	NA	0.0	NA	126	54	13886	14	0.9	0.7	0.0038737446197991	0.7875	122	280	13422	256	0.3227513227513227	0.3034825870646766	0.0204349729966428	0.3128205128205128	245	11	14	0	0	0	14080	0	NA	NA	0.0	NA
40	5	20	0.001999	0.16334	8e-06	2e-06	0.0	0010	indelsieve	candidate_snvs	smc_mudel_ld_stage_1	mt	no_cnv	/raid/kang/DelSIEVE/simulation_results/IndelSIEVE_benchmark_pipeline_ld_205/benchmark_results/simulated_data/results/cell_names	/raid/kang/DelSIEVE/simulation_results/IndelSIEVE_benchmark_pipeline_ld_205/benchmark_results/indelsieve/from_candidate/variant_calling/mt/no_cnv/smc_mudel_ld_stage_1/0010/indelsieve_median.cell_names	/raid/kang/DelSIEVE/simulation_results/IndelSIEVE_benchmark_pipeline_ld_205/benchmark_results/simulated_data/results/data_type/no_cnv/0010/true_evo_events_sites_names	/raid/kang/DelSIEVE/simulation_results/IndelSIEVE_benchmark_pipeline_ld_205/benchmark_results/indelsieve/from_candidate/variant_calling/mt/no_cnv/smc_mudel_ld_stage_1/0010/indelsieve_median.loci_info	/raid/kang/DelSIEVE/simulation_results/IndelSIEVE_benchmark_pipeline_ld_205/benchmark_results/simulated_data/results/data_type/no_cnv/0010/true_evo_events_genotypes_numeric	/raid/kang/DelSIEVE/simulation_results/IndelSIEVE_benchmark_pipeline_ld_205/benchmark_results/indelsieve/from_candidate/variant_calling/mt/no_cnv/smc_mudel_ld_stage_1/0010/indelsieve_median.genotypes	/raid/kang/DelSIEVE/simulation_results/IndelSIEVE_benchmark_pipeline_ld_205/benchmark_results/simulated_data/results/data_type/no_cnv/0010/true_evo_events_ternary_matrix.simple	/raid/kang/DelSIEVE/simulation_results/IndelSIEVE_benchmark_pipeline_ld_205/benchmark_results/indelsieve/from_candidate/variant_calling/mt/no_cnv/smc_mudel_ld_stage_1/0010/indelsieve_median.ternary	/raid/kang/DelSIEVE/simulation_results/IndelSIEVE_benchmark_pipeline_ld_205/benchmark_results/indelsieve/from_candidate/variant_calling/mt/no_cnv/smc_mudel_ld_stage_1/0010/indelsieve_median.probs	5637	397	23376	2150	0.7238988057018108	0.9342061650646336	0.8157152159756893	0.0166996172128044	5484	96	25140	831	0.8684085510688836	0.9827956989247312	0.9220680958385876	0.0038040893961008	5076	151	25446	878	0.8525361101780315	0.9711115362540654	0.9079688757713978	0.0058991288041567	177	29	31299	46	0.7937219730941704	0.8592233009708737	0.8251748251748252	0.0009256894790602	223	78	8	38	239	362	14524	235	0.5042194092827004	0.3976705490848585	0.0243181512830847	0.4446511627906976	0	0	15357	3	0.0	NA	0.0	NA	116	31	15191	22	0.8405797101449275	0.7891156462585034	0.0020365260806727	0.8140350877192982	123	331	14696	210	0.3693693693693693	0.2709251101321586	0.022027018034205	0.312579415501906	195	15	19	3	0	0	15360	0	NA	NA	0.0	NA
40	5	20	0.001999	0.16334	8e-06	2e-06	0.0	0001	sieve	candidate_snvs	smc_mu_ld_stage_1-smc_mu_ld_stage_2	mt	no_cnv	/raid/kang/DelSIEVE/simulation_results/IndelSIEVE_benchmark_pipeline_ld_205/benchmark_results/simulated_data/results/cell_names	/raid/kang/DelSIEVE/simulation_results/IndelSIEVE_benchmark_pipeline_ld_205/benchmark_results/indelsieve/from_candidate/variant_calling/stage2/mt/no_cnv/smc_mu_ld_stage_1-smc_mu_ld_stage_2/0001/indelsieve_median.cell_names	/raid/kang/DelSIEVE/simulation_results/IndelSIEVE_benchmark_pipeline_ld_205/benchmark_results/simulated_data/results/data_type/no_cnv/0001/true_evo_events_sites_names	/raid/kang/DelSIEVE/simulation_results/IndelSIEVE_benchmark_pipeline_ld_205/benchmark_results/indelsieve/from_candidate/variant_calling/stage2/mt/no_cnv/smc_mu_ld_stage_1-smc_mu_ld_stage_2/0001/indelsieve_median.loci_info	/raid/kang/DelSIEVE/simulation_results/IndelSIEVE_benchmark_pipeline_ld_205/benchmark_results/simulated_data/results/data_type/no_cnv/0001/true_evo_events_genotypes_numeric	/raid/kang/DelSIEVE/simulation_results/IndelSIEVE_benchmark_pipeline_ld_205/benchmark_results/indelsieve/from_candidate/variant_calling/stage2/mt/no_cnv/smc_mu_ld_stage_1-smc_mu_ld_stage_2/0001/indelsieve_median.genotypes	/raid/kang/DelSIEVE/simulation_results/IndelSIEVE_benchmark_pipeline_ld_205/benchmark_results/simulated_data/results/data_type/no_cnv/0001/true_evo_events_ternary_matrix.simple	/raid/kang/DelSIEVE/simulation_results/IndelSIEVE_benchmark_pipeline_ld_205/benchmark_results/indelsieve/from_candidate/variant_calling/stage2/mt/no_cnv/smc_mu_ld_stage_1-smc_mu_ld_stage_2/0001/indelsieve_median.ternary	/raid/kang/DelSIEVE/simulation_results/IndelSIEVE_benchmark_pipeline_ld_205/benchmark_results/indelsieve/from_candidate/variant_calling/stage2/mt/no_cnv/smc_mu_ld_stage_1-smc_mu_ld_stage_2/0001/indelsieve_median.probs	6124	105	20713	2418	0.7169281198782487	0.983143361695296	0.8291923363347098	0.0050437121721587	6104	125	22515	608	0.9094159713945172	0.9799325734467812	0.9433583185225252	0.0055212014134275	5664	284	22799	605	0.9034933801244216	0.9522528581035642	0.9272325448146026	0.0123034267642854	175	106	28967	104	0.6272401433691757	0.6227758007117438	0.625	0.0036459945654043	279	105	3	101	0	0	15032	688	0.0	NA	0.0	NA	0	0	15719	1	0.0	NA	0.0	NA	0	0	15556	164	0.0	NA	0.0	NA	0	0	15197	523	0.0	NA	0.0	NA	503	19	59	104	0	0	15720	0	NA	NA	0.0	NA
40	5	20	0.001999	0.16334	8e-06	2e-06	0.0	0001	indelsieve	candidate_snvs	smc_mudel_ld_stage_1-smc_mudel_ld_stage_2	mt	no_cnv	/raid/kang/DelSIEVE/simulation_results/IndelSIEVE_benchmark_pipeline_ld_205/benchmark_results/simulated_data/results/cell_names	/raid/kang/DelSIEVE/simulation_results/IndelSIEVE_benchmark_pipeline_ld_205/benchmark_results/indelsieve/from_candidate/variant_calling/stage2/mt/no_cnv/smc_mudel_ld_stage_1-smc_mudel_ld_stage_2/0001/indelsieve_median.cell_names	/raid/kang/DelSIEVE/simulation_results/IndelSIEVE_benchmark_pipeline_ld_205/benchmark_results/simulated_data/results/data_type/no_cnv/0001/true_evo_events_sites_names	/raid/kang/DelSIEVE/simulation_results/IndelSIEVE_benchmark_pipeline_ld_205/benchmark_results/indelsieve/from_candidate/variant_calling/stage2/mt/no_cnv/smc_mudel_ld_stage_1-smc_mudel_ld_stage_2/0001/indelsieve_median.loci_info	/raid/kang/DelSIEVE/simulation_results/IndelSIEVE_benchmark_pipeline_ld_205/benchmark_results/simulated_data/results/data_type/no_cnv/0001/true_evo_events_genotypes_numeric	/raid/kang/DelSIEVE/simulation_results/IndelSIEVE_benchmark_pipeline_ld_205/benchmark_results/indelsieve/from_candidate/variant_calling/stage2/mt/no_cnv/smc_mudel_ld_stage_1-smc_mudel_ld_stage_2/0001/indelsieve_median.genotypes	/raid/kang/DelSIEVE/simulation_results/IndelSIEVE_benchmark_pipeline_ld_205/benchmark_results/simulated_data/results/data_type/no_cnv/0001/true_evo_events_ternary_matrix.simple	/raid/kang/DelSIEVE/simulation_results/IndelSIEVE_benchmark_pipeline_ld_205/benchmark_results/indelsieve/from_candidate/variant_calling/stage2/mt/no_cnv/smc_mudel_ld_stage_1-smc_mudel_ld_stage_2/0001/indelsieve_median.ternary	/raid/kang/DelSIEVE/simulation_results/IndelSIEVE_benchmark_pipeline_ld_205/benchmark_results/indelsieve/from_candidate/variant_calling/stage2/mt/no_cnv/smc_mudel_ld_stage_1-smc_mudel_ld_stage_2/0001/indelsieve_median.probs	6193	134	20684	2349	0.72500585343011	0.9788209261893472	0.8330082722442665	0.0064367374387549	6097	127	22513	615	0.908373063170441	0.979595115681234	0.9426406926406926	0.0056095406360424	5641	274	22797	640	0.8981053972297405	0.9536770921386306	0.9250573958674976	0.0118763816046118	163	57	29028	104	0.6104868913857678	0.740909090909091	0.6694045174537987	0.0019597730789066	267	107	3	101	136	56	14976	552	0.1976744186046511	0.7083333333333334	0.0037253858435337	0.3090909090909091	0	0	15719	1	0.0	NA	0.0	NA	60	29	15527	104	0.3658536585365853	0.6741573033707865	0.0018642324505014	0.4743083003952569	74	29	15168	449	0.141491395793499	0.7184466019417476	0.0019082713693492	0.2364217252396166	429	19	47	56	0	0	15720	0	NA	NA	0.0	NA
40	5	20	0.001999	0.16334	8e-06	2e-06	0.0	0002	sieve	candidate_snvs	smc_mu_ld_stage_1-smc_mu_ld_stage_2	mt	no_cnv	/raid/kang/DelSIEVE/simulation_results/IndelSIEVE_benchmark_pipeline_ld_205/benchmark_results/simulated_data/results/cell_names	/raid/kang/DelSIEVE/simulation_results/IndelSIEVE_benchmark_pipeline_ld_205/benchmark_results/indelsieve/from_candidate/variant_calling/stage2/mt/no_cnv/smc_mu_ld_stage_1-smc_mu_ld_stage_2/0002/indelsieve_median.cell_names	/raid/kang/DelSIEVE/simulation_results/IndelSIEVE_benchmark_pipeline_ld_205/benchmark_results/simulated_data/results/data_type/no_cnv/0002/true_evo_events_sites_names	/raid/kang/DelSIEVE/simulation_results/IndelSIEVE_benchmark_pipeline_ld_205/benchmark_results/indelsieve/from_candidate/variant_calling/stage2/mt/no_cnv/smc_mu_ld_stage_1-smc_mu_ld_stage_2/0002/indelsieve_median.loci_info	/raid/kang/DelSIEVE/simulation_results/IndelSIEVE_benchmark_pipeline_ld_205/benchmark_results/simulated_data/results/data_type/no_cnv/0002/true_evo_events_genotypes_numeric	/raid/kang/DelSIEVE/simulation_results/IndelSIEVE_benchmark_pipeline_ld_205/benchmark_results/indelsieve/from_candidate/variant_calling/stage2/mt/no_cnv/smc_mu_ld_stage_1-smc_mu_ld_stage_2/0002/indelsieve_median.genotypes	/raid/kang/DelSIEVE/simulation_results/IndelSIEVE_benchmark_pipeline_ld_205/benchmark_results/simulated_data/results/data_type/no_cnv/0002/true_evo_events_ternary_matrix.simple	/raid/kang/DelSIEVE/simulation_results/IndelSIEVE_benchmark_pipeline_ld_205/benchmark_results/indelsieve/from_candidate/variant_calling/stage2/mt/no_cnv/smc_mu_ld_stage_1-smc_mu_ld_stage_2/0002/indelsieve_median.ternary	/raid/kang/DelSIEVE/simulation_results/IndelSIEVE_benchmark_pipeline_ld_205/benchmark_results/indelsieve/from_candidate/variant_calling/stage2/mt/no_cnv/smc_mu_ld_stage_1-smc_mu_ld_stage_2/0002/indelsieve_median.probs	6327	99	23613	2401	0.7249083409715857	0.984593837535014	0.8350270555628878	0.0041751012145748	6317	109	25283	723	0.8973011363636364	0.9830376595082476	0.9382147631070846	0.0042926906112161	5951	220	25544	717	0.8924715056988602	0.964349376114082	0.9270192382584316	0.0085390467318739	193	62	32100	77	0.7148148148148148	0.7568627450980392	0.7352380952380952	0.0019277408121385	270	99	7	70	0	0	15632	528	0.0	NA	0.0	NA	0	0	16159	1	0.0	NA	0.0	NA	0	0	16058	102	0.0	NA	0.0	NA	0	0	15735	425	0.0	NA	0.0	NA	415	10	41	59	0	0	16160	0	NA	NA	0.0	NA
40	5	20	0.001999	0.16334	8e-06	2e-06	0.0	0002	indelsieve	candidate_snvs	smc_mudel_ld_stage_1-smc_mudel_ld_stage_2	mt	no_cnv	/raid/kang/DelSIEVE/simulation_results/IndelSIEVE_benchmark_pipeline_ld_205/benchmark_results/simulated_data/results/cell_names	/raid/kang/DelSIEVE/simulation_results/IndelSIEVE_benchmark_pipeline_ld_205/benchmark_results/indelsieve/from_candidate/variant_calling/stage2/mt/no_cnv/smc_mudel_ld_stage_1-smc_mudel_ld_stage_2/0002/indelsieve_median.cell_names	/raid/kang/DelSIEVE/simulation_results/IndelSIEVE_benchmark_pipeline_ld_205/benchmark_results/simulated_data/results/data_type/no_cnv/0002/true_evo_events_sites_names	/raid/kang/DelSIEVE/simulation_results/IndelSIEVE_benchmark_pipeline_ld_205/benchmark_results/indelsieve/from_candidate/variant_calling/stage2/mt/no_cnv/smc_mudel_ld_stage_1-smc_mudel_ld_stage_2/0002/indelsieve_median.loci_info	/raid/kang/DelSIEVE/simulation_results/IndelSIEVE_benchmark_pipeline_ld_205/benchmark_results/simulated_data/results/data_type/no_cnv/0002/true_evo_events_genotypes_numeric	/raid/kang/DelSIEVE/simulation_results/IndelSIEVE_benchmark_pipeline_ld_205/benchmark_results/indelsieve/from_candidate/variant_calling/stage2/mt/no_cnv/smc_mudel_ld_stage_1-smc_mudel_ld_stage_2/0002/indelsieve_median.genotypes	/raid/kang/DelSIEVE/simulation_results/IndelSIEVE_benchmark_pipeline_ld_205/benchmark_results/simulated_data/results/data_type/no_cnv/0002/true_evo_events_ternary_matrix.simple	/raid/kang/DelSIEVE/simulation_results/IndelSIEVE_benchmark_pipeline_ld_205/benchmark_results/indelsieve/from_candidate/variant_calling/stage2/mt/no_cnv/smc_mudel_ld_stage_1-smc_mudel_ld_stage_2/0002/indelsieve_median.ternary	/raid/kang/DelSIEVE/simulation_results/IndelSIEVE_benchmark_pipeline_ld_205/benchmark_results/indelsieve/from_candidate/variant_calling/stage2/mt/no_cnv/smc_mudel_ld_stage_1-smc_mudel_ld_stage_2/0002/indelsieve_median.probs	6428	208	23504	2300	0.736480293308891	0.9686558167570826	0.8367612600885185	0.0087719298245614	6317	118	25274	723	0.8973011363636364	0.9816627816627816	0.9375881261595548	0.0046471329552615	5939	222	25534	737	0.8896045536249251	0.963966888492128	0.9252940718236348	0.0086193508308743	185	70	32100	77	0.7061068702290076	0.7254901960784313	0.7156673114119922	0.0021759403170655	262	108	7	70	101	119	15513	427	0.1912878787878787	0.4590909090909091	0.0076125895598771	0.2700534759358288	0	0	16159	1	0.0	NA	0.0	NA	7	12	16046	95	0.0686274509803921	0.3684210526315789	0.0007472910698717	0.1157024793388429	93	108	15627	332	0.2188235294117647	0.4626865671641791	0.0068636796949475	0.2971246006389776	322	10	34	59	0	0	16160	0	NA	NA	0.0	NA
40	5	20	0.001999	0.16334	8e-06	2e-06	0.0	0003	sieve	candidate_snvs	smc_mu_ld_stage_1-smc_mu_ld_stage_2	mt	no_cnv	/raid/kang/DelSIEVE/simulation_results/IndelSIEVE_benchmark_pipeline_ld_205/benchmark_results/simulated_data/results/cell_names	/raid/kang/DelSIEVE/simulation_results/IndelSIEVE_benchmark_pipeline_ld_205/benchmark_results/indelsieve/from_candidate/variant_calling/stage2/mt/no_cnv/smc_mu_ld_stage_1-smc_mu_ld_stage_2/0003/indelsieve_median.cell_names	/raid/kang/DelSIEVE/simulation_results/IndelSIEVE_benchmark_pipeline_ld_205/benchmark_results/simulated_data/results/data_type/no_cnv/0003/true_evo_events_sites_names	/raid/kang/DelSIEVE/simulation_results/IndelSIEVE_benchmark_pipeline_ld_205/benchmark_results/indelsieve/from_candidate/variant_calling/stage2/mt/no_cnv/smc_mu_ld_stage_1-smc_mu_ld_stage_2/0003/indelsieve_median.loci_info	/raid/kang/DelSIEVE/simulation_results/IndelSIEVE_benchmark_pipeline_ld_205/benchmark_results/simulated_data/results/data_type/no_cnv/0003/true_evo_events_genotypes_numeric	/raid/kang/DelSIEVE/simulation_results/IndelSIEVE_benchmark_pipeline_ld_205/benchmark_results/indelsieve/from_candidate/variant_calling/stage2/mt/no_cnv/smc_mu_ld_stage_1-smc_mu_ld_stage_2/0003/indelsieve_median.genotypes	/raid/kang/DelSIEVE/simulation_results/IndelSIEVE_benchmark_pipeline_ld_205/benchmark_results/simulated_data/results/data_type/no_cnv/0003/true_evo_events_ternary_matrix.simple	/raid/kang/DelSIEVE/simulation_results/IndelSIEVE_benchmark_pipeline_ld_205/benchmark_results/indelsieve/from_candidate/variant_calling/stage2/mt/no_cnv/smc_mu_ld_stage_1-smc_mu_ld_stage_2/0003/indelsieve_median.ternary	/raid/kang/DelSIEVE/simulation_results/IndelSIEVE_benchmark_pipeline_ld_205/benchmark_results/indelsieve/from_candidate/variant_calling/stage2/mt/no_cnv/smc_mu_ld_stage_1-smc_mu_ld_stage_2/0003/indelsieve_median.probs	5488	69	24483	2360	0.6992864424057085	0.9875832283606264	0.8187989556135772	0.0028103616813294	5464	93	26130	706	0.8855753646677471	0.9832643512686702	0.9318666325573464	0.0035465049765473	5088	157	26431	717	0.876485788113695	0.9700667302192564	0.9209049773755656	0.005904919512562	214	98	32018	63	0.7725631768953068	0.6858974358974359	0.7266553480475381	0.0030514385353095	277	69	4	59	0	0	15115	365	0.0	NA	0.0	NA	0	0	15478	2	0.0	NA	0.0	NA	0	0	15392	88	0.0	NA	0.0	NA	0	0	15205	275	0.0	NA	0.0	NA	253	20	9	79	0	0	15480	0	NA	NA	0.0	NA
40	5	20	0.001999	0.16334	8e-06	2e-06	0.0	0003	indelsieve	candidate_snvs	smc_mudel_ld_stage_1-smc_mudel_ld_stage_2	mt	no_cnv	/raid/kang/DelSIEVE/simulation_results/IndelSIEVE_benchmark_pipeline_ld_205/benchmark_results/simulated_data/results/cell_names	/raid/kang/DelSIEVE/simulation_results/IndelSIEVE_benchmark_pipeline_ld_205/benchmark_results/indelsieve/from_candidate/variant_calling/stage2/mt/no_cnv/smc_mudel_ld_stage_1-smc_mudel_ld_stage_2/0003/indelsieve_median.cell_names	/raid/kang/DelSIEVE/simulation_results/IndelSIEVE_benchmark_pipeline_ld_205/benchmark_results/simulated_data/results/data_type/no_cnv/0003/true_evo_events_sites_names	/raid/kang/DelSIEVE/simulation_results/IndelSIEVE_benchmark_pipeline_ld_205/benchmark_results/indelsieve/from_candidate/variant_calling/stage2/mt/no_cnv/smc_mudel_ld_stage_1-smc_mudel_ld_stage_2/0003/indelsieve_median.loci_info	/raid/kang/DelSIEVE/simulation_results/IndelSIEVE_benchmark_pipeline_ld_205/benchmark_results/simulated_data/results/data_type/no_cnv/0003/true_evo_events_genotypes_numeric	/raid/kang/DelSIEVE/simulation_results/IndelSIEVE_benchmark_pipeline_ld_205/benchmark_results/indelsieve/from_candidate/variant_calling/stage2/mt/no_cnv/smc_mudel_ld_stage_1-smc_mudel_ld_stage_2/0003/indelsieve_median.genotypes	/raid/kang/DelSIEVE/simulation_results/IndelSIEVE_benchmark_pipeline_ld_205/benchmark_results/simulated_data/results/data_type/no_cnv/0003/true_evo_events_ternary_matrix.simple	/raid/kang/DelSIEVE/simulation_results/IndelSIEVE_benchmark_pipeline_ld_205/benchmark_results/indelsieve/from_candidate/variant_calling/stage2/mt/no_cnv/smc_mudel_ld_stage_1-smc_mudel_ld_stage_2/0003/indelsieve_median.ternary	/raid/kang/DelSIEVE/simulation_results/IndelSIEVE_benchmark_pipeline_ld_205/benchmark_results/indelsieve/from_candidate/variant_calling/stage2/mt/no_cnv/smc_mudel_ld_stage_1-smc_mudel_ld_stage_2/0003/indelsieve_median.probs	5502	88	24464	2346	0.7010703363914373	0.984257602862254	0.8188718559309421	0.003584229390681	5466	88	26135	704	0.8858995137763371	0.9841555635577962	0.9324462640736948	0.0033558326659802	5090	146	26435	722	0.8757742601514109	0.9721161191749428	0.9214337436640117	0.0054926451224558	213	79	32044	57	0.7888888888888889	0.7294520547945206	0.7580071174377224	0.0024592970768608	270	64	4	53	31	31	15084	334	0.084931506849315	0.5	0.0020509427720807	0.1451990632318501	0	0	15478	2	0.0	NA	0.0	NA	19	7	15385	69	0.2159090909090909	0.7307692307692307	0.0004547817047817	0.3333333333333333	12	24	15181	263	0.0436363636363636	0.3333333333333333	0.0015784281486353	0.0771704180064308	241	20	9	60	0	0	15480	0	NA	NA	0.0	NA
40	5	20	0.001999	0.16334	8e-06	2e-06	0.0	0004	sieve	candidate_snvs	smc_mu_ld_stage_1-smc_mu_ld_stage_2	mt	no_cnv	/raid/kang/DelSIEVE/simulation_results/IndelSIEVE_benchmark_pipeline_ld_205/benchmark_results/simulated_data/results/cell_names	/raid/kang/DelSIEVE/simulation_results/IndelSIEVE_benchmark_pipeline_ld_205/benchmark_results/indelsieve/from_candidate/variant_calling/stage2/mt/no_cnv/smc_mu_ld_stage_1-smc_mu_ld_stage_2/0004/indelsieve_median.cell_names	/raid/kang/DelSIEVE/simulation_results/IndelSIEVE_benchmark_pipeline_ld_205/benchmark_results/simulated_data/results/data_type/no_cnv/0004/true_evo_events_sites_names	/raid/kang/DelSIEVE/simulation_results/IndelSIEVE_benchmark_pipeline_ld_205/benchmark_results/indelsieve/from_candidate/variant_calling/stage2/mt/no_cnv/smc_mu_ld_stage_1-smc_mu_ld_stage_2/0004/indelsieve_median.loci_info	/raid/kang/DelSIEVE/simulation_results/IndelSIEVE_benchmark_pipeline_ld_205/benchmark_results/simulated_data/results/data_type/no_cnv/0004/true_evo_events_genotypes_numeric	/raid/kang/DelSIEVE/simulation_results/IndelSIEVE_benchmark_pipeline_ld_205/benchmark_results/indelsieve/from_candidate/variant_calling/stage2/mt/no_cnv/smc_mu_ld_stage_1-smc_mu_ld_stage_2/0004/indelsieve_median.genotypes	/raid/kang/DelSIEVE/simulation_results/IndelSIEVE_benchmark_pipeline_ld_205/benchmark_results/simulated_data/results/data_type/no_cnv/0004/true_evo_events_ternary_matrix.simple	/raid/kang/DelSIEVE/simulation_results/IndelSIEVE_benchmark_pipeline_ld_205/benchmark_results/indelsieve/from_candidate/variant_calling/stage2/mt/no_cnv/smc_mu_ld_stage_1-smc_mu_ld_stage_2/0004/indelsieve_median.ternary	/raid/kang/DelSIEVE/simulation_results/IndelSIEVE_benchmark_pipeline_ld_205/benchmark_results/indelsieve/from_candidate/variant_calling/stage2/mt/no_cnv/smc_mu_ld_stage_1-smc_mu_ld_stage_2/0004/indelsieve_median.probs	7092	120	22447	2661	0.7271608735773608	0.9833610648918468	0.8360742705570292	0.0053174990029689	7074	138	24406	697	0.9103075537253892	0.980865224625624	0.9442701728625776	0.005622555410691	6687	264	24662	702	0.904993909866017	0.962019853258524	0.9326359832635984	0.0105913503971756	198	63	31955	99	0.6666666666666666	0.7586206896551724	0.7096774193548386	0.0019676432006996	297	120	3	96	0	0	17851	429	0.0	NA	0.0	NA	0	0	18280	0	NA	NA	0.0	NA	0	0	18195	85	0.0	NA	0.0	NA	0	0	17936	344	0.0	NA	0.0	NA	326	18	30	55	0	0	18280	0	NA	NA	0.0	NA
40	5	20	0.001999	0.16334	8e-06	2e-06	0.0	0004	indelsieve	candidate_snvs	smc_mudel_ld_stage_1-smc_mudel_ld_stage_2	mt	no_cnv	/raid/kang/DelSIEVE/simulation_results/IndelSIEVE_benchmark_pipeline_ld_205/benchmark_results/simulated_data/results/cell_names	/raid/kang/DelSIEVE/simulation_results/IndelSIEVE_benchmark_pipeline_ld_205/benchmark_results/indelsieve/from_candidate/variant_calling/stage2/mt/no_cnv/smc_mudel_ld_stage_1-smc_mudel_ld_stage_2/0004/indelsieve_median.cell_names	/raid/kang/DelSIEVE/simulation_results/IndelSIEVE_benchmark_pipeline_ld_205/benchmark_results/simulated_data/results/data_type/no_cnv/0004/true_evo_events_sites_names	/raid/kang/DelSIEVE/simulation_results/IndelSIEVE_benchmark_pipeline_ld_205/benchmark_results/indelsieve/from_candidate/variant_calling/stage2/mt/no_cnv/smc_mudel_ld_stage_1-smc_mudel_ld_stage_2/0004/indelsieve_median.loci_info	/raid/kang/DelSIEVE/simulation_results/IndelSIEVE_benchmark_pipeline_ld_205/benchmark_results/simulated_data/results/data_type/no_cnv/0004/true_evo_events_genotypes_numeric	/raid/kang/DelSIEVE/simulation_results/IndelSIEVE_benchmark_pipeline_ld_205/benchmark_results/indelsieve/from_candidate/variant_calling/stage2/mt/no_cnv/smc_mudel_ld_stage_1-smc_mudel_ld_stage_2/0004/indelsieve_median.genotypes	/raid/kang/DelSIEVE/simulation_results/IndelSIEVE_benchmark_pipeline_ld_205/benchmark_results/simulated_data/results/data_type/no_cnv/0004/true_evo_events_ternary_matrix.simple	/raid/kang/DelSIEVE/simulation_results/IndelSIEVE_benchmark_pipeline_ld_205/benchmark_results/indelsieve/from_candidate/variant_calling/stage2/mt/no_cnv/smc_mudel_ld_stage_1-smc_mudel_ld_stage_2/0004/indelsieve_median.ternary	/raid/kang/DelSIEVE/simulation_results/IndelSIEVE_benchmark_pipeline_ld_205/benchmark_results/indelsieve/from_candidate/variant_calling/stage2/mt/no_cnv/smc_mudel_ld_stage_1-smc_mudel_ld_stage_2/0004/indelsieve_median.probs	7158	157	22410	2595	0.7339280221470317	0.9785372522214628	0.8387625966721349	0.006957061195551	7067	137	24407	704	0.90940676875563	0.9809827873403664	0.9438397328881468	0.005581812255541	6677	254	24665	719	0.9027852893455922	0.963353051507719	0.9320862706777412	0.0101930254023034	198	29	31996	92	0.6827586206896552	0.8722466960352423	0.7659574468085106	0.0009055425448868	290	122	3	89	108	49	17802	321	0.2517482517482518	0.6878980891719745	0.0027449442608257	0.3686006825938567	0	0	18280	0	NA	NA	0.0	NA	36	10	18185	49	0.4235294117647059	0.782608695652174	0.0005496015388843	0.549618320610687	72	39	17897	272	0.2093023255813953	0.6486486486486487	0.0021743978590544	0.3164835164835164	257	15	28	21	0	0	18280	0	NA	NA	0.0	NA
40	5	20	0.001999	0.16334	8e-06	2e-06	0.0	0005	sieve	candidate_snvs	smc_mu_ld_stage_1-smc_mu_ld_stage_2	mt	no_cnv	/raid/kang/DelSIEVE/simulation_results/IndelSIEVE_benchmark_pipeline_ld_205/benchmark_results/simulated_data/results/cell_names	/raid/kang/DelSIEVE/simulation_results/IndelSIEVE_benchmark_pipeline_ld_205/benchmark_results/indelsieve/from_candidate/variant_calling/stage2/mt/no_cnv/smc_mu_ld_stage_1-smc_mu_ld_stage_2/0005/indelsieve_median.cell_names	/raid/kang/DelSIEVE/simulation_results/IndelSIEVE_benchmark_pipeline_ld_205/benchmark_results/simulated_data/results/data_type/no_cnv/0005/true_evo_events_sites_names	/raid/kang/DelSIEVE/simulation_results/IndelSIEVE_benchmark_pipeline_ld_205/benchmark_results/indelsieve/from_candidate/variant_calling/stage2/mt/no_cnv/smc_mu_ld_stage_1-smc_mu_ld_stage_2/0005/indelsieve_median.loci_info	/raid/kang/DelSIEVE/simulation_results/IndelSIEVE_benchmark_pipeline_ld_205/benchmark_results/simulated_data/results/data_type/no_cnv/0005/true_evo_events_genotypes_numeric	/raid/kang/DelSIEVE/simulation_results/IndelSIEVE_benchmark_pipeline_ld_205/benchmark_results/indelsieve/from_candidate/variant_calling/stage2/mt/no_cnv/smc_mu_ld_stage_1-smc_mu_ld_stage_2/0005/indelsieve_median.genotypes	/raid/kang/DelSIEVE/simulation_results/IndelSIEVE_benchmark_pipeline_ld_205/benchmark_results/simulated_data/results/data_type/no_cnv/0005/true_evo_events_ternary_matrix.simple	/raid/kang/DelSIEVE/simulation_results/IndelSIEVE_benchmark_pipeline_ld_205/benchmark_results/indelsieve/from_candidate/variant_calling/stage2/mt/no_cnv/smc_mu_ld_stage_1-smc_mu_ld_stage_2/0005/indelsieve_median.ternary	/raid/kang/DelSIEVE/simulation_results/IndelSIEVE_benchmark_pipeline_ld_205/benchmark_results/indelsieve/from_candidate/variant_calling/stage2/mt/no_cnv/smc_mu_ld_stage_1-smc_mu_ld_stage_2/0005/indelsieve_median.probs	8346	99	21181	2854	0.7451785714285715	0.9882770870337476	0.8496818528887758	0.0046522556390977	8329	116	23355	669	0.9256501444765504	0.9862640615748964	0.954996273576793	0.0049422691832474	7645	284	23867	673	0.9190911276749218	0.9641821162820028	0.9410968178740692	0.0117593474390294	350	166	31817	136	0.720164609053498	0.6782945736434108	0.6986027944111777	0.0051902573242034	486	99	3	133	0	0	16932	668	0.0	NA	0.0	NA	0	0	17600	0	NA	NA	0.0	NA	0	0	17406	194	0.0	NA	0.0	NA	0	0	17126	474	0.0	NA	0.0	NA	457	17	35	159	0	0	17600	0	NA	NA	0.0	NA
40	5	20	0.001999	0.16334	8e-06	2e-06	0.0	0005	indelsieve	candidate_snvs	smc_mudel_ld_stage_1-smc_mudel_ld_stage_2	mt	no_cnv	/raid/kang/DelSIEVE/simulation_results/IndelSIEVE_benchmark_pipeline_ld_205/benchmark_results/simulated_data/results/cell_names	/raid/kang/DelSIEVE/simulation_results/IndelSIEVE_benchmark_pipeline_ld_205/benchmark_results/indelsieve/from_candidate/variant_calling/stage2/mt/no_cnv/smc_mudel_ld_stage_1-smc_mudel_ld_stage_2/0005/indelsieve_median.cell_names	/raid/kang/DelSIEVE/simulation_results/IndelSIEVE_benchmark_pipeline_ld_205/benchmark_results/simulated_data/results/data_type/no_cnv/0005/true_evo_events_sites_names	/raid/kang/DelSIEVE/simulation_results/IndelSIEVE_benchmark_pipeline_ld_205/benchmark_results/indelsieve/from_candidate/variant_calling/stage2/mt/no_cnv/smc_mudel_ld_stage_1-smc_mudel_ld_stage_2/0005/indelsieve_median.loci_info	/raid/kang/DelSIEVE/simulation_results/IndelSIEVE_benchmark_pipeline_ld_205/benchmark_results/simulated_data/results/data_type/no_cnv/0005/true_evo_events_genotypes_numeric	/raid/kang/DelSIEVE/simulation_results/IndelSIEVE_benchmark_pipeline_ld_205/benchmark_results/indelsieve/from_candidate/variant_calling/stage2/mt/no_cnv/smc_mudel_ld_stage_1-smc_mudel_ld_stage_2/0005/indelsieve_median.genotypes	/raid/kang/DelSIEVE/simulation_results/IndelSIEVE_benchmark_pipeline_ld_205/benchmark_results/simulated_data/results/data_type/no_cnv/0005/true_evo_events_ternary_matrix.simple	/raid/kang/DelSIEVE/simulation_results/IndelSIEVE_benchmark_pipeline_ld_205/benchmark_results/indelsieve/from_candidate/variant_calling/stage2/mt/no_cnv/smc_mudel_ld_stage_1-smc_mudel_ld_stage_2/0005/indelsieve_median.ternary	/raid/kang/DelSIEVE/simulation_results/IndelSIEVE_benchmark_pipeline_ld_205/benchmark_results/indelsieve/from_candidate/variant_calling/stage2/mt/no_cnv/smc_mudel_ld_stage_1-smc_mudel_ld_stage_2/0005/indelsieve_median.probs	8506	103	21177	2694	0.7594642857142857	0.9880357765129516	0.8588015548488062	0.0048402255639097	8328	117	23354	670	0.9255390086685932	0.986145648312611	0.9548816144011923	0.0049848749520685	7644	273	23875	677	0.9186395865881504	0.9655172413793104	0.941495258036704	0.0113052840814974	350	14	31972	133	0.7246376811594203	0.9615384615384616	0.8264462809917356	0.0004376914900268	483	102	3	130	324	4	16928	344	0.4850299401197604	0.9878048780487804	0.0002362390739428	0.6506024096385542	0	0	17600	0	NA	NA	0.0	NA	160	4	17402	34	0.8247422680412371	0.975609756097561	0.000229805814087	0.8938547486033519	163	1	17125	311	0.3438818565400844	0.9939024390243902	5.839075090505664e-05	0.5109717868338558	296	14	27	7	0	0	17600	0	NA	NA	0.0	NA
40	5	20	0.001999	0.16334	8e-06	2e-06	0.0	0006	sieve	candidate_snvs	smc_mu_ld_stage_1-smc_mu_ld_stage_2	mt	no_cnv	/raid/kang/DelSIEVE/simulation_results/IndelSIEVE_benchmark_pipeline_ld_205/benchmark_results/simulated_data/results/cell_names	/raid/kang/DelSIEVE/simulation_results/IndelSIEVE_benchmark_pipeline_ld_205/benchmark_results/indelsieve/from_candidate/variant_calling/stage2/mt/no_cnv/smc_mu_ld_stage_1-smc_mu_ld_stage_2/0006/indelsieve_median.cell_names	/raid/kang/DelSIEVE/simulation_results/IndelSIEVE_benchmark_pipeline_ld_205/benchmark_results/simulated_data/results/data_type/no_cnv/0006/true_evo_events_sites_names	/raid/kang/DelSIEVE/simulation_results/IndelSIEVE_benchmark_pipeline_ld_205/benchmark_results/indelsieve/from_candidate/variant_calling/stage2/mt/no_cnv/smc_mu_ld_stage_1-smc_mu_ld_stage_2/0006/indelsieve_median.loci_info	/raid/kang/DelSIEVE/simulation_results/IndelSIEVE_benchmark_pipeline_ld_205/benchmark_results/simulated_data/results/data_type/no_cnv/0006/true_evo_events_genotypes_numeric	/raid/kang/DelSIEVE/simulation_results/IndelSIEVE_benchmark_pipeline_ld_205/benchmark_results/indelsieve/from_candidate/variant_calling/stage2/mt/no_cnv/smc_mu_ld_stage_1-smc_mu_ld_stage_2/0006/indelsieve_median.genotypes	/raid/kang/DelSIEVE/simulation_results/IndelSIEVE_benchmark_pipeline_ld_205/benchmark_results/simulated_data/results/data_type/no_cnv/0006/true_evo_events_ternary_matrix.simple	/raid/kang/DelSIEVE/simulation_results/IndelSIEVE_benchmark_pipeline_ld_205/benchmark_results/indelsieve/from_candidate/variant_calling/stage2/mt/no_cnv/smc_mu_ld_stage_1-smc_mu_ld_stage_2/0006/indelsieve_median.ternary	/raid/kang/DelSIEVE/simulation_results/IndelSIEVE_benchmark_pipeline_ld_205/benchmark_results/indelsieve/from_candidate/variant_calling/stage2/mt/no_cnv/smc_mu_ld_stage_1-smc_mu_ld_stage_2/0006/indelsieve_median.probs	4876	98	25521	1985	0.7106835738230579	0.9802975472456776	0.8239966201943388	0.0038252859206058	4851	123	26700	802	0.8581284273836901	0.9752714113389626	0.9129575609297074	0.0045856168213846	4597	230	26845	804	0.8511386780225884	0.9523513569504868	0.8989049667579194	0.008494921514312	96	51	32254	75	0.5614035087719298	0.6530612244897959	0.6037735849056605	0.0015787029871536	171	98	1	74	0	0	14662	338	0.0	NA	0.0	NA	0	0	14996	4	0.0	NA	0.0	NA	0	0	14919	81	0.0	NA	0.0	NA	0	0	14747	253	0.0	NA	0.0	NA	232	21	33	45	0	0	15000	0	NA	NA	0.0	NA
40	5	20	0.001999	0.16334	8e-06	2e-06	0.0	0006	indelsieve	candidate_snvs	smc_mudel_ld_stage_1-smc_mudel_ld_stage_2	mt	no_cnv	/raid/kang/DelSIEVE/simulation_results/IndelSIEVE_benchmark_pipeline_ld_205/benchmark_results/simulated_data/results/cell_names	/raid/kang/DelSIEVE/simulation_results/IndelSIEVE_benchmark_pipeline_ld_205/benchmark_results/indelsieve/from_candidate/variant_calling/stage2/mt/no_cnv/smc_mudel_ld_stage_1-smc_mudel_ld_stage_2/0006/indelsieve_median.cell_names	/raid/kang/DelSIEVE/simulation_results/IndelSIEVE_benchmark_pipeline_ld_205/benchmark_results/simulated_data/results/data_type/no_cnv/0006/true_evo_events_sites_names	/raid/kang/DelSIEVE/simulation_results/IndelSIEVE_benchmark_pipeline_ld_205/benchmark_results/indelsieve/from_candidate/variant_calling/stage2/mt/no_cnv/smc_mudel_ld_stage_1-smc_mudel_ld_stage_2/0006/indelsieve_median.loci_info	/raid/kang/DelSIEVE/simulation_results/IndelSIEVE_benchmark_pipeline_ld_205/benchmark_results/simulated_data/results/data_type/no_cnv/0006/true_evo_events_genotypes_numeric	/raid/kang/DelSIEVE/simulation_results/IndelSIEVE_benchmark_pipeline_ld_205/benchmark_results/indelsieve/from_candidate/variant_calling/stage2/mt/no_cnv/smc_mudel_ld_stage_1-smc_mudel_ld_stage_2/0006/indelsieve_median.genotypes	/raid/kang/DelSIEVE/simulation_results/IndelSIEVE_benchmark_pipeline_ld_205/benchmark_results/simulated_data/results/data_type/no_cnv/0006/true_evo_events_ternary_matrix.simple	/raid/kang/DelSIEVE/simulation_results/IndelSIEVE_benchmark_pipeline_ld_205/benchmark_results/indelsieve/from_candidate/variant_calling/stage2/mt/no_cnv/smc_mudel_ld_stage_1-smc_mudel_ld_stage_2/0006/indelsieve_median.ternary	/raid/kang/DelSIEVE/simulation_results/IndelSIEVE_benchmark_pipeline_ld_205/benchmark_results/indelsieve/from_candidate/variant_calling/stage2/mt/no_cnv/smc_mudel_ld_stage_1-smc_mudel_ld_stage_2/0006/indelsieve_median.probs	4927	130	25489	1934	0.7181168925812563	0.974293059125964	0.826816579963081	0.005074358874273	4850	123	26700	803	0.8579515301609765	0.9752664387693544	0.9128552606813476	0.0045856168213846	4594	229	26846	807	0.8505832253286428	0.9525191789342732	0.8986697965571205	0.0084579870729455	89	25	32280	82	0.52046783625731	0.7807017543859649	0.6245614035087719	0.0007738740133106	171	98	1	81	77	43	14619	261	0.2278106508875739	0.6416666666666667	0.0029327513299686	0.3362445414847161	0	0	14996	4	0.0	NA	0.0	NA	30	6	14913	51	0.3703703703703703	0.8333333333333334	0.0004021717273275	0.5128205128205128	43	41	14706	210	0.1699604743083003	0.5119047619047619	0.002780226486743	0.2551928783382788	189	21	29	19	0	0	15000	0	NA	NA	0.0	NA
40	5	20	0.001999	0.16334	8e-06	2e-06	0.0	0007	sieve	candidate_snvs	smc_mu_ld_stage_1-smc_mu_ld_stage_2	mt	no_cnv	/raid/kang/DelSIEVE/simulation_results/IndelSIEVE_benchmark_pipeline_ld_205/benchmark_results/simulated_data/results/cell_names	/raid/kang/DelSIEVE/simulation_results/IndelSIEVE_benchmark_pipeline_ld_205/benchmark_results/indelsieve/from_candidate/variant_calling/stage2/mt/no_cnv/smc_mu_ld_stage_1-smc_mu_ld_stage_2/0007/indelsieve_median.cell_names	/raid/kang/DelSIEVE/simulation_results/IndelSIEVE_benchmark_pipeline_ld_205/benchmark_results/simulated_data/results/data_type/no_cnv/0007/true_evo_events_sites_names	/raid/kang/DelSIEVE/simulation_results/IndelSIEVE_benchmark_pipeline_ld_205/benchmark_results/indelsieve/from_candidate/variant_calling/stage2/mt/no_cnv/smc_mu_ld_stage_1-smc_mu_ld_stage_2/0007/indelsieve_median.loci_info	/raid/kang/DelSIEVE/simulation_results/IndelSIEVE_benchmark_pipeline_ld_205/benchmark_results/simulated_data/results/data_type/no_cnv/0007/true_evo_events_genotypes_numeric	/raid/kang/DelSIEVE/simulation_results/IndelSIEVE_benchmark_pipeline_ld_205/benchmark_results/indelsieve/from_candidate/variant_calling/stage2/mt/no_cnv/smc_mu_ld_stage_1-smc_mu_ld_stage_2/0007/indelsieve_median.genotypes	/raid/kang/DelSIEVE/simulation_results/IndelSIEVE_benchmark_pipeline_ld_205/benchmark_results/simulated_data/results/data_type/no_cnv/0007/true_evo_events_ternary_matrix.simple	/raid/kang/DelSIEVE/simulation_results/IndelSIEVE_benchmark_pipeline_ld_205/benchmark_results/indelsieve/from_candidate/variant_calling/stage2/mt/no_cnv/smc_mu_ld_stage_1-smc_mu_ld_stage_2/0007/indelsieve_median.ternary	/raid/kang/DelSIEVE/simulation_results/IndelSIEVE_benchmark_pipeline_ld_205/benchmark_results/indelsieve/from_candidate/variant_calling/stage2/mt/no_cnv/smc_mu_ld_stage_1-smc_mu_ld_stage_2/0007/indelsieve_median.probs	6922	82	18015	2861	0.7075539200654196	0.9882924043403768	0.8246857687496277	0.0045311377576393	6903	101	20177	685	0.9097258829731154	0.985579668760708	0.9461348684210524	0.0049807673340566	6255	218	20694	699	0.8994823123382226	0.9663216437509656	0.9317047739629104	0.0104246365723029	207	324	27262	73	0.7392857142857143	0.3898305084745763	0.5104808877928483	0.0117450880881606	280	82	5	68	0	0	14080	680	0.0	NA	0.0	NA	0	0	14758	2	0.0	NA	0.0	NA	0	0	14406	354	0.0	NA	0.0	NA	0	0	14436	324	0.0	NA	0.0	NA	305	18	50	304	0	0	14760	0	NA	NA	0.0	NA
40	5	20	0.001999	0.16334	8e-06	2e-06	0.0	0007	indelsieve	candidate_snvs	smc_mudel_ld_stage_1-smc_mudel_ld_stage_2	mt	no_cnv	/raid/kang/DelSIEVE/simulation_results/IndelSIEVE_benchmark_pipeline_ld_205/benchmark_results/simulated_data/results/cell_names	/raid/kang/DelSIEVE/simulation_results/IndelSIEVE_benchmark_pipeline_ld_205/benchmark_results/indelsieve/from_candidate/variant_calling/stage2/mt/no_cnv/smc_mudel_ld_stage_1-smc_mudel_ld_stage_2/0007/indelsieve_median.cell_names	/raid/kang/DelSIEVE/simulation_results/IndelSIEVE_benchmark_pipeline_ld_205/benchmark_results/simulated_data/results/data_type/no_cnv/0007/true_evo_events_sites_names	/raid/kang/DelSIEVE/simulation_results/IndelSIEVE_benchmark_pipeline_ld_205/benchmark_results/indelsieve/from_candidate/variant_calling/stage2/mt/no_cnv/smc_mudel_ld_stage_1-smc_mudel_ld_stage_2/0007/indelsieve_median.loci_info	/raid/kang/DelSIEVE/simulation_results/IndelSIEVE_benchmark_pipeline_ld_205/benchmark_results/simulated_data/results/data_type/no_cnv/0007/true_evo_events_genotypes_numeric	/raid/kang/DelSIEVE/simulation_results/IndelSIEVE_benchmark_pipeline_ld_205/benchmark_results/indelsieve/from_candidate/variant_calling/stage2/mt/no_cnv/smc_mudel_ld_stage_1-smc_mudel_ld_stage_2/0007/indelsieve_median.genotypes	/raid/kang/DelSIEVE/simulation_results/IndelSIEVE_benchmark_pipeline_ld_205/benchmark_results/simulated_data/results/data_type/no_cnv/0007/true_evo_events_ternary_matrix.simple	/raid/kang/DelSIEVE/simulation_results/IndelSIEVE_benchmark_pipeline_ld_205/benchmark_results/indelsieve/from_candidate/variant_calling/stage2/mt/no_cnv/smc_mudel_ld_stage_1-smc_mudel_ld_stage_2/0007/indelsieve_median.ternary	/raid/kang/DelSIEVE/simulation_results/IndelSIEVE_benchmark_pipeline_ld_205/benchmark_results/indelsieve/from_candidate/variant_calling/stage2/mt/no_cnv/smc_mudel_ld_stage_1-smc_mudel_ld_stage_2/0007/indelsieve_median.probs	6988	155	17942	2795	0.7143003168762139	0.9783004339913202	0.825711922486116	0.008564955517489	6903	110	20168	685	0.9097258829731154	0.9843148438614002	0.9455516745428396	0.0054245980865963	6242	221	20691	712	0.8976128846706931	0.9658053535509824	0.9304613549973914	0.0105680948737566	205	159	27427	75	0.7321428571428571	0.5631868131868132	0.6366459627329193	0.0057637932284492	280	88	5	70	234	82	13998	446	0.3441176470588235	0.740506329113924	0.0058238636363636	0.469879518072289	0	0	14758	2	0.0	NA	0.0	NA	170	16	14390	184	0.480225988700565	0.913978494623656	0.001110648340969	0.6296296296296297	64	66	14370	260	0.1975308641975308	0.4923076923076923	0.0045719035743973	0.2819383259911894	239	20	43	141	0	0	14760	0	NA	NA	0.0	NA
40	5	20	0.001999	0.16334	8e-06	2e-06	0.0	0008	sieve	candidate_snvs	smc_mu_ld_stage_1-smc_mu_ld_stage_2	mt	no_cnv	/raid/kang/DelSIEVE/simulation_results/IndelSIEVE_benchmark_pipeline_ld_205/benchmark_results/simulated_data/results/cell_names	/raid/kang/DelSIEVE/simulation_results/IndelSIEVE_benchmark_pipeline_ld_205/benchmark_results/indelsieve/from_candidate/variant_calling/stage2/mt/no_cnv/smc_mu_ld_stage_1-smc_mu_ld_stage_2/0008/indelsieve_median.cell_names	/raid/kang/DelSIEVE/simulation_results/IndelSIEVE_benchmark_pipeline_ld_205/benchmark_results/simulated_data/results/data_type/no_cnv/0008/true_evo_events_sites_names	/raid/kang/DelSIEVE/simulation_results/IndelSIEVE_benchmark_pipeline_ld_205/benchmark_results/indelsieve/from_candidate/variant_calling/stage2/mt/no_cnv/smc_mu_ld_stage_1-smc_mu_ld_stage_2/0008/indelsieve_median.loci_info	/raid/kang/DelSIEVE/simulation_results/IndelSIEVE_benchmark_pipeline_ld_205/benchmark_results/simulated_data/results/data_type/no_cnv/0008/true_evo_events_genotypes_numeric	/raid/kang/DelSIEVE/simulation_results/IndelSIEVE_benchmark_pipeline_ld_205/benchmark_results/indelsieve/from_candidate/variant_calling/stage2/mt/no_cnv/smc_mu_ld_stage_1-smc_mu_ld_stage_2/0008/indelsieve_median.genotypes	/raid/kang/DelSIEVE/simulation_results/IndelSIEVE_benchmark_pipeline_ld_205/benchmark_results/simulated_data/results/data_type/no_cnv/0008/true_evo_events_ternary_matrix.simple	/raid/kang/DelSIEVE/simulation_results/IndelSIEVE_benchmark_pipeline_ld_205/benchmark_results/indelsieve/from_candidate/variant_calling/stage2/mt/no_cnv/smc_mu_ld_stage_1-smc_mu_ld_stage_2/0008/indelsieve_median.ternary	/raid/kang/DelSIEVE/simulation_results/IndelSIEVE_benchmark_pipeline_ld_205/benchmark_results/indelsieve/from_candidate/variant_calling/stage2/mt/no_cnv/smc_mu_ld_stage_1-smc_mu_ld_stage_2/0008/indelsieve_median.probs	5953	103	24356	2348	0.717142512950247	0.982992073976222	0.8292818834018248	0.0042111288278343	5935	121	25994	703	0.8940946068092799	0.9800198150594452	0.935087442886403	0.0046333524794179	5747	210	26098	698	0.8916989914662529	0.964747356051704	0.9267860022577004	0.0079823627793826	78	21	32600	54	0.5909090909090909	0.7878787878787878	0.6753246753246752	0.0006437570889917	132	103	5	49	0	0	17153	407	0.0	NA	0.0	NA	0	0	17550	10	0.0	NA	0.0	NA	0	0	17499	61	0.0	NA	0.0	NA	0	0	17224	336	0.0	NA	0.0	NA	318	18	40	20	0	0	17560	0	NA	NA	0.0	NA
40	5	20	0.001999	0.16334	8e-06	2e-06	0.0	0008	indelsieve	candidate_snvs	smc_mudel_ld_stage_1-smc_mudel_ld_stage_2	mt	no_cnv	/raid/kang/DelSIEVE/simulation_results/IndelSIEVE_benchmark_pipeline_ld_205/benchmark_results/simulated_data/results/cell_names	/raid/kang/DelSIEVE/simulation_results/IndelSIEVE_benchmark_pipeline_ld_205/benchmark_results/indelsieve/from_candidate/variant_calling/stage2/mt/no_cnv/smc_mudel_ld_stage_1-smc_mudel_ld_stage_2/0008/indelsieve_median.cell_names	/raid/kang/DelSIEVE/simulation_results/IndelSIEVE_benchmark_pipeline_ld_205/benchmark_results/simulated_data/results/data_type/no_cnv/0008/true_evo_events_sites_names	/raid/kang/DelSIEVE/simulation_results/IndelSIEVE_benchmark_pipeline_ld_205/benchmark_results/indelsieve/from_candidate/variant_calling/stage2/mt/no_cnv/smc_mudel_ld_stage_1-smc_mudel_ld_stage_2/0008/indelsieve_median.loci_info	/raid/kang/DelSIEVE/simulation_results/IndelSIEVE_benchmark_pipeline_ld_205/benchmark_results/simulated_data/results/data_type/no_cnv/0008/true_evo_events_genotypes_numeric	/raid/kang/DelSIEVE/simulation_results/IndelSIEVE_benchmark_pipeline_ld_205/benchmark_results/indelsieve/from_candidate/variant_calling/stage2/mt/no_cnv/smc_mudel_ld_stage_1-smc_mudel_ld_stage_2/0008/indelsieve_median.genotypes	/raid/kang/DelSIEVE/simulation_results/IndelSIEVE_benchmark_pipeline_ld_205/benchmark_results/simulated_data/results/data_type/no_cnv/0008/true_evo_events_ternary_matrix.simple	/raid/kang/DelSIEVE/simulation_results/IndelSIEVE_benchmark_pipeline_ld_205/benchmark_results/indelsieve/from_candidate/variant_calling/stage2/mt/no_cnv/smc_mudel_ld_stage_1-smc_mudel_ld_stage_2/0008/indelsieve_median.ternary	/raid/kang/DelSIEVE/simulation_results/IndelSIEVE_benchmark_pipeline_ld_205/benchmark_results/indelsieve/from_candidate/variant_calling/stage2/mt/no_cnv/smc_mudel_ld_stage_1-smc_mudel_ld_stage_2/0008/indelsieve_median.probs	6056	102	24357	2245	0.7295506565474039	0.9834361805781098	0.8376789542845287	0.004170244081933	5935	120	25995	703	0.8940946068092799	0.9801816680429396	0.9351611124241708	0.0045950603101665	5747	186	26122	698	0.8916989914662529	0.9686499241530424	0.9285829697851026	0.0070700927474532	78	12	32609	54	0.5909090909090909	0.8666666666666667	0.7027027027027029	0.0003678611937095	132	102	5	49	135	0	17153	272	0.3316953316953317	1.0	0.0	0.4981549815498155	0	0	17550	10	0.0	NA	0.0	NA	32	0	17499	29	0.5245901639344263	1.0	0.0	0.6881720430107526	99	4	17220	237	0.2946428571428571	0.9611650485436892	0.0002322340919647	0.4510250569476082	219	18	17	11	0	0	17560	0	NA	NA	0.0	NA
40	5	20	0.001999	0.16334	8e-06	2e-06	0.0	0009	sieve	candidate_snvs	smc_mu_ld_stage_1-smc_mu_ld_stage_2	mt	no_cnv	/raid/kang/DelSIEVE/simulation_results/IndelSIEVE_benchmark_pipeline_ld_205/benchmark_results/simulated_data/results/cell_names	/raid/kang/DelSIEVE/simulation_results/IndelSIEVE_benchmark_pipeline_ld_205/benchmark_results/indelsieve/from_candidate/variant_calling/stage2/mt/no_cnv/smc_mu_ld_stage_1-smc_mu_ld_stage_2/0009/indelsieve_median.cell_names	/raid/kang/DelSIEVE/simulation_results/IndelSIEVE_benchmark_pipeline_ld_205/benchmark_results/simulated_data/results/data_type/no_cnv/0009/true_evo_events_sites_names	/raid/kang/DelSIEVE/simulation_results/IndelSIEVE_benchmark_pipeline_ld_205/benchmark_results/indelsieve/from_candidate/variant_calling/stage2/mt/no_cnv/smc_mu_ld_stage_1-smc_mu_ld_stage_2/0009/indelsieve_median.loci_info	/raid/kang/DelSIEVE/simulation_results/IndelSIEVE_benchmark_pipeline_ld_205/benchmark_results/simulated_data/results/data_type/no_cnv/0009/true_evo_events_genotypes_numeric	/raid/kang/DelSIEVE/simulation_results/IndelSIEVE_benchmark_pipeline_ld_205/benchmark_results/indelsieve/from_candidate/variant_calling/stage2/mt/no_cnv/smc_mu_ld_stage_1-smc_mu_ld_stage_2/0009/indelsieve_median.genotypes	/raid/kang/DelSIEVE/simulation_results/IndelSIEVE_benchmark_pipeline_ld_205/benchmark_results/simulated_data/results/data_type/no_cnv/0009/true_evo_events_ternary_matrix.simple	/raid/kang/DelSIEVE/simulation_results/IndelSIEVE_benchmark_pipeline_ld_205/benchmark_results/indelsieve/from_candidate/variant_calling/stage2/mt/no_cnv/smc_mu_ld_stage_1-smc_mu_ld_stage_2/0009/indelsieve_median.ternary	/raid/kang/DelSIEVE/simulation_results/IndelSIEVE_benchmark_pipeline_ld_205/benchmark_results/indelsieve/from_candidate/variant_calling/stage2/mt/no_cnv/smc_mu_ld_stage_1-smc_mu_ld_stage_2/0009/indelsieve_median.probs	4470	81	21717	2132	0.6770675552862769	0.982201713909031	0.8015780507486776	0.0037159372419488	4455	96	23100	744	0.8568955568378535	0.978905735003296	0.913846153846154	0.0041386445938954	4087	193	23377	738	0.8470466321243524	0.9549065420560748	0.8977484898407468	0.0081883750530335	156	115	28046	78	0.6666666666666666	0.5756457564575646	0.6178217821782177	0.0040836618017826	234	81	11	67	0	0	13561	519	0.0	NA	0.0	NA	0	0	14079	1	0.0	NA	0.0	NA	0	0	13940	140	0.0	NA	0.0	NA	0	0	13702	378	0.0	NA	0.0	NA	363	15	30	110	0	0	14080	0	NA	NA	0.0	NA
40	5	20	0.001999	0.16334	8e-06	2e-06	0.0	0009	indelsieve	candidate_snvs	smc_mudel_ld_stage_1-smc_mudel_ld_stage_2	mt	no_cnv	/raid/kang/DelSIEVE/simulation_results/IndelSIEVE_benchmark_pipeline_ld_205/benchmark_results/simulated_data/results/cell_names	/raid/kang/DelSIEVE/simulation_results/IndelSIEVE_benchmark_pipeline_ld_205/benchmark_results/indelsieve/from_candidate/variant_calling/stage2/mt/no_cnv/smc_mudel_ld_stage_1-smc_mudel_ld_stage_2/0009/indelsieve_median.cell_names	/raid/kang/DelSIEVE/simulation_results/IndelSIEVE_benchmark_pipeline_ld_205/benchmark_results/simulated_data/results/data_type/no_cnv/0009/true_evo_events_sites_names	/raid/kang/DelSIEVE/simulation_results/IndelSIEVE_benchmark_pipeline_ld_205/benchmark_results/indelsieve/from_candidate/variant_calling/stage2/mt/no_cnv/smc_mudel_ld_stage_1-smc_mudel_ld_stage_2/0009/indelsieve_median.loci_info	/raid/kang/DelSIEVE/simulation_results/IndelSIEVE_benchmark_pipeline_ld_205/benchmark_results/simulated_data/results/data_type/no_cnv/0009/true_evo_events_genotypes_numeric	/raid/kang/DelSIEVE/simulation_results/IndelSIEVE_benchmark_pipeline_ld_205/benchmark_results/indelsieve/from_candidate/variant_calling/stage2/mt/no_cnv/smc_mudel_ld_stage_1-smc_mudel_ld_stage_2/0009/indelsieve_median.genotypes	/raid/kang/DelSIEVE/simulation_results/IndelSIEVE_benchmark_pipeline_ld_205/benchmark_results/simulated_data/results/data_type/no_cnv/0009/true_evo_events_ternary_matrix.simple	/raid/kang/DelSIEVE/simulation_results/IndelSIEVE_benchmark_pipeline_ld_205/benchmark_results/indelsieve/from_candidate/variant_calling/stage2/mt/no_cnv/smc_mudel_ld_stage_1-smc_mudel_ld_stage_2/0009/indelsieve_median.ternary	/raid/kang/DelSIEVE/simulation_results/IndelSIEVE_benchmark_pipeline_ld_205/benchmark_results/indelsieve/from_candidate/variant_calling/stage2/mt/no_cnv/smc_mudel_ld_stage_1-smc_mudel_ld_stage_2/0009/indelsieve_median.probs	4495	75	21723	2107	0.6808542865798243	0.9835886214442012	0.8046902971715002	0.003440682631434	4457	90	23106	742	0.8572802462011926	0.980206729711898	0.9146316437512828	0.003879979306777	4089	191	23379	736	0.8474611398963731	0.9553738317757008	0.8981878088962109	0.0081035214255409	152	63	28098	82	0.6495726495726496	0.7069767441860465	0.6770601336302895	0.0022371364653243	234	75	11	71	71	4	13557	448	0.1368015414258188	0.9466666666666668	0.000294963498267	0.239057239057239	0	0	14079	1	0.0	NA	0.0	NA	52	0	13940	88	0.3714285714285714	1.0	0.0	0.5416666666666666	19	4	13698	359	0.0502645502645502	0.8260869565217391	0.0002919281856663	0.0947630922693266	344	15	30	58	0	0	14080	0	NA	NA	0.0	NA
40	5	20	0.001999	0.16334	8e-06	2e-06	0.0	0010	sieve	candidate_snvs	smc_mu_ld_stage_1-smc_mu_ld_stage_2	mt	no_cnv	/raid/kang/DelSIEVE/simulation_results/IndelSIEVE_benchmark_pipeline_ld_205/benchmark_results/simulated_data/results/cell_names	/raid/kang/DelSIEVE/simulation_results/IndelSIEVE_benchmark_pipeline_ld_205/benchmark_results/indelsieve/from_candidate/variant_calling/stage2/mt/no_cnv/smc_mu_ld_stage_1-smc_mu_ld_stage_2/0010/indelsieve_median.cell_names	/raid/kang/DelSIEVE/simulation_results/IndelSIEVE_benchmark_pipeline_ld_205/benchmark_results/simulated_data/results/data_type/no_cnv/0010/true_evo_events_sites_names	/raid/kang/DelSIEVE/simulation_results/IndelSIEVE_benchmark_pipeline_ld_205/benchmark_results/indelsieve/from_candidate/variant_calling/stage2/mt/no_cnv/smc_mu_ld_stage_1-smc_mu_ld_stage_2/0010/indelsieve_median.loci_info	/raid/kang/DelSIEVE/simulation_results/IndelSIEVE_benchmark_pipeline_ld_205/benchmark_results/simulated_data/results/data_type/no_cnv/0010/true_evo_events_genotypes_numeric	/raid/kang/DelSIEVE/simulation_results/IndelSIEVE_benchmark_pipeline_ld_205/benchmark_results/indelsieve/from_candidate/variant_calling/stage2/mt/no_cnv/smc_mu_ld_stage_1-smc_mu_ld_stage_2/0010/indelsieve_median.genotypes	/raid/kang/DelSIEVE/simulation_results/IndelSIEVE_benchmark_pipeline_ld_205/benchmark_results/simulated_data/results/data_type/no_cnv/0010/true_evo_events_ternary_matrix.simple	/raid/kang/DelSIEVE/simulation_results/IndelSIEVE_benchmark_pipeline_ld_205/benchmark_results/indelsieve/from_candidate/variant_calling/stage2/mt/no_cnv/smc_mu_ld_stage_1-smc_mu_ld_stage_2/0010/indelsieve_median.ternary	/raid/kang/DelSIEVE/simulation_results/IndelSIEVE_benchmark_pipeline_ld_205/benchmark_results/indelsieve/from_candidate/variant_calling/stage2/mt/no_cnv/smc_mu_ld_stage_1-smc_mu_ld_stage_2/0010/indelsieve_median.probs	5585	120	23653	2202	0.7172210093745987	0.978965819456617	0.8278980136377111	0.0050477432381272	5565	140	25096	750	0.8812351543942993	0.9754601226993864	0.9259567387687188	0.0055476303693136	5197	230	25376	748	0.8741799831791421	0.9576193108531416	0.9139992965177628	0.0089822697805201	162	116	31203	70	0.6982758620689655	0.5827338129496403	0.6352941176470588	0.0037038219611098	232	120	7	63	0	0	14886	474	0.0	NA	0.0	NA	0	0	15357	3	0.0	NA	0.0	NA	0	0	15222	138	0.0	NA	0.0	NA	0	0	15027	333	0.0	NA	0.0	NA	314	19	27	111	0	0	15360	0	NA	NA	0.0	NA
40	5	20	0.001999	0.16334	8e-06	2e-06	0.0	0010	indelsieve	candidate_snvs	smc_mudel_ld_stage_1-smc_mudel_ld_stage_2	mt	no_cnv	/raid/kang/DelSIEVE/simulation_results/IndelSIEVE_benchmark_pipeline_ld_205/benchmark_results/simulated_data/results/cell_names	/raid/kang/DelSIEVE/simulation_results/IndelSIEVE_benchmark_pipeline_ld_205/benchmark_results/indelsieve/from_candidate/variant_calling/stage2/mt/no_cnv/smc_mudel_ld_stage_1-smc_mudel_ld_stage_2/0010/indelsieve_median.cell_names	/raid/kang/DelSIEVE/simulation_results/IndelSIEVE_benchmark_pipeline_ld_205/benchmark_results/simulated_data/results/data_type/no_cnv/0010/true_evo_events_sites_names	/raid/kang/DelSIEVE/simulation_results/IndelSIEVE_benchmark_pipeline_ld_205/benchmark_results/indelsieve/from_candidate/variant_calling/stage2/mt/no_cnv/smc_mudel_ld_stage_1-smc_mudel_ld_stage_2/0010/indelsieve_median.loci_info	/raid/kang/DelSIEVE/simulation_results/IndelSIEVE_benchmark_pipeline_ld_205/benchmark_results/simulated_data/results/data_type/no_cnv/0010/true_evo_events_genotypes_numeric	/raid/kang/DelSIEVE/simulation_results/IndelSIEVE_benchmark_pipeline_ld_205/benchmark_results/indelsieve/from_candidate/variant_calling/stage2/mt/no_cnv/smc_mudel_ld_stage_1-smc_mudel_ld_stage_2/0010/indelsieve_median.genotypes	/raid/kang/DelSIEVE/simulation_results/IndelSIEVE_benchmark_pipeline_ld_205/benchmark_results/simulated_data/results/data_type/no_cnv/0010/true_evo_events_ternary_matrix.simple	/raid/kang/DelSIEVE/simulation_results/IndelSIEVE_benchmark_pipeline_ld_205/benchmark_results/indelsieve/from_candidate/variant_calling/stage2/mt/no_cnv/smc_mudel_ld_stage_1-smc_mudel_ld_stage_2/0010/indelsieve_median.ternary	/raid/kang/DelSIEVE/simulation_results/IndelSIEVE_benchmark_pipeline_ld_205/benchmark_results/indelsieve/from_candidate/variant_calling/stage2/mt/no_cnv/smc_mudel_ld_stage_1-smc_mudel_ld_stage_2/0010/indelsieve_median.probs	5647	125	23648	2140	0.7251829973031977	0.9783437283437284	0.8329522826167121	0.0052580658730492	5562	145	25091	753	0.8807600950118765	0.9745926055721044	0.9253036100482448	0.0057457600253605	5194	236	25370	751	0.8736753574432295	0.956537753222836	0.9132307692307692	0.0092165898617511	161	52	31267	71	0.6939655172413793	0.755868544600939	0.7235955056179775	0.0016603339825664	232	125	7	64	129	0	14886	345	0.2721518987341772	1.0	0.0	0.4278606965174129	0	0	15357	3	0.0	NA	0.0	NA	64	0	15222	74	0.463768115942029	1.0	0.0	0.6336633663366337	65	0	15027	268	0.1951951951951951	1.0	0.0	0.3266331658291457	249	19	27	47	0	0	15360	0	NA	NA	0.0	NA
