cell_num	coverage_mean	coverage_variance	eff_seq_err_rate	ado_rate	mutation_rate	deletion_rate	insertion_rate	dataset	tool	snv_type	tool_setup	fine_tune_type	data_type	true_cell_names	cell_names	true_loci_info	loci_info	true_genotypes	genotypes	true_ternary	ternary	genotype_probs	true_positive	false_positive	true_negative	false_negative	recall	precision	f1_score	fall_out	true_positive_mu	false_positive_mu	true_negative_mu	false_negative_mu	recall_mu	precision_mu	f1_score_mu	fall_out_mu	true_positive_hetero_mu	false_positive_hetero_mu	true_negative_hetero_mu	false_negative_hetero_mu	recall_hetero_mu	precision_hetero_mu	f1_score_hetero_mu	fall_out_hetero_mu	true_positive_homo_mu	false_positive_homo_mu	true_negative_homo_mu	false_negative_homo_mu	recall_homo_mu	precision_homo_mu	f1_score_homo_mu	fall_out_homo_mu	true_homo_mu	true_homo_ref_as_hetero_mu	true_homo_mu_as_homo_ref	true_homo_mu_as_hetero_mu	true_positive_del	false_positive_del	true_negative_del	false_negative_del	recall_del	precision_del	fall_out_del	f1_score_del	true_positive_all_del	false_positive_all_del	true_negative_all_del	false_negative_all_del	recall_all_del	precision_all_del	fall_out_all_del	f1_score_all_del	true_positive_del_alt_left	false_positive_del_alt_left	true_negative_del_alt_left	false_negative_del_alt_left	recall_del_alt_left	precision_del_alt_left	fall_out_del_alt_left	f1_score_del_alt_left	true_positive_del_ref_left	false_positive_del_ref_left	true_negative_del_ref_left	false_negative_del_ref_left	recall_del_ref_left	precision_del_ref_left	fall_out_del_ref_left	f1_score_del_ref_left	true_del_ref_left_as_homo_ref	true_del_ref_left_as_hetero_mu	true_del_alt_left_as_hetero_mu	true_del_alt_left_as_homo_mu	true_positive_amp	false_positive_amp	true_negative_amp	false_negative_amp	recall_amp	precision_amp	fall_out_amp	f1_score_amp
40	20	2	0.001999	0.3	3e-05	7.5e-06	0.0	0001	monovar	NA	true_parameters	NA	no_cnv	/raid/kang/DelSIEVE/simulation_results/IndelSIEVE_benchmark_pipeline_sa_006/benchmark_results/simulated_data/results/cell_names	/raid/kang/DelSIEVE/simulation_results/IndelSIEVE_benchmark_pipeline_sa_006/benchmark_results/monovar/from_true_params/no_cnv/0001/post_processed/filtered.cell_names	/raid/kang/DelSIEVE/simulation_results/IndelSIEVE_benchmark_pipeline_sa_006/benchmark_results/simulated_data/results/data_type/no_cnv/0001/true_evo_events_sites_names	/raid/kang/DelSIEVE/simulation_results/IndelSIEVE_benchmark_pipeline_sa_006/benchmark_results/monovar/from_true_params/no_cnv/0001/post_processed/filtered.loci_info	/raid/kang/DelSIEVE/simulation_results/IndelSIEVE_benchmark_pipeline_sa_006/benchmark_results/simulated_data/results/data_type/no_cnv/0001/true_evo_events_genotypes_numeric	/raid/kang/DelSIEVE/simulation_results/IndelSIEVE_benchmark_pipeline_sa_006/benchmark_results/monovar/from_true_params/no_cnv/0001/post_processed/filtered.genotypes	/raid/kang/DelSIEVE/simulation_results/IndelSIEVE_benchmark_pipeline_sa_006/benchmark_results/simulated_data/results/data_type/no_cnv/0001/true_evo_events_ternary_matrix.simple	/raid/kang/DelSIEVE/simulation_results/IndelSIEVE_benchmark_pipeline_sa_006/benchmark_results/monovar/from_true_params/no_cnv/0001/post_processed/filtered.ternary	/raid/kang/DelSIEVE/simulation_results/IndelSIEVE_benchmark_pipeline_sa_006/benchmark_results/monovar/from_true_params/no_cnv/0001/post_processed/filtered.genotype_probs	5088	0	9276	3236	0.6112445939452187	1.0	0.7587235311661199	0.0	4654	0	10995	1931	0.7067577828397874	1.0	0.8281875611709227	0.0	2834	199	11896	2651	0.5166818596171376	0.9343883943290472	0.6654144165297018	0.0164530797850351	546	1075	15797	162	0.7711864406779662	0.3368291178285009	0.4688707599828252	0.0637150308202939	708	0	24	138	434	0	15469	1697	0.2036602534021586	1.0	0.0	0.338401559454191	16	418	17160	6	0.7272727272727273	0.0368663594470046	0.0237797246558197	0.0701754385964912	0	0	17188	412	0.0	NA	0.0	NA	0	0	15903	1697	0.0	NA	0.0	NA	1401	0	61	193	0	0	17600	0	NA	NA	0.0	NA
40	20	2	0.001999	0.3	3e-05	7.5e-06	0.0	0002	monovar	NA	true_parameters	NA	no_cnv	/raid/kang/DelSIEVE/simulation_results/IndelSIEVE_benchmark_pipeline_sa_006/benchmark_results/simulated_data/results/cell_names	/raid/kang/DelSIEVE/simulation_results/IndelSIEVE_benchmark_pipeline_sa_006/benchmark_results/monovar/from_true_params/no_cnv/0002/post_processed/filtered.cell_names	/raid/kang/DelSIEVE/simulation_results/IndelSIEVE_benchmark_pipeline_sa_006/benchmark_results/simulated_data/results/data_type/no_cnv/0002/true_evo_events_sites_names	/raid/kang/DelSIEVE/simulation_results/IndelSIEVE_benchmark_pipeline_sa_006/benchmark_results/monovar/from_true_params/no_cnv/0002/post_processed/filtered.loci_info	/raid/kang/DelSIEVE/simulation_results/IndelSIEVE_benchmark_pipeline_sa_006/benchmark_results/simulated_data/results/data_type/no_cnv/0002/true_evo_events_genotypes_numeric	/raid/kang/DelSIEVE/simulation_results/IndelSIEVE_benchmark_pipeline_sa_006/benchmark_results/monovar/from_true_params/no_cnv/0002/post_processed/filtered.genotypes	/raid/kang/DelSIEVE/simulation_results/IndelSIEVE_benchmark_pipeline_sa_006/benchmark_results/simulated_data/results/data_type/no_cnv/0002/true_evo_events_ternary_matrix.simple	/raid/kang/DelSIEVE/simulation_results/IndelSIEVE_benchmark_pipeline_sa_006/benchmark_results/monovar/from_true_params/no_cnv/0002/post_processed/filtered.ternary	/raid/kang/DelSIEVE/simulation_results/IndelSIEVE_benchmark_pipeline_sa_006/benchmark_results/monovar/from_true_params/no_cnv/0002/post_processed/filtered.genotype_probs	8586	6	15992	5176	0.6238918761807877	0.9993016759776536	0.768184664936924	0.0003750468808601	7851	9	18919	2959	0.7262719703977798	0.998854961832061	0.841028387787895	0.0004754860524091	4855	395	20559	3929	0.5527094717668488	0.9247619047619048	0.6918911215619211	0.0188508160733034	1042	1568	26866	262	0.799079754601227	0.3992337164750958	0.5324476239141543	0.0551452486459871	1304	6	30	232	732	0	26086	2942	0.1992378878606423	1.0	0.0	0.3322741715842033	48	684	28996	32	0.6	0.0655737704918032	0.0230458221024258	0.1182266009852217	0	0	29016	744	0.0	NA	0.0	NA	0	0	26910	2850	0.0	NA	0.0	NA	2399	3	154	320	0	0	29760	0	NA	NA	0.0	NA
40	20	2	0.001999	0.3	3e-05	7.5e-06	0.0	0003	monovar	NA	true_parameters	NA	no_cnv	/raid/kang/DelSIEVE/simulation_results/IndelSIEVE_benchmark_pipeline_sa_006/benchmark_results/simulated_data/results/cell_names	/raid/kang/DelSIEVE/simulation_results/IndelSIEVE_benchmark_pipeline_sa_006/benchmark_results/monovar/from_true_params/no_cnv/0003/post_processed/filtered.cell_names	/raid/kang/DelSIEVE/simulation_results/IndelSIEVE_benchmark_pipeline_sa_006/benchmark_results/simulated_data/results/data_type/no_cnv/0003/true_evo_events_sites_names	/raid/kang/DelSIEVE/simulation_results/IndelSIEVE_benchmark_pipeline_sa_006/benchmark_results/monovar/from_true_params/no_cnv/0003/post_processed/filtered.loci_info	/raid/kang/DelSIEVE/simulation_results/IndelSIEVE_benchmark_pipeline_sa_006/benchmark_results/simulated_data/results/data_type/no_cnv/0003/true_evo_events_genotypes_numeric	/raid/kang/DelSIEVE/simulation_results/IndelSIEVE_benchmark_pipeline_sa_006/benchmark_results/monovar/from_true_params/no_cnv/0003/post_processed/filtered.genotypes	/raid/kang/DelSIEVE/simulation_results/IndelSIEVE_benchmark_pipeline_sa_006/benchmark_results/simulated_data/results/data_type/no_cnv/0003/true_evo_events_ternary_matrix.simple	/raid/kang/DelSIEVE/simulation_results/IndelSIEVE_benchmark_pipeline_sa_006/benchmark_results/monovar/from_true_params/no_cnv/0003/post_processed/filtered.ternary	/raid/kang/DelSIEVE/simulation_results/IndelSIEVE_benchmark_pipeline_sa_006/benchmark_results/monovar/from_true_params/no_cnv/0003/post_processed/filtered.genotype_probs	7727	6	16192	4995	0.6073730545511712	0.9992241044872624	0.7555120997311171	0.0003704161007531	7019	1	18847	3030	0.6984774604438253	0.9998575498575498	0.8224266213603609	5.305602716468591e-05	4361	286	20301	3949	0.5247894103489771	0.93845491715085	0.6731496488384656	0.013892262107155	958	1415	26291	233	0.8043660789252729	0.4037083860092709	0.5375982042648709	0.0510719699704035	1191	1	29	204	706	7	25692	2515	0.219186588016144	0.9901823281907434	0.0002723841394606	0.3589222165734621	45	668	28185	22	0.6716417910447762	0.0631136044880785	0.0231518386302984	0.1153846153846153	0	0	28349	571	0.0	NA	0.0	NA	0	0	26337	2583	0.0	NA	0.0	NA	2090	0	81	285	0	0	28920	0	NA	NA	0.0	NA
40	20	2	0.001999	0.3	3e-05	7.5e-06	0.0	0004	monovar	NA	true_parameters	NA	no_cnv	/raid/kang/DelSIEVE/simulation_results/IndelSIEVE_benchmark_pipeline_sa_006/benchmark_results/simulated_data/results/cell_names	/raid/kang/DelSIEVE/simulation_results/IndelSIEVE_benchmark_pipeline_sa_006/benchmark_results/monovar/from_true_params/no_cnv/0004/post_processed/filtered.cell_names	/raid/kang/DelSIEVE/simulation_results/IndelSIEVE_benchmark_pipeline_sa_006/benchmark_results/simulated_data/results/data_type/no_cnv/0004/true_evo_events_sites_names	/raid/kang/DelSIEVE/simulation_results/IndelSIEVE_benchmark_pipeline_sa_006/benchmark_results/monovar/from_true_params/no_cnv/0004/post_processed/filtered.loci_info	/raid/kang/DelSIEVE/simulation_results/IndelSIEVE_benchmark_pipeline_sa_006/benchmark_results/simulated_data/results/data_type/no_cnv/0004/true_evo_events_genotypes_numeric	/raid/kang/DelSIEVE/simulation_results/IndelSIEVE_benchmark_pipeline_sa_006/benchmark_results/monovar/from_true_params/no_cnv/0004/post_processed/filtered.genotypes	/raid/kang/DelSIEVE/simulation_results/IndelSIEVE_benchmark_pipeline_sa_006/benchmark_results/simulated_data/results/data_type/no_cnv/0004/true_evo_events_ternary_matrix.simple	/raid/kang/DelSIEVE/simulation_results/IndelSIEVE_benchmark_pipeline_sa_006/benchmark_results/monovar/from_true_params/no_cnv/0004/post_processed/filtered.ternary	/raid/kang/DelSIEVE/simulation_results/IndelSIEVE_benchmark_pipeline_sa_006/benchmark_results/monovar/from_true_params/no_cnv/0004/post_processed/filtered.genotype_probs	9766	71	14302	5381	0.6447481349442133	0.992782352343194	0.781780339417227	0.0049398177137688	8875	8	17177	3445	0.7203733766233766	0.9990994033547224	0.8371456869310947	0.0004655222577829	5045	395	19342	4723	0.5164823914823915	0.9273897058823528	0.6634665965281431	0.0200131732279475	1260	2183	25755	307	0.8040842373962986	0.3659599186755736	0.502994011976048	0.0781373040303529	1567	6	32	265	832	122	25586	2980	0.2182581322140608	0.8721174004192872	0.0047456044810953	0.3491397398237516	74	880	28507	59	0.556390977443609	0.0775681341719077	0.0299452138700786	0.1361545538178473	0	0	28520	1000	0.0	NA	0.0	NA	0	0	26841	2679	0.0	NA	0.0	NA	2189	2	122	571	0	0	29520	0	NA	NA	0.0	NA
40	20	2	0.001999	0.3	3e-05	7.5e-06	0.0	0005	monovar	NA	true_parameters	NA	no_cnv	/raid/kang/DelSIEVE/simulation_results/IndelSIEVE_benchmark_pipeline_sa_006/benchmark_results/simulated_data/results/cell_names	/raid/kang/DelSIEVE/simulation_results/IndelSIEVE_benchmark_pipeline_sa_006/benchmark_results/monovar/from_true_params/no_cnv/0005/post_processed/filtered.cell_names	/raid/kang/DelSIEVE/simulation_results/IndelSIEVE_benchmark_pipeline_sa_006/benchmark_results/simulated_data/results/data_type/no_cnv/0005/true_evo_events_sites_names	/raid/kang/DelSIEVE/simulation_results/IndelSIEVE_benchmark_pipeline_sa_006/benchmark_results/monovar/from_true_params/no_cnv/0005/post_processed/filtered.loci_info	/raid/kang/DelSIEVE/simulation_results/IndelSIEVE_benchmark_pipeline_sa_006/benchmark_results/simulated_data/results/data_type/no_cnv/0005/true_evo_events_genotypes_numeric	/raid/kang/DelSIEVE/simulation_results/IndelSIEVE_benchmark_pipeline_sa_006/benchmark_results/monovar/from_true_params/no_cnv/0005/post_processed/filtered.genotypes	/raid/kang/DelSIEVE/simulation_results/IndelSIEVE_benchmark_pipeline_sa_006/benchmark_results/simulated_data/results/data_type/no_cnv/0005/true_evo_events_ternary_matrix.simple	/raid/kang/DelSIEVE/simulation_results/IndelSIEVE_benchmark_pipeline_sa_006/benchmark_results/monovar/from_true_params/no_cnv/0005/post_processed/filtered.ternary	/raid/kang/DelSIEVE/simulation_results/IndelSIEVE_benchmark_pipeline_sa_006/benchmark_results/monovar/from_true_params/no_cnv/0005/post_processed/filtered.genotype_probs	5373	0	10163	3344	0.616381782723414	1.0	0.7626685592618878	0.0	4844	0	11992	2031	0.7045818181818182	1.0	0.8266916972437921	0.0	2869	260	13097	2641	0.5206896551724138	0.91690635985938	0.6641972450515107	0.0194654488283297	572	1143	16988	164	0.7771739130434783	0.3335276967930029	0.4667482660138718	0.0630412001544316	736	0	25	139	529	0	16409	1942	0.2140833670578713	1.0	0.0	0.3526666666666667	24	505	18314	37	0.3934426229508196	0.0453686200378071	0.0268345820713109	0.0813559322033898	0	0	18238	642	0.0	NA	0.0	NA	0	0	17112	1768	0.0	NA	0.0	NA	1422	0	121	325	0	0	18880	0	NA	NA	0.0	NA
40	20	2	0.001999	0.3	3e-05	7.5e-06	0.0	0006	monovar	NA	true_parameters	NA	no_cnv	/raid/kang/DelSIEVE/simulation_results/IndelSIEVE_benchmark_pipeline_sa_006/benchmark_results/simulated_data/results/cell_names	/raid/kang/DelSIEVE/simulation_results/IndelSIEVE_benchmark_pipeline_sa_006/benchmark_results/monovar/from_true_params/no_cnv/0006/post_processed/filtered.cell_names	/raid/kang/DelSIEVE/simulation_results/IndelSIEVE_benchmark_pipeline_sa_006/benchmark_results/simulated_data/results/data_type/no_cnv/0006/true_evo_events_sites_names	/raid/kang/DelSIEVE/simulation_results/IndelSIEVE_benchmark_pipeline_sa_006/benchmark_results/monovar/from_true_params/no_cnv/0006/post_processed/filtered.loci_info	/raid/kang/DelSIEVE/simulation_results/IndelSIEVE_benchmark_pipeline_sa_006/benchmark_results/simulated_data/results/data_type/no_cnv/0006/true_evo_events_genotypes_numeric	/raid/kang/DelSIEVE/simulation_results/IndelSIEVE_benchmark_pipeline_sa_006/benchmark_results/monovar/from_true_params/no_cnv/0006/post_processed/filtered.genotypes	/raid/kang/DelSIEVE/simulation_results/IndelSIEVE_benchmark_pipeline_sa_006/benchmark_results/simulated_data/results/data_type/no_cnv/0006/true_evo_events_ternary_matrix.simple	/raid/kang/DelSIEVE/simulation_results/IndelSIEVE_benchmark_pipeline_sa_006/benchmark_results/monovar/from_true_params/no_cnv/0006/post_processed/filtered.ternary	/raid/kang/DelSIEVE/simulation_results/IndelSIEVE_benchmark_pipeline_sa_006/benchmark_results/monovar/from_true_params/no_cnv/0006/post_processed/filtered.genotype_probs	8452	13	10300	4595	0.6478117574921438	0.9984642646190196	0.7857939754555597	0.0012605449432754	7530	13	12907	2891	0.7225794069667019	0.9982765477926554	0.8383433533734135	0.0010061919504643	4121	329	15035	3856	0.5166102544816347	0.9260674157303372	0.6632332823690351	0.0214136943504295	1078	2015	20014	234	0.8216463414634146	0.3485289363077918	0.4894438138479001	0.0914703345589904	1312	13	35	199	922	0	19602	2836	0.2453432676955827	1.0	0.0	0.394017094017094	118	804	22427	11	0.9147286821705426	0.1279826464208243	0.0346089277258835	0.2245480494766888	0	0	22209	1151	0.0	NA	0.0	NA	0	0	20882	2478	0.0	NA	0.0	NA	1996	0	117	669	0	0	23360	0	NA	NA	0.0	NA
40	20	2	0.001999	0.3	3e-05	7.5e-06	0.0	0007	monovar	NA	true_parameters	NA	no_cnv	/raid/kang/DelSIEVE/simulation_results/IndelSIEVE_benchmark_pipeline_sa_006/benchmark_results/simulated_data/results/cell_names	/raid/kang/DelSIEVE/simulation_results/IndelSIEVE_benchmark_pipeline_sa_006/benchmark_results/monovar/from_true_params/no_cnv/0007/post_processed/filtered.cell_names	/raid/kang/DelSIEVE/simulation_results/IndelSIEVE_benchmark_pipeline_sa_006/benchmark_results/simulated_data/results/data_type/no_cnv/0007/true_evo_events_sites_names	/raid/kang/DelSIEVE/simulation_results/IndelSIEVE_benchmark_pipeline_sa_006/benchmark_results/monovar/from_true_params/no_cnv/0007/post_processed/filtered.loci_info	/raid/kang/DelSIEVE/simulation_results/IndelSIEVE_benchmark_pipeline_sa_006/benchmark_results/simulated_data/results/data_type/no_cnv/0007/true_evo_events_genotypes_numeric	/raid/kang/DelSIEVE/simulation_results/IndelSIEVE_benchmark_pipeline_sa_006/benchmark_results/monovar/from_true_params/no_cnv/0007/post_processed/filtered.genotypes	/raid/kang/DelSIEVE/simulation_results/IndelSIEVE_benchmark_pipeline_sa_006/benchmark_results/simulated_data/results/data_type/no_cnv/0007/true_evo_events_ternary_matrix.simple	/raid/kang/DelSIEVE/simulation_results/IndelSIEVE_benchmark_pipeline_sa_006/benchmark_results/monovar/from_true_params/no_cnv/0007/post_processed/filtered.ternary	/raid/kang/DelSIEVE/simulation_results/IndelSIEVE_benchmark_pipeline_sa_006/benchmark_results/monovar/from_true_params/no_cnv/0007/post_processed/filtered.genotype_probs	5179	3	8349	3189	0.6189053537284895	0.999421072944809	0.7644280442804428	0.0003591954022988	4705	4	10029	1964	0.7055030739241266	0.9991505627521768	0.8270346282299176	0.0003986843416724	2820	239	11052	2591	0.5211605987802624	0.9218698921216084	0.665879574970484	0.021167301390488	542	1108	14885	167	0.764456981664316	0.3284848484848485	0.4595167443832132	0.0692803101356843	709	3	27	140	473	0	14472	1775	0.2104092526690391	1.0	0.0	0.3476662991547225	17	456	16227	20	0.4594594594594595	0.0359408033826638	0.0273332134508181	0.0666666666666666	0	0	16153	567	0.0	NA	0.0	NA	0	0	15076	1644	0.0	NA	0.0	NA	1356	1	95	265	0	0	16720	0	NA	NA	0.0	NA
40	20	2	0.001999	0.3	3e-05	7.5e-06	0.0	0008	monovar	NA	true_parameters	NA	no_cnv	/raid/kang/DelSIEVE/simulation_results/IndelSIEVE_benchmark_pipeline_sa_006/benchmark_results/simulated_data/results/cell_names	/raid/kang/DelSIEVE/simulation_results/IndelSIEVE_benchmark_pipeline_sa_006/benchmark_results/monovar/from_true_params/no_cnv/0008/post_processed/filtered.cell_names	/raid/kang/DelSIEVE/simulation_results/IndelSIEVE_benchmark_pipeline_sa_006/benchmark_results/simulated_data/results/data_type/no_cnv/0008/true_evo_events_sites_names	/raid/kang/DelSIEVE/simulation_results/IndelSIEVE_benchmark_pipeline_sa_006/benchmark_results/monovar/from_true_params/no_cnv/0008/post_processed/filtered.loci_info	/raid/kang/DelSIEVE/simulation_results/IndelSIEVE_benchmark_pipeline_sa_006/benchmark_results/simulated_data/results/data_type/no_cnv/0008/true_evo_events_genotypes_numeric	/raid/kang/DelSIEVE/simulation_results/IndelSIEVE_benchmark_pipeline_sa_006/benchmark_results/monovar/from_true_params/no_cnv/0008/post_processed/filtered.genotypes	/raid/kang/DelSIEVE/simulation_results/IndelSIEVE_benchmark_pipeline_sa_006/benchmark_results/simulated_data/results/data_type/no_cnv/0008/true_evo_events_ternary_matrix.simple	/raid/kang/DelSIEVE/simulation_results/IndelSIEVE_benchmark_pipeline_sa_006/benchmark_results/monovar/from_true_params/no_cnv/0008/post_processed/filtered.ternary	/raid/kang/DelSIEVE/simulation_results/IndelSIEVE_benchmark_pipeline_sa_006/benchmark_results/monovar/from_true_params/no_cnv/0008/post_processed/filtered.genotype_probs	6893	4	15307	4596	0.5999651840891287	0.9994200376975496	0.7498096377678669	0.0002612500816406	6207	1	17649	2924	0.6797722045778118	0.9998389175257733	0.8093096029728144	5.6657223796034e-05	3843	273	18814	3851	0.4994801143748375	0.9336734693877552	0.6508044030482641	0.0143029286949232	708	1384	24515	174	0.8027210884353742	0.3384321223709369	0.476126429051782	0.0534383566933086	882	1	26	148	682	7	23880	2231	0.2341228973566769	0.9898403483309144	0.0002930464269267	0.3786785119378123	83	606	26053	58	0.5886524822695035	0.1204644412191582	0.0227315353164034	0.1999999999999999	0	0	26226	574	0.0	NA	0.0	NA	0	0	24602	2198	0.0	NA	0.0	NA	1744	0	124	264	0	0	26800	0	NA	NA	0.0	NA
40	20	2	0.001999	0.3	3e-05	7.5e-06	0.0	0009	monovar	NA	true_parameters	NA	no_cnv	/raid/kang/DelSIEVE/simulation_results/IndelSIEVE_benchmark_pipeline_sa_006/benchmark_results/simulated_data/results/cell_names	/raid/kang/DelSIEVE/simulation_results/IndelSIEVE_benchmark_pipeline_sa_006/benchmark_results/monovar/from_true_params/no_cnv/0009/post_processed/filtered.cell_names	/raid/kang/DelSIEVE/simulation_results/IndelSIEVE_benchmark_pipeline_sa_006/benchmark_results/simulated_data/results/data_type/no_cnv/0009/true_evo_events_sites_names	/raid/kang/DelSIEVE/simulation_results/IndelSIEVE_benchmark_pipeline_sa_006/benchmark_results/monovar/from_true_params/no_cnv/0009/post_processed/filtered.loci_info	/raid/kang/DelSIEVE/simulation_results/IndelSIEVE_benchmark_pipeline_sa_006/benchmark_results/simulated_data/results/data_type/no_cnv/0009/true_evo_events_genotypes_numeric	/raid/kang/DelSIEVE/simulation_results/IndelSIEVE_benchmark_pipeline_sa_006/benchmark_results/monovar/from_true_params/no_cnv/0009/post_processed/filtered.genotypes	/raid/kang/DelSIEVE/simulation_results/IndelSIEVE_benchmark_pipeline_sa_006/benchmark_results/simulated_data/results/data_type/no_cnv/0009/true_evo_events_ternary_matrix.simple	/raid/kang/DelSIEVE/simulation_results/IndelSIEVE_benchmark_pipeline_sa_006/benchmark_results/monovar/from_true_params/no_cnv/0009/post_processed/filtered.ternary	/raid/kang/DelSIEVE/simulation_results/IndelSIEVE_benchmark_pipeline_sa_006/benchmark_results/monovar/from_true_params/no_cnv/0009/post_processed/filtered.genotype_probs	4610	1	8115	2834	0.6192907039226222	0.9997831273042724	0.7648278722521775	0.0001232134056185	4044	2	9758	1748	0.6982044198895028	0.999505684626792	0.822118316731043	0.0002049180327868	2437	202	10645	2268	0.5179596174282678	0.9234558544903372	0.6636710239651415	0.0186226606434958	524	883	14013	132	0.7987804878048781	0.3724235963041933	0.5079980610761028	0.0592776584317937	656	1	16	116	565	0	13477	1518	0.271243398943831	1.0	0.0	0.4267371601208459	80	485	14943	52	0.6060606060606061	0.1415929203539823	0.0314363494944257	0.2295552367288378	0	0	15121	439	0.0	NA	0.0	NA	0	0	14048	1512	0.0	NA	0.0	NA	1151	1	84	209	0	0	15560	0	NA	NA	0.0	NA
40	20	2	0.001999	0.3	3e-05	7.5e-06	0.0	0010	monovar	NA	true_parameters	NA	no_cnv	/raid/kang/DelSIEVE/simulation_results/IndelSIEVE_benchmark_pipeline_sa_006/benchmark_results/simulated_data/results/cell_names	/raid/kang/DelSIEVE/simulation_results/IndelSIEVE_benchmark_pipeline_sa_006/benchmark_results/monovar/from_true_params/no_cnv/0010/post_processed/filtered.cell_names	/raid/kang/DelSIEVE/simulation_results/IndelSIEVE_benchmark_pipeline_sa_006/benchmark_results/simulated_data/results/data_type/no_cnv/0010/true_evo_events_sites_names	/raid/kang/DelSIEVE/simulation_results/IndelSIEVE_benchmark_pipeline_sa_006/benchmark_results/monovar/from_true_params/no_cnv/0010/post_processed/filtered.loci_info	/raid/kang/DelSIEVE/simulation_results/IndelSIEVE_benchmark_pipeline_sa_006/benchmark_results/simulated_data/results/data_type/no_cnv/0010/true_evo_events_genotypes_numeric	/raid/kang/DelSIEVE/simulation_results/IndelSIEVE_benchmark_pipeline_sa_006/benchmark_results/monovar/from_true_params/no_cnv/0010/post_processed/filtered.genotypes	/raid/kang/DelSIEVE/simulation_results/IndelSIEVE_benchmark_pipeline_sa_006/benchmark_results/simulated_data/results/data_type/no_cnv/0010/true_evo_events_ternary_matrix.simple	/raid/kang/DelSIEVE/simulation_results/IndelSIEVE_benchmark_pipeline_sa_006/benchmark_results/monovar/from_true_params/no_cnv/0010/post_processed/filtered.ternary	/raid/kang/DelSIEVE/simulation_results/IndelSIEVE_benchmark_pipeline_sa_006/benchmark_results/monovar/from_true_params/no_cnv/0010/post_processed/filtered.genotype_probs	6966	1	9496	3937	0.6389067229202972	0.9998564661977896	0.7796306659205372	0.0001052964093924	6247	1	11613	2531	0.7116655274550011	0.9998399487836108	0.8314920803939837	8.610297916307904e-05	3820	236	12824	3512	0.5210038188761593	0.9418145956607497	0.6708816297857394	0.0180704441041347	630	1562	18029	171	0.7865168539325843	0.2874087591240876	0.4209822920147009	0.0797304884896125	801	1	25	146	719	0	17630	2051	0.2595667870036101	1.0	0.0	0.412152479220407	44	675	19670	11	0.8	0.0611961057023643	0.0331776849348734	0.1136950904392764	0	0	19747	653	0.0	NA	0.0	NA	0	0	18338	2062	0.0	NA	0.0	NA	1596	0	89	319	0	0	20400	0	NA	NA	0.0	NA
40	20	2	0.001999	0.3	3e-05	7.5e-06	0.0	0001	sciphi	candidate_snvs	NA	NA	no_cnv	/raid/kang/DelSIEVE/simulation_results/IndelSIEVE_benchmark_pipeline_sa_006/benchmark_results/simulated_data/results/cell_names	/raid/kang/DelSIEVE/simulation_results/IndelSIEVE_benchmark_pipeline_sa_006/benchmark_results/sciphi/no_cnv/0001/post_processed/sciphi.cell_names	/raid/kang/DelSIEVE/simulation_results/IndelSIEVE_benchmark_pipeline_sa_006/benchmark_results/simulated_data/results/data_type/no_cnv/0001/true_evo_events_sites_names	/raid/kang/DelSIEVE/simulation_results/IndelSIEVE_benchmark_pipeline_sa_006/benchmark_results/sciphi/no_cnv/0001/post_processed/sciphi.loci_info	/raid/kang/DelSIEVE/simulation_results/IndelSIEVE_benchmark_pipeline_sa_006/benchmark_results/simulated_data/results/data_type/no_cnv/0001/true_evo_events_genotypes_numeric	/raid/kang/DelSIEVE/simulation_results/IndelSIEVE_benchmark_pipeline_sa_006/benchmark_results/sciphi/no_cnv/0001/post_processed/sciphi.genotypes	/raid/kang/DelSIEVE/simulation_results/IndelSIEVE_benchmark_pipeline_sa_006/benchmark_results/simulated_data/results/data_type/no_cnv/0001/true_evo_events_ternary_matrix.simple	/raid/kang/DelSIEVE/simulation_results/IndelSIEVE_benchmark_pipeline_sa_006/benchmark_results/sciphi/no_cnv/0001/post_processed/sciphi.ternary	/raid/kang/DelSIEVE/simulation_results/IndelSIEVE_benchmark_pipeline_sa_006/benchmark_results/sciphi/no_cnv/0001/post_processed/sciphi.genotype_probs	6260	624	8652	2064	0.7520422873618453	0.9093550261475886	0.823250920568122	0.0672703751617076	6018	866	10129	570	0.9134790528233152	0.8742010459035444	0.8934085510688836	0.0787630741246021	4970	1914	10184	515	0.9061075660893344	0.7219639744334689	0.8036219581211093	0.1582079682592164	0	0	16875	708	0.0	NA	NA	0.0	708	624	14	694	0	0	13498	1422	0.0	NA	0.0	NA	0	0	14904	16	0.0	NA	0.0	NA	0	0	14525	395	0.0	NA	0.0	NA	0	0	13909	1011	0.0	NA	0.0	NA	777	234	354	0	0	0	14920	0	NA	NA	0.0	NA
40	20	2	0.001999	0.3	3e-05	7.5e-06	0.0	0002	sciphi	candidate_snvs	NA	NA	no_cnv	/raid/kang/DelSIEVE/simulation_results/IndelSIEVE_benchmark_pipeline_sa_006/benchmark_results/simulated_data/results/cell_names	/raid/kang/DelSIEVE/simulation_results/IndelSIEVE_benchmark_pipeline_sa_006/benchmark_results/sciphi/no_cnv/0002/post_processed/sciphi.cell_names	/raid/kang/DelSIEVE/simulation_results/IndelSIEVE_benchmark_pipeline_sa_006/benchmark_results/simulated_data/results/data_type/no_cnv/0002/true_evo_events_sites_names	/raid/kang/DelSIEVE/simulation_results/IndelSIEVE_benchmark_pipeline_sa_006/benchmark_results/sciphi/no_cnv/0002/post_processed/sciphi.loci_info	/raid/kang/DelSIEVE/simulation_results/IndelSIEVE_benchmark_pipeline_sa_006/benchmark_results/simulated_data/results/data_type/no_cnv/0002/true_evo_events_genotypes_numeric	/raid/kang/DelSIEVE/simulation_results/IndelSIEVE_benchmark_pipeline_sa_006/benchmark_results/sciphi/no_cnv/0002/post_processed/sciphi.genotypes	/raid/kang/DelSIEVE/simulation_results/IndelSIEVE_benchmark_pipeline_sa_006/benchmark_results/simulated_data/results/data_type/no_cnv/0002/true_evo_events_ternary_matrix.simple	/raid/kang/DelSIEVE/simulation_results/IndelSIEVE_benchmark_pipeline_sa_006/benchmark_results/sciphi/no_cnv/0002/post_processed/sciphi.ternary	/raid/kang/DelSIEVE/simulation_results/IndelSIEVE_benchmark_pipeline_sa_006/benchmark_results/sciphi/no_cnv/0002/post_processed/sciphi.genotype_probs	10418	1043	14955	3344	0.7570120622002616	0.9089957246313584	0.8260714427308409	0.065195649456182	10213	1248	17680	597	0.94477335800185	0.8911089782741471	0.9171568407345876	0.0659340659340659	8219	3242	17712	565	0.9356785063752276	0.7171276502922956	0.8119535687824154	0.1547198625560752	0	0	28434	1304	0.0	NA	NA	0.0	1304	1043	2	1302	0	0	20790	2210	0.0	NA	0.0	NA	0	0	22952	48	0.0	NA	0.0	NA	0	0	22278	722	0.0	NA	0.0	NA	0	0	21560	1440	0.0	NA	0.0	NA	1244	196	692	0	0	0	23000	0	NA	NA	0.0	NA
40	20	2	0.001999	0.3	3e-05	7.5e-06	0.0	0003	sciphi	candidate_snvs	NA	NA	no_cnv	/raid/kang/DelSIEVE/simulation_results/IndelSIEVE_benchmark_pipeline_sa_006/benchmark_results/simulated_data/results/cell_names	/raid/kang/DelSIEVE/simulation_results/IndelSIEVE_benchmark_pipeline_sa_006/benchmark_results/sciphi/no_cnv/0003/post_processed/sciphi.cell_names	/raid/kang/DelSIEVE/simulation_results/IndelSIEVE_benchmark_pipeline_sa_006/benchmark_results/simulated_data/results/data_type/no_cnv/0003/true_evo_events_sites_names	/raid/kang/DelSIEVE/simulation_results/IndelSIEVE_benchmark_pipeline_sa_006/benchmark_results/sciphi/no_cnv/0003/post_processed/sciphi.loci_info	/raid/kang/DelSIEVE/simulation_results/IndelSIEVE_benchmark_pipeline_sa_006/benchmark_results/simulated_data/results/data_type/no_cnv/0003/true_evo_events_genotypes_numeric	/raid/kang/DelSIEVE/simulation_results/IndelSIEVE_benchmark_pipeline_sa_006/benchmark_results/sciphi/no_cnv/0003/post_processed/sciphi.genotypes	/raid/kang/DelSIEVE/simulation_results/IndelSIEVE_benchmark_pipeline_sa_006/benchmark_results/simulated_data/results/data_type/no_cnv/0003/true_evo_events_ternary_matrix.simple	/raid/kang/DelSIEVE/simulation_results/IndelSIEVE_benchmark_pipeline_sa_006/benchmark_results/sciphi/no_cnv/0003/post_processed/sciphi.ternary	/raid/kang/DelSIEVE/simulation_results/IndelSIEVE_benchmark_pipeline_sa_006/benchmark_results/sciphi/no_cnv/0003/post_processed/sciphi.genotype_probs	9615	1630	14568	3107	0.7557773934915893	0.8550466874166296	0.8023532356990863	0.1006297073712804	9297	1948	16900	753	0.9250746268656715	0.8267674522009782	0.8731627142521718	0.1033531409168081	7595	3650	16938	715	0.91395908543923	0.6754112939084037	0.7767834313474815	0.1772877404313192	0	0	27707	1191	0.0	NA	NA	0.0	1191	1630	7	1184	0	0	21330	2150	0.0	NA	0.0	NA	0	0	23436	44	0.0	NA	0.0	NA	0	0	22931	549	0.0	NA	0.0	NA	0	0	21923	1557	0.0	NA	0.0	NA	1254	303	518	0	0	0	23480	0	NA	NA	0.0	NA
40	20	2	0.001999	0.3	3e-05	7.5e-06	0.0	0004	sciphi	candidate_snvs	NA	NA	no_cnv	/raid/kang/DelSIEVE/simulation_results/IndelSIEVE_benchmark_pipeline_sa_006/benchmark_results/simulated_data/results/cell_names	/raid/kang/DelSIEVE/simulation_results/IndelSIEVE_benchmark_pipeline_sa_006/benchmark_results/sciphi/no_cnv/0004/post_processed/sciphi.cell_names	/raid/kang/DelSIEVE/simulation_results/IndelSIEVE_benchmark_pipeline_sa_006/benchmark_results/simulated_data/results/data_type/no_cnv/0004/true_evo_events_sites_names	/raid/kang/DelSIEVE/simulation_results/IndelSIEVE_benchmark_pipeline_sa_006/benchmark_results/sciphi/no_cnv/0004/post_processed/sciphi.loci_info	/raid/kang/DelSIEVE/simulation_results/IndelSIEVE_benchmark_pipeline_sa_006/benchmark_results/simulated_data/results/data_type/no_cnv/0004/true_evo_events_genotypes_numeric	/raid/kang/DelSIEVE/simulation_results/IndelSIEVE_benchmark_pipeline_sa_006/benchmark_results/sciphi/no_cnv/0004/post_processed/sciphi.genotypes	/raid/kang/DelSIEVE/simulation_results/IndelSIEVE_benchmark_pipeline_sa_006/benchmark_results/simulated_data/results/data_type/no_cnv/0004/true_evo_events_ternary_matrix.simple	/raid/kang/DelSIEVE/simulation_results/IndelSIEVE_benchmark_pipeline_sa_006/benchmark_results/sciphi/no_cnv/0004/post_processed/sciphi.ternary	/raid/kang/DelSIEVE/simulation_results/IndelSIEVE_benchmark_pipeline_sa_006/benchmark_results/sciphi/no_cnv/0004/post_processed/sciphi.genotype_probs	12264	2317	12056	2883	0.8096652802535156	0.8410945751320211	0.8250807319698601	0.1612050372225701	11827	2754	14431	493	0.9599837662337662	0.8111240655647761	0.8792981673543735	0.1602560372417806	9301	5280	14457	467	0.9521908271908271	0.6378849187298539	0.7639738798307939	0.2675178598571211	0	0	27938	1567	0.0	NA	NA	0.0	1567	2317	4	1563	0	0	22305	2695	0.0	NA	0.0	NA	0	0	24925	75	0.0	NA	0.0	NA	0	0	24015	985	0.0	NA	0.0	NA	0	0	23365	1635	0.0	NA	0.0	NA	1222	413	963	0	0	0	25000	0	NA	NA	0.0	NA
40	20	2	0.001999	0.3	3e-05	7.5e-06	0.0	0005	sciphi	candidate_snvs	NA	NA	no_cnv	/raid/kang/DelSIEVE/simulation_results/IndelSIEVE_benchmark_pipeline_sa_006/benchmark_results/simulated_data/results/cell_names	/raid/kang/DelSIEVE/simulation_results/IndelSIEVE_benchmark_pipeline_sa_006/benchmark_results/sciphi/no_cnv/0005/post_processed/sciphi.cell_names	/raid/kang/DelSIEVE/simulation_results/IndelSIEVE_benchmark_pipeline_sa_006/benchmark_results/simulated_data/results/data_type/no_cnv/0005/true_evo_events_sites_names	/raid/kang/DelSIEVE/simulation_results/IndelSIEVE_benchmark_pipeline_sa_006/benchmark_results/sciphi/no_cnv/0005/post_processed/sciphi.loci_info	/raid/kang/DelSIEVE/simulation_results/IndelSIEVE_benchmark_pipeline_sa_006/benchmark_results/simulated_data/results/data_type/no_cnv/0005/true_evo_events_genotypes_numeric	/raid/kang/DelSIEVE/simulation_results/IndelSIEVE_benchmark_pipeline_sa_006/benchmark_results/sciphi/no_cnv/0005/post_processed/sciphi.genotypes	/raid/kang/DelSIEVE/simulation_results/IndelSIEVE_benchmark_pipeline_sa_006/benchmark_results/simulated_data/results/data_type/no_cnv/0005/true_evo_events_ternary_matrix.simple	/raid/kang/DelSIEVE/simulation_results/IndelSIEVE_benchmark_pipeline_sa_006/benchmark_results/sciphi/no_cnv/0005/post_processed/sciphi.ternary	/raid/kang/DelSIEVE/simulation_results/IndelSIEVE_benchmark_pipeline_sa_006/benchmark_results/sciphi/no_cnv/0005/post_processed/sciphi.genotype_probs	6542	960	9203	2175	0.7504875530572445	0.8720341242335378	0.8067081817621308	0.0944602971563514	6331	1171	10821	544	0.9208727272727272	0.8439082911223673	0.8807122487306114	0.0976484322881921	4999	2503	10854	511	0.9072595281306716	0.666355638496401	0.7683676606209653	0.1873923785281126	0	0	18131	736	0.0	NA	NA	0.0	736	960	13	723	0	0	14346	1734	0.0	NA	0.0	NA	0	0	16055	25	0.0	NA	0.0	NA	0	0	15451	629	0.0	NA	0.0	NA	0	0	15000	1080	0.0	NA	0.0	NA	876	204	609	0	0	0	16080	0	NA	NA	0.0	NA
40	20	2	0.001999	0.3	3e-05	7.5e-06	0.0	0006	sciphi	candidate_snvs	NA	NA	no_cnv	/raid/kang/DelSIEVE/simulation_results/IndelSIEVE_benchmark_pipeline_sa_006/benchmark_results/simulated_data/results/cell_names	/raid/kang/DelSIEVE/simulation_results/IndelSIEVE_benchmark_pipeline_sa_006/benchmark_results/sciphi/no_cnv/0006/post_processed/sciphi.cell_names	/raid/kang/DelSIEVE/simulation_results/IndelSIEVE_benchmark_pipeline_sa_006/benchmark_results/simulated_data/results/data_type/no_cnv/0006/true_evo_events_sites_names	/raid/kang/DelSIEVE/simulation_results/IndelSIEVE_benchmark_pipeline_sa_006/benchmark_results/sciphi/no_cnv/0006/post_processed/sciphi.loci_info	/raid/kang/DelSIEVE/simulation_results/IndelSIEVE_benchmark_pipeline_sa_006/benchmark_results/simulated_data/results/data_type/no_cnv/0006/true_evo_events_genotypes_numeric	/raid/kang/DelSIEVE/simulation_results/IndelSIEVE_benchmark_pipeline_sa_006/benchmark_results/sciphi/no_cnv/0006/post_processed/sciphi.genotypes	/raid/kang/DelSIEVE/simulation_results/IndelSIEVE_benchmark_pipeline_sa_006/benchmark_results/simulated_data/results/data_type/no_cnv/0006/true_evo_events_ternary_matrix.simple	/raid/kang/DelSIEVE/simulation_results/IndelSIEVE_benchmark_pipeline_sa_006/benchmark_results/sciphi/no_cnv/0006/post_processed/sciphi.ternary	/raid/kang/DelSIEVE/simulation_results/IndelSIEVE_benchmark_pipeline_sa_006/benchmark_results/sciphi/no_cnv/0006/post_processed/sciphi.genotype_probs	10061	802	9511	2986	0.771135126849084	0.9261714075301484	0.8415725637808449	0.0777659265005333	9825	1038	11882	596	0.9428077919585452	0.904446285556476	0.9232287164066904	0.0803405572755417	7434	3429	11935	543	0.9319292967280932	0.6843413421706711	0.789171974522293	0.22318406664931	0	0	22029	1312	0.0	NA	NA	0.0	1312	802	11	1301	0	0	17239	2841	0.0	NA	0.0	NA	0	0	19956	124	0.0	NA	0.0	NA	0	0	18948	1132	0.0	NA	0.0	NA	0	0	18495	1585	0.0	NA	0.0	NA	1359	226	1090	0	0	0	20080	0	NA	NA	0.0	NA
40	20	2	0.001999	0.3	3e-05	7.5e-06	0.0	0007	sciphi	candidate_snvs	NA	NA	no_cnv	/raid/kang/DelSIEVE/simulation_results/IndelSIEVE_benchmark_pipeline_sa_006/benchmark_results/simulated_data/results/cell_names	/raid/kang/DelSIEVE/simulation_results/IndelSIEVE_benchmark_pipeline_sa_006/benchmark_results/sciphi/no_cnv/0007/post_processed/sciphi.cell_names	/raid/kang/DelSIEVE/simulation_results/IndelSIEVE_benchmark_pipeline_sa_006/benchmark_results/simulated_data/results/data_type/no_cnv/0007/true_evo_events_sites_names	/raid/kang/DelSIEVE/simulation_results/IndelSIEVE_benchmark_pipeline_sa_006/benchmark_results/sciphi/no_cnv/0007/post_processed/sciphi.loci_info	/raid/kang/DelSIEVE/simulation_results/IndelSIEVE_benchmark_pipeline_sa_006/benchmark_results/simulated_data/results/data_type/no_cnv/0007/true_evo_events_genotypes_numeric	/raid/kang/DelSIEVE/simulation_results/IndelSIEVE_benchmark_pipeline_sa_006/benchmark_results/sciphi/no_cnv/0007/post_processed/sciphi.genotypes	/raid/kang/DelSIEVE/simulation_results/IndelSIEVE_benchmark_pipeline_sa_006/benchmark_results/simulated_data/results/data_type/no_cnv/0007/true_evo_events_ternary_matrix.simple	/raid/kang/DelSIEVE/simulation_results/IndelSIEVE_benchmark_pipeline_sa_006/benchmark_results/sciphi/no_cnv/0007/post_processed/sciphi.ternary	/raid/kang/DelSIEVE/simulation_results/IndelSIEVE_benchmark_pipeline_sa_006/benchmark_results/sciphi/no_cnv/0007/post_processed/sciphi.genotype_probs	6512	1003	7349	1856	0.7782026768642447	0.8665335994677312	0.8199962223761255	0.1200909961685823	6250	1265	8768	419	0.9371719898035688	0.83166999334664	0.8812746756909193	0.126083923053922	5021	2494	8797	390	0.9279245980410276	0.6681304058549568	0.7768838000928362	0.2208838898237534	0	0	15993	709	0.0	NA	NA	0.0	709	1003	8	701	0	0	12985	1535	0.0	NA	0.0	NA	0	0	14503	17	0.0	NA	0.0	NA	0	0	13971	549	0.0	NA	0.0	NA	0	0	13551	969	0.0	NA	0.0	NA	720	249	528	0	0	0	14520	0	NA	NA	0.0	NA
40	20	2	0.001999	0.3	3e-05	7.5e-06	0.0	0008	sciphi	candidate_snvs	NA	NA	no_cnv	/raid/kang/DelSIEVE/simulation_results/IndelSIEVE_benchmark_pipeline_sa_006/benchmark_results/simulated_data/results/cell_names	/raid/kang/DelSIEVE/simulation_results/IndelSIEVE_benchmark_pipeline_sa_006/benchmark_results/sciphi/no_cnv/0008/post_processed/sciphi.cell_names	/raid/kang/DelSIEVE/simulation_results/IndelSIEVE_benchmark_pipeline_sa_006/benchmark_results/simulated_data/results/data_type/no_cnv/0008/true_evo_events_sites_names	/raid/kang/DelSIEVE/simulation_results/IndelSIEVE_benchmark_pipeline_sa_006/benchmark_results/sciphi/no_cnv/0008/post_processed/sciphi.loci_info	/raid/kang/DelSIEVE/simulation_results/IndelSIEVE_benchmark_pipeline_sa_006/benchmark_results/simulated_data/results/data_type/no_cnv/0008/true_evo_events_genotypes_numeric	/raid/kang/DelSIEVE/simulation_results/IndelSIEVE_benchmark_pipeline_sa_006/benchmark_results/sciphi/no_cnv/0008/post_processed/sciphi.genotypes	/raid/kang/DelSIEVE/simulation_results/IndelSIEVE_benchmark_pipeline_sa_006/benchmark_results/simulated_data/results/data_type/no_cnv/0008/true_evo_events_ternary_matrix.simple	/raid/kang/DelSIEVE/simulation_results/IndelSIEVE_benchmark_pipeline_sa_006/benchmark_results/sciphi/no_cnv/0008/post_processed/sciphi.ternary	/raid/kang/DelSIEVE/simulation_results/IndelSIEVE_benchmark_pipeline_sa_006/benchmark_results/sciphi/no_cnv/0008/post_processed/sciphi.genotype_probs	8577	1327	13984	2912	0.7465401688571677	0.866013731825525	0.8018510727808161	0.0866697145842858	8312	1592	16058	819	0.9103055525134158	0.8392568659127625	0.8733385868137642	0.0901983002832861	6913	2991	16096	781	0.8984923316870288	0.6980008077544426	0.7856574610751221	0.1567035154817415	0	0	25899	882	0.0	NA	NA	0.0	882	1327	13	869	0	0	20355	2245	0.0	NA	0.0	NA	0	0	22504	96	0.0	NA	0.0	NA	0	0	22045	555	0.0	NA	0.0	NA	0	0	21006	1594	0.0	NA	0.0	NA	1354	240	530	0	0	0	22600	0	NA	NA	0.0	NA
40	20	2	0.001999	0.3	3e-05	7.5e-06	0.0	0009	sciphi	candidate_snvs	NA	NA	no_cnv	/raid/kang/DelSIEVE/simulation_results/IndelSIEVE_benchmark_pipeline_sa_006/benchmark_results/simulated_data/results/cell_names	/raid/kang/DelSIEVE/simulation_results/IndelSIEVE_benchmark_pipeline_sa_006/benchmark_results/sciphi/no_cnv/0009/post_processed/sciphi.cell_names	/raid/kang/DelSIEVE/simulation_results/IndelSIEVE_benchmark_pipeline_sa_006/benchmark_results/simulated_data/results/data_type/no_cnv/0009/true_evo_events_sites_names	/raid/kang/DelSIEVE/simulation_results/IndelSIEVE_benchmark_pipeline_sa_006/benchmark_results/sciphi/no_cnv/0009/post_processed/sciphi.loci_info	/raid/kang/DelSIEVE/simulation_results/IndelSIEVE_benchmark_pipeline_sa_006/benchmark_results/simulated_data/results/data_type/no_cnv/0009/true_evo_events_genotypes_numeric	/raid/kang/DelSIEVE/simulation_results/IndelSIEVE_benchmark_pipeline_sa_006/benchmark_results/sciphi/no_cnv/0009/post_processed/sciphi.genotypes	/raid/kang/DelSIEVE/simulation_results/IndelSIEVE_benchmark_pipeline_sa_006/benchmark_results/simulated_data/results/data_type/no_cnv/0009/true_evo_events_ternary_matrix.simple	/raid/kang/DelSIEVE/simulation_results/IndelSIEVE_benchmark_pipeline_sa_006/benchmark_results/sciphi/no_cnv/0009/post_processed/sciphi.ternary	/raid/kang/DelSIEVE/simulation_results/IndelSIEVE_benchmark_pipeline_sa_006/benchmark_results/sciphi/no_cnv/0009/post_processed/sciphi.genotype_probs	5511	704	7412	1933	0.7403277807630306	0.8867256637168142	0.8069404788051834	0.086742237555446	5322	893	8867	470	0.918853591160221	0.8563153660498793	0.8864828849837595	0.0914959016393442	4267	1948	8899	438	0.9069075451647184	0.6865647626709573	0.7815018315018314	0.1795888264036139	0	0	14896	656	0.0	NA	NA	0.0	656	704	3	653	0	0	11539	1701	0.0	NA	0.0	NA	0	0	13160	80	0.0	NA	0.0	NA	0	0	12809	431	0.0	NA	0.0	NA	0	0	12050	1190	0.0	NA	0.0	NA	1021	169	402	0	0	0	13240	0	NA	NA	0.0	NA
40	20	2	0.001999	0.3	3e-05	7.5e-06	0.0	0010	sciphi	candidate_snvs	NA	NA	no_cnv	/raid/kang/DelSIEVE/simulation_results/IndelSIEVE_benchmark_pipeline_sa_006/benchmark_results/simulated_data/results/cell_names	/raid/kang/DelSIEVE/simulation_results/IndelSIEVE_benchmark_pipeline_sa_006/benchmark_results/sciphi/no_cnv/0010/post_processed/sciphi.cell_names	/raid/kang/DelSIEVE/simulation_results/IndelSIEVE_benchmark_pipeline_sa_006/benchmark_results/simulated_data/results/data_type/no_cnv/0010/true_evo_events_sites_names	/raid/kang/DelSIEVE/simulation_results/IndelSIEVE_benchmark_pipeline_sa_006/benchmark_results/sciphi/no_cnv/0010/post_processed/sciphi.loci_info	/raid/kang/DelSIEVE/simulation_results/IndelSIEVE_benchmark_pipeline_sa_006/benchmark_results/simulated_data/results/data_type/no_cnv/0010/true_evo_events_genotypes_numeric	/raid/kang/DelSIEVE/simulation_results/IndelSIEVE_benchmark_pipeline_sa_006/benchmark_results/sciphi/no_cnv/0010/post_processed/sciphi.genotypes	/raid/kang/DelSIEVE/simulation_results/IndelSIEVE_benchmark_pipeline_sa_006/benchmark_results/simulated_data/results/data_type/no_cnv/0010/true_evo_events_ternary_matrix.simple	/raid/kang/DelSIEVE/simulation_results/IndelSIEVE_benchmark_pipeline_sa_006/benchmark_results/sciphi/no_cnv/0010/post_processed/sciphi.ternary	/raid/kang/DelSIEVE/simulation_results/IndelSIEVE_benchmark_pipeline_sa_006/benchmark_results/sciphi/no_cnv/0010/post_processed/sciphi.genotype_probs	8806	1113	8384	2097	0.8076676144180501	0.8877911079745943	0.8458361348573624	0.1171949036537854	8347	1572	10042	433	0.9506833712984056	0.8415162818832543	0.8927750147066688	0.1353538832443602	6928	2991	10071	404	0.944899072558647	0.6984575057969553	0.803199814503507	0.2289848415250344	0	0	19593	801	0.0	NA	NA	0.0	801	1113	2	799	0	0	15697	2223	0.0	NA	0.0	NA	0	0	17876	44	0.0	NA	0.0	NA	0	0	17273	647	0.0	NA	0.0	NA	0	0	16388	1532	0.0	NA	0.0	NA	1104	428	620	0	0	0	17920	0	NA	NA	0.0	NA
40	20	2	0.001999	0.3	3e-05	7.5e-06	0.0	0001	sciphin	candidate_snvs	NA	NA	no_cnv	/raid/kang/DelSIEVE/simulation_results/IndelSIEVE_benchmark_pipeline_sa_006/benchmark_results/simulated_data/results/cell_names	/raid/kang/DelSIEVE/simulation_results/IndelSIEVE_benchmark_pipeline_sa_006/benchmark_results/sciphin/no_cnv/0001/post_processed/sciphin.cell_names	/raid/kang/DelSIEVE/simulation_results/IndelSIEVE_benchmark_pipeline_sa_006/benchmark_results/simulated_data/results/data_type/no_cnv/0001/true_evo_events_sites_names	/raid/kang/DelSIEVE/simulation_results/IndelSIEVE_benchmark_pipeline_sa_006/benchmark_results/sciphin/no_cnv/0001/post_processed/sciphin.loci_info	/raid/kang/DelSIEVE/simulation_results/IndelSIEVE_benchmark_pipeline_sa_006/benchmark_results/simulated_data/results/data_type/no_cnv/0001/true_evo_events_genotypes_numeric	/raid/kang/DelSIEVE/simulation_results/IndelSIEVE_benchmark_pipeline_sa_006/benchmark_results/sciphin/no_cnv/0001/post_processed/sciphin.genotypes	/raid/kang/DelSIEVE/simulation_results/IndelSIEVE_benchmark_pipeline_sa_006/benchmark_results/simulated_data/results/data_type/no_cnv/0001/true_evo_events_ternary_matrix.simple	/raid/kang/DelSIEVE/simulation_results/IndelSIEVE_benchmark_pipeline_sa_006/benchmark_results/sciphin/no_cnv/0001/post_processed/sciphin.ternary	/raid/kang/DelSIEVE/simulation_results/IndelSIEVE_benchmark_pipeline_sa_006/benchmark_results/sciphin/no_cnv/0001/post_processed/sciphin.genotype_probs	6139	144	9132	2185	0.7375060067275349	0.977081012255292	0.8405558978571918	0.0155239327296248	6097	186	10809	491	0.9254705525197328	0.9703963074964188	0.9474011343329968	0.0169167803547066	5045	1238	10860	440	0.9197812215132178	0.8029603692503581	0.8574099252209381	0.1023309637956687	0	0	16875	708	0.0	NA	NA	0.0	708	144	10	698	0	0	13498	1422	0.0	NA	0.0	NA	0	0	14904	16	0.0	NA	0.0	NA	0	0	14525	395	0.0	NA	0.0	NA	0	0	13909	1011	0.0	NA	0.0	NA	978	33	354	0	0	0	14920	0	NA	NA	0.0	NA
40	20	2	0.001999	0.3	3e-05	7.5e-06	0.0	0002	sciphin	candidate_snvs	NA	NA	no_cnv	/raid/kang/DelSIEVE/simulation_results/IndelSIEVE_benchmark_pipeline_sa_006/benchmark_results/simulated_data/results/cell_names	/raid/kang/DelSIEVE/simulation_results/IndelSIEVE_benchmark_pipeline_sa_006/benchmark_results/sciphin/no_cnv/0002/post_processed/sciphin.cell_names	/raid/kang/DelSIEVE/simulation_results/IndelSIEVE_benchmark_pipeline_sa_006/benchmark_results/simulated_data/results/data_type/no_cnv/0002/true_evo_events_sites_names	/raid/kang/DelSIEVE/simulation_results/IndelSIEVE_benchmark_pipeline_sa_006/benchmark_results/sciphin/no_cnv/0002/post_processed/sciphin.loci_info	/raid/kang/DelSIEVE/simulation_results/IndelSIEVE_benchmark_pipeline_sa_006/benchmark_results/simulated_data/results/data_type/no_cnv/0002/true_evo_events_genotypes_numeric	/raid/kang/DelSIEVE/simulation_results/IndelSIEVE_benchmark_pipeline_sa_006/benchmark_results/sciphin/no_cnv/0002/post_processed/sciphin.genotypes	/raid/kang/DelSIEVE/simulation_results/IndelSIEVE_benchmark_pipeline_sa_006/benchmark_results/simulated_data/results/data_type/no_cnv/0002/true_evo_events_ternary_matrix.simple	/raid/kang/DelSIEVE/simulation_results/IndelSIEVE_benchmark_pipeline_sa_006/benchmark_results/sciphin/no_cnv/0002/post_processed/sciphin.ternary	/raid/kang/DelSIEVE/simulation_results/IndelSIEVE_benchmark_pipeline_sa_006/benchmark_results/sciphin/no_cnv/0002/post_processed/sciphin.genotype_probs	10203	224	15774	3559	0.7413893329457928	0.9785173108276588	0.8436065980404316	0.0140017502187773	10148	279	18649	662	0.9387604070305272	0.9732425433969504	0.9556905400951172	0.014740067624683	8153	2274	18680	631	0.928164845173042	0.7819123429557878	0.8487845505179324	0.1085234322802329	0	0	28434	1304	0.0	NA	NA	0.0	1304	224	3	1301	0	0	20790	2210	0.0	NA	0.0	NA	0	0	22952	48	0.0	NA	0.0	NA	0	0	22278	722	0.0	NA	0.0	NA	0	0	21560	1440	0.0	NA	0.0	NA	1391	49	694	0	0	0	23000	0	NA	NA	0.0	NA
40	20	2	0.001999	0.3	3e-05	7.5e-06	0.0	0003	sciphin	candidate_snvs	NA	NA	no_cnv	/raid/kang/DelSIEVE/simulation_results/IndelSIEVE_benchmark_pipeline_sa_006/benchmark_results/simulated_data/results/cell_names	/raid/kang/DelSIEVE/simulation_results/IndelSIEVE_benchmark_pipeline_sa_006/benchmark_results/sciphin/no_cnv/0003/post_processed/sciphin.cell_names	/raid/kang/DelSIEVE/simulation_results/IndelSIEVE_benchmark_pipeline_sa_006/benchmark_results/simulated_data/results/data_type/no_cnv/0003/true_evo_events_sites_names	/raid/kang/DelSIEVE/simulation_results/IndelSIEVE_benchmark_pipeline_sa_006/benchmark_results/sciphin/no_cnv/0003/post_processed/sciphin.loci_info	/raid/kang/DelSIEVE/simulation_results/IndelSIEVE_benchmark_pipeline_sa_006/benchmark_results/simulated_data/results/data_type/no_cnv/0003/true_evo_events_genotypes_numeric	/raid/kang/DelSIEVE/simulation_results/IndelSIEVE_benchmark_pipeline_sa_006/benchmark_results/sciphin/no_cnv/0003/post_processed/sciphin.genotypes	/raid/kang/DelSIEVE/simulation_results/IndelSIEVE_benchmark_pipeline_sa_006/benchmark_results/simulated_data/results/data_type/no_cnv/0003/true_evo_events_ternary_matrix.simple	/raid/kang/DelSIEVE/simulation_results/IndelSIEVE_benchmark_pipeline_sa_006/benchmark_results/sciphin/no_cnv/0003/post_processed/sciphin.ternary	/raid/kang/DelSIEVE/simulation_results/IndelSIEVE_benchmark_pipeline_sa_006/benchmark_results/sciphin/no_cnv/0003/post_processed/sciphin.genotype_probs	9339	203	15995	3383	0.7340826914007231	0.9787256340389856	0.8389328063241106	0.0125324114088159	9278	264	18584	772	0.92318407960199	0.9723328442674491	0.9471212739893834	0.014006791171477	7573	1969	18619	737	0.911311672683514	0.7936491301613917	0.8484203450593772	0.0956382358655527	0	0	27707	1191	0.0	NA	NA	0.0	1191	203	6	1185	0	0	21330	2150	0.0	NA	0.0	NA	0	0	23436	44	0.0	NA	0.0	NA	0	0	22931	549	0.0	NA	0.0	NA	0	0	21923	1557	0.0	NA	0.0	NA	1511	46	520	0	0	0	23480	0	NA	NA	0.0	NA
40	20	2	0.001999	0.3	3e-05	7.5e-06	0.0	0004	sciphin	candidate_snvs	NA	NA	no_cnv	/raid/kang/DelSIEVE/simulation_results/IndelSIEVE_benchmark_pipeline_sa_006/benchmark_results/simulated_data/results/cell_names	/raid/kang/DelSIEVE/simulation_results/IndelSIEVE_benchmark_pipeline_sa_006/benchmark_results/sciphin/no_cnv/0004/post_processed/sciphin.cell_names	/raid/kang/DelSIEVE/simulation_results/IndelSIEVE_benchmark_pipeline_sa_006/benchmark_results/simulated_data/results/data_type/no_cnv/0004/true_evo_events_sites_names	/raid/kang/DelSIEVE/simulation_results/IndelSIEVE_benchmark_pipeline_sa_006/benchmark_results/sciphin/no_cnv/0004/post_processed/sciphin.loci_info	/raid/kang/DelSIEVE/simulation_results/IndelSIEVE_benchmark_pipeline_sa_006/benchmark_results/simulated_data/results/data_type/no_cnv/0004/true_evo_events_genotypes_numeric	/raid/kang/DelSIEVE/simulation_results/IndelSIEVE_benchmark_pipeline_sa_006/benchmark_results/sciphin/no_cnv/0004/post_processed/sciphin.genotypes	/raid/kang/DelSIEVE/simulation_results/IndelSIEVE_benchmark_pipeline_sa_006/benchmark_results/simulated_data/results/data_type/no_cnv/0004/true_evo_events_ternary_matrix.simple	/raid/kang/DelSIEVE/simulation_results/IndelSIEVE_benchmark_pipeline_sa_006/benchmark_results/sciphin/no_cnv/0004/post_processed/sciphin.ternary	/raid/kang/DelSIEVE/simulation_results/IndelSIEVE_benchmark_pipeline_sa_006/benchmark_results/sciphin/no_cnv/0004/post_processed/sciphin.genotype_probs	11852	351	14022	3295	0.7824651746220374	0.9712365811685651	0.866691042047532	0.0244207889793362	11739	464	16721	581	0.9528409090909092	0.9619765631402114	0.9573869428699588	0.0270002909514111	9217	2986	16751	551	0.9435913185913186	0.7553060722773088	0.8390150653133677	0.1512894563510158	0	0	27938	1567	0.0	NA	NA	0.0	1567	351	8	1559	0	0	22305	2695	0.0	NA	0.0	NA	0	0	24925	75	0.0	NA	0.0	NA	0	0	24015	985	0.0	NA	0.0	NA	0	0	23365	1635	0.0	NA	0.0	NA	1540	95	963	0	0	0	25000	0	NA	NA	0.0	NA
40	20	2	0.001999	0.3	3e-05	7.5e-06	0.0	0005	sciphin	candidate_snvs	NA	NA	no_cnv	/raid/kang/DelSIEVE/simulation_results/IndelSIEVE_benchmark_pipeline_sa_006/benchmark_results/simulated_data/results/cell_names	/raid/kang/DelSIEVE/simulation_results/IndelSIEVE_benchmark_pipeline_sa_006/benchmark_results/sciphin/no_cnv/0005/post_processed/sciphin.cell_names	/raid/kang/DelSIEVE/simulation_results/IndelSIEVE_benchmark_pipeline_sa_006/benchmark_results/simulated_data/results/data_type/no_cnv/0005/true_evo_events_sites_names	/raid/kang/DelSIEVE/simulation_results/IndelSIEVE_benchmark_pipeline_sa_006/benchmark_results/sciphin/no_cnv/0005/post_processed/sciphin.loci_info	/raid/kang/DelSIEVE/simulation_results/IndelSIEVE_benchmark_pipeline_sa_006/benchmark_results/simulated_data/results/data_type/no_cnv/0005/true_evo_events_genotypes_numeric	/raid/kang/DelSIEVE/simulation_results/IndelSIEVE_benchmark_pipeline_sa_006/benchmark_results/sciphin/no_cnv/0005/post_processed/sciphin.genotypes	/raid/kang/DelSIEVE/simulation_results/IndelSIEVE_benchmark_pipeline_sa_006/benchmark_results/simulated_data/results/data_type/no_cnv/0005/true_evo_events_ternary_matrix.simple	/raid/kang/DelSIEVE/simulation_results/IndelSIEVE_benchmark_pipeline_sa_006/benchmark_results/sciphin/no_cnv/0005/post_processed/sciphin.ternary	/raid/kang/DelSIEVE/simulation_results/IndelSIEVE_benchmark_pipeline_sa_006/benchmark_results/sciphin/no_cnv/0005/post_processed/sciphin.genotype_probs	6493	206	9957	2224	0.7448663531031318	0.9692491416629349	0.8423715620134924	0.020269605431467	6423	276	11716	452	0.9342545454545454	0.9587998208687863	0.9463680565787534	0.0230153435623749	5079	1620	11737	431	0.9217785843920144	0.7581728616211375	0.8320091735604882	0.1212847196226697	0	0	18131	736	0.0	NA	NA	0.0	736	206	5	731	0	0	14346	1734	0.0	NA	0.0	NA	0	0	16055	25	0.0	NA	0.0	NA	0	0	15451	629	0.0	NA	0.0	NA	0	0	15000	1080	0.0	NA	0.0	NA	1013	67	613	0	0	0	16080	0	NA	NA	0.0	NA
40	20	2	0.001999	0.3	3e-05	7.5e-06	0.0	0006	sciphin	candidate_snvs	NA	NA	no_cnv	/raid/kang/DelSIEVE/simulation_results/IndelSIEVE_benchmark_pipeline_sa_006/benchmark_results/simulated_data/results/cell_names	/raid/kang/DelSIEVE/simulation_results/IndelSIEVE_benchmark_pipeline_sa_006/benchmark_results/sciphin/no_cnv/0006/post_processed/sciphin.cell_names	/raid/kang/DelSIEVE/simulation_results/IndelSIEVE_benchmark_pipeline_sa_006/benchmark_results/simulated_data/results/data_type/no_cnv/0006/true_evo_events_sites_names	/raid/kang/DelSIEVE/simulation_results/IndelSIEVE_benchmark_pipeline_sa_006/benchmark_results/sciphin/no_cnv/0006/post_processed/sciphin.loci_info	/raid/kang/DelSIEVE/simulation_results/IndelSIEVE_benchmark_pipeline_sa_006/benchmark_results/simulated_data/results/data_type/no_cnv/0006/true_evo_events_genotypes_numeric	/raid/kang/DelSIEVE/simulation_results/IndelSIEVE_benchmark_pipeline_sa_006/benchmark_results/sciphin/no_cnv/0006/post_processed/sciphin.genotypes	/raid/kang/DelSIEVE/simulation_results/IndelSIEVE_benchmark_pipeline_sa_006/benchmark_results/simulated_data/results/data_type/no_cnv/0006/true_evo_events_ternary_matrix.simple	/raid/kang/DelSIEVE/simulation_results/IndelSIEVE_benchmark_pipeline_sa_006/benchmark_results/sciphin/no_cnv/0006/post_processed/sciphin.ternary	/raid/kang/DelSIEVE/simulation_results/IndelSIEVE_benchmark_pipeline_sa_006/benchmark_results/sciphin/no_cnv/0006/post_processed/sciphin.genotype_probs	10011	165	10148	3036	0.7673028282363762	0.9837853773584906	0.8621625113034492	0.0159992242800349	9900	276	12644	521	0.9500047980040304	0.972877358490566	0.9613050444239452	0.0213622291021671	7501	2675	12689	476	0.9403284442772972	0.737126572327044	0.8264198755026718	0.1741083051288726	0	0	22029	1312	0.0	NA	NA	0.0	1312	165	7	1305	0	0	17239	2841	0.0	NA	0.0	NA	0	0	19956	124	0.0	NA	0.0	NA	0	0	18948	1132	0.0	NA	0.0	NA	0	0	18495	1585	0.0	NA	0.0	NA	1490	95	1094	0	0	0	20080	0	NA	NA	0.0	NA
40	20	2	0.001999	0.3	3e-05	7.5e-06	0.0	0007	sciphin	candidate_snvs	NA	NA	no_cnv	/raid/kang/DelSIEVE/simulation_results/IndelSIEVE_benchmark_pipeline_sa_006/benchmark_results/simulated_data/results/cell_names	/raid/kang/DelSIEVE/simulation_results/IndelSIEVE_benchmark_pipeline_sa_006/benchmark_results/sciphin/no_cnv/0007/post_processed/sciphin.cell_names	/raid/kang/DelSIEVE/simulation_results/IndelSIEVE_benchmark_pipeline_sa_006/benchmark_results/simulated_data/results/data_type/no_cnv/0007/true_evo_events_sites_names	/raid/kang/DelSIEVE/simulation_results/IndelSIEVE_benchmark_pipeline_sa_006/benchmark_results/sciphin/no_cnv/0007/post_processed/sciphin.loci_info	/raid/kang/DelSIEVE/simulation_results/IndelSIEVE_benchmark_pipeline_sa_006/benchmark_results/simulated_data/results/data_type/no_cnv/0007/true_evo_events_genotypes_numeric	/raid/kang/DelSIEVE/simulation_results/IndelSIEVE_benchmark_pipeline_sa_006/benchmark_results/sciphin/no_cnv/0007/post_processed/sciphin.genotypes	/raid/kang/DelSIEVE/simulation_results/IndelSIEVE_benchmark_pipeline_sa_006/benchmark_results/simulated_data/results/data_type/no_cnv/0007/true_evo_events_ternary_matrix.simple	/raid/kang/DelSIEVE/simulation_results/IndelSIEVE_benchmark_pipeline_sa_006/benchmark_results/sciphin/no_cnv/0007/post_processed/sciphin.ternary	/raid/kang/DelSIEVE/simulation_results/IndelSIEVE_benchmark_pipeline_sa_006/benchmark_results/sciphin/no_cnv/0007/post_processed/sciphin.genotype_probs	6267	179	8173	2101	0.7489244741873805	0.9722308408315234	0.8460915350344269	0.0214319923371647	6220	226	9807	449	0.9326735642525116	0.9649394973627056	0.9485322150209684	0.0225256653044951	5002	1444	9847	409	0.9244132323045648	0.7759851070431275	0.8437210086868516	0.1278894694889735	0	0	15993	709	0.0	NA	NA	0.0	709	179	7	702	0	0	12985	1535	0.0	NA	0.0	NA	0	0	14503	17	0.0	NA	0.0	NA	0	0	13971	549	0.0	NA	0.0	NA	0	0	13551	969	0.0	NA	0.0	NA	925	44	516	0	0	0	14520	0	NA	NA	0.0	NA
40	20	2	0.001999	0.3	3e-05	7.5e-06	0.0	0008	sciphin	candidate_snvs	NA	NA	no_cnv	/raid/kang/DelSIEVE/simulation_results/IndelSIEVE_benchmark_pipeline_sa_006/benchmark_results/simulated_data/results/cell_names	/raid/kang/DelSIEVE/simulation_results/IndelSIEVE_benchmark_pipeline_sa_006/benchmark_results/sciphin/no_cnv/0008/post_processed/sciphin.cell_names	/raid/kang/DelSIEVE/simulation_results/IndelSIEVE_benchmark_pipeline_sa_006/benchmark_results/simulated_data/results/data_type/no_cnv/0008/true_evo_events_sites_names	/raid/kang/DelSIEVE/simulation_results/IndelSIEVE_benchmark_pipeline_sa_006/benchmark_results/sciphin/no_cnv/0008/post_processed/sciphin.loci_info	/raid/kang/DelSIEVE/simulation_results/IndelSIEVE_benchmark_pipeline_sa_006/benchmark_results/simulated_data/results/data_type/no_cnv/0008/true_evo_events_genotypes_numeric	/raid/kang/DelSIEVE/simulation_results/IndelSIEVE_benchmark_pipeline_sa_006/benchmark_results/sciphin/no_cnv/0008/post_processed/sciphin.genotypes	/raid/kang/DelSIEVE/simulation_results/IndelSIEVE_benchmark_pipeline_sa_006/benchmark_results/simulated_data/results/data_type/no_cnv/0008/true_evo_events_ternary_matrix.simple	/raid/kang/DelSIEVE/simulation_results/IndelSIEVE_benchmark_pipeline_sa_006/benchmark_results/sciphin/no_cnv/0008/post_processed/sciphin.ternary	/raid/kang/DelSIEVE/simulation_results/IndelSIEVE_benchmark_pipeline_sa_006/benchmark_results/sciphin/no_cnv/0008/post_processed/sciphin.genotype_probs	8562	246	15065	2927	0.7452345721994952	0.9720708446866484	0.8436714785436271	0.0160668800209	8483	325	17325	648	0.9290329646259994	0.9631017257039056	0.9457606332571492	0.018413597733711	7078	1730	17357	616	0.9199376137249804	0.8035876475930972	0.8578354138892255	0.0906376067480484	0	0	25899	882	0.0	NA	NA	0.0	882	246	6	876	0	0	20355	2245	0.0	NA	0.0	NA	0	0	22504	96	0.0	NA	0.0	NA	0	0	22045	555	0.0	NA	0.0	NA	0	0	21006	1594	0.0	NA	0.0	NA	1520	74	529	0	0	0	22600	0	NA	NA	0.0	NA
40	20	2	0.001999	0.3	3e-05	7.5e-06	0.0	0009	sciphin	candidate_snvs	NA	NA	no_cnv	/raid/kang/DelSIEVE/simulation_results/IndelSIEVE_benchmark_pipeline_sa_006/benchmark_results/simulated_data/results/cell_names	/raid/kang/DelSIEVE/simulation_results/IndelSIEVE_benchmark_pipeline_sa_006/benchmark_results/sciphin/no_cnv/0009/post_processed/sciphin.cell_names	/raid/kang/DelSIEVE/simulation_results/IndelSIEVE_benchmark_pipeline_sa_006/benchmark_results/simulated_data/results/data_type/no_cnv/0009/true_evo_events_sites_names	/raid/kang/DelSIEVE/simulation_results/IndelSIEVE_benchmark_pipeline_sa_006/benchmark_results/sciphin/no_cnv/0009/post_processed/sciphin.loci_info	/raid/kang/DelSIEVE/simulation_results/IndelSIEVE_benchmark_pipeline_sa_006/benchmark_results/simulated_data/results/data_type/no_cnv/0009/true_evo_events_genotypes_numeric	/raid/kang/DelSIEVE/simulation_results/IndelSIEVE_benchmark_pipeline_sa_006/benchmark_results/sciphin/no_cnv/0009/post_processed/sciphin.genotypes	/raid/kang/DelSIEVE/simulation_results/IndelSIEVE_benchmark_pipeline_sa_006/benchmark_results/simulated_data/results/data_type/no_cnv/0009/true_evo_events_ternary_matrix.simple	/raid/kang/DelSIEVE/simulation_results/IndelSIEVE_benchmark_pipeline_sa_006/benchmark_results/sciphin/no_cnv/0009/post_processed/sciphin.ternary	/raid/kang/DelSIEVE/simulation_results/IndelSIEVE_benchmark_pipeline_sa_006/benchmark_results/sciphin/no_cnv/0009/post_processed/sciphin.genotype_probs	5380	203	7913	2064	0.722729715206878	0.9636396202758374	0.8259768173792891	0.0250123213405618	5312	271	9489	480	0.9171270718232044	0.9514597886440982	0.933978021978022	0.0277663934426229	4254	1329	9518	451	0.9041445270988312	0.7619559376679205	0.8269828926905133	0.1225223564119111	0	0	14896	656	0.0	NA	NA	0.0	656	203	4	652	0	0	11539	1701	0.0	NA	0.0	NA	0	0	13160	80	0.0	NA	0.0	NA	0	0	12809	431	0.0	NA	0.0	NA	0	0	12050	1190	0.0	NA	0.0	NA	1129	61	406	0	0	0	13240	0	NA	NA	0.0	NA
40	20	2	0.001999	0.3	3e-05	7.5e-06	0.0	0010	sciphin	candidate_snvs	NA	NA	no_cnv	/raid/kang/DelSIEVE/simulation_results/IndelSIEVE_benchmark_pipeline_sa_006/benchmark_results/simulated_data/results/cell_names	/raid/kang/DelSIEVE/simulation_results/IndelSIEVE_benchmark_pipeline_sa_006/benchmark_results/sciphin/no_cnv/0010/post_processed/sciphin.cell_names	/raid/kang/DelSIEVE/simulation_results/IndelSIEVE_benchmark_pipeline_sa_006/benchmark_results/simulated_data/results/data_type/no_cnv/0010/true_evo_events_sites_names	/raid/kang/DelSIEVE/simulation_results/IndelSIEVE_benchmark_pipeline_sa_006/benchmark_results/sciphin/no_cnv/0010/post_processed/sciphin.loci_info	/raid/kang/DelSIEVE/simulation_results/IndelSIEVE_benchmark_pipeline_sa_006/benchmark_results/simulated_data/results/data_type/no_cnv/0010/true_evo_events_genotypes_numeric	/raid/kang/DelSIEVE/simulation_results/IndelSIEVE_benchmark_pipeline_sa_006/benchmark_results/sciphin/no_cnv/0010/post_processed/sciphin.genotypes	/raid/kang/DelSIEVE/simulation_results/IndelSIEVE_benchmark_pipeline_sa_006/benchmark_results/simulated_data/results/data_type/no_cnv/0010/true_evo_events_ternary_matrix.simple	/raid/kang/DelSIEVE/simulation_results/IndelSIEVE_benchmark_pipeline_sa_006/benchmark_results/sciphin/no_cnv/0010/post_processed/sciphin.ternary	/raid/kang/DelSIEVE/simulation_results/IndelSIEVE_benchmark_pipeline_sa_006/benchmark_results/sciphin/no_cnv/0010/post_processed/sciphin.genotype_probs	8384	187	9310	2519	0.7689626708245437	0.9781822424454556	0.8610454965595153	0.0196904285563862	8280	291	11323	500	0.9430523917995444	0.9660483024151209	0.954411849461126	0.025055966936456	6872	1699	11363	460	0.9372613202400436	0.8017734220044336	0.8642394516757844	0.1300719644771091	0	0	19593	801	0.0	NA	NA	0.0	801	187	1	800	0	0	15697	2223	0.0	NA	0.0	NA	0	0	17876	44	0.0	NA	0.0	NA	0	0	17273	647	0.0	NA	0.0	NA	0	0	16388	1532	0.0	NA	0.0	NA	1436	96	608	0	0	0	17920	0	NA	NA	0.0	NA
40	20	2	0.001999	0.3	3e-05	7.5e-06	0.0	0001	sieve	candidate_snvs	smc_mu_ld_stage_1	mt	no_cnv	/raid/kang/DelSIEVE/simulation_results/IndelSIEVE_benchmark_pipeline_sa_006/benchmark_results/simulated_data/results/cell_names	/raid/kang/DelSIEVE/simulation_results/IndelSIEVE_benchmark_pipeline_sa_006/benchmark_results/indelsieve/from_candidate/variant_calling/mt/no_cnv/smc_mu_ld_stage_1/0001/indelsieve_median.cell_names	/raid/kang/DelSIEVE/simulation_results/IndelSIEVE_benchmark_pipeline_sa_006/benchmark_results/simulated_data/results/data_type/no_cnv/0001/true_evo_events_sites_names	/raid/kang/DelSIEVE/simulation_results/IndelSIEVE_benchmark_pipeline_sa_006/benchmark_results/indelsieve/from_candidate/variant_calling/mt/no_cnv/smc_mu_ld_stage_1/0001/indelsieve_median.loci_info	/raid/kang/DelSIEVE/simulation_results/IndelSIEVE_benchmark_pipeline_sa_006/benchmark_results/simulated_data/results/data_type/no_cnv/0001/true_evo_events_genotypes_numeric	/raid/kang/DelSIEVE/simulation_results/IndelSIEVE_benchmark_pipeline_sa_006/benchmark_results/indelsieve/from_candidate/variant_calling/mt/no_cnv/smc_mu_ld_stage_1/0001/indelsieve_median.genotypes	/raid/kang/DelSIEVE/simulation_results/IndelSIEVE_benchmark_pipeline_sa_006/benchmark_results/simulated_data/results/data_type/no_cnv/0001/true_evo_events_ternary_matrix.simple	/raid/kang/DelSIEVE/simulation_results/IndelSIEVE_benchmark_pipeline_sa_006/benchmark_results/indelsieve/from_candidate/variant_calling/mt/no_cnv/smc_mu_ld_stage_1/0001/indelsieve_median.ternary	/raid/kang/DelSIEVE/simulation_results/IndelSIEVE_benchmark_pipeline_sa_006/benchmark_results/indelsieve/from_candidate/variant_calling/mt/no_cnv/smc_mu_ld_stage_1/0001/indelsieve_median.probs	6444	54	9222	1880	0.7741470446900529	0.9916897506925209	0.8695182836324383	0.0058214747736093	6381	117	10878	207	0.9685792349726776	0.981994459833795	0.9752407152682256	0.0106412005457025	5290	332	11766	195	0.9644484958979034	0.9409462824617574	0.9525524444044297	0.0274425524880145	626	250	16625	82	0.884180790960452	0.7146118721461188	0.7904040404040404	0.0148148148148148	708	54	6	76	0	0	13458	1422	0.0	NA	0.0	NA	0	0	14864	16	0.0	NA	0.0	NA	0	0	14485	395	0.0	NA	0.0	NA	0	0	13869	1011	0.0	NA	0.0	NA	957	54	142	233	0	0	14880	0	NA	NA	0.0	NA
40	20	2	0.001999	0.3	3e-05	7.5e-06	0.0	0002	sieve	candidate_snvs	smc_mu_ld_stage_1	mt	no_cnv	/raid/kang/DelSIEVE/simulation_results/IndelSIEVE_benchmark_pipeline_sa_006/benchmark_results/simulated_data/results/cell_names	/raid/kang/DelSIEVE/simulation_results/IndelSIEVE_benchmark_pipeline_sa_006/benchmark_results/indelsieve/from_candidate/variant_calling/mt/no_cnv/smc_mu_ld_stage_1/0002/indelsieve_mode_gaussian.cell_names	/raid/kang/DelSIEVE/simulation_results/IndelSIEVE_benchmark_pipeline_sa_006/benchmark_results/simulated_data/results/data_type/no_cnv/0002/true_evo_events_sites_names	/raid/kang/DelSIEVE/simulation_results/IndelSIEVE_benchmark_pipeline_sa_006/benchmark_results/indelsieve/from_candidate/variant_calling/mt/no_cnv/smc_mu_ld_stage_1/0002/indelsieve_mode_gaussian.loci_info	/raid/kang/DelSIEVE/simulation_results/IndelSIEVE_benchmark_pipeline_sa_006/benchmark_results/simulated_data/results/data_type/no_cnv/0002/true_evo_events_genotypes_numeric	/raid/kang/DelSIEVE/simulation_results/IndelSIEVE_benchmark_pipeline_sa_006/benchmark_results/indelsieve/from_candidate/variant_calling/mt/no_cnv/smc_mu_ld_stage_1/0002/indelsieve_mode_gaussian.genotypes	/raid/kang/DelSIEVE/simulation_results/IndelSIEVE_benchmark_pipeline_sa_006/benchmark_results/simulated_data/results/data_type/no_cnv/0002/true_evo_events_ternary_matrix.simple	/raid/kang/DelSIEVE/simulation_results/IndelSIEVE_benchmark_pipeline_sa_006/benchmark_results/indelsieve/from_candidate/variant_calling/mt/no_cnv/smc_mu_ld_stage_1/0002/indelsieve_mode_gaussian.ternary	/raid/kang/DelSIEVE/simulation_results/IndelSIEVE_benchmark_pipeline_sa_006/benchmark_results/indelsieve/from_candidate/variant_calling/mt/no_cnv/smc_mu_ld_stage_1/0002/indelsieve_mode_gaussian.probs	10677	75	15923	3085	0.7758320011626217	0.9930245535714286	0.8710940686954395	0.0046880860107513	10532	220	18708	278	0.9742830712303424	0.9795386904761904	0.9769038122623134	0.0116229923922231	8489	500	20454	295	0.9664162112932604	0.944376460117922	0.9552692286051876	0.0238617924978524	1192	571	27863	112	0.9141104294478528	0.6761202495745887	0.7773068144766874	0.0200815924597313	1304	75	0	112	0	0	20671	2209	0.0	NA	0.0	NA	0	0	22832	48	0.0	NA	0.0	NA	0	0	22158	722	0.0	NA	0.0	NA	0	0	21441	1439	0.0	NA	0.0	NA	1330	109	174	538	0	0	22880	0	NA	NA	0.0	NA
40	20	2	0.001999	0.3	3e-05	7.5e-06	0.0	0003	sieve	candidate_snvs	smc_mu_ld_stage_1	mt	no_cnv	/raid/kang/DelSIEVE/simulation_results/IndelSIEVE_benchmark_pipeline_sa_006/benchmark_results/simulated_data/results/cell_names	/raid/kang/DelSIEVE/simulation_results/IndelSIEVE_benchmark_pipeline_sa_006/benchmark_results/indelsieve/from_candidate/variant_calling/mt/no_cnv/smc_mu_ld_stage_1/0003/indelsieve_median.cell_names	/raid/kang/DelSIEVE/simulation_results/IndelSIEVE_benchmark_pipeline_sa_006/benchmark_results/simulated_data/results/data_type/no_cnv/0003/true_evo_events_sites_names	/raid/kang/DelSIEVE/simulation_results/IndelSIEVE_benchmark_pipeline_sa_006/benchmark_results/indelsieve/from_candidate/variant_calling/mt/no_cnv/smc_mu_ld_stage_1/0003/indelsieve_median.loci_info	/raid/kang/DelSIEVE/simulation_results/IndelSIEVE_benchmark_pipeline_sa_006/benchmark_results/simulated_data/results/data_type/no_cnv/0003/true_evo_events_genotypes_numeric	/raid/kang/DelSIEVE/simulation_results/IndelSIEVE_benchmark_pipeline_sa_006/benchmark_results/indelsieve/from_candidate/variant_calling/mt/no_cnv/smc_mu_ld_stage_1/0003/indelsieve_median.genotypes	/raid/kang/DelSIEVE/simulation_results/IndelSIEVE_benchmark_pipeline_sa_006/benchmark_results/simulated_data/results/data_type/no_cnv/0003/true_evo_events_ternary_matrix.simple	/raid/kang/DelSIEVE/simulation_results/IndelSIEVE_benchmark_pipeline_sa_006/benchmark_results/indelsieve/from_candidate/variant_calling/mt/no_cnv/smc_mu_ld_stage_1/0003/indelsieve_median.ternary	/raid/kang/DelSIEVE/simulation_results/IndelSIEVE_benchmark_pipeline_sa_006/benchmark_results/indelsieve/from_candidate/variant_calling/mt/no_cnv/smc_mu_ld_stage_1/0003/indelsieve_median.probs	9883	95	16103	2839	0.7768432636377928	0.990479053918621	0.8707488986784141	0.0058649215952586	9765	213	18635	285	0.971641791044776	0.9786530366806976	0.97513481126423	0.0113009337860781	7997	502	20086	313	0.9623345367027676	0.9409342275561832	0.9515140698435364	0.0243831358072663	1100	379	27328	91	0.9235936188077246	0.7437457741717377	0.8239700374531835	0.0136788537192767	1191	95	1	90	0	0	21013	2147	0.0	NA	0.0	NA	0	0	23116	44	0.0	NA	0.0	NA	0	0	22611	549	0.0	NA	0.0	NA	0	0	21606	1554	0.0	NA	0.0	NA	1451	100	217	330	0	0	23160	0	NA	NA	0.0	NA
40	20	2	0.001999	0.3	3e-05	7.5e-06	0.0	0004	sieve	candidate_snvs	smc_mu_ld_stage_1	mt	no_cnv	/raid/kang/DelSIEVE/simulation_results/IndelSIEVE_benchmark_pipeline_sa_006/benchmark_results/simulated_data/results/cell_names	/raid/kang/DelSIEVE/simulation_results/IndelSIEVE_benchmark_pipeline_sa_006/benchmark_results/indelsieve/from_candidate/variant_calling/mt/no_cnv/smc_mu_ld_stage_1/0004/indelsieve_median.cell_names	/raid/kang/DelSIEVE/simulation_results/IndelSIEVE_benchmark_pipeline_sa_006/benchmark_results/simulated_data/results/data_type/no_cnv/0004/true_evo_events_sites_names	/raid/kang/DelSIEVE/simulation_results/IndelSIEVE_benchmark_pipeline_sa_006/benchmark_results/indelsieve/from_candidate/variant_calling/mt/no_cnv/smc_mu_ld_stage_1/0004/indelsieve_median.loci_info	/raid/kang/DelSIEVE/simulation_results/IndelSIEVE_benchmark_pipeline_sa_006/benchmark_results/simulated_data/results/data_type/no_cnv/0004/true_evo_events_genotypes_numeric	/raid/kang/DelSIEVE/simulation_results/IndelSIEVE_benchmark_pipeline_sa_006/benchmark_results/indelsieve/from_candidate/variant_calling/mt/no_cnv/smc_mu_ld_stage_1/0004/indelsieve_median.genotypes	/raid/kang/DelSIEVE/simulation_results/IndelSIEVE_benchmark_pipeline_sa_006/benchmark_results/simulated_data/results/data_type/no_cnv/0004/true_evo_events_ternary_matrix.simple	/raid/kang/DelSIEVE/simulation_results/IndelSIEVE_benchmark_pipeline_sa_006/benchmark_results/indelsieve/from_candidate/variant_calling/mt/no_cnv/smc_mu_ld_stage_1/0004/indelsieve_median.ternary	/raid/kang/DelSIEVE/simulation_results/IndelSIEVE_benchmark_pipeline_sa_006/benchmark_results/indelsieve/from_candidate/variant_calling/mt/no_cnv/smc_mu_ld_stage_1/0004/indelsieve_median.probs	12271	101	14272	2876	0.8101274179705552	0.9918364047849983	0.8918201969548312	0.0070270646350796	12055	317	16868	265	0.9784902597402596	0.9743776268994504	0.9764296128300664	0.0184463194646494	9479	690	19047	289	0.9704135954135954	0.9321467204248204	0.9508953202588152	0.0349597203222374	1451	752	27186	116	0.9259731971920868	0.6586472991375397	0.7697612732095492	0.0269167442193428	1567	101	1	115	0	0	21997	2683	0.0	NA	0.0	NA	0	0	24606	74	0.0	NA	0.0	NA	0	0	23695	985	0.0	NA	0.0	NA	0	0	23056	1624	0.0	NA	0.0	NA	1461	162	272	708	0	0	24680	0	NA	NA	0.0	NA
40	20	2	0.001999	0.3	3e-05	7.5e-06	0.0	0005	sieve	candidate_snvs	smc_mu_ld_stage_1	mt	no_cnv	/raid/kang/DelSIEVE/simulation_results/IndelSIEVE_benchmark_pipeline_sa_006/benchmark_results/simulated_data/results/cell_names	/raid/kang/DelSIEVE/simulation_results/IndelSIEVE_benchmark_pipeline_sa_006/benchmark_results/indelsieve/from_candidate/variant_calling/mt/no_cnv/smc_mu_ld_stage_1/0005/indelsieve_mode_gaussian.cell_names	/raid/kang/DelSIEVE/simulation_results/IndelSIEVE_benchmark_pipeline_sa_006/benchmark_results/simulated_data/results/data_type/no_cnv/0005/true_evo_events_sites_names	/raid/kang/DelSIEVE/simulation_results/IndelSIEVE_benchmark_pipeline_sa_006/benchmark_results/indelsieve/from_candidate/variant_calling/mt/no_cnv/smc_mu_ld_stage_1/0005/indelsieve_mode_gaussian.loci_info	/raid/kang/DelSIEVE/simulation_results/IndelSIEVE_benchmark_pipeline_sa_006/benchmark_results/simulated_data/results/data_type/no_cnv/0005/true_evo_events_genotypes_numeric	/raid/kang/DelSIEVE/simulation_results/IndelSIEVE_benchmark_pipeline_sa_006/benchmark_results/indelsieve/from_candidate/variant_calling/mt/no_cnv/smc_mu_ld_stage_1/0005/indelsieve_mode_gaussian.genotypes	/raid/kang/DelSIEVE/simulation_results/IndelSIEVE_benchmark_pipeline_sa_006/benchmark_results/simulated_data/results/data_type/no_cnv/0005/true_evo_events_ternary_matrix.simple	/raid/kang/DelSIEVE/simulation_results/IndelSIEVE_benchmark_pipeline_sa_006/benchmark_results/indelsieve/from_candidate/variant_calling/mt/no_cnv/smc_mu_ld_stage_1/0005/indelsieve_mode_gaussian.ternary	/raid/kang/DelSIEVE/simulation_results/IndelSIEVE_benchmark_pipeline_sa_006/benchmark_results/indelsieve/from_candidate/variant_calling/mt/no_cnv/smc_mu_ld_stage_1/0005/indelsieve_mode_gaussian.probs	6794	44	10119	1923	0.779396581392681	0.9935653699912256	0.8735454837672774	0.0043294302863327	6724	114	11878	151	0.9780363636363636	0.9833284586136296	0.9806752716400496	0.0095063375583722	5352	309	13048	158	0.9713248638838476	0.9454160042395336	0.958195327186465	0.023133937261361	659	518	17613	77	0.8953804347826086	0.5598980458793543	0.6889702038682697	0.0285698527384038	736	44	0	77	0	0	14311	1729	0.0	NA	0.0	NA	0	0	16015	25	0.0	NA	0.0	NA	0	0	15411	629	0.0	NA	0.0	NA	0	0	14965	1075	0.0	NA	0.0	NA	1008	67	121	504	0	0	16040	0	NA	NA	0.0	NA
40	20	2	0.001999	0.3	3e-05	7.5e-06	0.0	0006	sieve	candidate_snvs	smc_mu_ld_stage_1	mt	no_cnv	/raid/kang/DelSIEVE/simulation_results/IndelSIEVE_benchmark_pipeline_sa_006/benchmark_results/simulated_data/results/cell_names	/raid/kang/DelSIEVE/simulation_results/IndelSIEVE_benchmark_pipeline_sa_006/benchmark_results/indelsieve/from_candidate/variant_calling/mt/no_cnv/smc_mu_ld_stage_1/0006/indelsieve_mode_gaussian.cell_names	/raid/kang/DelSIEVE/simulation_results/IndelSIEVE_benchmark_pipeline_sa_006/benchmark_results/simulated_data/results/data_type/no_cnv/0006/true_evo_events_sites_names	/raid/kang/DelSIEVE/simulation_results/IndelSIEVE_benchmark_pipeline_sa_006/benchmark_results/indelsieve/from_candidate/variant_calling/mt/no_cnv/smc_mu_ld_stage_1/0006/indelsieve_mode_gaussian.loci_info	/raid/kang/DelSIEVE/simulation_results/IndelSIEVE_benchmark_pipeline_sa_006/benchmark_results/simulated_data/results/data_type/no_cnv/0006/true_evo_events_genotypes_numeric	/raid/kang/DelSIEVE/simulation_results/IndelSIEVE_benchmark_pipeline_sa_006/benchmark_results/indelsieve/from_candidate/variant_calling/mt/no_cnv/smc_mu_ld_stage_1/0006/indelsieve_mode_gaussian.genotypes	/raid/kang/DelSIEVE/simulation_results/IndelSIEVE_benchmark_pipeline_sa_006/benchmark_results/simulated_data/results/data_type/no_cnv/0006/true_evo_events_ternary_matrix.simple	/raid/kang/DelSIEVE/simulation_results/IndelSIEVE_benchmark_pipeline_sa_006/benchmark_results/indelsieve/from_candidate/variant_calling/mt/no_cnv/smc_mu_ld_stage_1/0006/indelsieve_mode_gaussian.ternary	/raid/kang/DelSIEVE/simulation_results/IndelSIEVE_benchmark_pipeline_sa_006/benchmark_results/indelsieve/from_candidate/variant_calling/mt/no_cnv/smc_mu_ld_stage_1/0006/indelsieve_mode_gaussian.probs	10390	48	10265	2657	0.7963516517207021	0.9954014178961488	0.884820097934852	0.0046543197905556	10215	223	12697	206	0.9802322233950675	0.9786357539758574	0.979433338127427	0.0172600619195046	7769	477	14887	208	0.973925034474113	0.9421537715255882	0.9577759970412376	0.0310466024472793	1232	960	21069	80	0.9390243902439024	0.5620437956204379	0.7031963470319634	0.0435789186980798	1312	48	4	76	0	0	16973	2827	0.0	NA	0.0	NA	0	0	19682	118	0.0	NA	0.0	NA	0	0	18668	1132	0.0	NA	0.0	NA	0	0	18223	1577	0.0	NA	0.0	NA	1460	116	182	937	0	0	19800	0	NA	NA	0.0	NA
40	20	2	0.001999	0.3	3e-05	7.5e-06	0.0	0007	sieve	candidate_snvs	smc_mu_ld_stage_1	mt	no_cnv	/raid/kang/DelSIEVE/simulation_results/IndelSIEVE_benchmark_pipeline_sa_006/benchmark_results/simulated_data/results/cell_names	/raid/kang/DelSIEVE/simulation_results/IndelSIEVE_benchmark_pipeline_sa_006/benchmark_results/indelsieve/from_candidate/variant_calling/mt/no_cnv/smc_mu_ld_stage_1/0007/indelsieve_median.cell_names	/raid/kang/DelSIEVE/simulation_results/IndelSIEVE_benchmark_pipeline_sa_006/benchmark_results/simulated_data/results/data_type/no_cnv/0007/true_evo_events_sites_names	/raid/kang/DelSIEVE/simulation_results/IndelSIEVE_benchmark_pipeline_sa_006/benchmark_results/indelsieve/from_candidate/variant_calling/mt/no_cnv/smc_mu_ld_stage_1/0007/indelsieve_median.loci_info	/raid/kang/DelSIEVE/simulation_results/IndelSIEVE_benchmark_pipeline_sa_006/benchmark_results/simulated_data/results/data_type/no_cnv/0007/true_evo_events_genotypes_numeric	/raid/kang/DelSIEVE/simulation_results/IndelSIEVE_benchmark_pipeline_sa_006/benchmark_results/indelsieve/from_candidate/variant_calling/mt/no_cnv/smc_mu_ld_stage_1/0007/indelsieve_median.genotypes	/raid/kang/DelSIEVE/simulation_results/IndelSIEVE_benchmark_pipeline_sa_006/benchmark_results/simulated_data/results/data_type/no_cnv/0007/true_evo_events_ternary_matrix.simple	/raid/kang/DelSIEVE/simulation_results/IndelSIEVE_benchmark_pipeline_sa_006/benchmark_results/indelsieve/from_candidate/variant_calling/mt/no_cnv/smc_mu_ld_stage_1/0007/indelsieve_median.ternary	/raid/kang/DelSIEVE/simulation_results/IndelSIEVE_benchmark_pipeline_sa_006/benchmark_results/indelsieve/from_candidate/variant_calling/mt/no_cnv/smc_mu_ld_stage_1/0007/indelsieve_median.probs	6630	52	8300	1738	0.7923040152963671	0.9922178988326849	0.8810631229235881	0.0062260536398467	6510	172	9861	159	0.9761583445793972	0.9742592038311882	0.9752078495992808	0.0171434266919166	5234	429	10862	177	0.9672888560340048	0.9242450997704396	0.9452772259346216	0.0379948631653529	643	376	15617	66	0.9069111424541608	0.6310107948969578	0.744212962962963	0.0235102857500156	709	52	1	65	0	0	12871	1529	0.0	NA	0.0	NA	0	0	14383	17	0.0	NA	0.0	NA	0	0	13851	549	0.0	NA	0.0	NA	0	0	13437	963	0.0	NA	0.0	NA	848	113	194	345	0	0	14400	0	NA	NA	0.0	NA
40	20	2	0.001999	0.3	3e-05	7.5e-06	0.0	0008	sieve	candidate_snvs	smc_mu_ld_stage_1	mt	no_cnv	/raid/kang/DelSIEVE/simulation_results/IndelSIEVE_benchmark_pipeline_sa_006/benchmark_results/simulated_data/results/cell_names	/raid/kang/DelSIEVE/simulation_results/IndelSIEVE_benchmark_pipeline_sa_006/benchmark_results/indelsieve/from_candidate/variant_calling/mt/no_cnv/smc_mu_ld_stage_1/0008/indelsieve_median.cell_names	/raid/kang/DelSIEVE/simulation_results/IndelSIEVE_benchmark_pipeline_sa_006/benchmark_results/simulated_data/results/data_type/no_cnv/0008/true_evo_events_sites_names	/raid/kang/DelSIEVE/simulation_results/IndelSIEVE_benchmark_pipeline_sa_006/benchmark_results/indelsieve/from_candidate/variant_calling/mt/no_cnv/smc_mu_ld_stage_1/0008/indelsieve_median.loci_info	/raid/kang/DelSIEVE/simulation_results/IndelSIEVE_benchmark_pipeline_sa_006/benchmark_results/simulated_data/results/data_type/no_cnv/0008/true_evo_events_genotypes_numeric	/raid/kang/DelSIEVE/simulation_results/IndelSIEVE_benchmark_pipeline_sa_006/benchmark_results/indelsieve/from_candidate/variant_calling/mt/no_cnv/smc_mu_ld_stage_1/0008/indelsieve_median.genotypes	/raid/kang/DelSIEVE/simulation_results/IndelSIEVE_benchmark_pipeline_sa_006/benchmark_results/simulated_data/results/data_type/no_cnv/0008/true_evo_events_ternary_matrix.simple	/raid/kang/DelSIEVE/simulation_results/IndelSIEVE_benchmark_pipeline_sa_006/benchmark_results/indelsieve/from_candidate/variant_calling/mt/no_cnv/smc_mu_ld_stage_1/0008/indelsieve_median.ternary	/raid/kang/DelSIEVE/simulation_results/IndelSIEVE_benchmark_pipeline_sa_006/benchmark_results/indelsieve/from_candidate/variant_calling/mt/no_cnv/smc_mu_ld_stage_1/0008/indelsieve_median.probs	8991	72	15239	2498	0.7825746366089302	0.9920556107249257	0.8749513429349941	0.0047025014695317	8867	196	17454	264	0.9710875041068886	0.9783736069734084	0.9747169396504344	0.0111048158640226	7421	473	18614	273	0.9645178060826618	0.9400810742335952	0.9521426738516808	0.02478126473516	788	381	25518	94	0.8934240362811792	0.6740804106073567	0.7684056557776694	0.0147109927024209	882	72	1	93	0	0	20046	2234	0.0	NA	0.0	NA	0	0	22184	96	0.0	NA	0.0	NA	0	0	21725	555	0.0	NA	0.0	NA	0	0	20697	1583	0.0	NA	0.0	NA	1474	109	184	367	0	0	22280	0	NA	NA	0.0	NA
40	20	2	0.001999	0.3	3e-05	7.5e-06	0.0	0009	sieve	candidate_snvs	smc_mu_ld_stage_1	mt	no_cnv	/raid/kang/DelSIEVE/simulation_results/IndelSIEVE_benchmark_pipeline_sa_006/benchmark_results/simulated_data/results/cell_names	/raid/kang/DelSIEVE/simulation_results/IndelSIEVE_benchmark_pipeline_sa_006/benchmark_results/indelsieve/from_candidate/variant_calling/mt/no_cnv/smc_mu_ld_stage_1/0009/indelsieve_median.cell_names	/raid/kang/DelSIEVE/simulation_results/IndelSIEVE_benchmark_pipeline_sa_006/benchmark_results/simulated_data/results/data_type/no_cnv/0009/true_evo_events_sites_names	/raid/kang/DelSIEVE/simulation_results/IndelSIEVE_benchmark_pipeline_sa_006/benchmark_results/indelsieve/from_candidate/variant_calling/mt/no_cnv/smc_mu_ld_stage_1/0009/indelsieve_median.loci_info	/raid/kang/DelSIEVE/simulation_results/IndelSIEVE_benchmark_pipeline_sa_006/benchmark_results/simulated_data/results/data_type/no_cnv/0009/true_evo_events_genotypes_numeric	/raid/kang/DelSIEVE/simulation_results/IndelSIEVE_benchmark_pipeline_sa_006/benchmark_results/indelsieve/from_candidate/variant_calling/mt/no_cnv/smc_mu_ld_stage_1/0009/indelsieve_median.genotypes	/raid/kang/DelSIEVE/simulation_results/IndelSIEVE_benchmark_pipeline_sa_006/benchmark_results/simulated_data/results/data_type/no_cnv/0009/true_evo_events_ternary_matrix.simple	/raid/kang/DelSIEVE/simulation_results/IndelSIEVE_benchmark_pipeline_sa_006/benchmark_results/indelsieve/from_candidate/variant_calling/mt/no_cnv/smc_mu_ld_stage_1/0009/indelsieve_median.ternary	/raid/kang/DelSIEVE/simulation_results/IndelSIEVE_benchmark_pipeline_sa_006/benchmark_results/indelsieve/from_candidate/variant_calling/mt/no_cnv/smc_mu_ld_stage_1/0009/indelsieve_median.probs	5701	55	8061	1743	0.7658516926383665	0.9904447533009034	0.8637878787878789	0.0067767373090192	5586	170	9590	206	0.9644337016574586	0.9704656011118832	0.9674402493938346	0.0174180327868852	4491	358	10489	214	0.9545164718384695	0.9261703444009074	0.9401297885702324	0.0330045173780768	589	318	14578	67	0.8978658536585366	0.649393605292172	0.7536788227767115	0.0213480128893662	656	55	1	66	0	0	11502	1698	0.0	NA	0.0	NA	0	0	13120	80	0.0	NA	0.0	NA	0	0	12769	431	0.0	NA	0.0	NA	0	0	12013	1187	0.0	NA	0.0	NA	1118	69	126	293	0	0	13200	0	NA	NA	0.0	NA
40	20	2	0.001999	0.3	3e-05	7.5e-06	0.0	0010	sieve	candidate_snvs	smc_mu_ld_stage_1	mt	no_cnv	/raid/kang/DelSIEVE/simulation_results/IndelSIEVE_benchmark_pipeline_sa_006/benchmark_results/simulated_data/results/cell_names	/raid/kang/DelSIEVE/simulation_results/IndelSIEVE_benchmark_pipeline_sa_006/benchmark_results/indelsieve/from_candidate/variant_calling/mt/no_cnv/smc_mu_ld_stage_1/0010/indelsieve_median.cell_names	/raid/kang/DelSIEVE/simulation_results/IndelSIEVE_benchmark_pipeline_sa_006/benchmark_results/simulated_data/results/data_type/no_cnv/0010/true_evo_events_sites_names	/raid/kang/DelSIEVE/simulation_results/IndelSIEVE_benchmark_pipeline_sa_006/benchmark_results/indelsieve/from_candidate/variant_calling/mt/no_cnv/smc_mu_ld_stage_1/0010/indelsieve_median.loci_info	/raid/kang/DelSIEVE/simulation_results/IndelSIEVE_benchmark_pipeline_sa_006/benchmark_results/simulated_data/results/data_type/no_cnv/0010/true_evo_events_genotypes_numeric	/raid/kang/DelSIEVE/simulation_results/IndelSIEVE_benchmark_pipeline_sa_006/benchmark_results/indelsieve/from_candidate/variant_calling/mt/no_cnv/smc_mu_ld_stage_1/0010/indelsieve_median.genotypes	/raid/kang/DelSIEVE/simulation_results/IndelSIEVE_benchmark_pipeline_sa_006/benchmark_results/simulated_data/results/data_type/no_cnv/0010/true_evo_events_ternary_matrix.simple	/raid/kang/DelSIEVE/simulation_results/IndelSIEVE_benchmark_pipeline_sa_006/benchmark_results/indelsieve/from_candidate/variant_calling/mt/no_cnv/smc_mu_ld_stage_1/0010/indelsieve_median.ternary	/raid/kang/DelSIEVE/simulation_results/IndelSIEVE_benchmark_pipeline_sa_006/benchmark_results/indelsieve/from_candidate/variant_calling/mt/no_cnv/smc_mu_ld_stage_1/0010/indelsieve_median.probs	8770	55	9442	2133	0.8043657708887462	0.9937677053824364	0.8890916463909165	0.0057913025165841	8622	203	11411	158	0.982004555808656	0.9769971671388102	0.9794944618006248	0.017478904770105	7168	490	12572	164	0.977632296781233	0.9360146252285192	0.9563709139426284	0.037513397642015	702	465	19128	99	0.8764044943820225	0.6015424164524421	0.7134146341463414	0.0237329658551523	801	55	1	98	0	0	15510	2210	0.0	NA	0.0	NA	0	0	17676	44	0.0	NA	0.0	NA	0	0	17073	647	0.0	NA	0.0	NA	0	0	16201	1519	0.0	NA	0.0	NA	1395	123	209	429	0	0	17720	0	NA	NA	0.0	NA
40	20	2	0.001999	0.3	3e-05	7.5e-06	0.0	0001	sieve	candidate_snvs	smc_mu_sa_stage_1	mt	no_cnv	/raid/kang/DelSIEVE/simulation_results/IndelSIEVE_benchmark_pipeline_sa_006/benchmark_results/simulated_data/results/cell_names	/raid/kang/DelSIEVE/simulation_results/IndelSIEVE_benchmark_pipeline_sa_006/benchmark_results/indelsieve/from_candidate/variant_calling/mt/no_cnv/smc_mu_sa_stage_1/0001/indelsieve_median.cell_names	/raid/kang/DelSIEVE/simulation_results/IndelSIEVE_benchmark_pipeline_sa_006/benchmark_results/simulated_data/results/data_type/no_cnv/0001/true_evo_events_sites_names	/raid/kang/DelSIEVE/simulation_results/IndelSIEVE_benchmark_pipeline_sa_006/benchmark_results/indelsieve/from_candidate/variant_calling/mt/no_cnv/smc_mu_sa_stage_1/0001/indelsieve_median.loci_info	/raid/kang/DelSIEVE/simulation_results/IndelSIEVE_benchmark_pipeline_sa_006/benchmark_results/simulated_data/results/data_type/no_cnv/0001/true_evo_events_genotypes_numeric	/raid/kang/DelSIEVE/simulation_results/IndelSIEVE_benchmark_pipeline_sa_006/benchmark_results/indelsieve/from_candidate/variant_calling/mt/no_cnv/smc_mu_sa_stage_1/0001/indelsieve_median.genotypes	/raid/kang/DelSIEVE/simulation_results/IndelSIEVE_benchmark_pipeline_sa_006/benchmark_results/simulated_data/results/data_type/no_cnv/0001/true_evo_events_ternary_matrix.simple	/raid/kang/DelSIEVE/simulation_results/IndelSIEVE_benchmark_pipeline_sa_006/benchmark_results/indelsieve/from_candidate/variant_calling/mt/no_cnv/smc_mu_sa_stage_1/0001/indelsieve_median.ternary	/raid/kang/DelSIEVE/simulation_results/IndelSIEVE_benchmark_pipeline_sa_006/benchmark_results/indelsieve/from_candidate/variant_calling/mt/no_cnv/smc_mu_sa_stage_1/0001/indelsieve_median.probs	6426	52	9224	1898	0.7719846227775108	0.9919728311207164	0.868261045804621	0.0056058645968089	6369	109	10886	219	0.9667577413479052	0.9831738190799628	0.9748966784019594	0.0099135970895861	5282	316	11782	203	0.9629899726526892	0.9435512683101108	0.9531715239556078	0.0261200198379897	624	256	16619	84	0.8813559322033898	0.7090909090909091	0.7858942065491183	0.0151703703703703	708	52	6	78	0	0	13458	1422	0.0	NA	0.0	NA	0	0	14864	16	0.0	NA	0.0	NA	0	0	14485	395	0.0	NA	0.0	NA	0	0	13869	1011	0.0	NA	0.0	NA	959	52	132	241	0	0	14880	0	NA	NA	0.0	NA
40	20	2	0.001999	0.3	3e-05	7.5e-06	0.0	0002	sieve	candidate_snvs	smc_mu_sa_stage_1	mt	no_cnv	/raid/kang/DelSIEVE/simulation_results/IndelSIEVE_benchmark_pipeline_sa_006/benchmark_results/simulated_data/results/cell_names	/raid/kang/DelSIEVE/simulation_results/IndelSIEVE_benchmark_pipeline_sa_006/benchmark_results/indelsieve/from_candidate/variant_calling/mt/no_cnv/smc_mu_sa_stage_1/0002/indelsieve_median.cell_names	/raid/kang/DelSIEVE/simulation_results/IndelSIEVE_benchmark_pipeline_sa_006/benchmark_results/simulated_data/results/data_type/no_cnv/0002/true_evo_events_sites_names	/raid/kang/DelSIEVE/simulation_results/IndelSIEVE_benchmark_pipeline_sa_006/benchmark_results/indelsieve/from_candidate/variant_calling/mt/no_cnv/smc_mu_sa_stage_1/0002/indelsieve_median.loci_info	/raid/kang/DelSIEVE/simulation_results/IndelSIEVE_benchmark_pipeline_sa_006/benchmark_results/simulated_data/results/data_type/no_cnv/0002/true_evo_events_genotypes_numeric	/raid/kang/DelSIEVE/simulation_results/IndelSIEVE_benchmark_pipeline_sa_006/benchmark_results/indelsieve/from_candidate/variant_calling/mt/no_cnv/smc_mu_sa_stage_1/0002/indelsieve_median.genotypes	/raid/kang/DelSIEVE/simulation_results/IndelSIEVE_benchmark_pipeline_sa_006/benchmark_results/simulated_data/results/data_type/no_cnv/0002/true_evo_events_ternary_matrix.simple	/raid/kang/DelSIEVE/simulation_results/IndelSIEVE_benchmark_pipeline_sa_006/benchmark_results/indelsieve/from_candidate/variant_calling/mt/no_cnv/smc_mu_sa_stage_1/0002/indelsieve_median.ternary	/raid/kang/DelSIEVE/simulation_results/IndelSIEVE_benchmark_pipeline_sa_006/benchmark_results/indelsieve/from_candidate/variant_calling/mt/no_cnv/smc_mu_sa_stage_1/0002/indelsieve_median.probs	10666	65	15933	3096	0.7750326987356488	0.993942782592489	0.8709427183276853	0.0040630078759844	10527	204	18724	283	0.9738205365402404	0.9809896561364272	0.9773919502344366	0.0107776838546069	8485	452	20502	299	0.9659608378870674	0.9494237439856776	0.95762090175498	0.0215710604180586	1198	596	27838	106	0.9187116564417178	0.6677814938684504	0.7734021949644933	0.0209608215516635	1304	65	0	106	0	0	20671	2209	0.0	NA	0.0	NA	0	0	22832	48	0.0	NA	0.0	NA	0	0	22158	722	0.0	NA	0.0	NA	0	0	21441	1439	0.0	NA	0.0	NA	1336	103	148	564	0	0	22880	0	NA	NA	0.0	NA
40	20	2	0.001999	0.3	3e-05	7.5e-06	0.0	0003	sieve	candidate_snvs	smc_mu_sa_stage_1	mt	no_cnv	/raid/kang/DelSIEVE/simulation_results/IndelSIEVE_benchmark_pipeline_sa_006/benchmark_results/simulated_data/results/cell_names	/raid/kang/DelSIEVE/simulation_results/IndelSIEVE_benchmark_pipeline_sa_006/benchmark_results/indelsieve/from_candidate/variant_calling/mt/no_cnv/smc_mu_sa_stage_1/0003/indelsieve_mode_gaussian.cell_names	/raid/kang/DelSIEVE/simulation_results/IndelSIEVE_benchmark_pipeline_sa_006/benchmark_results/simulated_data/results/data_type/no_cnv/0003/true_evo_events_sites_names	/raid/kang/DelSIEVE/simulation_results/IndelSIEVE_benchmark_pipeline_sa_006/benchmark_results/indelsieve/from_candidate/variant_calling/mt/no_cnv/smc_mu_sa_stage_1/0003/indelsieve_mode_gaussian.loci_info	/raid/kang/DelSIEVE/simulation_results/IndelSIEVE_benchmark_pipeline_sa_006/benchmark_results/simulated_data/results/data_type/no_cnv/0003/true_evo_events_genotypes_numeric	/raid/kang/DelSIEVE/simulation_results/IndelSIEVE_benchmark_pipeline_sa_006/benchmark_results/indelsieve/from_candidate/variant_calling/mt/no_cnv/smc_mu_sa_stage_1/0003/indelsieve_mode_gaussian.genotypes	/raid/kang/DelSIEVE/simulation_results/IndelSIEVE_benchmark_pipeline_sa_006/benchmark_results/simulated_data/results/data_type/no_cnv/0003/true_evo_events_ternary_matrix.simple	/raid/kang/DelSIEVE/simulation_results/IndelSIEVE_benchmark_pipeline_sa_006/benchmark_results/indelsieve/from_candidate/variant_calling/mt/no_cnv/smc_mu_sa_stage_1/0003/indelsieve_mode_gaussian.ternary	/raid/kang/DelSIEVE/simulation_results/IndelSIEVE_benchmark_pipeline_sa_006/benchmark_results/indelsieve/from_candidate/variant_calling/mt/no_cnv/smc_mu_sa_stage_1/0003/indelsieve_mode_gaussian.probs	9837	80	16118	2885	0.7732274799559817	0.9919330442674196	0.8690313176377047	0.0049388813433757	9743	174	18674	307	0.969452736318408	0.9824543712816376	0.9759102519156608	0.0092317487266553	7983	440	20148	327	0.9606498194945848	0.9477620800189956	0.9541624335146118	0.0213716728191179	1098	396	27311	93	0.9219143576826196	0.7349397590361446	0.8178770949720671	0.0142924170787165	1191	80	1	92	0	0	21013	2147	0.0	NA	0.0	NA	0	0	23116	44	0.0	NA	0.0	NA	0	0	22611	549	0.0	NA	0.0	NA	0	0	21606	1554	0.0	NA	0.0	NA	1475	74	194	352	0	0	23160	0	NA	NA	0.0	NA
40	20	2	0.001999	0.3	3e-05	7.5e-06	0.0	0004	sieve	candidate_snvs	smc_mu_sa_stage_1	mt	no_cnv	/raid/kang/DelSIEVE/simulation_results/IndelSIEVE_benchmark_pipeline_sa_006/benchmark_results/simulated_data/results/cell_names	/raid/kang/DelSIEVE/simulation_results/IndelSIEVE_benchmark_pipeline_sa_006/benchmark_results/indelsieve/from_candidate/variant_calling/mt/no_cnv/smc_mu_sa_stage_1/0004/indelsieve_median.cell_names	/raid/kang/DelSIEVE/simulation_results/IndelSIEVE_benchmark_pipeline_sa_006/benchmark_results/simulated_data/results/data_type/no_cnv/0004/true_evo_events_sites_names	/raid/kang/DelSIEVE/simulation_results/IndelSIEVE_benchmark_pipeline_sa_006/benchmark_results/indelsieve/from_candidate/variant_calling/mt/no_cnv/smc_mu_sa_stage_1/0004/indelsieve_median.loci_info	/raid/kang/DelSIEVE/simulation_results/IndelSIEVE_benchmark_pipeline_sa_006/benchmark_results/simulated_data/results/data_type/no_cnv/0004/true_evo_events_genotypes_numeric	/raid/kang/DelSIEVE/simulation_results/IndelSIEVE_benchmark_pipeline_sa_006/benchmark_results/indelsieve/from_candidate/variant_calling/mt/no_cnv/smc_mu_sa_stage_1/0004/indelsieve_median.genotypes	/raid/kang/DelSIEVE/simulation_results/IndelSIEVE_benchmark_pipeline_sa_006/benchmark_results/simulated_data/results/data_type/no_cnv/0004/true_evo_events_ternary_matrix.simple	/raid/kang/DelSIEVE/simulation_results/IndelSIEVE_benchmark_pipeline_sa_006/benchmark_results/indelsieve/from_candidate/variant_calling/mt/no_cnv/smc_mu_sa_stage_1/0004/indelsieve_median.ternary	/raid/kang/DelSIEVE/simulation_results/IndelSIEVE_benchmark_pipeline_sa_006/benchmark_results/indelsieve/from_candidate/variant_calling/mt/no_cnv/smc_mu_sa_stage_1/0004/indelsieve_median.probs	12229	104	14269	2918	0.8073545916683171	0.9915673396578286	0.8900291120815138	0.0072357893272107	12055	278	16907	265	0.9784902597402596	0.9774588502391957	0.9779742830487164	0.0161768984579575	9485	596	19141	283	0.971027846027846	0.9408788810633866	0.9557156531815204	0.0301970917565992	1440	812	27126	127	0.9189534141671984	0.6394316163410302	0.7541241162608011	0.029064356790035	1567	104	1	126	0	0	21997	2683	0.0	NA	0.0	NA	0	0	24606	74	0.0	NA	0.0	NA	0	0	23695	985	0.0	NA	0.0	NA	0	0	23056	1624	0.0	NA	0.0	NA	1503	120	206	774	0	0	24680	0	NA	NA	0.0	NA
40	20	2	0.001999	0.3	3e-05	7.5e-06	0.0	0005	sieve	candidate_snvs	smc_mu_sa_stage_1	mt	no_cnv	/raid/kang/DelSIEVE/simulation_results/IndelSIEVE_benchmark_pipeline_sa_006/benchmark_results/simulated_data/results/cell_names	/raid/kang/DelSIEVE/simulation_results/IndelSIEVE_benchmark_pipeline_sa_006/benchmark_results/indelsieve/from_candidate/variant_calling/mt/no_cnv/smc_mu_sa_stage_1/0005/indelsieve_mode_gaussian.cell_names	/raid/kang/DelSIEVE/simulation_results/IndelSIEVE_benchmark_pipeline_sa_006/benchmark_results/simulated_data/results/data_type/no_cnv/0005/true_evo_events_sites_names	/raid/kang/DelSIEVE/simulation_results/IndelSIEVE_benchmark_pipeline_sa_006/benchmark_results/indelsieve/from_candidate/variant_calling/mt/no_cnv/smc_mu_sa_stage_1/0005/indelsieve_mode_gaussian.loci_info	/raid/kang/DelSIEVE/simulation_results/IndelSIEVE_benchmark_pipeline_sa_006/benchmark_results/simulated_data/results/data_type/no_cnv/0005/true_evo_events_genotypes_numeric	/raid/kang/DelSIEVE/simulation_results/IndelSIEVE_benchmark_pipeline_sa_006/benchmark_results/indelsieve/from_candidate/variant_calling/mt/no_cnv/smc_mu_sa_stage_1/0005/indelsieve_mode_gaussian.genotypes	/raid/kang/DelSIEVE/simulation_results/IndelSIEVE_benchmark_pipeline_sa_006/benchmark_results/simulated_data/results/data_type/no_cnv/0005/true_evo_events_ternary_matrix.simple	/raid/kang/DelSIEVE/simulation_results/IndelSIEVE_benchmark_pipeline_sa_006/benchmark_results/indelsieve/from_candidate/variant_calling/mt/no_cnv/smc_mu_sa_stage_1/0005/indelsieve_mode_gaussian.ternary	/raid/kang/DelSIEVE/simulation_results/IndelSIEVE_benchmark_pipeline_sa_006/benchmark_results/indelsieve/from_candidate/variant_calling/mt/no_cnv/smc_mu_sa_stage_1/0005/indelsieve_mode_gaussian.probs	6777	42	10121	1940	0.7774463691637031	0.9938407391113068	0.8724253347064882	0.0041326380005903	6720	99	11893	155	0.9774545454545456	0.9854817421909372	0.9814517306849716	0.0082555036691127	5353	268	13089	157	0.9715063520871144	0.952321650951788	0.9618183451621596	0.0200643857153552	662	536	17595	74	0.8994565217391305	0.5525876460767947	0.6845915201654602	0.0295626275439854	736	42	0	74	0	0	14311	1729	0.0	NA	0.0	NA	0	0	16015	25	0.0	NA	0.0	NA	0	0	15411	629	0.0	NA	0.0	NA	0	0	14965	1075	0.0	NA	0.0	NA	1021	54	98	527	0	0	16040	0	NA	NA	0.0	NA
40	20	2	0.001999	0.3	3e-05	7.5e-06	0.0	0006	sieve	candidate_snvs	smc_mu_sa_stage_1	mt	no_cnv	/raid/kang/DelSIEVE/simulation_results/IndelSIEVE_benchmark_pipeline_sa_006/benchmark_results/simulated_data/results/cell_names	/raid/kang/DelSIEVE/simulation_results/IndelSIEVE_benchmark_pipeline_sa_006/benchmark_results/indelsieve/from_candidate/variant_calling/mt/no_cnv/smc_mu_sa_stage_1/0006/indelsieve_mode_gaussian.cell_names	/raid/kang/DelSIEVE/simulation_results/IndelSIEVE_benchmark_pipeline_sa_006/benchmark_results/simulated_data/results/data_type/no_cnv/0006/true_evo_events_sites_names	/raid/kang/DelSIEVE/simulation_results/IndelSIEVE_benchmark_pipeline_sa_006/benchmark_results/indelsieve/from_candidate/variant_calling/mt/no_cnv/smc_mu_sa_stage_1/0006/indelsieve_mode_gaussian.loci_info	/raid/kang/DelSIEVE/simulation_results/IndelSIEVE_benchmark_pipeline_sa_006/benchmark_results/simulated_data/results/data_type/no_cnv/0006/true_evo_events_genotypes_numeric	/raid/kang/DelSIEVE/simulation_results/IndelSIEVE_benchmark_pipeline_sa_006/benchmark_results/indelsieve/from_candidate/variant_calling/mt/no_cnv/smc_mu_sa_stage_1/0006/indelsieve_mode_gaussian.genotypes	/raid/kang/DelSIEVE/simulation_results/IndelSIEVE_benchmark_pipeline_sa_006/benchmark_results/simulated_data/results/data_type/no_cnv/0006/true_evo_events_ternary_matrix.simple	/raid/kang/DelSIEVE/simulation_results/IndelSIEVE_benchmark_pipeline_sa_006/benchmark_results/indelsieve/from_candidate/variant_calling/mt/no_cnv/smc_mu_sa_stage_1/0006/indelsieve_mode_gaussian.ternary	/raid/kang/DelSIEVE/simulation_results/IndelSIEVE_benchmark_pipeline_sa_006/benchmark_results/indelsieve/from_candidate/variant_calling/mt/no_cnv/smc_mu_sa_stage_1/0006/indelsieve_mode_gaussian.probs	10323	54	10259	2724	0.7912163715796735	0.99479618386817	0.8814036885245902	0.005236109764375	10189	188	12732	232	0.9777372612992996	0.9818830105039992	0.9798057505529376	0.0145510835913312	7742	410	14954	235	0.9705403033721952	0.9497055937193328	0.96000992001984	0.0266857589169487	1226	999	21030	86	0.9344512195121952	0.5510112359550562	0.6932428611817925	0.0453493122701893	1312	54	4	82	0	0	16973	2827	0.0	NA	0.0	NA	0	0	19682	118	0.0	NA	0.0	NA	0	0	18668	1132	0.0	NA	0.0	NA	0	0	18223	1577	0.0	NA	0.0	NA	1495	81	144	973	0	0	19800	0	NA	NA	0.0	NA
40	20	2	0.001999	0.3	3e-05	7.5e-06	0.0	0007	sieve	candidate_snvs	smc_mu_sa_stage_1	mt	no_cnv	/raid/kang/DelSIEVE/simulation_results/IndelSIEVE_benchmark_pipeline_sa_006/benchmark_results/simulated_data/results/cell_names	/raid/kang/DelSIEVE/simulation_results/IndelSIEVE_benchmark_pipeline_sa_006/benchmark_results/indelsieve/from_candidate/variant_calling/mt/no_cnv/smc_mu_sa_stage_1/0007/indelsieve_mode_gaussian.cell_names	/raid/kang/DelSIEVE/simulation_results/IndelSIEVE_benchmark_pipeline_sa_006/benchmark_results/simulated_data/results/data_type/no_cnv/0007/true_evo_events_sites_names	/raid/kang/DelSIEVE/simulation_results/IndelSIEVE_benchmark_pipeline_sa_006/benchmark_results/indelsieve/from_candidate/variant_calling/mt/no_cnv/smc_mu_sa_stage_1/0007/indelsieve_mode_gaussian.loci_info	/raid/kang/DelSIEVE/simulation_results/IndelSIEVE_benchmark_pipeline_sa_006/benchmark_results/simulated_data/results/data_type/no_cnv/0007/true_evo_events_genotypes_numeric	/raid/kang/DelSIEVE/simulation_results/IndelSIEVE_benchmark_pipeline_sa_006/benchmark_results/indelsieve/from_candidate/variant_calling/mt/no_cnv/smc_mu_sa_stage_1/0007/indelsieve_mode_gaussian.genotypes	/raid/kang/DelSIEVE/simulation_results/IndelSIEVE_benchmark_pipeline_sa_006/benchmark_results/simulated_data/results/data_type/no_cnv/0007/true_evo_events_ternary_matrix.simple	/raid/kang/DelSIEVE/simulation_results/IndelSIEVE_benchmark_pipeline_sa_006/benchmark_results/indelsieve/from_candidate/variant_calling/mt/no_cnv/smc_mu_sa_stage_1/0007/indelsieve_mode_gaussian.ternary	/raid/kang/DelSIEVE/simulation_results/IndelSIEVE_benchmark_pipeline_sa_006/benchmark_results/indelsieve/from_candidate/variant_calling/mt/no_cnv/smc_mu_sa_stage_1/0007/indelsieve_mode_gaussian.probs	6588	50	8302	1780	0.7872848948374761	0.9924676107261224	0.8780487804878049	0.0059865900383141	6493	145	9888	176	0.9736092367671316	0.9781560711057548	0.9758773577816188	0.0144523073856274	5220	353	10938	191	0.9647015339124008	0.9366588910820024	0.9504734158776402	0.0312638384554069	626	439	15554	83	0.8829337094499294	0.5877934272300469	0.705749718151071	0.0274495091602576	709	50	1	82	0	0	12871	1529	0.0	NA	0.0	NA	0	0	14383	17	0.0	NA	0.0	NA	0	0	13851	549	0.0	NA	0.0	NA	0	0	13437	963	0.0	NA	0.0	NA	873	88	129	411	0	0	14400	0	NA	NA	0.0	NA
40	20	2	0.001999	0.3	3e-05	7.5e-06	0.0	0008	sieve	candidate_snvs	smc_mu_sa_stage_1	mt	no_cnv	/raid/kang/DelSIEVE/simulation_results/IndelSIEVE_benchmark_pipeline_sa_006/benchmark_results/simulated_data/results/cell_names	/raid/kang/DelSIEVE/simulation_results/IndelSIEVE_benchmark_pipeline_sa_006/benchmark_results/indelsieve/from_candidate/variant_calling/mt/no_cnv/smc_mu_sa_stage_1/0008/indelsieve_mode_gaussian.cell_names	/raid/kang/DelSIEVE/simulation_results/IndelSIEVE_benchmark_pipeline_sa_006/benchmark_results/simulated_data/results/data_type/no_cnv/0008/true_evo_events_sites_names	/raid/kang/DelSIEVE/simulation_results/IndelSIEVE_benchmark_pipeline_sa_006/benchmark_results/indelsieve/from_candidate/variant_calling/mt/no_cnv/smc_mu_sa_stage_1/0008/indelsieve_mode_gaussian.loci_info	/raid/kang/DelSIEVE/simulation_results/IndelSIEVE_benchmark_pipeline_sa_006/benchmark_results/simulated_data/results/data_type/no_cnv/0008/true_evo_events_genotypes_numeric	/raid/kang/DelSIEVE/simulation_results/IndelSIEVE_benchmark_pipeline_sa_006/benchmark_results/indelsieve/from_candidate/variant_calling/mt/no_cnv/smc_mu_sa_stage_1/0008/indelsieve_mode_gaussian.genotypes	/raid/kang/DelSIEVE/simulation_results/IndelSIEVE_benchmark_pipeline_sa_006/benchmark_results/simulated_data/results/data_type/no_cnv/0008/true_evo_events_ternary_matrix.simple	/raid/kang/DelSIEVE/simulation_results/IndelSIEVE_benchmark_pipeline_sa_006/benchmark_results/indelsieve/from_candidate/variant_calling/mt/no_cnv/smc_mu_sa_stage_1/0008/indelsieve_mode_gaussian.ternary	/raid/kang/DelSIEVE/simulation_results/IndelSIEVE_benchmark_pipeline_sa_006/benchmark_results/indelsieve/from_candidate/variant_calling/mt/no_cnv/smc_mu_sa_stage_1/0008/indelsieve_mode_gaussian.probs	8948	67	15244	2541	0.778831926190269	0.9925679423183584	0.8728053062817012	0.0043759388674808	8852	163	17487	279	0.9694447486584165	0.9819190238491404	0.9756420147690952	0.0092351274787535	7408	410	18677	286	0.9628281778008838	0.9475569199283704	0.9551315110881898	0.0214805888824854	796	401	25498	86	0.9024943310657596	0.6649958228905597	0.7657527657527657	0.0154832232904745	882	67	1	85	0	0	20046	2234	0.0	NA	0.0	NA	0	0	22184	96	0.0	NA	0.0	NA	0	0	21725	555	0.0	NA	0.0	NA	0	0	20697	1583	0.0	NA	0.0	NA	1502	81	162	389	0	0	22280	0	NA	NA	0.0	NA
40	20	2	0.001999	0.3	3e-05	7.5e-06	0.0	0009	sieve	candidate_snvs	smc_mu_sa_stage_1	mt	no_cnv	/raid/kang/DelSIEVE/simulation_results/IndelSIEVE_benchmark_pipeline_sa_006/benchmark_results/simulated_data/results/cell_names	/raid/kang/DelSIEVE/simulation_results/IndelSIEVE_benchmark_pipeline_sa_006/benchmark_results/indelsieve/from_candidate/variant_calling/mt/no_cnv/smc_mu_sa_stage_1/0009/indelsieve_median.cell_names	/raid/kang/DelSIEVE/simulation_results/IndelSIEVE_benchmark_pipeline_sa_006/benchmark_results/simulated_data/results/data_type/no_cnv/0009/true_evo_events_sites_names	/raid/kang/DelSIEVE/simulation_results/IndelSIEVE_benchmark_pipeline_sa_006/benchmark_results/indelsieve/from_candidate/variant_calling/mt/no_cnv/smc_mu_sa_stage_1/0009/indelsieve_median.loci_info	/raid/kang/DelSIEVE/simulation_results/IndelSIEVE_benchmark_pipeline_sa_006/benchmark_results/simulated_data/results/data_type/no_cnv/0009/true_evo_events_genotypes_numeric	/raid/kang/DelSIEVE/simulation_results/IndelSIEVE_benchmark_pipeline_sa_006/benchmark_results/indelsieve/from_candidate/variant_calling/mt/no_cnv/smc_mu_sa_stage_1/0009/indelsieve_median.genotypes	/raid/kang/DelSIEVE/simulation_results/IndelSIEVE_benchmark_pipeline_sa_006/benchmark_results/simulated_data/results/data_type/no_cnv/0009/true_evo_events_ternary_matrix.simple	/raid/kang/DelSIEVE/simulation_results/IndelSIEVE_benchmark_pipeline_sa_006/benchmark_results/indelsieve/from_candidate/variant_calling/mt/no_cnv/smc_mu_sa_stage_1/0009/indelsieve_median.ternary	/raid/kang/DelSIEVE/simulation_results/IndelSIEVE_benchmark_pipeline_sa_006/benchmark_results/indelsieve/from_candidate/variant_calling/mt/no_cnv/smc_mu_sa_stage_1/0009/indelsieve_median.probs	5657	53	8063	1787	0.7599408919935519	0.9907180385288968	0.8601185951041509	0.0065303104977821	5570	140	9620	222	0.961671270718232	0.9754816112084064	0.968527212658668	0.0143442622950819	4483	299	10548	222	0.9528161530286928	0.937473860309494	0.9450827448086856	0.0275652254079468	591	337	14559	65	0.9009146341463414	0.6368534482758621	0.7462121212121213	0.0226235230934479	656	53	1	64	0	0	11502	1698	0.0	NA	0.0	NA	0	0	13120	80	0.0	NA	0.0	NA	0	0	12769	431	0.0	NA	0.0	NA	0	0	12013	1187	0.0	NA	0.0	NA	1146	41	99	319	0	0	13200	0	NA	NA	0.0	NA
40	20	2	0.001999	0.3	3e-05	7.5e-06	0.0	0010	sieve	candidate_snvs	smc_mu_sa_stage_1	mt	no_cnv	/raid/kang/DelSIEVE/simulation_results/IndelSIEVE_benchmark_pipeline_sa_006/benchmark_results/simulated_data/results/cell_names	/raid/kang/DelSIEVE/simulation_results/IndelSIEVE_benchmark_pipeline_sa_006/benchmark_results/indelsieve/from_candidate/variant_calling/mt/no_cnv/smc_mu_sa_stage_1/0010/indelsieve_mode_gaussian.cell_names	/raid/kang/DelSIEVE/simulation_results/IndelSIEVE_benchmark_pipeline_sa_006/benchmark_results/simulated_data/results/data_type/no_cnv/0010/true_evo_events_sites_names	/raid/kang/DelSIEVE/simulation_results/IndelSIEVE_benchmark_pipeline_sa_006/benchmark_results/indelsieve/from_candidate/variant_calling/mt/no_cnv/smc_mu_sa_stage_1/0010/indelsieve_mode_gaussian.loci_info	/raid/kang/DelSIEVE/simulation_results/IndelSIEVE_benchmark_pipeline_sa_006/benchmark_results/simulated_data/results/data_type/no_cnv/0010/true_evo_events_genotypes_numeric	/raid/kang/DelSIEVE/simulation_results/IndelSIEVE_benchmark_pipeline_sa_006/benchmark_results/indelsieve/from_candidate/variant_calling/mt/no_cnv/smc_mu_sa_stage_1/0010/indelsieve_mode_gaussian.genotypes	/raid/kang/DelSIEVE/simulation_results/IndelSIEVE_benchmark_pipeline_sa_006/benchmark_results/simulated_data/results/data_type/no_cnv/0010/true_evo_events_ternary_matrix.simple	/raid/kang/DelSIEVE/simulation_results/IndelSIEVE_benchmark_pipeline_sa_006/benchmark_results/indelsieve/from_candidate/variant_calling/mt/no_cnv/smc_mu_sa_stage_1/0010/indelsieve_mode_gaussian.ternary	/raid/kang/DelSIEVE/simulation_results/IndelSIEVE_benchmark_pipeline_sa_006/benchmark_results/indelsieve/from_candidate/variant_calling/mt/no_cnv/smc_mu_sa_stage_1/0010/indelsieve_mode_gaussian.probs	8697	52	9445	2206	0.7976703659543245	0.9940564635958395	0.8851007531040098	0.0054754132884068	8594	155	11459	186	0.9788154897494306	0.9822836895645216	0.9805465229049004	0.0133459617702772	7138	424	12638	194	0.9735406437534098	0.9439301772017984	0.9585067812541964	0.0324605726534987	705	482	19111	96	0.8801498127340824	0.5939342881213142	0.7092555331991952	0.0246006226713622	801	52	1	95	0	0	15510	2210	0.0	NA	0.0	NA	0	0	17676	44	0.0	NA	0.0	NA	0	0	17073	647	0.0	NA	0.0	NA	0	0	16201	1519	0.0	NA	0.0	NA	1440	78	194	444	0	0	17720	0	NA	NA	0.0	NA
40	20	2	0.001999	0.3	3e-05	7.5e-06	0.0	0001	indelsieve	candidate_snvs	smc_mudel_ld_stage_1	mt	no_cnv	/raid/kang/DelSIEVE/simulation_results/IndelSIEVE_benchmark_pipeline_sa_006/benchmark_results/simulated_data/results/cell_names	/raid/kang/DelSIEVE/simulation_results/IndelSIEVE_benchmark_pipeline_sa_006/benchmark_results/indelsieve/from_candidate/variant_calling/mt/no_cnv/smc_mudel_ld_stage_1/0001/indelsieve_median.cell_names	/raid/kang/DelSIEVE/simulation_results/IndelSIEVE_benchmark_pipeline_sa_006/benchmark_results/simulated_data/results/data_type/no_cnv/0001/true_evo_events_sites_names	/raid/kang/DelSIEVE/simulation_results/IndelSIEVE_benchmark_pipeline_sa_006/benchmark_results/indelsieve/from_candidate/variant_calling/mt/no_cnv/smc_mudel_ld_stage_1/0001/indelsieve_median.loci_info	/raid/kang/DelSIEVE/simulation_results/IndelSIEVE_benchmark_pipeline_sa_006/benchmark_results/simulated_data/results/data_type/no_cnv/0001/true_evo_events_genotypes_numeric	/raid/kang/DelSIEVE/simulation_results/IndelSIEVE_benchmark_pipeline_sa_006/benchmark_results/indelsieve/from_candidate/variant_calling/mt/no_cnv/smc_mudel_ld_stage_1/0001/indelsieve_median.genotypes	/raid/kang/DelSIEVE/simulation_results/IndelSIEVE_benchmark_pipeline_sa_006/benchmark_results/simulated_data/results/data_type/no_cnv/0001/true_evo_events_ternary_matrix.simple	/raid/kang/DelSIEVE/simulation_results/IndelSIEVE_benchmark_pipeline_sa_006/benchmark_results/indelsieve/from_candidate/variant_calling/mt/no_cnv/smc_mudel_ld_stage_1/0001/indelsieve_median.ternary	/raid/kang/DelSIEVE/simulation_results/IndelSIEVE_benchmark_pipeline_sa_006/benchmark_results/indelsieve/from_candidate/variant_calling/mt/no_cnv/smc_mudel_ld_stage_1/0001/indelsieve_median.probs	7309	118	9158	1015	0.8780634310427679	0.9841120236973204	0.9280680591708464	0.0127210004312203	6371	75	10920	217	0.9670613236187008	0.9883648774433758	0.9775970538591378	0.0068212824010914	5268	189	11896	230	0.9581666060385596	0.9653655854865312	0.9617526243724328	0.0156392221762515	618	18	16870	77	0.8892086330935252	0.9716981132075472	0.92862509391435	0.0010658455708195	695	47	6	71	1222	112	13346	200	0.8593530239099859	0.9160419790104948	0.0083221875464407	0.8867924528301886	7	31	14833	9	0.4375	0.1842105263157894	0.0020855758880516	0.2592592592592592	321	32	14453	74	0.8126582278481013	0.9093484419263456	0.002209181912323	0.8582887700534758	840	103	13766	171	0.8308605341246291	0.8907741251325557	0.0074266349412358	0.8597748208802457	123	26	45	6	0	0	14880	0	NA	NA	0.0	NA
40	20	2	0.001999	0.3	3e-05	7.5e-06	0.0	0002	indelsieve	candidate_snvs	smc_mudel_ld_stage_1	mt	no_cnv	/raid/kang/DelSIEVE/simulation_results/IndelSIEVE_benchmark_pipeline_sa_006/benchmark_results/simulated_data/results/cell_names	/raid/kang/DelSIEVE/simulation_results/IndelSIEVE_benchmark_pipeline_sa_006/benchmark_results/indelsieve/from_candidate/variant_calling/mt/no_cnv/smc_mudel_ld_stage_1/0002/indelsieve_median.cell_names	/raid/kang/DelSIEVE/simulation_results/IndelSIEVE_benchmark_pipeline_sa_006/benchmark_results/simulated_data/results/data_type/no_cnv/0002/true_evo_events_sites_names	/raid/kang/DelSIEVE/simulation_results/IndelSIEVE_benchmark_pipeline_sa_006/benchmark_results/indelsieve/from_candidate/variant_calling/mt/no_cnv/smc_mudel_ld_stage_1/0002/indelsieve_median.loci_info	/raid/kang/DelSIEVE/simulation_results/IndelSIEVE_benchmark_pipeline_sa_006/benchmark_results/simulated_data/results/data_type/no_cnv/0002/true_evo_events_genotypes_numeric	/raid/kang/DelSIEVE/simulation_results/IndelSIEVE_benchmark_pipeline_sa_006/benchmark_results/indelsieve/from_candidate/variant_calling/mt/no_cnv/smc_mudel_ld_stage_1/0002/indelsieve_median.genotypes	/raid/kang/DelSIEVE/simulation_results/IndelSIEVE_benchmark_pipeline_sa_006/benchmark_results/simulated_data/results/data_type/no_cnv/0002/true_evo_events_ternary_matrix.simple	/raid/kang/DelSIEVE/simulation_results/IndelSIEVE_benchmark_pipeline_sa_006/benchmark_results/indelsieve/from_candidate/variant_calling/mt/no_cnv/smc_mudel_ld_stage_1/0002/indelsieve_median.ternary	/raid/kang/DelSIEVE/simulation_results/IndelSIEVE_benchmark_pipeline_sa_006/benchmark_results/indelsieve/from_candidate/variant_calling/mt/no_cnv/smc_mudel_ld_stage_1/0002/indelsieve_median.probs	11842	91	15907	1920	0.8604853945647435	0.9923740886616944	0.921735746254135	0.0056882110263782	10506	119	18809	304	0.9718778908418132	0.9888	0.9802659202239328	0.0062869822485207	8464	263	20681	330	0.9624744143734364	0.9698636415721325	0.9661548998344844	0.0125572956455309	1185	53	28391	109	0.9157650695517774	0.95718901453958	0.9360189573459716	0.0018633103642244	1294	74	0	109	1917	51	20620	292	0.8678134902670892	0.9740853658536586	0.0024672246141937	0.917883648551592	30	36	22796	18	0.625	0.4545454545454545	0.0015767344078486	0.5263157894736842	631	29	22129	91	0.8739612188365651	0.956060606060606	0.0013087823810813	0.9131693198263386	1196	46	21395	243	0.8311327310632384	0.9629629629629628	0.00214542232172	0.8922044013427824	183	38	42	25	0	0	22880	0	NA	NA	0.0	NA
40	20	2	0.001999	0.3	3e-05	7.5e-06	0.0	0003	indelsieve	candidate_snvs	smc_mudel_ld_stage_1	mt	no_cnv	/raid/kang/DelSIEVE/simulation_results/IndelSIEVE_benchmark_pipeline_sa_006/benchmark_results/simulated_data/results/cell_names	/raid/kang/DelSIEVE/simulation_results/IndelSIEVE_benchmark_pipeline_sa_006/benchmark_results/indelsieve/from_candidate/variant_calling/mt/no_cnv/smc_mudel_ld_stage_1/0003/indelsieve_median.cell_names	/raid/kang/DelSIEVE/simulation_results/IndelSIEVE_benchmark_pipeline_sa_006/benchmark_results/simulated_data/results/data_type/no_cnv/0003/true_evo_events_sites_names	/raid/kang/DelSIEVE/simulation_results/IndelSIEVE_benchmark_pipeline_sa_006/benchmark_results/indelsieve/from_candidate/variant_calling/mt/no_cnv/smc_mudel_ld_stage_1/0003/indelsieve_median.loci_info	/raid/kang/DelSIEVE/simulation_results/IndelSIEVE_benchmark_pipeline_sa_006/benchmark_results/simulated_data/results/data_type/no_cnv/0003/true_evo_events_genotypes_numeric	/raid/kang/DelSIEVE/simulation_results/IndelSIEVE_benchmark_pipeline_sa_006/benchmark_results/indelsieve/from_candidate/variant_calling/mt/no_cnv/smc_mudel_ld_stage_1/0003/indelsieve_median.genotypes	/raid/kang/DelSIEVE/simulation_results/IndelSIEVE_benchmark_pipeline_sa_006/benchmark_results/simulated_data/results/data_type/no_cnv/0003/true_evo_events_ternary_matrix.simple	/raid/kang/DelSIEVE/simulation_results/IndelSIEVE_benchmark_pipeline_sa_006/benchmark_results/indelsieve/from_candidate/variant_calling/mt/no_cnv/smc_mudel_ld_stage_1/0003/indelsieve_median.ternary	/raid/kang/DelSIEVE/simulation_results/IndelSIEVE_benchmark_pipeline_sa_006/benchmark_results/indelsieve/from_candidate/variant_calling/mt/no_cnv/smc_mudel_ld_stage_1/0003/indelsieve_median.probs	11220	127	16071	1502	0.8819368023895614	0.9888076143474046	0.9323195812040384	0.0078404741326089	9754	131	18717	296	0.970547263681592	0.986747597369752	0.9785803862553298	0.0069503395585738	7972	269	20305	352	0.9577126381547332	0.967358330299721	0.9625113190461816	0.0130747545445708	1085	43	27678	92	0.9218351741716228	0.9618794326241136	0.9414316702819956	0.0015511705926914	1177	88	1	91	1894	84	20929	253	0.8821611551001397	0.9575328614762386	0.0039975253414552	0.9183030303030304	33	24	23092	11	0.75	0.5789473684210527	0.0010382419103651	0.6534653465346535	477	39	22572	72	0.8688524590163934	0.9244186046511628	0.0017248242006103	0.8957746478873239	1340	65	21541	214	0.8622908622908623	0.9537366548042704	0.0030084235860409	0.9057113889827644	150	34	56	11	0	0	23160	0	NA	NA	0.0	NA
40	20	2	0.001999	0.3	3e-05	7.5e-06	0.0	0004	indelsieve	candidate_snvs	smc_mudel_ld_stage_1	mt	no_cnv	/raid/kang/DelSIEVE/simulation_results/IndelSIEVE_benchmark_pipeline_sa_006/benchmark_results/simulated_data/results/cell_names	/raid/kang/DelSIEVE/simulation_results/IndelSIEVE_benchmark_pipeline_sa_006/benchmark_results/indelsieve/from_candidate/variant_calling/mt/no_cnv/smc_mudel_ld_stage_1/0004/indelsieve_mode_gaussian.cell_names	/raid/kang/DelSIEVE/simulation_results/IndelSIEVE_benchmark_pipeline_sa_006/benchmark_results/simulated_data/results/data_type/no_cnv/0004/true_evo_events_sites_names	/raid/kang/DelSIEVE/simulation_results/IndelSIEVE_benchmark_pipeline_sa_006/benchmark_results/indelsieve/from_candidate/variant_calling/mt/no_cnv/smc_mudel_ld_stage_1/0004/indelsieve_mode_gaussian.loci_info	/raid/kang/DelSIEVE/simulation_results/IndelSIEVE_benchmark_pipeline_sa_006/benchmark_results/simulated_data/results/data_type/no_cnv/0004/true_evo_events_genotypes_numeric	/raid/kang/DelSIEVE/simulation_results/IndelSIEVE_benchmark_pipeline_sa_006/benchmark_results/indelsieve/from_candidate/variant_calling/mt/no_cnv/smc_mudel_ld_stage_1/0004/indelsieve_mode_gaussian.genotypes	/raid/kang/DelSIEVE/simulation_results/IndelSIEVE_benchmark_pipeline_sa_006/benchmark_results/simulated_data/results/data_type/no_cnv/0004/true_evo_events_ternary_matrix.simple	/raid/kang/DelSIEVE/simulation_results/IndelSIEVE_benchmark_pipeline_sa_006/benchmark_results/indelsieve/from_candidate/variant_calling/mt/no_cnv/smc_mudel_ld_stage_1/0004/indelsieve_mode_gaussian.ternary	/raid/kang/DelSIEVE/simulation_results/IndelSIEVE_benchmark_pipeline_sa_006/benchmark_results/indelsieve/from_candidate/variant_calling/mt/no_cnv/smc_mudel_ld_stage_1/0004/indelsieve_mode_gaussian.probs	13606	144	14229	1541	0.8982636825774081	0.9895272727272728	0.9416894487317022	0.0100187852222917	12033	154	17031	287	0.9767045454545454	0.987363584147042	0.9820051413881749	0.0089613034623217	9444	317	19414	330	0.9662369551872314	0.9675238192808114	0.9668799590478628	0.0160660888956464	1448	45	27899	113	0.9276105060858424	0.9698593436034828	0.948264571054355	0.0016103635843114	1561	98	1	112	2419	77	21920	264	0.9016026835631756	0.9691506410256412	0.0035004773378187	0.9341571731994592	66	18	24588	8	0.8918918918918919	0.7857142857142857	0.0007315288953913	0.8354430379746834	903	30	23665	82	0.916751269035533	0.9678456591639872	0.0012660898923823	0.9416058394160584	1414	65	22991	210	0.8706896551724138	0.95605138607167	0.0028192227619708	0.911376087657106	140	46	61	16	0	0	24680	0	NA	NA	0.0	NA
40	20	2	0.001999	0.3	3e-05	7.5e-06	0.0	0005	indelsieve	candidate_snvs	smc_mudel_ld_stage_1	mt	no_cnv	/raid/kang/DelSIEVE/simulation_results/IndelSIEVE_benchmark_pipeline_sa_006/benchmark_results/simulated_data/results/cell_names	/raid/kang/DelSIEVE/simulation_results/IndelSIEVE_benchmark_pipeline_sa_006/benchmark_results/indelsieve/from_candidate/variant_calling/mt/no_cnv/smc_mudel_ld_stage_1/0005/indelsieve_mode_gaussian.cell_names	/raid/kang/DelSIEVE/simulation_results/IndelSIEVE_benchmark_pipeline_sa_006/benchmark_results/simulated_data/results/data_type/no_cnv/0005/true_evo_events_sites_names	/raid/kang/DelSIEVE/simulation_results/IndelSIEVE_benchmark_pipeline_sa_006/benchmark_results/indelsieve/from_candidate/variant_calling/mt/no_cnv/smc_mudel_ld_stage_1/0005/indelsieve_mode_gaussian.loci_info	/raid/kang/DelSIEVE/simulation_results/IndelSIEVE_benchmark_pipeline_sa_006/benchmark_results/simulated_data/results/data_type/no_cnv/0005/true_evo_events_genotypes_numeric	/raid/kang/DelSIEVE/simulation_results/IndelSIEVE_benchmark_pipeline_sa_006/benchmark_results/indelsieve/from_candidate/variant_calling/mt/no_cnv/smc_mudel_ld_stage_1/0005/indelsieve_mode_gaussian.genotypes	/raid/kang/DelSIEVE/simulation_results/IndelSIEVE_benchmark_pipeline_sa_006/benchmark_results/simulated_data/results/data_type/no_cnv/0005/true_evo_events_ternary_matrix.simple	/raid/kang/DelSIEVE/simulation_results/IndelSIEVE_benchmark_pipeline_sa_006/benchmark_results/indelsieve/from_candidate/variant_calling/mt/no_cnv/smc_mudel_ld_stage_1/0005/indelsieve_mode_gaussian.ternary	/raid/kang/DelSIEVE/simulation_results/IndelSIEVE_benchmark_pipeline_sa_006/benchmark_results/indelsieve/from_candidate/variant_calling/mt/no_cnv/smc_mudel_ld_stage_1/0005/indelsieve_mode_gaussian.probs	7681	58	10105	1036	0.8811517723987611	0.99250549166559	0.9335196888672824	0.0057069762865295	6714	64	11928	161	0.9765818181818182	0.9905576866332252	0.983520105471325	0.0053368912608405	5331	174	13180	182	0.9669871213495376	0.9683923705722072	0.9676892357959704	0.0130298038041036	653	23	18111	80	0.8908594815825375	0.9659763313609468	0.9268985095812632	0.0012683357229513	733	43	0	80	1519	39	14272	210	0.8785425101214575	0.9749679075738126	0.0027251764377052	0.9242470337693944	16	22	15993	9	0.64	0.4210526315789473	0.0013737121448641	0.5079365079365079	579	18	15393	50	0.920508744038156	0.9698492462311558	0.0011679968853416	0.9445350734094616	891	32	14933	184	0.8288372093023256	0.9653304442036836	0.0021383227530905	0.8918918918918919	144	21	30	12	0	0	16040	0	NA	NA	0.0	NA
40	20	2	0.001999	0.3	3e-05	7.5e-06	0.0	0006	indelsieve	candidate_snvs	smc_mudel_ld_stage_1	mt	no_cnv	/raid/kang/DelSIEVE/simulation_results/IndelSIEVE_benchmark_pipeline_sa_006/benchmark_results/simulated_data/results/cell_names	/raid/kang/DelSIEVE/simulation_results/IndelSIEVE_benchmark_pipeline_sa_006/benchmark_results/indelsieve/from_candidate/variant_calling/mt/no_cnv/smc_mudel_ld_stage_1/0006/indelsieve_median.cell_names	/raid/kang/DelSIEVE/simulation_results/IndelSIEVE_benchmark_pipeline_sa_006/benchmark_results/simulated_data/results/data_type/no_cnv/0006/true_evo_events_sites_names	/raid/kang/DelSIEVE/simulation_results/IndelSIEVE_benchmark_pipeline_sa_006/benchmark_results/indelsieve/from_candidate/variant_calling/mt/no_cnv/smc_mudel_ld_stage_1/0006/indelsieve_median.loci_info	/raid/kang/DelSIEVE/simulation_results/IndelSIEVE_benchmark_pipeline_sa_006/benchmark_results/simulated_data/results/data_type/no_cnv/0006/true_evo_events_genotypes_numeric	/raid/kang/DelSIEVE/simulation_results/IndelSIEVE_benchmark_pipeline_sa_006/benchmark_results/indelsieve/from_candidate/variant_calling/mt/no_cnv/smc_mudel_ld_stage_1/0006/indelsieve_median.genotypes	/raid/kang/DelSIEVE/simulation_results/IndelSIEVE_benchmark_pipeline_sa_006/benchmark_results/simulated_data/results/data_type/no_cnv/0006/true_evo_events_ternary_matrix.simple	/raid/kang/DelSIEVE/simulation_results/IndelSIEVE_benchmark_pipeline_sa_006/benchmark_results/indelsieve/from_candidate/variant_calling/mt/no_cnv/smc_mudel_ld_stage_1/0006/indelsieve_median.ternary	/raid/kang/DelSIEVE/simulation_results/IndelSIEVE_benchmark_pipeline_sa_006/benchmark_results/indelsieve/from_candidate/variant_calling/mt/no_cnv/smc_mudel_ld_stage_1/0006/indelsieve_median.probs	11813	77	10236	1234	0.905418870238369	0.9935239697224558	0.947427517343706	0.0074663046640162	10203	89	12831	218	0.97908070242779	0.9913525068013992	0.9851783903828514	0.0068885448916408	7742	210	15137	252	0.968476357267951	0.9735915492957746	0.971027216856892	0.0136834560500423	1218	27	22019	77	0.9405405405405406	0.9783132530120482	0.9590551181102362	0.0012247119658895	1295	50	4	73	2616	77	16896	211	0.9253625751680228	0.9714073523950983	0.0045366169799092	0.9478260869565218	109	13	19669	9	0.923728813559322	0.8934426229508197	0.0006605019815059	0.9083333333333332	1052	43	18625	80	0.9293286219081272	0.960730593607306	0.0023034068995071	0.944768747193534	1423	53	18170	154	0.9023462270133163	0.9640921409214092	0.0029084124458102	0.9321978381919424	109	32	55	10	0	0	19800	0	NA	NA	0.0	NA
40	20	2	0.001999	0.3	3e-05	7.5e-06	0.0	0007	indelsieve	candidate_snvs	smc_mudel_ld_stage_1	mt	no_cnv	/raid/kang/DelSIEVE/simulation_results/IndelSIEVE_benchmark_pipeline_sa_006/benchmark_results/simulated_data/results/cell_names	/raid/kang/DelSIEVE/simulation_results/IndelSIEVE_benchmark_pipeline_sa_006/benchmark_results/indelsieve/from_candidate/variant_calling/mt/no_cnv/smc_mudel_ld_stage_1/0007/indelsieve_median.cell_names	/raid/kang/DelSIEVE/simulation_results/IndelSIEVE_benchmark_pipeline_sa_006/benchmark_results/simulated_data/results/data_type/no_cnv/0007/true_evo_events_sites_names	/raid/kang/DelSIEVE/simulation_results/IndelSIEVE_benchmark_pipeline_sa_006/benchmark_results/indelsieve/from_candidate/variant_calling/mt/no_cnv/smc_mudel_ld_stage_1/0007/indelsieve_median.loci_info	/raid/kang/DelSIEVE/simulation_results/IndelSIEVE_benchmark_pipeline_sa_006/benchmark_results/simulated_data/results/data_type/no_cnv/0007/true_evo_events_genotypes_numeric	/raid/kang/DelSIEVE/simulation_results/IndelSIEVE_benchmark_pipeline_sa_006/benchmark_results/indelsieve/from_candidate/variant_calling/mt/no_cnv/smc_mudel_ld_stage_1/0007/indelsieve_median.genotypes	/raid/kang/DelSIEVE/simulation_results/IndelSIEVE_benchmark_pipeline_sa_006/benchmark_results/simulated_data/results/data_type/no_cnv/0007/true_evo_events_ternary_matrix.simple	/raid/kang/DelSIEVE/simulation_results/IndelSIEVE_benchmark_pipeline_sa_006/benchmark_results/indelsieve/from_candidate/variant_calling/mt/no_cnv/smc_mudel_ld_stage_1/0007/indelsieve_median.ternary	/raid/kang/DelSIEVE/simulation_results/IndelSIEVE_benchmark_pipeline_sa_006/benchmark_results/indelsieve/from_candidate/variant_calling/mt/no_cnv/smc_mudel_ld_stage_1/0007/indelsieve_median.probs	7382	99	8253	986	0.8821701720841301	0.9867664750701778	0.9315414221717458	0.011853448275862	6498	85	9948	171	0.9743589743589745	0.9870879538204466	0.9806821611832176	0.0084720422605402	5210	152	11134	206	0.9619645494830132	0.9716523685192092	0.9667841900167006	0.0134680134680134	643	34	15964	61	0.9133522727272728	0.9497784342688332	0.9312092686459088	0.0021252656582072	704	50	1	60	1365	77	12794	164	0.8927403531720078	0.9466019417475728	0.005982441146764	0.9188825311342984	9	16	14367	8	0.5294117647058824	0.36	0.0011124243899047	0.4285714285714285	509	35	13816	40	0.9271402550091076	0.9356617647058824	0.0025268933650999	0.9313815187557182	812	61	13376	151	0.8431983385254413	0.9301260022909508	0.0045397038029322	0.8845315904139434	111	23	19	9	0	0	14400	0	NA	NA	0.0	NA
40	20	2	0.001999	0.3	3e-05	7.5e-06	0.0	0008	indelsieve	candidate_snvs	smc_mudel_ld_stage_1	mt	no_cnv	/raid/kang/DelSIEVE/simulation_results/IndelSIEVE_benchmark_pipeline_sa_006/benchmark_results/simulated_data/results/cell_names	/raid/kang/DelSIEVE/simulation_results/IndelSIEVE_benchmark_pipeline_sa_006/benchmark_results/indelsieve/from_candidate/variant_calling/mt/no_cnv/smc_mudel_ld_stage_1/0008/indelsieve_mode_gaussian.cell_names	/raid/kang/DelSIEVE/simulation_results/IndelSIEVE_benchmark_pipeline_sa_006/benchmark_results/simulated_data/results/data_type/no_cnv/0008/true_evo_events_sites_names	/raid/kang/DelSIEVE/simulation_results/IndelSIEVE_benchmark_pipeline_sa_006/benchmark_results/indelsieve/from_candidate/variant_calling/mt/no_cnv/smc_mudel_ld_stage_1/0008/indelsieve_mode_gaussian.loci_info	/raid/kang/DelSIEVE/simulation_results/IndelSIEVE_benchmark_pipeline_sa_006/benchmark_results/simulated_data/results/data_type/no_cnv/0008/true_evo_events_genotypes_numeric	/raid/kang/DelSIEVE/simulation_results/IndelSIEVE_benchmark_pipeline_sa_006/benchmark_results/indelsieve/from_candidate/variant_calling/mt/no_cnv/smc_mudel_ld_stage_1/0008/indelsieve_mode_gaussian.genotypes	/raid/kang/DelSIEVE/simulation_results/IndelSIEVE_benchmark_pipeline_sa_006/benchmark_results/simulated_data/results/data_type/no_cnv/0008/true_evo_events_ternary_matrix.simple	/raid/kang/DelSIEVE/simulation_results/IndelSIEVE_benchmark_pipeline_sa_006/benchmark_results/indelsieve/from_candidate/variant_calling/mt/no_cnv/smc_mudel_ld_stage_1/0008/indelsieve_mode_gaussian.ternary	/raid/kang/DelSIEVE/simulation_results/IndelSIEVE_benchmark_pipeline_sa_006/benchmark_results/indelsieve/from_candidate/variant_calling/mt/no_cnv/smc_mudel_ld_stage_1/0008/indelsieve_mode_gaussian.probs	10359	127	15184	1130	0.9016450517886674	0.9878886133892808	0.9427986348122864	0.0082946900920906	8841	95	17555	290	0.9682400613295368	0.9893688451208594	0.978690430065866	0.0053824362606232	7372	196	18873	340	0.9559128630705396	0.9741014799154334	0.9649214659685864	0.0102784624259268	783	29	25888	81	0.90625	0.9642857142857144	0.9343675417661098	0.0011189566693675	864	62	1	80	1974	132	19914	260	0.8836168307967771	0.9373219373219374	0.006584854833882	0.9096774193548388	70	28	22156	26	0.7291666666666666	0.7142857142857143	0.0012621709340064	0.7216494845360826	499	57	21668	56	0.8990990990990991	0.8974820143884892	0.0026237054085155	0.8982898289828983	1342	110	20587	241	0.8477574226152874	0.9242424242424242	0.0053147799197951	0.8843492586490939	191	22	30	14	0	0	22280	0	NA	NA	0.0	NA
40	20	2	0.001999	0.3	3e-05	7.5e-06	0.0	0009	indelsieve	candidate_snvs	smc_mudel_ld_stage_1	mt	no_cnv	/raid/kang/DelSIEVE/simulation_results/IndelSIEVE_benchmark_pipeline_sa_006/benchmark_results/simulated_data/results/cell_names	/raid/kang/DelSIEVE/simulation_results/IndelSIEVE_benchmark_pipeline_sa_006/benchmark_results/indelsieve/from_candidate/variant_calling/mt/no_cnv/smc_mudel_ld_stage_1/0009/indelsieve_median.cell_names	/raid/kang/DelSIEVE/simulation_results/IndelSIEVE_benchmark_pipeline_sa_006/benchmark_results/simulated_data/results/data_type/no_cnv/0009/true_evo_events_sites_names	/raid/kang/DelSIEVE/simulation_results/IndelSIEVE_benchmark_pipeline_sa_006/benchmark_results/indelsieve/from_candidate/variant_calling/mt/no_cnv/smc_mudel_ld_stage_1/0009/indelsieve_median.loci_info	/raid/kang/DelSIEVE/simulation_results/IndelSIEVE_benchmark_pipeline_sa_006/benchmark_results/simulated_data/results/data_type/no_cnv/0009/true_evo_events_genotypes_numeric	/raid/kang/DelSIEVE/simulation_results/IndelSIEVE_benchmark_pipeline_sa_006/benchmark_results/indelsieve/from_candidate/variant_calling/mt/no_cnv/smc_mudel_ld_stage_1/0009/indelsieve_median.genotypes	/raid/kang/DelSIEVE/simulation_results/IndelSIEVE_benchmark_pipeline_sa_006/benchmark_results/simulated_data/results/data_type/no_cnv/0009/true_evo_events_ternary_matrix.simple	/raid/kang/DelSIEVE/simulation_results/IndelSIEVE_benchmark_pipeline_sa_006/benchmark_results/indelsieve/from_candidate/variant_calling/mt/no_cnv/smc_mudel_ld_stage_1/0009/indelsieve_median.ternary	/raid/kang/DelSIEVE/simulation_results/IndelSIEVE_benchmark_pipeline_sa_006/benchmark_results/indelsieve/from_candidate/variant_calling/mt/no_cnv/smc_mudel_ld_stage_1/0009/indelsieve_median.probs	6769	70	8046	675	0.909322944653412	0.9897645854657112	0.9478400896170271	0.0086249383932971	5580	85	9675	212	0.9633977900552486	0.9849955869373344	0.9740769835035348	0.0087090163934426	4482	165	10680	225	0.9521988527724664	0.9644932214331828	0.9583066067992304	0.0152143845089903	590	24	14874	64	0.9021406727828746	0.9609120521172638	0.9305993690851736	0.0016109544905356	654	55	1	63	1547	31	11471	151	0.9110718492343934	0.9803548795944234	0.0026951834463571	0.9444444444444444	69	23	13097	11	0.8625	0.75	0.0017530487804878	0.8023255813953489	380	24	12745	51	0.8816705336426914	0.9405940594059404	0.0018795520400971	0.9101796407185628	1059	23	11990	128	0.8921651221566975	0.9787430683918668	0.0019145925247648	0.9334508594094312	97	21	26	6	0	0	13200	0	NA	NA	0.0	NA
40	20	2	0.001999	0.3	3e-05	7.5e-06	0.0	0010	indelsieve	candidate_snvs	smc_mudel_ld_stage_1	mt	no_cnv	/raid/kang/DelSIEVE/simulation_results/IndelSIEVE_benchmark_pipeline_sa_006/benchmark_results/simulated_data/results/cell_names	/raid/kang/DelSIEVE/simulation_results/IndelSIEVE_benchmark_pipeline_sa_006/benchmark_results/indelsieve/from_candidate/variant_calling/mt/no_cnv/smc_mudel_ld_stage_1/0010/indelsieve_mode_gaussian.cell_names	/raid/kang/DelSIEVE/simulation_results/IndelSIEVE_benchmark_pipeline_sa_006/benchmark_results/simulated_data/results/data_type/no_cnv/0010/true_evo_events_sites_names	/raid/kang/DelSIEVE/simulation_results/IndelSIEVE_benchmark_pipeline_sa_006/benchmark_results/indelsieve/from_candidate/variant_calling/mt/no_cnv/smc_mudel_ld_stage_1/0010/indelsieve_mode_gaussian.loci_info	/raid/kang/DelSIEVE/simulation_results/IndelSIEVE_benchmark_pipeline_sa_006/benchmark_results/simulated_data/results/data_type/no_cnv/0010/true_evo_events_genotypes_numeric	/raid/kang/DelSIEVE/simulation_results/IndelSIEVE_benchmark_pipeline_sa_006/benchmark_results/indelsieve/from_candidate/variant_calling/mt/no_cnv/smc_mudel_ld_stage_1/0010/indelsieve_mode_gaussian.genotypes	/raid/kang/DelSIEVE/simulation_results/IndelSIEVE_benchmark_pipeline_sa_006/benchmark_results/simulated_data/results/data_type/no_cnv/0010/true_evo_events_ternary_matrix.simple	/raid/kang/DelSIEVE/simulation_results/IndelSIEVE_benchmark_pipeline_sa_006/benchmark_results/indelsieve/from_candidate/variant_calling/mt/no_cnv/smc_mudel_ld_stage_1/0010/indelsieve_mode_gaussian.ternary	/raid/kang/DelSIEVE/simulation_results/IndelSIEVE_benchmark_pipeline_sa_006/benchmark_results/indelsieve/from_candidate/variant_calling/mt/no_cnv/smc_mudel_ld_stage_1/0010/indelsieve_mode_gaussian.probs	10084	104	9393	819	0.9248830597083372	0.989791912053396	0.9562372575980276	0.0109508265768137	8568	93	11521	212	0.9758542141230068	0.9892622099064772	0.9825124706152172	0.0080075770621663	7119	211	12829	235	0.9680446015773728	0.9712141882673944	0.9696268046853718	0.016180981595092	698	25	19590	81	0.8960205391527599	0.9654218533886584	0.929427430093209	0.0012745347947998	779	47	1	80	2004	131	15379	206	0.906787330316742	0.9386416861826696	0.0084461637653127	0.922439585730725	31	53	17623	13	0.7045454545454546	0.369047619047619	0.0029984159312061	0.484375	556	52	17021	91	0.8593508500772797	0.9144736842105264	0.0030457447431617	0.8860557768924303	1338	105	16096	181	0.8808426596445029	0.9272349272349272	0.0064810814147274	0.9034436191762322	116	36	48	6	0	0	17720	0	NA	NA	0.0	NA
40	20	2	0.001999	0.3	3e-05	7.5e-06	0.0	0001	indelsieve	candidate_snvs	smc_mudel_sa_stage_1	mt	no_cnv	/raid/kang/DelSIEVE/simulation_results/IndelSIEVE_benchmark_pipeline_sa_006/benchmark_results/simulated_data/results/cell_names	/raid/kang/DelSIEVE/simulation_results/IndelSIEVE_benchmark_pipeline_sa_006/benchmark_results/indelsieve/from_candidate/variant_calling/mt/no_cnv/smc_mudel_sa_stage_1/0001/indelsieve_median.cell_names	/raid/kang/DelSIEVE/simulation_results/IndelSIEVE_benchmark_pipeline_sa_006/benchmark_results/simulated_data/results/data_type/no_cnv/0001/true_evo_events_sites_names	/raid/kang/DelSIEVE/simulation_results/IndelSIEVE_benchmark_pipeline_sa_006/benchmark_results/indelsieve/from_candidate/variant_calling/mt/no_cnv/smc_mudel_sa_stage_1/0001/indelsieve_median.loci_info	/raid/kang/DelSIEVE/simulation_results/IndelSIEVE_benchmark_pipeline_sa_006/benchmark_results/simulated_data/results/data_type/no_cnv/0001/true_evo_events_genotypes_numeric	/raid/kang/DelSIEVE/simulation_results/IndelSIEVE_benchmark_pipeline_sa_006/benchmark_results/indelsieve/from_candidate/variant_calling/mt/no_cnv/smc_mudel_sa_stage_1/0001/indelsieve_median.genotypes	/raid/kang/DelSIEVE/simulation_results/IndelSIEVE_benchmark_pipeline_sa_006/benchmark_results/simulated_data/results/data_type/no_cnv/0001/true_evo_events_ternary_matrix.simple	/raid/kang/DelSIEVE/simulation_results/IndelSIEVE_benchmark_pipeline_sa_006/benchmark_results/indelsieve/from_candidate/variant_calling/mt/no_cnv/smc_mudel_sa_stage_1/0001/indelsieve_median.ternary	/raid/kang/DelSIEVE/simulation_results/IndelSIEVE_benchmark_pipeline_sa_006/benchmark_results/indelsieve/from_candidate/variant_calling/mt/no_cnv/smc_mudel_sa_stage_1/0001/indelsieve_median.probs	7343	99	9177	981	0.8821480057664585	0.986697124428917	0.9314981605987568	0.010672703751617	6366	71	10924	222	0.9663023679417122	0.988970017088706	0.9775047984644912	0.0064574806730331	5271	161	11931	220	0.9599344381715534	0.970360824742268	0.9651194726723428	0.0133145881574594	625	17	16864	77	0.8903133903133903	0.973520249221184	0.9300595238095236	0.0010070493454179	702	46	6	71	1287	81	13377	135	0.9050632911392406	0.9407894736842104	0.0060187249219794	0.9225806451612903	7	40	14824	9	0.4375	0.1489361702127659	0.0026910656620021	0.2222222222222221	335	28	14457	60	0.8481012658227848	0.9228650137741048	0.0019330341732827	0.8839050131926122	874	84	13785	137	0.8644906033630069	0.9123173277661796	0.0060566731559593	0.8877602844083291	87	17	27	4	0	0	14880	0	NA	NA	0.0	NA
40	20	2	0.001999	0.3	3e-05	7.5e-06	0.0	0002	indelsieve	candidate_snvs	smc_mudel_sa_stage_1	mt	no_cnv	/raid/kang/DelSIEVE/simulation_results/IndelSIEVE_benchmark_pipeline_sa_006/benchmark_results/simulated_data/results/cell_names	/raid/kang/DelSIEVE/simulation_results/IndelSIEVE_benchmark_pipeline_sa_006/benchmark_results/indelsieve/from_candidate/variant_calling/mt/no_cnv/smc_mudel_sa_stage_1/0002/indelsieve_median.cell_names	/raid/kang/DelSIEVE/simulation_results/IndelSIEVE_benchmark_pipeline_sa_006/benchmark_results/simulated_data/results/data_type/no_cnv/0002/true_evo_events_sites_names	/raid/kang/DelSIEVE/simulation_results/IndelSIEVE_benchmark_pipeline_sa_006/benchmark_results/indelsieve/from_candidate/variant_calling/mt/no_cnv/smc_mudel_sa_stage_1/0002/indelsieve_median.loci_info	/raid/kang/DelSIEVE/simulation_results/IndelSIEVE_benchmark_pipeline_sa_006/benchmark_results/simulated_data/results/data_type/no_cnv/0002/true_evo_events_genotypes_numeric	/raid/kang/DelSIEVE/simulation_results/IndelSIEVE_benchmark_pipeline_sa_006/benchmark_results/indelsieve/from_candidate/variant_calling/mt/no_cnv/smc_mudel_sa_stage_1/0002/indelsieve_median.genotypes	/raid/kang/DelSIEVE/simulation_results/IndelSIEVE_benchmark_pipeline_sa_006/benchmark_results/simulated_data/results/data_type/no_cnv/0002/true_evo_events_ternary_matrix.simple	/raid/kang/DelSIEVE/simulation_results/IndelSIEVE_benchmark_pipeline_sa_006/benchmark_results/indelsieve/from_candidate/variant_calling/mt/no_cnv/smc_mudel_sa_stage_1/0002/indelsieve_median.ternary	/raid/kang/DelSIEVE/simulation_results/IndelSIEVE_benchmark_pipeline_sa_006/benchmark_results/indelsieve/from_candidate/variant_calling/mt/no_cnv/smc_mudel_sa_stage_1/0002/indelsieve_median.probs	11947	86	15912	1815	0.8681150995494841	0.9928529876173856	0.9263035471990696	0.0053756719589948	10504	102	18826	306	0.9716928769657724	0.9903828021874412	0.9809488233096748	0.0053888419273034	8462	222	20722	332	0.9622469865817604	0.9744357438968216	0.9683030094976542	0.0105996944232238	1185	39	28405	109	0.9157650695517774	0.9681372549019608	0.9412231930103258	0.0013711151736745	1294	70	0	109	2070	55	20616	139	0.9370755998189226	0.9741176470588236	0.0026607324270717	0.95523765574527	42	39	22793	6	0.875	0.5185185185185185	0.001708128941836	0.6511627906976744	663	35	22123	59	0.9182825484764544	0.9498567335243552	0.0015795649426843	0.9338028169014084	1302	44	21397	137	0.9047949965253648	0.9673105497771174	0.0020521430903409	0.9350089766606822	84	23	20	12	0	0	22880	0	NA	NA	0.0	NA
40	20	2	0.001999	0.3	3e-05	7.5e-06	0.0	0003	indelsieve	candidate_snvs	smc_mudel_sa_stage_1	mt	no_cnv	/raid/kang/DelSIEVE/simulation_results/IndelSIEVE_benchmark_pipeline_sa_006/benchmark_results/simulated_data/results/cell_names	/raid/kang/DelSIEVE/simulation_results/IndelSIEVE_benchmark_pipeline_sa_006/benchmark_results/indelsieve/from_candidate/variant_calling/mt/no_cnv/smc_mudel_sa_stage_1/0003/indelsieve_median.cell_names	/raid/kang/DelSIEVE/simulation_results/IndelSIEVE_benchmark_pipeline_sa_006/benchmark_results/simulated_data/results/data_type/no_cnv/0003/true_evo_events_sites_names	/raid/kang/DelSIEVE/simulation_results/IndelSIEVE_benchmark_pipeline_sa_006/benchmark_results/indelsieve/from_candidate/variant_calling/mt/no_cnv/smc_mudel_sa_stage_1/0003/indelsieve_median.loci_info	/raid/kang/DelSIEVE/simulation_results/IndelSIEVE_benchmark_pipeline_sa_006/benchmark_results/simulated_data/results/data_type/no_cnv/0003/true_evo_events_genotypes_numeric	/raid/kang/DelSIEVE/simulation_results/IndelSIEVE_benchmark_pipeline_sa_006/benchmark_results/indelsieve/from_candidate/variant_calling/mt/no_cnv/smc_mudel_sa_stage_1/0003/indelsieve_median.genotypes	/raid/kang/DelSIEVE/simulation_results/IndelSIEVE_benchmark_pipeline_sa_006/benchmark_results/simulated_data/results/data_type/no_cnv/0003/true_evo_events_ternary_matrix.simple	/raid/kang/DelSIEVE/simulation_results/IndelSIEVE_benchmark_pipeline_sa_006/benchmark_results/indelsieve/from_candidate/variant_calling/mt/no_cnv/smc_mudel_sa_stage_1/0003/indelsieve_median.ternary	/raid/kang/DelSIEVE/simulation_results/IndelSIEVE_benchmark_pipeline_sa_006/benchmark_results/indelsieve/from_candidate/variant_calling/mt/no_cnv/smc_mudel_sa_stage_1/0003/indelsieve_median.probs	11255	125	16073	1467	0.884687942147461	0.9890158172231986	0.93394739025807	0.0077170020990245	9749	127	18721	301	0.9700497512437812	0.9871405427298502	0.978520525946	0.0067381154499151	7972	230	20343	353	0.9575975975975975	0.9719580590099977	0.9647243903914806	0.0111797015505759	1088	38	27684	88	0.9251700680272108	0.966252220248668	0.945264986967854	0.0013707524709616	1176	91	1	87	1978	74	20939	169	0.9212855146716348	0.9639376218323586	0.0035216294674725	0.9421290783519886	36	27	23089	8	0.8181818181818182	0.5714285714285714	0.0011680221491607	0.6728971962616823	498	50	22561	51	0.907103825136612	0.9087591240875912	0.0022113130777055	0.9079307201458522	1386	55	21551	168	0.8918918918918919	0.9618320610687024	0.0025455891881884	0.925542570951586	111	16	36	6	0	0	23160	0	NA	NA	0.0	NA
40	20	2	0.001999	0.3	3e-05	7.5e-06	0.0	0004	indelsieve	candidate_snvs	smc_mudel_sa_stage_1	mt	no_cnv	/raid/kang/DelSIEVE/simulation_results/IndelSIEVE_benchmark_pipeline_sa_006/benchmark_results/simulated_data/results/cell_names	/raid/kang/DelSIEVE/simulation_results/IndelSIEVE_benchmark_pipeline_sa_006/benchmark_results/indelsieve/from_candidate/variant_calling/mt/no_cnv/smc_mudel_sa_stage_1/0004/indelsieve_median.cell_names	/raid/kang/DelSIEVE/simulation_results/IndelSIEVE_benchmark_pipeline_sa_006/benchmark_results/simulated_data/results/data_type/no_cnv/0004/true_evo_events_sites_names	/raid/kang/DelSIEVE/simulation_results/IndelSIEVE_benchmark_pipeline_sa_006/benchmark_results/indelsieve/from_candidate/variant_calling/mt/no_cnv/smc_mudel_sa_stage_1/0004/indelsieve_median.loci_info	/raid/kang/DelSIEVE/simulation_results/IndelSIEVE_benchmark_pipeline_sa_006/benchmark_results/simulated_data/results/data_type/no_cnv/0004/true_evo_events_genotypes_numeric	/raid/kang/DelSIEVE/simulation_results/IndelSIEVE_benchmark_pipeline_sa_006/benchmark_results/indelsieve/from_candidate/variant_calling/mt/no_cnv/smc_mudel_sa_stage_1/0004/indelsieve_median.genotypes	/raid/kang/DelSIEVE/simulation_results/IndelSIEVE_benchmark_pipeline_sa_006/benchmark_results/simulated_data/results/data_type/no_cnv/0004/true_evo_events_ternary_matrix.simple	/raid/kang/DelSIEVE/simulation_results/IndelSIEVE_benchmark_pipeline_sa_006/benchmark_results/indelsieve/from_candidate/variant_calling/mt/no_cnv/smc_mudel_sa_stage_1/0004/indelsieve_median.ternary	/raid/kang/DelSIEVE/simulation_results/IndelSIEVE_benchmark_pipeline_sa_006/benchmark_results/indelsieve/from_candidate/variant_calling/mt/no_cnv/smc_mudel_sa_stage_1/0004/indelsieve_median.probs	13666	149	14224	1481	0.9022248630091768	0.9892146217879116	0.9437193563980388	0.0103666597091769	12032	151	17034	288	0.9766233766233766	0.9876056800459656	0.9820838264702282	0.0087867326156531	9444	278	19452	331	0.9661381074168798	0.9714050606871014	0.9687644252961994	0.0140902179422199	1447	42	27903	113	0.9275641025641026	0.9717931497649428	0.9491636602164644	0.0015029522275899	1560	102	1	112	2523	81	21916	160	0.940365262765561	0.96889400921659	0.0036823203164067	0.9544164932854172	66	18	24588	8	0.8918918918918919	0.7857142857142857	0.0007315288953913	0.8354430379746834	933	39	23656	52	0.9472081218274112	0.9598765432098766	0.001645916860097	0.9535002554931016	1478	70	22986	146	0.9100985221674875	0.954780361757106	0.0030360860513532	0.931904161412358	83	31	33	13	0	0	24680	0	NA	NA	0.0	NA
40	20	2	0.001999	0.3	3e-05	7.5e-06	0.0	0005	indelsieve	candidate_snvs	smc_mudel_sa_stage_1	mt	no_cnv	/raid/kang/DelSIEVE/simulation_results/IndelSIEVE_benchmark_pipeline_sa_006/benchmark_results/simulated_data/results/cell_names	/raid/kang/DelSIEVE/simulation_results/IndelSIEVE_benchmark_pipeline_sa_006/benchmark_results/indelsieve/from_candidate/variant_calling/mt/no_cnv/smc_mudel_sa_stage_1/0005/indelsieve_median.cell_names	/raid/kang/DelSIEVE/simulation_results/IndelSIEVE_benchmark_pipeline_sa_006/benchmark_results/simulated_data/results/data_type/no_cnv/0005/true_evo_events_sites_names	/raid/kang/DelSIEVE/simulation_results/IndelSIEVE_benchmark_pipeline_sa_006/benchmark_results/indelsieve/from_candidate/variant_calling/mt/no_cnv/smc_mudel_sa_stage_1/0005/indelsieve_median.loci_info	/raid/kang/DelSIEVE/simulation_results/IndelSIEVE_benchmark_pipeline_sa_006/benchmark_results/simulated_data/results/data_type/no_cnv/0005/true_evo_events_genotypes_numeric	/raid/kang/DelSIEVE/simulation_results/IndelSIEVE_benchmark_pipeline_sa_006/benchmark_results/indelsieve/from_candidate/variant_calling/mt/no_cnv/smc_mudel_sa_stage_1/0005/indelsieve_median.genotypes	/raid/kang/DelSIEVE/simulation_results/IndelSIEVE_benchmark_pipeline_sa_006/benchmark_results/simulated_data/results/data_type/no_cnv/0005/true_evo_events_ternary_matrix.simple	/raid/kang/DelSIEVE/simulation_results/IndelSIEVE_benchmark_pipeline_sa_006/benchmark_results/indelsieve/from_candidate/variant_calling/mt/no_cnv/smc_mudel_sa_stage_1/0005/indelsieve_median.ternary	/raid/kang/DelSIEVE/simulation_results/IndelSIEVE_benchmark_pipeline_sa_006/benchmark_results/indelsieve/from_candidate/variant_calling/mt/no_cnv/smc_mudel_sa_stage_1/0005/indelsieve_median.probs	7739	49	10114	978	0.8878054376505679	0.993708269131998	0.937776431384429	0.0048214110006887	6714	57	11935	161	0.9765818181818182	0.9915817456801064	0.9840246226000292	0.0047531687791861	5341	161	13192	173	0.9686253173739572	0.9707379134860052	0.969680464778504	0.0120572156069797	651	14	18121	81	0.889344262295082	0.9789473684210528	0.9319971367215464	0.000771987868762	732	40	0	81	1595	26	14285	134	0.9224985540775016	0.9839605181986428	0.0018167842918035	0.9522388059701492	16	28	15987	9	0.64	0.3636363636363636	0.0017483609116453	0.463768115942029	591	13	15398	38	0.9395866454689984	0.9784768211920528	0.00084355330608	0.9586374695863747	944	29	14936	131	0.878139534883721	0.9701952723535456	0.0019378549949883	0.921875	89	15	25	5	0	0	16040	0	NA	NA	0.0	NA
40	20	2	0.001999	0.3	3e-05	7.5e-06	0.0	0006	indelsieve	candidate_snvs	smc_mudel_sa_stage_1	mt	no_cnv	/raid/kang/DelSIEVE/simulation_results/IndelSIEVE_benchmark_pipeline_sa_006/benchmark_results/simulated_data/results/cell_names	/raid/kang/DelSIEVE/simulation_results/IndelSIEVE_benchmark_pipeline_sa_006/benchmark_results/indelsieve/from_candidate/variant_calling/mt/no_cnv/smc_mudel_sa_stage_1/0006/indelsieve_mode_gaussian.cell_names	/raid/kang/DelSIEVE/simulation_results/IndelSIEVE_benchmark_pipeline_sa_006/benchmark_results/simulated_data/results/data_type/no_cnv/0006/true_evo_events_sites_names	/raid/kang/DelSIEVE/simulation_results/IndelSIEVE_benchmark_pipeline_sa_006/benchmark_results/indelsieve/from_candidate/variant_calling/mt/no_cnv/smc_mudel_sa_stage_1/0006/indelsieve_mode_gaussian.loci_info	/raid/kang/DelSIEVE/simulation_results/IndelSIEVE_benchmark_pipeline_sa_006/benchmark_results/simulated_data/results/data_type/no_cnv/0006/true_evo_events_genotypes_numeric	/raid/kang/DelSIEVE/simulation_results/IndelSIEVE_benchmark_pipeline_sa_006/benchmark_results/indelsieve/from_candidate/variant_calling/mt/no_cnv/smc_mudel_sa_stage_1/0006/indelsieve_mode_gaussian.genotypes	/raid/kang/DelSIEVE/simulation_results/IndelSIEVE_benchmark_pipeline_sa_006/benchmark_results/simulated_data/results/data_type/no_cnv/0006/true_evo_events_ternary_matrix.simple	/raid/kang/DelSIEVE/simulation_results/IndelSIEVE_benchmark_pipeline_sa_006/benchmark_results/indelsieve/from_candidate/variant_calling/mt/no_cnv/smc_mudel_sa_stage_1/0006/indelsieve_mode_gaussian.ternary	/raid/kang/DelSIEVE/simulation_results/IndelSIEVE_benchmark_pipeline_sa_006/benchmark_results/indelsieve/from_candidate/variant_calling/mt/no_cnv/smc_mudel_sa_stage_1/0006/indelsieve_mode_gaussian.probs	11863	77	10236	1184	0.9092511688510768	0.9935510887772194	0.949533757553928	0.0074663046640162	10200	90	12830	221	0.9787928221859706	0.9912536443148688	0.9849838250205204	0.0069659442724458	7743	177	15172	249	0.9688438438438438	0.9776515151515152	0.9732277526395174	0.0115316958759528	1222	21	22023	75	0.9421742482652274	0.9831053901850362	0.9622047244094488	0.000952640174197	1297	53	4	71	2708	69	16904	119	0.9579059073222498	0.9751530428519986	0.0040652801508277	0.966452533904354	109	13	19669	9	0.923728813559322	0.8934426229508197	0.0006605019815059	0.9083333333333332	1079	48	18620	53	0.9531802120141344	0.9574090505767524	0.0025712449110777	0.9552899513058876	1472	56	18167	105	0.933417882054534	0.9633507853403142	0.0030730395653844	0.948148148148148	62	21	32	4	0	0	19800	0	NA	NA	0.0	NA
40	20	2	0.001999	0.3	3e-05	7.5e-06	0.0	0007	indelsieve	candidate_snvs	smc_mudel_sa_stage_1	mt	no_cnv	/raid/kang/DelSIEVE/simulation_results/IndelSIEVE_benchmark_pipeline_sa_006/benchmark_results/simulated_data/results/cell_names	/raid/kang/DelSIEVE/simulation_results/IndelSIEVE_benchmark_pipeline_sa_006/benchmark_results/indelsieve/from_candidate/variant_calling/mt/no_cnv/smc_mudel_sa_stage_1/0007/indelsieve_mode_gaussian.cell_names	/raid/kang/DelSIEVE/simulation_results/IndelSIEVE_benchmark_pipeline_sa_006/benchmark_results/simulated_data/results/data_type/no_cnv/0007/true_evo_events_sites_names	/raid/kang/DelSIEVE/simulation_results/IndelSIEVE_benchmark_pipeline_sa_006/benchmark_results/indelsieve/from_candidate/variant_calling/mt/no_cnv/smc_mudel_sa_stage_1/0007/indelsieve_mode_gaussian.loci_info	/raid/kang/DelSIEVE/simulation_results/IndelSIEVE_benchmark_pipeline_sa_006/benchmark_results/simulated_data/results/data_type/no_cnv/0007/true_evo_events_genotypes_numeric	/raid/kang/DelSIEVE/simulation_results/IndelSIEVE_benchmark_pipeline_sa_006/benchmark_results/indelsieve/from_candidate/variant_calling/mt/no_cnv/smc_mudel_sa_stage_1/0007/indelsieve_mode_gaussian.genotypes	/raid/kang/DelSIEVE/simulation_results/IndelSIEVE_benchmark_pipeline_sa_006/benchmark_results/simulated_data/results/data_type/no_cnv/0007/true_evo_events_ternary_matrix.simple	/raid/kang/DelSIEVE/simulation_results/IndelSIEVE_benchmark_pipeline_sa_006/benchmark_results/indelsieve/from_candidate/variant_calling/mt/no_cnv/smc_mudel_sa_stage_1/0007/indelsieve_mode_gaussian.ternary	/raid/kang/DelSIEVE/simulation_results/IndelSIEVE_benchmark_pipeline_sa_006/benchmark_results/indelsieve/from_candidate/variant_calling/mt/no_cnv/smc_mudel_sa_stage_1/0007/indelsieve_mode_gaussian.probs	7412	95	8257	956	0.885755258126195	0.9873451445317704	0.9337952755905512	0.0113745210727969	6497	80	9953	172	0.9742090268406058	0.987836399574274	0.980975388796618	0.0079736868334496	5211	139	11147	205	0.962149187592319	0.9740186915887852	0.96804755712428	0.0123161438950912	642	31	15967	62	0.9119318181818182	0.9539375928677564	0.9324618736383442	0.0019377422177772	704	47	1	61	1412	72	12799	117	0.9234793982995422	0.9514824797843666	0.0055939709424287	0.9372718221042152	9	16	14367	8	0.5294117647058824	0.36	0.0011124243899047	0.4285714285714285	516	38	13813	33	0.9398907103825136	0.9314079422382672	0.0027434842249657	0.9356300997280146	845	60	13377	118	0.877466251298027	0.9337016574585636	0.0044652824291136	0.904710920770878	80	16	15	6	0	0	14400	0	NA	NA	0.0	NA
40	20	2	0.001999	0.3	3e-05	7.5e-06	0.0	0008	indelsieve	candidate_snvs	smc_mudel_sa_stage_1	mt	no_cnv	/raid/kang/DelSIEVE/simulation_results/IndelSIEVE_benchmark_pipeline_sa_006/benchmark_results/simulated_data/results/cell_names	/raid/kang/DelSIEVE/simulation_results/IndelSIEVE_benchmark_pipeline_sa_006/benchmark_results/indelsieve/from_candidate/variant_calling/mt/no_cnv/smc_mudel_sa_stage_1/0008/indelsieve_mode_gaussian.cell_names	/raid/kang/DelSIEVE/simulation_results/IndelSIEVE_benchmark_pipeline_sa_006/benchmark_results/simulated_data/results/data_type/no_cnv/0008/true_evo_events_sites_names	/raid/kang/DelSIEVE/simulation_results/IndelSIEVE_benchmark_pipeline_sa_006/benchmark_results/indelsieve/from_candidate/variant_calling/mt/no_cnv/smc_mudel_sa_stage_1/0008/indelsieve_mode_gaussian.loci_info	/raid/kang/DelSIEVE/simulation_results/IndelSIEVE_benchmark_pipeline_sa_006/benchmark_results/simulated_data/results/data_type/no_cnv/0008/true_evo_events_genotypes_numeric	/raid/kang/DelSIEVE/simulation_results/IndelSIEVE_benchmark_pipeline_sa_006/benchmark_results/indelsieve/from_candidate/variant_calling/mt/no_cnv/smc_mudel_sa_stage_1/0008/indelsieve_mode_gaussian.genotypes	/raid/kang/DelSIEVE/simulation_results/IndelSIEVE_benchmark_pipeline_sa_006/benchmark_results/simulated_data/results/data_type/no_cnv/0008/true_evo_events_ternary_matrix.simple	/raid/kang/DelSIEVE/simulation_results/IndelSIEVE_benchmark_pipeline_sa_006/benchmark_results/indelsieve/from_candidate/variant_calling/mt/no_cnv/smc_mudel_sa_stage_1/0008/indelsieve_mode_gaussian.ternary	/raid/kang/DelSIEVE/simulation_results/IndelSIEVE_benchmark_pipeline_sa_006/benchmark_results/indelsieve/from_candidate/variant_calling/mt/no_cnv/smc_mudel_sa_stage_1/0008/indelsieve_mode_gaussian.probs	10417	137	15174	1072	0.9066933588650014	0.9870191396626872	0.9451526561720276	0.0089478152961922	8852	100	17550	279	0.9694447486584165	0.9888293118856122	0.979041088314992	0.0056657223796034	7393	193	18880	315	0.959133367929424	0.9745583970471922	0.9667843598796914	0.0101190164106328	781	29	25884	87	0.8997695852534562	0.9641975308641976	0.930870083432658	0.0011191293945124	868	68	1	86	2052	106	19940	182	0.918531781557744	0.9508804448563484	0.0052878379726628	0.9344262295081966	70	28	22156	26	0.7291666666666666	0.7142857142857143	0.0012621709340064	0.7216494845360826	513	43	21682	42	0.9243243243243244	0.9226618705035972	0.0019792865362485	0.9234923492349234	1401	103	20594	182	0.885028427037271	0.9315159574468084	0.0049765666521718	0.9076773566569484	133	19	20	10	0	0	22280	0	NA	NA	0.0	NA
40	20	2	0.001999	0.3	3e-05	7.5e-06	0.0	0009	indelsieve	candidate_snvs	smc_mudel_sa_stage_1	mt	no_cnv	/raid/kang/DelSIEVE/simulation_results/IndelSIEVE_benchmark_pipeline_sa_006/benchmark_results/simulated_data/results/cell_names	/raid/kang/DelSIEVE/simulation_results/IndelSIEVE_benchmark_pipeline_sa_006/benchmark_results/indelsieve/from_candidate/variant_calling/mt/no_cnv/smc_mudel_sa_stage_1/0009/indelsieve_mode_gaussian.cell_names	/raid/kang/DelSIEVE/simulation_results/IndelSIEVE_benchmark_pipeline_sa_006/benchmark_results/simulated_data/results/data_type/no_cnv/0009/true_evo_events_sites_names	/raid/kang/DelSIEVE/simulation_results/IndelSIEVE_benchmark_pipeline_sa_006/benchmark_results/indelsieve/from_candidate/variant_calling/mt/no_cnv/smc_mudel_sa_stage_1/0009/indelsieve_mode_gaussian.loci_info	/raid/kang/DelSIEVE/simulation_results/IndelSIEVE_benchmark_pipeline_sa_006/benchmark_results/simulated_data/results/data_type/no_cnv/0009/true_evo_events_genotypes_numeric	/raid/kang/DelSIEVE/simulation_results/IndelSIEVE_benchmark_pipeline_sa_006/benchmark_results/indelsieve/from_candidate/variant_calling/mt/no_cnv/smc_mudel_sa_stage_1/0009/indelsieve_mode_gaussian.genotypes	/raid/kang/DelSIEVE/simulation_results/IndelSIEVE_benchmark_pipeline_sa_006/benchmark_results/simulated_data/results/data_type/no_cnv/0009/true_evo_events_ternary_matrix.simple	/raid/kang/DelSIEVE/simulation_results/IndelSIEVE_benchmark_pipeline_sa_006/benchmark_results/indelsieve/from_candidate/variant_calling/mt/no_cnv/smc_mudel_sa_stage_1/0009/indelsieve_mode_gaussian.ternary	/raid/kang/DelSIEVE/simulation_results/IndelSIEVE_benchmark_pipeline_sa_006/benchmark_results/indelsieve/from_candidate/variant_calling/mt/no_cnv/smc_mudel_sa_stage_1/0009/indelsieve_mode_gaussian.probs	6795	78	8038	649	0.9128156904889844	0.988651243998254	0.949221205559824	0.0096106456382454	5579	84	9676	213	0.963225138121547	0.9851668726823238	0.974072457442165	0.0086065573770491	4485	156	10691	220	0.953241232731137	0.9663865546218487	0.9597688850845282	0.0143818567345809	590	22	14874	66	0.899390243902439	0.9640522875816994	0.9305993690851736	0.0014769065520945	656	55	1	65	1584	36	11466	114	0.9328621908127208	0.9777777777777776	0.0031298904538341	0.9547920433996384	71	23	13097	9	0.8875	0.7553191489361702	0.0017530487804878	0.8160919540229885	388	22	12747	43	0.9002320185614849	0.946341463414634	0.0017229227034223	0.9227110582639714	1083	33	11980	104	0.9123841617523168	0.9704301075268816	0.0027470240572712	0.940512375162831	72	18	18	6	0	0	13200	0	NA	NA	0.0	NA
40	20	2	0.001999	0.3	3e-05	7.5e-06	0.0	0010	indelsieve	candidate_snvs	smc_mudel_sa_stage_1	mt	no_cnv	/raid/kang/DelSIEVE/simulation_results/IndelSIEVE_benchmark_pipeline_sa_006/benchmark_results/simulated_data/results/cell_names	/raid/kang/DelSIEVE/simulation_results/IndelSIEVE_benchmark_pipeline_sa_006/benchmark_results/indelsieve/from_candidate/variant_calling/mt/no_cnv/smc_mudel_sa_stage_1/0010/indelsieve_median.cell_names	/raid/kang/DelSIEVE/simulation_results/IndelSIEVE_benchmark_pipeline_sa_006/benchmark_results/simulated_data/results/data_type/no_cnv/0010/true_evo_events_sites_names	/raid/kang/DelSIEVE/simulation_results/IndelSIEVE_benchmark_pipeline_sa_006/benchmark_results/indelsieve/from_candidate/variant_calling/mt/no_cnv/smc_mudel_sa_stage_1/0010/indelsieve_median.loci_info	/raid/kang/DelSIEVE/simulation_results/IndelSIEVE_benchmark_pipeline_sa_006/benchmark_results/simulated_data/results/data_type/no_cnv/0010/true_evo_events_genotypes_numeric	/raid/kang/DelSIEVE/simulation_results/IndelSIEVE_benchmark_pipeline_sa_006/benchmark_results/indelsieve/from_candidate/variant_calling/mt/no_cnv/smc_mudel_sa_stage_1/0010/indelsieve_median.genotypes	/raid/kang/DelSIEVE/simulation_results/IndelSIEVE_benchmark_pipeline_sa_006/benchmark_results/simulated_data/results/data_type/no_cnv/0010/true_evo_events_ternary_matrix.simple	/raid/kang/DelSIEVE/simulation_results/IndelSIEVE_benchmark_pipeline_sa_006/benchmark_results/indelsieve/from_candidate/variant_calling/mt/no_cnv/smc_mudel_sa_stage_1/0010/indelsieve_median.ternary	/raid/kang/DelSIEVE/simulation_results/IndelSIEVE_benchmark_pipeline_sa_006/benchmark_results/indelsieve/from_candidate/variant_calling/mt/no_cnv/smc_mudel_sa_stage_1/0010/indelsieve_median.probs	10119	94	9403	784	0.928093185361827	0.9907960442573192	0.9584201553324494	0.0098978624828893	8570	82	11532	210	0.9760820045558086	0.9905224225612576	0.9832491968793023	0.0070604442913724	7127	178	12862	227	0.9691324449279304	0.9756331279945244	0.972371921686336	0.0136503067484662	699	19	19596	80	0.8973042362002568	0.9735376044568244	0.9338677354709418	0.0009686464440479	779	51	1	79	2083	107	15403	127	0.9425339366515836	0.9511415525114156	0.0068987749838813	0.9468181818181818	35	65	17611	9	0.7954545454545454	0.35	0.0036773025571396	0.486111111111111	578	51	17022	69	0.893353941267388	0.918918918918919	0.0029871727288701	0.9059561128526644	1381	80	16121	138	0.9091507570770244	0.945242984257358	0.0049379667921733	0.9268456375838926	77	21	27	2	0	0	17720	0	NA	NA	0.0	NA
40	20	2	0.001999	0.3	3e-05	7.5e-06	0.0	0001	sieve	candidate_snvs	smc_mu_ld_stage_1-smc_mu_ld_stage_2	mt	no_cnv	/raid/kang/DelSIEVE/simulation_results/IndelSIEVE_benchmark_pipeline_sa_006/benchmark_results/simulated_data/results/cell_names	/raid/kang/DelSIEVE/simulation_results/IndelSIEVE_benchmark_pipeline_sa_006/benchmark_results/indelsieve/from_candidate/variant_calling/stage2/mt/no_cnv/smc_mu_ld_stage_1-smc_mu_ld_stage_2/0001/indelsieve_median.cell_names	/raid/kang/DelSIEVE/simulation_results/IndelSIEVE_benchmark_pipeline_sa_006/benchmark_results/simulated_data/results/data_type/no_cnv/0001/true_evo_events_sites_names	/raid/kang/DelSIEVE/simulation_results/IndelSIEVE_benchmark_pipeline_sa_006/benchmark_results/indelsieve/from_candidate/variant_calling/stage2/mt/no_cnv/smc_mu_ld_stage_1-smc_mu_ld_stage_2/0001/indelsieve_median.loci_info	/raid/kang/DelSIEVE/simulation_results/IndelSIEVE_benchmark_pipeline_sa_006/benchmark_results/simulated_data/results/data_type/no_cnv/0001/true_evo_events_genotypes_numeric	/raid/kang/DelSIEVE/simulation_results/IndelSIEVE_benchmark_pipeline_sa_006/benchmark_results/indelsieve/from_candidate/variant_calling/stage2/mt/no_cnv/smc_mu_ld_stage_1-smc_mu_ld_stage_2/0001/indelsieve_median.genotypes	/raid/kang/DelSIEVE/simulation_results/IndelSIEVE_benchmark_pipeline_sa_006/benchmark_results/simulated_data/results/data_type/no_cnv/0001/true_evo_events_ternary_matrix.simple	/raid/kang/DelSIEVE/simulation_results/IndelSIEVE_benchmark_pipeline_sa_006/benchmark_results/indelsieve/from_candidate/variant_calling/stage2/mt/no_cnv/smc_mu_ld_stage_1-smc_mu_ld_stage_2/0001/indelsieve_median.ternary	/raid/kang/DelSIEVE/simulation_results/IndelSIEVE_benchmark_pipeline_sa_006/benchmark_results/indelsieve/from_candidate/variant_calling/stage2/mt/no_cnv/smc_mu_ld_stage_1-smc_mu_ld_stage_2/0001/indelsieve_median.probs	6475	109	9167	1849	0.7778712157616531	0.9834447144592952	0.8686611215454788	0.0117507546356188	6392	192	10803	196	0.9702489374620522	0.970838396111786	0.9705435772851504	0.017462482946794	5310	455	11643	175	0.968094804010939	0.9210754553339116	0.944	0.0376095222350801	600	219	16656	108	0.847457627118644	0.7326007326007326	0.7858546168958742	0.0129777777777777	708	109	6	102	0	0	13458	1422	0.0	NA	0.0	NA	0	0	14864	16	0.0	NA	0.0	NA	0	0	14485	395	0.0	NA	0.0	NA	0	0	13869	1011	0.0	NA	0.0	NA	937	74	164	211	0	0	14880	0	NA	NA	0.0	NA
40	20	2	0.001999	0.3	3e-05	7.5e-06	0.0	0001	sieve	candidate_snvs	smc_mu_sa_stage_1-smc_mu_sa_stage_2	mt	no_cnv	/raid/kang/DelSIEVE/simulation_results/IndelSIEVE_benchmark_pipeline_sa_006/benchmark_results/simulated_data/results/cell_names	/raid/kang/DelSIEVE/simulation_results/IndelSIEVE_benchmark_pipeline_sa_006/benchmark_results/indelsieve/from_candidate/variant_calling/stage2/mt/no_cnv/smc_mu_sa_stage_1-smc_mu_sa_stage_2/0001/indelsieve_median.cell_names	/raid/kang/DelSIEVE/simulation_results/IndelSIEVE_benchmark_pipeline_sa_006/benchmark_results/simulated_data/results/data_type/no_cnv/0001/true_evo_events_sites_names	/raid/kang/DelSIEVE/simulation_results/IndelSIEVE_benchmark_pipeline_sa_006/benchmark_results/indelsieve/from_candidate/variant_calling/stage2/mt/no_cnv/smc_mu_sa_stage_1-smc_mu_sa_stage_2/0001/indelsieve_median.loci_info	/raid/kang/DelSIEVE/simulation_results/IndelSIEVE_benchmark_pipeline_sa_006/benchmark_results/simulated_data/results/data_type/no_cnv/0001/true_evo_events_genotypes_numeric	/raid/kang/DelSIEVE/simulation_results/IndelSIEVE_benchmark_pipeline_sa_006/benchmark_results/indelsieve/from_candidate/variant_calling/stage2/mt/no_cnv/smc_mu_sa_stage_1-smc_mu_sa_stage_2/0001/indelsieve_median.genotypes	/raid/kang/DelSIEVE/simulation_results/IndelSIEVE_benchmark_pipeline_sa_006/benchmark_results/simulated_data/results/data_type/no_cnv/0001/true_evo_events_ternary_matrix.simple	/raid/kang/DelSIEVE/simulation_results/IndelSIEVE_benchmark_pipeline_sa_006/benchmark_results/indelsieve/from_candidate/variant_calling/stage2/mt/no_cnv/smc_mu_sa_stage_1-smc_mu_sa_stage_2/0001/indelsieve_median.ternary	/raid/kang/DelSIEVE/simulation_results/IndelSIEVE_benchmark_pipeline_sa_006/benchmark_results/indelsieve/from_candidate/variant_calling/stage2/mt/no_cnv/smc_mu_sa_stage_1-smc_mu_sa_stage_2/0001/indelsieve_median.probs	6470	80	9196	1854	0.7772705430081691	0.9877862595419848	0.8699744520640043	0.0086244070720137	6385	165	10830	203	0.9691863995142684	0.9748091603053436	0.9719896483483028	0.015006821282401	5303	433	11665	182	0.9668185961713764	0.9245118549511856	0.9451920506193744	0.035791039841296	595	219	16656	113	0.8403954802259888	0.730958230958231	0.7818659658344285	0.0129777777777777	708	80	6	107	0	0	13458	1422	0.0	NA	0.0	NA	0	0	14864	16	0.0	NA	0.0	NA	0	0	14485	395	0.0	NA	0.0	NA	0	0	13869	1011	0.0	NA	0.0	NA	935	76	164	211	0	0	14880	0	NA	NA	0.0	NA
40	20	2	0.001999	0.3	3e-05	7.5e-06	0.0	0001	indelsieve	candidate_snvs	smc_mudel_ld_stage_1-smc_mudel_ld_stage_2	mt	no_cnv	/raid/kang/DelSIEVE/simulation_results/IndelSIEVE_benchmark_pipeline_sa_006/benchmark_results/simulated_data/results/cell_names	/raid/kang/DelSIEVE/simulation_results/IndelSIEVE_benchmark_pipeline_sa_006/benchmark_results/indelsieve/from_candidate/variant_calling/stage2/mt/no_cnv/smc_mudel_ld_stage_1-smc_mudel_ld_stage_2/0001/indelsieve_median.cell_names	/raid/kang/DelSIEVE/simulation_results/IndelSIEVE_benchmark_pipeline_sa_006/benchmark_results/simulated_data/results/data_type/no_cnv/0001/true_evo_events_sites_names	/raid/kang/DelSIEVE/simulation_results/IndelSIEVE_benchmark_pipeline_sa_006/benchmark_results/indelsieve/from_candidate/variant_calling/stage2/mt/no_cnv/smc_mudel_ld_stage_1-smc_mudel_ld_stage_2/0001/indelsieve_median.loci_info	/raid/kang/DelSIEVE/simulation_results/IndelSIEVE_benchmark_pipeline_sa_006/benchmark_results/simulated_data/results/data_type/no_cnv/0001/true_evo_events_genotypes_numeric	/raid/kang/DelSIEVE/simulation_results/IndelSIEVE_benchmark_pipeline_sa_006/benchmark_results/indelsieve/from_candidate/variant_calling/stage2/mt/no_cnv/smc_mudel_ld_stage_1-smc_mudel_ld_stage_2/0001/indelsieve_median.genotypes	/raid/kang/DelSIEVE/simulation_results/IndelSIEVE_benchmark_pipeline_sa_006/benchmark_results/simulated_data/results/data_type/no_cnv/0001/true_evo_events_ternary_matrix.simple	/raid/kang/DelSIEVE/simulation_results/IndelSIEVE_benchmark_pipeline_sa_006/benchmark_results/indelsieve/from_candidate/variant_calling/stage2/mt/no_cnv/smc_mudel_ld_stage_1-smc_mudel_ld_stage_2/0001/indelsieve_median.ternary	/raid/kang/DelSIEVE/simulation_results/IndelSIEVE_benchmark_pipeline_sa_006/benchmark_results/indelsieve/from_candidate/variant_calling/stage2/mt/no_cnv/smc_mudel_ld_stage_1-smc_mudel_ld_stage_2/0001/indelsieve_median.probs	7224	113	9163	1100	0.8678519942335415	0.984598609786016	0.9225464529723516	0.0121819749892194	6391	156	10839	197	0.9700971463266546	0.9761722926531236	0.9731252379139704	0.0141882673942701	5309	341	11757	176	0.9679124886052872	0.939646017699115	0.9535698248765154	0.0281864771036534	603	8	16867	105	0.8516949152542372	0.9869067103109656	0.9143290371493557	0.000474074074074	708	103	6	99	1060	16	13442	362	0.7454289732770746	0.9851301115241636	0.0011888839352058	0.8486789431545237	4	16	14848	12	0.25	0.2	0.0010764262648008	0.2222222222222222	281	5	14480	114	0.7113924050632912	0.9825174825174824	0.0003451846738004	0.8252569750367107	740	30	13839	271	0.731948565776459	0.961038961038961	0.0021630975556997	0.8309938236945537	215	48	90	4	0	0	14880	0	NA	NA	0.0	NA
40	20	2	0.001999	0.3	3e-05	7.5e-06	0.0	0001	indelsieve	candidate_snvs	smc_mudel_sa_stage_1-smc_mudel_sa_stage_2	mt	no_cnv	/raid/kang/DelSIEVE/simulation_results/IndelSIEVE_benchmark_pipeline_sa_006/benchmark_results/simulated_data/results/cell_names	/raid/kang/DelSIEVE/simulation_results/IndelSIEVE_benchmark_pipeline_sa_006/benchmark_results/indelsieve/from_candidate/variant_calling/stage2/mt/no_cnv/smc_mudel_sa_stage_1-smc_mudel_sa_stage_2/0001/indelsieve_median.cell_names	/raid/kang/DelSIEVE/simulation_results/IndelSIEVE_benchmark_pipeline_sa_006/benchmark_results/simulated_data/results/data_type/no_cnv/0001/true_evo_events_sites_names	/raid/kang/DelSIEVE/simulation_results/IndelSIEVE_benchmark_pipeline_sa_006/benchmark_results/indelsieve/from_candidate/variant_calling/stage2/mt/no_cnv/smc_mudel_sa_stage_1-smc_mudel_sa_stage_2/0001/indelsieve_median.loci_info	/raid/kang/DelSIEVE/simulation_results/IndelSIEVE_benchmark_pipeline_sa_006/benchmark_results/simulated_data/results/data_type/no_cnv/0001/true_evo_events_genotypes_numeric	/raid/kang/DelSIEVE/simulation_results/IndelSIEVE_benchmark_pipeline_sa_006/benchmark_results/indelsieve/from_candidate/variant_calling/stage2/mt/no_cnv/smc_mudel_sa_stage_1-smc_mudel_sa_stage_2/0001/indelsieve_median.genotypes	/raid/kang/DelSIEVE/simulation_results/IndelSIEVE_benchmark_pipeline_sa_006/benchmark_results/simulated_data/results/data_type/no_cnv/0001/true_evo_events_ternary_matrix.simple	/raid/kang/DelSIEVE/simulation_results/IndelSIEVE_benchmark_pipeline_sa_006/benchmark_results/indelsieve/from_candidate/variant_calling/stage2/mt/no_cnv/smc_mudel_sa_stage_1-smc_mudel_sa_stage_2/0001/indelsieve_median.ternary	/raid/kang/DelSIEVE/simulation_results/IndelSIEVE_benchmark_pipeline_sa_006/benchmark_results/indelsieve/from_candidate/variant_calling/stage2/mt/no_cnv/smc_mudel_sa_stage_1-smc_mudel_sa_stage_2/0001/indelsieve_median.probs	7344	115	9161	980	0.8822681403171552	0.9845823836975466	0.9306215548374834	0.0123975851660198	6388	139	10856	200	0.9696417729204616	0.978703845564578	0.9741517346549752	0.0126421100500227	5308	273	11825	177	0.9677301731996354	0.9510840351191544	0.9593348996927528	0.0225657133410481	603	6	16869	105	0.8516949152542372	0.9901477832512317	0.9157175398633256	0.0003555555555555	708	103	6	99	1249	20	13438	173	0.8783403656821378	0.9842395587076438	0.0014861049190072	0.9282794500185804	4	16	14848	12	0.25	0.2	0.0010764262648008	0.2222222222222222	325	12	14473	70	0.8227848101265823	0.9643916913946587	0.0008284432171211	0.8879781420765028	871	41	13828	140	0.8615232443125618	0.9550438596491228	0.002956233326123	0.905876235049402	100	25	46	2	0	0	14880	0	NA	NA	0.0	NA
40	20	2	0.001999	0.3	3e-05	7.5e-06	0.0	0002	sieve	candidate_snvs	smc_mu_ld_stage_1-smc_mu_ld_stage_2	mt	no_cnv	/raid/kang/DelSIEVE/simulation_results/IndelSIEVE_benchmark_pipeline_sa_006/benchmark_results/simulated_data/results/cell_names	/raid/kang/DelSIEVE/simulation_results/IndelSIEVE_benchmark_pipeline_sa_006/benchmark_results/indelsieve/from_candidate/variant_calling/stage2/mt/no_cnv/smc_mu_ld_stage_1-smc_mu_ld_stage_2/0002/indelsieve_median.cell_names	/raid/kang/DelSIEVE/simulation_results/IndelSIEVE_benchmark_pipeline_sa_006/benchmark_results/simulated_data/results/data_type/no_cnv/0002/true_evo_events_sites_names	/raid/kang/DelSIEVE/simulation_results/IndelSIEVE_benchmark_pipeline_sa_006/benchmark_results/indelsieve/from_candidate/variant_calling/stage2/mt/no_cnv/smc_mu_ld_stage_1-smc_mu_ld_stage_2/0002/indelsieve_median.loci_info	/raid/kang/DelSIEVE/simulation_results/IndelSIEVE_benchmark_pipeline_sa_006/benchmark_results/simulated_data/results/data_type/no_cnv/0002/true_evo_events_genotypes_numeric	/raid/kang/DelSIEVE/simulation_results/IndelSIEVE_benchmark_pipeline_sa_006/benchmark_results/indelsieve/from_candidate/variant_calling/stage2/mt/no_cnv/smc_mu_ld_stage_1-smc_mu_ld_stage_2/0002/indelsieve_median.genotypes	/raid/kang/DelSIEVE/simulation_results/IndelSIEVE_benchmark_pipeline_sa_006/benchmark_results/simulated_data/results/data_type/no_cnv/0002/true_evo_events_ternary_matrix.simple	/raid/kang/DelSIEVE/simulation_results/IndelSIEVE_benchmark_pipeline_sa_006/benchmark_results/indelsieve/from_candidate/variant_calling/stage2/mt/no_cnv/smc_mu_ld_stage_1-smc_mu_ld_stage_2/0002/indelsieve_median.ternary	/raid/kang/DelSIEVE/simulation_results/IndelSIEVE_benchmark_pipeline_sa_006/benchmark_results/indelsieve/from_candidate/variant_calling/stage2/mt/no_cnv/smc_mu_ld_stage_1-smc_mu_ld_stage_2/0002/indelsieve_median.probs	10672	97	15901	3090	0.7754686818776341	0.990992664128517	0.8700827524356936	0.0060632579072384	10531	238	18690	279	0.974190564292322	0.9778995264184231	0.9760415218499466	0.0125739644970414	8509	615	20339	275	0.968693078324226	0.932595352915388	0.9503015412106322	0.0293500047723585	1159	486	27948	145	0.8888036809815951	0.7045592705167173	0.7860291624279416	0.0170922135471618	1304	97	0	145	0	0	20671	2209	0.0	NA	0.0	NA	0	0	22832	48	0.0	NA	0.0	NA	0	0	22158	722	0.0	NA	0.0	NA	0	0	21441	1439	0.0	NA	0.0	NA	1306	133	238	475	0	0	22880	0	NA	NA	0.0	NA
40	20	2	0.001999	0.3	3e-05	7.5e-06	0.0	0002	sieve	candidate_snvs	smc_mu_sa_stage_1-smc_mu_sa_stage_2	mt	no_cnv	/raid/kang/DelSIEVE/simulation_results/IndelSIEVE_benchmark_pipeline_sa_006/benchmark_results/simulated_data/results/cell_names	/raid/kang/DelSIEVE/simulation_results/IndelSIEVE_benchmark_pipeline_sa_006/benchmark_results/indelsieve/from_candidate/variant_calling/stage2/mt/no_cnv/smc_mu_sa_stage_1-smc_mu_sa_stage_2/0002/indelsieve_median.cell_names	/raid/kang/DelSIEVE/simulation_results/IndelSIEVE_benchmark_pipeline_sa_006/benchmark_results/simulated_data/results/data_type/no_cnv/0002/true_evo_events_sites_names	/raid/kang/DelSIEVE/simulation_results/IndelSIEVE_benchmark_pipeline_sa_006/benchmark_results/indelsieve/from_candidate/variant_calling/stage2/mt/no_cnv/smc_mu_sa_stage_1-smc_mu_sa_stage_2/0002/indelsieve_median.loci_info	/raid/kang/DelSIEVE/simulation_results/IndelSIEVE_benchmark_pipeline_sa_006/benchmark_results/simulated_data/results/data_type/no_cnv/0002/true_evo_events_genotypes_numeric	/raid/kang/DelSIEVE/simulation_results/IndelSIEVE_benchmark_pipeline_sa_006/benchmark_results/indelsieve/from_candidate/variant_calling/stage2/mt/no_cnv/smc_mu_sa_stage_1-smc_mu_sa_stage_2/0002/indelsieve_median.genotypes	/raid/kang/DelSIEVE/simulation_results/IndelSIEVE_benchmark_pipeline_sa_006/benchmark_results/simulated_data/results/data_type/no_cnv/0002/true_evo_events_ternary_matrix.simple	/raid/kang/DelSIEVE/simulation_results/IndelSIEVE_benchmark_pipeline_sa_006/benchmark_results/indelsieve/from_candidate/variant_calling/stage2/mt/no_cnv/smc_mu_sa_stage_1-smc_mu_sa_stage_2/0002/indelsieve_median.ternary	/raid/kang/DelSIEVE/simulation_results/IndelSIEVE_benchmark_pipeline_sa_006/benchmark_results/indelsieve/from_candidate/variant_calling/stage2/mt/no_cnv/smc_mu_sa_stage_1-smc_mu_sa_stage_2/0002/indelsieve_median.probs	10653	94	15904	3109	0.774088068594681	0.9912533730343353	0.869313313476682	0.0058757344668083	10528	219	18709	282	0.9739130434782608	0.9796222201544618	0.976759289325973	0.0115701606086221	8508	551	20403	276	0.9685792349726776	0.9391765095485152	0.953651291823124	0.0262956953326333	1153	535	27899	151	0.88420245398773	0.6830568720379147	0.7707219251336898	0.0188155025673489	1304	94	0	151	0	0	20671	2209	0.0	NA	0.0	NA	0	0	22832	48	0.0	NA	0.0	NA	0	0	22158	722	0.0	NA	0.0	NA	0	0	21441	1439	0.0	NA	0.0	NA	1322	117	187	525	0	0	22880	0	NA	NA	0.0	NA
40	20	2	0.001999	0.3	3e-05	7.5e-06	0.0	0002	indelsieve	candidate_snvs	smc_mudel_ld_stage_1-smc_mudel_ld_stage_2	mt	no_cnv	/raid/kang/DelSIEVE/simulation_results/IndelSIEVE_benchmark_pipeline_sa_006/benchmark_results/simulated_data/results/cell_names	/raid/kang/DelSIEVE/simulation_results/IndelSIEVE_benchmark_pipeline_sa_006/benchmark_results/indelsieve/from_candidate/variant_calling/stage2/mt/no_cnv/smc_mudel_ld_stage_1-smc_mudel_ld_stage_2/0002/indelsieve_median.cell_names	/raid/kang/DelSIEVE/simulation_results/IndelSIEVE_benchmark_pipeline_sa_006/benchmark_results/simulated_data/results/data_type/no_cnv/0002/true_evo_events_sites_names	/raid/kang/DelSIEVE/simulation_results/IndelSIEVE_benchmark_pipeline_sa_006/benchmark_results/indelsieve/from_candidate/variant_calling/stage2/mt/no_cnv/smc_mudel_ld_stage_1-smc_mudel_ld_stage_2/0002/indelsieve_median.loci_info	/raid/kang/DelSIEVE/simulation_results/IndelSIEVE_benchmark_pipeline_sa_006/benchmark_results/simulated_data/results/data_type/no_cnv/0002/true_evo_events_genotypes_numeric	/raid/kang/DelSIEVE/simulation_results/IndelSIEVE_benchmark_pipeline_sa_006/benchmark_results/indelsieve/from_candidate/variant_calling/stage2/mt/no_cnv/smc_mudel_ld_stage_1-smc_mudel_ld_stage_2/0002/indelsieve_median.genotypes	/raid/kang/DelSIEVE/simulation_results/IndelSIEVE_benchmark_pipeline_sa_006/benchmark_results/simulated_data/results/data_type/no_cnv/0002/true_evo_events_ternary_matrix.simple	/raid/kang/DelSIEVE/simulation_results/IndelSIEVE_benchmark_pipeline_sa_006/benchmark_results/indelsieve/from_candidate/variant_calling/stage2/mt/no_cnv/smc_mudel_ld_stage_1-smc_mudel_ld_stage_2/0002/indelsieve_median.ternary	/raid/kang/DelSIEVE/simulation_results/IndelSIEVE_benchmark_pipeline_sa_006/benchmark_results/indelsieve/from_candidate/variant_calling/stage2/mt/no_cnv/smc_mudel_ld_stage_1-smc_mudel_ld_stage_2/0002/indelsieve_median.probs	11781	100	15898	1981	0.8560528992878942	0.9915832000673344	0.9188472487618452	0.0062507813476684	10530	179	18749	280	0.9740980573543015	0.9832850873097396	0.9786700125470514	0.0094568892645815	8510	366	20588	274	0.968806921675774	0.9587652095538532	0.9637599093997734	0.0174668321084279	1159	31	28403	145	0.8888036809815951	0.9739495798319328	0.9294306335204492	0.0010902440739959	1304	97	0	145	1812	3	20668	397	0.8202806699864192	0.9983471074380166	0.0001451308596584	0.900596421471173	30	4	22828	18	0.625	0.8823529411764706	0.0001751927119831	0.7317073170731708	632	11	22147	90	0.8753462603878116	0.9828926905132191	0.0004964346962722	0.926007326007326	1119	19	21422	320	0.7776233495482975	0.9833040421792618	0.0008861526981017	0.8684516880093132	242	69	53	27	0	0	22880	0	NA	NA	0.0	NA
40	20	2	0.001999	0.3	3e-05	7.5e-06	0.0	0002	indelsieve	candidate_snvs	smc_mudel_sa_stage_1-smc_mudel_sa_stage_2	mt	no_cnv	/raid/kang/DelSIEVE/simulation_results/IndelSIEVE_benchmark_pipeline_sa_006/benchmark_results/simulated_data/results/cell_names	/raid/kang/DelSIEVE/simulation_results/IndelSIEVE_benchmark_pipeline_sa_006/benchmark_results/indelsieve/from_candidate/variant_calling/stage2/mt/no_cnv/smc_mudel_sa_stage_1-smc_mudel_sa_stage_2/0002/indelsieve_median.cell_names	/raid/kang/DelSIEVE/simulation_results/IndelSIEVE_benchmark_pipeline_sa_006/benchmark_results/simulated_data/results/data_type/no_cnv/0002/true_evo_events_sites_names	/raid/kang/DelSIEVE/simulation_results/IndelSIEVE_benchmark_pipeline_sa_006/benchmark_results/indelsieve/from_candidate/variant_calling/stage2/mt/no_cnv/smc_mudel_sa_stage_1-smc_mudel_sa_stage_2/0002/indelsieve_median.loci_info	/raid/kang/DelSIEVE/simulation_results/IndelSIEVE_benchmark_pipeline_sa_006/benchmark_results/simulated_data/results/data_type/no_cnv/0002/true_evo_events_genotypes_numeric	/raid/kang/DelSIEVE/simulation_results/IndelSIEVE_benchmark_pipeline_sa_006/benchmark_results/indelsieve/from_candidate/variant_calling/stage2/mt/no_cnv/smc_mudel_sa_stage_1-smc_mudel_sa_stage_2/0002/indelsieve_median.genotypes	/raid/kang/DelSIEVE/simulation_results/IndelSIEVE_benchmark_pipeline_sa_006/benchmark_results/simulated_data/results/data_type/no_cnv/0002/true_evo_events_ternary_matrix.simple	/raid/kang/DelSIEVE/simulation_results/IndelSIEVE_benchmark_pipeline_sa_006/benchmark_results/indelsieve/from_candidate/variant_calling/stage2/mt/no_cnv/smc_mudel_sa_stage_1-smc_mudel_sa_stage_2/0002/indelsieve_median.ternary	/raid/kang/DelSIEVE/simulation_results/IndelSIEVE_benchmark_pipeline_sa_006/benchmark_results/indelsieve/from_candidate/variant_calling/stage2/mt/no_cnv/smc_mudel_sa_stage_1-smc_mudel_sa_stage_2/0002/indelsieve_median.probs	11941	114	15884	1821	0.867679116407499	0.9905433430111986	0.9250493860634466	0.007125890736342	10528	149	18779	282	0.9739130434782608	0.9860447691299054	0.9799413598920278	0.0078719357565511	8512	296	20650	280	0.9681528662420382	0.966394187102634	0.9672727272727272	0.0141315764346414	1153	16	28426	143	0.8896604938271605	0.9863130881094953	0.9354969574036512	0.0005625483439983	1296	100	0	143	2054	24	20647	155	0.9298325033952014	0.9884504331087584	0.0011610468772676	0.9582458595754608	30	8	22824	18	0.625	0.7894736842105263	0.0003503854239663	0.6976744186046512	674	26	22132	48	0.9335180055401662	0.9628571428571427	0.0011733911002798	0.9479606188466948	1302	38	21403	137	0.9047949965253648	0.971641791044776	0.0017723053962035	0.937027707808564	90	31	22	12	0	0	22880	0	NA	NA	0.0	NA
40	20	2	0.001999	0.3	3e-05	7.5e-06	0.0	0003	sieve	candidate_snvs	smc_mu_ld_stage_1-smc_mu_ld_stage_2	mt	no_cnv	/raid/kang/DelSIEVE/simulation_results/IndelSIEVE_benchmark_pipeline_sa_006/benchmark_results/simulated_data/results/cell_names	/raid/kang/DelSIEVE/simulation_results/IndelSIEVE_benchmark_pipeline_sa_006/benchmark_results/indelsieve/from_candidate/variant_calling/stage2/mt/no_cnv/smc_mu_ld_stage_1-smc_mu_ld_stage_2/0003/indelsieve_median.cell_names	/raid/kang/DelSIEVE/simulation_results/IndelSIEVE_benchmark_pipeline_sa_006/benchmark_results/simulated_data/results/data_type/no_cnv/0003/true_evo_events_sites_names	/raid/kang/DelSIEVE/simulation_results/IndelSIEVE_benchmark_pipeline_sa_006/benchmark_results/indelsieve/from_candidate/variant_calling/stage2/mt/no_cnv/smc_mu_ld_stage_1-smc_mu_ld_stage_2/0003/indelsieve_median.loci_info	/raid/kang/DelSIEVE/simulation_results/IndelSIEVE_benchmark_pipeline_sa_006/benchmark_results/simulated_data/results/data_type/no_cnv/0003/true_evo_events_genotypes_numeric	/raid/kang/DelSIEVE/simulation_results/IndelSIEVE_benchmark_pipeline_sa_006/benchmark_results/indelsieve/from_candidate/variant_calling/stage2/mt/no_cnv/smc_mu_ld_stage_1-smc_mu_ld_stage_2/0003/indelsieve_median.genotypes	/raid/kang/DelSIEVE/simulation_results/IndelSIEVE_benchmark_pipeline_sa_006/benchmark_results/simulated_data/results/data_type/no_cnv/0003/true_evo_events_ternary_matrix.simple	/raid/kang/DelSIEVE/simulation_results/IndelSIEVE_benchmark_pipeline_sa_006/benchmark_results/indelsieve/from_candidate/variant_calling/stage2/mt/no_cnv/smc_mu_ld_stage_1-smc_mu_ld_stage_2/0003/indelsieve_median.ternary	/raid/kang/DelSIEVE/simulation_results/IndelSIEVE_benchmark_pipeline_sa_006/benchmark_results/indelsieve/from_candidate/variant_calling/stage2/mt/no_cnv/smc_mu_ld_stage_1-smc_mu_ld_stage_2/0003/indelsieve_median.probs	9914	131	16067	2808	0.7792799874233611	0.9869586859133898	0.8709096499319191	0.0080874181997777	9768	277	18571	282	0.9719402985074628	0.9724240915878548	0.9721821348594176	0.0146965195246179	8015	721	19867	295	0.9645006016847172	0.9174679487179488	0.9403965739762996	0.0350204002331455	1037	272	27435	154	0.8706968933669186	0.7922077922077922	0.8296	0.0098170137510376	1191	131	1	153	0	0	21013	2147	0.0	NA	0.0	NA	0	0	23116	44	0.0	NA	0.0	NA	0	0	22611	549	0.0	NA	0.0	NA	0	0	21606	1554	0.0	NA	0.0	NA	1423	130	307	240	0	0	23160	0	NA	NA	0.0	NA
40	20	2	0.001999	0.3	3e-05	7.5e-06	0.0	0003	sieve	candidate_snvs	smc_mu_sa_stage_1-smc_mu_sa_stage_2	mt	no_cnv	/raid/kang/DelSIEVE/simulation_results/IndelSIEVE_benchmark_pipeline_sa_006/benchmark_results/simulated_data/results/cell_names	/raid/kang/DelSIEVE/simulation_results/IndelSIEVE_benchmark_pipeline_sa_006/benchmark_results/indelsieve/from_candidate/variant_calling/stage2/mt/no_cnv/smc_mu_sa_stage_1-smc_mu_sa_stage_2/0003/indelsieve_median.cell_names	/raid/kang/DelSIEVE/simulation_results/IndelSIEVE_benchmark_pipeline_sa_006/benchmark_results/simulated_data/results/data_type/no_cnv/0003/true_evo_events_sites_names	/raid/kang/DelSIEVE/simulation_results/IndelSIEVE_benchmark_pipeline_sa_006/benchmark_results/indelsieve/from_candidate/variant_calling/stage2/mt/no_cnv/smc_mu_sa_stage_1-smc_mu_sa_stage_2/0003/indelsieve_median.loci_info	/raid/kang/DelSIEVE/simulation_results/IndelSIEVE_benchmark_pipeline_sa_006/benchmark_results/simulated_data/results/data_type/no_cnv/0003/true_evo_events_genotypes_numeric	/raid/kang/DelSIEVE/simulation_results/IndelSIEVE_benchmark_pipeline_sa_006/benchmark_results/indelsieve/from_candidate/variant_calling/stage2/mt/no_cnv/smc_mu_sa_stage_1-smc_mu_sa_stage_2/0003/indelsieve_median.genotypes	/raid/kang/DelSIEVE/simulation_results/IndelSIEVE_benchmark_pipeline_sa_006/benchmark_results/simulated_data/results/data_type/no_cnv/0003/true_evo_events_ternary_matrix.simple	/raid/kang/DelSIEVE/simulation_results/IndelSIEVE_benchmark_pipeline_sa_006/benchmark_results/indelsieve/from_candidate/variant_calling/stage2/mt/no_cnv/smc_mu_sa_stage_1-smc_mu_sa_stage_2/0003/indelsieve_median.ternary	/raid/kang/DelSIEVE/simulation_results/IndelSIEVE_benchmark_pipeline_sa_006/benchmark_results/indelsieve/from_candidate/variant_calling/stage2/mt/no_cnv/smc_mu_sa_stage_1-smc_mu_sa_stage_2/0003/indelsieve_median.probs	9881	134	16064	2841	0.7766860556516271	0.9866200698951572	0.869156001231473	0.0082726262501543	9758	257	18591	292	0.9709452736318408	0.9743384922616076	0.9726389234986296	0.0136353989813242	8005	638	19950	305	0.9632972322503008	0.9261830382968876	0.9443756267327316	0.030988925587721	1032	340	27367	159	0.8664987405541562	0.7521865889212828	0.8053062817011314	0.012271267188797	1191	134	1	158	0	0	21013	2147	0.0	NA	0.0	NA	0	0	23116	44	0.0	NA	0.0	NA	0	0	22611	549	0.0	NA	0.0	NA	0	0	21606	1554	0.0	NA	0.0	NA	1446	107	239	308	0	0	23160	0	NA	NA	0.0	NA
40	20	2	0.001999	0.3	3e-05	7.5e-06	0.0	0003	indelsieve	candidate_snvs	smc_mudel_ld_stage_1-smc_mudel_ld_stage_2	mt	no_cnv	/raid/kang/DelSIEVE/simulation_results/IndelSIEVE_benchmark_pipeline_sa_006/benchmark_results/simulated_data/results/cell_names	/raid/kang/DelSIEVE/simulation_results/IndelSIEVE_benchmark_pipeline_sa_006/benchmark_results/indelsieve/from_candidate/variant_calling/stage2/mt/no_cnv/smc_mudel_ld_stage_1-smc_mudel_ld_stage_2/0003/indelsieve_median.cell_names	/raid/kang/DelSIEVE/simulation_results/IndelSIEVE_benchmark_pipeline_sa_006/benchmark_results/simulated_data/results/data_type/no_cnv/0003/true_evo_events_sites_names	/raid/kang/DelSIEVE/simulation_results/IndelSIEVE_benchmark_pipeline_sa_006/benchmark_results/indelsieve/from_candidate/variant_calling/stage2/mt/no_cnv/smc_mudel_ld_stage_1-smc_mudel_ld_stage_2/0003/indelsieve_median.loci_info	/raid/kang/DelSIEVE/simulation_results/IndelSIEVE_benchmark_pipeline_sa_006/benchmark_results/simulated_data/results/data_type/no_cnv/0003/true_evo_events_genotypes_numeric	/raid/kang/DelSIEVE/simulation_results/IndelSIEVE_benchmark_pipeline_sa_006/benchmark_results/indelsieve/from_candidate/variant_calling/stage2/mt/no_cnv/smc_mudel_ld_stage_1-smc_mudel_ld_stage_2/0003/indelsieve_median.genotypes	/raid/kang/DelSIEVE/simulation_results/IndelSIEVE_benchmark_pipeline_sa_006/benchmark_results/simulated_data/results/data_type/no_cnv/0003/true_evo_events_ternary_matrix.simple	/raid/kang/DelSIEVE/simulation_results/IndelSIEVE_benchmark_pipeline_sa_006/benchmark_results/indelsieve/from_candidate/variant_calling/stage2/mt/no_cnv/smc_mudel_ld_stage_1-smc_mudel_ld_stage_2/0003/indelsieve_median.ternary	/raid/kang/DelSIEVE/simulation_results/IndelSIEVE_benchmark_pipeline_sa_006/benchmark_results/indelsieve/from_candidate/variant_calling/stage2/mt/no_cnv/smc_mudel_ld_stage_1-smc_mudel_ld_stage_2/0003/indelsieve_median.probs	11133	142	16056	1589	0.8750982549913535	0.9874057649667406	0.927865983247906	0.0087665143844919	9770	202	18646	280	0.972139303482587	0.9797432811873245	0.9759264808710418	0.0107173174872665	8017	418	20165	298	0.964161154539988	0.9504445761707172	0.9572537313432836	0.0203080211825292	1039	32	27680	147	0.8760539629005059	0.9701213818860878	0.920691182986265	0.0011547344110854	1186	132	1	146	1753	16	20997	394	0.8164881229622729	0.9909553420011306	0.0007614333983724	0.8953013278855976	33	0	23116	11	0.75	1.0	0.0	0.8571428571428571	452	14	22597	97	0.8233151183970856	0.9699570815450644	0.0006191676617575	0.8906403940886699	1249	21	21585	305	0.8037323037323038	0.983464566929134	0.0009719522354901	0.8845609065155807	235	61	79	16	0	0	23160	0	NA	NA	0.0	NA
40	20	2	0.001999	0.3	3e-05	7.5e-06	0.0	0003	indelsieve	candidate_snvs	smc_mudel_sa_stage_1-smc_mudel_sa_stage_2	mt	no_cnv	/raid/kang/DelSIEVE/simulation_results/IndelSIEVE_benchmark_pipeline_sa_006/benchmark_results/simulated_data/results/cell_names	/raid/kang/DelSIEVE/simulation_results/IndelSIEVE_benchmark_pipeline_sa_006/benchmark_results/indelsieve/from_candidate/variant_calling/stage2/mt/no_cnv/smc_mudel_sa_stage_1-smc_mudel_sa_stage_2/0003/indelsieve_median.cell_names	/raid/kang/DelSIEVE/simulation_results/IndelSIEVE_benchmark_pipeline_sa_006/benchmark_results/simulated_data/results/data_type/no_cnv/0003/true_evo_events_sites_names	/raid/kang/DelSIEVE/simulation_results/IndelSIEVE_benchmark_pipeline_sa_006/benchmark_results/indelsieve/from_candidate/variant_calling/stage2/mt/no_cnv/smc_mudel_sa_stage_1-smc_mudel_sa_stage_2/0003/indelsieve_median.loci_info	/raid/kang/DelSIEVE/simulation_results/IndelSIEVE_benchmark_pipeline_sa_006/benchmark_results/simulated_data/results/data_type/no_cnv/0003/true_evo_events_genotypes_numeric	/raid/kang/DelSIEVE/simulation_results/IndelSIEVE_benchmark_pipeline_sa_006/benchmark_results/indelsieve/from_candidate/variant_calling/stage2/mt/no_cnv/smc_mudel_sa_stage_1-smc_mudel_sa_stage_2/0003/indelsieve_median.genotypes	/raid/kang/DelSIEVE/simulation_results/IndelSIEVE_benchmark_pipeline_sa_006/benchmark_results/simulated_data/results/data_type/no_cnv/0003/true_evo_events_ternary_matrix.simple	/raid/kang/DelSIEVE/simulation_results/IndelSIEVE_benchmark_pipeline_sa_006/benchmark_results/indelsieve/from_candidate/variant_calling/stage2/mt/no_cnv/smc_mudel_sa_stage_1-smc_mudel_sa_stage_2/0003/indelsieve_median.ternary	/raid/kang/DelSIEVE/simulation_results/IndelSIEVE_benchmark_pipeline_sa_006/benchmark_results/indelsieve/from_candidate/variant_calling/stage2/mt/no_cnv/smc_mudel_sa_stage_1-smc_mudel_sa_stage_2/0003/indelsieve_median.probs	11244	148	16050	1478	0.8838232982235498	0.987008426966292	0.9325702911171933	0.009136930485245	9762	170	18678	288	0.9713432835820895	0.9828836085380588	0.9770793714342908	0.0090195246179966	8008	342	20240	308	0.9629629629629628	0.9590419161676648	0.9609984399375974	0.0166164609853269	1036	27	27686	149	0.8742616033755274	0.9746001881467544	0.9217081850533808	0.0009742720023093	1185	131	1	148	1948	31	20982	199	0.9073125291103866	0.9843355229914098	0.0014752772093465	0.9442559379544352	33	0	23116	11	0.75	1.0	0.0	0.8571428571428571	490	29	22582	59	0.8925318761384335	0.9441233140655106	0.0012825615850692	0.9176029962546816	1390	37	21569	164	0.8944658944658944	0.9740714786264892	0.001712487272054	0.9325729620932572	125	19	44	11	0	0	23160	0	NA	NA	0.0	NA
40	20	2	0.001999	0.3	3e-05	7.5e-06	0.0	0004	sieve	candidate_snvs	smc_mu_ld_stage_1-smc_mu_ld_stage_2	mt	no_cnv	/raid/kang/DelSIEVE/simulation_results/IndelSIEVE_benchmark_pipeline_sa_006/benchmark_results/simulated_data/results/cell_names	/raid/kang/DelSIEVE/simulation_results/IndelSIEVE_benchmark_pipeline_sa_006/benchmark_results/indelsieve/from_candidate/variant_calling/stage2/mt/no_cnv/smc_mu_ld_stage_1-smc_mu_ld_stage_2/0004/indelsieve_median.cell_names	/raid/kang/DelSIEVE/simulation_results/IndelSIEVE_benchmark_pipeline_sa_006/benchmark_results/simulated_data/results/data_type/no_cnv/0004/true_evo_events_sites_names	/raid/kang/DelSIEVE/simulation_results/IndelSIEVE_benchmark_pipeline_sa_006/benchmark_results/indelsieve/from_candidate/variant_calling/stage2/mt/no_cnv/smc_mu_ld_stage_1-smc_mu_ld_stage_2/0004/indelsieve_median.loci_info	/raid/kang/DelSIEVE/simulation_results/IndelSIEVE_benchmark_pipeline_sa_006/benchmark_results/simulated_data/results/data_type/no_cnv/0004/true_evo_events_genotypes_numeric	/raid/kang/DelSIEVE/simulation_results/IndelSIEVE_benchmark_pipeline_sa_006/benchmark_results/indelsieve/from_candidate/variant_calling/stage2/mt/no_cnv/smc_mu_ld_stage_1-smc_mu_ld_stage_2/0004/indelsieve_median.genotypes	/raid/kang/DelSIEVE/simulation_results/IndelSIEVE_benchmark_pipeline_sa_006/benchmark_results/simulated_data/results/data_type/no_cnv/0004/true_evo_events_ternary_matrix.simple	/raid/kang/DelSIEVE/simulation_results/IndelSIEVE_benchmark_pipeline_sa_006/benchmark_results/indelsieve/from_candidate/variant_calling/stage2/mt/no_cnv/smc_mu_ld_stage_1-smc_mu_ld_stage_2/0004/indelsieve_median.ternary	/raid/kang/DelSIEVE/simulation_results/IndelSIEVE_benchmark_pipeline_sa_006/benchmark_results/indelsieve/from_candidate/variant_calling/stage2/mt/no_cnv/smc_mu_ld_stage_1-smc_mu_ld_stage_2/0004/indelsieve_median.probs	12279	144	14229	2868	0.8106555753614577	0.9884085969572568	0.8907508161044614	0.0100187852222917	12081	342	16843	239	0.9806006493506494	0.9724704177734846	0.976518611324415	0.0199010765202211	9519	893	18844	249	0.9745085995085996	0.9142335766423356	0.9434093161546084	0.0452449713735623	1403	608	27330	164	0.8953414167198468	0.6976628543013426	0.7842370039128004	0.0217624740496814	1567	144	1	163	0	0	21997	2683	0.0	NA	0.0	NA	0	0	24606	74	0.0	NA	0.0	NA	0	0	23695	985	0.0	NA	0.0	NA	0	0	23056	1624	0.0	NA	0.0	NA	1445	178	402	581	0	0	24680	0	NA	NA	0.0	NA
40	20	2	0.001999	0.3	3e-05	7.5e-06	0.0	0004	sieve	candidate_snvs	smc_mu_sa_stage_1-smc_mu_sa_stage_2	mt	no_cnv	/raid/kang/DelSIEVE/simulation_results/IndelSIEVE_benchmark_pipeline_sa_006/benchmark_results/simulated_data/results/cell_names	/raid/kang/DelSIEVE/simulation_results/IndelSIEVE_benchmark_pipeline_sa_006/benchmark_results/indelsieve/from_candidate/variant_calling/stage2/mt/no_cnv/smc_mu_sa_stage_1-smc_mu_sa_stage_2/0004/indelsieve_median.cell_names	/raid/kang/DelSIEVE/simulation_results/IndelSIEVE_benchmark_pipeline_sa_006/benchmark_results/simulated_data/results/data_type/no_cnv/0004/true_evo_events_sites_names	/raid/kang/DelSIEVE/simulation_results/IndelSIEVE_benchmark_pipeline_sa_006/benchmark_results/indelsieve/from_candidate/variant_calling/stage2/mt/no_cnv/smc_mu_sa_stage_1-smc_mu_sa_stage_2/0004/indelsieve_median.loci_info	/raid/kang/DelSIEVE/simulation_results/IndelSIEVE_benchmark_pipeline_sa_006/benchmark_results/simulated_data/results/data_type/no_cnv/0004/true_evo_events_genotypes_numeric	/raid/kang/DelSIEVE/simulation_results/IndelSIEVE_benchmark_pipeline_sa_006/benchmark_results/indelsieve/from_candidate/variant_calling/stage2/mt/no_cnv/smc_mu_sa_stage_1-smc_mu_sa_stage_2/0004/indelsieve_median.genotypes	/raid/kang/DelSIEVE/simulation_results/IndelSIEVE_benchmark_pipeline_sa_006/benchmark_results/simulated_data/results/data_type/no_cnv/0004/true_evo_events_ternary_matrix.simple	/raid/kang/DelSIEVE/simulation_results/IndelSIEVE_benchmark_pipeline_sa_006/benchmark_results/indelsieve/from_candidate/variant_calling/stage2/mt/no_cnv/smc_mu_sa_stage_1-smc_mu_sa_stage_2/0004/indelsieve_median.ternary	/raid/kang/DelSIEVE/simulation_results/IndelSIEVE_benchmark_pipeline_sa_006/benchmark_results/indelsieve/from_candidate/variant_calling/stage2/mt/no_cnv/smc_mu_sa_stage_1-smc_mu_sa_stage_2/0004/indelsieve_median.probs	12249	144	14229	2898	0.8086749851455733	0.9883805374001452	0.8895424836601307	0.0100187852222917	12073	320	16865	247	0.9799512987012988	0.9741789720003228	0.9770566098814388	0.018620890311318	9511	808	18929	257	0.9736895986895988	0.9216978389378816	0.9469806342410514	0.0409383391599533	1398	676	27262	169	0.8921506062539886	0.6740597878495661	0.7679209008514145	0.0241964349631326	1567	144	1	168	0	0	21997	2683	0.0	NA	0.0	NA	0	0	24606	74	0.0	NA	0.0	NA	0	0	23695	985	0.0	NA	0.0	NA	0	0	23056	1624	0.0	NA	0.0	NA	1467	156	334	649	0	0	24680	0	NA	NA	0.0	NA
40	20	2	0.001999	0.3	3e-05	7.5e-06	0.0	0004	indelsieve	candidate_snvs	smc_mudel_ld_stage_1-smc_mudel_ld_stage_2	mt	no_cnv	/raid/kang/DelSIEVE/simulation_results/IndelSIEVE_benchmark_pipeline_sa_006/benchmark_results/simulated_data/results/cell_names	/raid/kang/DelSIEVE/simulation_results/IndelSIEVE_benchmark_pipeline_sa_006/benchmark_results/indelsieve/from_candidate/variant_calling/stage2/mt/no_cnv/smc_mudel_ld_stage_1-smc_mudel_ld_stage_2/0004/indelsieve_median.cell_names	/raid/kang/DelSIEVE/simulation_results/IndelSIEVE_benchmark_pipeline_sa_006/benchmark_results/simulated_data/results/data_type/no_cnv/0004/true_evo_events_sites_names	/raid/kang/DelSIEVE/simulation_results/IndelSIEVE_benchmark_pipeline_sa_006/benchmark_results/indelsieve/from_candidate/variant_calling/stage2/mt/no_cnv/smc_mudel_ld_stage_1-smc_mudel_ld_stage_2/0004/indelsieve_median.loci_info	/raid/kang/DelSIEVE/simulation_results/IndelSIEVE_benchmark_pipeline_sa_006/benchmark_results/simulated_data/results/data_type/no_cnv/0004/true_evo_events_genotypes_numeric	/raid/kang/DelSIEVE/simulation_results/IndelSIEVE_benchmark_pipeline_sa_006/benchmark_results/indelsieve/from_candidate/variant_calling/stage2/mt/no_cnv/smc_mudel_ld_stage_1-smc_mudel_ld_stage_2/0004/indelsieve_median.genotypes	/raid/kang/DelSIEVE/simulation_results/IndelSIEVE_benchmark_pipeline_sa_006/benchmark_results/simulated_data/results/data_type/no_cnv/0004/true_evo_events_ternary_matrix.simple	/raid/kang/DelSIEVE/simulation_results/IndelSIEVE_benchmark_pipeline_sa_006/benchmark_results/indelsieve/from_candidate/variant_calling/stage2/mt/no_cnv/smc_mudel_ld_stage_1-smc_mudel_ld_stage_2/0004/indelsieve_median.ternary	/raid/kang/DelSIEVE/simulation_results/IndelSIEVE_benchmark_pipeline_sa_006/benchmark_results/indelsieve/from_candidate/variant_calling/stage2/mt/no_cnv/smc_mudel_ld_stage_1-smc_mudel_ld_stage_2/0004/indelsieve_median.probs	13555	167	14206	1592	0.8948966792104047	0.9878297624253024	0.9390695902178808	0.0116190078619634	12081	271	16914	239	0.9806006493506494	0.9780602331606216	0.979328793774319	0.0157695664823974	9516	518	19217	254	0.9740020470829068	0.9483755232210485	0.9610179761664313	0.0262477831264251	1400	26	27914	165	0.8945686900958466	0.9817671809256662	0.9361417586091608	0.0009305654974946	1565	145	1	164	2235	27	21970	448	0.8330227357435707	0.9880636604774536	0.0012274401054689	0.9039433771486348	56	0	24606	18	0.7567567567567568	1.0	0.0	0.8615384615384616	869	23	23672	116	0.8822335025380711	0.9742152466367712	0.0009706689174931	0.9259456579648374	1285	29	23027	339	0.791256157635468	0.9779299847792998	0.0012578070784177	0.8747447243022464	225	108	101	13	0	0	24680	0	NA	NA	0.0	NA
40	20	2	0.001999	0.3	3e-05	7.5e-06	0.0	0004	indelsieve	candidate_snvs	smc_mudel_sa_stage_1-smc_mudel_sa_stage_2	mt	no_cnv	/raid/kang/DelSIEVE/simulation_results/IndelSIEVE_benchmark_pipeline_sa_006/benchmark_results/simulated_data/results/cell_names	/raid/kang/DelSIEVE/simulation_results/IndelSIEVE_benchmark_pipeline_sa_006/benchmark_results/indelsieve/from_candidate/variant_calling/stage2/mt/no_cnv/smc_mudel_sa_stage_1-smc_mudel_sa_stage_2/0004/indelsieve_median.cell_names	/raid/kang/DelSIEVE/simulation_results/IndelSIEVE_benchmark_pipeline_sa_006/benchmark_results/simulated_data/results/data_type/no_cnv/0004/true_evo_events_sites_names	/raid/kang/DelSIEVE/simulation_results/IndelSIEVE_benchmark_pipeline_sa_006/benchmark_results/indelsieve/from_candidate/variant_calling/stage2/mt/no_cnv/smc_mudel_sa_stage_1-smc_mudel_sa_stage_2/0004/indelsieve_median.loci_info	/raid/kang/DelSIEVE/simulation_results/IndelSIEVE_benchmark_pipeline_sa_006/benchmark_results/simulated_data/results/data_type/no_cnv/0004/true_evo_events_genotypes_numeric	/raid/kang/DelSIEVE/simulation_results/IndelSIEVE_benchmark_pipeline_sa_006/benchmark_results/indelsieve/from_candidate/variant_calling/stage2/mt/no_cnv/smc_mudel_sa_stage_1-smc_mudel_sa_stage_2/0004/indelsieve_median.genotypes	/raid/kang/DelSIEVE/simulation_results/IndelSIEVE_benchmark_pipeline_sa_006/benchmark_results/simulated_data/results/data_type/no_cnv/0004/true_evo_events_ternary_matrix.simple	/raid/kang/DelSIEVE/simulation_results/IndelSIEVE_benchmark_pipeline_sa_006/benchmark_results/indelsieve/from_candidate/variant_calling/stage2/mt/no_cnv/smc_mudel_sa_stage_1-smc_mudel_sa_stage_2/0004/indelsieve_median.ternary	/raid/kang/DelSIEVE/simulation_results/IndelSIEVE_benchmark_pipeline_sa_006/benchmark_results/indelsieve/from_candidate/variant_calling/stage2/mt/no_cnv/smc_mudel_sa_stage_1-smc_mudel_sa_stage_2/0004/indelsieve_median.probs	13677	172	14201	1470	0.9029510794216676	0.9875803307097986	0.9433714995171748	0.0119668823488485	12070	224	16961	250	0.9797077922077922	0.9817797299495687	0.980742666775006	0.0130346232179226	9505	395	19338	267	0.972677036430618	0.96010101010101	0.9663481089873932	0.0200172300207773	1398	23	27919	165	0.8944337811900192	0.983814215341309	0.9369973190348524	0.000823133633956	1563	144	1	164	2490	38	21959	193	0.928065598210958	0.9849683544303798	0.0017275082965858	0.955670696603339	56	0	24606	18	0.7567567567567568	1.0	0.0	0.8615384615384616	933	40	23655	52	0.9472081218274112	0.9588900308324768	0.0016881198565098	0.9530132788559756	1460	39	23017	164	0.8990147783251231	0.9739826551034024	0.0016915336571825	0.9349983989753442	96	48	39	10	0	0	24680	0	NA	NA	0.0	NA
40	20	2	0.001999	0.3	3e-05	7.5e-06	0.0	0005	sieve	candidate_snvs	smc_mu_ld_stage_1-smc_mu_ld_stage_2	mt	no_cnv	/raid/kang/DelSIEVE/simulation_results/IndelSIEVE_benchmark_pipeline_sa_006/benchmark_results/simulated_data/results/cell_names	/raid/kang/DelSIEVE/simulation_results/IndelSIEVE_benchmark_pipeline_sa_006/benchmark_results/indelsieve/from_candidate/variant_calling/stage2/mt/no_cnv/smc_mu_ld_stage_1-smc_mu_ld_stage_2/0005/indelsieve_median.cell_names	/raid/kang/DelSIEVE/simulation_results/IndelSIEVE_benchmark_pipeline_sa_006/benchmark_results/simulated_data/results/data_type/no_cnv/0005/true_evo_events_sites_names	/raid/kang/DelSIEVE/simulation_results/IndelSIEVE_benchmark_pipeline_sa_006/benchmark_results/indelsieve/from_candidate/variant_calling/stage2/mt/no_cnv/smc_mu_ld_stage_1-smc_mu_ld_stage_2/0005/indelsieve_median.loci_info	/raid/kang/DelSIEVE/simulation_results/IndelSIEVE_benchmark_pipeline_sa_006/benchmark_results/simulated_data/results/data_type/no_cnv/0005/true_evo_events_genotypes_numeric	/raid/kang/DelSIEVE/simulation_results/IndelSIEVE_benchmark_pipeline_sa_006/benchmark_results/indelsieve/from_candidate/variant_calling/stage2/mt/no_cnv/smc_mu_ld_stage_1-smc_mu_ld_stage_2/0005/indelsieve_median.genotypes	/raid/kang/DelSIEVE/simulation_results/IndelSIEVE_benchmark_pipeline_sa_006/benchmark_results/simulated_data/results/data_type/no_cnv/0005/true_evo_events_ternary_matrix.simple	/raid/kang/DelSIEVE/simulation_results/IndelSIEVE_benchmark_pipeline_sa_006/benchmark_results/indelsieve/from_candidate/variant_calling/stage2/mt/no_cnv/smc_mu_ld_stage_1-smc_mu_ld_stage_2/0005/indelsieve_median.ternary	/raid/kang/DelSIEVE/simulation_results/IndelSIEVE_benchmark_pipeline_sa_006/benchmark_results/indelsieve/from_candidate/variant_calling/stage2/mt/no_cnv/smc_mu_ld_stage_1-smc_mu_ld_stage_2/0005/indelsieve_median.probs	6814	78	10085	1903	0.7816909487208902	0.9886825304701102	0.8730860401050675	0.0076748991439535	6727	165	11827	148	0.9784727272727272	0.9760591990713872	0.9772644730151812	0.0137591727818545	5363	443	12914	147	0.9733212341197822	0.9236996210816396	0.9478614351360904	0.0331661301190387	627	459	17672	109	0.8519021739130435	0.5773480662983426	0.6882546652030735	0.0253157575423308	736	78	0	109	0	0	14311	1729	0.0	NA	0.0	NA	0	0	16015	25	0.0	NA	0.0	NA	0	0	15411	629	0.0	NA	0.0	NA	0	0	14965	1075	0.0	NA	0.0	NA	991	84	172	454	0	0	16040	0	NA	NA	0.0	NA
40	20	2	0.001999	0.3	3e-05	7.5e-06	0.0	0005	sieve	candidate_snvs	smc_mu_sa_stage_1-smc_mu_sa_stage_2	mt	no_cnv	/raid/kang/DelSIEVE/simulation_results/IndelSIEVE_benchmark_pipeline_sa_006/benchmark_results/simulated_data/results/cell_names	/raid/kang/DelSIEVE/simulation_results/IndelSIEVE_benchmark_pipeline_sa_006/benchmark_results/indelsieve/from_candidate/variant_calling/stage2/mt/no_cnv/smc_mu_sa_stage_1-smc_mu_sa_stage_2/0005/indelsieve_median.cell_names	/raid/kang/DelSIEVE/simulation_results/IndelSIEVE_benchmark_pipeline_sa_006/benchmark_results/simulated_data/results/data_type/no_cnv/0005/true_evo_events_sites_names	/raid/kang/DelSIEVE/simulation_results/IndelSIEVE_benchmark_pipeline_sa_006/benchmark_results/indelsieve/from_candidate/variant_calling/stage2/mt/no_cnv/smc_mu_sa_stage_1-smc_mu_sa_stage_2/0005/indelsieve_median.loci_info	/raid/kang/DelSIEVE/simulation_results/IndelSIEVE_benchmark_pipeline_sa_006/benchmark_results/simulated_data/results/data_type/no_cnv/0005/true_evo_events_genotypes_numeric	/raid/kang/DelSIEVE/simulation_results/IndelSIEVE_benchmark_pipeline_sa_006/benchmark_results/indelsieve/from_candidate/variant_calling/stage2/mt/no_cnv/smc_mu_sa_stage_1-smc_mu_sa_stage_2/0005/indelsieve_median.genotypes	/raid/kang/DelSIEVE/simulation_results/IndelSIEVE_benchmark_pipeline_sa_006/benchmark_results/simulated_data/results/data_type/no_cnv/0005/true_evo_events_ternary_matrix.simple	/raid/kang/DelSIEVE/simulation_results/IndelSIEVE_benchmark_pipeline_sa_006/benchmark_results/indelsieve/from_candidate/variant_calling/stage2/mt/no_cnv/smc_mu_sa_stage_1-smc_mu_sa_stage_2/0005/indelsieve_median.ternary	/raid/kang/DelSIEVE/simulation_results/IndelSIEVE_benchmark_pipeline_sa_006/benchmark_results/indelsieve/from_candidate/variant_calling/stage2/mt/no_cnv/smc_mu_sa_stage_1-smc_mu_sa_stage_2/0005/indelsieve_median.probs	6796	66	10097	1921	0.7796260181255019	0.9903818128825416	0.8724565119712434	0.0064941454294991	6725	137	11855	150	0.9781818181818182	0.9800349752258816	0.9791075198369368	0.0114242828552368	5362	398	12959	148	0.9731397459165154	0.9309027777777776	0.9515527950310558	0.0297971101295201	626	476	17655	110	0.8505434782608695	0.5680580762250453	0.6811751904243742	0.0262533781920467	736	66	0	110	0	0	14311	1729	0.0	NA	0.0	NA	0	0	16015	25	0.0	NA	0.0	NA	0	0	15411	629	0.0	NA	0.0	NA	0	0	14965	1075	0.0	NA	0.0	NA	1007	68	154	472	0	0	16040	0	NA	NA	0.0	NA
40	20	2	0.001999	0.3	3e-05	7.5e-06	0.0	0005	indelsieve	candidate_snvs	smc_mudel_ld_stage_1-smc_mudel_ld_stage_2	mt	no_cnv	/raid/kang/DelSIEVE/simulation_results/IndelSIEVE_benchmark_pipeline_sa_006/benchmark_results/simulated_data/results/cell_names	/raid/kang/DelSIEVE/simulation_results/IndelSIEVE_benchmark_pipeline_sa_006/benchmark_results/indelsieve/from_candidate/variant_calling/stage2/mt/no_cnv/smc_mudel_ld_stage_1-smc_mudel_ld_stage_2/0005/indelsieve_median.cell_names	/raid/kang/DelSIEVE/simulation_results/IndelSIEVE_benchmark_pipeline_sa_006/benchmark_results/simulated_data/results/data_type/no_cnv/0005/true_evo_events_sites_names	/raid/kang/DelSIEVE/simulation_results/IndelSIEVE_benchmark_pipeline_sa_006/benchmark_results/indelsieve/from_candidate/variant_calling/stage2/mt/no_cnv/smc_mudel_ld_stage_1-smc_mudel_ld_stage_2/0005/indelsieve_median.loci_info	/raid/kang/DelSIEVE/simulation_results/IndelSIEVE_benchmark_pipeline_sa_006/benchmark_results/simulated_data/results/data_type/no_cnv/0005/true_evo_events_genotypes_numeric	/raid/kang/DelSIEVE/simulation_results/IndelSIEVE_benchmark_pipeline_sa_006/benchmark_results/indelsieve/from_candidate/variant_calling/stage2/mt/no_cnv/smc_mudel_ld_stage_1-smc_mudel_ld_stage_2/0005/indelsieve_median.genotypes	/raid/kang/DelSIEVE/simulation_results/IndelSIEVE_benchmark_pipeline_sa_006/benchmark_results/simulated_data/results/data_type/no_cnv/0005/true_evo_events_ternary_matrix.simple	/raid/kang/DelSIEVE/simulation_results/IndelSIEVE_benchmark_pipeline_sa_006/benchmark_results/indelsieve/from_candidate/variant_calling/stage2/mt/no_cnv/smc_mudel_ld_stage_1-smc_mudel_ld_stage_2/0005/indelsieve_median.ternary	/raid/kang/DelSIEVE/simulation_results/IndelSIEVE_benchmark_pipeline_sa_006/benchmark_results/indelsieve/from_candidate/variant_calling/stage2/mt/no_cnv/smc_mudel_ld_stage_1-smc_mudel_ld_stage_2/0005/indelsieve_median.probs	7595	76	10087	1122	0.8712859928874613	0.990092556381176	0.9268977300463754	0.0074781068582111	6726	112	11880	149	0.9783272727272728	0.9836209417958468	0.98096696565303	0.0093395597064709	5363	259	13095	150	0.9727915835298384	0.9539309854144432	0.9632689717108216	0.0193949378463381	627	10	18124	106	0.8553888130968622	0.9843014128728416	0.9153284671532846	0.0005514503143266	733	75	0	106	1408	4	14307	321	0.8143435511856565	0.9971671388101984	0.000279505275662	0.8965297675899394	9	10	16005	16	0.36	0.4736842105263157	0.0006244146113019	0.409090909090909	573	6	15405	56	0.9109697933227344	0.9896373056994818	0.0003893322951138	0.9486754966887416	798	16	14949	277	0.7423255813953489	0.9803439803439804	0.0010691613765452	0.8448914769719429	233	34	44	8	0	0	16040	0	NA	NA	0.0	NA
40	20	2	0.001999	0.3	3e-05	7.5e-06	0.0	0005	indelsieve	candidate_snvs	smc_mudel_sa_stage_1-smc_mudel_sa_stage_2	mt	no_cnv	/raid/kang/DelSIEVE/simulation_results/IndelSIEVE_benchmark_pipeline_sa_006/benchmark_results/simulated_data/results/cell_names	/raid/kang/DelSIEVE/simulation_results/IndelSIEVE_benchmark_pipeline_sa_006/benchmark_results/indelsieve/from_candidate/variant_calling/stage2/mt/no_cnv/smc_mudel_sa_stage_1-smc_mudel_sa_stage_2/0005/indelsieve_median.cell_names	/raid/kang/DelSIEVE/simulation_results/IndelSIEVE_benchmark_pipeline_sa_006/benchmark_results/simulated_data/results/data_type/no_cnv/0005/true_evo_events_sites_names	/raid/kang/DelSIEVE/simulation_results/IndelSIEVE_benchmark_pipeline_sa_006/benchmark_results/indelsieve/from_candidate/variant_calling/stage2/mt/no_cnv/smc_mudel_sa_stage_1-smc_mudel_sa_stage_2/0005/indelsieve_median.loci_info	/raid/kang/DelSIEVE/simulation_results/IndelSIEVE_benchmark_pipeline_sa_006/benchmark_results/simulated_data/results/data_type/no_cnv/0005/true_evo_events_genotypes_numeric	/raid/kang/DelSIEVE/simulation_results/IndelSIEVE_benchmark_pipeline_sa_006/benchmark_results/indelsieve/from_candidate/variant_calling/stage2/mt/no_cnv/smc_mudel_sa_stage_1-smc_mudel_sa_stage_2/0005/indelsieve_median.genotypes	/raid/kang/DelSIEVE/simulation_results/IndelSIEVE_benchmark_pipeline_sa_006/benchmark_results/simulated_data/results/data_type/no_cnv/0005/true_evo_events_ternary_matrix.simple	/raid/kang/DelSIEVE/simulation_results/IndelSIEVE_benchmark_pipeline_sa_006/benchmark_results/indelsieve/from_candidate/variant_calling/stage2/mt/no_cnv/smc_mudel_sa_stage_1-smc_mudel_sa_stage_2/0005/indelsieve_median.ternary	/raid/kang/DelSIEVE/simulation_results/IndelSIEVE_benchmark_pipeline_sa_006/benchmark_results/indelsieve/from_candidate/variant_calling/stage2/mt/no_cnv/smc_mudel_sa_stage_1-smc_mudel_sa_stage_2/0005/indelsieve_median.probs	7734	82	10081	983	0.8872318458185156	0.989508700102354	0.9355833786971512	0.0080684837154383	6727	98	11894	148	0.9784727272727272	0.9856410256410256	0.982043795620438	0.0081721147431621	5365	229	13124	149	0.9729778745012696	0.9590632820879512	0.965970471732085	0.0171497041863251	628	3	18132	104	0.8579234972677595	0.9952456418383518	0.921496698459281	0.0001654259718775	732	77	0	104	1582	9	14302	147	0.9149797570850202	0.994343180389692	0.0006288868702396	0.9530120481927712	13	10	16005	12	0.52	0.5652173913043478	0.0006244146113019	0.5416666666666667	591	9	15402	38	0.9395866454689984	0.985	0.0005839984426708	0.9617575264442636	949	19	14946	126	0.8827906976744186	0.9803719008264464	0.0012696291346475	0.9290259422418014	98	16	32	1	0	0	16040	0	NA	NA	0.0	NA
40	20	2	0.001999	0.3	3e-05	7.5e-06	0.0	0006	sieve	candidate_snvs	smc_mu_ld_stage_1-smc_mu_ld_stage_2	mt	no_cnv	/raid/kang/DelSIEVE/simulation_results/IndelSIEVE_benchmark_pipeline_sa_006/benchmark_results/simulated_data/results/cell_names	/raid/kang/DelSIEVE/simulation_results/IndelSIEVE_benchmark_pipeline_sa_006/benchmark_results/indelsieve/from_candidate/variant_calling/stage2/mt/no_cnv/smc_mu_ld_stage_1-smc_mu_ld_stage_2/0006/indelsieve_median.cell_names	/raid/kang/DelSIEVE/simulation_results/IndelSIEVE_benchmark_pipeline_sa_006/benchmark_results/simulated_data/results/data_type/no_cnv/0006/true_evo_events_sites_names	/raid/kang/DelSIEVE/simulation_results/IndelSIEVE_benchmark_pipeline_sa_006/benchmark_results/indelsieve/from_candidate/variant_calling/stage2/mt/no_cnv/smc_mu_ld_stage_1-smc_mu_ld_stage_2/0006/indelsieve_median.loci_info	/raid/kang/DelSIEVE/simulation_results/IndelSIEVE_benchmark_pipeline_sa_006/benchmark_results/simulated_data/results/data_type/no_cnv/0006/true_evo_events_genotypes_numeric	/raid/kang/DelSIEVE/simulation_results/IndelSIEVE_benchmark_pipeline_sa_006/benchmark_results/indelsieve/from_candidate/variant_calling/stage2/mt/no_cnv/smc_mu_ld_stage_1-smc_mu_ld_stage_2/0006/indelsieve_median.genotypes	/raid/kang/DelSIEVE/simulation_results/IndelSIEVE_benchmark_pipeline_sa_006/benchmark_results/simulated_data/results/data_type/no_cnv/0006/true_evo_events_ternary_matrix.simple	/raid/kang/DelSIEVE/simulation_results/IndelSIEVE_benchmark_pipeline_sa_006/benchmark_results/indelsieve/from_candidate/variant_calling/stage2/mt/no_cnv/smc_mu_ld_stage_1-smc_mu_ld_stage_2/0006/indelsieve_median.ternary	/raid/kang/DelSIEVE/simulation_results/IndelSIEVE_benchmark_pipeline_sa_006/benchmark_results/indelsieve/from_candidate/variant_calling/stage2/mt/no_cnv/smc_mu_ld_stage_1-smc_mu_ld_stage_2/0006/indelsieve_median.probs	10463	94	10219	2584	0.8019468076952556	0.9910959552903288	0.886544653448568	0.009114709589838	10225	332	12588	196	0.9811918242011324	0.96855167187648	0.9748307750977214	0.0256965944272445	7781	745	14619	196	0.9754293594082988	0.912620220501994	0.942980064230746	0.0484899765686019	1185	846	21183	127	0.9032012195121952	0.5834564254062038	0.7089440622195633	0.0384039221026828	1312	94	4	123	0	0	16973	2827	0.0	NA	0.0	NA	0	0	19682	118	0.0	NA	0.0	NA	0	0	18668	1132	0.0	NA	0.0	NA	0	0	18223	1577	0.0	NA	0.0	NA	1397	179	306	815	0	0	19800	0	NA	NA	0.0	NA
40	20	2	0.001999	0.3	3e-05	7.5e-06	0.0	0006	sieve	candidate_snvs	smc_mu_sa_stage_1-smc_mu_sa_stage_2	mt	no_cnv	/raid/kang/DelSIEVE/simulation_results/IndelSIEVE_benchmark_pipeline_sa_006/benchmark_results/simulated_data/results/cell_names	/raid/kang/DelSIEVE/simulation_results/IndelSIEVE_benchmark_pipeline_sa_006/benchmark_results/indelsieve/from_candidate/variant_calling/stage2/mt/no_cnv/smc_mu_sa_stage_1-smc_mu_sa_stage_2/0006/indelsieve_median.cell_names	/raid/kang/DelSIEVE/simulation_results/IndelSIEVE_benchmark_pipeline_sa_006/benchmark_results/simulated_data/results/data_type/no_cnv/0006/true_evo_events_sites_names	/raid/kang/DelSIEVE/simulation_results/IndelSIEVE_benchmark_pipeline_sa_006/benchmark_results/indelsieve/from_candidate/variant_calling/stage2/mt/no_cnv/smc_mu_sa_stage_1-smc_mu_sa_stage_2/0006/indelsieve_median.loci_info	/raid/kang/DelSIEVE/simulation_results/IndelSIEVE_benchmark_pipeline_sa_006/benchmark_results/simulated_data/results/data_type/no_cnv/0006/true_evo_events_genotypes_numeric	/raid/kang/DelSIEVE/simulation_results/IndelSIEVE_benchmark_pipeline_sa_006/benchmark_results/indelsieve/from_candidate/variant_calling/stage2/mt/no_cnv/smc_mu_sa_stage_1-smc_mu_sa_stage_2/0006/indelsieve_median.genotypes	/raid/kang/DelSIEVE/simulation_results/IndelSIEVE_benchmark_pipeline_sa_006/benchmark_results/simulated_data/results/data_type/no_cnv/0006/true_evo_events_ternary_matrix.simple	/raid/kang/DelSIEVE/simulation_results/IndelSIEVE_benchmark_pipeline_sa_006/benchmark_results/indelsieve/from_candidate/variant_calling/stage2/mt/no_cnv/smc_mu_sa_stage_1-smc_mu_sa_stage_2/0006/indelsieve_median.ternary	/raid/kang/DelSIEVE/simulation_results/IndelSIEVE_benchmark_pipeline_sa_006/benchmark_results/indelsieve/from_candidate/variant_calling/stage2/mt/no_cnv/smc_mu_sa_stage_1-smc_mu_sa_stage_2/0006/indelsieve_median.probs	10396	116	10197	2651	0.796811527554227	0.98896499238965	0.8825501931321362	0.0112479394938427	10213	299	12621	208	0.9800403032338548	0.9715563165905632	0.975779869106196	0.0231424148606811	7773	611	14753	204	0.9744264761188416	0.9271230916030534	0.9501864189230488	0.0397682895079406	1182	946	21083	130	0.9009146341463414	0.5554511278195489	0.6872093023255813	0.0429433928003994	1312	116	4	126	0	0	16973	2827	0.0	NA	0.0	NA	0	0	19682	118	0.0	NA	0.0	NA	0	0	18668	1132	0.0	NA	0.0	NA	0	0	18223	1577	0.0	NA	0.0	NA	1452	124	202	915	0	0	19800	0	NA	NA	0.0	NA
40	20	2	0.001999	0.3	3e-05	7.5e-06	0.0	0006	indelsieve	candidate_snvs	smc_mudel_ld_stage_1-smc_mudel_ld_stage_2	mt	no_cnv	/raid/kang/DelSIEVE/simulation_results/IndelSIEVE_benchmark_pipeline_sa_006/benchmark_results/simulated_data/results/cell_names	/raid/kang/DelSIEVE/simulation_results/IndelSIEVE_benchmark_pipeline_sa_006/benchmark_results/indelsieve/from_candidate/variant_calling/stage2/mt/no_cnv/smc_mudel_ld_stage_1-smc_mudel_ld_stage_2/0006/indelsieve_median.cell_names	/raid/kang/DelSIEVE/simulation_results/IndelSIEVE_benchmark_pipeline_sa_006/benchmark_results/simulated_data/results/data_type/no_cnv/0006/true_evo_events_sites_names	/raid/kang/DelSIEVE/simulation_results/IndelSIEVE_benchmark_pipeline_sa_006/benchmark_results/indelsieve/from_candidate/variant_calling/stage2/mt/no_cnv/smc_mudel_ld_stage_1-smc_mudel_ld_stage_2/0006/indelsieve_median.loci_info	/raid/kang/DelSIEVE/simulation_results/IndelSIEVE_benchmark_pipeline_sa_006/benchmark_results/simulated_data/results/data_type/no_cnv/0006/true_evo_events_genotypes_numeric	/raid/kang/DelSIEVE/simulation_results/IndelSIEVE_benchmark_pipeline_sa_006/benchmark_results/indelsieve/from_candidate/variant_calling/stage2/mt/no_cnv/smc_mudel_ld_stage_1-smc_mudel_ld_stage_2/0006/indelsieve_median.genotypes	/raid/kang/DelSIEVE/simulation_results/IndelSIEVE_benchmark_pipeline_sa_006/benchmark_results/simulated_data/results/data_type/no_cnv/0006/true_evo_events_ternary_matrix.simple	/raid/kang/DelSIEVE/simulation_results/IndelSIEVE_benchmark_pipeline_sa_006/benchmark_results/indelsieve/from_candidate/variant_calling/stage2/mt/no_cnv/smc_mudel_ld_stage_1-smc_mudel_ld_stage_2/0006/indelsieve_median.ternary	/raid/kang/DelSIEVE/simulation_results/IndelSIEVE_benchmark_pipeline_sa_006/benchmark_results/indelsieve/from_candidate/variant_calling/stage2/mt/no_cnv/smc_mudel_ld_stage_1-smc_mudel_ld_stage_2/0006/indelsieve_median.probs	11758	101	10212	1289	0.9012033417643904	0.9914832616578126	0.9441901549827352	0.009793464559294	10222	160	12760	199	0.9809039439593128	0.9845887112309768	0.9827428736239964	0.0123839009287925	7779	336	15016	210	0.97371385655276	0.9585951940850276	0.9660953800298062	0.0218863991662324	1185	36	22005	115	0.9115384615384616	0.9705159705159704	0.9401031336771124	0.0016333197223356	1300	96	4	111	2500	23	16950	327	0.8843296781039972	0.9908838684106224	0.0013550933836092	0.9345794392523364	107	9	19673	11	0.9067796610169492	0.9224137931034484	0.000457270602581	0.9145299145299146	1028	18	18650	104	0.9081272084805654	0.982791586998088	0.0009642168416541	0.9439853076216712	1339	22	18201	238	0.8490805326569436	0.9838354151359294	0.0012072655435438	0.9115044247787611	172	59	70	21	0	0	19800	0	NA	NA	0.0	NA
40	20	2	0.001999	0.3	3e-05	7.5e-06	0.0	0006	indelsieve	candidate_snvs	smc_mudel_sa_stage_1-smc_mudel_sa_stage_2	mt	no_cnv	/raid/kang/DelSIEVE/simulation_results/IndelSIEVE_benchmark_pipeline_sa_006/benchmark_results/simulated_data/results/cell_names	/raid/kang/DelSIEVE/simulation_results/IndelSIEVE_benchmark_pipeline_sa_006/benchmark_results/indelsieve/from_candidate/variant_calling/stage2/mt/no_cnv/smc_mudel_sa_stage_1-smc_mudel_sa_stage_2/0006/indelsieve_median.cell_names	/raid/kang/DelSIEVE/simulation_results/IndelSIEVE_benchmark_pipeline_sa_006/benchmark_results/simulated_data/results/data_type/no_cnv/0006/true_evo_events_sites_names	/raid/kang/DelSIEVE/simulation_results/IndelSIEVE_benchmark_pipeline_sa_006/benchmark_results/indelsieve/from_candidate/variant_calling/stage2/mt/no_cnv/smc_mudel_sa_stage_1-smc_mudel_sa_stage_2/0006/indelsieve_median.loci_info	/raid/kang/DelSIEVE/simulation_results/IndelSIEVE_benchmark_pipeline_sa_006/benchmark_results/simulated_data/results/data_type/no_cnv/0006/true_evo_events_genotypes_numeric	/raid/kang/DelSIEVE/simulation_results/IndelSIEVE_benchmark_pipeline_sa_006/benchmark_results/indelsieve/from_candidate/variant_calling/stage2/mt/no_cnv/smc_mudel_sa_stage_1-smc_mudel_sa_stage_2/0006/indelsieve_median.genotypes	/raid/kang/DelSIEVE/simulation_results/IndelSIEVE_benchmark_pipeline_sa_006/benchmark_results/simulated_data/results/data_type/no_cnv/0006/true_evo_events_ternary_matrix.simple	/raid/kang/DelSIEVE/simulation_results/IndelSIEVE_benchmark_pipeline_sa_006/benchmark_results/indelsieve/from_candidate/variant_calling/stage2/mt/no_cnv/smc_mudel_sa_stage_1-smc_mudel_sa_stage_2/0006/indelsieve_median.ternary	/raid/kang/DelSIEVE/simulation_results/IndelSIEVE_benchmark_pipeline_sa_006/benchmark_results/indelsieve/from_candidate/variant_calling/stage2/mt/no_cnv/smc_mudel_sa_stage_1-smc_mudel_sa_stage_2/0006/indelsieve_median.probs	11858	102	10211	1189	0.908867938989806	0.9914715719063544	0.9483744551525572	0.0098904295549306	10218	136	12784	203	0.980520103636887	0.9868649797179834	0.9836823104693142	0.0105263157894736	7777	265	15087	212	0.973463512329453	0.9670479980104452	0.9702451500218326	0.0172615945805106	1185	24	22017	115	0.9115384615384616	0.98014888337469	0.9445994420087684	0.0010888798148904	1300	95	4	111	2681	28	16945	146	0.9483551467987266	0.9896640826873384	0.0016496789017851	0.9685693641618498	107	9	19673	11	0.9067796610169492	0.9224137931034484	0.000457270602581	0.9145299145299146	1069	34	18634	63	0.9443462897526502	0.9691749773345422	0.00182129847868	0.956599552572707	1457	33	18190	120	0.9239061509194674	0.9778523489932884	0.0018108983153158	0.9501141180306488	77	23	36	10	0	0	19800	0	NA	NA	0.0	NA
40	20	2	0.001999	0.3	3e-05	7.5e-06	0.0	0007	sieve	candidate_snvs	smc_mu_ld_stage_1-smc_mu_ld_stage_2	mt	no_cnv	/raid/kang/DelSIEVE/simulation_results/IndelSIEVE_benchmark_pipeline_sa_006/benchmark_results/simulated_data/results/cell_names	/raid/kang/DelSIEVE/simulation_results/IndelSIEVE_benchmark_pipeline_sa_006/benchmark_results/indelsieve/from_candidate/variant_calling/stage2/mt/no_cnv/smc_mu_ld_stage_1-smc_mu_ld_stage_2/0007/indelsieve_median.cell_names	/raid/kang/DelSIEVE/simulation_results/IndelSIEVE_benchmark_pipeline_sa_006/benchmark_results/simulated_data/results/data_type/no_cnv/0007/true_evo_events_sites_names	/raid/kang/DelSIEVE/simulation_results/IndelSIEVE_benchmark_pipeline_sa_006/benchmark_results/indelsieve/from_candidate/variant_calling/stage2/mt/no_cnv/smc_mu_ld_stage_1-smc_mu_ld_stage_2/0007/indelsieve_median.loci_info	/raid/kang/DelSIEVE/simulation_results/IndelSIEVE_benchmark_pipeline_sa_006/benchmark_results/simulated_data/results/data_type/no_cnv/0007/true_evo_events_genotypes_numeric	/raid/kang/DelSIEVE/simulation_results/IndelSIEVE_benchmark_pipeline_sa_006/benchmark_results/indelsieve/from_candidate/variant_calling/stage2/mt/no_cnv/smc_mu_ld_stage_1-smc_mu_ld_stage_2/0007/indelsieve_median.genotypes	/raid/kang/DelSIEVE/simulation_results/IndelSIEVE_benchmark_pipeline_sa_006/benchmark_results/simulated_data/results/data_type/no_cnv/0007/true_evo_events_ternary_matrix.simple	/raid/kang/DelSIEVE/simulation_results/IndelSIEVE_benchmark_pipeline_sa_006/benchmark_results/indelsieve/from_candidate/variant_calling/stage2/mt/no_cnv/smc_mu_ld_stage_1-smc_mu_ld_stage_2/0007/indelsieve_median.ternary	/raid/kang/DelSIEVE/simulation_results/IndelSIEVE_benchmark_pipeline_sa_006/benchmark_results/indelsieve/from_candidate/variant_calling/stage2/mt/no_cnv/smc_mu_ld_stage_1-smc_mu_ld_stage_2/0007/indelsieve_median.probs	6657	74	8278	1711	0.7955305927342257	0.9890060912197296	0.8817802503477051	0.0088601532567049	6516	215	9818	153	0.9770580296896086	0.9680582380032684	0.9725373134328358	0.0214292833648958	5251	524	10767	160	0.970430604324524	0.9092640692640692	0.9388521365993204	0.0464086440527854	617	339	15654	92	0.8702397743300423	0.645397489539749	0.7411411411411412	0.0211967735884449	709	74	1	91	0	0	12871	1529	0.0	NA	0.0	NA	0	0	14383	17	0.0	NA	0.0	NA	0	0	13851	549	0.0	NA	0.0	NA	0	0	13437	963	0.0	NA	0.0	NA	829	133	219	322	0	0	14400	0	NA	NA	0.0	NA
40	20	2	0.001999	0.3	3e-05	7.5e-06	0.0	0007	sieve	candidate_snvs	smc_mu_sa_stage_1-smc_mu_sa_stage_2	mt	no_cnv	/raid/kang/DelSIEVE/simulation_results/IndelSIEVE_benchmark_pipeline_sa_006/benchmark_results/simulated_data/results/cell_names	/raid/kang/DelSIEVE/simulation_results/IndelSIEVE_benchmark_pipeline_sa_006/benchmark_results/indelsieve/from_candidate/variant_calling/stage2/mt/no_cnv/smc_mu_sa_stage_1-smc_mu_sa_stage_2/0007/indelsieve_median.cell_names	/raid/kang/DelSIEVE/simulation_results/IndelSIEVE_benchmark_pipeline_sa_006/benchmark_results/simulated_data/results/data_type/no_cnv/0007/true_evo_events_sites_names	/raid/kang/DelSIEVE/simulation_results/IndelSIEVE_benchmark_pipeline_sa_006/benchmark_results/indelsieve/from_candidate/variant_calling/stage2/mt/no_cnv/smc_mu_sa_stage_1-smc_mu_sa_stage_2/0007/indelsieve_median.loci_info	/raid/kang/DelSIEVE/simulation_results/IndelSIEVE_benchmark_pipeline_sa_006/benchmark_results/simulated_data/results/data_type/no_cnv/0007/true_evo_events_genotypes_numeric	/raid/kang/DelSIEVE/simulation_results/IndelSIEVE_benchmark_pipeline_sa_006/benchmark_results/indelsieve/from_candidate/variant_calling/stage2/mt/no_cnv/smc_mu_sa_stage_1-smc_mu_sa_stage_2/0007/indelsieve_median.genotypes	/raid/kang/DelSIEVE/simulation_results/IndelSIEVE_benchmark_pipeline_sa_006/benchmark_results/simulated_data/results/data_type/no_cnv/0007/true_evo_events_ternary_matrix.simple	/raid/kang/DelSIEVE/simulation_results/IndelSIEVE_benchmark_pipeline_sa_006/benchmark_results/indelsieve/from_candidate/variant_calling/stage2/mt/no_cnv/smc_mu_sa_stage_1-smc_mu_sa_stage_2/0007/indelsieve_median.ternary	/raid/kang/DelSIEVE/simulation_results/IndelSIEVE_benchmark_pipeline_sa_006/benchmark_results/indelsieve/from_candidate/variant_calling/stage2/mt/no_cnv/smc_mu_sa_stage_1-smc_mu_sa_stage_2/0007/indelsieve_median.probs	6620	73	8279	1748	0.7911089866156787	0.989093082324817	0.8790916937786336	0.0087404214559386	6506	187	9846	163	0.9755585545059228	0.9720603615717914	0.9738063164196976	0.0186384929731884	5238	467	10824	173	0.9680280909258916	0.9181419807186678	0.9424253328535444	0.0413603755203259	606	382	15611	103	0.8547249647390691	0.6133603238866396	0.7142015321154979	0.0238854498843243	709	73	1	102	0	0	12871	1529	0.0	NA	0.0	NA	0	0	14383	17	0.0	NA	0.0	NA	0	0	13851	549	0.0	NA	0.0	NA	0	0	13437	963	0.0	NA	0.0	NA	854	107	181	361	0	0	14400	0	NA	NA	0.0	NA
40	20	2	0.001999	0.3	3e-05	7.5e-06	0.0	0007	indelsieve	candidate_snvs	smc_mudel_ld_stage_1-smc_mudel_ld_stage_2	mt	no_cnv	/raid/kang/DelSIEVE/simulation_results/IndelSIEVE_benchmark_pipeline_sa_006/benchmark_results/simulated_data/results/cell_names	/raid/kang/DelSIEVE/simulation_results/IndelSIEVE_benchmark_pipeline_sa_006/benchmark_results/indelsieve/from_candidate/variant_calling/stage2/mt/no_cnv/smc_mudel_ld_stage_1-smc_mudel_ld_stage_2/0007/indelsieve_median.cell_names	/raid/kang/DelSIEVE/simulation_results/IndelSIEVE_benchmark_pipeline_sa_006/benchmark_results/simulated_data/results/data_type/no_cnv/0007/true_evo_events_sites_names	/raid/kang/DelSIEVE/simulation_results/IndelSIEVE_benchmark_pipeline_sa_006/benchmark_results/indelsieve/from_candidate/variant_calling/stage2/mt/no_cnv/smc_mudel_ld_stage_1-smc_mudel_ld_stage_2/0007/indelsieve_median.loci_info	/raid/kang/DelSIEVE/simulation_results/IndelSIEVE_benchmark_pipeline_sa_006/benchmark_results/simulated_data/results/data_type/no_cnv/0007/true_evo_events_genotypes_numeric	/raid/kang/DelSIEVE/simulation_results/IndelSIEVE_benchmark_pipeline_sa_006/benchmark_results/indelsieve/from_candidate/variant_calling/stage2/mt/no_cnv/smc_mudel_ld_stage_1-smc_mudel_ld_stage_2/0007/indelsieve_median.genotypes	/raid/kang/DelSIEVE/simulation_results/IndelSIEVE_benchmark_pipeline_sa_006/benchmark_results/simulated_data/results/data_type/no_cnv/0007/true_evo_events_ternary_matrix.simple	/raid/kang/DelSIEVE/simulation_results/IndelSIEVE_benchmark_pipeline_sa_006/benchmark_results/indelsieve/from_candidate/variant_calling/stage2/mt/no_cnv/smc_mudel_ld_stage_1-smc_mudel_ld_stage_2/0007/indelsieve_median.ternary	/raid/kang/DelSIEVE/simulation_results/IndelSIEVE_benchmark_pipeline_sa_006/benchmark_results/indelsieve/from_candidate/variant_calling/stage2/mt/no_cnv/smc_mudel_ld_stage_1-smc_mudel_ld_stage_2/0007/indelsieve_median.probs	7297	83	8269	1071	0.8720124282982792	0.9887533875338752	0.9267208534417068	0.0099377394636015	6514	114	9919	155	0.9767581346528716	0.9828002414001208	0.9797698729036624	0.0113625037376657	5245	242	11049	166	0.9693217519866938	0.9558957535994168	0.9625619379702696	0.0214329997343016	622	23	15970	87	0.8772919605077574	0.9643410852713178	0.9187592319054654	0.0014381291815169	709	69	1	86	1229	19	12852	300	0.8037933289731851	0.9847756410256412	0.0014761867764742	0.8851278357940223	5	0	14383	12	0.2941176470588235	1.0	0.0	0.4545454545454545	480	16	13835	69	0.8743169398907104	0.967741935483871	0.0011551512526171	0.9186602870813396	719	28	13409	244	0.7466251298026999	0.9625167336010708	0.0020837984669196	0.8409356725146198	203	34	53	7	0	0	14400	0	NA	NA	0.0	NA
40	20	2	0.001999	0.3	3e-05	7.5e-06	0.0	0007	indelsieve	candidate_snvs	smc_mudel_sa_stage_1-smc_mudel_sa_stage_2	mt	no_cnv	/raid/kang/DelSIEVE/simulation_results/IndelSIEVE_benchmark_pipeline_sa_006/benchmark_results/simulated_data/results/cell_names	/raid/kang/DelSIEVE/simulation_results/IndelSIEVE_benchmark_pipeline_sa_006/benchmark_results/indelsieve/from_candidate/variant_calling/stage2/mt/no_cnv/smc_mudel_sa_stage_1-smc_mudel_sa_stage_2/0007/indelsieve_median.cell_names	/raid/kang/DelSIEVE/simulation_results/IndelSIEVE_benchmark_pipeline_sa_006/benchmark_results/simulated_data/results/data_type/no_cnv/0007/true_evo_events_sites_names	/raid/kang/DelSIEVE/simulation_results/IndelSIEVE_benchmark_pipeline_sa_006/benchmark_results/indelsieve/from_candidate/variant_calling/stage2/mt/no_cnv/smc_mudel_sa_stage_1-smc_mudel_sa_stage_2/0007/indelsieve_median.loci_info	/raid/kang/DelSIEVE/simulation_results/IndelSIEVE_benchmark_pipeline_sa_006/benchmark_results/simulated_data/results/data_type/no_cnv/0007/true_evo_events_genotypes_numeric	/raid/kang/DelSIEVE/simulation_results/IndelSIEVE_benchmark_pipeline_sa_006/benchmark_results/indelsieve/from_candidate/variant_calling/stage2/mt/no_cnv/smc_mudel_sa_stage_1-smc_mudel_sa_stage_2/0007/indelsieve_median.genotypes	/raid/kang/DelSIEVE/simulation_results/IndelSIEVE_benchmark_pipeline_sa_006/benchmark_results/simulated_data/results/data_type/no_cnv/0007/true_evo_events_ternary_matrix.simple	/raid/kang/DelSIEVE/simulation_results/IndelSIEVE_benchmark_pipeline_sa_006/benchmark_results/indelsieve/from_candidate/variant_calling/stage2/mt/no_cnv/smc_mudel_sa_stage_1-smc_mudel_sa_stage_2/0007/indelsieve_median.ternary	/raid/kang/DelSIEVE/simulation_results/IndelSIEVE_benchmark_pipeline_sa_006/benchmark_results/indelsieve/from_candidate/variant_calling/stage2/mt/no_cnv/smc_mudel_sa_stage_1-smc_mudel_sa_stage_2/0007/indelsieve_median.probs	7415	81	8271	953	0.8861137667304015	0.9891942369263608	0.9348209783156832	0.0096982758620689	6508	109	9924	161	0.97585844954266	0.9835272782227596	0.9796778563901852	0.0108641483105751	5240	211	11080	171	0.9683977083718353	0.9612915061456614	0.964831522739827	0.0186874501815605	617	20	15973	92	0.8702397743300423	0.9686028257456828	0.9167904903417532	0.0012505471143625	709	67	1	91	1386	22	12849	143	0.9064748201438848	0.984375	0.0017092688990754	0.9438202247191012	5	0	14383	12	0.2941176470588235	1.0	0.0	0.4545454545454545	504	25	13826	45	0.918032786885246	0.9527410207939508	0.0018049238322142	0.9350649350649352	839	35	13402	124	0.8712357217030114	0.959954233409611	0.0026047480836496	0.913445835601524	86	24	29	4	0	0	14400	0	NA	NA	0.0	NA
40	20	2	0.001999	0.3	3e-05	7.5e-06	0.0	0008	sieve	candidate_snvs	smc_mu_ld_stage_1-smc_mu_ld_stage_2	mt	no_cnv	/raid/kang/DelSIEVE/simulation_results/IndelSIEVE_benchmark_pipeline_sa_006/benchmark_results/simulated_data/results/cell_names	/raid/kang/DelSIEVE/simulation_results/IndelSIEVE_benchmark_pipeline_sa_006/benchmark_results/indelsieve/from_candidate/variant_calling/stage2/mt/no_cnv/smc_mu_ld_stage_1-smc_mu_ld_stage_2/0008/indelsieve_median.cell_names	/raid/kang/DelSIEVE/simulation_results/IndelSIEVE_benchmark_pipeline_sa_006/benchmark_results/simulated_data/results/data_type/no_cnv/0008/true_evo_events_sites_names	/raid/kang/DelSIEVE/simulation_results/IndelSIEVE_benchmark_pipeline_sa_006/benchmark_results/indelsieve/from_candidate/variant_calling/stage2/mt/no_cnv/smc_mu_ld_stage_1-smc_mu_ld_stage_2/0008/indelsieve_median.loci_info	/raid/kang/DelSIEVE/simulation_results/IndelSIEVE_benchmark_pipeline_sa_006/benchmark_results/simulated_data/results/data_type/no_cnv/0008/true_evo_events_genotypes_numeric	/raid/kang/DelSIEVE/simulation_results/IndelSIEVE_benchmark_pipeline_sa_006/benchmark_results/indelsieve/from_candidate/variant_calling/stage2/mt/no_cnv/smc_mu_ld_stage_1-smc_mu_ld_stage_2/0008/indelsieve_median.genotypes	/raid/kang/DelSIEVE/simulation_results/IndelSIEVE_benchmark_pipeline_sa_006/benchmark_results/simulated_data/results/data_type/no_cnv/0008/true_evo_events_ternary_matrix.simple	/raid/kang/DelSIEVE/simulation_results/IndelSIEVE_benchmark_pipeline_sa_006/benchmark_results/indelsieve/from_candidate/variant_calling/stage2/mt/no_cnv/smc_mu_ld_stage_1-smc_mu_ld_stage_2/0008/indelsieve_median.ternary	/raid/kang/DelSIEVE/simulation_results/IndelSIEVE_benchmark_pipeline_sa_006/benchmark_results/indelsieve/from_candidate/variant_calling/stage2/mt/no_cnv/smc_mu_ld_stage_1-smc_mu_ld_stage_2/0008/indelsieve_median.probs	9041	123	15188	2448	0.7869266254678388	0.986577913574858	0.8755144531060862	0.00803344001045	8881	283	17367	250	0.9726207425254628	0.9691182889567874	0.9708663569281224	0.0160339943342776	7444	754	18333	250	0.967507148427346	0.9080263478897292	0.936823559023408	0.0395033268716927	733	233	25666	149	0.8310657596371882	0.7587991718426501	0.7932900432900433	0.0089964863508243	882	123	1	148	0	0	20046	2234	0.0	NA	0.0	NA	0	0	22184	96	0.0	NA	0.0	NA	0	0	21725	555	0.0	NA	0.0	NA	0	0	20697	1583	0.0	NA	0.0	NA	1438	145	323	228	0	0	22280	0	NA	NA	0.0	NA
40	20	2	0.001999	0.3	3e-05	7.5e-06	0.0	0008	sieve	candidate_snvs	smc_mu_sa_stage_1-smc_mu_sa_stage_2	mt	no_cnv	/raid/kang/DelSIEVE/simulation_results/IndelSIEVE_benchmark_pipeline_sa_006/benchmark_results/simulated_data/results/cell_names	/raid/kang/DelSIEVE/simulation_results/IndelSIEVE_benchmark_pipeline_sa_006/benchmark_results/indelsieve/from_candidate/variant_calling/stage2/mt/no_cnv/smc_mu_sa_stage_1-smc_mu_sa_stage_2/0008/indelsieve_median.cell_names	/raid/kang/DelSIEVE/simulation_results/IndelSIEVE_benchmark_pipeline_sa_006/benchmark_results/simulated_data/results/data_type/no_cnv/0008/true_evo_events_sites_names	/raid/kang/DelSIEVE/simulation_results/IndelSIEVE_benchmark_pipeline_sa_006/benchmark_results/indelsieve/from_candidate/variant_calling/stage2/mt/no_cnv/smc_mu_sa_stage_1-smc_mu_sa_stage_2/0008/indelsieve_median.loci_info	/raid/kang/DelSIEVE/simulation_results/IndelSIEVE_benchmark_pipeline_sa_006/benchmark_results/simulated_data/results/data_type/no_cnv/0008/true_evo_events_genotypes_numeric	/raid/kang/DelSIEVE/simulation_results/IndelSIEVE_benchmark_pipeline_sa_006/benchmark_results/indelsieve/from_candidate/variant_calling/stage2/mt/no_cnv/smc_mu_sa_stage_1-smc_mu_sa_stage_2/0008/indelsieve_median.genotypes	/raid/kang/DelSIEVE/simulation_results/IndelSIEVE_benchmark_pipeline_sa_006/benchmark_results/simulated_data/results/data_type/no_cnv/0008/true_evo_events_ternary_matrix.simple	/raid/kang/DelSIEVE/simulation_results/IndelSIEVE_benchmark_pipeline_sa_006/benchmark_results/indelsieve/from_candidate/variant_calling/stage2/mt/no_cnv/smc_mu_sa_stage_1-smc_mu_sa_stage_2/0008/indelsieve_median.ternary	/raid/kang/DelSIEVE/simulation_results/IndelSIEVE_benchmark_pipeline_sa_006/benchmark_results/indelsieve/from_candidate/variant_calling/stage2/mt/no_cnv/smc_mu_sa_stage_1-smc_mu_sa_stage_2/0008/indelsieve_median.probs	8988	116	15195	2501	0.7823135172773957	0.9872583479789104	0.8729179818384888	0.0075762523675788	8860	244	17406	271	0.9703208848976016	0.9731985940246046	0.9717576089936936	0.0138243626062322	7423	613	18474	271	0.964777748895243	0.9237182677949228	0.943801652892562	0.0321160999633258	735	333	25566	147	0.8333333333333334	0.6882022471910112	0.7538461538461538	0.0128576392910923	882	116	1	146	0	0	20046	2234	0.0	NA	0.0	NA	0	0	22184	96	0.0	NA	0.0	NA	0	0	21725	555	0.0	NA	0.0	NA	0	0	20697	1583	0.0	NA	0.0	NA	1470	110	226	325	0	0	22280	0	NA	NA	0.0	NA
40	20	2	0.001999	0.3	3e-05	7.5e-06	0.0	0008	indelsieve	candidate_snvs	smc_mudel_ld_stage_1-smc_mudel_ld_stage_2	mt	no_cnv	/raid/kang/DelSIEVE/simulation_results/IndelSIEVE_benchmark_pipeline_sa_006/benchmark_results/simulated_data/results/cell_names	/raid/kang/DelSIEVE/simulation_results/IndelSIEVE_benchmark_pipeline_sa_006/benchmark_results/indelsieve/from_candidate/variant_calling/stage2/mt/no_cnv/smc_mudel_ld_stage_1-smc_mudel_ld_stage_2/0008/indelsieve_median.cell_names	/raid/kang/DelSIEVE/simulation_results/IndelSIEVE_benchmark_pipeline_sa_006/benchmark_results/simulated_data/results/data_type/no_cnv/0008/true_evo_events_sites_names	/raid/kang/DelSIEVE/simulation_results/IndelSIEVE_benchmark_pipeline_sa_006/benchmark_results/indelsieve/from_candidate/variant_calling/stage2/mt/no_cnv/smc_mudel_ld_stage_1-smc_mudel_ld_stage_2/0008/indelsieve_median.loci_info	/raid/kang/DelSIEVE/simulation_results/IndelSIEVE_benchmark_pipeline_sa_006/benchmark_results/simulated_data/results/data_type/no_cnv/0008/true_evo_events_genotypes_numeric	/raid/kang/DelSIEVE/simulation_results/IndelSIEVE_benchmark_pipeline_sa_006/benchmark_results/indelsieve/from_candidate/variant_calling/stage2/mt/no_cnv/smc_mudel_ld_stage_1-smc_mudel_ld_stage_2/0008/indelsieve_median.genotypes	/raid/kang/DelSIEVE/simulation_results/IndelSIEVE_benchmark_pipeline_sa_006/benchmark_results/simulated_data/results/data_type/no_cnv/0008/true_evo_events_ternary_matrix.simple	/raid/kang/DelSIEVE/simulation_results/IndelSIEVE_benchmark_pipeline_sa_006/benchmark_results/indelsieve/from_candidate/variant_calling/stage2/mt/no_cnv/smc_mudel_ld_stage_1-smc_mudel_ld_stage_2/0008/indelsieve_median.ternary	/raid/kang/DelSIEVE/simulation_results/IndelSIEVE_benchmark_pipeline_sa_006/benchmark_results/indelsieve/from_candidate/variant_calling/stage2/mt/no_cnv/smc_mudel_ld_stage_1-smc_mudel_ld_stage_2/0008/indelsieve_median.probs	10287	163	15148	1202	0.8953781878318392	0.984401913875598	0.937782031997812	0.0106459408268565	8880	178	17472	251	0.9725112254955646	0.9803488628836388	0.9764143163450436	0.010084985835694	7441	381	18699	260	0.9662381508894948	0.9512912298644848	0.958706435611673	0.0199685534591194	732	26	25880	143	0.8365714285714285	0.9656992084432716	0.8965094917330068	0.0010036285030494	875	121	1	142	1815	55	19991	419	0.8124440465532676	0.9705882352941176	0.0027436895141175	0.8845029239766081	68	5	22179	28	0.7083333333333334	0.9315068493150684	0.0002253876667868	0.804733727810651	463	15	21710	92	0.8342342342342343	0.9686192468619248	0.0006904487917146	0.8964181994191674	1257	62	20635	326	0.7940619077700568	0.952994692949204	0.0029956032275208	0.8662991040661613	267	49	66	22	0	0	22280	0	NA	NA	0.0	NA
40	20	2	0.001999	0.3	3e-05	7.5e-06	0.0	0008	indelsieve	candidate_snvs	smc_mudel_sa_stage_1-smc_mudel_sa_stage_2	mt	no_cnv	/raid/kang/DelSIEVE/simulation_results/IndelSIEVE_benchmark_pipeline_sa_006/benchmark_results/simulated_data/results/cell_names	/raid/kang/DelSIEVE/simulation_results/IndelSIEVE_benchmark_pipeline_sa_006/benchmark_results/indelsieve/from_candidate/variant_calling/stage2/mt/no_cnv/smc_mudel_sa_stage_1-smc_mudel_sa_stage_2/0008/indelsieve_median.cell_names	/raid/kang/DelSIEVE/simulation_results/IndelSIEVE_benchmark_pipeline_sa_006/benchmark_results/simulated_data/results/data_type/no_cnv/0008/true_evo_events_sites_names	/raid/kang/DelSIEVE/simulation_results/IndelSIEVE_benchmark_pipeline_sa_006/benchmark_results/indelsieve/from_candidate/variant_calling/stage2/mt/no_cnv/smc_mudel_sa_stage_1-smc_mudel_sa_stage_2/0008/indelsieve_median.loci_info	/raid/kang/DelSIEVE/simulation_results/IndelSIEVE_benchmark_pipeline_sa_006/benchmark_results/simulated_data/results/data_type/no_cnv/0008/true_evo_events_genotypes_numeric	/raid/kang/DelSIEVE/simulation_results/IndelSIEVE_benchmark_pipeline_sa_006/benchmark_results/indelsieve/from_candidate/variant_calling/stage2/mt/no_cnv/smc_mudel_sa_stage_1-smc_mudel_sa_stage_2/0008/indelsieve_median.genotypes	/raid/kang/DelSIEVE/simulation_results/IndelSIEVE_benchmark_pipeline_sa_006/benchmark_results/simulated_data/results/data_type/no_cnv/0008/true_evo_events_ternary_matrix.simple	/raid/kang/DelSIEVE/simulation_results/IndelSIEVE_benchmark_pipeline_sa_006/benchmark_results/indelsieve/from_candidate/variant_calling/stage2/mt/no_cnv/smc_mudel_sa_stage_1-smc_mudel_sa_stage_2/0008/indelsieve_median.ternary	/raid/kang/DelSIEVE/simulation_results/IndelSIEVE_benchmark_pipeline_sa_006/benchmark_results/indelsieve/from_candidate/variant_calling/stage2/mt/no_cnv/smc_mudel_sa_stage_1-smc_mudel_sa_stage_2/0008/indelsieve_median.probs	10403	169	15142	1086	0.9054748019845068	0.9840143776012108	0.943112279588414	0.0110378159493174	8879	161	17489	252	0.9724017084656664	0.9821902654867256	0.9772714765285344	0.0091218130311614	7437	336	18744	264	0.9657187378262564	0.9567734465457352	0.961225281116712	0.0176100628930817	732	18	25888	143	0.8365714285714285	0.976	0.9009230769230768	0.0006948197328804	875	118	1	142	1981	68	19978	253	0.8867502238137869	0.9668130795510004	0.0033921979447271	0.9250525332710716	68	5	22179	28	0.7083333333333334	0.9315068493150684	0.0002253876667868	0.804733727810651	491	26	21699	64	0.8846846846846846	0.9497098646034816	0.0011967779056386	0.9160447761194028	1375	84	20613	208	0.868603916614024	0.9424263193968472	0.0040585592114799	0.9040105193951348	163	30	46	14	0	0	22280	0	NA	NA	0.0	NA
40	20	2	0.001999	0.3	3e-05	7.5e-06	0.0	0009	sieve	candidate_snvs	smc_mu_ld_stage_1-smc_mu_ld_stage_2	mt	no_cnv	/raid/kang/DelSIEVE/simulation_results/IndelSIEVE_benchmark_pipeline_sa_006/benchmark_results/simulated_data/results/cell_names	/raid/kang/DelSIEVE/simulation_results/IndelSIEVE_benchmark_pipeline_sa_006/benchmark_results/indelsieve/from_candidate/variant_calling/stage2/mt/no_cnv/smc_mu_ld_stage_1-smc_mu_ld_stage_2/0009/indelsieve_median.cell_names	/raid/kang/DelSIEVE/simulation_results/IndelSIEVE_benchmark_pipeline_sa_006/benchmark_results/simulated_data/results/data_type/no_cnv/0009/true_evo_events_sites_names	/raid/kang/DelSIEVE/simulation_results/IndelSIEVE_benchmark_pipeline_sa_006/benchmark_results/indelsieve/from_candidate/variant_calling/stage2/mt/no_cnv/smc_mu_ld_stage_1-smc_mu_ld_stage_2/0009/indelsieve_median.loci_info	/raid/kang/DelSIEVE/simulation_results/IndelSIEVE_benchmark_pipeline_sa_006/benchmark_results/simulated_data/results/data_type/no_cnv/0009/true_evo_events_genotypes_numeric	/raid/kang/DelSIEVE/simulation_results/IndelSIEVE_benchmark_pipeline_sa_006/benchmark_results/indelsieve/from_candidate/variant_calling/stage2/mt/no_cnv/smc_mu_ld_stage_1-smc_mu_ld_stage_2/0009/indelsieve_median.genotypes	/raid/kang/DelSIEVE/simulation_results/IndelSIEVE_benchmark_pipeline_sa_006/benchmark_results/simulated_data/results/data_type/no_cnv/0009/true_evo_events_ternary_matrix.simple	/raid/kang/DelSIEVE/simulation_results/IndelSIEVE_benchmark_pipeline_sa_006/benchmark_results/indelsieve/from_candidate/variant_calling/stage2/mt/no_cnv/smc_mu_ld_stage_1-smc_mu_ld_stage_2/0009/indelsieve_median.ternary	/raid/kang/DelSIEVE/simulation_results/IndelSIEVE_benchmark_pipeline_sa_006/benchmark_results/indelsieve/from_candidate/variant_calling/stage2/mt/no_cnv/smc_mu_ld_stage_1-smc_mu_ld_stage_2/0009/indelsieve_median.probs	5757	98	8018	1687	0.773374529822676	0.9832621690862512	0.8657793819084142	0.012074913750616	5600	255	9505	192	0.9668508287292816	0.9564474807856532	0.9616210182879712	0.0261270491803278	4515	532	10315	190	0.9596174282678002	0.8945908460471568	0.9259639048400328	0.0490458191204941	560	248	14648	96	0.8536585365853658	0.693069306930693	0.7650273224043715	0.0166487647690655	656	98	1	95	0	0	11502	1698	0.0	NA	0.0	NA	0	0	13120	80	0.0	NA	0.0	NA	0	0	12769	431	0.0	NA	0.0	NA	0	0	12013	1187	0.0	NA	0.0	NA	1076	111	185	235	0	0	13200	0	NA	NA	0.0	NA
40	20	2	0.001999	0.3	3e-05	7.5e-06	0.0	0009	sieve	candidate_snvs	smc_mu_sa_stage_1-smc_mu_sa_stage_2	mt	no_cnv	/raid/kang/DelSIEVE/simulation_results/IndelSIEVE_benchmark_pipeline_sa_006/benchmark_results/simulated_data/results/cell_names	/raid/kang/DelSIEVE/simulation_results/IndelSIEVE_benchmark_pipeline_sa_006/benchmark_results/indelsieve/from_candidate/variant_calling/stage2/mt/no_cnv/smc_mu_sa_stage_1-smc_mu_sa_stage_2/0009/indelsieve_median.cell_names	/raid/kang/DelSIEVE/simulation_results/IndelSIEVE_benchmark_pipeline_sa_006/benchmark_results/simulated_data/results/data_type/no_cnv/0009/true_evo_events_sites_names	/raid/kang/DelSIEVE/simulation_results/IndelSIEVE_benchmark_pipeline_sa_006/benchmark_results/indelsieve/from_candidate/variant_calling/stage2/mt/no_cnv/smc_mu_sa_stage_1-smc_mu_sa_stage_2/0009/indelsieve_median.loci_info	/raid/kang/DelSIEVE/simulation_results/IndelSIEVE_benchmark_pipeline_sa_006/benchmark_results/simulated_data/results/data_type/no_cnv/0009/true_evo_events_genotypes_numeric	/raid/kang/DelSIEVE/simulation_results/IndelSIEVE_benchmark_pipeline_sa_006/benchmark_results/indelsieve/from_candidate/variant_calling/stage2/mt/no_cnv/smc_mu_sa_stage_1-smc_mu_sa_stage_2/0009/indelsieve_median.genotypes	/raid/kang/DelSIEVE/simulation_results/IndelSIEVE_benchmark_pipeline_sa_006/benchmark_results/simulated_data/results/data_type/no_cnv/0009/true_evo_events_ternary_matrix.simple	/raid/kang/DelSIEVE/simulation_results/IndelSIEVE_benchmark_pipeline_sa_006/benchmark_results/indelsieve/from_candidate/variant_calling/stage2/mt/no_cnv/smc_mu_sa_stage_1-smc_mu_sa_stage_2/0009/indelsieve_median.ternary	/raid/kang/DelSIEVE/simulation_results/IndelSIEVE_benchmark_pipeline_sa_006/benchmark_results/indelsieve/from_candidate/variant_calling/stage2/mt/no_cnv/smc_mu_sa_stage_1-smc_mu_sa_stage_2/0009/indelsieve_median.probs	5729	111	8005	1715	0.7696131112305212	0.9809931506849316	0.8625414031918097	0.0136766880236569	5598	242	9518	194	0.9665055248618784	0.9585616438356164	0.9625171939477304	0.0247950819672131	4515	463	10384	190	0.9596174282678002	0.9069907593411008	0.9325622224517196	0.0426846132571217	559	303	14593	97	0.8521341463414634	0.648491879350348	0.7364953886693019	0.0203410311493018	656	111	1	96	0	0	11502	1698	0.0	NA	0.0	NA	0	0	13120	80	0.0	NA	0.0	NA	0	0	12769	431	0.0	NA	0.0	NA	0	0	12013	1187	0.0	NA	0.0	NA	1102	85	129	291	0	0	13200	0	NA	NA	0.0	NA
40	20	2	0.001999	0.3	3e-05	7.5e-06	0.0	0009	indelsieve	candidate_snvs	smc_mudel_ld_stage_1-smc_mudel_ld_stage_2	mt	no_cnv	/raid/kang/DelSIEVE/simulation_results/IndelSIEVE_benchmark_pipeline_sa_006/benchmark_results/simulated_data/results/cell_names	/raid/kang/DelSIEVE/simulation_results/IndelSIEVE_benchmark_pipeline_sa_006/benchmark_results/indelsieve/from_candidate/variant_calling/stage2/mt/no_cnv/smc_mudel_ld_stage_1-smc_mudel_ld_stage_2/0009/indelsieve_median.cell_names	/raid/kang/DelSIEVE/simulation_results/IndelSIEVE_benchmark_pipeline_sa_006/benchmark_results/simulated_data/results/data_type/no_cnv/0009/true_evo_events_sites_names	/raid/kang/DelSIEVE/simulation_results/IndelSIEVE_benchmark_pipeline_sa_006/benchmark_results/indelsieve/from_candidate/variant_calling/stage2/mt/no_cnv/smc_mudel_ld_stage_1-smc_mudel_ld_stage_2/0009/indelsieve_median.loci_info	/raid/kang/DelSIEVE/simulation_results/IndelSIEVE_benchmark_pipeline_sa_006/benchmark_results/simulated_data/results/data_type/no_cnv/0009/true_evo_events_genotypes_numeric	/raid/kang/DelSIEVE/simulation_results/IndelSIEVE_benchmark_pipeline_sa_006/benchmark_results/indelsieve/from_candidate/variant_calling/stage2/mt/no_cnv/smc_mudel_ld_stage_1-smc_mudel_ld_stage_2/0009/indelsieve_median.genotypes	/raid/kang/DelSIEVE/simulation_results/IndelSIEVE_benchmark_pipeline_sa_006/benchmark_results/simulated_data/results/data_type/no_cnv/0009/true_evo_events_ternary_matrix.simple	/raid/kang/DelSIEVE/simulation_results/IndelSIEVE_benchmark_pipeline_sa_006/benchmark_results/indelsieve/from_candidate/variant_calling/stage2/mt/no_cnv/smc_mudel_ld_stage_1-smc_mudel_ld_stage_2/0009/indelsieve_median.ternary	/raid/kang/DelSIEVE/simulation_results/IndelSIEVE_benchmark_pipeline_sa_006/benchmark_results/indelsieve/from_candidate/variant_calling/stage2/mt/no_cnv/smc_mudel_ld_stage_1-smc_mudel_ld_stage_2/0009/indelsieve_median.probs	6759	109	8007	685	0.9079795808704996	0.9841292952824694	0.9445220793739518	0.0134302612124199	5596	158	9602	196	0.9661602209944752	0.97254084115398	0.9693400311796292	0.0161885245901639	4515	285	10562	190	0.9596174282678002	0.940625	0.950026301946344	0.0262745459574075	560	19	14877	96	0.8536585365853658	0.9671848013816926	0.9068825910931174	0.0012755102040816	656	103	1	95	1482	7	11495	216	0.872791519434629	0.9952988582941572	0.0006085898104677	0.9300282397238784	69	6	13114	11	0.8625	0.92	0.0004573170731707	0.8903225806451613	363	12	12757	68	0.8422273781902552	0.968	0.0009397760200485	0.9007444168734492	1020	19	11994	167	0.8593091828138163	0.981713185755534	0.0015816199117622	0.9164420485175204	119	43	44	9	0	0	13200	0	NA	NA	0.0	NA
40	20	2	0.001999	0.3	3e-05	7.5e-06	0.0	0009	indelsieve	candidate_snvs	smc_mudel_sa_stage_1-smc_mudel_sa_stage_2	mt	no_cnv	/raid/kang/DelSIEVE/simulation_results/IndelSIEVE_benchmark_pipeline_sa_006/benchmark_results/simulated_data/results/cell_names	/raid/kang/DelSIEVE/simulation_results/IndelSIEVE_benchmark_pipeline_sa_006/benchmark_results/indelsieve/from_candidate/variant_calling/stage2/mt/no_cnv/smc_mudel_sa_stage_1-smc_mudel_sa_stage_2/0009/indelsieve_median.cell_names	/raid/kang/DelSIEVE/simulation_results/IndelSIEVE_benchmark_pipeline_sa_006/benchmark_results/simulated_data/results/data_type/no_cnv/0009/true_evo_events_sites_names	/raid/kang/DelSIEVE/simulation_results/IndelSIEVE_benchmark_pipeline_sa_006/benchmark_results/indelsieve/from_candidate/variant_calling/stage2/mt/no_cnv/smc_mudel_sa_stage_1-smc_mudel_sa_stage_2/0009/indelsieve_median.loci_info	/raid/kang/DelSIEVE/simulation_results/IndelSIEVE_benchmark_pipeline_sa_006/benchmark_results/simulated_data/results/data_type/no_cnv/0009/true_evo_events_genotypes_numeric	/raid/kang/DelSIEVE/simulation_results/IndelSIEVE_benchmark_pipeline_sa_006/benchmark_results/indelsieve/from_candidate/variant_calling/stage2/mt/no_cnv/smc_mudel_sa_stage_1-smc_mudel_sa_stage_2/0009/indelsieve_median.genotypes	/raid/kang/DelSIEVE/simulation_results/IndelSIEVE_benchmark_pipeline_sa_006/benchmark_results/simulated_data/results/data_type/no_cnv/0009/true_evo_events_ternary_matrix.simple	/raid/kang/DelSIEVE/simulation_results/IndelSIEVE_benchmark_pipeline_sa_006/benchmark_results/indelsieve/from_candidate/variant_calling/stage2/mt/no_cnv/smc_mudel_sa_stage_1-smc_mudel_sa_stage_2/0009/indelsieve_median.ternary	/raid/kang/DelSIEVE/simulation_results/IndelSIEVE_benchmark_pipeline_sa_006/benchmark_results/indelsieve/from_candidate/variant_calling/stage2/mt/no_cnv/smc_mudel_sa_stage_1-smc_mudel_sa_stage_2/0009/indelsieve_median.probs	6812	123	7993	632	0.9150994089199356	0.9822638788752704	0.9474928715487864	0.0151552488910793	5593	144	9616	199	0.9656422651933702	0.974899773400732	0.970248937462052	0.0147540983606557	4509	245	10602	196	0.9583421891604677	0.9484644509886412	0.9533777354900094	0.022586890384438	560	16	14880	96	0.8536585365853658	0.9722222222222222	0.9090909090909092	0.0010741138560687	656	101	1	95	1578	27	11475	120	0.9293286219081272	0.983177570093458	0.0023474178403755	0.955495004541326	69	6	13114	11	0.8625	0.92	0.0004573170731707	0.8903225806451613	387	20	12749	44	0.8979118329466357	0.9508599508599508	0.0015662933667475	0.9236276849642006	1086	37	11976	101	0.9149115417017692	0.9670525378450578	0.0030799966702738	0.9402597402597404	65	26	23	6	0	0	13200	0	NA	NA	0.0	NA
40	20	2	0.001999	0.3	3e-05	7.5e-06	0.0	0010	sieve	candidate_snvs	smc_mu_ld_stage_1-smc_mu_ld_stage_2	mt	no_cnv	/raid/kang/DelSIEVE/simulation_results/IndelSIEVE_benchmark_pipeline_sa_006/benchmark_results/simulated_data/results/cell_names	/raid/kang/DelSIEVE/simulation_results/IndelSIEVE_benchmark_pipeline_sa_006/benchmark_results/indelsieve/from_candidate/variant_calling/stage2/mt/no_cnv/smc_mu_ld_stage_1-smc_mu_ld_stage_2/0010/indelsieve_median.cell_names	/raid/kang/DelSIEVE/simulation_results/IndelSIEVE_benchmark_pipeline_sa_006/benchmark_results/simulated_data/results/data_type/no_cnv/0010/true_evo_events_sites_names	/raid/kang/DelSIEVE/simulation_results/IndelSIEVE_benchmark_pipeline_sa_006/benchmark_results/indelsieve/from_candidate/variant_calling/stage2/mt/no_cnv/smc_mu_ld_stage_1-smc_mu_ld_stage_2/0010/indelsieve_median.loci_info	/raid/kang/DelSIEVE/simulation_results/IndelSIEVE_benchmark_pipeline_sa_006/benchmark_results/simulated_data/results/data_type/no_cnv/0010/true_evo_events_genotypes_numeric	/raid/kang/DelSIEVE/simulation_results/IndelSIEVE_benchmark_pipeline_sa_006/benchmark_results/indelsieve/from_candidate/variant_calling/stage2/mt/no_cnv/smc_mu_ld_stage_1-smc_mu_ld_stage_2/0010/indelsieve_median.genotypes	/raid/kang/DelSIEVE/simulation_results/IndelSIEVE_benchmark_pipeline_sa_006/benchmark_results/simulated_data/results/data_type/no_cnv/0010/true_evo_events_ternary_matrix.simple	/raid/kang/DelSIEVE/simulation_results/IndelSIEVE_benchmark_pipeline_sa_006/benchmark_results/indelsieve/from_candidate/variant_calling/stage2/mt/no_cnv/smc_mu_ld_stage_1-smc_mu_ld_stage_2/0010/indelsieve_median.ternary	/raid/kang/DelSIEVE/simulation_results/IndelSIEVE_benchmark_pipeline_sa_006/benchmark_results/indelsieve/from_candidate/variant_calling/stage2/mt/no_cnv/smc_mu_ld_stage_1-smc_mu_ld_stage_2/0010/indelsieve_median.probs	8800	76	9421	2103	0.8071173071631661	0.9914375844975214	0.8898326507912432	0.0080025271138254	8613	263	11351	167	0.9809794988610478	0.9703695358269492	0.9756456728590848	0.0226450835198897	7165	655	12407	167	0.9772231314784506	0.9162404092071612	0.9457497360084476	0.0501454601133057	671	385	19208	130	0.8377028714107366	0.6354166666666666	0.7226709746903609	0.0196498749553411	801	76	1	129	0	0	15510	2210	0.0	NA	0.0	NA	0	0	17676	44	0.0	NA	0.0	NA	0	0	17073	647	0.0	NA	0.0	NA	0	0	16201	1519	0.0	NA	0.0	NA	1361	157	283	355	0	0	17720	0	NA	NA	0.0	NA
40	20	2	0.001999	0.3	3e-05	7.5e-06	0.0	0010	sieve	candidate_snvs	smc_mu_sa_stage_1-smc_mu_sa_stage_2	mt	no_cnv	/raid/kang/DelSIEVE/simulation_results/IndelSIEVE_benchmark_pipeline_sa_006/benchmark_results/simulated_data/results/cell_names	/raid/kang/DelSIEVE/simulation_results/IndelSIEVE_benchmark_pipeline_sa_006/benchmark_results/indelsieve/from_candidate/variant_calling/stage2/mt/no_cnv/smc_mu_sa_stage_1-smc_mu_sa_stage_2/0010/indelsieve_median.cell_names	/raid/kang/DelSIEVE/simulation_results/IndelSIEVE_benchmark_pipeline_sa_006/benchmark_results/simulated_data/results/data_type/no_cnv/0010/true_evo_events_sites_names	/raid/kang/DelSIEVE/simulation_results/IndelSIEVE_benchmark_pipeline_sa_006/benchmark_results/indelsieve/from_candidate/variant_calling/stage2/mt/no_cnv/smc_mu_sa_stage_1-smc_mu_sa_stage_2/0010/indelsieve_median.loci_info	/raid/kang/DelSIEVE/simulation_results/IndelSIEVE_benchmark_pipeline_sa_006/benchmark_results/simulated_data/results/data_type/no_cnv/0010/true_evo_events_genotypes_numeric	/raid/kang/DelSIEVE/simulation_results/IndelSIEVE_benchmark_pipeline_sa_006/benchmark_results/indelsieve/from_candidate/variant_calling/stage2/mt/no_cnv/smc_mu_sa_stage_1-smc_mu_sa_stage_2/0010/indelsieve_median.genotypes	/raid/kang/DelSIEVE/simulation_results/IndelSIEVE_benchmark_pipeline_sa_006/benchmark_results/simulated_data/results/data_type/no_cnv/0010/true_evo_events_ternary_matrix.simple	/raid/kang/DelSIEVE/simulation_results/IndelSIEVE_benchmark_pipeline_sa_006/benchmark_results/indelsieve/from_candidate/variant_calling/stage2/mt/no_cnv/smc_mu_sa_stage_1-smc_mu_sa_stage_2/0010/indelsieve_median.ternary	/raid/kang/DelSIEVE/simulation_results/IndelSIEVE_benchmark_pipeline_sa_006/benchmark_results/indelsieve/from_candidate/variant_calling/stage2/mt/no_cnv/smc_mu_sa_stage_1-smc_mu_sa_stage_2/0010/indelsieve_median.probs	8754	82	9415	2149	0.8028982848757222	0.9907197827071073	0.8869750240640356	0.00863430557018	8608	228	11386	172	0.9804100227790432	0.9741964689904934	0.977293369663942	0.019631479249182	7163	581	12481	169	0.9769503546099292	0.924974173553719	0.9502520562483416	0.0444801714898177	670	422	19171	131	0.83645443196005	0.6135531135531136	0.7078711040676177	0.0215383044965038	801	82	1	130	0	0	15510	2210	0.0	NA	0.0	NA	0	0	17676	44	0.0	NA	0.0	NA	0	0	17073	647	0.0	NA	0.0	NA	0	0	16201	1519	0.0	NA	0.0	NA	1402	116	243	395	0	0	17720	0	NA	NA	0.0	NA
40	20	2	0.001999	0.3	3e-05	7.5e-06	0.0	0010	indelsieve	candidate_snvs	smc_mudel_ld_stage_1-smc_mudel_ld_stage_2	mt	no_cnv	/raid/kang/DelSIEVE/simulation_results/IndelSIEVE_benchmark_pipeline_sa_006/benchmark_results/simulated_data/results/cell_names	/raid/kang/DelSIEVE/simulation_results/IndelSIEVE_benchmark_pipeline_sa_006/benchmark_results/indelsieve/from_candidate/variant_calling/stage2/mt/no_cnv/smc_mudel_ld_stage_1-smc_mudel_ld_stage_2/0010/indelsieve_median.cell_names	/raid/kang/DelSIEVE/simulation_results/IndelSIEVE_benchmark_pipeline_sa_006/benchmark_results/simulated_data/results/data_type/no_cnv/0010/true_evo_events_sites_names	/raid/kang/DelSIEVE/simulation_results/IndelSIEVE_benchmark_pipeline_sa_006/benchmark_results/indelsieve/from_candidate/variant_calling/stage2/mt/no_cnv/smc_mudel_ld_stage_1-smc_mudel_ld_stage_2/0010/indelsieve_median.loci_info	/raid/kang/DelSIEVE/simulation_results/IndelSIEVE_benchmark_pipeline_sa_006/benchmark_results/simulated_data/results/data_type/no_cnv/0010/true_evo_events_genotypes_numeric	/raid/kang/DelSIEVE/simulation_results/IndelSIEVE_benchmark_pipeline_sa_006/benchmark_results/indelsieve/from_candidate/variant_calling/stage2/mt/no_cnv/smc_mudel_ld_stage_1-smc_mudel_ld_stage_2/0010/indelsieve_median.genotypes	/raid/kang/DelSIEVE/simulation_results/IndelSIEVE_benchmark_pipeline_sa_006/benchmark_results/simulated_data/results/data_type/no_cnv/0010/true_evo_events_ternary_matrix.simple	/raid/kang/DelSIEVE/simulation_results/IndelSIEVE_benchmark_pipeline_sa_006/benchmark_results/indelsieve/from_candidate/variant_calling/stage2/mt/no_cnv/smc_mudel_ld_stage_1-smc_mudel_ld_stage_2/0010/indelsieve_median.ternary	/raid/kang/DelSIEVE/simulation_results/IndelSIEVE_benchmark_pipeline_sa_006/benchmark_results/indelsieve/from_candidate/variant_calling/stage2/mt/no_cnv/smc_mudel_ld_stage_1-smc_mudel_ld_stage_2/0010/indelsieve_median.probs	9955	91	9406	948	0.9130514537283316	0.9909416683257016	0.9504033605422691	0.009581973254712	8612	156	11458	168	0.9808656036446468	0.9822080291970804	0.9815363574196492	0.0134320647494403	7164	349	12707	174	0.9762878168438268	0.9535471848795422	0.9647835162615312	0.0267310049019607	667	17	19582	128	0.8389937106918239	0.9751461988304092	0.9019607843137256	0.0008673911934282	795	77	1	127	1828	21	15489	382	0.8271493212669683	0.9886425094645754	0.0013539651837524	0.9007144616900714	19	5	17671	25	0.4318181818181818	0.7916666666666666	0.0002828694274722	0.5588235294117647	549	22	17051	98	0.848531684698609	0.9614711033274956	0.0012885843144145	0.9014778325123152	1223	31	16170	296	0.8051349572086899	0.9752791068580542	0.0019134621319671	0.8820771727371078	227	64	81	8	0	0	17720	0	NA	NA	0.0	NA
40	20	2	0.001999	0.3	3e-05	7.5e-06	0.0	0010	indelsieve	candidate_snvs	smc_mudel_sa_stage_1-smc_mudel_sa_stage_2	mt	no_cnv	/raid/kang/DelSIEVE/simulation_results/IndelSIEVE_benchmark_pipeline_sa_006/benchmark_results/simulated_data/results/cell_names	/raid/kang/DelSIEVE/simulation_results/IndelSIEVE_benchmark_pipeline_sa_006/benchmark_results/indelsieve/from_candidate/variant_calling/stage2/mt/no_cnv/smc_mudel_sa_stage_1-smc_mudel_sa_stage_2/0010/indelsieve_median.cell_names	/raid/kang/DelSIEVE/simulation_results/IndelSIEVE_benchmark_pipeline_sa_006/benchmark_results/simulated_data/results/data_type/no_cnv/0010/true_evo_events_sites_names	/raid/kang/DelSIEVE/simulation_results/IndelSIEVE_benchmark_pipeline_sa_006/benchmark_results/indelsieve/from_candidate/variant_calling/stage2/mt/no_cnv/smc_mudel_sa_stage_1-smc_mudel_sa_stage_2/0010/indelsieve_median.loci_info	/raid/kang/DelSIEVE/simulation_results/IndelSIEVE_benchmark_pipeline_sa_006/benchmark_results/simulated_data/results/data_type/no_cnv/0010/true_evo_events_genotypes_numeric	/raid/kang/DelSIEVE/simulation_results/IndelSIEVE_benchmark_pipeline_sa_006/benchmark_results/indelsieve/from_candidate/variant_calling/stage2/mt/no_cnv/smc_mudel_sa_stage_1-smc_mudel_sa_stage_2/0010/indelsieve_median.genotypes	/raid/kang/DelSIEVE/simulation_results/IndelSIEVE_benchmark_pipeline_sa_006/benchmark_results/simulated_data/results/data_type/no_cnv/0010/true_evo_events_ternary_matrix.simple	/raid/kang/DelSIEVE/simulation_results/IndelSIEVE_benchmark_pipeline_sa_006/benchmark_results/indelsieve/from_candidate/variant_calling/stage2/mt/no_cnv/smc_mudel_sa_stage_1-smc_mudel_sa_stage_2/0010/indelsieve_median.ternary	/raid/kang/DelSIEVE/simulation_results/IndelSIEVE_benchmark_pipeline_sa_006/benchmark_results/indelsieve/from_candidate/variant_calling/stage2/mt/no_cnv/smc_mudel_sa_stage_1-smc_mudel_sa_stage_2/0010/indelsieve_median.probs	10089	101	9396	814	0.9253416490874072	0.9900883218842002	0.9566206798463944	0.0106349373486364	8611	131	11483	169	0.980751708428246	0.9850148707389612	0.9828786668188562	0.0112794902703633	7167	274	12780	173	0.9764305177111716	0.9631769923397392	0.9697584737162572	0.0209897349471426	666	13	19588	127	0.8398486759142497	0.9808541973490428	0.904891304347826	0.0006632314677822	793	81	1	126	2037	33	15477	173	0.9217194570135746	0.9840579710144928	0.002127659574468	0.9518691588785048	20	8	17668	24	0.4545454545454545	0.7142857142857143	0.0004525910839556	0.5555555555555556	592	30	17043	55	0.9149922720247295	0.9517684887459807	0.0017571604287471	0.9330181245074864	1374	46	16155	145	0.9045424621461488	0.967605633802817	0.0028393309054996	0.9350119088125212	102	29	38	4	0	0	17720	0	NA	NA	0.0	NA
