cell_num	coverage_mean	coverage_variance	eff_seq_err_rate	ado_rate	mutation_rate	deletion_rate	insertion_rate	dataset	tool	snv_type	tool_setup	fine_tune_type	data_type	true_cell_names	cell_names	loci_info	true_ado_states	ado_states	true_positive	false_positive	true_negative	false_negative	recall	precision	f1_score	fall_out	true_positive_single_ado	false_positive_single_ado	true_negative_single_ado	false_negative_single_ado	recall_single_ado	precision_single_ado	f1_score_single_ado	fall_out_single_ado	true_positive_locus_ado	false_positive_locus_ado	true_negative_locus_ado	false_negative_locus_ado	recall_locus_ado	precision_locus_ado	f1_score_locus_ado	fall_out_locus_ado
40	20	2	0.001999	0.16334	3e-05	7.5e-06	0.0	0001	sieve	candidate_snvs	smc_mu_ld_stage_1	mt	no_cnv	/raid/kang/DelSIEVE/simulation_results/IndelSIEVE_benchmark_pipeline_ld_006/benchmark_results/simulated_data/results/cell_names	/raid/kang/DelSIEVE/simulation_results/IndelSIEVE_benchmark_pipeline_ld_006/benchmark_results/indelsieve/from_candidate/variant_calling/mt/no_cnv/smc_mu_ld_stage_1/0001/indelsieve_median.cell_names	/raid/kang/DelSIEVE/simulation_results/IndelSIEVE_benchmark_pipeline_ld_006/benchmark_results/indelsieve/from_candidate/variant_calling/mt/no_cnv/smc_mu_ld_stage_1/0001/indelsieve_median.loci_info	/raid/kang/DelSIEVE/simulation_results/IndelSIEVE_benchmark_pipeline_ld_006/benchmark_results/simulated_data/results/ado_state_dir/ado_states.0001	/raid/kang/DelSIEVE/simulation_results/IndelSIEVE_benchmark_pipeline_ld_006/benchmark_results/indelsieve/from_candidate/variant_calling/mt/no_cnv/smc_mu_ld_stage_1/0001/indelsieve_median.ado	4040	1380	9091	169	0.959847944880019	0.7453874538745388	0.8391317893862291	0.1317925699551141	3407	1364	9482	427	0.8886280646844027	0.7141060574303081	0.7918651946542709	0.1257606490872211	375	274	14031	0	1.0	0.5778120184899846	0.732421875	0.0191541419084236
40	20	2	0.001999	0.16334	3e-05	7.5e-06	0.0	0002	sieve	candidate_snvs	smc_mu_ld_stage_1	mt	no_cnv	/raid/kang/DelSIEVE/simulation_results/IndelSIEVE_benchmark_pipeline_ld_006/benchmark_results/simulated_data/results/cell_names	/raid/kang/DelSIEVE/simulation_results/IndelSIEVE_benchmark_pipeline_ld_006/benchmark_results/indelsieve/from_candidate/variant_calling/mt/no_cnv/smc_mu_ld_stage_1/0002/indelsieve_median.cell_names	/raid/kang/DelSIEVE/simulation_results/IndelSIEVE_benchmark_pipeline_ld_006/benchmark_results/indelsieve/from_candidate/variant_calling/mt/no_cnv/smc_mu_ld_stage_1/0002/indelsieve_median.loci_info	/raid/kang/DelSIEVE/simulation_results/IndelSIEVE_benchmark_pipeline_ld_006/benchmark_results/simulated_data/results/ado_state_dir/ado_states.0002	/raid/kang/DelSIEVE/simulation_results/IndelSIEVE_benchmark_pipeline_ld_006/benchmark_results/indelsieve/from_candidate/variant_calling/mt/no_cnv/smc_mu_ld_stage_1/0002/indelsieve_median.ado	4032	1202	9508	178	0.9577197149643706	0.7703477264042797	0.8538754764930114	0.1122315592903828	3455	1179	9898	388	0.8990372105126203	0.7455761760897712	0.8151468679957531	0.1064367608558273	367	233	14320	0	1.0	0.6116666666666667	0.7590486039296794	0.0160104445818731
40	20	2	0.001999	0.16334	3e-05	7.5e-06	0.0	0003	sieve	candidate_snvs	smc_mu_ld_stage_1	mt	no_cnv	/raid/kang/DelSIEVE/simulation_results/IndelSIEVE_benchmark_pipeline_ld_006/benchmark_results/simulated_data/results/cell_names	/raid/kang/DelSIEVE/simulation_results/IndelSIEVE_benchmark_pipeline_ld_006/benchmark_results/indelsieve/from_candidate/variant_calling/mt/no_cnv/smc_mu_ld_stage_1/0003/indelsieve_median.cell_names	/raid/kang/DelSIEVE/simulation_results/IndelSIEVE_benchmark_pipeline_ld_006/benchmark_results/indelsieve/from_candidate/variant_calling/mt/no_cnv/smc_mu_ld_stage_1/0003/indelsieve_median.loci_info	/raid/kang/DelSIEVE/simulation_results/IndelSIEVE_benchmark_pipeline_ld_006/benchmark_results/simulated_data/results/ado_state_dir/ado_states.0003	/raid/kang/DelSIEVE/simulation_results/IndelSIEVE_benchmark_pipeline_ld_006/benchmark_results/indelsieve/from_candidate/variant_calling/mt/no_cnv/smc_mu_ld_stage_1/0003/indelsieve_median.ado	2853	1506	6039	82	0.97206132879046	0.6545079146593256	0.782286811077598	0.1996023856858847	2323	1466	6309	382	0.8587800369685767	0.6130905252045394	0.7154296273483216	0.1885530546623794	230	340	9910	0	1.0	0.4035087719298245	0.575	0.033170731707317
40	20	2	0.001999	0.16334	3e-05	7.5e-06	0.0	0004	sieve	candidate_snvs	smc_mu_ld_stage_1	mt	no_cnv	/raid/kang/DelSIEVE/simulation_results/IndelSIEVE_benchmark_pipeline_ld_006/benchmark_results/simulated_data/results/cell_names	/raid/kang/DelSIEVE/simulation_results/IndelSIEVE_benchmark_pipeline_ld_006/benchmark_results/indelsieve/from_candidate/variant_calling/mt/no_cnv/smc_mu_ld_stage_1/0004/indelsieve_median.cell_names	/raid/kang/DelSIEVE/simulation_results/IndelSIEVE_benchmark_pipeline_ld_006/benchmark_results/indelsieve/from_candidate/variant_calling/mt/no_cnv/smc_mu_ld_stage_1/0004/indelsieve_median.loci_info	/raid/kang/DelSIEVE/simulation_results/IndelSIEVE_benchmark_pipeline_ld_006/benchmark_results/simulated_data/results/ado_state_dir/ado_states.0004	/raid/kang/DelSIEVE/simulation_results/IndelSIEVE_benchmark_pipeline_ld_006/benchmark_results/indelsieve/from_candidate/variant_calling/mt/no_cnv/smc_mu_ld_stage_1/0004/indelsieve_median.ado	3256	1498	7165	121	0.9641693811074918	0.6848969289019773	0.8008854999385069	0.1729193120166224	2734	1425	7519	362	0.8830749354005168	0.6573695599903823	0.7536871123363198	0.159324686940966	281	314	11445	0	1.0	0.4722689075630252	0.641552511415525	0.0267029509312016
40	20	2	0.001999	0.16334	3e-05	7.5e-06	0.0	0005	sieve	candidate_snvs	smc_mu_ld_stage_1	mt	no_cnv	/raid/kang/DelSIEVE/simulation_results/IndelSIEVE_benchmark_pipeline_ld_006/benchmark_results/simulated_data/results/cell_names	/raid/kang/DelSIEVE/simulation_results/IndelSIEVE_benchmark_pipeline_ld_006/benchmark_results/indelsieve/from_candidate/variant_calling/mt/no_cnv/smc_mu_ld_stage_1/0005/indelsieve_median.cell_names	/raid/kang/DelSIEVE/simulation_results/IndelSIEVE_benchmark_pipeline_ld_006/benchmark_results/indelsieve/from_candidate/variant_calling/mt/no_cnv/smc_mu_ld_stage_1/0005/indelsieve_median.loci_info	/raid/kang/DelSIEVE/simulation_results/IndelSIEVE_benchmark_pipeline_ld_006/benchmark_results/simulated_data/results/ado_state_dir/ado_states.0005	/raid/kang/DelSIEVE/simulation_results/IndelSIEVE_benchmark_pipeline_ld_006/benchmark_results/indelsieve/from_candidate/variant_calling/mt/no_cnv/smc_mu_ld_stage_1/0005/indelsieve_median.ado	3498	1336	8220	186	0.9495114006514658	0.7236243276789408	0.8213195585818268	0.1398074508162411	2977	1325	8547	391	0.8839073634204275	0.692003719200372	0.7762711864406779	0.1342179902755267	316	216	12708	0	1.0	0.5939849624060151	0.7452830188679245	0.0167130919220055
40	20	2	0.001999	0.16334	3e-05	7.5e-06	0.0	0006	sieve	candidate_snvs	smc_mu_ld_stage_1	mt	no_cnv	/raid/kang/DelSIEVE/simulation_results/IndelSIEVE_benchmark_pipeline_ld_006/benchmark_results/simulated_data/results/cell_names	/raid/kang/DelSIEVE/simulation_results/IndelSIEVE_benchmark_pipeline_ld_006/benchmark_results/indelsieve/from_candidate/variant_calling/mt/no_cnv/smc_mu_ld_stage_1/0006/indelsieve_median.cell_names	/raid/kang/DelSIEVE/simulation_results/IndelSIEVE_benchmark_pipeline_ld_006/benchmark_results/indelsieve/from_candidate/variant_calling/mt/no_cnv/smc_mu_ld_stage_1/0006/indelsieve_median.loci_info	/raid/kang/DelSIEVE/simulation_results/IndelSIEVE_benchmark_pipeline_ld_006/benchmark_results/simulated_data/results/ado_state_dir/ado_states.0006	/raid/kang/DelSIEVE/simulation_results/IndelSIEVE_benchmark_pipeline_ld_006/benchmark_results/indelsieve/from_candidate/variant_calling/mt/no_cnv/smc_mu_ld_stage_1/0006/indelsieve_median.ado	3030	1376	6272	82	0.9736503856041132	0.6876985928279619	0.8060654429369514	0.1799163179916318	2563	1322	6566	309	0.8924094707520891	0.6597168597168597	0.7586206896551724	0.1675963488843813	240	281	10239	0	1.0	0.4606525911708253	0.630749014454665	0.0267110266159695
40	20	2	0.001999	0.16334	3e-05	7.5e-06	0.0	0007	sieve	candidate_snvs	smc_mu_ld_stage_1	mt	no_cnv	/raid/kang/DelSIEVE/simulation_results/IndelSIEVE_benchmark_pipeline_ld_006/benchmark_results/simulated_data/results/cell_names	/raid/kang/DelSIEVE/simulation_results/IndelSIEVE_benchmark_pipeline_ld_006/benchmark_results/indelsieve/from_candidate/variant_calling/mt/no_cnv/smc_mu_ld_stage_1/0007/indelsieve_median.cell_names	/raid/kang/DelSIEVE/simulation_results/IndelSIEVE_benchmark_pipeline_ld_006/benchmark_results/indelsieve/from_candidate/variant_calling/mt/no_cnv/smc_mu_ld_stage_1/0007/indelsieve_median.loci_info	/raid/kang/DelSIEVE/simulation_results/IndelSIEVE_benchmark_pipeline_ld_006/benchmark_results/simulated_data/results/ado_state_dir/ado_states.0007	/raid/kang/DelSIEVE/simulation_results/IndelSIEVE_benchmark_pipeline_ld_006/benchmark_results/indelsieve/from_candidate/variant_calling/mt/no_cnv/smc_mu_ld_stage_1/0007/indelsieve_median.ado	6390	1733	14843	274	0.9588835534213686	0.7866551766588699	0.8642726719415703	0.1045487451737451	5547	1690	15433	570	0.9068170671897988	0.7664778223020589	0.83076231840647	0.0986976581206564	547	339	22354	0	1.0	0.6173814898419865	0.7634333565945569	0.0149385272991671
40	20	2	0.001999	0.16334	3e-05	7.5e-06	0.0	0008	sieve	candidate_snvs	smc_mu_ld_stage_1	mt	no_cnv	/raid/kang/DelSIEVE/simulation_results/IndelSIEVE_benchmark_pipeline_ld_006/benchmark_results/simulated_data/results/cell_names	/raid/kang/DelSIEVE/simulation_results/IndelSIEVE_benchmark_pipeline_ld_006/benchmark_results/indelsieve/from_candidate/variant_calling/mt/no_cnv/smc_mu_ld_stage_1/0008/indelsieve_median.cell_names	/raid/kang/DelSIEVE/simulation_results/IndelSIEVE_benchmark_pipeline_ld_006/benchmark_results/indelsieve/from_candidate/variant_calling/mt/no_cnv/smc_mu_ld_stage_1/0008/indelsieve_median.loci_info	/raid/kang/DelSIEVE/simulation_results/IndelSIEVE_benchmark_pipeline_ld_006/benchmark_results/simulated_data/results/ado_state_dir/ado_states.0008	/raid/kang/DelSIEVE/simulation_results/IndelSIEVE_benchmark_pipeline_ld_006/benchmark_results/indelsieve/from_candidate/variant_calling/mt/no_cnv/smc_mu_ld_stage_1/0008/indelsieve_median.ado	6237	1664	14580	319	0.9513422818791948	0.7893937476268826	0.862834612990247	0.102437823196257	5406	1594	15172	628	0.8959231024196221	0.7722857142857142	0.8295227865582322	0.0950733627579625	522	379	21899	0	1.0	0.5793562708102109	0.7336612789880534	0.0170122991291857
40	20	2	0.001999	0.16334	3e-05	7.5e-06	0.0	0009	sieve	candidate_snvs	smc_mu_ld_stage_1	mt	no_cnv	/raid/kang/DelSIEVE/simulation_results/IndelSIEVE_benchmark_pipeline_ld_006/benchmark_results/simulated_data/results/cell_names	/raid/kang/DelSIEVE/simulation_results/IndelSIEVE_benchmark_pipeline_ld_006/benchmark_results/indelsieve/from_candidate/variant_calling/mt/no_cnv/smc_mu_ld_stage_1/0009/indelsieve_median.cell_names	/raid/kang/DelSIEVE/simulation_results/IndelSIEVE_benchmark_pipeline_ld_006/benchmark_results/indelsieve/from_candidate/variant_calling/mt/no_cnv/smc_mu_ld_stage_1/0009/indelsieve_median.loci_info	/raid/kang/DelSIEVE/simulation_results/IndelSIEVE_benchmark_pipeline_ld_006/benchmark_results/simulated_data/results/ado_state_dir/ado_states.0009	/raid/kang/DelSIEVE/simulation_results/IndelSIEVE_benchmark_pipeline_ld_006/benchmark_results/indelsieve/from_candidate/variant_calling/mt/no_cnv/smc_mu_ld_stage_1/0009/indelsieve_median.ado	4388	2003	9681	168	0.9631255487269534	0.6865905179158192	0.801680825797022	0.171431016775077	3716	1944	10142	438	0.8945594607607126	0.6565371024734983	0.757285510495211	0.1608472612940592	393	338	15500	9	0.9776119402985076	0.5376196990424077	0.6937334510150044	0.0213410784189923
40	20	2	0.001999	0.16334	3e-05	7.5e-06	0.0	0010	sieve	candidate_snvs	smc_mu_ld_stage_1	mt	no_cnv	/raid/kang/DelSIEVE/simulation_results/IndelSIEVE_benchmark_pipeline_ld_006/benchmark_results/simulated_data/results/cell_names	/raid/kang/DelSIEVE/simulation_results/IndelSIEVE_benchmark_pipeline_ld_006/benchmark_results/indelsieve/from_candidate/variant_calling/mt/no_cnv/smc_mu_ld_stage_1/0010/indelsieve_mode_gaussian.cell_names	/raid/kang/DelSIEVE/simulation_results/IndelSIEVE_benchmark_pipeline_ld_006/benchmark_results/indelsieve/from_candidate/variant_calling/mt/no_cnv/smc_mu_ld_stage_1/0010/indelsieve_mode_gaussian.loci_info	/raid/kang/DelSIEVE/simulation_results/IndelSIEVE_benchmark_pipeline_ld_006/benchmark_results/simulated_data/results/ado_state_dir/ado_states.0010	/raid/kang/DelSIEVE/simulation_results/IndelSIEVE_benchmark_pipeline_ld_006/benchmark_results/indelsieve/from_candidate/variant_calling/mt/no_cnv/smc_mu_ld_stage_1/0010/indelsieve_mode_gaussian.ado	3832	1600	8611	117	0.9703722461382628	0.7054491899852725	0.8169704722311054	0.1566937616296151	3217	1441	9120	382	0.8938594053903862	0.6906397595534565	0.7792176335230714	0.1364454123662531	350	424	13386	0	1.0	0.4521963824289405	0.6227758007117438	0.0307023895727733
40	20	2	0.001999	0.16334	3e-05	7.5e-06	0.0	0001	sieve	candidate_snvs	smc_mu_sa_stage_1	mt	no_cnv	/raid/kang/DelSIEVE/simulation_results/IndelSIEVE_benchmark_pipeline_ld_006/benchmark_results/simulated_data/results/cell_names	/raid/kang/DelSIEVE/simulation_results/IndelSIEVE_benchmark_pipeline_ld_006/benchmark_results/indelsieve/from_candidate/variant_calling/mt/no_cnv/smc_mu_sa_stage_1/0001/indelsieve_median.cell_names	/raid/kang/DelSIEVE/simulation_results/IndelSIEVE_benchmark_pipeline_ld_006/benchmark_results/indelsieve/from_candidate/variant_calling/mt/no_cnv/smc_mu_sa_stage_1/0001/indelsieve_median.loci_info	/raid/kang/DelSIEVE/simulation_results/IndelSIEVE_benchmark_pipeline_ld_006/benchmark_results/simulated_data/results/ado_state_dir/ado_states.0001	/raid/kang/DelSIEVE/simulation_results/IndelSIEVE_benchmark_pipeline_ld_006/benchmark_results/indelsieve/from_candidate/variant_calling/mt/no_cnv/smc_mu_sa_stage_1/0001/indelsieve_median.ado	2786	669	9802	1423	0.6619149441672606	0.8063675832127352	0.7270354906054279	0.0638907458695444	2411	1044	9802	1423	0.6288471570161711	0.6978292329956585	0.661544793524489	0.0962566844919786	0	0	14305	375	0.0	NA	NA	0.0
40	20	2	0.001999	0.16334	3e-05	7.5e-06	0.0	0002	sieve	candidate_snvs	smc_mu_sa_stage_1	mt	no_cnv	/raid/kang/DelSIEVE/simulation_results/IndelSIEVE_benchmark_pipeline_ld_006/benchmark_results/simulated_data/results/cell_names	/raid/kang/DelSIEVE/simulation_results/IndelSIEVE_benchmark_pipeline_ld_006/benchmark_results/indelsieve/from_candidate/variant_calling/mt/no_cnv/smc_mu_sa_stage_1/0002/indelsieve_median.cell_names	/raid/kang/DelSIEVE/simulation_results/IndelSIEVE_benchmark_pipeline_ld_006/benchmark_results/indelsieve/from_candidate/variant_calling/mt/no_cnv/smc_mu_sa_stage_1/0002/indelsieve_median.loci_info	/raid/kang/DelSIEVE/simulation_results/IndelSIEVE_benchmark_pipeline_ld_006/benchmark_results/simulated_data/results/ado_state_dir/ado_states.0002	/raid/kang/DelSIEVE/simulation_results/IndelSIEVE_benchmark_pipeline_ld_006/benchmark_results/indelsieve/from_candidate/variant_calling/mt/no_cnv/smc_mu_sa_stage_1/0002/indelsieve_median.ado	2741	572	10138	1469	0.6510688836104513	0.8273468155750076	0.7286986574504852	0.0534080298786181	2374	939	10138	1469	0.6177465521727816	0.7165710836100211	0.6634991615427612	0.0847702446510788	0	0	14553	367	0.0	NA	NA	0.0
40	20	2	0.001999	0.16334	3e-05	7.5e-06	0.0	0003	sieve	candidate_snvs	smc_mu_sa_stage_1	mt	no_cnv	/raid/kang/DelSIEVE/simulation_results/IndelSIEVE_benchmark_pipeline_ld_006/benchmark_results/simulated_data/results/cell_names	/raid/kang/DelSIEVE/simulation_results/IndelSIEVE_benchmark_pipeline_ld_006/benchmark_results/indelsieve/from_candidate/variant_calling/mt/no_cnv/smc_mu_sa_stage_1/0003/indelsieve_median.cell_names	/raid/kang/DelSIEVE/simulation_results/IndelSIEVE_benchmark_pipeline_ld_006/benchmark_results/indelsieve/from_candidate/variant_calling/mt/no_cnv/smc_mu_sa_stage_1/0003/indelsieve_median.loci_info	/raid/kang/DelSIEVE/simulation_results/IndelSIEVE_benchmark_pipeline_ld_006/benchmark_results/simulated_data/results/ado_state_dir/ado_states.0003	/raid/kang/DelSIEVE/simulation_results/IndelSIEVE_benchmark_pipeline_ld_006/benchmark_results/indelsieve/from_candidate/variant_calling/mt/no_cnv/smc_mu_sa_stage_1/0003/indelsieve_median.ado	2028	636	6909	907	0.6909710391822828	0.7612612612612613	0.7244150741203786	0.0842942345924453	1798	866	6909	907	0.6646950092421442	0.674924924924925	0.6697709070590426	0.1113826366559485	0	0	10250	230	0.0	NA	NA	0.0
40	20	2	0.001999	0.16334	3e-05	7.5e-06	0.0	0004	sieve	candidate_snvs	smc_mu_sa_stage_1	mt	no_cnv	/raid/kang/DelSIEVE/simulation_results/IndelSIEVE_benchmark_pipeline_ld_006/benchmark_results/simulated_data/results/cell_names	/raid/kang/DelSIEVE/simulation_results/IndelSIEVE_benchmark_pipeline_ld_006/benchmark_results/indelsieve/from_candidate/variant_calling/mt/no_cnv/smc_mu_sa_stage_1/0004/indelsieve_median.cell_names	/raid/kang/DelSIEVE/simulation_results/IndelSIEVE_benchmark_pipeline_ld_006/benchmark_results/indelsieve/from_candidate/variant_calling/mt/no_cnv/smc_mu_sa_stage_1/0004/indelsieve_median.loci_info	/raid/kang/DelSIEVE/simulation_results/IndelSIEVE_benchmark_pipeline_ld_006/benchmark_results/simulated_data/results/ado_state_dir/ado_states.0004	/raid/kang/DelSIEVE/simulation_results/IndelSIEVE_benchmark_pipeline_ld_006/benchmark_results/indelsieve/from_candidate/variant_calling/mt/no_cnv/smc_mu_sa_stage_1/0004/indelsieve_median.ado	2485	799	7864	892	0.7358602309742375	0.7566991473812423	0.7461342140819697	0.0922313286390396	2204	1080	7864	892	0.7118863049095607	0.6711327649208283	0.6909090909090909	0.1207513416815742	0	0	11759	281	0.0	NA	NA	0.0
40	20	2	0.001999	0.16334	3e-05	7.5e-06	0.0	0005	sieve	candidate_snvs	smc_mu_sa_stage_1	mt	no_cnv	/raid/kang/DelSIEVE/simulation_results/IndelSIEVE_benchmark_pipeline_ld_006/benchmark_results/simulated_data/results/cell_names	/raid/kang/DelSIEVE/simulation_results/IndelSIEVE_benchmark_pipeline_ld_006/benchmark_results/indelsieve/from_candidate/variant_calling/mt/no_cnv/smc_mu_sa_stage_1/0005/indelsieve_mode_gaussian.cell_names	/raid/kang/DelSIEVE/simulation_results/IndelSIEVE_benchmark_pipeline_ld_006/benchmark_results/indelsieve/from_candidate/variant_calling/mt/no_cnv/smc_mu_sa_stage_1/0005/indelsieve_mode_gaussian.loci_info	/raid/kang/DelSIEVE/simulation_results/IndelSIEVE_benchmark_pipeline_ld_006/benchmark_results/simulated_data/results/ado_state_dir/ado_states.0005	/raid/kang/DelSIEVE/simulation_results/IndelSIEVE_benchmark_pipeline_ld_006/benchmark_results/indelsieve/from_candidate/variant_calling/mt/no_cnv/smc_mu_sa_stage_1/0005/indelsieve_mode_gaussian.ado	2498	654	8902	1186	0.6780673181324647	0.7925126903553299	0.7308367466354594	0.0684386772708246	2182	970	8902	1186	0.6478622327790974	0.692258883248731	0.6693251533742332	0.098257698541329	0	0	12924	316	0.0	NA	NA	0.0
40	20	2	0.001999	0.16334	3e-05	7.5e-06	0.0	0006	sieve	candidate_snvs	smc_mu_sa_stage_1	mt	no_cnv	/raid/kang/DelSIEVE/simulation_results/IndelSIEVE_benchmark_pipeline_ld_006/benchmark_results/simulated_data/results/cell_names	/raid/kang/DelSIEVE/simulation_results/IndelSIEVE_benchmark_pipeline_ld_006/benchmark_results/indelsieve/from_candidate/variant_calling/mt/no_cnv/smc_mu_sa_stage_1/0006/indelsieve_median.cell_names	/raid/kang/DelSIEVE/simulation_results/IndelSIEVE_benchmark_pipeline_ld_006/benchmark_results/indelsieve/from_candidate/variant_calling/mt/no_cnv/smc_mu_sa_stage_1/0006/indelsieve_median.loci_info	/raid/kang/DelSIEVE/simulation_results/IndelSIEVE_benchmark_pipeline_ld_006/benchmark_results/simulated_data/results/ado_state_dir/ado_states.0006	/raid/kang/DelSIEVE/simulation_results/IndelSIEVE_benchmark_pipeline_ld_006/benchmark_results/indelsieve/from_candidate/variant_calling/mt/no_cnv/smc_mu_sa_stage_1/0006/indelsieve_median.ado	2198	730	6918	914	0.7062982005141388	0.7506830601092896	0.7278145695364239	0.095449790794979	1958	970	6918	914	0.6817548746518106	0.6687158469945356	0.6751724137931034	0.122971602434077	0	0	10520	240	0.0	NA	NA	0.0
40	20	2	0.001999	0.16334	3e-05	7.5e-06	0.0	0007	sieve	candidate_snvs	smc_mu_sa_stage_1	mt	no_cnv	/raid/kang/DelSIEVE/simulation_results/IndelSIEVE_benchmark_pipeline_ld_006/benchmark_results/simulated_data/results/cell_names	/raid/kang/DelSIEVE/simulation_results/IndelSIEVE_benchmark_pipeline_ld_006/benchmark_results/indelsieve/from_candidate/variant_calling/mt/no_cnv/smc_mu_sa_stage_1/0007/indelsieve_mode_gaussian.cell_names	/raid/kang/DelSIEVE/simulation_results/IndelSIEVE_benchmark_pipeline_ld_006/benchmark_results/indelsieve/from_candidate/variant_calling/mt/no_cnv/smc_mu_sa_stage_1/0007/indelsieve_mode_gaussian.loci_info	/raid/kang/DelSIEVE/simulation_results/IndelSIEVE_benchmark_pipeline_ld_006/benchmark_results/simulated_data/results/ado_state_dir/ado_states.0007	/raid/kang/DelSIEVE/simulation_results/IndelSIEVE_benchmark_pipeline_ld_006/benchmark_results/indelsieve/from_candidate/variant_calling/mt/no_cnv/smc_mu_sa_stage_1/0007/indelsieve_mode_gaussian.ado	4684	917	15659	1980	0.7028811524609844	0.8362792358507409	0.7637994292702812	0.0553209459459459	4137	1464	15659	1980	0.67631191760667	0.738618103910016	0.7060931899641577	0.0854990363838112	0	0	22693	547	0.0	NA	NA	0.0
40	20	2	0.001999	0.16334	3e-05	7.5e-06	0.0	0008	sieve	candidate_snvs	smc_mu_sa_stage_1	mt	no_cnv	/raid/kang/DelSIEVE/simulation_results/IndelSIEVE_benchmark_pipeline_ld_006/benchmark_results/simulated_data/results/cell_names	/raid/kang/DelSIEVE/simulation_results/IndelSIEVE_benchmark_pipeline_ld_006/benchmark_results/indelsieve/from_candidate/variant_calling/mt/no_cnv/smc_mu_sa_stage_1/0008/indelsieve_median.cell_names	/raid/kang/DelSIEVE/simulation_results/IndelSIEVE_benchmark_pipeline_ld_006/benchmark_results/indelsieve/from_candidate/variant_calling/mt/no_cnv/smc_mu_sa_stage_1/0008/indelsieve_median.loci_info	/raid/kang/DelSIEVE/simulation_results/IndelSIEVE_benchmark_pipeline_ld_006/benchmark_results/simulated_data/results/ado_state_dir/ado_states.0008	/raid/kang/DelSIEVE/simulation_results/IndelSIEVE_benchmark_pipeline_ld_006/benchmark_results/indelsieve/from_candidate/variant_calling/mt/no_cnv/smc_mu_sa_stage_1/0008/indelsieve_median.ado	3979	727	15517	2577	0.6069249542403905	0.8455163620909477	0.7066240454626177	0.0447549864565378	3457	1249	15517	2577	0.5729201193238316	0.7345941351466213	0.6437616387337057	0.0744960038172491	0	0	22278	522	0.0	NA	NA	0.0
40	20	2	0.001999	0.16334	3e-05	7.5e-06	0.0	0009	sieve	candidate_snvs	smc_mu_sa_stage_1	mt	no_cnv	/raid/kang/DelSIEVE/simulation_results/IndelSIEVE_benchmark_pipeline_ld_006/benchmark_results/simulated_data/results/cell_names	/raid/kang/DelSIEVE/simulation_results/IndelSIEVE_benchmark_pipeline_ld_006/benchmark_results/indelsieve/from_candidate/variant_calling/mt/no_cnv/smc_mu_sa_stage_1/0009/indelsieve_median.cell_names	/raid/kang/DelSIEVE/simulation_results/IndelSIEVE_benchmark_pipeline_ld_006/benchmark_results/indelsieve/from_candidate/variant_calling/mt/no_cnv/smc_mu_sa_stage_1/0009/indelsieve_median.loci_info	/raid/kang/DelSIEVE/simulation_results/IndelSIEVE_benchmark_pipeline_ld_006/benchmark_results/simulated_data/results/ado_state_dir/ado_states.0009	/raid/kang/DelSIEVE/simulation_results/IndelSIEVE_benchmark_pipeline_ld_006/benchmark_results/indelsieve/from_candidate/variant_calling/mt/no_cnv/smc_mu_sa_stage_1/0009/indelsieve_median.ado	3140	948	10736	1416	0.6892010535557507	0.7681017612524462	0.7265155020823694	0.0811365970558028	2747	1341	10745	1407	0.6612903225806451	0.6719667318982387	0.666585780150449	0.1109548237630316	0	0	15838	402	0.0	NA	NA	0.0
40	20	2	0.001999	0.16334	3e-05	7.5e-06	0.0	0010	sieve	candidate_snvs	smc_mu_sa_stage_1	mt	no_cnv	/raid/kang/DelSIEVE/simulation_results/IndelSIEVE_benchmark_pipeline_ld_006/benchmark_results/simulated_data/results/cell_names	/raid/kang/DelSIEVE/simulation_results/IndelSIEVE_benchmark_pipeline_ld_006/benchmark_results/indelsieve/from_candidate/variant_calling/mt/no_cnv/smc_mu_sa_stage_1/0010/indelsieve_mode_gaussian.cell_names	/raid/kang/DelSIEVE/simulation_results/IndelSIEVE_benchmark_pipeline_ld_006/benchmark_results/indelsieve/from_candidate/variant_calling/mt/no_cnv/smc_mu_sa_stage_1/0010/indelsieve_mode_gaussian.loci_info	/raid/kang/DelSIEVE/simulation_results/IndelSIEVE_benchmark_pipeline_ld_006/benchmark_results/simulated_data/results/ado_state_dir/ado_states.0010	/raid/kang/DelSIEVE/simulation_results/IndelSIEVE_benchmark_pipeline_ld_006/benchmark_results/indelsieve/from_candidate/variant_calling/mt/no_cnv/smc_mu_sa_stage_1/0010/indelsieve_mode_gaussian.ado	2582	762	9449	1367	0.6538364142820967	0.7721291866028708	0.7080762374880021	0.0746254039761042	2232	1112	9449	1367	0.6201722700750208	0.6674641148325359	0.6429497335445772	0.1052930593693779	0	0	13810	350	0.0	NA	NA	0.0
40	20	2	0.001999	0.16334	3e-05	7.5e-06	0.0	0001	indelsieve	candidate_snvs	smc_mudel_ld_stage_1	mt	no_cnv	/raid/kang/DelSIEVE/simulation_results/IndelSIEVE_benchmark_pipeline_ld_006/benchmark_results/simulated_data/results/cell_names	/raid/kang/DelSIEVE/simulation_results/IndelSIEVE_benchmark_pipeline_ld_006/benchmark_results/indelsieve/from_candidate/variant_calling/mt/no_cnv/smc_mudel_ld_stage_1/0001/indelsieve_mode_gaussian.cell_names	/raid/kang/DelSIEVE/simulation_results/IndelSIEVE_benchmark_pipeline_ld_006/benchmark_results/indelsieve/from_candidate/variant_calling/mt/no_cnv/smc_mudel_ld_stage_1/0001/indelsieve_mode_gaussian.loci_info	/raid/kang/DelSIEVE/simulation_results/IndelSIEVE_benchmark_pipeline_ld_006/benchmark_results/simulated_data/results/ado_state_dir/ado_states.0001	/raid/kang/DelSIEVE/simulation_results/IndelSIEVE_benchmark_pipeline_ld_006/benchmark_results/indelsieve/from_candidate/variant_calling/mt/no_cnv/smc_mudel_ld_stage_1/0001/indelsieve_mode_gaussian.ado	3897	319	10152	312	0.925873129009266	0.9243358633776092	0.9251038575667656	0.0304650940693343	3499	340	10506	335	0.912623891497131	0.9114352696014588	0.9120291932751206	0.0313479623824451	354	23	14282	21	0.944	0.9389920424403184	0.9414893617021276	0.0016078294302691
40	20	2	0.001999	0.16334	3e-05	7.5e-06	0.0	0002	indelsieve	candidate_snvs	smc_mudel_ld_stage_1	mt	no_cnv	/raid/kang/DelSIEVE/simulation_results/IndelSIEVE_benchmark_pipeline_ld_006/benchmark_results/simulated_data/results/cell_names	/raid/kang/DelSIEVE/simulation_results/IndelSIEVE_benchmark_pipeline_ld_006/benchmark_results/indelsieve/from_candidate/variant_calling/mt/no_cnv/smc_mudel_ld_stage_1/0002/indelsieve_median.cell_names	/raid/kang/DelSIEVE/simulation_results/IndelSIEVE_benchmark_pipeline_ld_006/benchmark_results/indelsieve/from_candidate/variant_calling/mt/no_cnv/smc_mudel_ld_stage_1/0002/indelsieve_median.loci_info	/raid/kang/DelSIEVE/simulation_results/IndelSIEVE_benchmark_pipeline_ld_006/benchmark_results/simulated_data/results/ado_state_dir/ado_states.0002	/raid/kang/DelSIEVE/simulation_results/IndelSIEVE_benchmark_pipeline_ld_006/benchmark_results/indelsieve/from_candidate/variant_calling/mt/no_cnv/smc_mudel_ld_stage_1/0002/indelsieve_median.ado	3918	370	10340	292	0.9306413301662708	0.9137126865671642	0.9220993174864672	0.034547152194211	3513	381	10696	330	0.9141295862607338	0.9021571648690292	0.9081039162466072	0.0343955944750383	353	41	14512	14	0.9618528610354224	0.8959390862944162	0.9277266754270695	0.0028172885315742
40	20	2	0.001999	0.16334	3e-05	7.5e-06	0.0	0003	indelsieve	candidate_snvs	smc_mudel_ld_stage_1	mt	no_cnv	/raid/kang/DelSIEVE/simulation_results/IndelSIEVE_benchmark_pipeline_ld_006/benchmark_results/simulated_data/results/cell_names	/raid/kang/DelSIEVE/simulation_results/IndelSIEVE_benchmark_pipeline_ld_006/benchmark_results/indelsieve/from_candidate/variant_calling/mt/no_cnv/smc_mudel_ld_stage_1/0003/indelsieve_median.cell_names	/raid/kang/DelSIEVE/simulation_results/IndelSIEVE_benchmark_pipeline_ld_006/benchmark_results/indelsieve/from_candidate/variant_calling/mt/no_cnv/smc_mudel_ld_stage_1/0003/indelsieve_median.loci_info	/raid/kang/DelSIEVE/simulation_results/IndelSIEVE_benchmark_pipeline_ld_006/benchmark_results/simulated_data/results/ado_state_dir/ado_states.0003	/raid/kang/DelSIEVE/simulation_results/IndelSIEVE_benchmark_pipeline_ld_006/benchmark_results/indelsieve/from_candidate/variant_calling/mt/no_cnv/smc_mudel_ld_stage_1/0003/indelsieve_median.ado	2784	228	7317	151	0.9485519591141396	0.9243027888446216	0.9362703884311416	0.0302186878727634	2540	238	7537	165	0.9390018484288356	0.914326853851692	0.926500091190954	0.0306109324758842	220	14	10236	10	0.9565217391304348	0.9401709401709402	0.9482758620689656	0.0013658536585365
40	20	2	0.001999	0.16334	3e-05	7.5e-06	0.0	0004	indelsieve	candidate_snvs	smc_mudel_ld_stage_1	mt	no_cnv	/raid/kang/DelSIEVE/simulation_results/IndelSIEVE_benchmark_pipeline_ld_006/benchmark_results/simulated_data/results/cell_names	/raid/kang/DelSIEVE/simulation_results/IndelSIEVE_benchmark_pipeline_ld_006/benchmark_results/indelsieve/from_candidate/variant_calling/mt/no_cnv/smc_mudel_ld_stage_1/0004/indelsieve_median.cell_names	/raid/kang/DelSIEVE/simulation_results/IndelSIEVE_benchmark_pipeline_ld_006/benchmark_results/indelsieve/from_candidate/variant_calling/mt/no_cnv/smc_mudel_ld_stage_1/0004/indelsieve_median.loci_info	/raid/kang/DelSIEVE/simulation_results/IndelSIEVE_benchmark_pipeline_ld_006/benchmark_results/simulated_data/results/ado_state_dir/ado_states.0004	/raid/kang/DelSIEVE/simulation_results/IndelSIEVE_benchmark_pipeline_ld_006/benchmark_results/indelsieve/from_candidate/variant_calling/mt/no_cnv/smc_mudel_ld_stage_1/0004/indelsieve_median.ado	3189	272	8391	188	0.9443292863488304	0.9214099971106616	0.9327288680900848	0.0313978991111624	2890	275	8669	206	0.9334625322997416	0.9131121642969984	0.9231752116275356	0.0307468694096601	276	20	11739	5	0.98220640569395	0.9324324324324323	0.9566724436741768	0.0017008249000765
40	20	2	0.001999	0.16334	3e-05	7.5e-06	0.0	0005	indelsieve	candidate_snvs	smc_mudel_ld_stage_1	mt	no_cnv	/raid/kang/DelSIEVE/simulation_results/IndelSIEVE_benchmark_pipeline_ld_006/benchmark_results/simulated_data/results/cell_names	/raid/kang/DelSIEVE/simulation_results/IndelSIEVE_benchmark_pipeline_ld_006/benchmark_results/indelsieve/from_candidate/variant_calling/mt/no_cnv/smc_mudel_ld_stage_1/0005/indelsieve_median.cell_names	/raid/kang/DelSIEVE/simulation_results/IndelSIEVE_benchmark_pipeline_ld_006/benchmark_results/indelsieve/from_candidate/variant_calling/mt/no_cnv/smc_mudel_ld_stage_1/0005/indelsieve_median.loci_info	/raid/kang/DelSIEVE/simulation_results/IndelSIEVE_benchmark_pipeline_ld_006/benchmark_results/simulated_data/results/ado_state_dir/ado_states.0005	/raid/kang/DelSIEVE/simulation_results/IndelSIEVE_benchmark_pipeline_ld_006/benchmark_results/indelsieve/from_candidate/variant_calling/mt/no_cnv/smc_mudel_ld_stage_1/0005/indelsieve_median.ado	3379	252	9304	305	0.9172095548317046	0.930597631506472	0.9238550922761448	0.0263708664713269	3038	262	9610	330	0.9020190023752968	0.9206060606060606	0.9112177564487104	0.0265397082658022	306	25	12899	10	0.9683544303797468	0.9244712990936556	0.9459041731066462	0.001934385639121
40	20	2	0.001999	0.16334	3e-05	7.5e-06	0.0	0006	indelsieve	candidate_snvs	smc_mudel_ld_stage_1	mt	no_cnv	/raid/kang/DelSIEVE/simulation_results/IndelSIEVE_benchmark_pipeline_ld_006/benchmark_results/simulated_data/results/cell_names	/raid/kang/DelSIEVE/simulation_results/IndelSIEVE_benchmark_pipeline_ld_006/benchmark_results/indelsieve/from_candidate/variant_calling/mt/no_cnv/smc_mudel_ld_stage_1/0006/indelsieve_mode_gaussian.cell_names	/raid/kang/DelSIEVE/simulation_results/IndelSIEVE_benchmark_pipeline_ld_006/benchmark_results/indelsieve/from_candidate/variant_calling/mt/no_cnv/smc_mudel_ld_stage_1/0006/indelsieve_mode_gaussian.loci_info	/raid/kang/DelSIEVE/simulation_results/IndelSIEVE_benchmark_pipeline_ld_006/benchmark_results/simulated_data/results/ado_state_dir/ado_states.0006	/raid/kang/DelSIEVE/simulation_results/IndelSIEVE_benchmark_pipeline_ld_006/benchmark_results/indelsieve/from_candidate/variant_calling/mt/no_cnv/smc_mudel_ld_stage_1/0006/indelsieve_mode_gaussian.ado	2911	189	7459	201	0.9354113110539846	0.9390322580645162	0.9372182871860916	0.0247123430962343	2652	202	7686	220	0.9233983286908078	0.9292221443587948	0.9263010827803004	0.0256085192697768	227	19	10501	13	0.9458333333333332	0.9227642276422764	0.934156378600823	0.0018060836501901
40	20	2	0.001999	0.16334	3e-05	7.5e-06	0.0	0007	indelsieve	candidate_snvs	smc_mudel_ld_stage_1	mt	no_cnv	/raid/kang/DelSIEVE/simulation_results/IndelSIEVE_benchmark_pipeline_ld_006/benchmark_results/simulated_data/results/cell_names	/raid/kang/DelSIEVE/simulation_results/IndelSIEVE_benchmark_pipeline_ld_006/benchmark_results/indelsieve/from_candidate/variant_calling/mt/no_cnv/smc_mudel_ld_stage_1/0007/indelsieve_median.cell_names	/raid/kang/DelSIEVE/simulation_results/IndelSIEVE_benchmark_pipeline_ld_006/benchmark_results/indelsieve/from_candidate/variant_calling/mt/no_cnv/smc_mudel_ld_stage_1/0007/indelsieve_median.loci_info	/raid/kang/DelSIEVE/simulation_results/IndelSIEVE_benchmark_pipeline_ld_006/benchmark_results/simulated_data/results/ado_state_dir/ado_states.0007	/raid/kang/DelSIEVE/simulation_results/IndelSIEVE_benchmark_pipeline_ld_006/benchmark_results/indelsieve/from_candidate/variant_calling/mt/no_cnv/smc_mudel_ld_stage_1/0007/indelsieve_median.ado	6193	418	16158	471	0.9293217286914766	0.9367720465890182	0.9330320150659134	0.0252171814671814	5611	448	16675	506	0.91727971227726	0.926060406007592	0.9216491458607096	0.0261636395491444	516	36	22657	31	0.943327239488117	0.9347826086956522	0.9390354868061874	0.0015863922795575
40	20	2	0.001999	0.16334	3e-05	7.5e-06	0.0	0008	indelsieve	candidate_snvs	smc_mudel_ld_stage_1	mt	no_cnv	/raid/kang/DelSIEVE/simulation_results/IndelSIEVE_benchmark_pipeline_ld_006/benchmark_results/simulated_data/results/cell_names	/raid/kang/DelSIEVE/simulation_results/IndelSIEVE_benchmark_pipeline_ld_006/benchmark_results/indelsieve/from_candidate/variant_calling/mt/no_cnv/smc_mudel_ld_stage_1/0008/indelsieve_median.cell_names	/raid/kang/DelSIEVE/simulation_results/IndelSIEVE_benchmark_pipeline_ld_006/benchmark_results/indelsieve/from_candidate/variant_calling/mt/no_cnv/smc_mudel_ld_stage_1/0008/indelsieve_median.loci_info	/raid/kang/DelSIEVE/simulation_results/IndelSIEVE_benchmark_pipeline_ld_006/benchmark_results/simulated_data/results/ado_state_dir/ado_states.0008	/raid/kang/DelSIEVE/simulation_results/IndelSIEVE_benchmark_pipeline_ld_006/benchmark_results/indelsieve/from_candidate/variant_calling/mt/no_cnv/smc_mudel_ld_stage_1/0008/indelsieve_median.ado	6073	460	15784	483	0.926327028676022	0.9295882442981784	0.9279547711819084	0.0283181482393499	5494	484	16282	540	0.9105071262843883	0.9190364670458347	0.9147519147519148	0.0288679470356674	497	58	22220	25	0.9521072796934866	0.8954954954954955	0.9229340761374188	0.0026034653020917
40	20	2	0.001999	0.16334	3e-05	7.5e-06	0.0	0009	indelsieve	candidate_snvs	smc_mudel_ld_stage_1	mt	no_cnv	/raid/kang/DelSIEVE/simulation_results/IndelSIEVE_benchmark_pipeline_ld_006/benchmark_results/simulated_data/results/cell_names	/raid/kang/DelSIEVE/simulation_results/IndelSIEVE_benchmark_pipeline_ld_006/benchmark_results/indelsieve/from_candidate/variant_calling/mt/no_cnv/smc_mudel_ld_stage_1/0009/indelsieve_mode_gaussian.cell_names	/raid/kang/DelSIEVE/simulation_results/IndelSIEVE_benchmark_pipeline_ld_006/benchmark_results/indelsieve/from_candidate/variant_calling/mt/no_cnv/smc_mudel_ld_stage_1/0009/indelsieve_mode_gaussian.loci_info	/raid/kang/DelSIEVE/simulation_results/IndelSIEVE_benchmark_pipeline_ld_006/benchmark_results/simulated_data/results/ado_state_dir/ado_states.0009	/raid/kang/DelSIEVE/simulation_results/IndelSIEVE_benchmark_pipeline_ld_006/benchmark_results/indelsieve/from_candidate/variant_calling/mt/no_cnv/smc_mudel_ld_stage_1/0009/indelsieve_mode_gaussian.ado	4154	381	11303	402	0.9117647058823528	0.915986769570011	0.9138708612913872	0.0326086956521739	3735	394	11692	419	0.8991333654309099	0.9045773795107774	0.9018471568272364	0.0325997021347013	377	29	15809	25	0.9378109452736318	0.9285714285714286	0.9331683168316832	0.0018310392726354
40	20	2	0.001999	0.16334	3e-05	7.5e-06	0.0	0010	indelsieve	candidate_snvs	smc_mudel_ld_stage_1	mt	no_cnv	/raid/kang/DelSIEVE/simulation_results/IndelSIEVE_benchmark_pipeline_ld_006/benchmark_results/simulated_data/results/cell_names	/raid/kang/DelSIEVE/simulation_results/IndelSIEVE_benchmark_pipeline_ld_006/benchmark_results/indelsieve/from_candidate/variant_calling/mt/no_cnv/smc_mudel_ld_stage_1/0010/indelsieve_median.cell_names	/raid/kang/DelSIEVE/simulation_results/IndelSIEVE_benchmark_pipeline_ld_006/benchmark_results/indelsieve/from_candidate/variant_calling/mt/no_cnv/smc_mudel_ld_stage_1/0010/indelsieve_median.loci_info	/raid/kang/DelSIEVE/simulation_results/IndelSIEVE_benchmark_pipeline_ld_006/benchmark_results/simulated_data/results/ado_state_dir/ado_states.0010	/raid/kang/DelSIEVE/simulation_results/IndelSIEVE_benchmark_pipeline_ld_006/benchmark_results/indelsieve/from_candidate/variant_calling/mt/no_cnv/smc_mudel_ld_stage_1/0010/indelsieve_median.ado	3759	258	9953	190	0.9518865535578628	0.9357729648991784	0.9437609841827768	0.0252668690627754	3384	260	10301	215	0.9402611836621284	0.9286498353457738	0.934419439458788	0.0246188807878041	346	27	13783	4	0.9885714285714284	0.9276139410187668	0.9571230982019364	0.0019551049963794
40	20	2	0.001999	0.16334	3e-05	7.5e-06	0.0	0001	indelsieve	candidate_snvs	smc_mudel_sa_stage_1	mt	no_cnv	/raid/kang/DelSIEVE/simulation_results/IndelSIEVE_benchmark_pipeline_ld_006/benchmark_results/simulated_data/results/cell_names	/raid/kang/DelSIEVE/simulation_results/IndelSIEVE_benchmark_pipeline_ld_006/benchmark_results/indelsieve/from_candidate/variant_calling/mt/no_cnv/smc_mudel_sa_stage_1/0001/indelsieve_median.cell_names	/raid/kang/DelSIEVE/simulation_results/IndelSIEVE_benchmark_pipeline_ld_006/benchmark_results/indelsieve/from_candidate/variant_calling/mt/no_cnv/smc_mudel_sa_stage_1/0001/indelsieve_median.loci_info	/raid/kang/DelSIEVE/simulation_results/IndelSIEVE_benchmark_pipeline_ld_006/benchmark_results/simulated_data/results/ado_state_dir/ado_states.0001	/raid/kang/DelSIEVE/simulation_results/IndelSIEVE_benchmark_pipeline_ld_006/benchmark_results/indelsieve/from_candidate/variant_calling/mt/no_cnv/smc_mudel_sa_stage_1/0001/indelsieve_median.ado	3558	218	10253	651	0.8453314326443335	0.9422669491525424	0.8911709455228554	0.0208194059784165	3186	590	10256	648	0.8309859154929577	0.84375	0.8373193166885677	0.0543979347224783	0	0	14305	375	0.0	NA	NA	0.0
40	20	2	0.001999	0.16334	3e-05	7.5e-06	0.0	0002	indelsieve	candidate_snvs	smc_mudel_sa_stage_1	mt	no_cnv	/raid/kang/DelSIEVE/simulation_results/IndelSIEVE_benchmark_pipeline_ld_006/benchmark_results/simulated_data/results/cell_names	/raid/kang/DelSIEVE/simulation_results/IndelSIEVE_benchmark_pipeline_ld_006/benchmark_results/indelsieve/from_candidate/variant_calling/mt/no_cnv/smc_mudel_sa_stage_1/0002/indelsieve_median.cell_names	/raid/kang/DelSIEVE/simulation_results/IndelSIEVE_benchmark_pipeline_ld_006/benchmark_results/indelsieve/from_candidate/variant_calling/mt/no_cnv/smc_mudel_sa_stage_1/0002/indelsieve_median.loci_info	/raid/kang/DelSIEVE/simulation_results/IndelSIEVE_benchmark_pipeline_ld_006/benchmark_results/simulated_data/results/ado_state_dir/ado_states.0002	/raid/kang/DelSIEVE/simulation_results/IndelSIEVE_benchmark_pipeline_ld_006/benchmark_results/indelsieve/from_candidate/variant_calling/mt/no_cnv/smc_mudel_sa_stage_1/0002/indelsieve_median.ado	3589	262	10448	621	0.8524940617577197	0.931965723188782	0.8904602406649299	0.0244631185807656	3225	626	10451	618	0.8391881342701015	0.8374448195273955	0.8383155705744736	0.0565134964340525	0	0	14553	367	0.0	NA	NA	0.0
40	20	2	0.001999	0.16334	3e-05	7.5e-06	0.0	0003	indelsieve	candidate_snvs	smc_mudel_sa_stage_1	mt	no_cnv	/raid/kang/DelSIEVE/simulation_results/IndelSIEVE_benchmark_pipeline_ld_006/benchmark_results/simulated_data/results/cell_names	/raid/kang/DelSIEVE/simulation_results/IndelSIEVE_benchmark_pipeline_ld_006/benchmark_results/indelsieve/from_candidate/variant_calling/mt/no_cnv/smc_mudel_sa_stage_1/0003/indelsieve_median.cell_names	/raid/kang/DelSIEVE/simulation_results/IndelSIEVE_benchmark_pipeline_ld_006/benchmark_results/indelsieve/from_candidate/variant_calling/mt/no_cnv/smc_mudel_sa_stage_1/0003/indelsieve_median.loci_info	/raid/kang/DelSIEVE/simulation_results/IndelSIEVE_benchmark_pipeline_ld_006/benchmark_results/simulated_data/results/ado_state_dir/ado_states.0003	/raid/kang/DelSIEVE/simulation_results/IndelSIEVE_benchmark_pipeline_ld_006/benchmark_results/indelsieve/from_candidate/variant_calling/mt/no_cnv/smc_mudel_sa_stage_1/0003/indelsieve_median.ado	2594	172	7373	341	0.8838160136286201	0.9378163412870572	0.910015786704087	0.0227965540092776	2372	394	7381	333	0.876894639556377	0.8575560375994216	0.8671175287881557	0.0506752411575562	0	0	10250	230	0.0	NA	NA	0.0
40	20	2	0.001999	0.16334	3e-05	7.5e-06	0.0	0004	indelsieve	candidate_snvs	smc_mudel_sa_stage_1	mt	no_cnv	/raid/kang/DelSIEVE/simulation_results/IndelSIEVE_benchmark_pipeline_ld_006/benchmark_results/simulated_data/results/cell_names	/raid/kang/DelSIEVE/simulation_results/IndelSIEVE_benchmark_pipeline_ld_006/benchmark_results/indelsieve/from_candidate/variant_calling/mt/no_cnv/smc_mudel_sa_stage_1/0004/indelsieve_median.cell_names	/raid/kang/DelSIEVE/simulation_results/IndelSIEVE_benchmark_pipeline_ld_006/benchmark_results/indelsieve/from_candidate/variant_calling/mt/no_cnv/smc_mudel_sa_stage_1/0004/indelsieve_median.loci_info	/raid/kang/DelSIEVE/simulation_results/IndelSIEVE_benchmark_pipeline_ld_006/benchmark_results/simulated_data/results/ado_state_dir/ado_states.0004	/raid/kang/DelSIEVE/simulation_results/IndelSIEVE_benchmark_pipeline_ld_006/benchmark_results/indelsieve/from_candidate/variant_calling/mt/no_cnv/smc_mudel_sa_stage_1/0004/indelsieve_median.ado	3007	220	8443	370	0.8904352976014214	0.9318252246668732	0.9106602059357966	0.0253953595752048	2726	501	8443	370	0.8804909560723514	0.844747443445925	0.8622489324687649	0.056015205724508	0	0	11759	281	0.0	NA	NA	0.0
40	20	2	0.001999	0.16334	3e-05	7.5e-06	0.0	0005	indelsieve	candidate_snvs	smc_mudel_sa_stage_1	mt	no_cnv	/raid/kang/DelSIEVE/simulation_results/IndelSIEVE_benchmark_pipeline_ld_006/benchmark_results/simulated_data/results/cell_names	/raid/kang/DelSIEVE/simulation_results/IndelSIEVE_benchmark_pipeline_ld_006/benchmark_results/indelsieve/from_candidate/variant_calling/mt/no_cnv/smc_mudel_sa_stage_1/0005/indelsieve_median.cell_names	/raid/kang/DelSIEVE/simulation_results/IndelSIEVE_benchmark_pipeline_ld_006/benchmark_results/indelsieve/from_candidate/variant_calling/mt/no_cnv/smc_mudel_sa_stage_1/0005/indelsieve_median.loci_info	/raid/kang/DelSIEVE/simulation_results/IndelSIEVE_benchmark_pipeline_ld_006/benchmark_results/simulated_data/results/ado_state_dir/ado_states.0005	/raid/kang/DelSIEVE/simulation_results/IndelSIEVE_benchmark_pipeline_ld_006/benchmark_results/indelsieve/from_candidate/variant_calling/mt/no_cnv/smc_mudel_sa_stage_1/0005/indelsieve_median.ado	3148	201	9355	536	0.8545059717698155	0.93998208420424	0.8952083037110764	0.0210339053997488	2834	515	9357	534	0.8414489311163895	0.8462227530606151	0.8438290903677236	0.0521677471636953	0	0	12924	316	0.0	NA	NA	0.0
40	20	2	0.001999	0.16334	3e-05	7.5e-06	0.0	0006	indelsieve	candidate_snvs	smc_mudel_sa_stage_1	mt	no_cnv	/raid/kang/DelSIEVE/simulation_results/IndelSIEVE_benchmark_pipeline_ld_006/benchmark_results/simulated_data/results/cell_names	/raid/kang/DelSIEVE/simulation_results/IndelSIEVE_benchmark_pipeline_ld_006/benchmark_results/indelsieve/from_candidate/variant_calling/mt/no_cnv/smc_mudel_sa_stage_1/0006/indelsieve_median.cell_names	/raid/kang/DelSIEVE/simulation_results/IndelSIEVE_benchmark_pipeline_ld_006/benchmark_results/indelsieve/from_candidate/variant_calling/mt/no_cnv/smc_mudel_sa_stage_1/0006/indelsieve_median.loci_info	/raid/kang/DelSIEVE/simulation_results/IndelSIEVE_benchmark_pipeline_ld_006/benchmark_results/simulated_data/results/ado_state_dir/ado_states.0006	/raid/kang/DelSIEVE/simulation_results/IndelSIEVE_benchmark_pipeline_ld_006/benchmark_results/indelsieve/from_candidate/variant_calling/mt/no_cnv/smc_mudel_sa_stage_1/0006/indelsieve_median.ado	2756	162	7486	356	0.8856041131105399	0.9444825222755312	0.9140961857379768	0.0211820083682008	2516	402	7486	356	0.8760445682451253	0.86223440712817	0.8690846286701209	0.0509634888438133	0	0	10520	240	0.0	NA	NA	0.0
40	20	2	0.001999	0.16334	3e-05	7.5e-06	0.0	0007	indelsieve	candidate_snvs	smc_mudel_sa_stage_1	mt	no_cnv	/raid/kang/DelSIEVE/simulation_results/IndelSIEVE_benchmark_pipeline_ld_006/benchmark_results/simulated_data/results/cell_names	/raid/kang/DelSIEVE/simulation_results/IndelSIEVE_benchmark_pipeline_ld_006/benchmark_results/indelsieve/from_candidate/variant_calling/mt/no_cnv/smc_mudel_sa_stage_1/0007/indelsieve_median.cell_names	/raid/kang/DelSIEVE/simulation_results/IndelSIEVE_benchmark_pipeline_ld_006/benchmark_results/indelsieve/from_candidate/variant_calling/mt/no_cnv/smc_mudel_sa_stage_1/0007/indelsieve_median.loci_info	/raid/kang/DelSIEVE/simulation_results/IndelSIEVE_benchmark_pipeline_ld_006/benchmark_results/simulated_data/results/ado_state_dir/ado_states.0007	/raid/kang/DelSIEVE/simulation_results/IndelSIEVE_benchmark_pipeline_ld_006/benchmark_results/indelsieve/from_candidate/variant_calling/mt/no_cnv/smc_mudel_sa_stage_1/0007/indelsieve_median.ado	5904	327	16249	760	0.885954381752701	0.9475204622051036	0.9157037611477316	0.0197273166023166	5358	873	16250	759	0.8759195684158901	0.8598940779971113	0.8678328474246843	0.0509840565321497	0	0	22693	547	0.0	NA	NA	0.0
40	20	2	0.001999	0.16334	3e-05	7.5e-06	0.0	0008	indelsieve	candidate_snvs	smc_mudel_sa_stage_1	mt	no_cnv	/raid/kang/DelSIEVE/simulation_results/IndelSIEVE_benchmark_pipeline_ld_006/benchmark_results/simulated_data/results/cell_names	/raid/kang/DelSIEVE/simulation_results/IndelSIEVE_benchmark_pipeline_ld_006/benchmark_results/indelsieve/from_candidate/variant_calling/mt/no_cnv/smc_mudel_sa_stage_1/0008/indelsieve_median.cell_names	/raid/kang/DelSIEVE/simulation_results/IndelSIEVE_benchmark_pipeline_ld_006/benchmark_results/indelsieve/from_candidate/variant_calling/mt/no_cnv/smc_mudel_sa_stage_1/0008/indelsieve_median.loci_info	/raid/kang/DelSIEVE/simulation_results/IndelSIEVE_benchmark_pipeline_ld_006/benchmark_results/simulated_data/results/ado_state_dir/ado_states.0008	/raid/kang/DelSIEVE/simulation_results/IndelSIEVE_benchmark_pipeline_ld_006/benchmark_results/indelsieve/from_candidate/variant_calling/mt/no_cnv/smc_mudel_sa_stage_1/0008/indelsieve_median.ado	5623	344	15900	933	0.8576876143990237	0.942349589408413	0.8980276291623412	0.0211770499876877	5105	862	15904	929	0.8460391117003646	0.8555387967152673	0.850762436463628	0.051413575092449	0	0	22278	522	0.0	NA	NA	0.0
40	20	2	0.001999	0.16334	3e-05	7.5e-06	0.0	0009	indelsieve	candidate_snvs	smc_mudel_sa_stage_1	mt	no_cnv	/raid/kang/DelSIEVE/simulation_results/IndelSIEVE_benchmark_pipeline_ld_006/benchmark_results/simulated_data/results/cell_names	/raid/kang/DelSIEVE/simulation_results/IndelSIEVE_benchmark_pipeline_ld_006/benchmark_results/indelsieve/from_candidate/variant_calling/mt/no_cnv/smc_mudel_sa_stage_1/0009/indelsieve_median.cell_names	/raid/kang/DelSIEVE/simulation_results/IndelSIEVE_benchmark_pipeline_ld_006/benchmark_results/indelsieve/from_candidate/variant_calling/mt/no_cnv/smc_mudel_sa_stage_1/0009/indelsieve_median.loci_info	/raid/kang/DelSIEVE/simulation_results/IndelSIEVE_benchmark_pipeline_ld_006/benchmark_results/simulated_data/results/ado_state_dir/ado_states.0009	/raid/kang/DelSIEVE/simulation_results/IndelSIEVE_benchmark_pipeline_ld_006/benchmark_results/indelsieve/from_candidate/variant_calling/mt/no_cnv/smc_mudel_sa_stage_1/0009/indelsieve_median.ado	3822	250	11434	734	0.8388937664618086	0.93860510805501	0.8859527121001389	0.0213967819239986	3431	641	11445	723	0.8259508907077515	0.8425834970530451	0.8341842937028933	0.0530365712394506	0	0	15838	402	0.0	NA	NA	0.0
40	20	2	0.001999	0.16334	3e-05	7.5e-06	0.0	0010	indelsieve	candidate_snvs	smc_mudel_sa_stage_1	mt	no_cnv	/raid/kang/DelSIEVE/simulation_results/IndelSIEVE_benchmark_pipeline_ld_006/benchmark_results/simulated_data/results/cell_names	/raid/kang/DelSIEVE/simulation_results/IndelSIEVE_benchmark_pipeline_ld_006/benchmark_results/indelsieve/from_candidate/variant_calling/mt/no_cnv/smc_mudel_sa_stage_1/0010/indelsieve_mode_gaussian.cell_names	/raid/kang/DelSIEVE/simulation_results/IndelSIEVE_benchmark_pipeline_ld_006/benchmark_results/indelsieve/from_candidate/variant_calling/mt/no_cnv/smc_mudel_sa_stage_1/0010/indelsieve_mode_gaussian.loci_info	/raid/kang/DelSIEVE/simulation_results/IndelSIEVE_benchmark_pipeline_ld_006/benchmark_results/simulated_data/results/ado_state_dir/ado_states.0010	/raid/kang/DelSIEVE/simulation_results/IndelSIEVE_benchmark_pipeline_ld_006/benchmark_results/indelsieve/from_candidate/variant_calling/mt/no_cnv/smc_mudel_sa_stage_1/0010/indelsieve_mode_gaussian.ado	3583	216	9995	366	0.9073183084325146	0.9431429323506186	0.9248838409912236	0.021153657819998	3234	565	9996	365	0.8985829397054738	0.8512766517504606	0.8742903487429036	0.053498721711959	0	0	13810	350	0.0	NA	NA	0.0
40	20	2	0.001999	0.16334	3e-05	7.5e-06	0.0	0001	sieve	candidate_snvs	smc_mu_ld_stage_1-smc_mu_ld_stage_2	mt	no_cnv	/raid/kang/DelSIEVE/simulation_results/IndelSIEVE_benchmark_pipeline_ld_006/benchmark_results/simulated_data/results/cell_names	/raid/kang/DelSIEVE/simulation_results/IndelSIEVE_benchmark_pipeline_ld_006/benchmark_results/indelsieve/from_candidate/variant_calling/stage2/mt/no_cnv/smc_mu_ld_stage_1-smc_mu_ld_stage_2/0001/indelsieve_median.cell_names	/raid/kang/DelSIEVE/simulation_results/IndelSIEVE_benchmark_pipeline_ld_006/benchmark_results/indelsieve/from_candidate/variant_calling/stage2/mt/no_cnv/smc_mu_ld_stage_1-smc_mu_ld_stage_2/0001/indelsieve_median.loci_info	/raid/kang/DelSIEVE/simulation_results/IndelSIEVE_benchmark_pipeline_ld_006/benchmark_results/simulated_data/results/ado_state_dir/ado_states.0001	/raid/kang/DelSIEVE/simulation_results/IndelSIEVE_benchmark_pipeline_ld_006/benchmark_results/indelsieve/from_candidate/variant_calling/stage2/mt/no_cnv/smc_mu_ld_stage_1-smc_mu_ld_stage_2/0001/indelsieve_median.ado	4047	1394	9077	162	0.9615110477548112	0.7437970961220364	0.8387564766839378	0.1331295960271225	3414	1378	9468	420	0.8904538341158059	0.7124373956594324	0.7915603987943426	0.1270514475382629	375	274	14031	0	1.0	0.5778120184899846	0.732421875	0.0191541419084236
40	20	2	0.001999	0.16334	3e-05	7.5e-06	0.0	0001	sieve	candidate_snvs	smc_mu_sa_stage_1-smc_mu_sa_stage_2	mt	no_cnv	/raid/kang/DelSIEVE/simulation_results/IndelSIEVE_benchmark_pipeline_ld_006/benchmark_results/simulated_data/results/cell_names	/raid/kang/DelSIEVE/simulation_results/IndelSIEVE_benchmark_pipeline_ld_006/benchmark_results/indelsieve/from_candidate/variant_calling/stage2/mt/no_cnv/smc_mu_sa_stage_1-smc_mu_sa_stage_2/0001/indelsieve_median.cell_names	/raid/kang/DelSIEVE/simulation_results/IndelSIEVE_benchmark_pipeline_ld_006/benchmark_results/indelsieve/from_candidate/variant_calling/stage2/mt/no_cnv/smc_mu_sa_stage_1-smc_mu_sa_stage_2/0001/indelsieve_median.loci_info	/raid/kang/DelSIEVE/simulation_results/IndelSIEVE_benchmark_pipeline_ld_006/benchmark_results/simulated_data/results/ado_state_dir/ado_states.0001	/raid/kang/DelSIEVE/simulation_results/IndelSIEVE_benchmark_pipeline_ld_006/benchmark_results/indelsieve/from_candidate/variant_calling/stage2/mt/no_cnv/smc_mu_sa_stage_1-smc_mu_sa_stage_2/0001/indelsieve_median.ado	2860	730	9741	1349	0.679496317415063	0.7966573816155988	0.7334273624823696	0.0697163594690096	2485	1105	9741	1349	0.6481481481481481	0.692200557103064	0.6694504310344828	0.1018808777429467	0	0	14305	375	0.0	NA	NA	0.0
40	20	2	0.001999	0.16334	3e-05	7.5e-06	0.0	0001	indelsieve	candidate_snvs	smc_mudel_ld_stage_1-smc_mudel_ld_stage_2	mt	no_cnv	/raid/kang/DelSIEVE/simulation_results/IndelSIEVE_benchmark_pipeline_ld_006/benchmark_results/simulated_data/results/cell_names	/raid/kang/DelSIEVE/simulation_results/IndelSIEVE_benchmark_pipeline_ld_006/benchmark_results/indelsieve/from_candidate/variant_calling/stage2/mt/no_cnv/smc_mudel_ld_stage_1-smc_mudel_ld_stage_2/0001/indelsieve_median.cell_names	/raid/kang/DelSIEVE/simulation_results/IndelSIEVE_benchmark_pipeline_ld_006/benchmark_results/indelsieve/from_candidate/variant_calling/stage2/mt/no_cnv/smc_mudel_ld_stage_1-smc_mudel_ld_stage_2/0001/indelsieve_median.loci_info	/raid/kang/DelSIEVE/simulation_results/IndelSIEVE_benchmark_pipeline_ld_006/benchmark_results/simulated_data/results/ado_state_dir/ado_states.0001	/raid/kang/DelSIEVE/simulation_results/IndelSIEVE_benchmark_pipeline_ld_006/benchmark_results/indelsieve/from_candidate/variant_calling/stage2/mt/no_cnv/smc_mudel_ld_stage_1-smc_mudel_ld_stage_2/0001/indelsieve_median.ado	4002	497	9974	207	0.9508196721311476	0.8895310068904201	0.9191548001837392	0.0474644255562983	3568	496	10350	266	0.9306207616066772	0.8779527559055118	0.9035198784502406	0.0457311451226258	375	60	14245	0	1.0	0.8620689655172413	0.925925925925926	0.0041943376441803
40	20	2	0.001999	0.16334	3e-05	7.5e-06	0.0	0001	indelsieve	candidate_snvs	smc_mudel_sa_stage_1-smc_mudel_sa_stage_2	mt	no_cnv	/raid/kang/DelSIEVE/simulation_results/IndelSIEVE_benchmark_pipeline_ld_006/benchmark_results/simulated_data/results/cell_names	/raid/kang/DelSIEVE/simulation_results/IndelSIEVE_benchmark_pipeline_ld_006/benchmark_results/indelsieve/from_candidate/variant_calling/stage2/mt/no_cnv/smc_mudel_sa_stage_1-smc_mudel_sa_stage_2/0001/indelsieve_median.cell_names	/raid/kang/DelSIEVE/simulation_results/IndelSIEVE_benchmark_pipeline_ld_006/benchmark_results/indelsieve/from_candidate/variant_calling/stage2/mt/no_cnv/smc_mudel_sa_stage_1-smc_mudel_sa_stage_2/0001/indelsieve_median.loci_info	/raid/kang/DelSIEVE/simulation_results/IndelSIEVE_benchmark_pipeline_ld_006/benchmark_results/simulated_data/results/ado_state_dir/ado_states.0001	/raid/kang/DelSIEVE/simulation_results/IndelSIEVE_benchmark_pipeline_ld_006/benchmark_results/indelsieve/from_candidate/variant_calling/stage2/mt/no_cnv/smc_mudel_sa_stage_1-smc_mudel_sa_stage_2/0001/indelsieve_median.ado	3824	309	10162	385	0.908529341886434	0.9252359061214614	0.9168065212179334	0.0295100754464712	3449	684	10162	385	0.8995826812728221	0.8345027824824582	0.8658215137441948	0.0630647243223308	0	0	14305	375	0.0	NA	NA	0.0
40	20	2	0.001999	0.16334	3e-05	7.5e-06	0.0	0002	sieve	candidate_snvs	smc_mu_ld_stage_1-smc_mu_ld_stage_2	mt	no_cnv	/raid/kang/DelSIEVE/simulation_results/IndelSIEVE_benchmark_pipeline_ld_006/benchmark_results/simulated_data/results/cell_names	/raid/kang/DelSIEVE/simulation_results/IndelSIEVE_benchmark_pipeline_ld_006/benchmark_results/indelsieve/from_candidate/variant_calling/stage2/mt/no_cnv/smc_mu_ld_stage_1-smc_mu_ld_stage_2/0002/indelsieve_median.cell_names	/raid/kang/DelSIEVE/simulation_results/IndelSIEVE_benchmark_pipeline_ld_006/benchmark_results/indelsieve/from_candidate/variant_calling/stage2/mt/no_cnv/smc_mu_ld_stage_1-smc_mu_ld_stage_2/0002/indelsieve_median.loci_info	/raid/kang/DelSIEVE/simulation_results/IndelSIEVE_benchmark_pipeline_ld_006/benchmark_results/simulated_data/results/ado_state_dir/ado_states.0002	/raid/kang/DelSIEVE/simulation_results/IndelSIEVE_benchmark_pipeline_ld_006/benchmark_results/indelsieve/from_candidate/variant_calling/stage2/mt/no_cnv/smc_mu_ld_stage_1-smc_mu_ld_stage_2/0002/indelsieve_median.ado	4033	1214	9496	177	0.957957244655582	0.768629693157995	0.8529131859997886	0.1133520074696545	3456	1191	9886	387	0.8992974238875878	0.7437056165267915	0.8141342756183746	0.1075200866660648	367	233	14320	0	1.0	0.6116666666666667	0.7590486039296794	0.0160104445818731
40	20	2	0.001999	0.16334	3e-05	7.5e-06	0.0	0002	sieve	candidate_snvs	smc_mu_sa_stage_1-smc_mu_sa_stage_2	mt	no_cnv	/raid/kang/DelSIEVE/simulation_results/IndelSIEVE_benchmark_pipeline_ld_006/benchmark_results/simulated_data/results/cell_names	/raid/kang/DelSIEVE/simulation_results/IndelSIEVE_benchmark_pipeline_ld_006/benchmark_results/indelsieve/from_candidate/variant_calling/stage2/mt/no_cnv/smc_mu_sa_stage_1-smc_mu_sa_stage_2/0002/indelsieve_median.cell_names	/raid/kang/DelSIEVE/simulation_results/IndelSIEVE_benchmark_pipeline_ld_006/benchmark_results/indelsieve/from_candidate/variant_calling/stage2/mt/no_cnv/smc_mu_sa_stage_1-smc_mu_sa_stage_2/0002/indelsieve_median.loci_info	/raid/kang/DelSIEVE/simulation_results/IndelSIEVE_benchmark_pipeline_ld_006/benchmark_results/simulated_data/results/ado_state_dir/ado_states.0002	/raid/kang/DelSIEVE/simulation_results/IndelSIEVE_benchmark_pipeline_ld_006/benchmark_results/indelsieve/from_candidate/variant_calling/stage2/mt/no_cnv/smc_mu_sa_stage_1-smc_mu_sa_stage_2/0002/indelsieve_median.ado	2812	641	10069	1398	0.6679334916864608	0.8143643208803939	0.7339162208012527	0.0598506069094304	2445	1008	10069	1398	0.6362217017954723	0.7080799304952216	0.6702302631578948	0.090999368059944	0	0	14553	367	0.0	NA	NA	0.0
40	20	2	0.001999	0.16334	3e-05	7.5e-06	0.0	0002	indelsieve	candidate_snvs	smc_mudel_ld_stage_1-smc_mudel_ld_stage_2	mt	no_cnv	/raid/kang/DelSIEVE/simulation_results/IndelSIEVE_benchmark_pipeline_ld_006/benchmark_results/simulated_data/results/cell_names	/raid/kang/DelSIEVE/simulation_results/IndelSIEVE_benchmark_pipeline_ld_006/benchmark_results/indelsieve/from_candidate/variant_calling/stage2/mt/no_cnv/smc_mudel_ld_stage_1-smc_mudel_ld_stage_2/0002/indelsieve_median.cell_names	/raid/kang/DelSIEVE/simulation_results/IndelSIEVE_benchmark_pipeline_ld_006/benchmark_results/indelsieve/from_candidate/variant_calling/stage2/mt/no_cnv/smc_mudel_ld_stage_1-smc_mudel_ld_stage_2/0002/indelsieve_median.loci_info	/raid/kang/DelSIEVE/simulation_results/IndelSIEVE_benchmark_pipeline_ld_006/benchmark_results/simulated_data/results/ado_state_dir/ado_states.0002	/raid/kang/DelSIEVE/simulation_results/IndelSIEVE_benchmark_pipeline_ld_006/benchmark_results/indelsieve/from_candidate/variant_calling/stage2/mt/no_cnv/smc_mudel_ld_stage_1-smc_mudel_ld_stage_2/0002/indelsieve_median.ado	4000	500	10210	210	0.9501187648456056	0.8888888888888888	0.9184845005740528	0.0466853408029878	3561	496	10581	282	0.9266198282591726	0.8777421740202119	0.9015189873417722	0.044777466823147	367	76	14477	0	1.0	0.8284424379232506	0.9061728395061728	0.0052222909365766
40	20	2	0.001999	0.16334	3e-05	7.5e-06	0.0	0002	indelsieve	candidate_snvs	smc_mudel_sa_stage_1-smc_mudel_sa_stage_2	mt	no_cnv	/raid/kang/DelSIEVE/simulation_results/IndelSIEVE_benchmark_pipeline_ld_006/benchmark_results/simulated_data/results/cell_names	/raid/kang/DelSIEVE/simulation_results/IndelSIEVE_benchmark_pipeline_ld_006/benchmark_results/indelsieve/from_candidate/variant_calling/stage2/mt/no_cnv/smc_mudel_sa_stage_1-smc_mudel_sa_stage_2/0002/indelsieve_median.cell_names	/raid/kang/DelSIEVE/simulation_results/IndelSIEVE_benchmark_pipeline_ld_006/benchmark_results/indelsieve/from_candidate/variant_calling/stage2/mt/no_cnv/smc_mudel_sa_stage_1-smc_mudel_sa_stage_2/0002/indelsieve_median.loci_info	/raid/kang/DelSIEVE/simulation_results/IndelSIEVE_benchmark_pipeline_ld_006/benchmark_results/simulated_data/results/ado_state_dir/ado_states.0002	/raid/kang/DelSIEVE/simulation_results/IndelSIEVE_benchmark_pipeline_ld_006/benchmark_results/indelsieve/from_candidate/variant_calling/stage2/mt/no_cnv/smc_mudel_sa_stage_1-smc_mudel_sa_stage_2/0002/indelsieve_median.ado	3867	353	10357	343	0.9185273159144892	0.916350710900474	0.9174377224199288	0.0329598506069094	3500	720	10357	343	0.9107468123861566	0.8293838862559242	0.8681632146843606	0.0649995486142457	0	0	14553	367	0.0	NA	NA	0.0
40	20	2	0.001999	0.16334	3e-05	7.5e-06	0.0	0003	sieve	candidate_snvs	smc_mu_ld_stage_1-smc_mu_ld_stage_2	mt	no_cnv	/raid/kang/DelSIEVE/simulation_results/IndelSIEVE_benchmark_pipeline_ld_006/benchmark_results/simulated_data/results/cell_names	/raid/kang/DelSIEVE/simulation_results/IndelSIEVE_benchmark_pipeline_ld_006/benchmark_results/indelsieve/from_candidate/variant_calling/stage2/mt/no_cnv/smc_mu_ld_stage_1-smc_mu_ld_stage_2/0003/indelsieve_median.cell_names	/raid/kang/DelSIEVE/simulation_results/IndelSIEVE_benchmark_pipeline_ld_006/benchmark_results/indelsieve/from_candidate/variant_calling/stage2/mt/no_cnv/smc_mu_ld_stage_1-smc_mu_ld_stage_2/0003/indelsieve_median.loci_info	/raid/kang/DelSIEVE/simulation_results/IndelSIEVE_benchmark_pipeline_ld_006/benchmark_results/simulated_data/results/ado_state_dir/ado_states.0003	/raid/kang/DelSIEVE/simulation_results/IndelSIEVE_benchmark_pipeline_ld_006/benchmark_results/indelsieve/from_candidate/variant_calling/stage2/mt/no_cnv/smc_mu_ld_stage_1-smc_mu_ld_stage_2/0003/indelsieve_median.ado	2855	1517	6028	80	0.9727427597955708	0.6530192131747484	0.7814424524428629	0.2010603048376408	2325	1477	6298	380	0.8595194085027726	0.6115202524986849	0.7146150299677271	0.189967845659164	230	340	9910	0	1.0	0.4035087719298245	0.575	0.033170731707317
40	20	2	0.001999	0.16334	3e-05	7.5e-06	0.0	0003	sieve	candidate_snvs	smc_mu_sa_stage_1-smc_mu_sa_stage_2	mt	no_cnv	/raid/kang/DelSIEVE/simulation_results/IndelSIEVE_benchmark_pipeline_ld_006/benchmark_results/simulated_data/results/cell_names	/raid/kang/DelSIEVE/simulation_results/IndelSIEVE_benchmark_pipeline_ld_006/benchmark_results/indelsieve/from_candidate/variant_calling/stage2/mt/no_cnv/smc_mu_sa_stage_1-smc_mu_sa_stage_2/0003/indelsieve_median.cell_names	/raid/kang/DelSIEVE/simulation_results/IndelSIEVE_benchmark_pipeline_ld_006/benchmark_results/indelsieve/from_candidate/variant_calling/stage2/mt/no_cnv/smc_mu_sa_stage_1-smc_mu_sa_stage_2/0003/indelsieve_median.loci_info	/raid/kang/DelSIEVE/simulation_results/IndelSIEVE_benchmark_pipeline_ld_006/benchmark_results/simulated_data/results/ado_state_dir/ado_states.0003	/raid/kang/DelSIEVE/simulation_results/IndelSIEVE_benchmark_pipeline_ld_006/benchmark_results/indelsieve/from_candidate/variant_calling/stage2/mt/no_cnv/smc_mu_sa_stage_1-smc_mu_sa_stage_2/0003/indelsieve_median.ado	2064	710	6835	871	0.703236797274276	0.7440519105984138	0.7230688386757751	0.0941020543406229	1834	940	6835	871	0.678003696857671	0.6611391492429705	0.6694652308815479	0.1209003215434083	0	0	10250	230	0.0	NA	NA	0.0
40	20	2	0.001999	0.16334	3e-05	7.5e-06	0.0	0003	indelsieve	candidate_snvs	smc_mudel_ld_stage_1-smc_mudel_ld_stage_2	mt	no_cnv	/raid/kang/DelSIEVE/simulation_results/IndelSIEVE_benchmark_pipeline_ld_006/benchmark_results/simulated_data/results/cell_names	/raid/kang/DelSIEVE/simulation_results/IndelSIEVE_benchmark_pipeline_ld_006/benchmark_results/indelsieve/from_candidate/variant_calling/stage2/mt/no_cnv/smc_mudel_ld_stage_1-smc_mudel_ld_stage_2/0003/indelsieve_median.cell_names	/raid/kang/DelSIEVE/simulation_results/IndelSIEVE_benchmark_pipeline_ld_006/benchmark_results/indelsieve/from_candidate/variant_calling/stage2/mt/no_cnv/smc_mudel_ld_stage_1-smc_mudel_ld_stage_2/0003/indelsieve_median.loci_info	/raid/kang/DelSIEVE/simulation_results/IndelSIEVE_benchmark_pipeline_ld_006/benchmark_results/simulated_data/results/ado_state_dir/ado_states.0003	/raid/kang/DelSIEVE/simulation_results/IndelSIEVE_benchmark_pipeline_ld_006/benchmark_results/indelsieve/from_candidate/variant_calling/stage2/mt/no_cnv/smc_mudel_ld_stage_1-smc_mudel_ld_stage_2/0003/indelsieve_median.ado	2816	294	7251	119	0.9594548551959114	0.9054662379421222	0.9316790736145576	0.0389662027833002	2560	294	7481	145	0.9463955637707948	0.8969866853538893	0.921028962043533	0.0378135048231511	229	27	10223	1	0.9956521739130436	0.89453125	0.9423868312757202	0.0026341463414634
40	20	2	0.001999	0.16334	3e-05	7.5e-06	0.0	0003	indelsieve	candidate_snvs	smc_mudel_sa_stage_1-smc_mudel_sa_stage_2	mt	no_cnv	/raid/kang/DelSIEVE/simulation_results/IndelSIEVE_benchmark_pipeline_ld_006/benchmark_results/simulated_data/results/cell_names	/raid/kang/DelSIEVE/simulation_results/IndelSIEVE_benchmark_pipeline_ld_006/benchmark_results/indelsieve/from_candidate/variant_calling/stage2/mt/no_cnv/smc_mudel_sa_stage_1-smc_mudel_sa_stage_2/0003/indelsieve_median.cell_names	/raid/kang/DelSIEVE/simulation_results/IndelSIEVE_benchmark_pipeline_ld_006/benchmark_results/indelsieve/from_candidate/variant_calling/stage2/mt/no_cnv/smc_mudel_sa_stage_1-smc_mudel_sa_stage_2/0003/indelsieve_median.loci_info	/raid/kang/DelSIEVE/simulation_results/IndelSIEVE_benchmark_pipeline_ld_006/benchmark_results/simulated_data/results/ado_state_dir/ado_states.0003	/raid/kang/DelSIEVE/simulation_results/IndelSIEVE_benchmark_pipeline_ld_006/benchmark_results/indelsieve/from_candidate/variant_calling/stage2/mt/no_cnv/smc_mudel_sa_stage_1-smc_mudel_sa_stage_2/0003/indelsieve_median.ado	2727	243	7302	208	0.9291311754684838	0.9181818181818182	0.9236240474174428	0.0322067594433399	2497	473	7302	208	0.9231053604436228	0.8407407407407408	0.88	0.0608360128617363	0	0	10250	230	0.0	NA	NA	0.0
40	20	2	0.001999	0.16334	3e-05	7.5e-06	0.0	0004	sieve	candidate_snvs	smc_mu_ld_stage_1-smc_mu_ld_stage_2	mt	no_cnv	/raid/kang/DelSIEVE/simulation_results/IndelSIEVE_benchmark_pipeline_ld_006/benchmark_results/simulated_data/results/cell_names	/raid/kang/DelSIEVE/simulation_results/IndelSIEVE_benchmark_pipeline_ld_006/benchmark_results/indelsieve/from_candidate/variant_calling/stage2/mt/no_cnv/smc_mu_ld_stage_1-smc_mu_ld_stage_2/0004/indelsieve_median.cell_names	/raid/kang/DelSIEVE/simulation_results/IndelSIEVE_benchmark_pipeline_ld_006/benchmark_results/indelsieve/from_candidate/variant_calling/stage2/mt/no_cnv/smc_mu_ld_stage_1-smc_mu_ld_stage_2/0004/indelsieve_median.loci_info	/raid/kang/DelSIEVE/simulation_results/IndelSIEVE_benchmark_pipeline_ld_006/benchmark_results/simulated_data/results/ado_state_dir/ado_states.0004	/raid/kang/DelSIEVE/simulation_results/IndelSIEVE_benchmark_pipeline_ld_006/benchmark_results/indelsieve/from_candidate/variant_calling/stage2/mt/no_cnv/smc_mu_ld_stage_1-smc_mu_ld_stage_2/0004/indelsieve_median.ado	3258	1503	7160	119	0.9647616227420788	0.6843100189035917	0.8006881297616121	0.1734964792796952	2736	1430	7514	360	0.8837209302325582	0.656745079212674	0.7535114293583036	0.1598837209302325	281	314	11445	0	1.0	0.4722689075630252	0.641552511415525	0.0267029509312016
40	20	2	0.001999	0.16334	3e-05	7.5e-06	0.0	0004	sieve	candidate_snvs	smc_mu_sa_stage_1-smc_mu_sa_stage_2	mt	no_cnv	/raid/kang/DelSIEVE/simulation_results/IndelSIEVE_benchmark_pipeline_ld_006/benchmark_results/simulated_data/results/cell_names	/raid/kang/DelSIEVE/simulation_results/IndelSIEVE_benchmark_pipeline_ld_006/benchmark_results/indelsieve/from_candidate/variant_calling/stage2/mt/no_cnv/smc_mu_sa_stage_1-smc_mu_sa_stage_2/0004/indelsieve_median.cell_names	/raid/kang/DelSIEVE/simulation_results/IndelSIEVE_benchmark_pipeline_ld_006/benchmark_results/indelsieve/from_candidate/variant_calling/stage2/mt/no_cnv/smc_mu_sa_stage_1-smc_mu_sa_stage_2/0004/indelsieve_median.loci_info	/raid/kang/DelSIEVE/simulation_results/IndelSIEVE_benchmark_pipeline_ld_006/benchmark_results/simulated_data/results/ado_state_dir/ado_states.0004	/raid/kang/DelSIEVE/simulation_results/IndelSIEVE_benchmark_pipeline_ld_006/benchmark_results/indelsieve/from_candidate/variant_calling/stage2/mt/no_cnv/smc_mu_sa_stage_1-smc_mu_sa_stage_2/0004/indelsieve_median.ado	2513	852	7811	864	0.7441516138584543	0.7468053491827638	0.7454761198457431	0.0983493016276116	2232	1133	7811	864	0.7209302325581395	0.663298662704309	0.6909147190837331	0.1266771019677996	0	0	11759	281	0.0	NA	NA	0.0
40	20	2	0.001999	0.16334	3e-05	7.5e-06	0.0	0004	indelsieve	candidate_snvs	smc_mudel_ld_stage_1-smc_mudel_ld_stage_2	mt	no_cnv	/raid/kang/DelSIEVE/simulation_results/IndelSIEVE_benchmark_pipeline_ld_006/benchmark_results/simulated_data/results/cell_names	/raid/kang/DelSIEVE/simulation_results/IndelSIEVE_benchmark_pipeline_ld_006/benchmark_results/indelsieve/from_candidate/variant_calling/stage2/mt/no_cnv/smc_mudel_ld_stage_1-smc_mudel_ld_stage_2/0004/indelsieve_median.cell_names	/raid/kang/DelSIEVE/simulation_results/IndelSIEVE_benchmark_pipeline_ld_006/benchmark_results/indelsieve/from_candidate/variant_calling/stage2/mt/no_cnv/smc_mudel_ld_stage_1-smc_mudel_ld_stage_2/0004/indelsieve_median.loci_info	/raid/kang/DelSIEVE/simulation_results/IndelSIEVE_benchmark_pipeline_ld_006/benchmark_results/simulated_data/results/ado_state_dir/ado_states.0004	/raid/kang/DelSIEVE/simulation_results/IndelSIEVE_benchmark_pipeline_ld_006/benchmark_results/indelsieve/from_candidate/variant_calling/stage2/mt/no_cnv/smc_mudel_ld_stage_1-smc_mudel_ld_stage_2/0004/indelsieve_median.ado	3228	334	8329	149	0.9558779982232752	0.9062324536777092	0.9303934284479032	0.0385547731732656	2921	329	8615	175	0.9434754521963824	0.8987692307692308	0.9205798928458871	0.0367844364937388	281	31	11728	0	1.0	0.9006410256410257	0.9477234401349072	0.0026362785951186
40	20	2	0.001999	0.16334	3e-05	7.5e-06	0.0	0004	indelsieve	candidate_snvs	smc_mudel_sa_stage_1-smc_mudel_sa_stage_2	mt	no_cnv	/raid/kang/DelSIEVE/simulation_results/IndelSIEVE_benchmark_pipeline_ld_006/benchmark_results/simulated_data/results/cell_names	/raid/kang/DelSIEVE/simulation_results/IndelSIEVE_benchmark_pipeline_ld_006/benchmark_results/indelsieve/from_candidate/variant_calling/stage2/mt/no_cnv/smc_mudel_sa_stage_1-smc_mudel_sa_stage_2/0004/indelsieve_median.cell_names	/raid/kang/DelSIEVE/simulation_results/IndelSIEVE_benchmark_pipeline_ld_006/benchmark_results/indelsieve/from_candidate/variant_calling/stage2/mt/no_cnv/smc_mudel_sa_stage_1-smc_mudel_sa_stage_2/0004/indelsieve_median.loci_info	/raid/kang/DelSIEVE/simulation_results/IndelSIEVE_benchmark_pipeline_ld_006/benchmark_results/simulated_data/results/ado_state_dir/ado_states.0004	/raid/kang/DelSIEVE/simulation_results/IndelSIEVE_benchmark_pipeline_ld_006/benchmark_results/indelsieve/from_candidate/variant_calling/stage2/mt/no_cnv/smc_mudel_sa_stage_1-smc_mudel_sa_stage_2/0004/indelsieve_median.ado	3136	271	8392	241	0.9286348830322771	0.920457880833578	0.9245283018867924	0.0312824656585478	2855	552	8392	241	0.922157622739018	0.8379806281185794	0.878056281716131	0.0617173524150268	0	0	11759	281	0.0	NA	NA	0.0
40	20	2	0.001999	0.16334	3e-05	7.5e-06	0.0	0005	sieve	candidate_snvs	smc_mu_ld_stage_1-smc_mu_ld_stage_2	mt	no_cnv	/raid/kang/DelSIEVE/simulation_results/IndelSIEVE_benchmark_pipeline_ld_006/benchmark_results/simulated_data/results/cell_names	/raid/kang/DelSIEVE/simulation_results/IndelSIEVE_benchmark_pipeline_ld_006/benchmark_results/indelsieve/from_candidate/variant_calling/stage2/mt/no_cnv/smc_mu_ld_stage_1-smc_mu_ld_stage_2/0005/indelsieve_median.cell_names	/raid/kang/DelSIEVE/simulation_results/IndelSIEVE_benchmark_pipeline_ld_006/benchmark_results/indelsieve/from_candidate/variant_calling/stage2/mt/no_cnv/smc_mu_ld_stage_1-smc_mu_ld_stage_2/0005/indelsieve_median.loci_info	/raid/kang/DelSIEVE/simulation_results/IndelSIEVE_benchmark_pipeline_ld_006/benchmark_results/simulated_data/results/ado_state_dir/ado_states.0005	/raid/kang/DelSIEVE/simulation_results/IndelSIEVE_benchmark_pipeline_ld_006/benchmark_results/indelsieve/from_candidate/variant_calling/stage2/mt/no_cnv/smc_mu_ld_stage_1-smc_mu_ld_stage_2/0005/indelsieve_median.ado	3503	1346	8210	181	0.9508686210640608	0.7224169931944731	0.8210476971756709	0.1408539137714524	2982	1335	8537	386	0.8853919239904988	0.6907574704656011	0.7760572543916721	0.1352309562398703	316	216	12708	0	1.0	0.5939849624060151	0.7452830188679245	0.0167130919220055
40	20	2	0.001999	0.16334	3e-05	7.5e-06	0.0	0005	sieve	candidate_snvs	smc_mu_sa_stage_1-smc_mu_sa_stage_2	mt	no_cnv	/raid/kang/DelSIEVE/simulation_results/IndelSIEVE_benchmark_pipeline_ld_006/benchmark_results/simulated_data/results/cell_names	/raid/kang/DelSIEVE/simulation_results/IndelSIEVE_benchmark_pipeline_ld_006/benchmark_results/indelsieve/from_candidate/variant_calling/stage2/mt/no_cnv/smc_mu_sa_stage_1-smc_mu_sa_stage_2/0005/indelsieve_median.cell_names	/raid/kang/DelSIEVE/simulation_results/IndelSIEVE_benchmark_pipeline_ld_006/benchmark_results/indelsieve/from_candidate/variant_calling/stage2/mt/no_cnv/smc_mu_sa_stage_1-smc_mu_sa_stage_2/0005/indelsieve_median.loci_info	/raid/kang/DelSIEVE/simulation_results/IndelSIEVE_benchmark_pipeline_ld_006/benchmark_results/simulated_data/results/ado_state_dir/ado_states.0005	/raid/kang/DelSIEVE/simulation_results/IndelSIEVE_benchmark_pipeline_ld_006/benchmark_results/indelsieve/from_candidate/variant_calling/stage2/mt/no_cnv/smc_mu_sa_stage_1-smc_mu_sa_stage_2/0005/indelsieve_median.ado	2543	718	8838	1141	0.6902823018458197	0.7798221404477155	0.7323254139668826	0.0751360401841774	2227	1034	8838	1141	0.6612232779097387	0.682919349892671	0.6718962136068788	0.104740680713128	0	0	12924	316	0.0	NA	NA	0.0
40	20	2	0.001999	0.16334	3e-05	7.5e-06	0.0	0005	indelsieve	candidate_snvs	smc_mudel_ld_stage_1-smc_mudel_ld_stage_2	mt	no_cnv	/raid/kang/DelSIEVE/simulation_results/IndelSIEVE_benchmark_pipeline_ld_006/benchmark_results/simulated_data/results/cell_names	/raid/kang/DelSIEVE/simulation_results/IndelSIEVE_benchmark_pipeline_ld_006/benchmark_results/indelsieve/from_candidate/variant_calling/stage2/mt/no_cnv/smc_mudel_ld_stage_1-smc_mudel_ld_stage_2/0005/indelsieve_median.cell_names	/raid/kang/DelSIEVE/simulation_results/IndelSIEVE_benchmark_pipeline_ld_006/benchmark_results/indelsieve/from_candidate/variant_calling/stage2/mt/no_cnv/smc_mudel_ld_stage_1-smc_mudel_ld_stage_2/0005/indelsieve_median.loci_info	/raid/kang/DelSIEVE/simulation_results/IndelSIEVE_benchmark_pipeline_ld_006/benchmark_results/simulated_data/results/ado_state_dir/ado_states.0005	/raid/kang/DelSIEVE/simulation_results/IndelSIEVE_benchmark_pipeline_ld_006/benchmark_results/indelsieve/from_candidate/variant_calling/stage2/mt/no_cnv/smc_mudel_ld_stage_1-smc_mudel_ld_stage_2/0005/indelsieve_median.ado	3432	326	9230	252	0.9315960912052116	0.9132517296434274	0.9223327062617576	0.0341146923398911	3083	326	9546	285	0.9153800475059384	0.904370783220886	0.909842113029364	0.0330226904376012	314	35	12889	2	0.9936708860759492	0.8997134670487106	0.9443609022556392	0.0027081398947694
40	20	2	0.001999	0.16334	3e-05	7.5e-06	0.0	0005	indelsieve	candidate_snvs	smc_mudel_sa_stage_1-smc_mudel_sa_stage_2	mt	no_cnv	/raid/kang/DelSIEVE/simulation_results/IndelSIEVE_benchmark_pipeline_ld_006/benchmark_results/simulated_data/results/cell_names	/raid/kang/DelSIEVE/simulation_results/IndelSIEVE_benchmark_pipeline_ld_006/benchmark_results/indelsieve/from_candidate/variant_calling/stage2/mt/no_cnv/smc_mudel_sa_stage_1-smc_mudel_sa_stage_2/0005/indelsieve_median.cell_names	/raid/kang/DelSIEVE/simulation_results/IndelSIEVE_benchmark_pipeline_ld_006/benchmark_results/indelsieve/from_candidate/variant_calling/stage2/mt/no_cnv/smc_mudel_sa_stage_1-smc_mudel_sa_stage_2/0005/indelsieve_median.loci_info	/raid/kang/DelSIEVE/simulation_results/IndelSIEVE_benchmark_pipeline_ld_006/benchmark_results/simulated_data/results/ado_state_dir/ado_states.0005	/raid/kang/DelSIEVE/simulation_results/IndelSIEVE_benchmark_pipeline_ld_006/benchmark_results/indelsieve/from_candidate/variant_calling/stage2/mt/no_cnv/smc_mudel_sa_stage_1-smc_mudel_sa_stage_2/0005/indelsieve_median.ado	3331	256	9300	353	0.9041802388707926	0.9286311681070532	0.9162426076193096	0.0267894516534114	3015	572	9300	353	0.8951900237529691	0.840535266239197	0.8670021567217828	0.0579416531604538	0	0	12924	316	0.0	NA	NA	0.0
40	20	2	0.001999	0.16334	3e-05	7.5e-06	0.0	0006	sieve	candidate_snvs	smc_mu_ld_stage_1-smc_mu_ld_stage_2	mt	no_cnv	/raid/kang/DelSIEVE/simulation_results/IndelSIEVE_benchmark_pipeline_ld_006/benchmark_results/simulated_data/results/cell_names	/raid/kang/DelSIEVE/simulation_results/IndelSIEVE_benchmark_pipeline_ld_006/benchmark_results/indelsieve/from_candidate/variant_calling/stage2/mt/no_cnv/smc_mu_ld_stage_1-smc_mu_ld_stage_2/0006/indelsieve_median.cell_names	/raid/kang/DelSIEVE/simulation_results/IndelSIEVE_benchmark_pipeline_ld_006/benchmark_results/indelsieve/from_candidate/variant_calling/stage2/mt/no_cnv/smc_mu_ld_stage_1-smc_mu_ld_stage_2/0006/indelsieve_median.loci_info	/raid/kang/DelSIEVE/simulation_results/IndelSIEVE_benchmark_pipeline_ld_006/benchmark_results/simulated_data/results/ado_state_dir/ado_states.0006	/raid/kang/DelSIEVE/simulation_results/IndelSIEVE_benchmark_pipeline_ld_006/benchmark_results/indelsieve/from_candidate/variant_calling/stage2/mt/no_cnv/smc_mu_ld_stage_1-smc_mu_ld_stage_2/0006/indelsieve_median.ado	3031	1382	6266	81	0.9739717223650386	0.6868343530478133	0.8055813953488371	0.1807008368200836	2564	1328	6560	308	0.8927576601671309	0.6587872559095581	0.7581312832643406	0.1683569979716024	240	281	10239	0	1.0	0.4606525911708253	0.630749014454665	0.0267110266159695
40	20	2	0.001999	0.16334	3e-05	7.5e-06	0.0	0006	sieve	candidate_snvs	smc_mu_sa_stage_1-smc_mu_sa_stage_2	mt	no_cnv	/raid/kang/DelSIEVE/simulation_results/IndelSIEVE_benchmark_pipeline_ld_006/benchmark_results/simulated_data/results/cell_names	/raid/kang/DelSIEVE/simulation_results/IndelSIEVE_benchmark_pipeline_ld_006/benchmark_results/indelsieve/from_candidate/variant_calling/stage2/mt/no_cnv/smc_mu_sa_stage_1-smc_mu_sa_stage_2/0006/indelsieve_median.cell_names	/raid/kang/DelSIEVE/simulation_results/IndelSIEVE_benchmark_pipeline_ld_006/benchmark_results/indelsieve/from_candidate/variant_calling/stage2/mt/no_cnv/smc_mu_sa_stage_1-smc_mu_sa_stage_2/0006/indelsieve_median.loci_info	/raid/kang/DelSIEVE/simulation_results/IndelSIEVE_benchmark_pipeline_ld_006/benchmark_results/simulated_data/results/ado_state_dir/ado_states.0006	/raid/kang/DelSIEVE/simulation_results/IndelSIEVE_benchmark_pipeline_ld_006/benchmark_results/indelsieve/from_candidate/variant_calling/stage2/mt/no_cnv/smc_mu_sa_stage_1-smc_mu_sa_stage_2/0006/indelsieve_median.ado	2244	818	6830	868	0.7210796915167095	0.7328543435662965	0.726919339164237	0.1069560669456066	2004	1058	6830	868	0.6977715877437326	0.6544741998693664	0.6754297269969666	0.1341277890466531	0	0	10520	240	0.0	NA	NA	0.0
40	20	2	0.001999	0.16334	3e-05	7.5e-06	0.0	0006	indelsieve	candidate_snvs	smc_mudel_ld_stage_1-smc_mudel_ld_stage_2	mt	no_cnv	/raid/kang/DelSIEVE/simulation_results/IndelSIEVE_benchmark_pipeline_ld_006/benchmark_results/simulated_data/results/cell_names	/raid/kang/DelSIEVE/simulation_results/IndelSIEVE_benchmark_pipeline_ld_006/benchmark_results/indelsieve/from_candidate/variant_calling/stage2/mt/no_cnv/smc_mudel_ld_stage_1-smc_mudel_ld_stage_2/0006/indelsieve_median.cell_names	/raid/kang/DelSIEVE/simulation_results/IndelSIEVE_benchmark_pipeline_ld_006/benchmark_results/indelsieve/from_candidate/variant_calling/stage2/mt/no_cnv/smc_mudel_ld_stage_1-smc_mudel_ld_stage_2/0006/indelsieve_median.loci_info	/raid/kang/DelSIEVE/simulation_results/IndelSIEVE_benchmark_pipeline_ld_006/benchmark_results/simulated_data/results/ado_state_dir/ado_states.0006	/raid/kang/DelSIEVE/simulation_results/IndelSIEVE_benchmark_pipeline_ld_006/benchmark_results/indelsieve/from_candidate/variant_calling/stage2/mt/no_cnv/smc_mudel_ld_stage_1-smc_mudel_ld_stage_2/0006/indelsieve_median.ado	2998	300	7348	114	0.9633676092544988	0.9090357792601576	0.9354134165366614	0.0392259414225941	2717	300	7588	155	0.9460306406685236	0.9005634736493205	0.9227373068432672	0.0380324543610547	240	41	10479	0	1.0	0.8540925266903915	0.9213051823416508	0.0038973384030418
40	20	2	0.001999	0.16334	3e-05	7.5e-06	0.0	0006	indelsieve	candidate_snvs	smc_mudel_sa_stage_1-smc_mudel_sa_stage_2	mt	no_cnv	/raid/kang/DelSIEVE/simulation_results/IndelSIEVE_benchmark_pipeline_ld_006/benchmark_results/simulated_data/results/cell_names	/raid/kang/DelSIEVE/simulation_results/IndelSIEVE_benchmark_pipeline_ld_006/benchmark_results/indelsieve/from_candidate/variant_calling/stage2/mt/no_cnv/smc_mudel_sa_stage_1-smc_mudel_sa_stage_2/0006/indelsieve_median.cell_names	/raid/kang/DelSIEVE/simulation_results/IndelSIEVE_benchmark_pipeline_ld_006/benchmark_results/indelsieve/from_candidate/variant_calling/stage2/mt/no_cnv/smc_mudel_sa_stage_1-smc_mudel_sa_stage_2/0006/indelsieve_median.loci_info	/raid/kang/DelSIEVE/simulation_results/IndelSIEVE_benchmark_pipeline_ld_006/benchmark_results/simulated_data/results/ado_state_dir/ado_states.0006	/raid/kang/DelSIEVE/simulation_results/IndelSIEVE_benchmark_pipeline_ld_006/benchmark_results/indelsieve/from_candidate/variant_calling/stage2/mt/no_cnv/smc_mudel_sa_stage_1-smc_mudel_sa_stage_2/0006/indelsieve_median.ado	2906	221	7427	206	0.9338046272493572	0.929325231851615	0.9315595447988458	0.0288964435146443	2666	461	7427	206	0.9282729805013928	0.8525743524144548	0.8888148024670779	0.0584432048681541	0	0	10520	240	0.0	NA	NA	0.0
40	20	2	0.001999	0.16334	3e-05	7.5e-06	0.0	0007	sieve	candidate_snvs	smc_mu_ld_stage_1-smc_mu_ld_stage_2	mt	no_cnv	/raid/kang/DelSIEVE/simulation_results/IndelSIEVE_benchmark_pipeline_ld_006/benchmark_results/simulated_data/results/cell_names	/raid/kang/DelSIEVE/simulation_results/IndelSIEVE_benchmark_pipeline_ld_006/benchmark_results/indelsieve/from_candidate/variant_calling/stage2/mt/no_cnv/smc_mu_ld_stage_1-smc_mu_ld_stage_2/0007/indelsieve_median.cell_names	/raid/kang/DelSIEVE/simulation_results/IndelSIEVE_benchmark_pipeline_ld_006/benchmark_results/indelsieve/from_candidate/variant_calling/stage2/mt/no_cnv/smc_mu_ld_stage_1-smc_mu_ld_stage_2/0007/indelsieve_median.loci_info	/raid/kang/DelSIEVE/simulation_results/IndelSIEVE_benchmark_pipeline_ld_006/benchmark_results/simulated_data/results/ado_state_dir/ado_states.0007	/raid/kang/DelSIEVE/simulation_results/IndelSIEVE_benchmark_pipeline_ld_006/benchmark_results/indelsieve/from_candidate/variant_calling/stage2/mt/no_cnv/smc_mu_ld_stage_1-smc_mu_ld_stage_2/0007/indelsieve_median.ado	6393	1745	14831	271	0.9593337334933972	0.7855738510690587	0.8638021888933928	0.1052726833976833	5550	1702	15421	567	0.9073075036782736	0.7653061224489796	0.8302790036651955	0.0993984698942942	547	339	22354	0	1.0	0.6173814898419865	0.7634333565945569	0.0149385272991671
40	20	2	0.001999	0.16334	3e-05	7.5e-06	0.0	0007	sieve	candidate_snvs	smc_mu_sa_stage_1-smc_mu_sa_stage_2	mt	no_cnv	/raid/kang/DelSIEVE/simulation_results/IndelSIEVE_benchmark_pipeline_ld_006/benchmark_results/simulated_data/results/cell_names	/raid/kang/DelSIEVE/simulation_results/IndelSIEVE_benchmark_pipeline_ld_006/benchmark_results/indelsieve/from_candidate/variant_calling/stage2/mt/no_cnv/smc_mu_sa_stage_1-smc_mu_sa_stage_2/0007/indelsieve_median.cell_names	/raid/kang/DelSIEVE/simulation_results/IndelSIEVE_benchmark_pipeline_ld_006/benchmark_results/indelsieve/from_candidate/variant_calling/stage2/mt/no_cnv/smc_mu_sa_stage_1-smc_mu_sa_stage_2/0007/indelsieve_median.loci_info	/raid/kang/DelSIEVE/simulation_results/IndelSIEVE_benchmark_pipeline_ld_006/benchmark_results/simulated_data/results/ado_state_dir/ado_states.0007	/raid/kang/DelSIEVE/simulation_results/IndelSIEVE_benchmark_pipeline_ld_006/benchmark_results/indelsieve/from_candidate/variant_calling/stage2/mt/no_cnv/smc_mu_sa_stage_1-smc_mu_sa_stage_2/0007/indelsieve_median.ado	4723	977	15599	1941	0.7087334933973589	0.8285964912280702	0.7639922355224846	0.058940637065637	4176	1524	15599	1941	0.6826875919568416	0.7326315789473684	0.7067783701447067	0.0890030952520002	0	0	22693	547	0.0	NA	NA	0.0
40	20	2	0.001999	0.16334	3e-05	7.5e-06	0.0	0007	indelsieve	candidate_snvs	smc_mudel_ld_stage_1-smc_mudel_ld_stage_2	mt	no_cnv	/raid/kang/DelSIEVE/simulation_results/IndelSIEVE_benchmark_pipeline_ld_006/benchmark_results/simulated_data/results/cell_names	/raid/kang/DelSIEVE/simulation_results/IndelSIEVE_benchmark_pipeline_ld_006/benchmark_results/indelsieve/from_candidate/variant_calling/stage2/mt/no_cnv/smc_mudel_ld_stage_1-smc_mudel_ld_stage_2/0007/indelsieve_median.cell_names	/raid/kang/DelSIEVE/simulation_results/IndelSIEVE_benchmark_pipeline_ld_006/benchmark_results/indelsieve/from_candidate/variant_calling/stage2/mt/no_cnv/smc_mudel_ld_stage_1-smc_mudel_ld_stage_2/0007/indelsieve_median.loci_info	/raid/kang/DelSIEVE/simulation_results/IndelSIEVE_benchmark_pipeline_ld_006/benchmark_results/simulated_data/results/ado_state_dir/ado_states.0007	/raid/kang/DelSIEVE/simulation_results/IndelSIEVE_benchmark_pipeline_ld_006/benchmark_results/indelsieve/from_candidate/variant_calling/stage2/mt/no_cnv/smc_mudel_ld_stage_1-smc_mudel_ld_stage_2/0007/indelsieve_median.ado	6341	563	16013	323	0.951530612244898	0.9184530706836616	0.93469929245283	0.0339647683397683	5723	563	16560	394	0.9355893411803172	0.91043588927776	0.9228412480851408	0.0328797523798399	543	75	22618	4	0.9926873857404022	0.8786407766990292	0.9321888412017167	0.0033049839157449
40	20	2	0.001999	0.16334	3e-05	7.5e-06	0.0	0007	indelsieve	candidate_snvs	smc_mudel_sa_stage_1-smc_mudel_sa_stage_2	mt	no_cnv	/raid/kang/DelSIEVE/simulation_results/IndelSIEVE_benchmark_pipeline_ld_006/benchmark_results/simulated_data/results/cell_names	/raid/kang/DelSIEVE/simulation_results/IndelSIEVE_benchmark_pipeline_ld_006/benchmark_results/indelsieve/from_candidate/variant_calling/stage2/mt/no_cnv/smc_mudel_sa_stage_1-smc_mudel_sa_stage_2/0007/indelsieve_median.cell_names	/raid/kang/DelSIEVE/simulation_results/IndelSIEVE_benchmark_pipeline_ld_006/benchmark_results/indelsieve/from_candidate/variant_calling/stage2/mt/no_cnv/smc_mudel_sa_stage_1-smc_mudel_sa_stage_2/0007/indelsieve_median.loci_info	/raid/kang/DelSIEVE/simulation_results/IndelSIEVE_benchmark_pipeline_ld_006/benchmark_results/simulated_data/results/ado_state_dir/ado_states.0007	/raid/kang/DelSIEVE/simulation_results/IndelSIEVE_benchmark_pipeline_ld_006/benchmark_results/indelsieve/from_candidate/variant_calling/stage2/mt/no_cnv/smc_mudel_sa_stage_1-smc_mudel_sa_stage_2/0007/indelsieve_median.ado	6179	430	16146	485	0.927220888355342	0.9349372068391588	0.9310630603480752	0.0259411196911196	5632	977	16146	485	0.9207127676965832	0.8521712815857164	0.8851170831368851	0.0570577585703439	0	0	22693	547	0.0	NA	NA	0.0
40	20	2	0.001999	0.16334	3e-05	7.5e-06	0.0	0008	sieve	candidate_snvs	smc_mu_ld_stage_1-smc_mu_ld_stage_2	mt	no_cnv	/raid/kang/DelSIEVE/simulation_results/IndelSIEVE_benchmark_pipeline_ld_006/benchmark_results/simulated_data/results/cell_names	/raid/kang/DelSIEVE/simulation_results/IndelSIEVE_benchmark_pipeline_ld_006/benchmark_results/indelsieve/from_candidate/variant_calling/stage2/mt/no_cnv/smc_mu_ld_stage_1-smc_mu_ld_stage_2/0008/indelsieve_median.cell_names	/raid/kang/DelSIEVE/simulation_results/IndelSIEVE_benchmark_pipeline_ld_006/benchmark_results/indelsieve/from_candidate/variant_calling/stage2/mt/no_cnv/smc_mu_ld_stage_1-smc_mu_ld_stage_2/0008/indelsieve_median.loci_info	/raid/kang/DelSIEVE/simulation_results/IndelSIEVE_benchmark_pipeline_ld_006/benchmark_results/simulated_data/results/ado_state_dir/ado_states.0008	/raid/kang/DelSIEVE/simulation_results/IndelSIEVE_benchmark_pipeline_ld_006/benchmark_results/indelsieve/from_candidate/variant_calling/stage2/mt/no_cnv/smc_mu_ld_stage_1-smc_mu_ld_stage_2/0008/indelsieve_median.ado	6245	1677	14567	311	0.952562538133008	0.7883110325675334	0.8626882166045033	0.1032381186899778	5414	1607	15159	620	0.8972489227709646	0.7711152257513175	0.8294140176177711	0.095848741500656	522	379	21899	0	1.0	0.5793562708102109	0.7336612789880534	0.0170122991291857
40	20	2	0.001999	0.16334	3e-05	7.5e-06	0.0	0008	sieve	candidate_snvs	smc_mu_sa_stage_1-smc_mu_sa_stage_2	mt	no_cnv	/raid/kang/DelSIEVE/simulation_results/IndelSIEVE_benchmark_pipeline_ld_006/benchmark_results/simulated_data/results/cell_names	/raid/kang/DelSIEVE/simulation_results/IndelSIEVE_benchmark_pipeline_ld_006/benchmark_results/indelsieve/from_candidate/variant_calling/stage2/mt/no_cnv/smc_mu_sa_stage_1-smc_mu_sa_stage_2/0008/indelsieve_median.cell_names	/raid/kang/DelSIEVE/simulation_results/IndelSIEVE_benchmark_pipeline_ld_006/benchmark_results/indelsieve/from_candidate/variant_calling/stage2/mt/no_cnv/smc_mu_sa_stage_1-smc_mu_sa_stage_2/0008/indelsieve_median.loci_info	/raid/kang/DelSIEVE/simulation_results/IndelSIEVE_benchmark_pipeline_ld_006/benchmark_results/simulated_data/results/ado_state_dir/ado_states.0008	/raid/kang/DelSIEVE/simulation_results/IndelSIEVE_benchmark_pipeline_ld_006/benchmark_results/indelsieve/from_candidate/variant_calling/stage2/mt/no_cnv/smc_mu_sa_stage_1-smc_mu_sa_stage_2/0008/indelsieve_median.ado	4062	799	15445	2494	0.6195851128737034	0.8356305286977989	0.7115704650959096	0.0491873922679143	3540	1321	15445	2494	0.5866755054690089	0.7282452170335322	0.6498393758604865	0.078790409161398	0	0	22278	522	0.0	NA	NA	0.0
40	20	2	0.001999	0.16334	3e-05	7.5e-06	0.0	0008	indelsieve	candidate_snvs	smc_mudel_ld_stage_1-smc_mudel_ld_stage_2	mt	no_cnv	/raid/kang/DelSIEVE/simulation_results/IndelSIEVE_benchmark_pipeline_ld_006/benchmark_results/simulated_data/results/cell_names	/raid/kang/DelSIEVE/simulation_results/IndelSIEVE_benchmark_pipeline_ld_006/benchmark_results/indelsieve/from_candidate/variant_calling/stage2/mt/no_cnv/smc_mudel_ld_stage_1-smc_mudel_ld_stage_2/0008/indelsieve_median.cell_names	/raid/kang/DelSIEVE/simulation_results/IndelSIEVE_benchmark_pipeline_ld_006/benchmark_results/indelsieve/from_candidate/variant_calling/stage2/mt/no_cnv/smc_mudel_ld_stage_1-smc_mudel_ld_stage_2/0008/indelsieve_median.loci_info	/raid/kang/DelSIEVE/simulation_results/IndelSIEVE_benchmark_pipeline_ld_006/benchmark_results/simulated_data/results/ado_state_dir/ado_states.0008	/raid/kang/DelSIEVE/simulation_results/IndelSIEVE_benchmark_pipeline_ld_006/benchmark_results/indelsieve/from_candidate/variant_calling/stage2/mt/no_cnv/smc_mudel_ld_stage_1-smc_mudel_ld_stage_2/0008/indelsieve_median.ado	6183	705	15539	373	0.9431055521659548	0.8976480836236934	0.9198155310919368	0.0434006402363949	5562	703	16063	472	0.9217765992707988	0.8877893056664007	0.9044637775428896	0.0419300966241202	521	102	22176	1	0.9980842911877394	0.8362760834670947	0.9100436681222708	0.0045785079450579
40	20	2	0.001999	0.16334	3e-05	7.5e-06	0.0	0008	indelsieve	candidate_snvs	smc_mudel_sa_stage_1-smc_mudel_sa_stage_2	mt	no_cnv	/raid/kang/DelSIEVE/simulation_results/IndelSIEVE_benchmark_pipeline_ld_006/benchmark_results/simulated_data/results/cell_names	/raid/kang/DelSIEVE/simulation_results/IndelSIEVE_benchmark_pipeline_ld_006/benchmark_results/indelsieve/from_candidate/variant_calling/stage2/mt/no_cnv/smc_mudel_sa_stage_1-smc_mudel_sa_stage_2/0008/indelsieve_median.cell_names	/raid/kang/DelSIEVE/simulation_results/IndelSIEVE_benchmark_pipeline_ld_006/benchmark_results/indelsieve/from_candidate/variant_calling/stage2/mt/no_cnv/smc_mudel_sa_stage_1-smc_mudel_sa_stage_2/0008/indelsieve_median.loci_info	/raid/kang/DelSIEVE/simulation_results/IndelSIEVE_benchmark_pipeline_ld_006/benchmark_results/simulated_data/results/ado_state_dir/ado_states.0008	/raid/kang/DelSIEVE/simulation_results/IndelSIEVE_benchmark_pipeline_ld_006/benchmark_results/indelsieve/from_candidate/variant_calling/stage2/mt/no_cnv/smc_mudel_sa_stage_1-smc_mudel_sa_stage_2/0008/indelsieve_median.ado	5976	480	15764	580	0.9115314215985356	0.9256505576208178	0.918536735321242	0.0295493720758433	5454	1002	15764	580	0.9038780245276764	0.8447955390334573	0.8733386709367494	0.0597638077060718	0	0	22278	522	0.0	NA	NA	0.0
40	20	2	0.001999	0.16334	3e-05	7.5e-06	0.0	0009	sieve	candidate_snvs	smc_mu_ld_stage_1-smc_mu_ld_stage_2	mt	no_cnv	/raid/kang/DelSIEVE/simulation_results/IndelSIEVE_benchmark_pipeline_ld_006/benchmark_results/simulated_data/results/cell_names	/raid/kang/DelSIEVE/simulation_results/IndelSIEVE_benchmark_pipeline_ld_006/benchmark_results/indelsieve/from_candidate/variant_calling/stage2/mt/no_cnv/smc_mu_ld_stage_1-smc_mu_ld_stage_2/0009/indelsieve_median.cell_names	/raid/kang/DelSIEVE/simulation_results/IndelSIEVE_benchmark_pipeline_ld_006/benchmark_results/indelsieve/from_candidate/variant_calling/stage2/mt/no_cnv/smc_mu_ld_stage_1-smc_mu_ld_stage_2/0009/indelsieve_median.loci_info	/raid/kang/DelSIEVE/simulation_results/IndelSIEVE_benchmark_pipeline_ld_006/benchmark_results/simulated_data/results/ado_state_dir/ado_states.0009	/raid/kang/DelSIEVE/simulation_results/IndelSIEVE_benchmark_pipeline_ld_006/benchmark_results/indelsieve/from_candidate/variant_calling/stage2/mt/no_cnv/smc_mu_ld_stage_1-smc_mu_ld_stage_2/0009/indelsieve_median.ado	4392	2016	9668	164	0.9640035118525022	0.6853932584269663	0.8011674571324333	0.1725436494351249	3720	1957	10129	434	0.8955223880597015	0.6552756737713581	0.7567897467195606	0.1619228859837828	393	338	15500	9	0.9776119402985076	0.5376196990424077	0.6937334510150044	0.0213410784189923
40	20	2	0.001999	0.16334	3e-05	7.5e-06	0.0	0009	sieve	candidate_snvs	smc_mu_sa_stage_1-smc_mu_sa_stage_2	mt	no_cnv	/raid/kang/DelSIEVE/simulation_results/IndelSIEVE_benchmark_pipeline_ld_006/benchmark_results/simulated_data/results/cell_names	/raid/kang/DelSIEVE/simulation_results/IndelSIEVE_benchmark_pipeline_ld_006/benchmark_results/indelsieve/from_candidate/variant_calling/stage2/mt/no_cnv/smc_mu_sa_stage_1-smc_mu_sa_stage_2/0009/indelsieve_median.cell_names	/raid/kang/DelSIEVE/simulation_results/IndelSIEVE_benchmark_pipeline_ld_006/benchmark_results/indelsieve/from_candidate/variant_calling/stage2/mt/no_cnv/smc_mu_sa_stage_1-smc_mu_sa_stage_2/0009/indelsieve_median.loci_info	/raid/kang/DelSIEVE/simulation_results/IndelSIEVE_benchmark_pipeline_ld_006/benchmark_results/simulated_data/results/ado_state_dir/ado_states.0009	/raid/kang/DelSIEVE/simulation_results/IndelSIEVE_benchmark_pipeline_ld_006/benchmark_results/indelsieve/from_candidate/variant_calling/stage2/mt/no_cnv/smc_mu_sa_stage_1-smc_mu_sa_stage_2/0009/indelsieve_median.ado	3199	1035	10649	1357	0.7021510096575944	0.7555503070382616	0.727872582480091	0.0885826771653543	2806	1428	10658	1348	0.6754935002407318	0.6627302786962683	0.6690510252742012	0.1181532351481052	0	0	15838	402	0.0	NA	NA	0.0
40	20	2	0.001999	0.16334	3e-05	7.5e-06	0.0	0009	indelsieve	candidate_snvs	smc_mudel_ld_stage_1-smc_mudel_ld_stage_2	mt	no_cnv	/raid/kang/DelSIEVE/simulation_results/IndelSIEVE_benchmark_pipeline_ld_006/benchmark_results/simulated_data/results/cell_names	/raid/kang/DelSIEVE/simulation_results/IndelSIEVE_benchmark_pipeline_ld_006/benchmark_results/indelsieve/from_candidate/variant_calling/stage2/mt/no_cnv/smc_mudel_ld_stage_1-smc_mudel_ld_stage_2/0009/indelsieve_median.cell_names	/raid/kang/DelSIEVE/simulation_results/IndelSIEVE_benchmark_pipeline_ld_006/benchmark_results/indelsieve/from_candidate/variant_calling/stage2/mt/no_cnv/smc_mudel_ld_stage_1-smc_mudel_ld_stage_2/0009/indelsieve_median.loci_info	/raid/kang/DelSIEVE/simulation_results/IndelSIEVE_benchmark_pipeline_ld_006/benchmark_results/simulated_data/results/ado_state_dir/ado_states.0009	/raid/kang/DelSIEVE/simulation_results/IndelSIEVE_benchmark_pipeline_ld_006/benchmark_results/indelsieve/from_candidate/variant_calling/stage2/mt/no_cnv/smc_mudel_ld_stage_1-smc_mudel_ld_stage_2/0009/indelsieve_median.ado	4259	483	11201	297	0.934811237928007	0.8981442429354702	0.9161109916110992	0.0413385826771653	3829	478	11608	325	0.9217621569571496	0.8890178778732296	0.9050939605247608	0.039549892437531	393	42	15796	9	0.9776119402985076	0.903448275862069	0.939068100358423	0.0026518499810582
40	20	2	0.001999	0.16334	3e-05	7.5e-06	0.0	0009	indelsieve	candidate_snvs	smc_mudel_sa_stage_1-smc_mudel_sa_stage_2	mt	no_cnv	/raid/kang/DelSIEVE/simulation_results/IndelSIEVE_benchmark_pipeline_ld_006/benchmark_results/simulated_data/results/cell_names	/raid/kang/DelSIEVE/simulation_results/IndelSIEVE_benchmark_pipeline_ld_006/benchmark_results/indelsieve/from_candidate/variant_calling/stage2/mt/no_cnv/smc_mudel_sa_stage_1-smc_mudel_sa_stage_2/0009/indelsieve_median.cell_names	/raid/kang/DelSIEVE/simulation_results/IndelSIEVE_benchmark_pipeline_ld_006/benchmark_results/indelsieve/from_candidate/variant_calling/stage2/mt/no_cnv/smc_mudel_sa_stage_1-smc_mudel_sa_stage_2/0009/indelsieve_median.loci_info	/raid/kang/DelSIEVE/simulation_results/IndelSIEVE_benchmark_pipeline_ld_006/benchmark_results/simulated_data/results/ado_state_dir/ado_states.0009	/raid/kang/DelSIEVE/simulation_results/IndelSIEVE_benchmark_pipeline_ld_006/benchmark_results/indelsieve/from_candidate/variant_calling/stage2/mt/no_cnv/smc_mudel_sa_stage_1-smc_mudel_sa_stage_2/0009/indelsieve_median.ado	4102	397	11287	454	0.9003511852502195	0.9117581684818848	0.9060187741579238	0.0339780896953098	3709	790	11296	445	0.892874337987482	0.8244054234274283	0.857274933549058	0.0653648849908985	0	0	15838	402	0.0	NA	NA	0.0
40	20	2	0.001999	0.16334	3e-05	7.5e-06	0.0	0010	sieve	candidate_snvs	smc_mu_ld_stage_1-smc_mu_ld_stage_2	mt	no_cnv	/raid/kang/DelSIEVE/simulation_results/IndelSIEVE_benchmark_pipeline_ld_006/benchmark_results/simulated_data/results/cell_names	/raid/kang/DelSIEVE/simulation_results/IndelSIEVE_benchmark_pipeline_ld_006/benchmark_results/indelsieve/from_candidate/variant_calling/stage2/mt/no_cnv/smc_mu_ld_stage_1-smc_mu_ld_stage_2/0010/indelsieve_median.cell_names	/raid/kang/DelSIEVE/simulation_results/IndelSIEVE_benchmark_pipeline_ld_006/benchmark_results/indelsieve/from_candidate/variant_calling/stage2/mt/no_cnv/smc_mu_ld_stage_1-smc_mu_ld_stage_2/0010/indelsieve_median.loci_info	/raid/kang/DelSIEVE/simulation_results/IndelSIEVE_benchmark_pipeline_ld_006/benchmark_results/simulated_data/results/ado_state_dir/ado_states.0010	/raid/kang/DelSIEVE/simulation_results/IndelSIEVE_benchmark_pipeline_ld_006/benchmark_results/indelsieve/from_candidate/variant_calling/stage2/mt/no_cnv/smc_mu_ld_stage_1-smc_mu_ld_stage_2/0010/indelsieve_median.ado	3834	1613	8598	115	0.9708787034692328	0.7038736919405177	0.8160919540229884	0.1579668984428557	3219	1454	9107	380	0.8944151153098083	0.6888508452814038	0.7782882011605415	0.1376763564056434	350	424	13386	0	1.0	0.4521963824289405	0.6227758007117438	0.0307023895727733
40	20	2	0.001999	0.16334	3e-05	7.5e-06	0.0	0010	sieve	candidate_snvs	smc_mu_sa_stage_1-smc_mu_sa_stage_2	mt	no_cnv	/raid/kang/DelSIEVE/simulation_results/IndelSIEVE_benchmark_pipeline_ld_006/benchmark_results/simulated_data/results/cell_names	/raid/kang/DelSIEVE/simulation_results/IndelSIEVE_benchmark_pipeline_ld_006/benchmark_results/indelsieve/from_candidate/variant_calling/stage2/mt/no_cnv/smc_mu_sa_stage_1-smc_mu_sa_stage_2/0010/indelsieve_median.cell_names	/raid/kang/DelSIEVE/simulation_results/IndelSIEVE_benchmark_pipeline_ld_006/benchmark_results/indelsieve/from_candidate/variant_calling/stage2/mt/no_cnv/smc_mu_sa_stage_1-smc_mu_sa_stage_2/0010/indelsieve_median.loci_info	/raid/kang/DelSIEVE/simulation_results/IndelSIEVE_benchmark_pipeline_ld_006/benchmark_results/simulated_data/results/ado_state_dir/ado_states.0010	/raid/kang/DelSIEVE/simulation_results/IndelSIEVE_benchmark_pipeline_ld_006/benchmark_results/indelsieve/from_candidate/variant_calling/stage2/mt/no_cnv/smc_mu_sa_stage_1-smc_mu_sa_stage_2/0010/indelsieve_median.ado	2617	811	9400	1332	0.6626994175740694	0.7634189031505251	0.7095025077944964	0.0794241504260111	2267	1161	9400	1332	0.6298971936649069	0.661318553092182	0.6452255585598407	0.1099327715178486	0	0	13810	350	0.0	NA	NA	0.0
40	20	2	0.001999	0.16334	3e-05	7.5e-06	0.0	0010	indelsieve	candidate_snvs	smc_mudel_ld_stage_1-smc_mudel_ld_stage_2	mt	no_cnv	/raid/kang/DelSIEVE/simulation_results/IndelSIEVE_benchmark_pipeline_ld_006/benchmark_results/simulated_data/results/cell_names	/raid/kang/DelSIEVE/simulation_results/IndelSIEVE_benchmark_pipeline_ld_006/benchmark_results/indelsieve/from_candidate/variant_calling/stage2/mt/no_cnv/smc_mudel_ld_stage_1-smc_mudel_ld_stage_2/0010/indelsieve_median.cell_names	/raid/kang/DelSIEVE/simulation_results/IndelSIEVE_benchmark_pipeline_ld_006/benchmark_results/indelsieve/from_candidate/variant_calling/stage2/mt/no_cnv/smc_mudel_ld_stage_1-smc_mudel_ld_stage_2/0010/indelsieve_median.loci_info	/raid/kang/DelSIEVE/simulation_results/IndelSIEVE_benchmark_pipeline_ld_006/benchmark_results/simulated_data/results/ado_state_dir/ado_states.0010	/raid/kang/DelSIEVE/simulation_results/IndelSIEVE_benchmark_pipeline_ld_006/benchmark_results/indelsieve/from_candidate/variant_calling/stage2/mt/no_cnv/smc_mudel_ld_stage_1-smc_mudel_ld_stage_2/0010/indelsieve_median.ado	3791	327	9884	158	0.9599898708533806	0.920592520641088	0.9398785174166358	0.0320242875330525	3404	326	10235	195	0.945818282856349	0.9126005361930296	0.9289125392277254	0.0308682889877852	349	39	13771	1	0.9971428571428572	0.8994845360824743	0.94579945799458	0.0028240405503258
40	20	2	0.001999	0.16334	3e-05	7.5e-06	0.0	0010	indelsieve	candidate_snvs	smc_mudel_sa_stage_1-smc_mudel_sa_stage_2	mt	no_cnv	/raid/kang/DelSIEVE/simulation_results/IndelSIEVE_benchmark_pipeline_ld_006/benchmark_results/simulated_data/results/cell_names	/raid/kang/DelSIEVE/simulation_results/IndelSIEVE_benchmark_pipeline_ld_006/benchmark_results/indelsieve/from_candidate/variant_calling/stage2/mt/no_cnv/smc_mudel_sa_stage_1-smc_mudel_sa_stage_2/0010/indelsieve_median.cell_names	/raid/kang/DelSIEVE/simulation_results/IndelSIEVE_benchmark_pipeline_ld_006/benchmark_results/indelsieve/from_candidate/variant_calling/stage2/mt/no_cnv/smc_mudel_sa_stage_1-smc_mudel_sa_stage_2/0010/indelsieve_median.loci_info	/raid/kang/DelSIEVE/simulation_results/IndelSIEVE_benchmark_pipeline_ld_006/benchmark_results/simulated_data/results/ado_state_dir/ado_states.0010	/raid/kang/DelSIEVE/simulation_results/IndelSIEVE_benchmark_pipeline_ld_006/benchmark_results/indelsieve/from_candidate/variant_calling/stage2/mt/no_cnv/smc_mudel_sa_stage_1-smc_mudel_sa_stage_2/0010/indelsieve_median.ado	3712	243	9968	237	0.9399848062800708	0.938558786346397	0.9392712550607288	0.0237978650474977	3362	593	9968	237	0.9341483745484856	0.850063211125158	0.8901244373841672	0.0561499857967995	0	0	13810	350	0.0	NA	NA	0.0
