cell_num	coverage_mean	coverage_variance	eff_seq_err_rate	ado_rate	mutation_rate	deletion_rate	insertion_rate	dataset	tool	snv_type	tool_setup	fine_tune_type	data_type	true_cell_names	cell_names	true_loci_info	loci_info	true_genotypes	genotypes	true_ternary	ternary	genotype_probs	true_positive	false_positive	true_negative	false_negative	recall	precision	f1_score	fall_out	true_positive_mu	false_positive_mu	true_negative_mu	false_negative_mu	recall_mu	precision_mu	f1_score_mu	fall_out_mu	true_positive_hetero_mu	false_positive_hetero_mu	true_negative_hetero_mu	false_negative_hetero_mu	recall_hetero_mu	precision_hetero_mu	f1_score_hetero_mu	fall_out_hetero_mu	true_positive_homo_mu	false_positive_homo_mu	true_negative_homo_mu	false_negative_homo_mu	recall_homo_mu	precision_homo_mu	f1_score_homo_mu	fall_out_homo_mu	true_homo_mu	true_homo_ref_as_hetero_mu	true_homo_mu_as_homo_ref	true_homo_mu_as_hetero_mu	true_positive_del	false_positive_del	true_negative_del	false_negative_del	recall_del	precision_del	fall_out_del	f1_score_del	true_positive_all_del	false_positive_all_del	true_negative_all_del	false_negative_all_del	recall_all_del	precision_all_del	fall_out_all_del	f1_score_all_del	true_positive_del_alt_left	false_positive_del_alt_left	true_negative_del_alt_left	false_negative_del_alt_left	recall_del_alt_left	precision_del_alt_left	fall_out_del_alt_left	f1_score_del_alt_left	true_positive_del_ref_left	false_positive_del_ref_left	true_negative_del_ref_left	false_negative_del_ref_left	recall_del_ref_left	precision_del_ref_left	fall_out_del_ref_left	f1_score_del_ref_left	true_del_ref_left_as_homo_ref	true_del_ref_left_as_hetero_mu	true_del_alt_left_as_hetero_mu	true_del_alt_left_as_homo_mu	true_positive_amp	false_positive_amp	true_negative_amp	false_negative_amp	recall_amp	precision_amp	fall_out_amp	f1_score_amp
40	20	2	0.001999	0.16334	3e-05	7.5e-06	0.0	0001	monovar	NA	true_parameters	NA	no_cnv	/raid/kang/DelSIEVE/simulation_results/IndelSIEVE_benchmark_pipeline_ld_006/benchmark_results/simulated_data/results/cell_names	/raid/kang/DelSIEVE/simulation_results/IndelSIEVE_benchmark_pipeline_ld_006/benchmark_results/monovar/from_true_params/no_cnv/0001/post_processed/filtered.cell_names	/raid/kang/DelSIEVE/simulation_results/IndelSIEVE_benchmark_pipeline_ld_006/benchmark_results/simulated_data/results/data_type/no_cnv/0001/true_evo_events_sites_names	/raid/kang/DelSIEVE/simulation_results/IndelSIEVE_benchmark_pipeline_ld_006/benchmark_results/monovar/from_true_params/no_cnv/0001/post_processed/filtered.loci_info	/raid/kang/DelSIEVE/simulation_results/IndelSIEVE_benchmark_pipeline_ld_006/benchmark_results/simulated_data/results/data_type/no_cnv/0001/true_evo_events_genotypes_numeric	/raid/kang/DelSIEVE/simulation_results/IndelSIEVE_benchmark_pipeline_ld_006/benchmark_results/monovar/from_true_params/no_cnv/0001/post_processed/filtered.genotypes	/raid/kang/DelSIEVE/simulation_results/IndelSIEVE_benchmark_pipeline_ld_006/benchmark_results/simulated_data/results/data_type/no_cnv/0001/true_evo_events_ternary_matrix.simple	/raid/kang/DelSIEVE/simulation_results/IndelSIEVE_benchmark_pipeline_ld_006/benchmark_results/monovar/from_true_params/no_cnv/0001/post_processed/filtered.ternary	/raid/kang/DelSIEVE/simulation_results/IndelSIEVE_benchmark_pipeline_ld_006/benchmark_results/monovar/from_true_params/no_cnv/0001/post_processed/filtered.genotype_probs	4966	202	9074	3358	0.5965881787602114	0.9609133126934984	0.7361399347761636	0.0217766278568348	4522	1	10994	2070	0.6859830097087378	0.9997789078045544	0.8136752136752137	9.095043201455206e-05	2704	189	11913	2781	0.4929808568824065	0.9346698928447976	0.6455001193602292	0.0156172533465542	519	1111	15768	189	0.7330508474576272	0.3184049079754601	0.4439692044482464	0.0658214349191302	708	0	25	140	273	372	15097	1858	0.1281088690755513	0.4232558139534884	0.0240480961923847	0.196685878962536	16	629	16949	6	0.7272727272727273	0.0248062015503875	0.0357833655705996	0.047976011994003	0	0	17188	412	0.0	NA	0.0	NA	0	0	15903	1697	0.0	NA	0.0	NA	1507	1	48	262	0	0	17600	0	NA	NA	0.0	NA
40	20	2	0.001999	0.16334	3e-05	7.5e-06	0.0	0002	monovar	NA	true_parameters	NA	no_cnv	/raid/kang/DelSIEVE/simulation_results/IndelSIEVE_benchmark_pipeline_ld_006/benchmark_results/simulated_data/results/cell_names	/raid/kang/DelSIEVE/simulation_results/IndelSIEVE_benchmark_pipeline_ld_006/benchmark_results/monovar/from_true_params/no_cnv/0002/post_processed/filtered.cell_names	/raid/kang/DelSIEVE/simulation_results/IndelSIEVE_benchmark_pipeline_ld_006/benchmark_results/simulated_data/results/data_type/no_cnv/0002/true_evo_events_sites_names	/raid/kang/DelSIEVE/simulation_results/IndelSIEVE_benchmark_pipeline_ld_006/benchmark_results/monovar/from_true_params/no_cnv/0002/post_processed/filtered.loci_info	/raid/kang/DelSIEVE/simulation_results/IndelSIEVE_benchmark_pipeline_ld_006/benchmark_results/simulated_data/results/data_type/no_cnv/0002/true_evo_events_genotypes_numeric	/raid/kang/DelSIEVE/simulation_results/IndelSIEVE_benchmark_pipeline_ld_006/benchmark_results/monovar/from_true_params/no_cnv/0002/post_processed/filtered.genotypes	/raid/kang/DelSIEVE/simulation_results/IndelSIEVE_benchmark_pipeline_ld_006/benchmark_results/simulated_data/results/data_type/no_cnv/0002/true_evo_events_ternary_matrix.simple	/raid/kang/DelSIEVE/simulation_results/IndelSIEVE_benchmark_pipeline_ld_006/benchmark_results/monovar/from_true_params/no_cnv/0002/post_processed/filtered.ternary	/raid/kang/DelSIEVE/simulation_results/IndelSIEVE_benchmark_pipeline_ld_006/benchmark_results/monovar/from_true_params/no_cnv/0002/post_processed/filtered.genotype_probs	4512	201	10554	3173	0.5871177618737801	0.957352005092298	0.7278593321503467	0.0186889818688981	4117	0	12336	1983	0.6749180327868852	1.0	0.8059117157678379	0.0	2614	176	13060	2586	0.5026923076923077	0.9369175627240144	0.6543178973717146	0.0132970686007857	507	820	16967	142	0.7812018489984591	0.3820648078372268	0.5131578947368421	0.046101085062124	649	0	20	107	233	363	16241	1603	0.1269063180827886	0.3909395973154362	0.0218622018790652	0.1916118421052632	23	573	17843	1	0.9583333333333334	0.0385906040268456	0.0311142484795829	0.0741935483870967	0	0	18185	255	0.0	NA	0.0	NA	0	0	16883	1557	0.0	NA	0.0	NA	1397	0	69	113	0	0	18440	0	NA	NA	0.0	NA
40	20	2	0.001999	0.16334	3e-05	7.5e-06	0.0	0003	monovar	NA	true_parameters	NA	no_cnv	/raid/kang/DelSIEVE/simulation_results/IndelSIEVE_benchmark_pipeline_ld_006/benchmark_results/simulated_data/results/cell_names	/raid/kang/DelSIEVE/simulation_results/IndelSIEVE_benchmark_pipeline_ld_006/benchmark_results/monovar/from_true_params/no_cnv/0003/post_processed/filtered.cell_names	/raid/kang/DelSIEVE/simulation_results/IndelSIEVE_benchmark_pipeline_ld_006/benchmark_results/simulated_data/results/data_type/no_cnv/0003/true_evo_events_sites_names	/raid/kang/DelSIEVE/simulation_results/IndelSIEVE_benchmark_pipeline_ld_006/benchmark_results/monovar/from_true_params/no_cnv/0003/post_processed/filtered.loci_info	/raid/kang/DelSIEVE/simulation_results/IndelSIEVE_benchmark_pipeline_ld_006/benchmark_results/simulated_data/results/data_type/no_cnv/0003/true_evo_events_genotypes_numeric	/raid/kang/DelSIEVE/simulation_results/IndelSIEVE_benchmark_pipeline_ld_006/benchmark_results/monovar/from_true_params/no_cnv/0003/post_processed/filtered.genotypes	/raid/kang/DelSIEVE/simulation_results/IndelSIEVE_benchmark_pipeline_ld_006/benchmark_results/simulated_data/results/data_type/no_cnv/0003/true_evo_events_ternary_matrix.simple	/raid/kang/DelSIEVE/simulation_results/IndelSIEVE_benchmark_pipeline_ld_006/benchmark_results/monovar/from_true_params/no_cnv/0003/post_processed/filtered.ternary	/raid/kang/DelSIEVE/simulation_results/IndelSIEVE_benchmark_pipeline_ld_006/benchmark_results/monovar/from_true_params/no_cnv/0003/post_processed/filtered.genotype_probs	4198	107	4403	2612	0.616446402349486	0.9751451800232288	0.7553756185335133	0.0237250554323725	3735	0	6068	1515	0.7114285714285714	1.0	0.8313856427378965	0.0	1838	196	7325	1959	0.4840663681854095	0.903638151425762	0.6304235980106329	0.0260603643132562	742	959	9447	170	0.8135964912280702	0.4362139917695473	0.5679295828549561	0.0921583701710551	912	0	20	129	340	230	8989	1761	0.1618277010947168	0.5964912280701754	0.0249484759735329	0.2545862972669412	40	530	10706	44	0.4761904761904761	0.0701754385964912	0.0471698113207547	0.1223241590214067	0	0	10777	543	0.0	NA	0.0	NA	0	0	9846	1474	0.0	NA	0.0	NA	1269	0	67	365	0	0	11320	0	NA	NA	0.0	NA
40	20	2	0.001999	0.16334	3e-05	7.5e-06	0.0	0004	monovar	NA	true_parameters	NA	no_cnv	/raid/kang/DelSIEVE/simulation_results/IndelSIEVE_benchmark_pipeline_ld_006/benchmark_results/simulated_data/results/cell_names	/raid/kang/DelSIEVE/simulation_results/IndelSIEVE_benchmark_pipeline_ld_006/benchmark_results/monovar/from_true_params/no_cnv/0004/post_processed/filtered.cell_names	/raid/kang/DelSIEVE/simulation_results/IndelSIEVE_benchmark_pipeline_ld_006/benchmark_results/simulated_data/results/data_type/no_cnv/0004/true_evo_events_sites_names	/raid/kang/DelSIEVE/simulation_results/IndelSIEVE_benchmark_pipeline_ld_006/benchmark_results/monovar/from_true_params/no_cnv/0004/post_processed/filtered.loci_info	/raid/kang/DelSIEVE/simulation_results/IndelSIEVE_benchmark_pipeline_ld_006/benchmark_results/simulated_data/results/data_type/no_cnv/0004/true_evo_events_genotypes_numeric	/raid/kang/DelSIEVE/simulation_results/IndelSIEVE_benchmark_pipeline_ld_006/benchmark_results/monovar/from_true_params/no_cnv/0004/post_processed/filtered.genotypes	/raid/kang/DelSIEVE/simulation_results/IndelSIEVE_benchmark_pipeline_ld_006/benchmark_results/simulated_data/results/data_type/no_cnv/0004/true_evo_events_ternary_matrix.simple	/raid/kang/DelSIEVE/simulation_results/IndelSIEVE_benchmark_pipeline_ld_006/benchmark_results/monovar/from_true_params/no_cnv/0004/post_processed/filtered.ternary	/raid/kang/DelSIEVE/simulation_results/IndelSIEVE_benchmark_pipeline_ld_006/benchmark_results/monovar/from_true_params/no_cnv/0004/post_processed/filtered.genotype_probs	4795	128	5730	2867	0.6258157139128165	0.9739995937436522	0.7620182757250695	0.0218504609081597	4323	0	7190	2004	0.6832622095779991	1.0	0.8118309859154931	0.0	2228	195	8558	2536	0.4676742233417296	0.9195212546430044	0.6200083484068457	0.0222780760881983	710	1190	11418	199	0.7810781078107811	0.3736842105263158	0.5055179779280883	0.0943845177664974	909	0	25	147	318	282	11249	1671	0.1598793363499245	0.53	0.0244558147602116	0.2456546929316338	73	527	12890	30	0.7087378640776699	0.1216666666666666	0.0392785272415592	0.2076813655761024	0	0	12863	657	0.0	NA	0.0	NA	0	0	12291	1229	0.0	NA	0.0	NA	1079	0	48	490	0	0	13520	0	NA	NA	0.0	NA
40	20	2	0.001999	0.16334	3e-05	7.5e-06	0.0	0005	monovar	NA	true_parameters	NA	no_cnv	/raid/kang/DelSIEVE/simulation_results/IndelSIEVE_benchmark_pipeline_ld_006/benchmark_results/simulated_data/results/cell_names	/raid/kang/DelSIEVE/simulation_results/IndelSIEVE_benchmark_pipeline_ld_006/benchmark_results/monovar/from_true_params/no_cnv/0005/post_processed/filtered.cell_names	/raid/kang/DelSIEVE/simulation_results/IndelSIEVE_benchmark_pipeline_ld_006/benchmark_results/simulated_data/results/data_type/no_cnv/0005/true_evo_events_sites_names	/raid/kang/DelSIEVE/simulation_results/IndelSIEVE_benchmark_pipeline_ld_006/benchmark_results/monovar/from_true_params/no_cnv/0005/post_processed/filtered.loci_info	/raid/kang/DelSIEVE/simulation_results/IndelSIEVE_benchmark_pipeline_ld_006/benchmark_results/simulated_data/results/data_type/no_cnv/0005/true_evo_events_genotypes_numeric	/raid/kang/DelSIEVE/simulation_results/IndelSIEVE_benchmark_pipeline_ld_006/benchmark_results/monovar/from_true_params/no_cnv/0005/post_processed/filtered.genotypes	/raid/kang/DelSIEVE/simulation_results/IndelSIEVE_benchmark_pipeline_ld_006/benchmark_results/simulated_data/results/data_type/no_cnv/0005/true_evo_events_ternary_matrix.simple	/raid/kang/DelSIEVE/simulation_results/IndelSIEVE_benchmark_pipeline_ld_006/benchmark_results/monovar/from_true_params/no_cnv/0005/post_processed/filtered.ternary	/raid/kang/DelSIEVE/simulation_results/IndelSIEVE_benchmark_pipeline_ld_006/benchmark_results/monovar/from_true_params/no_cnv/0005/post_processed/filtered.genotype_probs	4827	165	7655	3113	0.6079345088161209	0.9669471153846154	0.7465202598206	0.0210997442455242	4463	3	9316	1969	0.6938743781094527	0.9993282579489476	0.8190493668563038	0.0003219229531065	2462	183	10512	2594	0.4869462025316455	0.930812854442344	0.6393974808466432	0.0171107994389901	671	1150	13761	169	0.7988095238095239	0.3684788577704558	0.5043216835776024	0.0771242706726577	840	3	17	130	208	318	13398	1836	0.1017612524461839	0.3954372623574144	0.0231846019247594	0.1618677042801556	11	515	15219	15	0.4230769230769231	0.0209125475285171	0.032731663912546	0.0398550724637681	0	0	15215	545	0.0	NA	0.0	NA	0	0	14287	1473	0.0	NA	0.0	NA	1346	0	50	402	0	0	15760	0	NA	NA	0.0	NA
40	20	2	0.001999	0.16334	3e-05	7.5e-06	0.0	0006	monovar	NA	true_parameters	NA	no_cnv	/raid/kang/DelSIEVE/simulation_results/IndelSIEVE_benchmark_pipeline_ld_006/benchmark_results/simulated_data/results/cell_names	/raid/kang/DelSIEVE/simulation_results/IndelSIEVE_benchmark_pipeline_ld_006/benchmark_results/monovar/from_true_params/no_cnv/0006/post_processed/filtered.cell_names	/raid/kang/DelSIEVE/simulation_results/IndelSIEVE_benchmark_pipeline_ld_006/benchmark_results/simulated_data/results/data_type/no_cnv/0006/true_evo_events_sites_names	/raid/kang/DelSIEVE/simulation_results/IndelSIEVE_benchmark_pipeline_ld_006/benchmark_results/monovar/from_true_params/no_cnv/0006/post_processed/filtered.loci_info	/raid/kang/DelSIEVE/simulation_results/IndelSIEVE_benchmark_pipeline_ld_006/benchmark_results/simulated_data/results/data_type/no_cnv/0006/true_evo_events_genotypes_numeric	/raid/kang/DelSIEVE/simulation_results/IndelSIEVE_benchmark_pipeline_ld_006/benchmark_results/monovar/from_true_params/no_cnv/0006/post_processed/filtered.genotypes	/raid/kang/DelSIEVE/simulation_results/IndelSIEVE_benchmark_pipeline_ld_006/benchmark_results/simulated_data/results/data_type/no_cnv/0006/true_evo_events_ternary_matrix.simple	/raid/kang/DelSIEVE/simulation_results/IndelSIEVE_benchmark_pipeline_ld_006/benchmark_results/monovar/from_true_params/no_cnv/0006/post_processed/filtered.ternary	/raid/kang/DelSIEVE/simulation_results/IndelSIEVE_benchmark_pipeline_ld_006/benchmark_results/monovar/from_true_params/no_cnv/0006/post_processed/filtered.genotype_probs	4542	115	5102	2641	0.6323263260476124	0.9753059909813184	0.7672297297297297	0.0220433199156603	4126	3	6805	1455	0.7392940333273607	0.999273431823686	0.8498455200823892	0.0004406580493537	1943	172	8225	2049	0.4867234468937875	0.918676122931442	0.6363189782217127	0.0204835060140526	899	1115	10217	158	0.8505203405865658	0.4463753723932472	0.5854770433083686	0.0983939286974938	1057	3	9	117	287	241	10025	1847	0.1344892221180881	0.5435606060606061	0.023475550360413	0.2156273478587528	54	474	11816	56	0.4909090909090909	0.1022727272727272	0.0385679414157851	0.1692789968652037	0	0	11857	543	0.0	NA	0.0	NA	0	0	10919	1481	0.0	NA	0.0	NA	1324	0	52	385	0	0	12400	0	NA	NA	0.0	NA
40	20	2	0.001999	0.16334	3e-05	7.5e-06	0.0	0007	monovar	NA	true_parameters	NA	no_cnv	/raid/kang/DelSIEVE/simulation_results/IndelSIEVE_benchmark_pipeline_ld_006/benchmark_results/simulated_data/results/cell_names	/raid/kang/DelSIEVE/simulation_results/IndelSIEVE_benchmark_pipeline_ld_006/benchmark_results/monovar/from_true_params/no_cnv/0007/post_processed/filtered.cell_names	/raid/kang/DelSIEVE/simulation_results/IndelSIEVE_benchmark_pipeline_ld_006/benchmark_results/simulated_data/results/data_type/no_cnv/0007/true_evo_events_sites_names	/raid/kang/DelSIEVE/simulation_results/IndelSIEVE_benchmark_pipeline_ld_006/benchmark_results/monovar/from_true_params/no_cnv/0007/post_processed/filtered.loci_info	/raid/kang/DelSIEVE/simulation_results/IndelSIEVE_benchmark_pipeline_ld_006/benchmark_results/simulated_data/results/data_type/no_cnv/0007/true_evo_events_genotypes_numeric	/raid/kang/DelSIEVE/simulation_results/IndelSIEVE_benchmark_pipeline_ld_006/benchmark_results/monovar/from_true_params/no_cnv/0007/post_processed/filtered.genotypes	/raid/kang/DelSIEVE/simulation_results/IndelSIEVE_benchmark_pipeline_ld_006/benchmark_results/simulated_data/results/data_type/no_cnv/0007/true_evo_events_ternary_matrix.simple	/raid/kang/DelSIEVE/simulation_results/IndelSIEVE_benchmark_pipeline_ld_006/benchmark_results/monovar/from_true_params/no_cnv/0007/post_processed/filtered.ternary	/raid/kang/DelSIEVE/simulation_results/IndelSIEVE_benchmark_pipeline_ld_006/benchmark_results/monovar/from_true_params/no_cnv/0007/post_processed/filtered.genotype_probs	7628	306	17061	4605	0.623559225047004	0.961431812452735	0.7564833639113404	0.0176196234237346	7059	2	19548	2982	0.703017627726322	0.9997167540008496	0.8255174833352824	0.0001023017902813	4251	292	20932	4116	0.5080674076730011	0.9357252916574952	0.658559256390395	0.0137580098002261	920	1598	26830	243	0.7910576096302665	0.3653693407466243	0.4998641673458299	0.0562121851695511	1163	2	31	185	332	541	26356	2371	0.1228264890862005	0.3802978235967926	0.0201137673346469	0.1856823266219239	42	831	28711	16	0.7241379310344828	0.0481099656357388	0.0281294428271613	0.0902255639097744	0	0	29080	520	0.0	NA	0.0	NA	0	0	27475	2125	0.0	NA	0.0	NA	1918	0	105	307	0	0	29600	0	NA	NA	0.0	NA
40	20	2	0.001999	0.16334	3e-05	7.5e-06	0.0	0008	monovar	NA	true_parameters	NA	no_cnv	/raid/kang/DelSIEVE/simulation_results/IndelSIEVE_benchmark_pipeline_ld_006/benchmark_results/simulated_data/results/cell_names	/raid/kang/DelSIEVE/simulation_results/IndelSIEVE_benchmark_pipeline_ld_006/benchmark_results/monovar/from_true_params/no_cnv/0008/post_processed/filtered.cell_names	/raid/kang/DelSIEVE/simulation_results/IndelSIEVE_benchmark_pipeline_ld_006/benchmark_results/simulated_data/results/data_type/no_cnv/0008/true_evo_events_sites_names	/raid/kang/DelSIEVE/simulation_results/IndelSIEVE_benchmark_pipeline_ld_006/benchmark_results/monovar/from_true_params/no_cnv/0008/post_processed/filtered.loci_info	/raid/kang/DelSIEVE/simulation_results/IndelSIEVE_benchmark_pipeline_ld_006/benchmark_results/simulated_data/results/data_type/no_cnv/0008/true_evo_events_genotypes_numeric	/raid/kang/DelSIEVE/simulation_results/IndelSIEVE_benchmark_pipeline_ld_006/benchmark_results/monovar/from_true_params/no_cnv/0008/post_processed/filtered.genotypes	/raid/kang/DelSIEVE/simulation_results/IndelSIEVE_benchmark_pipeline_ld_006/benchmark_results/simulated_data/results/data_type/no_cnv/0008/true_evo_events_ternary_matrix.simple	/raid/kang/DelSIEVE/simulation_results/IndelSIEVE_benchmark_pipeline_ld_006/benchmark_results/monovar/from_true_params/no_cnv/0008/post_processed/filtered.ternary	/raid/kang/DelSIEVE/simulation_results/IndelSIEVE_benchmark_pipeline_ld_006/benchmark_results/monovar/from_true_params/no_cnv/0008/post_processed/filtered.genotype_probs	6115	327	18293	4625	0.569366852886406	0.949239366656318	0.711791409614713	0.0175617615467239	5546	1	21064	2733	0.6698876675927045	0.9998197223724536	0.8022566179661508	4.747211013529551e-05	3676	214	21903	3551	0.5086481250864813	0.944987146529563	0.6613294953674553	0.0096758149839489	471	1186	27508	179	0.7246153846153847	0.284248642124321	0.4083224967490246	0.0413326827908273	650	1	24	144	376	519	25978	2487	0.1313307719175689	0.4201117318435754	0.0195871230705362	0.2001064395955295	70	825	28439	26	0.7291666666666666	0.0782122905027933	0.0281916347731	0.1412714429868819	0	0	28942	418	0.0	NA	0.0	NA	0	0	27011	2349	0.0	NA	0.0	NA	2104	0	69	257	0	0	29360	0	NA	NA	0.0	NA
40	20	2	0.001999	0.16334	3e-05	7.5e-06	0.0	0009	monovar	NA	true_parameters	NA	no_cnv	/raid/kang/DelSIEVE/simulation_results/IndelSIEVE_benchmark_pipeline_ld_006/benchmark_results/simulated_data/results/cell_names	/raid/kang/DelSIEVE/simulation_results/IndelSIEVE_benchmark_pipeline_ld_006/benchmark_results/monovar/from_true_params/no_cnv/0009/post_processed/filtered.cell_names	/raid/kang/DelSIEVE/simulation_results/IndelSIEVE_benchmark_pipeline_ld_006/benchmark_results/simulated_data/results/data_type/no_cnv/0009/true_evo_events_sites_names	/raid/kang/DelSIEVE/simulation_results/IndelSIEVE_benchmark_pipeline_ld_006/benchmark_results/monovar/from_true_params/no_cnv/0009/post_processed/filtered.loci_info	/raid/kang/DelSIEVE/simulation_results/IndelSIEVE_benchmark_pipeline_ld_006/benchmark_results/simulated_data/results/data_type/no_cnv/0009/true_evo_events_genotypes_numeric	/raid/kang/DelSIEVE/simulation_results/IndelSIEVE_benchmark_pipeline_ld_006/benchmark_results/monovar/from_true_params/no_cnv/0009/post_processed/filtered.genotypes	/raid/kang/DelSIEVE/simulation_results/IndelSIEVE_benchmark_pipeline_ld_006/benchmark_results/simulated_data/results/data_type/no_cnv/0009/true_evo_events_ternary_matrix.simple	/raid/kang/DelSIEVE/simulation_results/IndelSIEVE_benchmark_pipeline_ld_006/benchmark_results/monovar/from_true_params/no_cnv/0009/post_processed/filtered.ternary	/raid/kang/DelSIEVE/simulation_results/IndelSIEVE_benchmark_pipeline_ld_006/benchmark_results/monovar/from_true_params/no_cnv/0009/post_processed/filtered.genotype_probs	6284	345	8257	3674	0.6310504117292629	0.9479559511238498	0.7577018146741424	0.0401069518716577	5574	2	10410	2565	0.6848507187615186	0.9996413199426112	0.8128326649653663	0.0001920860545524	3082	193	11932	3344	0.4796140678493619	0.9410687022900764	0.6353984125347902	0.0159175257731958	807	1494	16050	200	0.8013902681231381	0.3507170795306388	0.4879081015719468	0.08515731874145	1007	2	29	127	377	676	15359	2148	0.1493069306930693	0.3580246913580246	0.0421577798565637	0.2107322526551145	72	981	17490	17	0.8089887640449438	0.0683760683760683	0.0531102809809972	0.1260945709281961	0	0	17845	715	0.0	NA	0.0	NA	0	0	16839	1721	0.0	NA	0.0	NA	1519	0	64	519	0	0	18560	0	NA	NA	0.0	NA
40	20	2	0.001999	0.16334	3e-05	7.5e-06	0.0	0010	monovar	NA	true_parameters	NA	no_cnv	/raid/kang/DelSIEVE/simulation_results/IndelSIEVE_benchmark_pipeline_ld_006/benchmark_results/simulated_data/results/cell_names	/raid/kang/DelSIEVE/simulation_results/IndelSIEVE_benchmark_pipeline_ld_006/benchmark_results/monovar/from_true_params/no_cnv/0010/post_processed/filtered.cell_names	/raid/kang/DelSIEVE/simulation_results/IndelSIEVE_benchmark_pipeline_ld_006/benchmark_results/simulated_data/results/data_type/no_cnv/0010/true_evo_events_sites_names	/raid/kang/DelSIEVE/simulation_results/IndelSIEVE_benchmark_pipeline_ld_006/benchmark_results/monovar/from_true_params/no_cnv/0010/post_processed/filtered.loci_info	/raid/kang/DelSIEVE/simulation_results/IndelSIEVE_benchmark_pipeline_ld_006/benchmark_results/simulated_data/results/data_type/no_cnv/0010/true_evo_events_genotypes_numeric	/raid/kang/DelSIEVE/simulation_results/IndelSIEVE_benchmark_pipeline_ld_006/benchmark_results/monovar/from_true_params/no_cnv/0010/post_processed/filtered.genotypes	/raid/kang/DelSIEVE/simulation_results/IndelSIEVE_benchmark_pipeline_ld_006/benchmark_results/simulated_data/results/data_type/no_cnv/0010/true_evo_events_ternary_matrix.simple	/raid/kang/DelSIEVE/simulation_results/IndelSIEVE_benchmark_pipeline_ld_006/benchmark_results/monovar/from_true_params/no_cnv/0010/post_processed/filtered.ternary	/raid/kang/DelSIEVE/simulation_results/IndelSIEVE_benchmark_pipeline_ld_006/benchmark_results/monovar/from_true_params/no_cnv/0010/post_processed/filtered.genotype_probs	5625	171	7550	3174	0.6392771905898398	0.970496894409938	0.7708119218910586	0.0221473902344255	5014	1	9458	2046	0.7101983002832861	0.9998005982053838	0.8304761904761906	0.0001057194206575	2738	211	10809	2761	0.4979087106746681	0.9284503221430992	0.6482007575757577	0.0191470054446461	861	1205	14248	205	0.8076923076923077	0.4167473378509196	0.5498084291187739	0.0779783860739015	1066	1	25	157	427	354	13932	1807	0.1911369740376007	0.5467349551856594	0.0247795044099118	0.2832504145936982	159	622	15732	7	0.9578313253012049	0.203585147247119	0.0380335086217439	0.3357972544878563	0	0	16024	496	0.0	NA	0.0	NA	0	0	14948	1572	0.0	NA	0.0	NA	1385	0	53	347	0	0	16520	0	NA	NA	0.0	NA
40	20	2	0.001999	0.16334	3e-05	7.5e-06	0.0	0001	sciphi	candidate_snvs	NA	NA	no_cnv	/raid/kang/DelSIEVE/simulation_results/IndelSIEVE_benchmark_pipeline_ld_006/benchmark_results/simulated_data/results/cell_names	/raid/kang/DelSIEVE/simulation_results/IndelSIEVE_benchmark_pipeline_ld_006/benchmark_results/sciphi/no_cnv/0001/post_processed/sciphi.cell_names	/raid/kang/DelSIEVE/simulation_results/IndelSIEVE_benchmark_pipeline_ld_006/benchmark_results/simulated_data/results/data_type/no_cnv/0001/true_evo_events_sites_names	/raid/kang/DelSIEVE/simulation_results/IndelSIEVE_benchmark_pipeline_ld_006/benchmark_results/sciphi/no_cnv/0001/post_processed/sciphi.loci_info	/raid/kang/DelSIEVE/simulation_results/IndelSIEVE_benchmark_pipeline_ld_006/benchmark_results/simulated_data/results/data_type/no_cnv/0001/true_evo_events_genotypes_numeric	/raid/kang/DelSIEVE/simulation_results/IndelSIEVE_benchmark_pipeline_ld_006/benchmark_results/sciphi/no_cnv/0001/post_processed/sciphi.genotypes	/raid/kang/DelSIEVE/simulation_results/IndelSIEVE_benchmark_pipeline_ld_006/benchmark_results/simulated_data/results/data_type/no_cnv/0001/true_evo_events_ternary_matrix.simple	/raid/kang/DelSIEVE/simulation_results/IndelSIEVE_benchmark_pipeline_ld_006/benchmark_results/sciphi/no_cnv/0001/post_processed/sciphi.ternary	/raid/kang/DelSIEVE/simulation_results/IndelSIEVE_benchmark_pipeline_ld_006/benchmark_results/sciphi/no_cnv/0001/post_processed/sciphi.genotype_probs	6229	873	8403	2095	0.748318116290245	0.8770768797521825	0.8075975625567223	0.0941138421733505	6000	1102	9893	593	0.910056120127408	0.8448324415657561	0.8762322015334063	0.1002273760800363	4935	2167	9936	550	0.8997265268915223	0.6948746831878344	0.7841423691109874	0.179046517392382	0	0	16880	708	0.0	NA	NA	0.0	708	873	17	691	0	0	13253	1547	0.0	NA	0.0	NA	0	0	14784	16	0.0	NA	0.0	NA	0	0	14400	400	0.0	NA	0.0	NA	0	0	13669	1131	0.0	NA	0.0	NA	910	221	374	0	0	0	14800	0	NA	NA	0.0	NA
40	20	2	0.001999	0.16334	3e-05	7.5e-06	0.0	0002	sciphi	candidate_snvs	NA	NA	no_cnv	/raid/kang/DelSIEVE/simulation_results/IndelSIEVE_benchmark_pipeline_ld_006/benchmark_results/simulated_data/results/cell_names	/raid/kang/DelSIEVE/simulation_results/IndelSIEVE_benchmark_pipeline_ld_006/benchmark_results/sciphi/no_cnv/0002/post_processed/sciphi.cell_names	/raid/kang/DelSIEVE/simulation_results/IndelSIEVE_benchmark_pipeline_ld_006/benchmark_results/simulated_data/results/data_type/no_cnv/0002/true_evo_events_sites_names	/raid/kang/DelSIEVE/simulation_results/IndelSIEVE_benchmark_pipeline_ld_006/benchmark_results/sciphi/no_cnv/0002/post_processed/sciphi.loci_info	/raid/kang/DelSIEVE/simulation_results/IndelSIEVE_benchmark_pipeline_ld_006/benchmark_results/simulated_data/results/data_type/no_cnv/0002/true_evo_events_genotypes_numeric	/raid/kang/DelSIEVE/simulation_results/IndelSIEVE_benchmark_pipeline_ld_006/benchmark_results/sciphi/no_cnv/0002/post_processed/sciphi.genotypes	/raid/kang/DelSIEVE/simulation_results/IndelSIEVE_benchmark_pipeline_ld_006/benchmark_results/simulated_data/results/data_type/no_cnv/0002/true_evo_events_ternary_matrix.simple	/raid/kang/DelSIEVE/simulation_results/IndelSIEVE_benchmark_pipeline_ld_006/benchmark_results/sciphi/no_cnv/0002/post_processed/sciphi.ternary	/raid/kang/DelSIEVE/simulation_results/IndelSIEVE_benchmark_pipeline_ld_006/benchmark_results/sciphi/no_cnv/0002/post_processed/sciphi.genotype_probs	5310	324	10431	2375	0.6909564085881588	0.9424920127795527	0.7973571589458669	0.0301255230125523	5223	411	11925	877	0.8562295081967213	0.9270500532481364	0.8902335094596898	0.033317120622568	4359	1275	11961	841	0.8382692307692308	0.7736954206602769	0.8046889422189403	0.0963281958295557	0	0	17787	649	0.0	NA	NA	0.0	649	324	9	640	0	0	13801	1279	0.0	NA	0.0	NA	0	0	15057	23	0.0	NA	0.0	NA	0	0	14829	251	0.0	NA	0.0	NA	0	0	14075	1005	0.0	NA	0.0	NA	927	78	224	0	0	0	15080	0	NA	NA	0.0	NA
40	20	2	0.001999	0.16334	3e-05	7.5e-06	0.0	0003	sciphi	candidate_snvs	NA	NA	no_cnv	/raid/kang/DelSIEVE/simulation_results/IndelSIEVE_benchmark_pipeline_ld_006/benchmark_results/simulated_data/results/cell_names	/raid/kang/DelSIEVE/simulation_results/IndelSIEVE_benchmark_pipeline_ld_006/benchmark_results/sciphi/no_cnv/0003/post_processed/sciphi.cell_names	/raid/kang/DelSIEVE/simulation_results/IndelSIEVE_benchmark_pipeline_ld_006/benchmark_results/simulated_data/results/data_type/no_cnv/0003/true_evo_events_sites_names	/raid/kang/DelSIEVE/simulation_results/IndelSIEVE_benchmark_pipeline_ld_006/benchmark_results/sciphi/no_cnv/0003/post_processed/sciphi.loci_info	/raid/kang/DelSIEVE/simulation_results/IndelSIEVE_benchmark_pipeline_ld_006/benchmark_results/simulated_data/results/data_type/no_cnv/0003/true_evo_events_genotypes_numeric	/raid/kang/DelSIEVE/simulation_results/IndelSIEVE_benchmark_pipeline_ld_006/benchmark_results/sciphi/no_cnv/0003/post_processed/sciphi.genotypes	/raid/kang/DelSIEVE/simulation_results/IndelSIEVE_benchmark_pipeline_ld_006/benchmark_results/simulated_data/results/data_type/no_cnv/0003/true_evo_events_ternary_matrix.simple	/raid/kang/DelSIEVE/simulation_results/IndelSIEVE_benchmark_pipeline_ld_006/benchmark_results/sciphi/no_cnv/0003/post_processed/sciphi.ternary	/raid/kang/DelSIEVE/simulation_results/IndelSIEVE_benchmark_pipeline_ld_006/benchmark_results/sciphi/no_cnv/0003/post_processed/sciphi.genotype_probs	5133	372	4138	1677	0.7537444933920705	0.932425068119891	0.8336175395858709	0.0824833702882483	4969	536	5532	281	0.9464761904761904	0.9026339691189827	0.9240353324035332	0.088332234673698	3533	1972	5549	264	0.9304714248090598	0.641780199818347	0.7596215867555364	0.262199175641537	0	0	10406	912	0.0	NA	NA	0.0	912	372	3	909	0	0	8762	1758	0.0	NA	0.0	NA	0	0	10480	40	0.0	NA	0.0	NA	0	0	9979	541	0.0	NA	0.0	NA	0	0	9343	1177	0.0	NA	0.0	NA	1021	156	527	0	0	0	10520	0	NA	NA	0.0	NA
40	20	2	0.001999	0.16334	3e-05	7.5e-06	0.0	0004	sciphi	candidate_snvs	NA	NA	no_cnv	/raid/kang/DelSIEVE/simulation_results/IndelSIEVE_benchmark_pipeline_ld_006/benchmark_results/simulated_data/results/cell_names	/raid/kang/DelSIEVE/simulation_results/IndelSIEVE_benchmark_pipeline_ld_006/benchmark_results/sciphi/no_cnv/0004/post_processed/sciphi.cell_names	/raid/kang/DelSIEVE/simulation_results/IndelSIEVE_benchmark_pipeline_ld_006/benchmark_results/simulated_data/results/data_type/no_cnv/0004/true_evo_events_sites_names	/raid/kang/DelSIEVE/simulation_results/IndelSIEVE_benchmark_pipeline_ld_006/benchmark_results/sciphi/no_cnv/0004/post_processed/sciphi.loci_info	/raid/kang/DelSIEVE/simulation_results/IndelSIEVE_benchmark_pipeline_ld_006/benchmark_results/simulated_data/results/data_type/no_cnv/0004/true_evo_events_genotypes_numeric	/raid/kang/DelSIEVE/simulation_results/IndelSIEVE_benchmark_pipeline_ld_006/benchmark_results/sciphi/no_cnv/0004/post_processed/sciphi.genotypes	/raid/kang/DelSIEVE/simulation_results/IndelSIEVE_benchmark_pipeline_ld_006/benchmark_results/simulated_data/results/data_type/no_cnv/0004/true_evo_events_ternary_matrix.simple	/raid/kang/DelSIEVE/simulation_results/IndelSIEVE_benchmark_pipeline_ld_006/benchmark_results/sciphi/no_cnv/0004/post_processed/sciphi.ternary	/raid/kang/DelSIEVE/simulation_results/IndelSIEVE_benchmark_pipeline_ld_006/benchmark_results/sciphi/no_cnv/0004/post_processed/sciphi.genotype_probs	6040	451	5407	1622	0.7883059253458627	0.9305191804036358	0.8535292870769448	0.0769887333560942	5903	588	6602	424	0.9329856171961436	0.9094130334309044	0.921048525511	0.0817802503477051	4365	2126	6627	399	0.9162468513853904	0.6724695732552766	0.7756552643269659	0.2428881526333828	0	0	12608	909	0.0	NA	NA	0.0	909	451	4	905	0	0	10572	1668	0.0	NA	0.0	NA	0	0	12159	81	0.0	NA	0.0	NA	0	0	11586	654	0.0	NA	0.0	NA	0	0	11307	933	0.0	NA	0.0	NA	808	125	633	0	0	0	12240	0	NA	NA	0.0	NA
40	20	2	0.001999	0.16334	3e-05	7.5e-06	0.0	0005	sciphi	candidate_snvs	NA	NA	no_cnv	/raid/kang/DelSIEVE/simulation_results/IndelSIEVE_benchmark_pipeline_ld_006/benchmark_results/simulated_data/results/cell_names	/raid/kang/DelSIEVE/simulation_results/IndelSIEVE_benchmark_pipeline_ld_006/benchmark_results/sciphi/no_cnv/0005/post_processed/sciphi.cell_names	/raid/kang/DelSIEVE/simulation_results/IndelSIEVE_benchmark_pipeline_ld_006/benchmark_results/simulated_data/results/data_type/no_cnv/0005/true_evo_events_sites_names	/raid/kang/DelSIEVE/simulation_results/IndelSIEVE_benchmark_pipeline_ld_006/benchmark_results/sciphi/no_cnv/0005/post_processed/sciphi.loci_info	/raid/kang/DelSIEVE/simulation_results/IndelSIEVE_benchmark_pipeline_ld_006/benchmark_results/simulated_data/results/data_type/no_cnv/0005/true_evo_events_genotypes_numeric	/raid/kang/DelSIEVE/simulation_results/IndelSIEVE_benchmark_pipeline_ld_006/benchmark_results/sciphi/no_cnv/0005/post_processed/sciphi.genotypes	/raid/kang/DelSIEVE/simulation_results/IndelSIEVE_benchmark_pipeline_ld_006/benchmark_results/simulated_data/results/data_type/no_cnv/0005/true_evo_events_ternary_matrix.simple	/raid/kang/DelSIEVE/simulation_results/IndelSIEVE_benchmark_pipeline_ld_006/benchmark_results/sciphi/no_cnv/0005/post_processed/sciphi.ternary	/raid/kang/DelSIEVE/simulation_results/IndelSIEVE_benchmark_pipeline_ld_006/benchmark_results/sciphi/no_cnv/0005/post_processed/sciphi.genotype_probs	6188	988	6832	1752	0.7793450881612091	0.8623188405797102	0.8187351151098174	0.1263427109974424	5963	1213	8106	470	0.9269392196486864	0.8309643255295429	0.8763318392240429	0.1301641807060843	4603	2573	8123	453	0.9104034810126582	0.6414437012263099	0.7526160889470241	0.2405572176514585	0	0	14912	840	0.0	NA	NA	0.0	840	988	7	833	0	0	11995	1485	0.0	NA	0.0	NA	0	0	13469	11	0.0	NA	0.0	NA	0	0	12943	537	0.0	NA	0.0	NA	0	0	12543	937	0.0	NA	0.0	NA	720	217	527	0	0	0	13480	0	NA	NA	0.0	NA
40	20	2	0.001999	0.16334	3e-05	7.5e-06	0.0	0006	sciphi	candidate_snvs	NA	NA	no_cnv	/raid/kang/DelSIEVE/simulation_results/IndelSIEVE_benchmark_pipeline_ld_006/benchmark_results/simulated_data/results/cell_names	/raid/kang/DelSIEVE/simulation_results/IndelSIEVE_benchmark_pipeline_ld_006/benchmark_results/sciphi/no_cnv/0006/post_processed/sciphi.cell_names	/raid/kang/DelSIEVE/simulation_results/IndelSIEVE_benchmark_pipeline_ld_006/benchmark_results/simulated_data/results/data_type/no_cnv/0006/true_evo_events_sites_names	/raid/kang/DelSIEVE/simulation_results/IndelSIEVE_benchmark_pipeline_ld_006/benchmark_results/sciphi/no_cnv/0006/post_processed/sciphi.loci_info	/raid/kang/DelSIEVE/simulation_results/IndelSIEVE_benchmark_pipeline_ld_006/benchmark_results/simulated_data/results/data_type/no_cnv/0006/true_evo_events_genotypes_numeric	/raid/kang/DelSIEVE/simulation_results/IndelSIEVE_benchmark_pipeline_ld_006/benchmark_results/sciphi/no_cnv/0006/post_processed/sciphi.genotypes	/raid/kang/DelSIEVE/simulation_results/IndelSIEVE_benchmark_pipeline_ld_006/benchmark_results/simulated_data/results/data_type/no_cnv/0006/true_evo_events_ternary_matrix.simple	/raid/kang/DelSIEVE/simulation_results/IndelSIEVE_benchmark_pipeline_ld_006/benchmark_results/sciphi/no_cnv/0006/post_processed/sciphi.ternary	/raid/kang/DelSIEVE/simulation_results/IndelSIEVE_benchmark_pipeline_ld_006/benchmark_results/sciphi/no_cnv/0006/post_processed/sciphi.genotype_probs	5462	573	4644	1721	0.7604065153835445	0.9050538525269264	0.8264487819639885	0.1098332374928119	5238	797	6011	342	0.9387096774193548	0.867937033968517	0.9019371502367628	0.1170681551116333	3680	2355	6041	312	0.9218436873747496	0.6097763048881525	0.7340181509923207	0.280490709861839	0	0	11331	1057	0.0	NA	NA	0.0	1057	573	8	1049	0	0	9366	1554	0.0	NA	0.0	NA	0	0	10866	54	0.0	NA	0.0	NA	0	0	10389	531	0.0	NA	0.0	NA	0	0	9951	969	0.0	NA	0.0	NA	756	213	509	0	0	0	10920	0	NA	NA	0.0	NA
40	20	2	0.001999	0.16334	3e-05	7.5e-06	0.0	0007	sciphi	candidate_snvs	NA	NA	no_cnv	/raid/kang/DelSIEVE/simulation_results/IndelSIEVE_benchmark_pipeline_ld_006/benchmark_results/simulated_data/results/cell_names	/raid/kang/DelSIEVE/simulation_results/IndelSIEVE_benchmark_pipeline_ld_006/benchmark_results/sciphi/no_cnv/0007/post_processed/sciphi.cell_names	/raid/kang/DelSIEVE/simulation_results/IndelSIEVE_benchmark_pipeline_ld_006/benchmark_results/simulated_data/results/data_type/no_cnv/0007/true_evo_events_sites_names	/raid/kang/DelSIEVE/simulation_results/IndelSIEVE_benchmark_pipeline_ld_006/benchmark_results/sciphi/no_cnv/0007/post_processed/sciphi.loci_info	/raid/kang/DelSIEVE/simulation_results/IndelSIEVE_benchmark_pipeline_ld_006/benchmark_results/simulated_data/results/data_type/no_cnv/0007/true_evo_events_genotypes_numeric	/raid/kang/DelSIEVE/simulation_results/IndelSIEVE_benchmark_pipeline_ld_006/benchmark_results/sciphi/no_cnv/0007/post_processed/sciphi.genotypes	/raid/kang/DelSIEVE/simulation_results/IndelSIEVE_benchmark_pipeline_ld_006/benchmark_results/simulated_data/results/data_type/no_cnv/0007/true_evo_events_ternary_matrix.simple	/raid/kang/DelSIEVE/simulation_results/IndelSIEVE_benchmark_pipeline_ld_006/benchmark_results/sciphi/no_cnv/0007/post_processed/sciphi.ternary	/raid/kang/DelSIEVE/simulation_results/IndelSIEVE_benchmark_pipeline_ld_006/benchmark_results/sciphi/no_cnv/0007/post_processed/sciphi.genotype_probs	9525	1581	15786	2708	0.7786315703425162	0.8576445164775797	0.8162303440592998	0.0910347210226291	9308	1798	17752	733	0.926999302858281	0.8381055285431298	0.880313992528491	0.0919693094629156	7661	3445	17779	706	0.9156208915979444	0.689807311363227	0.7868330508909773	0.1623162457595175	0	0	28428	1163	0.0	NA	NA	0.0	1163	1581	10	1153	0	0	21555	1845	0.0	NA	0.0	NA	0	0	23358	42	0.0	NA	0.0	NA	0	0	22889	511	0.0	NA	0.0	NA	0	0	22108	1292	0.0	NA	0.0	NA	1083	209	494	0	0	0	23400	0	NA	NA	0.0	NA
40	20	2	0.001999	0.16334	3e-05	7.5e-06	0.0	0008	sciphi	candidate_snvs	NA	NA	no_cnv	/raid/kang/DelSIEVE/simulation_results/IndelSIEVE_benchmark_pipeline_ld_006/benchmark_results/simulated_data/results/cell_names	/raid/kang/DelSIEVE/simulation_results/IndelSIEVE_benchmark_pipeline_ld_006/benchmark_results/sciphi/no_cnv/0008/post_processed/sciphi.cell_names	/raid/kang/DelSIEVE/simulation_results/IndelSIEVE_benchmark_pipeline_ld_006/benchmark_results/simulated_data/results/data_type/no_cnv/0008/true_evo_events_sites_names	/raid/kang/DelSIEVE/simulation_results/IndelSIEVE_benchmark_pipeline_ld_006/benchmark_results/sciphi/no_cnv/0008/post_processed/sciphi.loci_info	/raid/kang/DelSIEVE/simulation_results/IndelSIEVE_benchmark_pipeline_ld_006/benchmark_results/simulated_data/results/data_type/no_cnv/0008/true_evo_events_genotypes_numeric	/raid/kang/DelSIEVE/simulation_results/IndelSIEVE_benchmark_pipeline_ld_006/benchmark_results/sciphi/no_cnv/0008/post_processed/sciphi.genotypes	/raid/kang/DelSIEVE/simulation_results/IndelSIEVE_benchmark_pipeline_ld_006/benchmark_results/simulated_data/results/data_type/no_cnv/0008/true_evo_events_ternary_matrix.simple	/raid/kang/DelSIEVE/simulation_results/IndelSIEVE_benchmark_pipeline_ld_006/benchmark_results/sciphi/no_cnv/0008/post_processed/sciphi.ternary	/raid/kang/DelSIEVE/simulation_results/IndelSIEVE_benchmark_pipeline_ld_006/benchmark_results/sciphi/no_cnv/0008/post_processed/sciphi.genotype_probs	7203	740	17880	3537	0.6706703910614525	0.9068362079818708	0.7710753091045335	0.0397422126745435	7034	909	20156	1245	0.8496195192656117	0.8855596122371899	0.8672173591419061	0.0431521481129836	6032	1911	20206	1195	0.8346478483464785	0.7594108019639935	0.7952537903757415	0.0864041235248903	0	0	28694	650	0.0	NA	NA	0.0	650	740	18	632	0	0	21081	1799	0.0	NA	0.0	NA	0	0	22810	70	0.0	NA	0.0	NA	0	0	22478	402	0.0	NA	0.0	NA	0	0	21553	1327	0.0	NA	0.0	NA	1189	138	370	0	0	0	22880	0	NA	NA	0.0	NA
40	20	2	0.001999	0.16334	3e-05	7.5e-06	0.0	0009	sciphi	candidate_snvs	NA	NA	no_cnv	/raid/kang/DelSIEVE/simulation_results/IndelSIEVE_benchmark_pipeline_ld_006/benchmark_results/simulated_data/results/cell_names	/raid/kang/DelSIEVE/simulation_results/IndelSIEVE_benchmark_pipeline_ld_006/benchmark_results/sciphi/no_cnv/0009/post_processed/sciphi.cell_names	/raid/kang/DelSIEVE/simulation_results/IndelSIEVE_benchmark_pipeline_ld_006/benchmark_results/simulated_data/results/data_type/no_cnv/0009/true_evo_events_sites_names	/raid/kang/DelSIEVE/simulation_results/IndelSIEVE_benchmark_pipeline_ld_006/benchmark_results/sciphi/no_cnv/0009/post_processed/sciphi.loci_info	/raid/kang/DelSIEVE/simulation_results/IndelSIEVE_benchmark_pipeline_ld_006/benchmark_results/simulated_data/results/data_type/no_cnv/0009/true_evo_events_genotypes_numeric	/raid/kang/DelSIEVE/simulation_results/IndelSIEVE_benchmark_pipeline_ld_006/benchmark_results/sciphi/no_cnv/0009/post_processed/sciphi.genotypes	/raid/kang/DelSIEVE/simulation_results/IndelSIEVE_benchmark_pipeline_ld_006/benchmark_results/simulated_data/results/data_type/no_cnv/0009/true_evo_events_ternary_matrix.simple	/raid/kang/DelSIEVE/simulation_results/IndelSIEVE_benchmark_pipeline_ld_006/benchmark_results/sciphi/no_cnv/0009/post_processed/sciphi.ternary	/raid/kang/DelSIEVE/simulation_results/IndelSIEVE_benchmark_pipeline_ld_006/benchmark_results/sciphi/no_cnv/0009/post_processed/sciphi.genotype_probs	7869	903	7699	2089	0.7902189194617393	0.8970588235294118	0.8402562733582487	0.1049755870727737	7645	1127	9285	494	0.9393045828725888	0.8715230278157775	0.9041452309147892	0.1082404917402996	5959	2813	9312	467	0.9273264861500156	0.6793205654354765	0.78418212922753	0.232	0	0	17544	1007	0.0	NA	NA	0.0	1007	903	9	998	0	0	14397	2003	0.0	NA	0.0	NA	0	0	16325	75	0.0	NA	0.0	NA	0	0	15694	706	0.0	NA	0.0	NA	0	0	15178	1222	0.0	NA	0.0	NA	1020	202	688	0	0	0	16400	0	NA	NA	0.0	NA
40	20	2	0.001999	0.16334	3e-05	7.5e-06	0.0	0010	sciphi	candidate_snvs	NA	NA	no_cnv	/raid/kang/DelSIEVE/simulation_results/IndelSIEVE_benchmark_pipeline_ld_006/benchmark_results/simulated_data/results/cell_names	/raid/kang/DelSIEVE/simulation_results/IndelSIEVE_benchmark_pipeline_ld_006/benchmark_results/sciphi/no_cnv/0010/post_processed/sciphi.cell_names	/raid/kang/DelSIEVE/simulation_results/IndelSIEVE_benchmark_pipeline_ld_006/benchmark_results/simulated_data/results/data_type/no_cnv/0010/true_evo_events_sites_names	/raid/kang/DelSIEVE/simulation_results/IndelSIEVE_benchmark_pipeline_ld_006/benchmark_results/sciphi/no_cnv/0010/post_processed/sciphi.loci_info	/raid/kang/DelSIEVE/simulation_results/IndelSIEVE_benchmark_pipeline_ld_006/benchmark_results/simulated_data/results/data_type/no_cnv/0010/true_evo_events_genotypes_numeric	/raid/kang/DelSIEVE/simulation_results/IndelSIEVE_benchmark_pipeline_ld_006/benchmark_results/sciphi/no_cnv/0010/post_processed/sciphi.genotypes	/raid/kang/DelSIEVE/simulation_results/IndelSIEVE_benchmark_pipeline_ld_006/benchmark_results/simulated_data/results/data_type/no_cnv/0010/true_evo_events_ternary_matrix.simple	/raid/kang/DelSIEVE/simulation_results/IndelSIEVE_benchmark_pipeline_ld_006/benchmark_results/sciphi/no_cnv/0010/post_processed/sciphi.ternary	/raid/kang/DelSIEVE/simulation_results/IndelSIEVE_benchmark_pipeline_ld_006/benchmark_results/sciphi/no_cnv/0010/post_processed/sciphi.genotype_probs	6782	759	6962	2017	0.7707694056142743	0.8993502188038721	0.830110159118727	0.0983033285843802	6577	964	8495	483	0.931586402266289	0.8721654952924015	0.9008971988219984	0.1019135215139021	5037	2504	8516	462	0.9159847244953628	0.6679485479379392	0.7725460122699387	0.2272232304900181	0	0	15453	1066	0.0	NA	NA	0.0	1066	759	6	1060	0	0	12544	1776	0.0	NA	0.0	NA	0	0	14161	159	0.0	NA	0.0	NA	0	0	13825	495	0.0	NA	0.0	NA	0	0	13198	1122	0.0	NA	0.0	NA	934	188	480	0	0	0	14320	0	NA	NA	0.0	NA
40	20	2	0.001999	0.16334	3e-05	7.5e-06	0.0	0001	sciphin	candidate_snvs	NA	NA	no_cnv	/raid/kang/DelSIEVE/simulation_results/IndelSIEVE_benchmark_pipeline_ld_006/benchmark_results/simulated_data/results/cell_names	/raid/kang/DelSIEVE/simulation_results/IndelSIEVE_benchmark_pipeline_ld_006/benchmark_results/sciphin/no_cnv/0001/post_processed/sciphin.cell_names	/raid/kang/DelSIEVE/simulation_results/IndelSIEVE_benchmark_pipeline_ld_006/benchmark_results/simulated_data/results/data_type/no_cnv/0001/true_evo_events_sites_names	/raid/kang/DelSIEVE/simulation_results/IndelSIEVE_benchmark_pipeline_ld_006/benchmark_results/sciphin/no_cnv/0001/post_processed/sciphin.loci_info	/raid/kang/DelSIEVE/simulation_results/IndelSIEVE_benchmark_pipeline_ld_006/benchmark_results/simulated_data/results/data_type/no_cnv/0001/true_evo_events_genotypes_numeric	/raid/kang/DelSIEVE/simulation_results/IndelSIEVE_benchmark_pipeline_ld_006/benchmark_results/sciphin/no_cnv/0001/post_processed/sciphin.genotypes	/raid/kang/DelSIEVE/simulation_results/IndelSIEVE_benchmark_pipeline_ld_006/benchmark_results/simulated_data/results/data_type/no_cnv/0001/true_evo_events_ternary_matrix.simple	/raid/kang/DelSIEVE/simulation_results/IndelSIEVE_benchmark_pipeline_ld_006/benchmark_results/sciphin/no_cnv/0001/post_processed/sciphin.ternary	/raid/kang/DelSIEVE/simulation_results/IndelSIEVE_benchmark_pipeline_ld_006/benchmark_results/sciphin/no_cnv/0001/post_processed/sciphin.genotype_probs	6047	150	9126	2277	0.7264536280634311	0.9757947393900276	0.8328627504992769	0.0161707632600258	5980	217	10778	613	0.9070225997269832	0.964983056317573	0.9351055512118842	0.0197362437471577	4912	1285	10818	573	0.8955332725615315	0.7926416007745684	0.8409518917993494	0.1061720234652565	0	0	16880	708	0.0	NA	NA	0.0	708	150	10	698	0	0	13253	1547	0.0	NA	0.0	NA	0	0	14784	16	0.0	NA	0.0	NA	0	0	14400	400	0.0	NA	0.0	NA	0	0	13669	1131	0.0	NA	0.0	NA	1073	58	370	0	0	0	14800	0	NA	NA	0.0	NA
40	20	2	0.001999	0.16334	3e-05	7.5e-06	0.0	0002	sciphin	candidate_snvs	NA	NA	no_cnv	/raid/kang/DelSIEVE/simulation_results/IndelSIEVE_benchmark_pipeline_ld_006/benchmark_results/simulated_data/results/cell_names	/raid/kang/DelSIEVE/simulation_results/IndelSIEVE_benchmark_pipeline_ld_006/benchmark_results/sciphin/no_cnv/0002/post_processed/sciphin.cell_names	/raid/kang/DelSIEVE/simulation_results/IndelSIEVE_benchmark_pipeline_ld_006/benchmark_results/simulated_data/results/data_type/no_cnv/0002/true_evo_events_sites_names	/raid/kang/DelSIEVE/simulation_results/IndelSIEVE_benchmark_pipeline_ld_006/benchmark_results/sciphin/no_cnv/0002/post_processed/sciphin.loci_info	/raid/kang/DelSIEVE/simulation_results/IndelSIEVE_benchmark_pipeline_ld_006/benchmark_results/simulated_data/results/data_type/no_cnv/0002/true_evo_events_genotypes_numeric	/raid/kang/DelSIEVE/simulation_results/IndelSIEVE_benchmark_pipeline_ld_006/benchmark_results/sciphin/no_cnv/0002/post_processed/sciphin.genotypes	/raid/kang/DelSIEVE/simulation_results/IndelSIEVE_benchmark_pipeline_ld_006/benchmark_results/simulated_data/results/data_type/no_cnv/0002/true_evo_events_ternary_matrix.simple	/raid/kang/DelSIEVE/simulation_results/IndelSIEVE_benchmark_pipeline_ld_006/benchmark_results/sciphin/no_cnv/0002/post_processed/sciphin.ternary	/raid/kang/DelSIEVE/simulation_results/IndelSIEVE_benchmark_pipeline_ld_006/benchmark_results/sciphin/no_cnv/0002/post_processed/sciphin.genotype_probs	5606	249	10506	2079	0.7294729993493819	0.957472245943638	0.8280649926144756	0.0231520223152022	5518	337	11999	582	0.9045901639344264	0.9424423569598632	0.923128398159766	0.0273184176394293	4647	1208	12028	553	0.8936538461538461	0.7936806148590948	0.8407055630936228	0.0912662435781202	0	0	17787	649	0.0	NA	NA	0.0	649	249	6	643	0	0	13801	1279	0.0	NA	0.0	NA	0	0	15057	23	0.0	NA	0.0	NA	0	0	14829	251	0.0	NA	0.0	NA	0	0	14075	1005	0.0	NA	0.0	NA	927	78	228	0	0	0	15080	0	NA	NA	0.0	NA
40	20	2	0.001999	0.16334	3e-05	7.5e-06	0.0	0003	sciphin	candidate_snvs	NA	NA	no_cnv	/raid/kang/DelSIEVE/simulation_results/IndelSIEVE_benchmark_pipeline_ld_006/benchmark_results/simulated_data/results/cell_names	/raid/kang/DelSIEVE/simulation_results/IndelSIEVE_benchmark_pipeline_ld_006/benchmark_results/sciphin/no_cnv/0003/post_processed/sciphin.cell_names	/raid/kang/DelSIEVE/simulation_results/IndelSIEVE_benchmark_pipeline_ld_006/benchmark_results/simulated_data/results/data_type/no_cnv/0003/true_evo_events_sites_names	/raid/kang/DelSIEVE/simulation_results/IndelSIEVE_benchmark_pipeline_ld_006/benchmark_results/sciphin/no_cnv/0003/post_processed/sciphin.loci_info	/raid/kang/DelSIEVE/simulation_results/IndelSIEVE_benchmark_pipeline_ld_006/benchmark_results/simulated_data/results/data_type/no_cnv/0003/true_evo_events_genotypes_numeric	/raid/kang/DelSIEVE/simulation_results/IndelSIEVE_benchmark_pipeline_ld_006/benchmark_results/sciphin/no_cnv/0003/post_processed/sciphin.genotypes	/raid/kang/DelSIEVE/simulation_results/IndelSIEVE_benchmark_pipeline_ld_006/benchmark_results/simulated_data/results/data_type/no_cnv/0003/true_evo_events_ternary_matrix.simple	/raid/kang/DelSIEVE/simulation_results/IndelSIEVE_benchmark_pipeline_ld_006/benchmark_results/sciphin/no_cnv/0003/post_processed/sciphin.ternary	/raid/kang/DelSIEVE/simulation_results/IndelSIEVE_benchmark_pipeline_ld_006/benchmark_results/sciphin/no_cnv/0003/post_processed/sciphin.genotype_probs	5063	130	4380	1747	0.7434654919236418	0.9749663007895244	0.8436224277264018	0.0288248337028824	4987	206	5862	263	0.949904761904762	0.9603312150972464	0.9550895336589104	0.0339485827290705	3548	1645	5876	249	0.9344219120358176	0.6832274215289813	0.7893214682981089	0.2187209147719718	0	0	10406	912	0.0	NA	NA	0.0	912	130	1	911	0	0	8762	1758	0.0	NA	0.0	NA	0	0	10480	40	0.0	NA	0.0	NA	0	0	9979	541	0.0	NA	0.0	NA	0	0	9343	1177	0.0	NA	0.0	NA	1116	61	528	0	0	0	10520	0	NA	NA	0.0	NA
40	20	2	0.001999	0.16334	3e-05	7.5e-06	0.0	0004	sciphin	candidate_snvs	NA	NA	no_cnv	/raid/kang/DelSIEVE/simulation_results/IndelSIEVE_benchmark_pipeline_ld_006/benchmark_results/simulated_data/results/cell_names	/raid/kang/DelSIEVE/simulation_results/IndelSIEVE_benchmark_pipeline_ld_006/benchmark_results/sciphin/no_cnv/0004/post_processed/sciphin.cell_names	/raid/kang/DelSIEVE/simulation_results/IndelSIEVE_benchmark_pipeline_ld_006/benchmark_results/simulated_data/results/data_type/no_cnv/0004/true_evo_events_sites_names	/raid/kang/DelSIEVE/simulation_results/IndelSIEVE_benchmark_pipeline_ld_006/benchmark_results/sciphin/no_cnv/0004/post_processed/sciphin.loci_info	/raid/kang/DelSIEVE/simulation_results/IndelSIEVE_benchmark_pipeline_ld_006/benchmark_results/simulated_data/results/data_type/no_cnv/0004/true_evo_events_genotypes_numeric	/raid/kang/DelSIEVE/simulation_results/IndelSIEVE_benchmark_pipeline_ld_006/benchmark_results/sciphin/no_cnv/0004/post_processed/sciphin.genotypes	/raid/kang/DelSIEVE/simulation_results/IndelSIEVE_benchmark_pipeline_ld_006/benchmark_results/simulated_data/results/data_type/no_cnv/0004/true_evo_events_ternary_matrix.simple	/raid/kang/DelSIEVE/simulation_results/IndelSIEVE_benchmark_pipeline_ld_006/benchmark_results/sciphin/no_cnv/0004/post_processed/sciphin.ternary	/raid/kang/DelSIEVE/simulation_results/IndelSIEVE_benchmark_pipeline_ld_006/benchmark_results/sciphin/no_cnv/0004/post_processed/sciphin.genotype_probs	5958	114	5744	1704	0.7776037588097102	0.9812252964426876	0.8676277850589776	0.0194605667463298	5927	145	7045	400	0.9367788841473051	0.9761198945981556	0.956044842325994	0.0201668984700973	4381	1691	7062	383	0.9196053736356004	0.7215085638998683	0.8086009597637505	0.1931909059750942	0	0	12608	909	0.0	NA	NA	0.0	909	114	2	907	0	0	10572	1668	0.0	NA	0.0	NA	0	0	12159	81	0.0	NA	0.0	NA	0	0	11586	654	0.0	NA	0.0	NA	0	0	11307	933	0.0	NA	0.0	NA	910	23	639	0	0	0	12240	0	NA	NA	0.0	NA
40	20	2	0.001999	0.16334	3e-05	7.5e-06	0.0	0005	sciphin	candidate_snvs	NA	NA	no_cnv	/raid/kang/DelSIEVE/simulation_results/IndelSIEVE_benchmark_pipeline_ld_006/benchmark_results/simulated_data/results/cell_names	/raid/kang/DelSIEVE/simulation_results/IndelSIEVE_benchmark_pipeline_ld_006/benchmark_results/sciphin/no_cnv/0005/post_processed/sciphin.cell_names	/raid/kang/DelSIEVE/simulation_results/IndelSIEVE_benchmark_pipeline_ld_006/benchmark_results/simulated_data/results/data_type/no_cnv/0005/true_evo_events_sites_names	/raid/kang/DelSIEVE/simulation_results/IndelSIEVE_benchmark_pipeline_ld_006/benchmark_results/sciphin/no_cnv/0005/post_processed/sciphin.loci_info	/raid/kang/DelSIEVE/simulation_results/IndelSIEVE_benchmark_pipeline_ld_006/benchmark_results/simulated_data/results/data_type/no_cnv/0005/true_evo_events_genotypes_numeric	/raid/kang/DelSIEVE/simulation_results/IndelSIEVE_benchmark_pipeline_ld_006/benchmark_results/sciphin/no_cnv/0005/post_processed/sciphin.genotypes	/raid/kang/DelSIEVE/simulation_results/IndelSIEVE_benchmark_pipeline_ld_006/benchmark_results/simulated_data/results/data_type/no_cnv/0005/true_evo_events_ternary_matrix.simple	/raid/kang/DelSIEVE/simulation_results/IndelSIEVE_benchmark_pipeline_ld_006/benchmark_results/sciphin/no_cnv/0005/post_processed/sciphin.ternary	/raid/kang/DelSIEVE/simulation_results/IndelSIEVE_benchmark_pipeline_ld_006/benchmark_results/sciphin/no_cnv/0005/post_processed/sciphin.genotype_probs	5984	203	7617	1956	0.7536523929471033	0.9671892678196218	0.8471720818291216	0.0259590792838874	5925	262	9057	508	0.9210321778330484	0.9576531436883788	0.938985736925515	0.0281146045713059	4564	1623	9073	492	0.9026898734177216	0.7376757717795377	0.811882949390732	0.1517389678384443	0	0	14912	840	0.0	NA	NA	0.0	840	203	6	834	0	0	11995	1485	0.0	NA	0.0	NA	0	0	13469	11	0.0	NA	0.0	NA	0	0	12943	537	0.0	NA	0.0	NA	0	0	12543	937	0.0	NA	0.0	NA	884	53	527	0	0	0	13480	0	NA	NA	0.0	NA
40	20	2	0.001999	0.16334	3e-05	7.5e-06	0.0	0006	sciphin	candidate_snvs	NA	NA	no_cnv	/raid/kang/DelSIEVE/simulation_results/IndelSIEVE_benchmark_pipeline_ld_006/benchmark_results/simulated_data/results/cell_names	/raid/kang/DelSIEVE/simulation_results/IndelSIEVE_benchmark_pipeline_ld_006/benchmark_results/sciphin/no_cnv/0006/post_processed/sciphin.cell_names	/raid/kang/DelSIEVE/simulation_results/IndelSIEVE_benchmark_pipeline_ld_006/benchmark_results/simulated_data/results/data_type/no_cnv/0006/true_evo_events_sites_names	/raid/kang/DelSIEVE/simulation_results/IndelSIEVE_benchmark_pipeline_ld_006/benchmark_results/sciphin/no_cnv/0006/post_processed/sciphin.loci_info	/raid/kang/DelSIEVE/simulation_results/IndelSIEVE_benchmark_pipeline_ld_006/benchmark_results/simulated_data/results/data_type/no_cnv/0006/true_evo_events_genotypes_numeric	/raid/kang/DelSIEVE/simulation_results/IndelSIEVE_benchmark_pipeline_ld_006/benchmark_results/sciphin/no_cnv/0006/post_processed/sciphin.genotypes	/raid/kang/DelSIEVE/simulation_results/IndelSIEVE_benchmark_pipeline_ld_006/benchmark_results/simulated_data/results/data_type/no_cnv/0006/true_evo_events_ternary_matrix.simple	/raid/kang/DelSIEVE/simulation_results/IndelSIEVE_benchmark_pipeline_ld_006/benchmark_results/sciphin/no_cnv/0006/post_processed/sciphin.ternary	/raid/kang/DelSIEVE/simulation_results/IndelSIEVE_benchmark_pipeline_ld_006/benchmark_results/sciphin/no_cnv/0006/post_processed/sciphin.genotype_probs	5323	139	5078	1860	0.7410552693860504	0.974551446356646	0.8419137999209172	0.0266436649415372	5246	216	6592	334	0.9401433691756272	0.9604540461369462	0.9501901829378736	0.0317273795534665	3680	1782	6614	312	0.9218436873747496	0.6737458806298059	0.7785064522953248	0.2122439256788947	0	0	11331	1057	0.0	NA	NA	0.0	1057	139	6	1051	0	0	9366	1554	0.0	NA	0.0	NA	0	0	10866	54	0.0	NA	0.0	NA	0	0	10389	531	0.0	NA	0.0	NA	0	0	9951	969	0.0	NA	0.0	NA	896	73	515	0	0	0	10920	0	NA	NA	0.0	NA
40	20	2	0.001999	0.16334	3e-05	7.5e-06	0.0	0007	sciphin	candidate_snvs	NA	NA	no_cnv	/raid/kang/DelSIEVE/simulation_results/IndelSIEVE_benchmark_pipeline_ld_006/benchmark_results/simulated_data/results/cell_names	/raid/kang/DelSIEVE/simulation_results/IndelSIEVE_benchmark_pipeline_ld_006/benchmark_results/sciphin/no_cnv/0007/post_processed/sciphin.cell_names	/raid/kang/DelSIEVE/simulation_results/IndelSIEVE_benchmark_pipeline_ld_006/benchmark_results/simulated_data/results/data_type/no_cnv/0007/true_evo_events_sites_names	/raid/kang/DelSIEVE/simulation_results/IndelSIEVE_benchmark_pipeline_ld_006/benchmark_results/sciphin/no_cnv/0007/post_processed/sciphin.loci_info	/raid/kang/DelSIEVE/simulation_results/IndelSIEVE_benchmark_pipeline_ld_006/benchmark_results/simulated_data/results/data_type/no_cnv/0007/true_evo_events_genotypes_numeric	/raid/kang/DelSIEVE/simulation_results/IndelSIEVE_benchmark_pipeline_ld_006/benchmark_results/sciphin/no_cnv/0007/post_processed/sciphin.genotypes	/raid/kang/DelSIEVE/simulation_results/IndelSIEVE_benchmark_pipeline_ld_006/benchmark_results/simulated_data/results/data_type/no_cnv/0007/true_evo_events_ternary_matrix.simple	/raid/kang/DelSIEVE/simulation_results/IndelSIEVE_benchmark_pipeline_ld_006/benchmark_results/sciphin/no_cnv/0007/post_processed/sciphin.ternary	/raid/kang/DelSIEVE/simulation_results/IndelSIEVE_benchmark_pipeline_ld_006/benchmark_results/sciphin/no_cnv/0007/post_processed/sciphin.genotype_probs	9253	211	17156	2980	0.7563966320608191	0.977704987320372	0.8529289763561783	0.0121494788967582	9203	261	19289	838	0.9165421770739968	0.9724218089602704	0.9436554729556524	0.0133503836317135	7558	1906	19318	809	0.9033106250746982	0.7986052409129332	0.8477370870955078	0.0898039954768187	0	0	28428	1163	0.0	NA	NA	0.0	1163	211	9	1154	0	0	21555	1845	0.0	NA	0.0	NA	0	0	23358	42	0.0	NA	0.0	NA	0	0	22889	511	0.0	NA	0.0	NA	0	0	22108	1292	0.0	NA	0.0	NA	1247	45	491	0	0	0	23400	0	NA	NA	0.0	NA
40	20	2	0.001999	0.16334	3e-05	7.5e-06	0.0	0008	sciphin	candidate_snvs	NA	NA	no_cnv	/raid/kang/DelSIEVE/simulation_results/IndelSIEVE_benchmark_pipeline_ld_006/benchmark_results/simulated_data/results/cell_names	/raid/kang/DelSIEVE/simulation_results/IndelSIEVE_benchmark_pipeline_ld_006/benchmark_results/sciphin/no_cnv/0008/post_processed/sciphin.cell_names	/raid/kang/DelSIEVE/simulation_results/IndelSIEVE_benchmark_pipeline_ld_006/benchmark_results/simulated_data/results/data_type/no_cnv/0008/true_evo_events_sites_names	/raid/kang/DelSIEVE/simulation_results/IndelSIEVE_benchmark_pipeline_ld_006/benchmark_results/sciphin/no_cnv/0008/post_processed/sciphin.loci_info	/raid/kang/DelSIEVE/simulation_results/IndelSIEVE_benchmark_pipeline_ld_006/benchmark_results/simulated_data/results/data_type/no_cnv/0008/true_evo_events_genotypes_numeric	/raid/kang/DelSIEVE/simulation_results/IndelSIEVE_benchmark_pipeline_ld_006/benchmark_results/sciphin/no_cnv/0008/post_processed/sciphin.genotypes	/raid/kang/DelSIEVE/simulation_results/IndelSIEVE_benchmark_pipeline_ld_006/benchmark_results/simulated_data/results/data_type/no_cnv/0008/true_evo_events_ternary_matrix.simple	/raid/kang/DelSIEVE/simulation_results/IndelSIEVE_benchmark_pipeline_ld_006/benchmark_results/sciphin/no_cnv/0008/post_processed/sciphin.ternary	/raid/kang/DelSIEVE/simulation_results/IndelSIEVE_benchmark_pipeline_ld_006/benchmark_results/sciphin/no_cnv/0008/post_processed/sciphin.genotype_probs	7425	280	18340	3315	0.6913407821229051	0.963659961064244	0.8050962320412037	0.0150375939849624	7345	360	20705	934	0.8871844425655272	0.9532770927968852	0.919044044044044	0.0170899596487063	6315	1390	20727	912	0.8738065587380656	0.8195976638546398	0.84583444950442	0.0628475833069584	0	0	28694	650	0.0	NA	NA	0.0	650	280	7	643	0	0	21081	1799	0.0	NA	0.0	NA	0	0	22810	70	0.0	NA	0.0	NA	0	0	22478	402	0.0	NA	0.0	NA	0	0	21553	1327	0.0	NA	0.0	NA	1262	65	387	0	0	0	22880	0	NA	NA	0.0	NA
40	20	2	0.001999	0.16334	3e-05	7.5e-06	0.0	0009	sciphin	candidate_snvs	NA	NA	no_cnv	/raid/kang/DelSIEVE/simulation_results/IndelSIEVE_benchmark_pipeline_ld_006/benchmark_results/simulated_data/results/cell_names	/raid/kang/DelSIEVE/simulation_results/IndelSIEVE_benchmark_pipeline_ld_006/benchmark_results/sciphin/no_cnv/0009/post_processed/sciphin.cell_names	/raid/kang/DelSIEVE/simulation_results/IndelSIEVE_benchmark_pipeline_ld_006/benchmark_results/simulated_data/results/data_type/no_cnv/0009/true_evo_events_sites_names	/raid/kang/DelSIEVE/simulation_results/IndelSIEVE_benchmark_pipeline_ld_006/benchmark_results/sciphin/no_cnv/0009/post_processed/sciphin.loci_info	/raid/kang/DelSIEVE/simulation_results/IndelSIEVE_benchmark_pipeline_ld_006/benchmark_results/simulated_data/results/data_type/no_cnv/0009/true_evo_events_genotypes_numeric	/raid/kang/DelSIEVE/simulation_results/IndelSIEVE_benchmark_pipeline_ld_006/benchmark_results/sciphin/no_cnv/0009/post_processed/sciphin.genotypes	/raid/kang/DelSIEVE/simulation_results/IndelSIEVE_benchmark_pipeline_ld_006/benchmark_results/simulated_data/results/data_type/no_cnv/0009/true_evo_events_ternary_matrix.simple	/raid/kang/DelSIEVE/simulation_results/IndelSIEVE_benchmark_pipeline_ld_006/benchmark_results/sciphin/no_cnv/0009/post_processed/sciphin.ternary	/raid/kang/DelSIEVE/simulation_results/IndelSIEVE_benchmark_pipeline_ld_006/benchmark_results/sciphin/no_cnv/0009/post_processed/sciphin.genotype_probs	7618	153	8449	2340	0.7650130548302873	0.9803114142324024	0.859382931919454	0.0177865612648221	7516	255	10157	623	0.923454969898022	0.9671856903873376	0.9448145820238844	0.024490971955436	5839	1932	10193	587	0.9086523498288204	0.7513833483464162	0.8225681482003241	0.159340206185567	0	0	17544	1007	0.0	NA	NA	0.0	1007	153	15	992	0	0	14397	2003	0.0	NA	0.0	NA	0	0	16325	75	0.0	NA	0.0	NA	0	0	15694	706	0.0	NA	0.0	NA	0	0	15178	1222	0.0	NA	0.0	NA	1134	88	685	0	0	0	16400	0	NA	NA	0.0	NA
40	20	2	0.001999	0.16334	3e-05	7.5e-06	0.0	0010	sciphin	candidate_snvs	NA	NA	no_cnv	/raid/kang/DelSIEVE/simulation_results/IndelSIEVE_benchmark_pipeline_ld_006/benchmark_results/simulated_data/results/cell_names	/raid/kang/DelSIEVE/simulation_results/IndelSIEVE_benchmark_pipeline_ld_006/benchmark_results/sciphin/no_cnv/0010/post_processed/sciphin.cell_names	/raid/kang/DelSIEVE/simulation_results/IndelSIEVE_benchmark_pipeline_ld_006/benchmark_results/simulated_data/results/data_type/no_cnv/0010/true_evo_events_sites_names	/raid/kang/DelSIEVE/simulation_results/IndelSIEVE_benchmark_pipeline_ld_006/benchmark_results/sciphin/no_cnv/0010/post_processed/sciphin.loci_info	/raid/kang/DelSIEVE/simulation_results/IndelSIEVE_benchmark_pipeline_ld_006/benchmark_results/simulated_data/results/data_type/no_cnv/0010/true_evo_events_genotypes_numeric	/raid/kang/DelSIEVE/simulation_results/IndelSIEVE_benchmark_pipeline_ld_006/benchmark_results/sciphin/no_cnv/0010/post_processed/sciphin.genotypes	/raid/kang/DelSIEVE/simulation_results/IndelSIEVE_benchmark_pipeline_ld_006/benchmark_results/simulated_data/results/data_type/no_cnv/0010/true_evo_events_ternary_matrix.simple	/raid/kang/DelSIEVE/simulation_results/IndelSIEVE_benchmark_pipeline_ld_006/benchmark_results/sciphin/no_cnv/0010/post_processed/sciphin.ternary	/raid/kang/DelSIEVE/simulation_results/IndelSIEVE_benchmark_pipeline_ld_006/benchmark_results/sciphin/no_cnv/0010/post_processed/sciphin.genotype_probs	6654	165	7556	2145	0.7562222979884078	0.975802903651562	0.8520937379946215	0.0213702888226913	6598	221	9238	462	0.9345609065155808	0.9675905557999708	0.9507889617407594	0.023363991965324	5052	1767	9253	447	0.9187124931805782	0.7408710954685438	0.8202630297126158	0.1603448275862068	0	0	15453	1066	0.0	NA	NA	0.0	1066	165	3	1063	0	0	12544	1776	0.0	NA	0.0	NA	0	0	14161	159	0.0	NA	0.0	NA	0	0	13825	495	0.0	NA	0.0	NA	0	0	13198	1122	0.0	NA	0.0	NA	1068	54	483	0	0	0	14320	0	NA	NA	0.0	NA
40	20	2	0.001999	0.16334	3e-05	7.5e-06	0.0	0001	sieve	candidate_snvs	smc_mu_ld_stage_1	mt	no_cnv	/raid/kang/DelSIEVE/simulation_results/IndelSIEVE_benchmark_pipeline_ld_006/benchmark_results/simulated_data/results/cell_names	/raid/kang/DelSIEVE/simulation_results/IndelSIEVE_benchmark_pipeline_ld_006/benchmark_results/indelsieve/from_candidate/variant_calling/mt/no_cnv/smc_mu_ld_stage_1/0001/indelsieve_median.cell_names	/raid/kang/DelSIEVE/simulation_results/IndelSIEVE_benchmark_pipeline_ld_006/benchmark_results/simulated_data/results/data_type/no_cnv/0001/true_evo_events_sites_names	/raid/kang/DelSIEVE/simulation_results/IndelSIEVE_benchmark_pipeline_ld_006/benchmark_results/indelsieve/from_candidate/variant_calling/mt/no_cnv/smc_mu_ld_stage_1/0001/indelsieve_median.loci_info	/raid/kang/DelSIEVE/simulation_results/IndelSIEVE_benchmark_pipeline_ld_006/benchmark_results/simulated_data/results/data_type/no_cnv/0001/true_evo_events_genotypes_numeric	/raid/kang/DelSIEVE/simulation_results/IndelSIEVE_benchmark_pipeline_ld_006/benchmark_results/indelsieve/from_candidate/variant_calling/mt/no_cnv/smc_mu_ld_stage_1/0001/indelsieve_median.genotypes	/raid/kang/DelSIEVE/simulation_results/IndelSIEVE_benchmark_pipeline_ld_006/benchmark_results/simulated_data/results/data_type/no_cnv/0001/true_evo_events_ternary_matrix.simple	/raid/kang/DelSIEVE/simulation_results/IndelSIEVE_benchmark_pipeline_ld_006/benchmark_results/indelsieve/from_candidate/variant_calling/mt/no_cnv/smc_mu_ld_stage_1/0001/indelsieve_median.ternary	/raid/kang/DelSIEVE/simulation_results/IndelSIEVE_benchmark_pipeline_ld_006/benchmark_results/indelsieve/from_candidate/variant_calling/mt/no_cnv/smc_mu_ld_stage_1/0001/indelsieve_median.probs	6392	45	9231	1932	0.7679000480538203	0.9930091657604474	0.8660659846893842	0.0048512289780077	6334	103	10892	259	0.9607159108145004	0.983998757185024	0.9722179585571756	0.0093678944974988	5203	344	11759	282	0.9485870556061988	0.937984496124031	0.943255982596084	0.0284227051144344	616	274	16606	92	0.8700564971751412	0.6921348314606741	0.7709637046307886	0.0162322274881516	708	45	4	88	0	0	13136	1544	0.0	NA	0.0	NA	0	0	14664	16	0.0	NA	0.0	NA	0	0	14280	400	0.0	NA	0.0	NA	0	0	13552	1128	0.0	NA	0.0	NA	1074	54	156	237	0	0	14680	0	NA	NA	0.0	NA
40	20	2	0.001999	0.16334	3e-05	7.5e-06	0.0	0002	sieve	candidate_snvs	smc_mu_ld_stage_1	mt	no_cnv	/raid/kang/DelSIEVE/simulation_results/IndelSIEVE_benchmark_pipeline_ld_006/benchmark_results/simulated_data/results/cell_names	/raid/kang/DelSIEVE/simulation_results/IndelSIEVE_benchmark_pipeline_ld_006/benchmark_results/indelsieve/from_candidate/variant_calling/mt/no_cnv/smc_mu_ld_stage_1/0002/indelsieve_median.cell_names	/raid/kang/DelSIEVE/simulation_results/IndelSIEVE_benchmark_pipeline_ld_006/benchmark_results/simulated_data/results/data_type/no_cnv/0002/true_evo_events_sites_names	/raid/kang/DelSIEVE/simulation_results/IndelSIEVE_benchmark_pipeline_ld_006/benchmark_results/indelsieve/from_candidate/variant_calling/mt/no_cnv/smc_mu_ld_stage_1/0002/indelsieve_median.loci_info	/raid/kang/DelSIEVE/simulation_results/IndelSIEVE_benchmark_pipeline_ld_006/benchmark_results/simulated_data/results/data_type/no_cnv/0002/true_evo_events_genotypes_numeric	/raid/kang/DelSIEVE/simulation_results/IndelSIEVE_benchmark_pipeline_ld_006/benchmark_results/indelsieve/from_candidate/variant_calling/mt/no_cnv/smc_mu_ld_stage_1/0002/indelsieve_median.genotypes	/raid/kang/DelSIEVE/simulation_results/IndelSIEVE_benchmark_pipeline_ld_006/benchmark_results/simulated_data/results/data_type/no_cnv/0002/true_evo_events_ternary_matrix.simple	/raid/kang/DelSIEVE/simulation_results/IndelSIEVE_benchmark_pipeline_ld_006/benchmark_results/indelsieve/from_candidate/variant_calling/mt/no_cnv/smc_mu_ld_stage_1/0002/indelsieve_median.ternary	/raid/kang/DelSIEVE/simulation_results/IndelSIEVE_benchmark_pipeline_ld_006/benchmark_results/indelsieve/from_candidate/variant_calling/mt/no_cnv/smc_mu_ld_stage_1/0002/indelsieve_median.probs	5942	48	10707	1743	0.7731945348080677	0.9919866444073456	0.8690310786106032	0.004463040446304	5852	138	12198	248	0.959344262295082	0.9769616026711184	0.968072787427626	0.0111867704280155	4945	360	12876	255	0.9509615384615384	0.9321394910461828	0.9414564493098524	0.027198549410698	562	123	17664	87	0.8659476117103235	0.8204379562043795	0.8425787106446776	0.0069151627593186	649	48	2	85	0	0	13642	1278	0.0	NA	0.0	NA	0	0	14897	23	0.0	NA	0.0	NA	0	0	14669	251	0.0	NA	0.0	NA	0	0	13916	1004	0.0	NA	0.0	NA	923	81	145	99	0	0	14920	0	NA	NA	0.0	NA
40	20	2	0.001999	0.16334	3e-05	7.5e-06	0.0	0003	sieve	candidate_snvs	smc_mu_ld_stage_1	mt	no_cnv	/raid/kang/DelSIEVE/simulation_results/IndelSIEVE_benchmark_pipeline_ld_006/benchmark_results/simulated_data/results/cell_names	/raid/kang/DelSIEVE/simulation_results/IndelSIEVE_benchmark_pipeline_ld_006/benchmark_results/indelsieve/from_candidate/variant_calling/mt/no_cnv/smc_mu_ld_stage_1/0003/indelsieve_median.cell_names	/raid/kang/DelSIEVE/simulation_results/IndelSIEVE_benchmark_pipeline_ld_006/benchmark_results/simulated_data/results/data_type/no_cnv/0003/true_evo_events_sites_names	/raid/kang/DelSIEVE/simulation_results/IndelSIEVE_benchmark_pipeline_ld_006/benchmark_results/indelsieve/from_candidate/variant_calling/mt/no_cnv/smc_mu_ld_stage_1/0003/indelsieve_median.loci_info	/raid/kang/DelSIEVE/simulation_results/IndelSIEVE_benchmark_pipeline_ld_006/benchmark_results/simulated_data/results/data_type/no_cnv/0003/true_evo_events_genotypes_numeric	/raid/kang/DelSIEVE/simulation_results/IndelSIEVE_benchmark_pipeline_ld_006/benchmark_results/indelsieve/from_candidate/variant_calling/mt/no_cnv/smc_mu_ld_stage_1/0003/indelsieve_median.genotypes	/raid/kang/DelSIEVE/simulation_results/IndelSIEVE_benchmark_pipeline_ld_006/benchmark_results/simulated_data/results/data_type/no_cnv/0003/true_evo_events_ternary_matrix.simple	/raid/kang/DelSIEVE/simulation_results/IndelSIEVE_benchmark_pipeline_ld_006/benchmark_results/indelsieve/from_candidate/variant_calling/mt/no_cnv/smc_mu_ld_stage_1/0003/indelsieve_median.ternary	/raid/kang/DelSIEVE/simulation_results/IndelSIEVE_benchmark_pipeline_ld_006/benchmark_results/indelsieve/from_candidate/variant_calling/mt/no_cnv/smc_mu_ld_stage_1/0003/indelsieve_median.probs	5245	44	4466	1565	0.7701908957415565	0.9916808470410284	0.8670138027936194	0.0097560975609756	5166	123	5945	84	0.984	0.9767441860465116	0.9803586678052946	0.0202702702702702	3705	318	7203	92	0.9757703450092178	0.9209545115585384	0.9475703324808183	0.042281611487834	868	398	10008	44	0.9517543859649122	0.6856240126382307	0.7970615243342517	0.0382471650970593	912	44	0	44	0	0	8722	1758	0.0	NA	0.0	NA	0	0	10440	40	0.0	NA	0.0	NA	0	0	9939	541	0.0	NA	0.0	NA	0	0	9303	1177	0.0	NA	0.0	NA	1112	65	154	384	0	0	10480	0	NA	NA	0.0	NA
40	20	2	0.001999	0.16334	3e-05	7.5e-06	0.0	0004	sieve	candidate_snvs	smc_mu_ld_stage_1	mt	no_cnv	/raid/kang/DelSIEVE/simulation_results/IndelSIEVE_benchmark_pipeline_ld_006/benchmark_results/simulated_data/results/cell_names	/raid/kang/DelSIEVE/simulation_results/IndelSIEVE_benchmark_pipeline_ld_006/benchmark_results/indelsieve/from_candidate/variant_calling/mt/no_cnv/smc_mu_ld_stage_1/0004/indelsieve_median.cell_names	/raid/kang/DelSIEVE/simulation_results/IndelSIEVE_benchmark_pipeline_ld_006/benchmark_results/simulated_data/results/data_type/no_cnv/0004/true_evo_events_sites_names	/raid/kang/DelSIEVE/simulation_results/IndelSIEVE_benchmark_pipeline_ld_006/benchmark_results/indelsieve/from_candidate/variant_calling/mt/no_cnv/smc_mu_ld_stage_1/0004/indelsieve_median.loci_info	/raid/kang/DelSIEVE/simulation_results/IndelSIEVE_benchmark_pipeline_ld_006/benchmark_results/simulated_data/results/data_type/no_cnv/0004/true_evo_events_genotypes_numeric	/raid/kang/DelSIEVE/simulation_results/IndelSIEVE_benchmark_pipeline_ld_006/benchmark_results/indelsieve/from_candidate/variant_calling/mt/no_cnv/smc_mu_ld_stage_1/0004/indelsieve_median.genotypes	/raid/kang/DelSIEVE/simulation_results/IndelSIEVE_benchmark_pipeline_ld_006/benchmark_results/simulated_data/results/data_type/no_cnv/0004/true_evo_events_ternary_matrix.simple	/raid/kang/DelSIEVE/simulation_results/IndelSIEVE_benchmark_pipeline_ld_006/benchmark_results/indelsieve/from_candidate/variant_calling/mt/no_cnv/smc_mu_ld_stage_1/0004/indelsieve_median.ternary	/raid/kang/DelSIEVE/simulation_results/IndelSIEVE_benchmark_pipeline_ld_006/benchmark_results/indelsieve/from_candidate/variant_calling/mt/no_cnv/smc_mu_ld_stage_1/0004/indelsieve_median.probs	6298	57	5801	1364	0.8219785956669277	0.9910306845003934	0.8986231005207962	0.0097302833731649	6225	130	7060	102	0.9838786154575628	0.979543666404406	0.9817063554644376	0.0180806675938803	4649	325	8428	115	0.9758606213266164	0.934660233212706	0.9548161840213596	0.0371301268136638	821	560	12048	88	0.9031903190319032	0.5944967414916728	0.7170305676855896	0.0444162436548223	909	57	0	88	0	0	10399	1641	0.0	NA	0.0	NA	0	0	11967	73	0.0	NA	0.0	NA	0	0	11386	654	0.0	NA	0.0	NA	0	0	11126	914	0.0	NA	0.0	NA	871	43	111	540	0	0	12040	0	NA	NA	0.0	NA
40	20	2	0.001999	0.16334	3e-05	7.5e-06	0.0	0005	sieve	candidate_snvs	smc_mu_ld_stage_1	mt	no_cnv	/raid/kang/DelSIEVE/simulation_results/IndelSIEVE_benchmark_pipeline_ld_006/benchmark_results/simulated_data/results/cell_names	/raid/kang/DelSIEVE/simulation_results/IndelSIEVE_benchmark_pipeline_ld_006/benchmark_results/indelsieve/from_candidate/variant_calling/mt/no_cnv/smc_mu_ld_stage_1/0005/indelsieve_median.cell_names	/raid/kang/DelSIEVE/simulation_results/IndelSIEVE_benchmark_pipeline_ld_006/benchmark_results/simulated_data/results/data_type/no_cnv/0005/true_evo_events_sites_names	/raid/kang/DelSIEVE/simulation_results/IndelSIEVE_benchmark_pipeline_ld_006/benchmark_results/indelsieve/from_candidate/variant_calling/mt/no_cnv/smc_mu_ld_stage_1/0005/indelsieve_median.loci_info	/raid/kang/DelSIEVE/simulation_results/IndelSIEVE_benchmark_pipeline_ld_006/benchmark_results/simulated_data/results/data_type/no_cnv/0005/true_evo_events_genotypes_numeric	/raid/kang/DelSIEVE/simulation_results/IndelSIEVE_benchmark_pipeline_ld_006/benchmark_results/indelsieve/from_candidate/variant_calling/mt/no_cnv/smc_mu_ld_stage_1/0005/indelsieve_median.genotypes	/raid/kang/DelSIEVE/simulation_results/IndelSIEVE_benchmark_pipeline_ld_006/benchmark_results/simulated_data/results/data_type/no_cnv/0005/true_evo_events_ternary_matrix.simple	/raid/kang/DelSIEVE/simulation_results/IndelSIEVE_benchmark_pipeline_ld_006/benchmark_results/indelsieve/from_candidate/variant_calling/mt/no_cnv/smc_mu_ld_stage_1/0005/indelsieve_median.ternary	/raid/kang/DelSIEVE/simulation_results/IndelSIEVE_benchmark_pipeline_ld_006/benchmark_results/indelsieve/from_candidate/variant_calling/mt/no_cnv/smc_mu_ld_stage_1/0005/indelsieve_median.probs	6289	42	7778	1651	0.7920654911838791	0.9933659769388722	0.8813678088431085	0.0053708439897698	6231	100	9219	202	0.9685994092958184	0.9842047069973148	0.9763397054214978	0.0107307651035518	4843	250	10446	213	0.957871835443038	0.9509130178676616	0.9543797418464872	0.0233732236350037	770	468	14444	70	0.9166666666666666	0.6219709208400647	0.741097208854668	0.0313841201716738	840	42	4	66	0	0	11768	1472	0.0	NA	0.0	NA	0	0	13229	11	0.0	NA	0.0	NA	0	0	12703	537	0.0	NA	0.0	NA	0	0	12316	924	0.0	NA	0.0	NA	872	52	90	445	0	0	13240	0	NA	NA	0.0	NA
40	20	2	0.001999	0.16334	3e-05	7.5e-06	0.0	0006	sieve	candidate_snvs	smc_mu_ld_stage_1	mt	no_cnv	/raid/kang/DelSIEVE/simulation_results/IndelSIEVE_benchmark_pipeline_ld_006/benchmark_results/simulated_data/results/cell_names	/raid/kang/DelSIEVE/simulation_results/IndelSIEVE_benchmark_pipeline_ld_006/benchmark_results/indelsieve/from_candidate/variant_calling/mt/no_cnv/smc_mu_ld_stage_1/0006/indelsieve_median.cell_names	/raid/kang/DelSIEVE/simulation_results/IndelSIEVE_benchmark_pipeline_ld_006/benchmark_results/simulated_data/results/data_type/no_cnv/0006/true_evo_events_sites_names	/raid/kang/DelSIEVE/simulation_results/IndelSIEVE_benchmark_pipeline_ld_006/benchmark_results/indelsieve/from_candidate/variant_calling/mt/no_cnv/smc_mu_ld_stage_1/0006/indelsieve_median.loci_info	/raid/kang/DelSIEVE/simulation_results/IndelSIEVE_benchmark_pipeline_ld_006/benchmark_results/simulated_data/results/data_type/no_cnv/0006/true_evo_events_genotypes_numeric	/raid/kang/DelSIEVE/simulation_results/IndelSIEVE_benchmark_pipeline_ld_006/benchmark_results/indelsieve/from_candidate/variant_calling/mt/no_cnv/smc_mu_ld_stage_1/0006/indelsieve_median.genotypes	/raid/kang/DelSIEVE/simulation_results/IndelSIEVE_benchmark_pipeline_ld_006/benchmark_results/simulated_data/results/data_type/no_cnv/0006/true_evo_events_ternary_matrix.simple	/raid/kang/DelSIEVE/simulation_results/IndelSIEVE_benchmark_pipeline_ld_006/benchmark_results/indelsieve/from_candidate/variant_calling/mt/no_cnv/smc_mu_ld_stage_1/0006/indelsieve_median.ternary	/raid/kang/DelSIEVE/simulation_results/IndelSIEVE_benchmark_pipeline_ld_006/benchmark_results/indelsieve/from_candidate/variant_calling/mt/no_cnv/smc_mu_ld_stage_1/0006/indelsieve_median.probs	5557	35	5182	1626	0.7736321871084505	0.9937410586552218	0.8699804305283758	0.0067088364960705	5479	113	6695	101	0.9818996415770608	0.9797925608011444	0.980844969566774	0.0165981198589894	3871	326	8070	121	0.969689378757515	0.9223254705742197	0.9454145805348638	0.0388280133396855	1008	387	10944	49	0.9536423841059604	0.7225806451612903	0.8221859706362153	0.034154090548054	1057	35	0	49	0	0	9213	1547	0.0	NA	0.0	NA	0	0	10706	54	0.0	NA	0.0	NA	0	0	10229	531	0.0	NA	0.0	NA	0	0	9798	962	0.0	NA	0.0	NA	896	66	165	363	0	0	10760	0	NA	NA	0.0	NA
40	20	2	0.001999	0.16334	3e-05	7.5e-06	0.0	0007	sieve	candidate_snvs	smc_mu_ld_stage_1	mt	no_cnv	/raid/kang/DelSIEVE/simulation_results/IndelSIEVE_benchmark_pipeline_ld_006/benchmark_results/simulated_data/results/cell_names	/raid/kang/DelSIEVE/simulation_results/IndelSIEVE_benchmark_pipeline_ld_006/benchmark_results/indelsieve/from_candidate/variant_calling/mt/no_cnv/smc_mu_ld_stage_1/0007/indelsieve_median.cell_names	/raid/kang/DelSIEVE/simulation_results/IndelSIEVE_benchmark_pipeline_ld_006/benchmark_results/simulated_data/results/data_type/no_cnv/0007/true_evo_events_sites_names	/raid/kang/DelSIEVE/simulation_results/IndelSIEVE_benchmark_pipeline_ld_006/benchmark_results/indelsieve/from_candidate/variant_calling/mt/no_cnv/smc_mu_ld_stage_1/0007/indelsieve_median.loci_info	/raid/kang/DelSIEVE/simulation_results/IndelSIEVE_benchmark_pipeline_ld_006/benchmark_results/simulated_data/results/data_type/no_cnv/0007/true_evo_events_genotypes_numeric	/raid/kang/DelSIEVE/simulation_results/IndelSIEVE_benchmark_pipeline_ld_006/benchmark_results/indelsieve/from_candidate/variant_calling/mt/no_cnv/smc_mu_ld_stage_1/0007/indelsieve_median.genotypes	/raid/kang/DelSIEVE/simulation_results/IndelSIEVE_benchmark_pipeline_ld_006/benchmark_results/simulated_data/results/data_type/no_cnv/0007/true_evo_events_ternary_matrix.simple	/raid/kang/DelSIEVE/simulation_results/IndelSIEVE_benchmark_pipeline_ld_006/benchmark_results/indelsieve/from_candidate/variant_calling/mt/no_cnv/smc_mu_ld_stage_1/0007/indelsieve_median.ternary	/raid/kang/DelSIEVE/simulation_results/IndelSIEVE_benchmark_pipeline_ld_006/benchmark_results/indelsieve/from_candidate/variant_calling/mt/no_cnv/smc_mu_ld_stage_1/0007/indelsieve_median.probs	9754	52	17315	2479	0.7973514264693861	0.9946971242096676	0.8851581287717228	0.0029941843726607	9666	140	19410	375	0.962653122198984	0.9857230267183356	0.9740514939285534	0.007161125319693	7976	372	20852	391	0.9532687940719492	0.9554384283660756	0.9543523781034998	0.0175273275537127	1052	406	28022	111	0.9045571797076526	0.7215363511659808	0.8027470431133155	0.0142816941044041	1163	52	3	108	0	0	21407	1833	0.0	NA	0.0	NA	0	0	23198	42	0.0	NA	0.0	NA	0	0	22729	511	0.0	NA	0.0	NA	0	0	21960	1280	0.0	NA	0.0	NA	1199	81	129	380	0	0	23240	0	NA	NA	0.0	NA
40	20	2	0.001999	0.16334	3e-05	7.5e-06	0.0	0008	sieve	candidate_snvs	smc_mu_ld_stage_1	mt	no_cnv	/raid/kang/DelSIEVE/simulation_results/IndelSIEVE_benchmark_pipeline_ld_006/benchmark_results/simulated_data/results/cell_names	/raid/kang/DelSIEVE/simulation_results/IndelSIEVE_benchmark_pipeline_ld_006/benchmark_results/indelsieve/from_candidate/variant_calling/mt/no_cnv/smc_mu_ld_stage_1/0008/indelsieve_median.cell_names	/raid/kang/DelSIEVE/simulation_results/IndelSIEVE_benchmark_pipeline_ld_006/benchmark_results/simulated_data/results/data_type/no_cnv/0008/true_evo_events_sites_names	/raid/kang/DelSIEVE/simulation_results/IndelSIEVE_benchmark_pipeline_ld_006/benchmark_results/indelsieve/from_candidate/variant_calling/mt/no_cnv/smc_mu_ld_stage_1/0008/indelsieve_median.loci_info	/raid/kang/DelSIEVE/simulation_results/IndelSIEVE_benchmark_pipeline_ld_006/benchmark_results/simulated_data/results/data_type/no_cnv/0008/true_evo_events_genotypes_numeric	/raid/kang/DelSIEVE/simulation_results/IndelSIEVE_benchmark_pipeline_ld_006/benchmark_results/indelsieve/from_candidate/variant_calling/mt/no_cnv/smc_mu_ld_stage_1/0008/indelsieve_median.genotypes	/raid/kang/DelSIEVE/simulation_results/IndelSIEVE_benchmark_pipeline_ld_006/benchmark_results/simulated_data/results/data_type/no_cnv/0008/true_evo_events_ternary_matrix.simple	/raid/kang/DelSIEVE/simulation_results/IndelSIEVE_benchmark_pipeline_ld_006/benchmark_results/indelsieve/from_candidate/variant_calling/mt/no_cnv/smc_mu_ld_stage_1/0008/indelsieve_median.ternary	/raid/kang/DelSIEVE/simulation_results/IndelSIEVE_benchmark_pipeline_ld_006/benchmark_results/indelsieve/from_candidate/variant_calling/mt/no_cnv/smc_mu_ld_stage_1/0008/indelsieve_median.probs	7953	105	18515	2787	0.7405027932960894	0.986969471332837	0.846153846153846	0.0056390977443609	7878	180	20885	401	0.9515641985747072	0.977661950856292	0.9644365550590684	0.0085449798243531	6819	423	21694	408	0.9435450394354504	0.9415907207953604	0.9425668670951692	0.0191255595243477	554	262	28432	96	0.8523076923076923	0.678921568627451	0.7557980900409277	0.0091308287446853	650	105	5	91	0	0	21001	1799	0.0	NA	0.0	NA	0	0	22730	70	0.0	NA	0.0	NA	0	0	22398	402	0.0	NA	0.0	NA	0	0	21473	1327	0.0	NA	0.0	NA	1269	56	169	231	0	0	22800	0	NA	NA	0.0	NA
40	20	2	0.001999	0.16334	3e-05	7.5e-06	0.0	0009	sieve	candidate_snvs	smc_mu_ld_stage_1	mt	no_cnv	/raid/kang/DelSIEVE/simulation_results/IndelSIEVE_benchmark_pipeline_ld_006/benchmark_results/simulated_data/results/cell_names	/raid/kang/DelSIEVE/simulation_results/IndelSIEVE_benchmark_pipeline_ld_006/benchmark_results/indelsieve/from_candidate/variant_calling/mt/no_cnv/smc_mu_ld_stage_1/0009/indelsieve_median.cell_names	/raid/kang/DelSIEVE/simulation_results/IndelSIEVE_benchmark_pipeline_ld_006/benchmark_results/simulated_data/results/data_type/no_cnv/0009/true_evo_events_sites_names	/raid/kang/DelSIEVE/simulation_results/IndelSIEVE_benchmark_pipeline_ld_006/benchmark_results/indelsieve/from_candidate/variant_calling/mt/no_cnv/smc_mu_ld_stage_1/0009/indelsieve_median.loci_info	/raid/kang/DelSIEVE/simulation_results/IndelSIEVE_benchmark_pipeline_ld_006/benchmark_results/simulated_data/results/data_type/no_cnv/0009/true_evo_events_genotypes_numeric	/raid/kang/DelSIEVE/simulation_results/IndelSIEVE_benchmark_pipeline_ld_006/benchmark_results/indelsieve/from_candidate/variant_calling/mt/no_cnv/smc_mu_ld_stage_1/0009/indelsieve_median.genotypes	/raid/kang/DelSIEVE/simulation_results/IndelSIEVE_benchmark_pipeline_ld_006/benchmark_results/simulated_data/results/data_type/no_cnv/0009/true_evo_events_ternary_matrix.simple	/raid/kang/DelSIEVE/simulation_results/IndelSIEVE_benchmark_pipeline_ld_006/benchmark_results/indelsieve/from_candidate/variant_calling/mt/no_cnv/smc_mu_ld_stage_1/0009/indelsieve_median.ternary	/raid/kang/DelSIEVE/simulation_results/IndelSIEVE_benchmark_pipeline_ld_006/benchmark_results/indelsieve/from_candidate/variant_calling/mt/no_cnv/smc_mu_ld_stage_1/0009/indelsieve_median.probs	8082	73	8529	1876	0.8116087567784696	0.9910484365419988	0.8923977253906035	0.0084863985119739	7952	203	10209	187	0.9770242044477208	0.975107296137339	0.9760648091321958	0.0194967345370726	6221	474	11651	205	0.9680983504512916	0.9292008961911876	0.9482508955110128	0.0390927835051546	892	568	16976	115	0.8857994041708044	0.6109589041095891	0.7231455208755575	0.032375740994072	1007	73	1	114	0	0	14255	1985	0.0	NA	0.0	NA	0	0	16168	72	0.0	NA	0.0	NA	0	0	15534	706	0.0	NA	0.0	NA	0	0	15033	1207	0.0	NA	0.0	NA	1095	111	172	531	0	0	16240	0	NA	NA	0.0	NA
40	20	2	0.001999	0.16334	3e-05	7.5e-06	0.0	0010	sieve	candidate_snvs	smc_mu_ld_stage_1	mt	no_cnv	/raid/kang/DelSIEVE/simulation_results/IndelSIEVE_benchmark_pipeline_ld_006/benchmark_results/simulated_data/results/cell_names	/raid/kang/DelSIEVE/simulation_results/IndelSIEVE_benchmark_pipeline_ld_006/benchmark_results/indelsieve/from_candidate/variant_calling/mt/no_cnv/smc_mu_ld_stage_1/0010/indelsieve_mode_gaussian.cell_names	/raid/kang/DelSIEVE/simulation_results/IndelSIEVE_benchmark_pipeline_ld_006/benchmark_results/simulated_data/results/data_type/no_cnv/0010/true_evo_events_sites_names	/raid/kang/DelSIEVE/simulation_results/IndelSIEVE_benchmark_pipeline_ld_006/benchmark_results/indelsieve/from_candidate/variant_calling/mt/no_cnv/smc_mu_ld_stage_1/0010/indelsieve_mode_gaussian.loci_info	/raid/kang/DelSIEVE/simulation_results/IndelSIEVE_benchmark_pipeline_ld_006/benchmark_results/simulated_data/results/data_type/no_cnv/0010/true_evo_events_genotypes_numeric	/raid/kang/DelSIEVE/simulation_results/IndelSIEVE_benchmark_pipeline_ld_006/benchmark_results/indelsieve/from_candidate/variant_calling/mt/no_cnv/smc_mu_ld_stage_1/0010/indelsieve_mode_gaussian.genotypes	/raid/kang/DelSIEVE/simulation_results/IndelSIEVE_benchmark_pipeline_ld_006/benchmark_results/simulated_data/results/data_type/no_cnv/0010/true_evo_events_ternary_matrix.simple	/raid/kang/DelSIEVE/simulation_results/IndelSIEVE_benchmark_pipeline_ld_006/benchmark_results/indelsieve/from_candidate/variant_calling/mt/no_cnv/smc_mu_ld_stage_1/0010/indelsieve_mode_gaussian.ternary	/raid/kang/DelSIEVE/simulation_results/IndelSIEVE_benchmark_pipeline_ld_006/benchmark_results/indelsieve/from_candidate/variant_calling/mt/no_cnv/smc_mu_ld_stage_1/0010/indelsieve_mode_gaussian.probs	6933	36	7685	1866	0.7879304466416638	0.9948342660352992	0.8793759512937596	0.0046626084704053	6887	82	9377	173	0.9754957507082151	0.9882336059692926	0.9818233658849526	0.0086689924939211	5309	253	10767	190	0.9654482633206036	0.9545127651923768	0.9599493716662144	0.0229582577132486	996	411	15042	70	0.9343339587242028	0.7078891257995735	0.8054993934492519	0.0265967773247913	1066	36	1	69	0	0	12400	1760	0.0	NA	0.0	NA	0	0	14001	159	0.0	NA	0.0	NA	0	0	13665	495	0.0	NA	0.0	NA	0	0	13054	1106	0.0	NA	0.0	NA	1066	40	102	391	0	0	14160	0	NA	NA	0.0	NA
40	20	2	0.001999	0.16334	3e-05	7.5e-06	0.0	0001	sieve	candidate_snvs	smc_mu_sa_stage_1	mt	no_cnv	/raid/kang/DelSIEVE/simulation_results/IndelSIEVE_benchmark_pipeline_ld_006/benchmark_results/simulated_data/results/cell_names	/raid/kang/DelSIEVE/simulation_results/IndelSIEVE_benchmark_pipeline_ld_006/benchmark_results/indelsieve/from_candidate/variant_calling/mt/no_cnv/smc_mu_sa_stage_1/0001/indelsieve_median.cell_names	/raid/kang/DelSIEVE/simulation_results/IndelSIEVE_benchmark_pipeline_ld_006/benchmark_results/simulated_data/results/data_type/no_cnv/0001/true_evo_events_sites_names	/raid/kang/DelSIEVE/simulation_results/IndelSIEVE_benchmark_pipeline_ld_006/benchmark_results/indelsieve/from_candidate/variant_calling/mt/no_cnv/smc_mu_sa_stage_1/0001/indelsieve_median.loci_info	/raid/kang/DelSIEVE/simulation_results/IndelSIEVE_benchmark_pipeline_ld_006/benchmark_results/simulated_data/results/data_type/no_cnv/0001/true_evo_events_genotypes_numeric	/raid/kang/DelSIEVE/simulation_results/IndelSIEVE_benchmark_pipeline_ld_006/benchmark_results/indelsieve/from_candidate/variant_calling/mt/no_cnv/smc_mu_sa_stage_1/0001/indelsieve_median.genotypes	/raid/kang/DelSIEVE/simulation_results/IndelSIEVE_benchmark_pipeline_ld_006/benchmark_results/simulated_data/results/data_type/no_cnv/0001/true_evo_events_ternary_matrix.simple	/raid/kang/DelSIEVE/simulation_results/IndelSIEVE_benchmark_pipeline_ld_006/benchmark_results/indelsieve/from_candidate/variant_calling/mt/no_cnv/smc_mu_sa_stage_1/0001/indelsieve_median.ternary	/raid/kang/DelSIEVE/simulation_results/IndelSIEVE_benchmark_pipeline_ld_006/benchmark_results/indelsieve/from_candidate/variant_calling/mt/no_cnv/smc_mu_sa_stage_1/0001/indelsieve_median.probs	6317	40	9236	2007	0.7588899567515618	0.9937077237690736	0.8605680811933792	0.0043122035360068	6269	88	10907	324	0.95085696951312	0.9861569922919616	0.968185328185328	0.0080036380172805	5134	288	11815	351	0.936007292616226	0.9468830689782368	0.9414137709727698	0.0237957531190613	624	311	16569	84	0.8813559322033898	0.667379679144385	0.7595861229458308	0.0184241706161137	708	40	4	80	0	0	13136	1544	0.0	NA	0.0	NA	0	0	14664	16	0.0	NA	0.0	NA	0	0	14280	400	0.0	NA	0.0	NA	0	0	13552	1128	0.0	NA	0.0	NA	1084	44	123	270	0	0	14680	0	NA	NA	0.0	NA
40	20	2	0.001999	0.16334	3e-05	7.5e-06	0.0	0002	sieve	candidate_snvs	smc_mu_sa_stage_1	mt	no_cnv	/raid/kang/DelSIEVE/simulation_results/IndelSIEVE_benchmark_pipeline_ld_006/benchmark_results/simulated_data/results/cell_names	/raid/kang/DelSIEVE/simulation_results/IndelSIEVE_benchmark_pipeline_ld_006/benchmark_results/indelsieve/from_candidate/variant_calling/mt/no_cnv/smc_mu_sa_stage_1/0002/indelsieve_median.cell_names	/raid/kang/DelSIEVE/simulation_results/IndelSIEVE_benchmark_pipeline_ld_006/benchmark_results/simulated_data/results/data_type/no_cnv/0002/true_evo_events_sites_names	/raid/kang/DelSIEVE/simulation_results/IndelSIEVE_benchmark_pipeline_ld_006/benchmark_results/indelsieve/from_candidate/variant_calling/mt/no_cnv/smc_mu_sa_stage_1/0002/indelsieve_median.loci_info	/raid/kang/DelSIEVE/simulation_results/IndelSIEVE_benchmark_pipeline_ld_006/benchmark_results/simulated_data/results/data_type/no_cnv/0002/true_evo_events_genotypes_numeric	/raid/kang/DelSIEVE/simulation_results/IndelSIEVE_benchmark_pipeline_ld_006/benchmark_results/indelsieve/from_candidate/variant_calling/mt/no_cnv/smc_mu_sa_stage_1/0002/indelsieve_median.genotypes	/raid/kang/DelSIEVE/simulation_results/IndelSIEVE_benchmark_pipeline_ld_006/benchmark_results/simulated_data/results/data_type/no_cnv/0002/true_evo_events_ternary_matrix.simple	/raid/kang/DelSIEVE/simulation_results/IndelSIEVE_benchmark_pipeline_ld_006/benchmark_results/indelsieve/from_candidate/variant_calling/mt/no_cnv/smc_mu_sa_stage_1/0002/indelsieve_median.ternary	/raid/kang/DelSIEVE/simulation_results/IndelSIEVE_benchmark_pipeline_ld_006/benchmark_results/indelsieve/from_candidate/variant_calling/mt/no_cnv/smc_mu_sa_stage_1/0002/indelsieve_median.probs	5847	47	10708	1838	0.760832791151594	0.9920257889379028	0.8611827085941527	0.004370060437006	5798	96	12240	302	0.9504918032786884	0.983712249745504	0.9668167417041854	0.0077821011673151	4880	290	12946	320	0.9384615384615383	0.943907156673114	0.9411764705882352	0.0219099425808401	550	174	17613	99	0.847457627118644	0.7596685082872928	0.8011653313911143	0.0097824253668409	649	47	2	97	0	0	13642	1278	0.0	NA	0.0	NA	0	0	14897	23	0.0	NA	0.0	NA	0	0	14669	251	0.0	NA	0.0	NA	0	0	13916	1004	0.0	NA	0.0	NA	963	41	105	139	0	0	14920	0	NA	NA	0.0	NA
40	20	2	0.001999	0.16334	3e-05	7.5e-06	0.0	0003	sieve	candidate_snvs	smc_mu_sa_stage_1	mt	no_cnv	/raid/kang/DelSIEVE/simulation_results/IndelSIEVE_benchmark_pipeline_ld_006/benchmark_results/simulated_data/results/cell_names	/raid/kang/DelSIEVE/simulation_results/IndelSIEVE_benchmark_pipeline_ld_006/benchmark_results/indelsieve/from_candidate/variant_calling/mt/no_cnv/smc_mu_sa_stage_1/0003/indelsieve_median.cell_names	/raid/kang/DelSIEVE/simulation_results/IndelSIEVE_benchmark_pipeline_ld_006/benchmark_results/simulated_data/results/data_type/no_cnv/0003/true_evo_events_sites_names	/raid/kang/DelSIEVE/simulation_results/IndelSIEVE_benchmark_pipeline_ld_006/benchmark_results/indelsieve/from_candidate/variant_calling/mt/no_cnv/smc_mu_sa_stage_1/0003/indelsieve_median.loci_info	/raid/kang/DelSIEVE/simulation_results/IndelSIEVE_benchmark_pipeline_ld_006/benchmark_results/simulated_data/results/data_type/no_cnv/0003/true_evo_events_genotypes_numeric	/raid/kang/DelSIEVE/simulation_results/IndelSIEVE_benchmark_pipeline_ld_006/benchmark_results/indelsieve/from_candidate/variant_calling/mt/no_cnv/smc_mu_sa_stage_1/0003/indelsieve_median.genotypes	/raid/kang/DelSIEVE/simulation_results/IndelSIEVE_benchmark_pipeline_ld_006/benchmark_results/simulated_data/results/data_type/no_cnv/0003/true_evo_events_ternary_matrix.simple	/raid/kang/DelSIEVE/simulation_results/IndelSIEVE_benchmark_pipeline_ld_006/benchmark_results/indelsieve/from_candidate/variant_calling/mt/no_cnv/smc_mu_sa_stage_1/0003/indelsieve_median.ternary	/raid/kang/DelSIEVE/simulation_results/IndelSIEVE_benchmark_pipeline_ld_006/benchmark_results/indelsieve/from_candidate/variant_calling/mt/no_cnv/smc_mu_sa_stage_1/0003/indelsieve_median.probs	5197	39	4471	1613	0.7631424375917768	0.9925515660809778	0.8628590403453429	0.0086474501108647	5144	92	5976	106	0.9798095238095238	0.9824293353705118	0.9811176807171468	0.015161502966381	3673	220	7301	124	0.9673426389254676	0.94348831235551	0.9552665799739922	0.0292514293312059	865	478	9928	47	0.9484649122807016	0.6440804169769173	0.7671840354767184	0.0459350374783778	912	39	0	47	0	0	8722	1758	0.0	NA	0.0	NA	0	0	10440	40	0.0	NA	0.0	NA	0	0	9939	541	0.0	NA	0.0	NA	0	0	9303	1177	0.0	NA	0.0	NA	1138	39	84	453	0	0	10480	0	NA	NA	0.0	NA
40	20	2	0.001999	0.16334	3e-05	7.5e-06	0.0	0004	sieve	candidate_snvs	smc_mu_sa_stage_1	mt	no_cnv	/raid/kang/DelSIEVE/simulation_results/IndelSIEVE_benchmark_pipeline_ld_006/benchmark_results/simulated_data/results/cell_names	/raid/kang/DelSIEVE/simulation_results/IndelSIEVE_benchmark_pipeline_ld_006/benchmark_results/indelsieve/from_candidate/variant_calling/mt/no_cnv/smc_mu_sa_stage_1/0004/indelsieve_median.cell_names	/raid/kang/DelSIEVE/simulation_results/IndelSIEVE_benchmark_pipeline_ld_006/benchmark_results/simulated_data/results/data_type/no_cnv/0004/true_evo_events_sites_names	/raid/kang/DelSIEVE/simulation_results/IndelSIEVE_benchmark_pipeline_ld_006/benchmark_results/indelsieve/from_candidate/variant_calling/mt/no_cnv/smc_mu_sa_stage_1/0004/indelsieve_median.loci_info	/raid/kang/DelSIEVE/simulation_results/IndelSIEVE_benchmark_pipeline_ld_006/benchmark_results/simulated_data/results/data_type/no_cnv/0004/true_evo_events_genotypes_numeric	/raid/kang/DelSIEVE/simulation_results/IndelSIEVE_benchmark_pipeline_ld_006/benchmark_results/indelsieve/from_candidate/variant_calling/mt/no_cnv/smc_mu_sa_stage_1/0004/indelsieve_median.genotypes	/raid/kang/DelSIEVE/simulation_results/IndelSIEVE_benchmark_pipeline_ld_006/benchmark_results/simulated_data/results/data_type/no_cnv/0004/true_evo_events_ternary_matrix.simple	/raid/kang/DelSIEVE/simulation_results/IndelSIEVE_benchmark_pipeline_ld_006/benchmark_results/indelsieve/from_candidate/variant_calling/mt/no_cnv/smc_mu_sa_stage_1/0004/indelsieve_median.ternary	/raid/kang/DelSIEVE/simulation_results/IndelSIEVE_benchmark_pipeline_ld_006/benchmark_results/indelsieve/from_candidate/variant_calling/mt/no_cnv/smc_mu_sa_stage_1/0004/indelsieve_median.probs	6259	52	5806	1403	0.8168885408509527	0.991760418317224	0.8958706076003722	0.0088767497439399	6211	100	7090	116	0.9816658764027184	0.984154650610046	0.9829086880835576	0.0139082058414464	4627	262	8491	137	0.9712426532325776	0.9464103088566168	0.9586656997824512	0.0299325945390151	825	597	12011	84	0.9075907590759076	0.580168776371308	0.7078507078507079	0.047350888324873	909	52	0	84	0	0	10399	1641	0.0	NA	0.0	NA	0	0	11967	73	0.0	NA	0.0	NA	0	0	11386	654	0.0	NA	0.0	NA	0	0	11126	914	0.0	NA	0.0	NA	896	18	84	567	0	0	12040	0	NA	NA	0.0	NA
40	20	2	0.001999	0.16334	3e-05	7.5e-06	0.0	0005	sieve	candidate_snvs	smc_mu_sa_stage_1	mt	no_cnv	/raid/kang/DelSIEVE/simulation_results/IndelSIEVE_benchmark_pipeline_ld_006/benchmark_results/simulated_data/results/cell_names	/raid/kang/DelSIEVE/simulation_results/IndelSIEVE_benchmark_pipeline_ld_006/benchmark_results/indelsieve/from_candidate/variant_calling/mt/no_cnv/smc_mu_sa_stage_1/0005/indelsieve_mode_gaussian.cell_names	/raid/kang/DelSIEVE/simulation_results/IndelSIEVE_benchmark_pipeline_ld_006/benchmark_results/simulated_data/results/data_type/no_cnv/0005/true_evo_events_sites_names	/raid/kang/DelSIEVE/simulation_results/IndelSIEVE_benchmark_pipeline_ld_006/benchmark_results/indelsieve/from_candidate/variant_calling/mt/no_cnv/smc_mu_sa_stage_1/0005/indelsieve_mode_gaussian.loci_info	/raid/kang/DelSIEVE/simulation_results/IndelSIEVE_benchmark_pipeline_ld_006/benchmark_results/simulated_data/results/data_type/no_cnv/0005/true_evo_events_genotypes_numeric	/raid/kang/DelSIEVE/simulation_results/IndelSIEVE_benchmark_pipeline_ld_006/benchmark_results/indelsieve/from_candidate/variant_calling/mt/no_cnv/smc_mu_sa_stage_1/0005/indelsieve_mode_gaussian.genotypes	/raid/kang/DelSIEVE/simulation_results/IndelSIEVE_benchmark_pipeline_ld_006/benchmark_results/simulated_data/results/data_type/no_cnv/0005/true_evo_events_ternary_matrix.simple	/raid/kang/DelSIEVE/simulation_results/IndelSIEVE_benchmark_pipeline_ld_006/benchmark_results/indelsieve/from_candidate/variant_calling/mt/no_cnv/smc_mu_sa_stage_1/0005/indelsieve_mode_gaussian.ternary	/raid/kang/DelSIEVE/simulation_results/IndelSIEVE_benchmark_pipeline_ld_006/benchmark_results/indelsieve/from_candidate/variant_calling/mt/no_cnv/smc_mu_sa_stage_1/0005/indelsieve_mode_gaussian.probs	6232	36	7784	1708	0.7848866498740554	0.994256541161455	0.8772522522522522	0.0046035805626598	6202	66	9253	231	0.9640914036996736	0.9894703254626676	0.9766160144870484	0.0070823049683442	4804	190	10506	252	0.9501582278481012	0.9619543452142572	0.9560199004975124	0.0177636499626028	764	510	14402	76	0.9095238095238096	0.5996860282574569	0.7228003784295175	0.034200643776824	840	36	4	72	0	0	11768	1472	0.0	NA	0.0	NA	0	0	13229	11	0.0	NA	0.0	NA	0	0	12703	537	0.0	NA	0.0	NA	0	0	12316	924	0.0	NA	0.0	NA	900	24	58	477	0	0	13240	0	NA	NA	0.0	NA
40	20	2	0.001999	0.16334	3e-05	7.5e-06	0.0	0006	sieve	candidate_snvs	smc_mu_sa_stage_1	mt	no_cnv	/raid/kang/DelSIEVE/simulation_results/IndelSIEVE_benchmark_pipeline_ld_006/benchmark_results/simulated_data/results/cell_names	/raid/kang/DelSIEVE/simulation_results/IndelSIEVE_benchmark_pipeline_ld_006/benchmark_results/indelsieve/from_candidate/variant_calling/mt/no_cnv/smc_mu_sa_stage_1/0006/indelsieve_median.cell_names	/raid/kang/DelSIEVE/simulation_results/IndelSIEVE_benchmark_pipeline_ld_006/benchmark_results/simulated_data/results/data_type/no_cnv/0006/true_evo_events_sites_names	/raid/kang/DelSIEVE/simulation_results/IndelSIEVE_benchmark_pipeline_ld_006/benchmark_results/indelsieve/from_candidate/variant_calling/mt/no_cnv/smc_mu_sa_stage_1/0006/indelsieve_median.loci_info	/raid/kang/DelSIEVE/simulation_results/IndelSIEVE_benchmark_pipeline_ld_006/benchmark_results/simulated_data/results/data_type/no_cnv/0006/true_evo_events_genotypes_numeric	/raid/kang/DelSIEVE/simulation_results/IndelSIEVE_benchmark_pipeline_ld_006/benchmark_results/indelsieve/from_candidate/variant_calling/mt/no_cnv/smc_mu_sa_stage_1/0006/indelsieve_median.genotypes	/raid/kang/DelSIEVE/simulation_results/IndelSIEVE_benchmark_pipeline_ld_006/benchmark_results/simulated_data/results/data_type/no_cnv/0006/true_evo_events_ternary_matrix.simple	/raid/kang/DelSIEVE/simulation_results/IndelSIEVE_benchmark_pipeline_ld_006/benchmark_results/indelsieve/from_candidate/variant_calling/mt/no_cnv/smc_mu_sa_stage_1/0006/indelsieve_median.ternary	/raid/kang/DelSIEVE/simulation_results/IndelSIEVE_benchmark_pipeline_ld_006/benchmark_results/indelsieve/from_candidate/variant_calling/mt/no_cnv/smc_mu_sa_stage_1/0006/indelsieve_median.probs	5522	45	5172	1661	0.7687595712098009	0.9919166516975032	0.8661960784313726	0.0086256469235192	5457	110	6698	123	0.9779569892473118	0.980240704149452	0.9790975150264644	0.0161574618096357	3832	240	8156	160	0.9599198396793588	0.9410609037328096	0.9503968253968256	0.028585040495474	1013	482	10849	44	0.9583727530747398	0.6775919732441471	0.7938871473354232	0.0425381696231577	1057	45	0	44	0	0	9213	1547	0.0	NA	0.0	NA	0	0	10706	54	0.0	NA	0.0	NA	0	0	10229	531	0.0	NA	0.0	NA	0	0	9798	962	0.0	NA	0.0	NA	909	53	87	441	0	0	10760	0	NA	NA	0.0	NA
40	20	2	0.001999	0.16334	3e-05	7.5e-06	0.0	0007	sieve	candidate_snvs	smc_mu_sa_stage_1	mt	no_cnv	/raid/kang/DelSIEVE/simulation_results/IndelSIEVE_benchmark_pipeline_ld_006/benchmark_results/simulated_data/results/cell_names	/raid/kang/DelSIEVE/simulation_results/IndelSIEVE_benchmark_pipeline_ld_006/benchmark_results/indelsieve/from_candidate/variant_calling/mt/no_cnv/smc_mu_sa_stage_1/0007/indelsieve_mode_gaussian.cell_names	/raid/kang/DelSIEVE/simulation_results/IndelSIEVE_benchmark_pipeline_ld_006/benchmark_results/simulated_data/results/data_type/no_cnv/0007/true_evo_events_sites_names	/raid/kang/DelSIEVE/simulation_results/IndelSIEVE_benchmark_pipeline_ld_006/benchmark_results/indelsieve/from_candidate/variant_calling/mt/no_cnv/smc_mu_sa_stage_1/0007/indelsieve_mode_gaussian.loci_info	/raid/kang/DelSIEVE/simulation_results/IndelSIEVE_benchmark_pipeline_ld_006/benchmark_results/simulated_data/results/data_type/no_cnv/0007/true_evo_events_genotypes_numeric	/raid/kang/DelSIEVE/simulation_results/IndelSIEVE_benchmark_pipeline_ld_006/benchmark_results/indelsieve/from_candidate/variant_calling/mt/no_cnv/smc_mu_sa_stage_1/0007/indelsieve_mode_gaussian.genotypes	/raid/kang/DelSIEVE/simulation_results/IndelSIEVE_benchmark_pipeline_ld_006/benchmark_results/simulated_data/results/data_type/no_cnv/0007/true_evo_events_ternary_matrix.simple	/raid/kang/DelSIEVE/simulation_results/IndelSIEVE_benchmark_pipeline_ld_006/benchmark_results/indelsieve/from_candidate/variant_calling/mt/no_cnv/smc_mu_sa_stage_1/0007/indelsieve_mode_gaussian.ternary	/raid/kang/DelSIEVE/simulation_results/IndelSIEVE_benchmark_pipeline_ld_006/benchmark_results/indelsieve/from_candidate/variant_calling/mt/no_cnv/smc_mu_sa_stage_1/0007/indelsieve_mode_gaussian.probs	9702	49	17318	2531	0.793100629444944	0.9949748743718592	0.8826419213973798	0.0028214429665457	9654	97	19453	387	0.9614580221093516	0.9900523023279664	0.9755456750202102	0.0049616368286445	7950	292	20932	417	0.95016134815346	0.964571705896627	0.9573123005599372	0.0137580098002261	1045	464	27964	118	0.8985382631126397	0.6925115970841617	0.782185628742515	0.0163219361193189	1163	49	3	115	0	0	21407	1833	0.0	NA	0.0	NA	0	0	23198	42	0.0	NA	0.0	NA	0	0	22729	511	0.0	NA	0.0	NA	0	0	21960	1280	0.0	NA	0.0	NA	1239	41	85	424	0	0	23240	0	NA	NA	0.0	NA
40	20	2	0.001999	0.16334	3e-05	7.5e-06	0.0	0008	sieve	candidate_snvs	smc_mu_sa_stage_1	mt	no_cnv	/raid/kang/DelSIEVE/simulation_results/IndelSIEVE_benchmark_pipeline_ld_006/benchmark_results/simulated_data/results/cell_names	/raid/kang/DelSIEVE/simulation_results/IndelSIEVE_benchmark_pipeline_ld_006/benchmark_results/indelsieve/from_candidate/variant_calling/mt/no_cnv/smc_mu_sa_stage_1/0008/indelsieve_median.cell_names	/raid/kang/DelSIEVE/simulation_results/IndelSIEVE_benchmark_pipeline_ld_006/benchmark_results/simulated_data/results/data_type/no_cnv/0008/true_evo_events_sites_names	/raid/kang/DelSIEVE/simulation_results/IndelSIEVE_benchmark_pipeline_ld_006/benchmark_results/indelsieve/from_candidate/variant_calling/mt/no_cnv/smc_mu_sa_stage_1/0008/indelsieve_median.loci_info	/raid/kang/DelSIEVE/simulation_results/IndelSIEVE_benchmark_pipeline_ld_006/benchmark_results/simulated_data/results/data_type/no_cnv/0008/true_evo_events_genotypes_numeric	/raid/kang/DelSIEVE/simulation_results/IndelSIEVE_benchmark_pipeline_ld_006/benchmark_results/indelsieve/from_candidate/variant_calling/mt/no_cnv/smc_mu_sa_stage_1/0008/indelsieve_median.genotypes	/raid/kang/DelSIEVE/simulation_results/IndelSIEVE_benchmark_pipeline_ld_006/benchmark_results/simulated_data/results/data_type/no_cnv/0008/true_evo_events_ternary_matrix.simple	/raid/kang/DelSIEVE/simulation_results/IndelSIEVE_benchmark_pipeline_ld_006/benchmark_results/indelsieve/from_candidate/variant_calling/mt/no_cnv/smc_mu_sa_stage_1/0008/indelsieve_median.ternary	/raid/kang/DelSIEVE/simulation_results/IndelSIEVE_benchmark_pipeline_ld_006/benchmark_results/indelsieve/from_candidate/variant_calling/mt/no_cnv/smc_mu_sa_stage_1/0008/indelsieve_median.probs	7842	93	18527	2898	0.7301675977653631	0.9882797731569	0.8398393574297188	0.0049946294307196	7792	143	20922	487	0.9411764705882352	0.9819785759294266	0.9611446897742691	0.0067885117493472	6722	323	21794	505	0.9301231493012316	0.954151880766501	0.9419843049327354	0.0146041506533435	553	337	28357	97	0.8507692307692307	0.6213483146067416	0.7181818181818183	0.0117446155990799	650	93	5	92	0	0	21001	1799	0.0	NA	0.0	NA	0	0	22730	70	0.0	NA	0.0	NA	0	0	22398	402	0.0	NA	0.0	NA	0	0	21473	1327	0.0	NA	0.0	NA	1292	33	105	295	0	0	22800	0	NA	NA	0.0	NA
40	20	2	0.001999	0.16334	3e-05	7.5e-06	0.0	0009	sieve	candidate_snvs	smc_mu_sa_stage_1	mt	no_cnv	/raid/kang/DelSIEVE/simulation_results/IndelSIEVE_benchmark_pipeline_ld_006/benchmark_results/simulated_data/results/cell_names	/raid/kang/DelSIEVE/simulation_results/IndelSIEVE_benchmark_pipeline_ld_006/benchmark_results/indelsieve/from_candidate/variant_calling/mt/no_cnv/smc_mu_sa_stage_1/0009/indelsieve_median.cell_names	/raid/kang/DelSIEVE/simulation_results/IndelSIEVE_benchmark_pipeline_ld_006/benchmark_results/simulated_data/results/data_type/no_cnv/0009/true_evo_events_sites_names	/raid/kang/DelSIEVE/simulation_results/IndelSIEVE_benchmark_pipeline_ld_006/benchmark_results/indelsieve/from_candidate/variant_calling/mt/no_cnv/smc_mu_sa_stage_1/0009/indelsieve_median.loci_info	/raid/kang/DelSIEVE/simulation_results/IndelSIEVE_benchmark_pipeline_ld_006/benchmark_results/simulated_data/results/data_type/no_cnv/0009/true_evo_events_genotypes_numeric	/raid/kang/DelSIEVE/simulation_results/IndelSIEVE_benchmark_pipeline_ld_006/benchmark_results/indelsieve/from_candidate/variant_calling/mt/no_cnv/smc_mu_sa_stage_1/0009/indelsieve_median.genotypes	/raid/kang/DelSIEVE/simulation_results/IndelSIEVE_benchmark_pipeline_ld_006/benchmark_results/simulated_data/results/data_type/no_cnv/0009/true_evo_events_ternary_matrix.simple	/raid/kang/DelSIEVE/simulation_results/IndelSIEVE_benchmark_pipeline_ld_006/benchmark_results/indelsieve/from_candidate/variant_calling/mt/no_cnv/smc_mu_sa_stage_1/0009/indelsieve_median.ternary	/raid/kang/DelSIEVE/simulation_results/IndelSIEVE_benchmark_pipeline_ld_006/benchmark_results/indelsieve/from_candidate/variant_calling/mt/no_cnv/smc_mu_sa_stage_1/0009/indelsieve_median.probs	8003	73	8529	1955	0.8036754368347058	0.9909608717186726	0.8875457469224798	0.0084863985119739	7911	165	10247	228	0.9719867305565796	0.9795690936106984	0.975763182238668	0.0158470995005762	6155	417	11708	271	0.9578275754746344	0.9365489957395008	0.9470687798122788	0.0343917525773195	893	611	16933	114	0.8867924528301887	0.59375	0.7112704101951415	0.0348267213862289	1007	73	0	114	0	0	14255	1985	0.0	NA	0.0	NA	0	0	16168	72	0.0	NA	0.0	NA	0	0	15534	706	0.0	NA	0.0	NA	0	0	15033	1207	0.0	NA	0.0	NA	1129	77	153	550	0	0	16240	0	NA	NA	0.0	NA
40	20	2	0.001999	0.16334	3e-05	7.5e-06	0.0	0010	sieve	candidate_snvs	smc_mu_sa_stage_1	mt	no_cnv	/raid/kang/DelSIEVE/simulation_results/IndelSIEVE_benchmark_pipeline_ld_006/benchmark_results/simulated_data/results/cell_names	/raid/kang/DelSIEVE/simulation_results/IndelSIEVE_benchmark_pipeline_ld_006/benchmark_results/indelsieve/from_candidate/variant_calling/mt/no_cnv/smc_mu_sa_stage_1/0010/indelsieve_mode_gaussian.cell_names	/raid/kang/DelSIEVE/simulation_results/IndelSIEVE_benchmark_pipeline_ld_006/benchmark_results/simulated_data/results/data_type/no_cnv/0010/true_evo_events_sites_names	/raid/kang/DelSIEVE/simulation_results/IndelSIEVE_benchmark_pipeline_ld_006/benchmark_results/indelsieve/from_candidate/variant_calling/mt/no_cnv/smc_mu_sa_stage_1/0010/indelsieve_mode_gaussian.loci_info	/raid/kang/DelSIEVE/simulation_results/IndelSIEVE_benchmark_pipeline_ld_006/benchmark_results/simulated_data/results/data_type/no_cnv/0010/true_evo_events_genotypes_numeric	/raid/kang/DelSIEVE/simulation_results/IndelSIEVE_benchmark_pipeline_ld_006/benchmark_results/indelsieve/from_candidate/variant_calling/mt/no_cnv/smc_mu_sa_stage_1/0010/indelsieve_mode_gaussian.genotypes	/raid/kang/DelSIEVE/simulation_results/IndelSIEVE_benchmark_pipeline_ld_006/benchmark_results/simulated_data/results/data_type/no_cnv/0010/true_evo_events_ternary_matrix.simple	/raid/kang/DelSIEVE/simulation_results/IndelSIEVE_benchmark_pipeline_ld_006/benchmark_results/indelsieve/from_candidate/variant_calling/mt/no_cnv/smc_mu_sa_stage_1/0010/indelsieve_mode_gaussian.ternary	/raid/kang/DelSIEVE/simulation_results/IndelSIEVE_benchmark_pipeline_ld_006/benchmark_results/indelsieve/from_candidate/variant_calling/mt/no_cnv/smc_mu_sa_stage_1/0010/indelsieve_mode_gaussian.probs	6906	42	7679	1893	0.7848619161268326	0.9939550949913644	0.8771194513240619	0.0054397098821396	6868	80	9379	192	0.9728045325779036	0.9884858952216464	0.9805825242718448	0.0084575536526059	5293	239	10781	206	0.9625386433897072	0.9567968185104844	0.9596591424168252	0.0216878402903811	987	429	15024	79	0.925891181988743	0.6970338983050848	0.7953263497179694	0.0277615996893807	1066	42	1	78	0	0	12400	1760	0.0	NA	0.0	NA	0	0	14001	159	0.0	NA	0.0	NA	0	0	13665	495	0.0	NA	0.0	NA	0	0	13054	1106	0.0	NA	0.0	NA	1074	32	81	412	0	0	14160	0	NA	NA	0.0	NA
40	20	2	0.001999	0.16334	3e-05	7.5e-06	0.0	0001	indelsieve	candidate_snvs	smc_mudel_ld_stage_1	mt	no_cnv	/raid/kang/DelSIEVE/simulation_results/IndelSIEVE_benchmark_pipeline_ld_006/benchmark_results/simulated_data/results/cell_names	/raid/kang/DelSIEVE/simulation_results/IndelSIEVE_benchmark_pipeline_ld_006/benchmark_results/indelsieve/from_candidate/variant_calling/mt/no_cnv/smc_mudel_ld_stage_1/0001/indelsieve_mode_gaussian.cell_names	/raid/kang/DelSIEVE/simulation_results/IndelSIEVE_benchmark_pipeline_ld_006/benchmark_results/simulated_data/results/data_type/no_cnv/0001/true_evo_events_sites_names	/raid/kang/DelSIEVE/simulation_results/IndelSIEVE_benchmark_pipeline_ld_006/benchmark_results/indelsieve/from_candidate/variant_calling/mt/no_cnv/smc_mudel_ld_stage_1/0001/indelsieve_mode_gaussian.loci_info	/raid/kang/DelSIEVE/simulation_results/IndelSIEVE_benchmark_pipeline_ld_006/benchmark_results/simulated_data/results/data_type/no_cnv/0001/true_evo_events_genotypes_numeric	/raid/kang/DelSIEVE/simulation_results/IndelSIEVE_benchmark_pipeline_ld_006/benchmark_results/indelsieve/from_candidate/variant_calling/mt/no_cnv/smc_mudel_ld_stage_1/0001/indelsieve_mode_gaussian.genotypes	/raid/kang/DelSIEVE/simulation_results/IndelSIEVE_benchmark_pipeline_ld_006/benchmark_results/simulated_data/results/data_type/no_cnv/0001/true_evo_events_ternary_matrix.simple	/raid/kang/DelSIEVE/simulation_results/IndelSIEVE_benchmark_pipeline_ld_006/benchmark_results/indelsieve/from_candidate/variant_calling/mt/no_cnv/smc_mudel_ld_stage_1/0001/indelsieve_mode_gaussian.ternary	/raid/kang/DelSIEVE/simulation_results/IndelSIEVE_benchmark_pipeline_ld_006/benchmark_results/indelsieve/from_candidate/variant_calling/mt/no_cnv/smc_mudel_ld_stage_1/0001/indelsieve_mode_gaussian.probs	7374	91	9185	950	0.8858721768380586	0.9878097789685196	0.9340680220406612	0.0098102630444156	6301	66	10929	292	0.9557106021537994	0.9896340505732684	0.9723765432098764	0.0060027285129604	5150	180	11906	352	0.9360232642675392	0.9662288930581614	0.9508862629246676	0.0148932649346351	613	38	16859	78	0.8871201157742402	0.9416282642089092	0.9135618479880776	0.0022489199266141	691	42	4	74	1347	137	12999	197	0.8724093264248705	0.9076819407008088	0.0104293544457978	0.8896961690885073	7	6	14658	9	0.4375	0.5384615384615384	0.0004091653027823	0.4827586206896552	341	45	14235	59	0.8525	0.883419689119171	0.0031512605042016	0.8676844783715013	976	109	13443	152	0.8652482269503546	0.8995391705069125	0.0080430932703659	0.8820605512878446	125	23	41	8	0	0	14680	0	NA	NA	0.0	NA
40	20	2	0.001999	0.16334	3e-05	7.5e-06	0.0	0002	indelsieve	candidate_snvs	smc_mudel_ld_stage_1	mt	no_cnv	/raid/kang/DelSIEVE/simulation_results/IndelSIEVE_benchmark_pipeline_ld_006/benchmark_results/simulated_data/results/cell_names	/raid/kang/DelSIEVE/simulation_results/IndelSIEVE_benchmark_pipeline_ld_006/benchmark_results/indelsieve/from_candidate/variant_calling/mt/no_cnv/smc_mudel_ld_stage_1/0002/indelsieve_median.cell_names	/raid/kang/DelSIEVE/simulation_results/IndelSIEVE_benchmark_pipeline_ld_006/benchmark_results/simulated_data/results/data_type/no_cnv/0002/true_evo_events_sites_names	/raid/kang/DelSIEVE/simulation_results/IndelSIEVE_benchmark_pipeline_ld_006/benchmark_results/indelsieve/from_candidate/variant_calling/mt/no_cnv/smc_mudel_ld_stage_1/0002/indelsieve_median.loci_info	/raid/kang/DelSIEVE/simulation_results/IndelSIEVE_benchmark_pipeline_ld_006/benchmark_results/simulated_data/results/data_type/no_cnv/0002/true_evo_events_genotypes_numeric	/raid/kang/DelSIEVE/simulation_results/IndelSIEVE_benchmark_pipeline_ld_006/benchmark_results/indelsieve/from_candidate/variant_calling/mt/no_cnv/smc_mudel_ld_stage_1/0002/indelsieve_median.genotypes	/raid/kang/DelSIEVE/simulation_results/IndelSIEVE_benchmark_pipeline_ld_006/benchmark_results/simulated_data/results/data_type/no_cnv/0002/true_evo_events_ternary_matrix.simple	/raid/kang/DelSIEVE/simulation_results/IndelSIEVE_benchmark_pipeline_ld_006/benchmark_results/indelsieve/from_candidate/variant_calling/mt/no_cnv/smc_mudel_ld_stage_1/0002/indelsieve_median.ternary	/raid/kang/DelSIEVE/simulation_results/IndelSIEVE_benchmark_pipeline_ld_006/benchmark_results/indelsieve/from_candidate/variant_calling/mt/no_cnv/smc_mudel_ld_stage_1/0002/indelsieve_median.probs	6718	84	10671	967	0.8741704619388418	0.9876506909732432	0.9274521985228136	0.007810320781032	5830	87	12249	270	0.9557377049180328	0.9852966030082811	0.9702920862112008	0.0070525291828793	4898	207	13020	311	0.9402956421578038	0.9594515181194908	0.9497770021330232	0.0156498072125198	559	25	17771	81	0.8734375	0.9571917808219178	0.9133986928104576	0.0014048100696785	640	47	2	79	1013	100	13542	265	0.7926447574334898	0.9101527403414196	0.0073303034745638	0.8473442074445839	10	2	14895	13	0.4347826086956521	0.8333333333333334	0.0001342552191716	0.5714285714285714	188	40	14629	63	0.749003984063745	0.8245614035087719	0.0027268389119912	0.7849686847599164	799	74	13842	205	0.795816733067729	0.9152348224513172	0.0053176200057487	0.8513585508790623	168	36	45	11	0	0	14920	0	NA	NA	0.0	NA
40	20	2	0.001999	0.16334	3e-05	7.5e-06	0.0	0003	indelsieve	candidate_snvs	smc_mudel_ld_stage_1	mt	no_cnv	/raid/kang/DelSIEVE/simulation_results/IndelSIEVE_benchmark_pipeline_ld_006/benchmark_results/simulated_data/results/cell_names	/raid/kang/DelSIEVE/simulation_results/IndelSIEVE_benchmark_pipeline_ld_006/benchmark_results/indelsieve/from_candidate/variant_calling/mt/no_cnv/smc_mudel_ld_stage_1/0003/indelsieve_median.cell_names	/raid/kang/DelSIEVE/simulation_results/IndelSIEVE_benchmark_pipeline_ld_006/benchmark_results/simulated_data/results/data_type/no_cnv/0003/true_evo_events_sites_names	/raid/kang/DelSIEVE/simulation_results/IndelSIEVE_benchmark_pipeline_ld_006/benchmark_results/indelsieve/from_candidate/variant_calling/mt/no_cnv/smc_mudel_ld_stage_1/0003/indelsieve_median.loci_info	/raid/kang/DelSIEVE/simulation_results/IndelSIEVE_benchmark_pipeline_ld_006/benchmark_results/simulated_data/results/data_type/no_cnv/0003/true_evo_events_genotypes_numeric	/raid/kang/DelSIEVE/simulation_results/IndelSIEVE_benchmark_pipeline_ld_006/benchmark_results/indelsieve/from_candidate/variant_calling/mt/no_cnv/smc_mudel_ld_stage_1/0003/indelsieve_median.genotypes	/raid/kang/DelSIEVE/simulation_results/IndelSIEVE_benchmark_pipeline_ld_006/benchmark_results/simulated_data/results/data_type/no_cnv/0003/true_evo_events_ternary_matrix.simple	/raid/kang/DelSIEVE/simulation_results/IndelSIEVE_benchmark_pipeline_ld_006/benchmark_results/indelsieve/from_candidate/variant_calling/mt/no_cnv/smc_mudel_ld_stage_1/0003/indelsieve_median.ternary	/raid/kang/DelSIEVE/simulation_results/IndelSIEVE_benchmark_pipeline_ld_006/benchmark_results/indelsieve/from_candidate/variant_calling/mt/no_cnv/smc_mudel_ld_stage_1/0003/indelsieve_median.probs	6317	73	4437	493	0.9276064610866372	0.9885758998435056	0.957121212121212	0.0161862527716186	5156	65	6003	94	0.982095238095238	0.9875502777245738	0.984815203896476	0.0107119314436387	3683	125	7388	122	0.9679369250985546	0.9671743697478992	0.9675554971758834	0.0166378277652069	859	33	10381	45	0.9502212389380532	0.9630044843049328	0.9565701559020044	0.0031688112156712	904	40	0	45	1624	66	8656	134	0.9237770193401592	0.9609467455621302	0.0075670717725292	0.9419953596287702	30	1	10439	10	0.75	0.967741935483871	9.578544061302682e-05	0.8450704225352113	498	23	9916	43	0.9205175600739371	0.9558541266794626	0.0023141161082603	0.9378531073446328	1081	57	9246	96	0.9184367034834324	0.9499121265377856	0.0061270557884553	0.9339092872570192	74	20	20	20	0	0	10480	0	NA	NA	0.0	NA
40	20	2	0.001999	0.16334	3e-05	7.5e-06	0.0	0004	indelsieve	candidate_snvs	smc_mudel_ld_stage_1	mt	no_cnv	/raid/kang/DelSIEVE/simulation_results/IndelSIEVE_benchmark_pipeline_ld_006/benchmark_results/simulated_data/results/cell_names	/raid/kang/DelSIEVE/simulation_results/IndelSIEVE_benchmark_pipeline_ld_006/benchmark_results/indelsieve/from_candidate/variant_calling/mt/no_cnv/smc_mudel_ld_stage_1/0004/indelsieve_median.cell_names	/raid/kang/DelSIEVE/simulation_results/IndelSIEVE_benchmark_pipeline_ld_006/benchmark_results/simulated_data/results/data_type/no_cnv/0004/true_evo_events_sites_names	/raid/kang/DelSIEVE/simulation_results/IndelSIEVE_benchmark_pipeline_ld_006/benchmark_results/indelsieve/from_candidate/variant_calling/mt/no_cnv/smc_mudel_ld_stage_1/0004/indelsieve_median.loci_info	/raid/kang/DelSIEVE/simulation_results/IndelSIEVE_benchmark_pipeline_ld_006/benchmark_results/simulated_data/results/data_type/no_cnv/0004/true_evo_events_genotypes_numeric	/raid/kang/DelSIEVE/simulation_results/IndelSIEVE_benchmark_pipeline_ld_006/benchmark_results/indelsieve/from_candidate/variant_calling/mt/no_cnv/smc_mudel_ld_stage_1/0004/indelsieve_median.genotypes	/raid/kang/DelSIEVE/simulation_results/IndelSIEVE_benchmark_pipeline_ld_006/benchmark_results/simulated_data/results/data_type/no_cnv/0004/true_evo_events_ternary_matrix.simple	/raid/kang/DelSIEVE/simulation_results/IndelSIEVE_benchmark_pipeline_ld_006/benchmark_results/indelsieve/from_candidate/variant_calling/mt/no_cnv/smc_mudel_ld_stage_1/0004/indelsieve_median.ternary	/raid/kang/DelSIEVE/simulation_results/IndelSIEVE_benchmark_pipeline_ld_006/benchmark_results/indelsieve/from_candidate/variant_calling/mt/no_cnv/smc_mudel_ld_stage_1/0004/indelsieve_median.probs	7128	65	5793	534	0.9303054032889584	0.9909634366745448	0.959676876472568	0.0110959371799248	6220	75	7115	107	0.983088351509404	0.988085782366958	0.9855807320551416	0.0104311543810848	4630	174	8561	152	0.9682141363446256	0.9637801831806828	0.9659920717713332	0.019919862621637	819	36	12590	72	0.9191919191919192	0.9578947368421052	0.9381443298969072	0.0028512593061935	891	49	0	72	1486	48	10351	155	0.9055453991468616	0.96870925684485	0.0046158284450427	0.9360629921259844	59	0	11967	14	0.8082191780821918	1.0	0.0	0.8939393939393939	600	36	11350	54	0.9174311926605504	0.9433962264150944	0.0031617776216406	0.9302325581395348	813	26	11100	101	0.8894967177242888	0.9690107270560192	0.0023368685960812	0.9275527666856817	85	16	35	16	0	0	12040	0	NA	NA	0.0	NA
40	20	2	0.001999	0.16334	3e-05	7.5e-06	0.0	0005	indelsieve	candidate_snvs	smc_mudel_ld_stage_1	mt	no_cnv	/raid/kang/DelSIEVE/simulation_results/IndelSIEVE_benchmark_pipeline_ld_006/benchmark_results/simulated_data/results/cell_names	/raid/kang/DelSIEVE/simulation_results/IndelSIEVE_benchmark_pipeline_ld_006/benchmark_results/indelsieve/from_candidate/variant_calling/mt/no_cnv/smc_mudel_ld_stage_1/0005/indelsieve_median.cell_names	/raid/kang/DelSIEVE/simulation_results/IndelSIEVE_benchmark_pipeline_ld_006/benchmark_results/simulated_data/results/data_type/no_cnv/0005/true_evo_events_sites_names	/raid/kang/DelSIEVE/simulation_results/IndelSIEVE_benchmark_pipeline_ld_006/benchmark_results/indelsieve/from_candidate/variant_calling/mt/no_cnv/smc_mudel_ld_stage_1/0005/indelsieve_median.loci_info	/raid/kang/DelSIEVE/simulation_results/IndelSIEVE_benchmark_pipeline_ld_006/benchmark_results/simulated_data/results/data_type/no_cnv/0005/true_evo_events_genotypes_numeric	/raid/kang/DelSIEVE/simulation_results/IndelSIEVE_benchmark_pipeline_ld_006/benchmark_results/indelsieve/from_candidate/variant_calling/mt/no_cnv/smc_mudel_ld_stage_1/0005/indelsieve_median.genotypes	/raid/kang/DelSIEVE/simulation_results/IndelSIEVE_benchmark_pipeline_ld_006/benchmark_results/simulated_data/results/data_type/no_cnv/0005/true_evo_events_ternary_matrix.simple	/raid/kang/DelSIEVE/simulation_results/IndelSIEVE_benchmark_pipeline_ld_006/benchmark_results/indelsieve/from_candidate/variant_calling/mt/no_cnv/smc_mudel_ld_stage_1/0005/indelsieve_median.ternary	/raid/kang/DelSIEVE/simulation_results/IndelSIEVE_benchmark_pipeline_ld_006/benchmark_results/indelsieve/from_candidate/variant_calling/mt/no_cnv/smc_mudel_ld_stage_1/0005/indelsieve_median.probs	7052	75	7745	888	0.8881612090680101	0.9894766381366634	0.9360854848344063	0.0095907928388746	6199	63	9256	234	0.9636250582931758	0.9899393165122964	0.9766049625836944	0.0067603820152376	4802	147	10535	268	0.9471400394477316	0.9702970297029704	0.9585787004691086	0.0137614678899082	760	19	14907	66	0.9200968523002422	0.975609756097561	0.9470404984423676	0.0012729465362454	826	43	4	62	1314	85	11683	158	0.8926630434782609	0.9392423159399572	0.0072229775662814	0.915360501567398	5	6	13223	6	0.4545454545454545	0.4545454545454545	0.00045354902109	0.4545454545454545	501	33	12670	36	0.9329608938547486	0.9382022471910112	0.0025978115405809	0.9355742296918768	794	60	12256	130	0.8593073593073594	0.9297423887587822	0.0048717115946735	0.8931383577052869	111	19	23	5	0	0	13240	0	NA	NA	0.0	NA
40	20	2	0.001999	0.16334	3e-05	7.5e-06	0.0	0006	indelsieve	candidate_snvs	smc_mudel_ld_stage_1	mt	no_cnv	/raid/kang/DelSIEVE/simulation_results/IndelSIEVE_benchmark_pipeline_ld_006/benchmark_results/simulated_data/results/cell_names	/raid/kang/DelSIEVE/simulation_results/IndelSIEVE_benchmark_pipeline_ld_006/benchmark_results/indelsieve/from_candidate/variant_calling/mt/no_cnv/smc_mudel_ld_stage_1/0006/indelsieve_mode_gaussian.cell_names	/raid/kang/DelSIEVE/simulation_results/IndelSIEVE_benchmark_pipeline_ld_006/benchmark_results/simulated_data/results/data_type/no_cnv/0006/true_evo_events_sites_names	/raid/kang/DelSIEVE/simulation_results/IndelSIEVE_benchmark_pipeline_ld_006/benchmark_results/indelsieve/from_candidate/variant_calling/mt/no_cnv/smc_mudel_ld_stage_1/0006/indelsieve_mode_gaussian.loci_info	/raid/kang/DelSIEVE/simulation_results/IndelSIEVE_benchmark_pipeline_ld_006/benchmark_results/simulated_data/results/data_type/no_cnv/0006/true_evo_events_genotypes_numeric	/raid/kang/DelSIEVE/simulation_results/IndelSIEVE_benchmark_pipeline_ld_006/benchmark_results/indelsieve/from_candidate/variant_calling/mt/no_cnv/smc_mudel_ld_stage_1/0006/indelsieve_mode_gaussian.genotypes	/raid/kang/DelSIEVE/simulation_results/IndelSIEVE_benchmark_pipeline_ld_006/benchmark_results/simulated_data/results/data_type/no_cnv/0006/true_evo_events_ternary_matrix.simple	/raid/kang/DelSIEVE/simulation_results/IndelSIEVE_benchmark_pipeline_ld_006/benchmark_results/indelsieve/from_candidate/variant_calling/mt/no_cnv/smc_mudel_ld_stage_1/0006/indelsieve_mode_gaussian.ternary	/raid/kang/DelSIEVE/simulation_results/IndelSIEVE_benchmark_pipeline_ld_006/benchmark_results/indelsieve/from_candidate/variant_calling/mt/no_cnv/smc_mudel_ld_stage_1/0006/indelsieve_mode_gaussian.probs	6436	67	5150	747	0.8960044549631073	0.9896970628940488	0.940523162355692	0.0128426298639064	5463	60	6748	117	0.979032258064516	0.9891363389462248	0.9840583626047016	0.008813160987074	3814	123	8264	187	0.9532616845788552	0.968757937515875	0.9609473418997228	0.0146655538333134	1005	29	11311	43	0.958969465648855	0.971953578336557	0.9654178674351584	0.0025573192239858	1048	38	0	43	1426	106	9107	121	0.9217840982546864	0.9308093994778068	0.0115054813849994	0.9262747645339396	52	6	10700	2	0.9629629629629628	0.896551724137931	0.0005604334018307	0.9285714285714286	495	57	10172	36	0.9322033898305084	0.8967391304347826	0.0055723922182031	0.9141274238227148	866	56	9742	96	0.9002079002079002	0.9392624728850324	0.0057154521330883	0.9193205944798302	70	20	22	9	0	0	10760	0	NA	NA	0.0	NA
40	20	2	0.001999	0.16334	3e-05	7.5e-06	0.0	0007	indelsieve	candidate_snvs	smc_mudel_ld_stage_1	mt	no_cnv	/raid/kang/DelSIEVE/simulation_results/IndelSIEVE_benchmark_pipeline_ld_006/benchmark_results/simulated_data/results/cell_names	/raid/kang/DelSIEVE/simulation_results/IndelSIEVE_benchmark_pipeline_ld_006/benchmark_results/indelsieve/from_candidate/variant_calling/mt/no_cnv/smc_mudel_ld_stage_1/0007/indelsieve_median.cell_names	/raid/kang/DelSIEVE/simulation_results/IndelSIEVE_benchmark_pipeline_ld_006/benchmark_results/simulated_data/results/data_type/no_cnv/0007/true_evo_events_sites_names	/raid/kang/DelSIEVE/simulation_results/IndelSIEVE_benchmark_pipeline_ld_006/benchmark_results/indelsieve/from_candidate/variant_calling/mt/no_cnv/smc_mudel_ld_stage_1/0007/indelsieve_median.loci_info	/raid/kang/DelSIEVE/simulation_results/IndelSIEVE_benchmark_pipeline_ld_006/benchmark_results/simulated_data/results/data_type/no_cnv/0007/true_evo_events_genotypes_numeric	/raid/kang/DelSIEVE/simulation_results/IndelSIEVE_benchmark_pipeline_ld_006/benchmark_results/indelsieve/from_candidate/variant_calling/mt/no_cnv/smc_mudel_ld_stage_1/0007/indelsieve_median.genotypes	/raid/kang/DelSIEVE/simulation_results/IndelSIEVE_benchmark_pipeline_ld_006/benchmark_results/simulated_data/results/data_type/no_cnv/0007/true_evo_events_ternary_matrix.simple	/raid/kang/DelSIEVE/simulation_results/IndelSIEVE_benchmark_pipeline_ld_006/benchmark_results/indelsieve/from_candidate/variant_calling/mt/no_cnv/smc_mudel_ld_stage_1/0007/indelsieve_median.ternary	/raid/kang/DelSIEVE/simulation_results/IndelSIEVE_benchmark_pipeline_ld_006/benchmark_results/indelsieve/from_candidate/variant_calling/mt/no_cnv/smc_mudel_ld_stage_1/0007/indelsieve_median.probs	10845	143	17224	1388	0.886536417886046	0.9869858026938478	0.9340683002454676	0.0082340070248171	9656	88	19462	385	0.9616572054576238	0.9909688013136289	0.9760929997472834	0.0045012787723785	7909	197	21004	481	0.9426698450536352	0.9756970145571182	0.9588991270611056	0.0092920145276166	1049	32	28419	91	0.9201754385964912	0.9703977798334876	0.944619540747411	0.0011247407823978	1140	53	3	88	1606	195	21212	227	0.8761593016912166	0.8917268184342032	0.009109169897697	0.8838745184369841	36	3	23195	6	0.8571428571428571	0.9230769230769232	0.0001293214932321	0.888888888888889	476	81	22648	35	0.9315068493150684	0.8545780969479354	0.003563729156584	0.8913857677902622	1082	123	21837	198	0.8453125	0.8979253112033195	0.0056010928961748	0.8708249496981891	162	33	23	8	0	0	23240	0	NA	NA	0.0	NA
40	20	2	0.001999	0.16334	3e-05	7.5e-06	0.0	0008	indelsieve	candidate_snvs	smc_mudel_ld_stage_1	mt	no_cnv	/raid/kang/DelSIEVE/simulation_results/IndelSIEVE_benchmark_pipeline_ld_006/benchmark_results/simulated_data/results/cell_names	/raid/kang/DelSIEVE/simulation_results/IndelSIEVE_benchmark_pipeline_ld_006/benchmark_results/indelsieve/from_candidate/variant_calling/mt/no_cnv/smc_mudel_ld_stage_1/0008/indelsieve_median.cell_names	/raid/kang/DelSIEVE/simulation_results/IndelSIEVE_benchmark_pipeline_ld_006/benchmark_results/simulated_data/results/data_type/no_cnv/0008/true_evo_events_sites_names	/raid/kang/DelSIEVE/simulation_results/IndelSIEVE_benchmark_pipeline_ld_006/benchmark_results/indelsieve/from_candidate/variant_calling/mt/no_cnv/smc_mudel_ld_stage_1/0008/indelsieve_median.loci_info	/raid/kang/DelSIEVE/simulation_results/IndelSIEVE_benchmark_pipeline_ld_006/benchmark_results/simulated_data/results/data_type/no_cnv/0008/true_evo_events_genotypes_numeric	/raid/kang/DelSIEVE/simulation_results/IndelSIEVE_benchmark_pipeline_ld_006/benchmark_results/indelsieve/from_candidate/variant_calling/mt/no_cnv/smc_mudel_ld_stage_1/0008/indelsieve_median.genotypes	/raid/kang/DelSIEVE/simulation_results/IndelSIEVE_benchmark_pipeline_ld_006/benchmark_results/simulated_data/results/data_type/no_cnv/0008/true_evo_events_ternary_matrix.simple	/raid/kang/DelSIEVE/simulation_results/IndelSIEVE_benchmark_pipeline_ld_006/benchmark_results/indelsieve/from_candidate/variant_calling/mt/no_cnv/smc_mudel_ld_stage_1/0008/indelsieve_median.ternary	/raid/kang/DelSIEVE/simulation_results/IndelSIEVE_benchmark_pipeline_ld_006/benchmark_results/indelsieve/from_candidate/variant_calling/mt/no_cnv/smc_mudel_ld_stage_1/0008/indelsieve_median.probs	9051	183	18437	1689	0.8427374301675977	0.9801819363222872	0.9062781616100932	0.009828141783029	7852	126	20939	427	0.9484237226718204	0.984206568062171	0.965983883865412	0.0059814858770472	6776	241	21872	455	0.937076476282672	0.9656548382499645	0.9511510387422796	0.010898566454122	552	19	28679	94	0.8544891640866873	0.9667250437828372	0.9071487263763351	0.0006620670429995	646	100	5	89	1503	143	20858	296	0.8354641467481935	0.9131227217496962	0.0068091995619256	0.8725689404934688	60	5	22725	10	0.8571428571428571	0.9230769230769232	0.0002199736031676	0.888888888888889	366	24	22374	36	0.9104477611940298	0.9384615384615383	0.001071524243236	0.9242424242424244	1060	131	21342	267	0.79879427279578	0.8900083963056256	0.0061006845806361	0.8419380460683081	237	24	28	5	0	0	22800	0	NA	NA	0.0	NA
40	20	2	0.001999	0.16334	3e-05	7.5e-06	0.0	0009	indelsieve	candidate_snvs	smc_mudel_ld_stage_1	mt	no_cnv	/raid/kang/DelSIEVE/simulation_results/IndelSIEVE_benchmark_pipeline_ld_006/benchmark_results/simulated_data/results/cell_names	/raid/kang/DelSIEVE/simulation_results/IndelSIEVE_benchmark_pipeline_ld_006/benchmark_results/indelsieve/from_candidate/variant_calling/mt/no_cnv/smc_mudel_ld_stage_1/0009/indelsieve_mode_gaussian.cell_names	/raid/kang/DelSIEVE/simulation_results/IndelSIEVE_benchmark_pipeline_ld_006/benchmark_results/simulated_data/results/data_type/no_cnv/0009/true_evo_events_sites_names	/raid/kang/DelSIEVE/simulation_results/IndelSIEVE_benchmark_pipeline_ld_006/benchmark_results/indelsieve/from_candidate/variant_calling/mt/no_cnv/smc_mudel_ld_stage_1/0009/indelsieve_mode_gaussian.loci_info	/raid/kang/DelSIEVE/simulation_results/IndelSIEVE_benchmark_pipeline_ld_006/benchmark_results/simulated_data/results/data_type/no_cnv/0009/true_evo_events_genotypes_numeric	/raid/kang/DelSIEVE/simulation_results/IndelSIEVE_benchmark_pipeline_ld_006/benchmark_results/indelsieve/from_candidate/variant_calling/mt/no_cnv/smc_mudel_ld_stage_1/0009/indelsieve_mode_gaussian.genotypes	/raid/kang/DelSIEVE/simulation_results/IndelSIEVE_benchmark_pipeline_ld_006/benchmark_results/simulated_data/results/data_type/no_cnv/0009/true_evo_events_ternary_matrix.simple	/raid/kang/DelSIEVE/simulation_results/IndelSIEVE_benchmark_pipeline_ld_006/benchmark_results/indelsieve/from_candidate/variant_calling/mt/no_cnv/smc_mudel_ld_stage_1/0009/indelsieve_mode_gaussian.ternary	/raid/kang/DelSIEVE/simulation_results/IndelSIEVE_benchmark_pipeline_ld_006/benchmark_results/indelsieve/from_candidate/variant_calling/mt/no_cnv/smc_mudel_ld_stage_1/0009/indelsieve_mode_gaussian.probs	9081	115	8487	877	0.9119301064470776	0.9874945628534144	0.9482092513313146	0.0133689839572192	7920	121	10291	219	0.9730925175082934	0.9849521203830368	0.9789864029666256	0.0116212063004225	6145	259	11855	292	0.9546372533789032	0.9595565271705184	0.957090569270306	0.0213802212316328	891	39	17516	105	0.8945783132530121	0.9580645161290322	0.9252336448598132	0.0022215892908003	996	72	1	104	1731	131	14124	254	0.8720403022670025	0.9296455424274972	0.0091897579796562	0.8999220171562257	57	3	16165	15	0.7916666666666666	0.95	0.0001855517070757	0.8636363636363635	640	67	15467	66	0.906515580736544	0.9052333804809052	0.0043131196086004	0.9058740268931352	1012	83	14950	195	0.8384424192212097	0.9242009132420091	0.0055211867225437	0.8792354474370112	149	39	44	19	0	0	16240	0	NA	NA	0.0	NA
40	20	2	0.001999	0.16334	3e-05	7.5e-06	0.0	0010	indelsieve	candidate_snvs	smc_mudel_ld_stage_1	mt	no_cnv	/raid/kang/DelSIEVE/simulation_results/IndelSIEVE_benchmark_pipeline_ld_006/benchmark_results/simulated_data/results/cell_names	/raid/kang/DelSIEVE/simulation_results/IndelSIEVE_benchmark_pipeline_ld_006/benchmark_results/indelsieve/from_candidate/variant_calling/mt/no_cnv/smc_mudel_ld_stage_1/0010/indelsieve_median.cell_names	/raid/kang/DelSIEVE/simulation_results/IndelSIEVE_benchmark_pipeline_ld_006/benchmark_results/simulated_data/results/data_type/no_cnv/0010/true_evo_events_sites_names	/raid/kang/DelSIEVE/simulation_results/IndelSIEVE_benchmark_pipeline_ld_006/benchmark_results/indelsieve/from_candidate/variant_calling/mt/no_cnv/smc_mudel_ld_stage_1/0010/indelsieve_median.loci_info	/raid/kang/DelSIEVE/simulation_results/IndelSIEVE_benchmark_pipeline_ld_006/benchmark_results/simulated_data/results/data_type/no_cnv/0010/true_evo_events_genotypes_numeric	/raid/kang/DelSIEVE/simulation_results/IndelSIEVE_benchmark_pipeline_ld_006/benchmark_results/indelsieve/from_candidate/variant_calling/mt/no_cnv/smc_mudel_ld_stage_1/0010/indelsieve_median.genotypes	/raid/kang/DelSIEVE/simulation_results/IndelSIEVE_benchmark_pipeline_ld_006/benchmark_results/simulated_data/results/data_type/no_cnv/0010/true_evo_events_ternary_matrix.simple	/raid/kang/DelSIEVE/simulation_results/IndelSIEVE_benchmark_pipeline_ld_006/benchmark_results/indelsieve/from_candidate/variant_calling/mt/no_cnv/smc_mudel_ld_stage_1/0010/indelsieve_median.ternary	/raid/kang/DelSIEVE/simulation_results/IndelSIEVE_benchmark_pipeline_ld_006/benchmark_results/indelsieve/from_candidate/variant_calling/mt/no_cnv/smc_mudel_ld_stage_1/0010/indelsieve_median.probs	8079	50	7671	720	0.9181725196045004	0.9938491819411982	0.9545132325141776	0.0064758450977852	6870	64	9395	190	0.973087818696884	0.9907701182578598	0.9818493640131486	0.0067660429220847	5286	165	10851	217	0.9605669634744683	0.9697303247110622	0.9651268942851926	0.0149782135076252	991	33	15424	71	0.9331450094161958	0.9677734375	0.950143815915628	0.002134955036553	1062	37	1	70	1618	36	12364	142	0.9193181818181818	0.9782345828295044	0.0029032258064516	0.9478617457527826	151	2	13999	8	0.949685534591195	0.9869281045751634	0.0001428469395043	0.967948717948718	451	8	13657	44	0.9111111111111112	0.982570806100218	0.0005854372484449	0.9454926624737944	1005	37	13017	101	0.9086799276672696	0.9644913627639156	0.0028343802665849	0.935754189944134	73	26	31	10	0	0	14160	0	NA	NA	0.0	NA
40	20	2	0.001999	0.16334	3e-05	7.5e-06	0.0	0001	indelsieve	candidate_snvs	smc_mudel_sa_stage_1	mt	no_cnv	/raid/kang/DelSIEVE/simulation_results/IndelSIEVE_benchmark_pipeline_ld_006/benchmark_results/simulated_data/results/cell_names	/raid/kang/DelSIEVE/simulation_results/IndelSIEVE_benchmark_pipeline_ld_006/benchmark_results/indelsieve/from_candidate/variant_calling/mt/no_cnv/smc_mudel_sa_stage_1/0001/indelsieve_median.cell_names	/raid/kang/DelSIEVE/simulation_results/IndelSIEVE_benchmark_pipeline_ld_006/benchmark_results/simulated_data/results/data_type/no_cnv/0001/true_evo_events_sites_names	/raid/kang/DelSIEVE/simulation_results/IndelSIEVE_benchmark_pipeline_ld_006/benchmark_results/indelsieve/from_candidate/variant_calling/mt/no_cnv/smc_mudel_sa_stage_1/0001/indelsieve_median.loci_info	/raid/kang/DelSIEVE/simulation_results/IndelSIEVE_benchmark_pipeline_ld_006/benchmark_results/simulated_data/results/data_type/no_cnv/0001/true_evo_events_genotypes_numeric	/raid/kang/DelSIEVE/simulation_results/IndelSIEVE_benchmark_pipeline_ld_006/benchmark_results/indelsieve/from_candidate/variant_calling/mt/no_cnv/smc_mudel_sa_stage_1/0001/indelsieve_median.genotypes	/raid/kang/DelSIEVE/simulation_results/IndelSIEVE_benchmark_pipeline_ld_006/benchmark_results/simulated_data/results/data_type/no_cnv/0001/true_evo_events_ternary_matrix.simple	/raid/kang/DelSIEVE/simulation_results/IndelSIEVE_benchmark_pipeline_ld_006/benchmark_results/indelsieve/from_candidate/variant_calling/mt/no_cnv/smc_mudel_sa_stage_1/0001/indelsieve_median.ternary	/raid/kang/DelSIEVE/simulation_results/IndelSIEVE_benchmark_pipeline_ld_006/benchmark_results/indelsieve/from_candidate/variant_calling/mt/no_cnv/smc_mudel_sa_stage_1/0001/indelsieve_median.probs	7439	415	8861	885	0.8936809226333493	0.9471606824548	0.9196439609346024	0.0447391116860715	6206	43	10952	387	0.9413013802517822	0.9931188990238438	0.9665161189845818	0.0039108685766257	4856	116	11918	698	0.8743248109470652	0.9766693483507642	0.9226676800304008	0.0096393551603789	583	38	16911	56	0.9123630672926448	0.9388083735909822	0.9253968253968254	0.0022420201781816	639	26	3	52	1445	816	12320	99	0.935880829015544	0.6390977443609023	0.0621193666260657	0.7595269382391591	14	24	14640	2	0.875	0.3684210526315789	0.0016366612111292	0.5185185185185185	357	299	13981	43	0.8925	0.5442073170731707	0.02093837535014	0.6761363636363636	1042	525	13027	86	0.9237588652482268	0.6649649010848756	0.0387396694214876	0.7732838589981447	58	13	25	3	0	0	14680	0	NA	NA	0.0	NA
40	20	2	0.001999	0.16334	3e-05	7.5e-06	0.0	0002	indelsieve	candidate_snvs	smc_mudel_sa_stage_1	mt	no_cnv	/raid/kang/DelSIEVE/simulation_results/IndelSIEVE_benchmark_pipeline_ld_006/benchmark_results/simulated_data/results/cell_names	/raid/kang/DelSIEVE/simulation_results/IndelSIEVE_benchmark_pipeline_ld_006/benchmark_results/indelsieve/from_candidate/variant_calling/mt/no_cnv/smc_mudel_sa_stage_1/0002/indelsieve_median.cell_names	/raid/kang/DelSIEVE/simulation_results/IndelSIEVE_benchmark_pipeline_ld_006/benchmark_results/simulated_data/results/data_type/no_cnv/0002/true_evo_events_sites_names	/raid/kang/DelSIEVE/simulation_results/IndelSIEVE_benchmark_pipeline_ld_006/benchmark_results/indelsieve/from_candidate/variant_calling/mt/no_cnv/smc_mudel_sa_stage_1/0002/indelsieve_median.loci_info	/raid/kang/DelSIEVE/simulation_results/IndelSIEVE_benchmark_pipeline_ld_006/benchmark_results/simulated_data/results/data_type/no_cnv/0002/true_evo_events_genotypes_numeric	/raid/kang/DelSIEVE/simulation_results/IndelSIEVE_benchmark_pipeline_ld_006/benchmark_results/indelsieve/from_candidate/variant_calling/mt/no_cnv/smc_mudel_sa_stage_1/0002/indelsieve_median.genotypes	/raid/kang/DelSIEVE/simulation_results/IndelSIEVE_benchmark_pipeline_ld_006/benchmark_results/simulated_data/results/data_type/no_cnv/0002/true_evo_events_ternary_matrix.simple	/raid/kang/DelSIEVE/simulation_results/IndelSIEVE_benchmark_pipeline_ld_006/benchmark_results/indelsieve/from_candidate/variant_calling/mt/no_cnv/smc_mudel_sa_stage_1/0002/indelsieve_median.ternary	/raid/kang/DelSIEVE/simulation_results/IndelSIEVE_benchmark_pipeline_ld_006/benchmark_results/indelsieve/from_candidate/variant_calling/mt/no_cnv/smc_mudel_sa_stage_1/0002/indelsieve_median.probs	6795	425	10330	890	0.8841899804814574	0.941135734072022	0.9117745722911776	0.0395165039516503	5714	40	12296	386	0.9367213114754098	0.9930483142161974	0.9640627636240932	0.0032425421530479	4609	135	13052	640	0.8780720137168985	0.9715430016863408	0.922445711998399	0.0102373549708045	525	27	17809	75	0.875	0.9510869565217392	0.9114583333333331	0.0015137923301188	600	26	2	71	1146	778	12864	132	0.8967136150234741	0.5956340956340956	0.0570297610321067	0.7158026233603997	15	23	14874	8	0.6521739130434783	0.3947368421052631	0.0015439350204739	0.4918032786885246	206	252	14417	45	0.8207171314741036	0.4497816593886463	0.017179085145545	0.5811001410437237	891	537	13379	113	0.8874501992031872	0.6239495798319328	0.0385886749065823	0.7327302631578948	87	11	27	7	0	0	14920	0	NA	NA	0.0	NA
40	20	2	0.001999	0.16334	3e-05	7.5e-06	0.0	0003	indelsieve	candidate_snvs	smc_mudel_sa_stage_1	mt	no_cnv	/raid/kang/DelSIEVE/simulation_results/IndelSIEVE_benchmark_pipeline_ld_006/benchmark_results/simulated_data/results/cell_names	/raid/kang/DelSIEVE/simulation_results/IndelSIEVE_benchmark_pipeline_ld_006/benchmark_results/indelsieve/from_candidate/variant_calling/mt/no_cnv/smc_mudel_sa_stage_1/0003/indelsieve_median.cell_names	/raid/kang/DelSIEVE/simulation_results/IndelSIEVE_benchmark_pipeline_ld_006/benchmark_results/simulated_data/results/data_type/no_cnv/0003/true_evo_events_sites_names	/raid/kang/DelSIEVE/simulation_results/IndelSIEVE_benchmark_pipeline_ld_006/benchmark_results/indelsieve/from_candidate/variant_calling/mt/no_cnv/smc_mudel_sa_stage_1/0003/indelsieve_median.loci_info	/raid/kang/DelSIEVE/simulation_results/IndelSIEVE_benchmark_pipeline_ld_006/benchmark_results/simulated_data/results/data_type/no_cnv/0003/true_evo_events_genotypes_numeric	/raid/kang/DelSIEVE/simulation_results/IndelSIEVE_benchmark_pipeline_ld_006/benchmark_results/indelsieve/from_candidate/variant_calling/mt/no_cnv/smc_mudel_sa_stage_1/0003/indelsieve_median.genotypes	/raid/kang/DelSIEVE/simulation_results/IndelSIEVE_benchmark_pipeline_ld_006/benchmark_results/simulated_data/results/data_type/no_cnv/0003/true_evo_events_ternary_matrix.simple	/raid/kang/DelSIEVE/simulation_results/IndelSIEVE_benchmark_pipeline_ld_006/benchmark_results/indelsieve/from_candidate/variant_calling/mt/no_cnv/smc_mudel_sa_stage_1/0003/indelsieve_median.ternary	/raid/kang/DelSIEVE/simulation_results/IndelSIEVE_benchmark_pipeline_ld_006/benchmark_results/indelsieve/from_candidate/variant_calling/mt/no_cnv/smc_mudel_sa_stage_1/0003/indelsieve_median.probs	6337	248	4262	473	0.9305433186490456	0.962338648443432	0.946173945502053	0.0549889135254988	5072	53	6015	178	0.966095238095238	0.9896585365853658	0.977734939759036	0.0087343441001977	3489	108	7384	337	0.9119184526921066	0.9699749791492912	0.9400511922403342	0.0144153764014949	832	24	10411	51	0.942242355605889	0.97196261682243	0.9568717653824036	0.0022999520843315	883	34	0	49	1674	458	8264	84	0.9522184300341296	0.7851782363977486	0.0525108919972483	0.860668380462725	36	32	10408	4	0.9	0.5294117647058824	0.0030651340996168	0.6666666666666667	505	167	9772	36	0.933456561922366	0.7514880952380952	0.0168024952208471	0.8326463314097279	1100	292	9011	77	0.9345794392523364	0.7902298850574713	0.0313877243899817	0.8563643441027637	46	14	11	13	0	0	10480	0	NA	NA	0.0	NA
40	20	2	0.001999	0.16334	3e-05	7.5e-06	0.0	0004	indelsieve	candidate_snvs	smc_mudel_sa_stage_1	mt	no_cnv	/raid/kang/DelSIEVE/simulation_results/IndelSIEVE_benchmark_pipeline_ld_006/benchmark_results/simulated_data/results/cell_names	/raid/kang/DelSIEVE/simulation_results/IndelSIEVE_benchmark_pipeline_ld_006/benchmark_results/indelsieve/from_candidate/variant_calling/mt/no_cnv/smc_mudel_sa_stage_1/0004/indelsieve_median.cell_names	/raid/kang/DelSIEVE/simulation_results/IndelSIEVE_benchmark_pipeline_ld_006/benchmark_results/simulated_data/results/data_type/no_cnv/0004/true_evo_events_sites_names	/raid/kang/DelSIEVE/simulation_results/IndelSIEVE_benchmark_pipeline_ld_006/benchmark_results/indelsieve/from_candidate/variant_calling/mt/no_cnv/smc_mudel_sa_stage_1/0004/indelsieve_median.loci_info	/raid/kang/DelSIEVE/simulation_results/IndelSIEVE_benchmark_pipeline_ld_006/benchmark_results/simulated_data/results/data_type/no_cnv/0004/true_evo_events_genotypes_numeric	/raid/kang/DelSIEVE/simulation_results/IndelSIEVE_benchmark_pipeline_ld_006/benchmark_results/indelsieve/from_candidate/variant_calling/mt/no_cnv/smc_mudel_sa_stage_1/0004/indelsieve_median.genotypes	/raid/kang/DelSIEVE/simulation_results/IndelSIEVE_benchmark_pipeline_ld_006/benchmark_results/simulated_data/results/data_type/no_cnv/0004/true_evo_events_ternary_matrix.simple	/raid/kang/DelSIEVE/simulation_results/IndelSIEVE_benchmark_pipeline_ld_006/benchmark_results/indelsieve/from_candidate/variant_calling/mt/no_cnv/smc_mudel_sa_stage_1/0004/indelsieve_median.ternary	/raid/kang/DelSIEVE/simulation_results/IndelSIEVE_benchmark_pipeline_ld_006/benchmark_results/indelsieve/from_candidate/variant_calling/mt/no_cnv/smc_mudel_sa_stage_1/0004/indelsieve_median.probs	7133	233	5625	529	0.9309579744192116	0.9683681781156666	0.9492946499866914	0.0397746671218846	6130	51	7139	197	0.9688636004425478	0.9917489079436984	0.9801726894787336	0.0070931849791376	4381	122	8561	453	0.9062887877534134	0.9729069509216078	0.9384170504444682	0.0140504433951399	779	26	12652	60	0.9284862932061978	0.9677018633540372	0.9476885644768857	0.0020507966556239	839	34	0	60	1549	509	9890	92	0.9439366240097502	0.7526724975704567	0.0489470141359746	0.8375236550419033	65	10	11957	8	0.8904109589041096	0.8666666666666667	0.0008356313194618	0.8783783783783784	622	251	11135	32	0.9510703363914372	0.7124856815578465	0.0220446161953275	0.8146692861820564	840	270	10856	74	0.9190371991247264	0.7567567567567568	0.0242674815746899	0.8300395256916996	57	8	20	7	0	0	12040	0	NA	NA	0.0	NA
40	20	2	0.001999	0.16334	3e-05	7.5e-06	0.0	0005	indelsieve	candidate_snvs	smc_mudel_sa_stage_1	mt	no_cnv	/raid/kang/DelSIEVE/simulation_results/IndelSIEVE_benchmark_pipeline_ld_006/benchmark_results/simulated_data/results/cell_names	/raid/kang/DelSIEVE/simulation_results/IndelSIEVE_benchmark_pipeline_ld_006/benchmark_results/indelsieve/from_candidate/variant_calling/mt/no_cnv/smc_mudel_sa_stage_1/0005/indelsieve_median.cell_names	/raid/kang/DelSIEVE/simulation_results/IndelSIEVE_benchmark_pipeline_ld_006/benchmark_results/simulated_data/results/data_type/no_cnv/0005/true_evo_events_sites_names	/raid/kang/DelSIEVE/simulation_results/IndelSIEVE_benchmark_pipeline_ld_006/benchmark_results/indelsieve/from_candidate/variant_calling/mt/no_cnv/smc_mudel_sa_stage_1/0005/indelsieve_median.loci_info	/raid/kang/DelSIEVE/simulation_results/IndelSIEVE_benchmark_pipeline_ld_006/benchmark_results/simulated_data/results/data_type/no_cnv/0005/true_evo_events_genotypes_numeric	/raid/kang/DelSIEVE/simulation_results/IndelSIEVE_benchmark_pipeline_ld_006/benchmark_results/indelsieve/from_candidate/variant_calling/mt/no_cnv/smc_mudel_sa_stage_1/0005/indelsieve_median.genotypes	/raid/kang/DelSIEVE/simulation_results/IndelSIEVE_benchmark_pipeline_ld_006/benchmark_results/simulated_data/results/data_type/no_cnv/0005/true_evo_events_ternary_matrix.simple	/raid/kang/DelSIEVE/simulation_results/IndelSIEVE_benchmark_pipeline_ld_006/benchmark_results/indelsieve/from_candidate/variant_calling/mt/no_cnv/smc_mudel_sa_stage_1/0005/indelsieve_median.ternary	/raid/kang/DelSIEVE/simulation_results/IndelSIEVE_benchmark_pipeline_ld_006/benchmark_results/indelsieve/from_candidate/variant_calling/mt/no_cnv/smc_mudel_sa_stage_1/0005/indelsieve_median.probs	7104	316	7504	836	0.8947103274559194	0.9574123989218328	0.925	0.0404092071611253	6127	47	9272	306	0.95243276853723	0.9923874311629414	0.9719996827159516	0.0050434595986693	4558	108	10535	551	0.8921511058915639	0.9768538362623232	0.9325831202046037	0.010147514798459	728	27	14938	59	0.9250317662007624	0.9642384105960264	0.9442282749675744	0.0018042098229201	787	31	4	55	1377	622	11146	95	0.9354619565217392	0.6888444222111055	0.0528552005438477	0.7934312878133102	9	22	13207	2	0.8181818181818182	0.2903225806451613	0.0016630130773301	0.4285714285714286	511	242	12461	26	0.9515828677839852	0.6786188579017264	0.0190506179642604	0.7922480620155039	829	386	11930	95	0.8971861471861472	0.6823045267489712	0.0313413445924001	0.7751285647498831	69	10	12	4	0	0	13240	0	NA	NA	0.0	NA
40	20	2	0.001999	0.16334	3e-05	7.5e-06	0.0	0006	indelsieve	candidate_snvs	smc_mudel_sa_stage_1	mt	no_cnv	/raid/kang/DelSIEVE/simulation_results/IndelSIEVE_benchmark_pipeline_ld_006/benchmark_results/simulated_data/results/cell_names	/raid/kang/DelSIEVE/simulation_results/IndelSIEVE_benchmark_pipeline_ld_006/benchmark_results/indelsieve/from_candidate/variant_calling/mt/no_cnv/smc_mudel_sa_stage_1/0006/indelsieve_median.cell_names	/raid/kang/DelSIEVE/simulation_results/IndelSIEVE_benchmark_pipeline_ld_006/benchmark_results/simulated_data/results/data_type/no_cnv/0006/true_evo_events_sites_names	/raid/kang/DelSIEVE/simulation_results/IndelSIEVE_benchmark_pipeline_ld_006/benchmark_results/indelsieve/from_candidate/variant_calling/mt/no_cnv/smc_mudel_sa_stage_1/0006/indelsieve_median.loci_info	/raid/kang/DelSIEVE/simulation_results/IndelSIEVE_benchmark_pipeline_ld_006/benchmark_results/simulated_data/results/data_type/no_cnv/0006/true_evo_events_genotypes_numeric	/raid/kang/DelSIEVE/simulation_results/IndelSIEVE_benchmark_pipeline_ld_006/benchmark_results/indelsieve/from_candidate/variant_calling/mt/no_cnv/smc_mudel_sa_stage_1/0006/indelsieve_median.genotypes	/raid/kang/DelSIEVE/simulation_results/IndelSIEVE_benchmark_pipeline_ld_006/benchmark_results/simulated_data/results/data_type/no_cnv/0006/true_evo_events_ternary_matrix.simple	/raid/kang/DelSIEVE/simulation_results/IndelSIEVE_benchmark_pipeline_ld_006/benchmark_results/indelsieve/from_candidate/variant_calling/mt/no_cnv/smc_mudel_sa_stage_1/0006/indelsieve_median.ternary	/raid/kang/DelSIEVE/simulation_results/IndelSIEVE_benchmark_pipeline_ld_006/benchmark_results/indelsieve/from_candidate/variant_calling/mt/no_cnv/smc_mudel_sa_stage_1/0006/indelsieve_median.probs	6439	224	4993	744	0.8964221077544201	0.9663815098304068	0.9300881120901344	0.0429365535748514	5394	43	6765	186	0.9666666666666668	0.992091226779474	0.979213942089498	0.006316098707403	3633	91	8239	425	0.8952686052242484	0.975563909774436	0.933693138010794	0.0109243697478991	953	34	11363	38	0.9616548940464178	0.9655521783181358	0.9635995955510616	0.0029832412038255	991	26	0	38	1468	484	8729	79	0.9489334195216548	0.7520491803278688	0.0525344621730163	0.8390968848242355	52	22	10684	2	0.9629629629629628	0.7027027027027027	0.0020549224733794	0.8125	501	225	10004	30	0.943502824858757	0.6900826446280992	0.0219962850718545	0.7971360381861575	885	267	9531	77	0.91995841995842	0.7682291666666666	0.0272504592774035	0.837275307473983	46	11	16	6	0	0	10760	0	NA	NA	0.0	NA
40	20	2	0.001999	0.16334	3e-05	7.5e-06	0.0	0007	indelsieve	candidate_snvs	smc_mudel_sa_stage_1	mt	no_cnv	/raid/kang/DelSIEVE/simulation_results/IndelSIEVE_benchmark_pipeline_ld_006/benchmark_results/simulated_data/results/cell_names	/raid/kang/DelSIEVE/simulation_results/IndelSIEVE_benchmark_pipeline_ld_006/benchmark_results/indelsieve/from_candidate/variant_calling/mt/no_cnv/smc_mudel_sa_stage_1/0007/indelsieve_median.cell_names	/raid/kang/DelSIEVE/simulation_results/IndelSIEVE_benchmark_pipeline_ld_006/benchmark_results/simulated_data/results/data_type/no_cnv/0007/true_evo_events_sites_names	/raid/kang/DelSIEVE/simulation_results/IndelSIEVE_benchmark_pipeline_ld_006/benchmark_results/indelsieve/from_candidate/variant_calling/mt/no_cnv/smc_mudel_sa_stage_1/0007/indelsieve_median.loci_info	/raid/kang/DelSIEVE/simulation_results/IndelSIEVE_benchmark_pipeline_ld_006/benchmark_results/simulated_data/results/data_type/no_cnv/0007/true_evo_events_genotypes_numeric	/raid/kang/DelSIEVE/simulation_results/IndelSIEVE_benchmark_pipeline_ld_006/benchmark_results/indelsieve/from_candidate/variant_calling/mt/no_cnv/smc_mudel_sa_stage_1/0007/indelsieve_median.genotypes	/raid/kang/DelSIEVE/simulation_results/IndelSIEVE_benchmark_pipeline_ld_006/benchmark_results/simulated_data/results/data_type/no_cnv/0007/true_evo_events_ternary_matrix.simple	/raid/kang/DelSIEVE/simulation_results/IndelSIEVE_benchmark_pipeline_ld_006/benchmark_results/indelsieve/from_candidate/variant_calling/mt/no_cnv/smc_mudel_sa_stage_1/0007/indelsieve_median.ternary	/raid/kang/DelSIEVE/simulation_results/IndelSIEVE_benchmark_pipeline_ld_006/benchmark_results/indelsieve/from_candidate/variant_calling/mt/no_cnv/smc_mudel_sa_stage_1/0007/indelsieve_median.probs	10928	579	16788	1305	0.8933213439058285	0.949682801772834	0.9206402695871944	0.0333390913802038	9571	57	19493	470	0.95319191315606	0.9940797673452432	0.9732065687121868	0.0029156010230179	7591	161	21003	836	0.9007950634864128	0.9792311661506709	0.9383769083379688	0.0076072576072576	1002	38	28450	101	0.9084315503173164	0.9634615384615384	0.9351376574895008	0.0013338949733221	1103	33	1	98	1713	1002	20405	120	0.9345335515548282	0.630939226519337	0.0468071191666277	0.7532981530343007	36	11	23187	6	0.8571428571428571	0.7659574468085106	0.0004741788085179	0.8089887640449439	485	351	22378	26	0.949119373776908	0.5801435406698564	0.0154428263451977	0.7201187824795842	1164	668	21292	116	0.909375	0.6353711790393013	0.0304189435336976	0.7480719794344473	86	17	13	4	0	0	23240	0	NA	NA	0.0	NA
40	20	2	0.001999	0.16334	3e-05	7.5e-06	0.0	0008	indelsieve	candidate_snvs	smc_mudel_sa_stage_1	mt	no_cnv	/raid/kang/DelSIEVE/simulation_results/IndelSIEVE_benchmark_pipeline_ld_006/benchmark_results/simulated_data/results/cell_names	/raid/kang/DelSIEVE/simulation_results/IndelSIEVE_benchmark_pipeline_ld_006/benchmark_results/indelsieve/from_candidate/variant_calling/mt/no_cnv/smc_mudel_sa_stage_1/0008/indelsieve_median.cell_names	/raid/kang/DelSIEVE/simulation_results/IndelSIEVE_benchmark_pipeline_ld_006/benchmark_results/simulated_data/results/data_type/no_cnv/0008/true_evo_events_sites_names	/raid/kang/DelSIEVE/simulation_results/IndelSIEVE_benchmark_pipeline_ld_006/benchmark_results/indelsieve/from_candidate/variant_calling/mt/no_cnv/smc_mudel_sa_stage_1/0008/indelsieve_median.loci_info	/raid/kang/DelSIEVE/simulation_results/IndelSIEVE_benchmark_pipeline_ld_006/benchmark_results/simulated_data/results/data_type/no_cnv/0008/true_evo_events_genotypes_numeric	/raid/kang/DelSIEVE/simulation_results/IndelSIEVE_benchmark_pipeline_ld_006/benchmark_results/indelsieve/from_candidate/variant_calling/mt/no_cnv/smc_mudel_sa_stage_1/0008/indelsieve_median.genotypes	/raid/kang/DelSIEVE/simulation_results/IndelSIEVE_benchmark_pipeline_ld_006/benchmark_results/simulated_data/results/data_type/no_cnv/0008/true_evo_events_ternary_matrix.simple	/raid/kang/DelSIEVE/simulation_results/IndelSIEVE_benchmark_pipeline_ld_006/benchmark_results/indelsieve/from_candidate/variant_calling/mt/no_cnv/smc_mudel_sa_stage_1/0008/indelsieve_median.ternary	/raid/kang/DelSIEVE/simulation_results/IndelSIEVE_benchmark_pipeline_ld_006/benchmark_results/indelsieve/from_candidate/variant_calling/mt/no_cnv/smc_mudel_sa_stage_1/0008/indelsieve_median.probs	9122	715	17905	1618	0.8493482309124767	0.9273152383856867	0.88662098459445	0.0383995703544575	7691	85	20980	588	0.9289769295808672	0.9890689300411524	0.9580815945188416	0.0040351293615001	6380	175	21914	875	0.8793935217091661	0.973302822273074	0.9239681390296888	0.0079224953596812	537	23	28699	85	0.8633440514469454	0.9589285714285716	0.9086294416243657	0.0008007798899798	622	62	5	80	1640	1082	19919	159	0.9116175653140632	0.6024981631153563	0.0515213561258987	0.7255032072550319	66	32	22698	4	0.9428571428571428	0.673469387755102	0.0014078310602727	0.7857142857142857	374	287	22111	28	0.9303482587064676	0.5658093797276853	0.0128136440753638	0.7036688617121355	1160	803	20670	167	0.8741522230595328	0.5909322465613857	0.0373957993759605	0.7051671732522797	121	16	17	5	0	0	22800	0	NA	NA	0.0	NA
40	20	2	0.001999	0.16334	3e-05	7.5e-06	0.0	0009	indelsieve	candidate_snvs	smc_mudel_sa_stage_1	mt	no_cnv	/raid/kang/DelSIEVE/simulation_results/IndelSIEVE_benchmark_pipeline_ld_006/benchmark_results/simulated_data/results/cell_names	/raid/kang/DelSIEVE/simulation_results/IndelSIEVE_benchmark_pipeline_ld_006/benchmark_results/indelsieve/from_candidate/variant_calling/mt/no_cnv/smc_mudel_sa_stage_1/0009/indelsieve_median.cell_names	/raid/kang/DelSIEVE/simulation_results/IndelSIEVE_benchmark_pipeline_ld_006/benchmark_results/simulated_data/results/data_type/no_cnv/0009/true_evo_events_sites_names	/raid/kang/DelSIEVE/simulation_results/IndelSIEVE_benchmark_pipeline_ld_006/benchmark_results/indelsieve/from_candidate/variant_calling/mt/no_cnv/smc_mudel_sa_stage_1/0009/indelsieve_median.loci_info	/raid/kang/DelSIEVE/simulation_results/IndelSIEVE_benchmark_pipeline_ld_006/benchmark_results/simulated_data/results/data_type/no_cnv/0009/true_evo_events_genotypes_numeric	/raid/kang/DelSIEVE/simulation_results/IndelSIEVE_benchmark_pipeline_ld_006/benchmark_results/indelsieve/from_candidate/variant_calling/mt/no_cnv/smc_mudel_sa_stage_1/0009/indelsieve_median.genotypes	/raid/kang/DelSIEVE/simulation_results/IndelSIEVE_benchmark_pipeline_ld_006/benchmark_results/simulated_data/results/data_type/no_cnv/0009/true_evo_events_ternary_matrix.simple	/raid/kang/DelSIEVE/simulation_results/IndelSIEVE_benchmark_pipeline_ld_006/benchmark_results/indelsieve/from_candidate/variant_calling/mt/no_cnv/smc_mudel_sa_stage_1/0009/indelsieve_median.ternary	/raid/kang/DelSIEVE/simulation_results/IndelSIEVE_benchmark_pipeline_ld_006/benchmark_results/indelsieve/from_candidate/variant_calling/mt/no_cnv/smc_mudel_sa_stage_1/0009/indelsieve_median.probs	9149	435	8167	809	0.918758786905001	0.9546118530884808	0.9363422372326272	0.0505696349686119	7791	69	10343	348	0.9572429045337264	0.9912213740458016	0.973935870991937	0.0066269688820591	5804	174	11901	672	0.8962322421247684	0.970893275342924	0.9320700176650072	0.0144099378881987	859	34	17560	98	0.8975966562173459	0.961926091825308	0.9286486486486488	0.0019324769807889	957	45	1	96	1868	845	13410	117	0.941057934508816	0.6885366752672318	0.0592774465099964	0.7952320136228183	66	19	16149	6	0.9166666666666666	0.7764705882352941	0.0011751608114794	0.8407643312101911	668	321	15213	38	0.9461756373937678	0.6754297269969667	0.0206643491695635	0.7882005899705016	1101	538	14495	106	0.912178956089478	0.6717510677242221	0.0357879332135967	0.7737174982431483	77	11	22	7	0	0	16240	0	NA	NA	0.0	NA
40	20	2	0.001999	0.16334	3e-05	7.5e-06	0.0	0010	indelsieve	candidate_snvs	smc_mudel_sa_stage_1	mt	no_cnv	/raid/kang/DelSIEVE/simulation_results/IndelSIEVE_benchmark_pipeline_ld_006/benchmark_results/simulated_data/results/cell_names	/raid/kang/DelSIEVE/simulation_results/IndelSIEVE_benchmark_pipeline_ld_006/benchmark_results/indelsieve/from_candidate/variant_calling/mt/no_cnv/smc_mudel_sa_stage_1/0010/indelsieve_mode_gaussian.cell_names	/raid/kang/DelSIEVE/simulation_results/IndelSIEVE_benchmark_pipeline_ld_006/benchmark_results/simulated_data/results/data_type/no_cnv/0010/true_evo_events_sites_names	/raid/kang/DelSIEVE/simulation_results/IndelSIEVE_benchmark_pipeline_ld_006/benchmark_results/indelsieve/from_candidate/variant_calling/mt/no_cnv/smc_mudel_sa_stage_1/0010/indelsieve_mode_gaussian.loci_info	/raid/kang/DelSIEVE/simulation_results/IndelSIEVE_benchmark_pipeline_ld_006/benchmark_results/simulated_data/results/data_type/no_cnv/0010/true_evo_events_genotypes_numeric	/raid/kang/DelSIEVE/simulation_results/IndelSIEVE_benchmark_pipeline_ld_006/benchmark_results/indelsieve/from_candidate/variant_calling/mt/no_cnv/smc_mudel_sa_stage_1/0010/indelsieve_mode_gaussian.genotypes	/raid/kang/DelSIEVE/simulation_results/IndelSIEVE_benchmark_pipeline_ld_006/benchmark_results/simulated_data/results/data_type/no_cnv/0010/true_evo_events_ternary_matrix.simple	/raid/kang/DelSIEVE/simulation_results/IndelSIEVE_benchmark_pipeline_ld_006/benchmark_results/indelsieve/from_candidate/variant_calling/mt/no_cnv/smc_mudel_sa_stage_1/0010/indelsieve_mode_gaussian.ternary	/raid/kang/DelSIEVE/simulation_results/IndelSIEVE_benchmark_pipeline_ld_006/benchmark_results/indelsieve/from_candidate/variant_calling/mt/no_cnv/smc_mudel_sa_stage_1/0010/indelsieve_mode_gaussian.probs	8113	253	7468	686	0.9220365950676214	0.9697585464977287	0.9452956597727934	0.0327677761947934	6784	48	9411	276	0.9609065155807366	0.9929742388758782	0.9766772243017564	0.0050745321915635	5009	120	10859	531	0.9041516245487364	0.976603626437902	0.9389820976661356	0.010929957191001	963	47	15447	62	0.9395121951219512	0.9534653465346534	0.9464373464373464	0.0030334322963727	1025	28	1	60	1684	543	11857	76	0.9568181818181818	0.756174225415357	0.0437903225806451	0.8447454226235265	151	14	13987	8	0.949685534591195	0.9151515151515152	0.0009999285765302	0.9320987654320988	462	231	13434	33	0.9333333333333332	0.6666666666666666	0.0169045005488474	0.7777777777777778	1045	324	12730	61	0.9448462929475588	0.7633308984660336	0.0248199785506358	0.8444444444444444	34	13	19	10	0	0	14160	0	NA	NA	0.0	NA
40	20	2	0.001999	0.16334	3e-05	7.5e-06	0.0	0001	sieve	candidate_snvs	smc_mu_ld_stage_1-smc_mu_ld_stage_2	mt	no_cnv	/raid/kang/DelSIEVE/simulation_results/IndelSIEVE_benchmark_pipeline_ld_006/benchmark_results/simulated_data/results/cell_names	/raid/kang/DelSIEVE/simulation_results/IndelSIEVE_benchmark_pipeline_ld_006/benchmark_results/indelsieve/from_candidate/variant_calling/stage2/mt/no_cnv/smc_mu_ld_stage_1-smc_mu_ld_stage_2/0001/indelsieve_median.cell_names	/raid/kang/DelSIEVE/simulation_results/IndelSIEVE_benchmark_pipeline_ld_006/benchmark_results/simulated_data/results/data_type/no_cnv/0001/true_evo_events_sites_names	/raid/kang/DelSIEVE/simulation_results/IndelSIEVE_benchmark_pipeline_ld_006/benchmark_results/indelsieve/from_candidate/variant_calling/stage2/mt/no_cnv/smc_mu_ld_stage_1-smc_mu_ld_stage_2/0001/indelsieve_median.loci_info	/raid/kang/DelSIEVE/simulation_results/IndelSIEVE_benchmark_pipeline_ld_006/benchmark_results/simulated_data/results/data_type/no_cnv/0001/true_evo_events_genotypes_numeric	/raid/kang/DelSIEVE/simulation_results/IndelSIEVE_benchmark_pipeline_ld_006/benchmark_results/indelsieve/from_candidate/variant_calling/stage2/mt/no_cnv/smc_mu_ld_stage_1-smc_mu_ld_stage_2/0001/indelsieve_median.genotypes	/raid/kang/DelSIEVE/simulation_results/IndelSIEVE_benchmark_pipeline_ld_006/benchmark_results/simulated_data/results/data_type/no_cnv/0001/true_evo_events_ternary_matrix.simple	/raid/kang/DelSIEVE/simulation_results/IndelSIEVE_benchmark_pipeline_ld_006/benchmark_results/indelsieve/from_candidate/variant_calling/stage2/mt/no_cnv/smc_mu_ld_stage_1-smc_mu_ld_stage_2/0001/indelsieve_median.ternary	/raid/kang/DelSIEVE/simulation_results/IndelSIEVE_benchmark_pipeline_ld_006/benchmark_results/indelsieve/from_candidate/variant_calling/stage2/mt/no_cnv/smc_mu_ld_stage_1-smc_mu_ld_stage_2/0001/indelsieve_median.probs	6468	92	9184	1856	0.7770302739067756	0.9859756097560975	0.8691212039774253	0.0099180681328158	6376	184	10811	217	0.967086303655392	0.9719512195121952	0.9695126587090396	0.0167348794906775	5258	462	11641	227	0.9586144029170464	0.9192307692307692	0.9385095939312804	0.0381723539618276	593	247	16633	115	0.8375706214689266	0.705952380952381	0.7661498708010337	0.0146327014218009	708	92	4	111	0	0	13136	1544	0.0	NA	0.0	NA	0	0	14664	16	0.0	NA	0.0	NA	0	0	14280	400	0.0	NA	0.0	NA	0	0	13552	1128	0.0	NA	0.0	NA	1045	83	170	224	0	0	14680	0	NA	NA	0.0	NA
40	20	2	0.001999	0.16334	3e-05	7.5e-06	0.0	0001	sieve	candidate_snvs	smc_mu_sa_stage_1-smc_mu_sa_stage_2	mt	no_cnv	/raid/kang/DelSIEVE/simulation_results/IndelSIEVE_benchmark_pipeline_ld_006/benchmark_results/simulated_data/results/cell_names	/raid/kang/DelSIEVE/simulation_results/IndelSIEVE_benchmark_pipeline_ld_006/benchmark_results/indelsieve/from_candidate/variant_calling/stage2/mt/no_cnv/smc_mu_sa_stage_1-smc_mu_sa_stage_2/0001/indelsieve_median.cell_names	/raid/kang/DelSIEVE/simulation_results/IndelSIEVE_benchmark_pipeline_ld_006/benchmark_results/simulated_data/results/data_type/no_cnv/0001/true_evo_events_sites_names	/raid/kang/DelSIEVE/simulation_results/IndelSIEVE_benchmark_pipeline_ld_006/benchmark_results/indelsieve/from_candidate/variant_calling/stage2/mt/no_cnv/smc_mu_sa_stage_1-smc_mu_sa_stage_2/0001/indelsieve_median.loci_info	/raid/kang/DelSIEVE/simulation_results/IndelSIEVE_benchmark_pipeline_ld_006/benchmark_results/simulated_data/results/data_type/no_cnv/0001/true_evo_events_genotypes_numeric	/raid/kang/DelSIEVE/simulation_results/IndelSIEVE_benchmark_pipeline_ld_006/benchmark_results/indelsieve/from_candidate/variant_calling/stage2/mt/no_cnv/smc_mu_sa_stage_1-smc_mu_sa_stage_2/0001/indelsieve_median.genotypes	/raid/kang/DelSIEVE/simulation_results/IndelSIEVE_benchmark_pipeline_ld_006/benchmark_results/simulated_data/results/data_type/no_cnv/0001/true_evo_events_ternary_matrix.simple	/raid/kang/DelSIEVE/simulation_results/IndelSIEVE_benchmark_pipeline_ld_006/benchmark_results/indelsieve/from_candidate/variant_calling/stage2/mt/no_cnv/smc_mu_sa_stage_1-smc_mu_sa_stage_2/0001/indelsieve_median.ternary	/raid/kang/DelSIEVE/simulation_results/IndelSIEVE_benchmark_pipeline_ld_006/benchmark_results/indelsieve/from_candidate/variant_calling/stage2/mt/no_cnv/smc_mu_sa_stage_1-smc_mu_sa_stage_2/0001/indelsieve_median.probs	6423	79	9197	1901	0.7716242191254205	0.9878498923408182	0.8664508296236342	0.0085166019836136	6351	151	10844	242	0.9632944031548611	0.9767763764995386	0.9699885452462772	0.0137335152341973	5232	417	11686	253	0.9538742023701002	0.9261816250663836	0.9398239626369678	0.0344542675369743	593	260	16620	115	0.8375706214689266	0.6951934349355217	0.7597693786034594	0.0154028436018957	708	79	4	111	0	0	13136	1544	0.0	NA	0.0	NA	0	0	14664	16	0.0	NA	0.0	NA	0	0	14280	400	0.0	NA	0.0	NA	0	0	13552	1128	0.0	NA	0.0	NA	1061	67	159	235	0	0	14680	0	NA	NA	0.0	NA
40	20	2	0.001999	0.16334	3e-05	7.5e-06	0.0	0001	indelsieve	candidate_snvs	smc_mudel_ld_stage_1-smc_mudel_ld_stage_2	mt	no_cnv	/raid/kang/DelSIEVE/simulation_results/IndelSIEVE_benchmark_pipeline_ld_006/benchmark_results/simulated_data/results/cell_names	/raid/kang/DelSIEVE/simulation_results/IndelSIEVE_benchmark_pipeline_ld_006/benchmark_results/indelsieve/from_candidate/variant_calling/stage2/mt/no_cnv/smc_mudel_ld_stage_1-smc_mudel_ld_stage_2/0001/indelsieve_median.cell_names	/raid/kang/DelSIEVE/simulation_results/IndelSIEVE_benchmark_pipeline_ld_006/benchmark_results/simulated_data/results/data_type/no_cnv/0001/true_evo_events_sites_names	/raid/kang/DelSIEVE/simulation_results/IndelSIEVE_benchmark_pipeline_ld_006/benchmark_results/indelsieve/from_candidate/variant_calling/stage2/mt/no_cnv/smc_mudel_ld_stage_1-smc_mudel_ld_stage_2/0001/indelsieve_median.loci_info	/raid/kang/DelSIEVE/simulation_results/IndelSIEVE_benchmark_pipeline_ld_006/benchmark_results/simulated_data/results/data_type/no_cnv/0001/true_evo_events_genotypes_numeric	/raid/kang/DelSIEVE/simulation_results/IndelSIEVE_benchmark_pipeline_ld_006/benchmark_results/indelsieve/from_candidate/variant_calling/stage2/mt/no_cnv/smc_mudel_ld_stage_1-smc_mudel_ld_stage_2/0001/indelsieve_median.genotypes	/raid/kang/DelSIEVE/simulation_results/IndelSIEVE_benchmark_pipeline_ld_006/benchmark_results/simulated_data/results/data_type/no_cnv/0001/true_evo_events_ternary_matrix.simple	/raid/kang/DelSIEVE/simulation_results/IndelSIEVE_benchmark_pipeline_ld_006/benchmark_results/indelsieve/from_candidate/variant_calling/stage2/mt/no_cnv/smc_mudel_ld_stage_1-smc_mudel_ld_stage_2/0001/indelsieve_median.ternary	/raid/kang/DelSIEVE/simulation_results/IndelSIEVE_benchmark_pipeline_ld_006/benchmark_results/indelsieve/from_candidate/variant_calling/stage2/mt/no_cnv/smc_mudel_ld_stage_1-smc_mudel_ld_stage_2/0001/indelsieve_median.probs	7269	83	9193	1055	0.8732580490148967	0.9887105549510338	0.9274049502424088	0.0089478223372143	6368	139	10856	225	0.9658728954952222	0.9786383894267712	0.9722137404580152	0.0126421100500227	5250	334	11769	235	0.9571558796718322	0.940186246418338	0.9485951757159636	0.0275964636866892	596	18	16862	112	0.8418079096045198	0.970684039087948	0.9016641452344932	0.0010663507109004	708	80	4	108	1140	14	13122	404	0.7383419689119171	0.9878682842287696	0.0010657734470158	0.8450704225352111	4	0	14664	12	0.25	1.0	0.0	0.4	298	11	14269	102	0.745	0.964401294498382	0.0007703081232492	0.8406205923836388	822	19	13533	306	0.7287234042553191	0.9774078478002378	0.0014020070838252	0.834941594718131	252	53	92	4	0	0	14680	0	NA	NA	0.0	NA
40	20	2	0.001999	0.16334	3e-05	7.5e-06	0.0	0001	indelsieve	candidate_snvs	smc_mudel_sa_stage_1-smc_mudel_sa_stage_2	mt	no_cnv	/raid/kang/DelSIEVE/simulation_results/IndelSIEVE_benchmark_pipeline_ld_006/benchmark_results/simulated_data/results/cell_names	/raid/kang/DelSIEVE/simulation_results/IndelSIEVE_benchmark_pipeline_ld_006/benchmark_results/indelsieve/from_candidate/variant_calling/stage2/mt/no_cnv/smc_mudel_sa_stage_1-smc_mudel_sa_stage_2/0001/indelsieve_median.cell_names	/raid/kang/DelSIEVE/simulation_results/IndelSIEVE_benchmark_pipeline_ld_006/benchmark_results/simulated_data/results/data_type/no_cnv/0001/true_evo_events_sites_names	/raid/kang/DelSIEVE/simulation_results/IndelSIEVE_benchmark_pipeline_ld_006/benchmark_results/indelsieve/from_candidate/variant_calling/stage2/mt/no_cnv/smc_mudel_sa_stage_1-smc_mudel_sa_stage_2/0001/indelsieve_median.loci_info	/raid/kang/DelSIEVE/simulation_results/IndelSIEVE_benchmark_pipeline_ld_006/benchmark_results/simulated_data/results/data_type/no_cnv/0001/true_evo_events_genotypes_numeric	/raid/kang/DelSIEVE/simulation_results/IndelSIEVE_benchmark_pipeline_ld_006/benchmark_results/indelsieve/from_candidate/variant_calling/stage2/mt/no_cnv/smc_mudel_sa_stage_1-smc_mudel_sa_stage_2/0001/indelsieve_median.genotypes	/raid/kang/DelSIEVE/simulation_results/IndelSIEVE_benchmark_pipeline_ld_006/benchmark_results/simulated_data/results/data_type/no_cnv/0001/true_evo_events_ternary_matrix.simple	/raid/kang/DelSIEVE/simulation_results/IndelSIEVE_benchmark_pipeline_ld_006/benchmark_results/indelsieve/from_candidate/variant_calling/stage2/mt/no_cnv/smc_mudel_sa_stage_1-smc_mudel_sa_stage_2/0001/indelsieve_median.ternary	/raid/kang/DelSIEVE/simulation_results/IndelSIEVE_benchmark_pipeline_ld_006/benchmark_results/indelsieve/from_candidate/variant_calling/stage2/mt/no_cnv/smc_mudel_sa_stage_1-smc_mudel_sa_stage_2/0001/indelsieve_median.probs	7427	350	8926	897	0.892239308024988	0.954995499549955	0.922551394323334	0.0377317809400603	6312	82	10913	281	0.957379038374033	0.9871754770096964	0.972048972048972	0.0074579354251932	5045	211	11844	488	0.9118019157780588	0.959855403348554	0.935211789785893	0.0175031107424305	568	17	16911	92	0.8606060606060606	0.9709401709401708	0.9124497991967871	0.0010042533081285	660	55	3	88	1365	571	12565	179	0.8840673575129534	0.7050619834710744	0.0434683313032886	0.7844827586206896	7	0	14664	9	0.4375	1.0	0.0	0.6086956521739131	341	212	14068	59	0.8525	0.6166365280289331	0.0148459383753501	0.7156348373557188	997	379	13173	131	0.8838652482269503	0.7245639534883721	0.0279663518299881	0.7963258785942492	108	20	48	3	0	0	14680	0	NA	NA	0.0	NA
40	20	2	0.001999	0.16334	3e-05	7.5e-06	0.0	0002	sieve	candidate_snvs	smc_mu_ld_stage_1-smc_mu_ld_stage_2	mt	no_cnv	/raid/kang/DelSIEVE/simulation_results/IndelSIEVE_benchmark_pipeline_ld_006/benchmark_results/simulated_data/results/cell_names	/raid/kang/DelSIEVE/simulation_results/IndelSIEVE_benchmark_pipeline_ld_006/benchmark_results/indelsieve/from_candidate/variant_calling/stage2/mt/no_cnv/smc_mu_ld_stage_1-smc_mu_ld_stage_2/0002/indelsieve_median.cell_names	/raid/kang/DelSIEVE/simulation_results/IndelSIEVE_benchmark_pipeline_ld_006/benchmark_results/simulated_data/results/data_type/no_cnv/0002/true_evo_events_sites_names	/raid/kang/DelSIEVE/simulation_results/IndelSIEVE_benchmark_pipeline_ld_006/benchmark_results/indelsieve/from_candidate/variant_calling/stage2/mt/no_cnv/smc_mu_ld_stage_1-smc_mu_ld_stage_2/0002/indelsieve_median.loci_info	/raid/kang/DelSIEVE/simulation_results/IndelSIEVE_benchmark_pipeline_ld_006/benchmark_results/simulated_data/results/data_type/no_cnv/0002/true_evo_events_genotypes_numeric	/raid/kang/DelSIEVE/simulation_results/IndelSIEVE_benchmark_pipeline_ld_006/benchmark_results/indelsieve/from_candidate/variant_calling/stage2/mt/no_cnv/smc_mu_ld_stage_1-smc_mu_ld_stage_2/0002/indelsieve_median.genotypes	/raid/kang/DelSIEVE/simulation_results/IndelSIEVE_benchmark_pipeline_ld_006/benchmark_results/simulated_data/results/data_type/no_cnv/0002/true_evo_events_ternary_matrix.simple	/raid/kang/DelSIEVE/simulation_results/IndelSIEVE_benchmark_pipeline_ld_006/benchmark_results/indelsieve/from_candidate/variant_calling/stage2/mt/no_cnv/smc_mu_ld_stage_1-smc_mu_ld_stage_2/0002/indelsieve_median.ternary	/raid/kang/DelSIEVE/simulation_results/IndelSIEVE_benchmark_pipeline_ld_006/benchmark_results/indelsieve/from_candidate/variant_calling/stage2/mt/no_cnv/smc_mu_ld_stage_1-smc_mu_ld_stage_2/0002/indelsieve_median.probs	5979	95	10660	1706	0.7780091086532206	0.9843595653605532	0.8691038592920998	0.00883310088331	5871	203	12133	229	0.9624590163934428	0.9665788607178136	0.964514539181863	0.0164559014267185	4974	549	12687	226	0.9565384615384616	0.9005975013579577	0.92772544996736	0.0414777878513146	505	46	17741	144	0.7781201848998459	0.9165154264972776	0.8416666666666668	0.0025861584303142	649	95	2	142	0	0	13642	1278	0.0	NA	0.0	NA	0	0	14897	23	0.0	NA	0.0	NA	0	0	14669	251	0.0	NA	0.0	NA	0	0	13916	1004	0.0	NA	0.0	NA	905	99	206	38	0	0	14920	0	NA	NA	0.0	NA
40	20	2	0.001999	0.16334	3e-05	7.5e-06	0.0	0002	sieve	candidate_snvs	smc_mu_sa_stage_1-smc_mu_sa_stage_2	mt	no_cnv	/raid/kang/DelSIEVE/simulation_results/IndelSIEVE_benchmark_pipeline_ld_006/benchmark_results/simulated_data/results/cell_names	/raid/kang/DelSIEVE/simulation_results/IndelSIEVE_benchmark_pipeline_ld_006/benchmark_results/indelsieve/from_candidate/variant_calling/stage2/mt/no_cnv/smc_mu_sa_stage_1-smc_mu_sa_stage_2/0002/indelsieve_median.cell_names	/raid/kang/DelSIEVE/simulation_results/IndelSIEVE_benchmark_pipeline_ld_006/benchmark_results/simulated_data/results/data_type/no_cnv/0002/true_evo_events_sites_names	/raid/kang/DelSIEVE/simulation_results/IndelSIEVE_benchmark_pipeline_ld_006/benchmark_results/indelsieve/from_candidate/variant_calling/stage2/mt/no_cnv/smc_mu_sa_stage_1-smc_mu_sa_stage_2/0002/indelsieve_median.loci_info	/raid/kang/DelSIEVE/simulation_results/IndelSIEVE_benchmark_pipeline_ld_006/benchmark_results/simulated_data/results/data_type/no_cnv/0002/true_evo_events_genotypes_numeric	/raid/kang/DelSIEVE/simulation_results/IndelSIEVE_benchmark_pipeline_ld_006/benchmark_results/indelsieve/from_candidate/variant_calling/stage2/mt/no_cnv/smc_mu_sa_stage_1-smc_mu_sa_stage_2/0002/indelsieve_median.genotypes	/raid/kang/DelSIEVE/simulation_results/IndelSIEVE_benchmark_pipeline_ld_006/benchmark_results/simulated_data/results/data_type/no_cnv/0002/true_evo_events_ternary_matrix.simple	/raid/kang/DelSIEVE/simulation_results/IndelSIEVE_benchmark_pipeline_ld_006/benchmark_results/indelsieve/from_candidate/variant_calling/stage2/mt/no_cnv/smc_mu_sa_stage_1-smc_mu_sa_stage_2/0002/indelsieve_median.ternary	/raid/kang/DelSIEVE/simulation_results/IndelSIEVE_benchmark_pipeline_ld_006/benchmark_results/indelsieve/from_candidate/variant_calling/stage2/mt/no_cnv/smc_mu_sa_stage_1-smc_mu_sa_stage_2/0002/indelsieve_median.probs	5934	90	10665	1751	0.7721535458685751	0.9850597609561752	0.865708658545481	0.00836820083682	5854	170	12166	246	0.959672131147541	0.9717795484727756	0.9656878917848896	0.0137808041504539	4957	442	12794	243	0.9532692307692308	0.9181329875902944	0.9353712614397584	0.033393774554246	503	122	17665	146	0.7750385208012327	0.8048	0.7896389324960754	0.0068589419238769	649	90	2	144	0	0	13642	1278	0.0	NA	0.0	NA	0	0	14897	23	0.0	NA	0.0	NA	0	0	14669	251	0.0	NA	0.0	NA	0	0	13916	1004	0.0	NA	0.0	NA	933	71	136	107	0	0	14920	0	NA	NA	0.0	NA
40	20	2	0.001999	0.16334	3e-05	7.5e-06	0.0	0002	indelsieve	candidate_snvs	smc_mudel_ld_stage_1-smc_mudel_ld_stage_2	mt	no_cnv	/raid/kang/DelSIEVE/simulation_results/IndelSIEVE_benchmark_pipeline_ld_006/benchmark_results/simulated_data/results/cell_names	/raid/kang/DelSIEVE/simulation_results/IndelSIEVE_benchmark_pipeline_ld_006/benchmark_results/indelsieve/from_candidate/variant_calling/stage2/mt/no_cnv/smc_mudel_ld_stage_1-smc_mudel_ld_stage_2/0002/indelsieve_median.cell_names	/raid/kang/DelSIEVE/simulation_results/IndelSIEVE_benchmark_pipeline_ld_006/benchmark_results/simulated_data/results/data_type/no_cnv/0002/true_evo_events_sites_names	/raid/kang/DelSIEVE/simulation_results/IndelSIEVE_benchmark_pipeline_ld_006/benchmark_results/indelsieve/from_candidate/variant_calling/stage2/mt/no_cnv/smc_mudel_ld_stage_1-smc_mudel_ld_stage_2/0002/indelsieve_median.loci_info	/raid/kang/DelSIEVE/simulation_results/IndelSIEVE_benchmark_pipeline_ld_006/benchmark_results/simulated_data/results/data_type/no_cnv/0002/true_evo_events_genotypes_numeric	/raid/kang/DelSIEVE/simulation_results/IndelSIEVE_benchmark_pipeline_ld_006/benchmark_results/indelsieve/from_candidate/variant_calling/stage2/mt/no_cnv/smc_mudel_ld_stage_1-smc_mudel_ld_stage_2/0002/indelsieve_median.genotypes	/raid/kang/DelSIEVE/simulation_results/IndelSIEVE_benchmark_pipeline_ld_006/benchmark_results/simulated_data/results/data_type/no_cnv/0002/true_evo_events_ternary_matrix.simple	/raid/kang/DelSIEVE/simulation_results/IndelSIEVE_benchmark_pipeline_ld_006/benchmark_results/indelsieve/from_candidate/variant_calling/stage2/mt/no_cnv/smc_mudel_ld_stage_1-smc_mudel_ld_stage_2/0002/indelsieve_median.ternary	/raid/kang/DelSIEVE/simulation_results/IndelSIEVE_benchmark_pipeline_ld_006/benchmark_results/indelsieve/from_candidate/variant_calling/stage2/mt/no_cnv/smc_mudel_ld_stage_1-smc_mudel_ld_stage_2/0002/indelsieve_median.probs	6643	102	10653	1042	0.8644111906310995	0.9848776871756856	0.9207207207207208	0.009483960948396	5872	162	12174	228	0.962622950819672	0.9731521378853164	0.967858908851162	0.0131322957198443	4975	379	12857	225	0.9567307692307692	0.9292118042584984	0.9427705135493653	0.0286340284073738	508	17	17770	141	0.7827426810477658	0.9676190476190476	0.8654173764906303	0.0009557542025074	649	98	2	139	862	4	13638	416	0.6744913928012519	0.9953810623556582	0.0002932121389825	0.8041044776119403	5	0	14897	18	0.217391304347826	1.0	0.0	0.3571428571428571	151	4	14665	100	0.601593625498008	0.9741935483870968	0.0002726838911991	0.7438423645320198	686	20	13896	318	0.6832669322709163	0.9716713881019832	0.0014371945961483	0.8023391812865497	258	59	82	11	0	0	14920	0	NA	NA	0.0	NA
40	20	2	0.001999	0.16334	3e-05	7.5e-06	0.0	0002	indelsieve	candidate_snvs	smc_mudel_sa_stage_1-smc_mudel_sa_stage_2	mt	no_cnv	/raid/kang/DelSIEVE/simulation_results/IndelSIEVE_benchmark_pipeline_ld_006/benchmark_results/simulated_data/results/cell_names	/raid/kang/DelSIEVE/simulation_results/IndelSIEVE_benchmark_pipeline_ld_006/benchmark_results/indelsieve/from_candidate/variant_calling/stage2/mt/no_cnv/smc_mudel_sa_stage_1-smc_mudel_sa_stage_2/0002/indelsieve_median.cell_names	/raid/kang/DelSIEVE/simulation_results/IndelSIEVE_benchmark_pipeline_ld_006/benchmark_results/simulated_data/results/data_type/no_cnv/0002/true_evo_events_sites_names	/raid/kang/DelSIEVE/simulation_results/IndelSIEVE_benchmark_pipeline_ld_006/benchmark_results/indelsieve/from_candidate/variant_calling/stage2/mt/no_cnv/smc_mudel_sa_stage_1-smc_mudel_sa_stage_2/0002/indelsieve_median.loci_info	/raid/kang/DelSIEVE/simulation_results/IndelSIEVE_benchmark_pipeline_ld_006/benchmark_results/simulated_data/results/data_type/no_cnv/0002/true_evo_events_genotypes_numeric	/raid/kang/DelSIEVE/simulation_results/IndelSIEVE_benchmark_pipeline_ld_006/benchmark_results/indelsieve/from_candidate/variant_calling/stage2/mt/no_cnv/smc_mudel_sa_stage_1-smc_mudel_sa_stage_2/0002/indelsieve_median.genotypes	/raid/kang/DelSIEVE/simulation_results/IndelSIEVE_benchmark_pipeline_ld_006/benchmark_results/simulated_data/results/data_type/no_cnv/0002/true_evo_events_ternary_matrix.simple	/raid/kang/DelSIEVE/simulation_results/IndelSIEVE_benchmark_pipeline_ld_006/benchmark_results/indelsieve/from_candidate/variant_calling/stage2/mt/no_cnv/smc_mudel_sa_stage_1-smc_mudel_sa_stage_2/0002/indelsieve_median.ternary	/raid/kang/DelSIEVE/simulation_results/IndelSIEVE_benchmark_pipeline_ld_006/benchmark_results/indelsieve/from_candidate/variant_calling/stage2/mt/no_cnv/smc_mudel_sa_stage_1-smc_mudel_sa_stage_2/0002/indelsieve_median.probs	6777	372	10383	908	0.8818477553675992	0.9479647503147294	0.9137117432924364	0.0345885634588563	5820	119	12217	280	0.9540983606557376	0.9799629567267216	0.9668577124345876	0.0096465629053177	4778	270	12941	447	0.9144497607655504	0.946513470681458	0.930205392777183	0.0204375141927181	496	18	17794	128	0.7948717948717948	0.9649805447470816	0.8717047451669595	0.0010105546822366	624	75	2	126	1071	516	13126	207	0.8380281690140845	0.6748582230623819	0.0378243659287494	0.7476439790575916	8	0	14897	15	0.3478260869565217	1.0	0.0	0.5161290322580645	195	182	14487	56	0.7768924302788844	0.5172413793103449	0.0124071170495602	0.6210191082802548	840	362	13554	164	0.8366533864541833	0.6988352745424293	0.0260132221902845	0.7615593834995468	127	32	37	11	0	0	14920	0	NA	NA	0.0	NA
40	20	2	0.001999	0.16334	3e-05	7.5e-06	0.0	0003	sieve	candidate_snvs	smc_mu_ld_stage_1-smc_mu_ld_stage_2	mt	no_cnv	/raid/kang/DelSIEVE/simulation_results/IndelSIEVE_benchmark_pipeline_ld_006/benchmark_results/simulated_data/results/cell_names	/raid/kang/DelSIEVE/simulation_results/IndelSIEVE_benchmark_pipeline_ld_006/benchmark_results/indelsieve/from_candidate/variant_calling/stage2/mt/no_cnv/smc_mu_ld_stage_1-smc_mu_ld_stage_2/0003/indelsieve_median.cell_names	/raid/kang/DelSIEVE/simulation_results/IndelSIEVE_benchmark_pipeline_ld_006/benchmark_results/simulated_data/results/data_type/no_cnv/0003/true_evo_events_sites_names	/raid/kang/DelSIEVE/simulation_results/IndelSIEVE_benchmark_pipeline_ld_006/benchmark_results/indelsieve/from_candidate/variant_calling/stage2/mt/no_cnv/smc_mu_ld_stage_1-smc_mu_ld_stage_2/0003/indelsieve_median.loci_info	/raid/kang/DelSIEVE/simulation_results/IndelSIEVE_benchmark_pipeline_ld_006/benchmark_results/simulated_data/results/data_type/no_cnv/0003/true_evo_events_genotypes_numeric	/raid/kang/DelSIEVE/simulation_results/IndelSIEVE_benchmark_pipeline_ld_006/benchmark_results/indelsieve/from_candidate/variant_calling/stage2/mt/no_cnv/smc_mu_ld_stage_1-smc_mu_ld_stage_2/0003/indelsieve_median.genotypes	/raid/kang/DelSIEVE/simulation_results/IndelSIEVE_benchmark_pipeline_ld_006/benchmark_results/simulated_data/results/data_type/no_cnv/0003/true_evo_events_ternary_matrix.simple	/raid/kang/DelSIEVE/simulation_results/IndelSIEVE_benchmark_pipeline_ld_006/benchmark_results/indelsieve/from_candidate/variant_calling/stage2/mt/no_cnv/smc_mu_ld_stage_1-smc_mu_ld_stage_2/0003/indelsieve_median.ternary	/raid/kang/DelSIEVE/simulation_results/IndelSIEVE_benchmark_pipeline_ld_006/benchmark_results/indelsieve/from_candidate/variant_calling/stage2/mt/no_cnv/smc_mu_ld_stage_1-smc_mu_ld_stage_2/0003/indelsieve_median.probs	5301	60	4450	1509	0.7784140969162996	0.9888080581980974	0.8710870101059897	0.0133037694013303	5182	179	5889	68	0.9870476190476192	0.9666107069576572	0.9767222693431344	0.0294990112063282	3727	494	7027	70	0.9815643929417962	0.8829661217720919	0.9296582688949864	0.0656827549527988	851	289	10117	61	0.9331140350877192	0.7464912280701754	0.8294346978557505	0.0277724389775129	912	60	0	61	0	0	8722	1758	0.0	NA	0.0	NA	0	0	10440	40	0.0	NA	0.0	NA	0	0	9939	541	0.0	NA	0.0	NA	0	0	9303	1177	0.0	NA	0.0	NA	1074	103	257	281	0	0	10480	0	NA	NA	0.0	NA
40	20	2	0.001999	0.16334	3e-05	7.5e-06	0.0	0003	sieve	candidate_snvs	smc_mu_sa_stage_1-smc_mu_sa_stage_2	mt	no_cnv	/raid/kang/DelSIEVE/simulation_results/IndelSIEVE_benchmark_pipeline_ld_006/benchmark_results/simulated_data/results/cell_names	/raid/kang/DelSIEVE/simulation_results/IndelSIEVE_benchmark_pipeline_ld_006/benchmark_results/indelsieve/from_candidate/variant_calling/stage2/mt/no_cnv/smc_mu_sa_stage_1-smc_mu_sa_stage_2/0003/indelsieve_median.cell_names	/raid/kang/DelSIEVE/simulation_results/IndelSIEVE_benchmark_pipeline_ld_006/benchmark_results/simulated_data/results/data_type/no_cnv/0003/true_evo_events_sites_names	/raid/kang/DelSIEVE/simulation_results/IndelSIEVE_benchmark_pipeline_ld_006/benchmark_results/indelsieve/from_candidate/variant_calling/stage2/mt/no_cnv/smc_mu_sa_stage_1-smc_mu_sa_stage_2/0003/indelsieve_median.loci_info	/raid/kang/DelSIEVE/simulation_results/IndelSIEVE_benchmark_pipeline_ld_006/benchmark_results/simulated_data/results/data_type/no_cnv/0003/true_evo_events_genotypes_numeric	/raid/kang/DelSIEVE/simulation_results/IndelSIEVE_benchmark_pipeline_ld_006/benchmark_results/indelsieve/from_candidate/variant_calling/stage2/mt/no_cnv/smc_mu_sa_stage_1-smc_mu_sa_stage_2/0003/indelsieve_median.genotypes	/raid/kang/DelSIEVE/simulation_results/IndelSIEVE_benchmark_pipeline_ld_006/benchmark_results/simulated_data/results/data_type/no_cnv/0003/true_evo_events_ternary_matrix.simple	/raid/kang/DelSIEVE/simulation_results/IndelSIEVE_benchmark_pipeline_ld_006/benchmark_results/indelsieve/from_candidate/variant_calling/stage2/mt/no_cnv/smc_mu_sa_stage_1-smc_mu_sa_stage_2/0003/indelsieve_median.ternary	/raid/kang/DelSIEVE/simulation_results/IndelSIEVE_benchmark_pipeline_ld_006/benchmark_results/indelsieve/from_candidate/variant_calling/stage2/mt/no_cnv/smc_mu_sa_stage_1-smc_mu_sa_stage_2/0003/indelsieve_median.probs	5245	66	4444	1565	0.7701908957415565	0.987572961777443	0.865440145202541	0.0146341463414634	5169	142	5926	81	0.9845714285714284	0.9732630389757108	0.9788845753243064	0.0234014502307185	3716	330	7191	81	0.978667368975507	0.9184379634206624	0.9475965829402014	0.0438771439968089	845	420	9986	67	0.9265350877192984	0.6679841897233202	0.7762976573265963	0.0403613300019219	912	66	0	67	0	0	8722	1758	0.0	NA	0.0	NA	0	0	10440	40	0.0	NA	0.0	NA	0	0	9939	541	0.0	NA	0.0	NA	0	0	9303	1177	0.0	NA	0.0	NA	1115	62	124	413	0	0	10480	0	NA	NA	0.0	NA
40	20	2	0.001999	0.16334	3e-05	7.5e-06	0.0	0003	indelsieve	candidate_snvs	smc_mudel_ld_stage_1-smc_mudel_ld_stage_2	mt	no_cnv	/raid/kang/DelSIEVE/simulation_results/IndelSIEVE_benchmark_pipeline_ld_006/benchmark_results/simulated_data/results/cell_names	/raid/kang/DelSIEVE/simulation_results/IndelSIEVE_benchmark_pipeline_ld_006/benchmark_results/indelsieve/from_candidate/variant_calling/stage2/mt/no_cnv/smc_mudel_ld_stage_1-smc_mudel_ld_stage_2/0003/indelsieve_median.cell_names	/raid/kang/DelSIEVE/simulation_results/IndelSIEVE_benchmark_pipeline_ld_006/benchmark_results/simulated_data/results/data_type/no_cnv/0003/true_evo_events_sites_names	/raid/kang/DelSIEVE/simulation_results/IndelSIEVE_benchmark_pipeline_ld_006/benchmark_results/indelsieve/from_candidate/variant_calling/stage2/mt/no_cnv/smc_mudel_ld_stage_1-smc_mudel_ld_stage_2/0003/indelsieve_median.loci_info	/raid/kang/DelSIEVE/simulation_results/IndelSIEVE_benchmark_pipeline_ld_006/benchmark_results/simulated_data/results/data_type/no_cnv/0003/true_evo_events_genotypes_numeric	/raid/kang/DelSIEVE/simulation_results/IndelSIEVE_benchmark_pipeline_ld_006/benchmark_results/indelsieve/from_candidate/variant_calling/stage2/mt/no_cnv/smc_mudel_ld_stage_1-smc_mudel_ld_stage_2/0003/indelsieve_median.genotypes	/raid/kang/DelSIEVE/simulation_results/IndelSIEVE_benchmark_pipeline_ld_006/benchmark_results/simulated_data/results/data_type/no_cnv/0003/true_evo_events_ternary_matrix.simple	/raid/kang/DelSIEVE/simulation_results/IndelSIEVE_benchmark_pipeline_ld_006/benchmark_results/indelsieve/from_candidate/variant_calling/stage2/mt/no_cnv/smc_mudel_ld_stage_1-smc_mudel_ld_stage_2/0003/indelsieve_median.ternary	/raid/kang/DelSIEVE/simulation_results/IndelSIEVE_benchmark_pipeline_ld_006/benchmark_results/indelsieve/from_candidate/variant_calling/stage2/mt/no_cnv/smc_mudel_ld_stage_1-smc_mudel_ld_stage_2/0003/indelsieve_median.probs	6296	83	4427	514	0.9245227606461086	0.9869885562000312	0.9547350064447644	0.0184035476718403	5180	110	5958	70	0.9866666666666668	0.9792060491493384	0.98292220113852	0.0181278839815425	3724	200	7321	73	0.9807742954964446	0.9490316004077471	0.9646418857660924	0.0265922084829145	850	26	10380	62	0.9320175438596492	0.9703196347031964	0.9507829977628636	0.0024985585239285	912	65	0	62	1552	27	8695	206	0.8828213879408419	0.9829005699810006	0.0030956202705801	0.9301768055139348	23	0	10440	17	0.575	1.0	0.0	0.7301587301587301	478	12	9927	63	0.8835489833641405	0.9755102040816328	0.0012073649260488	0.9272550921435498	1031	35	9268	146	0.8759558198810535	0.9671669793621012	0.0037622272385252	0.9193045028979046	109	36	37	23	0	0	10480	0	NA	NA	0.0	NA
40	20	2	0.001999	0.16334	3e-05	7.5e-06	0.0	0003	indelsieve	candidate_snvs	smc_mudel_sa_stage_1-smc_mudel_sa_stage_2	mt	no_cnv	/raid/kang/DelSIEVE/simulation_results/IndelSIEVE_benchmark_pipeline_ld_006/benchmark_results/simulated_data/results/cell_names	/raid/kang/DelSIEVE/simulation_results/IndelSIEVE_benchmark_pipeline_ld_006/benchmark_results/indelsieve/from_candidate/variant_calling/stage2/mt/no_cnv/smc_mudel_sa_stage_1-smc_mudel_sa_stage_2/0003/indelsieve_median.cell_names	/raid/kang/DelSIEVE/simulation_results/IndelSIEVE_benchmark_pipeline_ld_006/benchmark_results/simulated_data/results/data_type/no_cnv/0003/true_evo_events_sites_names	/raid/kang/DelSIEVE/simulation_results/IndelSIEVE_benchmark_pipeline_ld_006/benchmark_results/indelsieve/from_candidate/variant_calling/stage2/mt/no_cnv/smc_mudel_sa_stage_1-smc_mudel_sa_stage_2/0003/indelsieve_median.loci_info	/raid/kang/DelSIEVE/simulation_results/IndelSIEVE_benchmark_pipeline_ld_006/benchmark_results/simulated_data/results/data_type/no_cnv/0003/true_evo_events_genotypes_numeric	/raid/kang/DelSIEVE/simulation_results/IndelSIEVE_benchmark_pipeline_ld_006/benchmark_results/indelsieve/from_candidate/variant_calling/stage2/mt/no_cnv/smc_mudel_sa_stage_1-smc_mudel_sa_stage_2/0003/indelsieve_median.genotypes	/raid/kang/DelSIEVE/simulation_results/IndelSIEVE_benchmark_pipeline_ld_006/benchmark_results/simulated_data/results/data_type/no_cnv/0003/true_evo_events_ternary_matrix.simple	/raid/kang/DelSIEVE/simulation_results/IndelSIEVE_benchmark_pipeline_ld_006/benchmark_results/indelsieve/from_candidate/variant_calling/stage2/mt/no_cnv/smc_mudel_sa_stage_1-smc_mudel_sa_stage_2/0003/indelsieve_median.ternary	/raid/kang/DelSIEVE/simulation_results/IndelSIEVE_benchmark_pipeline_ld_006/benchmark_results/indelsieve/from_candidate/variant_calling/stage2/mt/no_cnv/smc_mudel_sa_stage_1-smc_mudel_sa_stage_2/0003/indelsieve_median.probs	6330	235	4275	480	0.9295154185022028	0.9642041127189642	0.9465420560747664	0.0521064301552106	5136	94	5974	114	0.9782857142857144	0.9820267686424474	0.9801526717557252	0.0154911008569545	3587	171	7322	238	0.9377777777777778	0.954497072911123	0.9460635632335488	0.0228212998798878	820	21	10413	64	0.9276018099547512	0.9750297265160524	0.9507246376811594	0.0020126509488211	884	60	0	64	1617	349	8373	141	0.9197952218430034	0.8224821973550356	0.0400137583123136	0.8684210526315789	26	1	10439	14	0.65	0.9629629629629628	9.578544061302682e-05	0.7761194029850746	495	136	9803	46	0.9149722735674676	0.7844690966719493	0.0136834691618875	0.8447098976109214	1075	233	9070	102	0.913338997451147	0.8218654434250765	0.0250456841878963	0.8651911468812877	75	24	23	19	0	0	10480	0	NA	NA	0.0	NA
40	20	2	0.001999	0.16334	3e-05	7.5e-06	0.0	0004	sieve	candidate_snvs	smc_mu_ld_stage_1-smc_mu_ld_stage_2	mt	no_cnv	/raid/kang/DelSIEVE/simulation_results/IndelSIEVE_benchmark_pipeline_ld_006/benchmark_results/simulated_data/results/cell_names	/raid/kang/DelSIEVE/simulation_results/IndelSIEVE_benchmark_pipeline_ld_006/benchmark_results/indelsieve/from_candidate/variant_calling/stage2/mt/no_cnv/smc_mu_ld_stage_1-smc_mu_ld_stage_2/0004/indelsieve_median.cell_names	/raid/kang/DelSIEVE/simulation_results/IndelSIEVE_benchmark_pipeline_ld_006/benchmark_results/simulated_data/results/data_type/no_cnv/0004/true_evo_events_sites_names	/raid/kang/DelSIEVE/simulation_results/IndelSIEVE_benchmark_pipeline_ld_006/benchmark_results/indelsieve/from_candidate/variant_calling/stage2/mt/no_cnv/smc_mu_ld_stage_1-smc_mu_ld_stage_2/0004/indelsieve_median.loci_info	/raid/kang/DelSIEVE/simulation_results/IndelSIEVE_benchmark_pipeline_ld_006/benchmark_results/simulated_data/results/data_type/no_cnv/0004/true_evo_events_genotypes_numeric	/raid/kang/DelSIEVE/simulation_results/IndelSIEVE_benchmark_pipeline_ld_006/benchmark_results/indelsieve/from_candidate/variant_calling/stage2/mt/no_cnv/smc_mu_ld_stage_1-smc_mu_ld_stage_2/0004/indelsieve_median.genotypes	/raid/kang/DelSIEVE/simulation_results/IndelSIEVE_benchmark_pipeline_ld_006/benchmark_results/simulated_data/results/data_type/no_cnv/0004/true_evo_events_ternary_matrix.simple	/raid/kang/DelSIEVE/simulation_results/IndelSIEVE_benchmark_pipeline_ld_006/benchmark_results/indelsieve/from_candidate/variant_calling/stage2/mt/no_cnv/smc_mu_ld_stage_1-smc_mu_ld_stage_2/0004/indelsieve_median.ternary	/raid/kang/DelSIEVE/simulation_results/IndelSIEVE_benchmark_pipeline_ld_006/benchmark_results/indelsieve/from_candidate/variant_calling/stage2/mt/no_cnv/smc_mu_ld_stage_1-smc_mu_ld_stage_2/0004/indelsieve_median.probs	6333	78	5780	1329	0.8265465935787001	0.9878334113242864	0.9000213174163292	0.0133151246159098	6231	180	7010	96	0.9848269321953532	0.9719232569021994	0.9783325482807348	0.0250347705146036	4659	451	8302	105	0.9779596977329976	0.9117416829745596	0.9436905003038284	0.0515251913629612	797	504	12104	112	0.8767876787678768	0.6126056879323597	0.7212669683257917	0.0399746192893401	909	78	0	112	0	0	10399	1641	0.0	NA	0.0	NA	0	0	11967	73	0.0	NA	0.0	NA	0	0	11386	654	0.0	NA	0.0	NA	0	0	11126	914	0.0	NA	0.0	NA	844	70	163	490	0	0	12040	0	NA	NA	0.0	NA
40	20	2	0.001999	0.16334	3e-05	7.5e-06	0.0	0004	sieve	candidate_snvs	smc_mu_sa_stage_1-smc_mu_sa_stage_2	mt	no_cnv	/raid/kang/DelSIEVE/simulation_results/IndelSIEVE_benchmark_pipeline_ld_006/benchmark_results/simulated_data/results/cell_names	/raid/kang/DelSIEVE/simulation_results/IndelSIEVE_benchmark_pipeline_ld_006/benchmark_results/indelsieve/from_candidate/variant_calling/stage2/mt/no_cnv/smc_mu_sa_stage_1-smc_mu_sa_stage_2/0004/indelsieve_median.cell_names	/raid/kang/DelSIEVE/simulation_results/IndelSIEVE_benchmark_pipeline_ld_006/benchmark_results/simulated_data/results/data_type/no_cnv/0004/true_evo_events_sites_names	/raid/kang/DelSIEVE/simulation_results/IndelSIEVE_benchmark_pipeline_ld_006/benchmark_results/indelsieve/from_candidate/variant_calling/stage2/mt/no_cnv/smc_mu_sa_stage_1-smc_mu_sa_stage_2/0004/indelsieve_median.loci_info	/raid/kang/DelSIEVE/simulation_results/IndelSIEVE_benchmark_pipeline_ld_006/benchmark_results/simulated_data/results/data_type/no_cnv/0004/true_evo_events_genotypes_numeric	/raid/kang/DelSIEVE/simulation_results/IndelSIEVE_benchmark_pipeline_ld_006/benchmark_results/indelsieve/from_candidate/variant_calling/stage2/mt/no_cnv/smc_mu_sa_stage_1-smc_mu_sa_stage_2/0004/indelsieve_median.genotypes	/raid/kang/DelSIEVE/simulation_results/IndelSIEVE_benchmark_pipeline_ld_006/benchmark_results/simulated_data/results/data_type/no_cnv/0004/true_evo_events_ternary_matrix.simple	/raid/kang/DelSIEVE/simulation_results/IndelSIEVE_benchmark_pipeline_ld_006/benchmark_results/indelsieve/from_candidate/variant_calling/stage2/mt/no_cnv/smc_mu_sa_stage_1-smc_mu_sa_stage_2/0004/indelsieve_median.ternary	/raid/kang/DelSIEVE/simulation_results/IndelSIEVE_benchmark_pipeline_ld_006/benchmark_results/indelsieve/from_candidate/variant_calling/stage2/mt/no_cnv/smc_mu_sa_stage_1-smc_mu_sa_stage_2/0004/indelsieve_median.probs	6290	76	5782	1372	0.8209344818585226	0.9880615771284952	0.896777872825777	0.0129737111642198	6221	145	7045	106	0.983246404299036	0.9772227458372604	0.9802253210430948	0.0201668984700973	4650	390	8363	114	0.9760705289672544	0.9226190476190476	0.94859241126071	0.0445561521763966	789	537	12071	120	0.8679867986798679	0.5950226244343891	0.7060402684563759	0.0425920050761421	909	76	0	120	0	0	10399	1641	0.0	NA	0.0	NA	0	0	11967	73	0.0	NA	0.0	NA	0	0	11386	654	0.0	NA	0.0	NA	0	0	11126	914	0.0	NA	0.0	NA	875	39	129	523	0	0	12040	0	NA	NA	0.0	NA
40	20	2	0.001999	0.16334	3e-05	7.5e-06	0.0	0004	indelsieve	candidate_snvs	smc_mudel_ld_stage_1-smc_mudel_ld_stage_2	mt	no_cnv	/raid/kang/DelSIEVE/simulation_results/IndelSIEVE_benchmark_pipeline_ld_006/benchmark_results/simulated_data/results/cell_names	/raid/kang/DelSIEVE/simulation_results/IndelSIEVE_benchmark_pipeline_ld_006/benchmark_results/indelsieve/from_candidate/variant_calling/stage2/mt/no_cnv/smc_mudel_ld_stage_1-smc_mudel_ld_stage_2/0004/indelsieve_median.cell_names	/raid/kang/DelSIEVE/simulation_results/IndelSIEVE_benchmark_pipeline_ld_006/benchmark_results/simulated_data/results/data_type/no_cnv/0004/true_evo_events_sites_names	/raid/kang/DelSIEVE/simulation_results/IndelSIEVE_benchmark_pipeline_ld_006/benchmark_results/indelsieve/from_candidate/variant_calling/stage2/mt/no_cnv/smc_mudel_ld_stage_1-smc_mudel_ld_stage_2/0004/indelsieve_median.loci_info	/raid/kang/DelSIEVE/simulation_results/IndelSIEVE_benchmark_pipeline_ld_006/benchmark_results/simulated_data/results/data_type/no_cnv/0004/true_evo_events_genotypes_numeric	/raid/kang/DelSIEVE/simulation_results/IndelSIEVE_benchmark_pipeline_ld_006/benchmark_results/indelsieve/from_candidate/variant_calling/stage2/mt/no_cnv/smc_mudel_ld_stage_1-smc_mudel_ld_stage_2/0004/indelsieve_median.genotypes	/raid/kang/DelSIEVE/simulation_results/IndelSIEVE_benchmark_pipeline_ld_006/benchmark_results/simulated_data/results/data_type/no_cnv/0004/true_evo_events_ternary_matrix.simple	/raid/kang/DelSIEVE/simulation_results/IndelSIEVE_benchmark_pipeline_ld_006/benchmark_results/indelsieve/from_candidate/variant_calling/stage2/mt/no_cnv/smc_mudel_ld_stage_1-smc_mudel_ld_stage_2/0004/indelsieve_median.ternary	/raid/kang/DelSIEVE/simulation_results/IndelSIEVE_benchmark_pipeline_ld_006/benchmark_results/indelsieve/from_candidate/variant_calling/stage2/mt/no_cnv/smc_mudel_ld_stage_1-smc_mudel_ld_stage_2/0004/indelsieve_median.probs	7112	80	5778	550	0.9282171756721482	0.9888765294771968	0.9575871819038644	0.0136565380675998	6231	121	7069	96	0.9848269321953532	0.9809508816120908	0.982885085574572	0.0168289290681502	4657	278	8475	107	0.9775398824517212	0.9436676798378926	0.96030518610166	0.0317605392436878	797	37	12571	112	0.8767876787678768	0.9556354916067148	0.91451520367183	0.0029346446700507	909	80	0	112	1420	3	10396	221	0.8653260207190737	0.9978917779339423	0.0002884892778151	0.926892950391645	56	0	11967	17	0.7671232876712328	1.0	0.0	0.8682170542635659	572	11	11375	82	0.8746177370030581	0.981132075471698	0.0009660987177235	0.9248181083265966	779	5	11121	135	0.8522975929978118	0.9936224489795918	0.0004493978069387	0.917550058892815	107	28	53	28	0	0	12040	0	NA	NA	0.0	NA
40	20	2	0.001999	0.16334	3e-05	7.5e-06	0.0	0004	indelsieve	candidate_snvs	smc_mudel_sa_stage_1-smc_mudel_sa_stage_2	mt	no_cnv	/raid/kang/DelSIEVE/simulation_results/IndelSIEVE_benchmark_pipeline_ld_006/benchmark_results/simulated_data/results/cell_names	/raid/kang/DelSIEVE/simulation_results/IndelSIEVE_benchmark_pipeline_ld_006/benchmark_results/indelsieve/from_candidate/variant_calling/stage2/mt/no_cnv/smc_mudel_sa_stage_1-smc_mudel_sa_stage_2/0004/indelsieve_median.cell_names	/raid/kang/DelSIEVE/simulation_results/IndelSIEVE_benchmark_pipeline_ld_006/benchmark_results/simulated_data/results/data_type/no_cnv/0004/true_evo_events_sites_names	/raid/kang/DelSIEVE/simulation_results/IndelSIEVE_benchmark_pipeline_ld_006/benchmark_results/indelsieve/from_candidate/variant_calling/stage2/mt/no_cnv/smc_mudel_sa_stage_1-smc_mudel_sa_stage_2/0004/indelsieve_median.loci_info	/raid/kang/DelSIEVE/simulation_results/IndelSIEVE_benchmark_pipeline_ld_006/benchmark_results/simulated_data/results/data_type/no_cnv/0004/true_evo_events_genotypes_numeric	/raid/kang/DelSIEVE/simulation_results/IndelSIEVE_benchmark_pipeline_ld_006/benchmark_results/indelsieve/from_candidate/variant_calling/stage2/mt/no_cnv/smc_mudel_sa_stage_1-smc_mudel_sa_stage_2/0004/indelsieve_median.genotypes	/raid/kang/DelSIEVE/simulation_results/IndelSIEVE_benchmark_pipeline_ld_006/benchmark_results/simulated_data/results/data_type/no_cnv/0004/true_evo_events_ternary_matrix.simple	/raid/kang/DelSIEVE/simulation_results/IndelSIEVE_benchmark_pipeline_ld_006/benchmark_results/indelsieve/from_candidate/variant_calling/stage2/mt/no_cnv/smc_mudel_sa_stage_1-smc_mudel_sa_stage_2/0004/indelsieve_median.ternary	/raid/kang/DelSIEVE/simulation_results/IndelSIEVE_benchmark_pipeline_ld_006/benchmark_results/indelsieve/from_candidate/variant_calling/stage2/mt/no_cnv/smc_mudel_sa_stage_1-smc_mudel_sa_stage_2/0004/indelsieve_median.probs	7140	247	5611	522	0.9318715740015662	0.9665628807364288	0.948900259153432	0.0421645612837145	6200	92	7098	127	0.9799272957167694	0.9853782581055308	0.9826452175291228	0.0127955493741307	4497	203	8503	314	0.9347329037622116	0.956808510638298	0.945641888339817	0.0233172524695612	765	24	12631	97	0.8874709976798144	0.9695817490494296	0.9267110841913992	0.0018964836033188	862	62	0	97	1505	393	10006	136	0.9171237050578916	0.7929399367755532	0.0377920953937878	0.8505227465385703	59	0	11967	14	0.8082191780821918	1.0	0.0	0.8939393939393939	607	196	11190	47	0.9281345565749236	0.7559153175591532	0.0172141226067099	0.8332189430336308	821	215	10911	93	0.8982494529540481	0.7924710424710425	0.0193241056983641	0.8420512820512821	75	17	27	17	0	0	12040	0	NA	NA	0.0	NA
40	20	2	0.001999	0.16334	3e-05	7.5e-06	0.0	0005	sieve	candidate_snvs	smc_mu_ld_stage_1-smc_mu_ld_stage_2	mt	no_cnv	/raid/kang/DelSIEVE/simulation_results/IndelSIEVE_benchmark_pipeline_ld_006/benchmark_results/simulated_data/results/cell_names	/raid/kang/DelSIEVE/simulation_results/IndelSIEVE_benchmark_pipeline_ld_006/benchmark_results/indelsieve/from_candidate/variant_calling/stage2/mt/no_cnv/smc_mu_ld_stage_1-smc_mu_ld_stage_2/0005/indelsieve_median.cell_names	/raid/kang/DelSIEVE/simulation_results/IndelSIEVE_benchmark_pipeline_ld_006/benchmark_results/simulated_data/results/data_type/no_cnv/0005/true_evo_events_sites_names	/raid/kang/DelSIEVE/simulation_results/IndelSIEVE_benchmark_pipeline_ld_006/benchmark_results/indelsieve/from_candidate/variant_calling/stage2/mt/no_cnv/smc_mu_ld_stage_1-smc_mu_ld_stage_2/0005/indelsieve_median.loci_info	/raid/kang/DelSIEVE/simulation_results/IndelSIEVE_benchmark_pipeline_ld_006/benchmark_results/simulated_data/results/data_type/no_cnv/0005/true_evo_events_genotypes_numeric	/raid/kang/DelSIEVE/simulation_results/IndelSIEVE_benchmark_pipeline_ld_006/benchmark_results/indelsieve/from_candidate/variant_calling/stage2/mt/no_cnv/smc_mu_ld_stage_1-smc_mu_ld_stage_2/0005/indelsieve_median.genotypes	/raid/kang/DelSIEVE/simulation_results/IndelSIEVE_benchmark_pipeline_ld_006/benchmark_results/simulated_data/results/data_type/no_cnv/0005/true_evo_events_ternary_matrix.simple	/raid/kang/DelSIEVE/simulation_results/IndelSIEVE_benchmark_pipeline_ld_006/benchmark_results/indelsieve/from_candidate/variant_calling/stage2/mt/no_cnv/smc_mu_ld_stage_1-smc_mu_ld_stage_2/0005/indelsieve_median.ternary	/raid/kang/DelSIEVE/simulation_results/IndelSIEVE_benchmark_pipeline_ld_006/benchmark_results/indelsieve/from_candidate/variant_calling/stage2/mt/no_cnv/smc_mu_ld_stage_1-smc_mu_ld_stage_2/0005/indelsieve_median.probs	6320	66	7754	1620	0.7959697732997482	0.9896648919511432	0.8823118804969986	0.0084398976982097	6250	136	9183	183	0.9715529302036376	0.978703413717507	0.9751150635775022	0.0145938405408305	4866	407	10289	190	0.9624208860759492	0.9228143371894556	0.9422015683996514	0.038051608077786	740	373	14539	100	0.8809523809523809	0.6648697214734951	0.7578084997439836	0.0250134120171673	840	66	4	96	0	0	11768	1472	0.0	NA	0.0	NA	0	0	13229	11	0.0	NA	0.0	NA	0	0	12703	537	0.0	NA	0.0	NA	0	0	12316	924	0.0	NA	0.0	NA	860	64	181	354	0	0	13240	0	NA	NA	0.0	NA
40	20	2	0.001999	0.16334	3e-05	7.5e-06	0.0	0005	sieve	candidate_snvs	smc_mu_sa_stage_1-smc_mu_sa_stage_2	mt	no_cnv	/raid/kang/DelSIEVE/simulation_results/IndelSIEVE_benchmark_pipeline_ld_006/benchmark_results/simulated_data/results/cell_names	/raid/kang/DelSIEVE/simulation_results/IndelSIEVE_benchmark_pipeline_ld_006/benchmark_results/indelsieve/from_candidate/variant_calling/stage2/mt/no_cnv/smc_mu_sa_stage_1-smc_mu_sa_stage_2/0005/indelsieve_median.cell_names	/raid/kang/DelSIEVE/simulation_results/IndelSIEVE_benchmark_pipeline_ld_006/benchmark_results/simulated_data/results/data_type/no_cnv/0005/true_evo_events_sites_names	/raid/kang/DelSIEVE/simulation_results/IndelSIEVE_benchmark_pipeline_ld_006/benchmark_results/indelsieve/from_candidate/variant_calling/stage2/mt/no_cnv/smc_mu_sa_stage_1-smc_mu_sa_stage_2/0005/indelsieve_median.loci_info	/raid/kang/DelSIEVE/simulation_results/IndelSIEVE_benchmark_pipeline_ld_006/benchmark_results/simulated_data/results/data_type/no_cnv/0005/true_evo_events_genotypes_numeric	/raid/kang/DelSIEVE/simulation_results/IndelSIEVE_benchmark_pipeline_ld_006/benchmark_results/indelsieve/from_candidate/variant_calling/stage2/mt/no_cnv/smc_mu_sa_stage_1-smc_mu_sa_stage_2/0005/indelsieve_median.genotypes	/raid/kang/DelSIEVE/simulation_results/IndelSIEVE_benchmark_pipeline_ld_006/benchmark_results/simulated_data/results/data_type/no_cnv/0005/true_evo_events_ternary_matrix.simple	/raid/kang/DelSIEVE/simulation_results/IndelSIEVE_benchmark_pipeline_ld_006/benchmark_results/indelsieve/from_candidate/variant_calling/stage2/mt/no_cnv/smc_mu_sa_stage_1-smc_mu_sa_stage_2/0005/indelsieve_median.ternary	/raid/kang/DelSIEVE/simulation_results/IndelSIEVE_benchmark_pipeline_ld_006/benchmark_results/indelsieve/from_candidate/variant_calling/stage2/mt/no_cnv/smc_mu_sa_stage_1-smc_mu_sa_stage_2/0005/indelsieve_median.probs	6276	79	7741	1664	0.7904282115869018	0.9875688434303698	0.8780692549842603	0.0101023017902813	6232	123	9196	201	0.968754857764651	0.9806451612903224	0.9746637472630592	0.0131988410773688	4850	329	10367	206	0.959256329113924	0.9364742228229388	0.9477283829995116	0.0307591623036649	732	444	14468	108	0.8714285714285714	0.6224489795918368	0.7261904761904762	0.0297746781115879	840	79	4	104	0	0	11768	1472	0.0	NA	0.0	NA	0	0	13229	11	0.0	NA	0.0	NA	0	0	12703	537	0.0	NA	0.0	NA	0	0	12316	924	0.0	NA	0.0	NA	886	38	108	427	0	0	13240	0	NA	NA	0.0	NA
40	20	2	0.001999	0.16334	3e-05	7.5e-06	0.0	0005	indelsieve	candidate_snvs	smc_mudel_ld_stage_1-smc_mudel_ld_stage_2	mt	no_cnv	/raid/kang/DelSIEVE/simulation_results/IndelSIEVE_benchmark_pipeline_ld_006/benchmark_results/simulated_data/results/cell_names	/raid/kang/DelSIEVE/simulation_results/IndelSIEVE_benchmark_pipeline_ld_006/benchmark_results/indelsieve/from_candidate/variant_calling/stage2/mt/no_cnv/smc_mudel_ld_stage_1-smc_mudel_ld_stage_2/0005/indelsieve_median.cell_names	/raid/kang/DelSIEVE/simulation_results/IndelSIEVE_benchmark_pipeline_ld_006/benchmark_results/simulated_data/results/data_type/no_cnv/0005/true_evo_events_sites_names	/raid/kang/DelSIEVE/simulation_results/IndelSIEVE_benchmark_pipeline_ld_006/benchmark_results/indelsieve/from_candidate/variant_calling/stage2/mt/no_cnv/smc_mudel_ld_stage_1-smc_mudel_ld_stage_2/0005/indelsieve_median.loci_info	/raid/kang/DelSIEVE/simulation_results/IndelSIEVE_benchmark_pipeline_ld_006/benchmark_results/simulated_data/results/data_type/no_cnv/0005/true_evo_events_genotypes_numeric	/raid/kang/DelSIEVE/simulation_results/IndelSIEVE_benchmark_pipeline_ld_006/benchmark_results/indelsieve/from_candidate/variant_calling/stage2/mt/no_cnv/smc_mudel_ld_stage_1-smc_mudel_ld_stage_2/0005/indelsieve_median.genotypes	/raid/kang/DelSIEVE/simulation_results/IndelSIEVE_benchmark_pipeline_ld_006/benchmark_results/simulated_data/results/data_type/no_cnv/0005/true_evo_events_ternary_matrix.simple	/raid/kang/DelSIEVE/simulation_results/IndelSIEVE_benchmark_pipeline_ld_006/benchmark_results/indelsieve/from_candidate/variant_calling/stage2/mt/no_cnv/smc_mudel_ld_stage_1-smc_mudel_ld_stage_2/0005/indelsieve_median.ternary	/raid/kang/DelSIEVE/simulation_results/IndelSIEVE_benchmark_pipeline_ld_006/benchmark_results/indelsieve/from_candidate/variant_calling/stage2/mt/no_cnv/smc_mudel_ld_stage_1-smc_mudel_ld_stage_2/0005/indelsieve_median.probs	7027	69	7751	913	0.8850125944584383	0.9902762119503946	0.9346900771481778	0.0088235294117647	6247	95	9224	186	0.9710865847971396	0.9850204982655314	0.9780039138943248	0.0101942268483742	4865	218	10468	201	0.9603237268061589	0.9571119417666732	0.958715144349197	0.020400524050159	737	24	14898	93	0.8879518072289156	0.9684625492772668	0.9264613450659962	0.0016083634901487	830	64	4	89	1228	24	11744	244	0.8342391304347826	0.9808306709265175	0.0020394289598912	0.9016152716593244	5	4	13225	6	0.4545454545454545	0.5555555555555556	0.00030236601406	0.5	480	18	12685	57	0.8938547486033519	0.963855421686747	0.0014169881130441	0.927536231884058	733	12	12304	191	0.7932900432900433	0.9838926174496644	0.0009743423189347	0.8783702816057519	161	30	35	16	0	0	13240	0	NA	NA	0.0	NA
40	20	2	0.001999	0.16334	3e-05	7.5e-06	0.0	0005	indelsieve	candidate_snvs	smc_mudel_sa_stage_1-smc_mudel_sa_stage_2	mt	no_cnv	/raid/kang/DelSIEVE/simulation_results/IndelSIEVE_benchmark_pipeline_ld_006/benchmark_results/simulated_data/results/cell_names	/raid/kang/DelSIEVE/simulation_results/IndelSIEVE_benchmark_pipeline_ld_006/benchmark_results/indelsieve/from_candidate/variant_calling/stage2/mt/no_cnv/smc_mudel_sa_stage_1-smc_mudel_sa_stage_2/0005/indelsieve_median.cell_names	/raid/kang/DelSIEVE/simulation_results/IndelSIEVE_benchmark_pipeline_ld_006/benchmark_results/simulated_data/results/data_type/no_cnv/0005/true_evo_events_sites_names	/raid/kang/DelSIEVE/simulation_results/IndelSIEVE_benchmark_pipeline_ld_006/benchmark_results/indelsieve/from_candidate/variant_calling/stage2/mt/no_cnv/smc_mudel_sa_stage_1-smc_mudel_sa_stage_2/0005/indelsieve_median.loci_info	/raid/kang/DelSIEVE/simulation_results/IndelSIEVE_benchmark_pipeline_ld_006/benchmark_results/simulated_data/results/data_type/no_cnv/0005/true_evo_events_genotypes_numeric	/raid/kang/DelSIEVE/simulation_results/IndelSIEVE_benchmark_pipeline_ld_006/benchmark_results/indelsieve/from_candidate/variant_calling/stage2/mt/no_cnv/smc_mudel_sa_stage_1-smc_mudel_sa_stage_2/0005/indelsieve_median.genotypes	/raid/kang/DelSIEVE/simulation_results/IndelSIEVE_benchmark_pipeline_ld_006/benchmark_results/simulated_data/results/data_type/no_cnv/0005/true_evo_events_ternary_matrix.simple	/raid/kang/DelSIEVE/simulation_results/IndelSIEVE_benchmark_pipeline_ld_006/benchmark_results/indelsieve/from_candidate/variant_calling/stage2/mt/no_cnv/smc_mudel_sa_stage_1-smc_mudel_sa_stage_2/0005/indelsieve_median.ternary	/raid/kang/DelSIEVE/simulation_results/IndelSIEVE_benchmark_pipeline_ld_006/benchmark_results/indelsieve/from_candidate/variant_calling/stage2/mt/no_cnv/smc_mudel_sa_stage_1-smc_mudel_sa_stage_2/0005/indelsieve_median.probs	7083	288	7532	857	0.8920654911838791	0.960927960927961	0.9252171641303638	0.0368286445012787	6208	79	9240	225	0.965024094512669	0.9874343884205504	0.9761006289308176	0.0084773044318059	4710	186	10469	387	0.924072984108299	0.9620098039215688	0.9426598619033324	0.0174565931487564	704	14	14939	95	0.8811013767209012	0.98050139275766	0.9281476598549768	0.0009362669698388	799	59	4	91	1325	432	11336	147	0.9001358695652174	0.7541263517359135	0.0367097212780421	0.8206875193558377	5	4	13225	6	0.4545454545454545	0.5555555555555556	0.00030236601406	0.5	503	170	12533	34	0.936685288640596	0.7473997028231798	0.0133826655120837	0.8314049586776859	799	276	12040	125	0.8647186147186147	0.7432558139534884	0.0224098733354985	0.7993996998499249	107	12	24	4	0	0	13240	0	NA	NA	0.0	NA
40	20	2	0.001999	0.16334	3e-05	7.5e-06	0.0	0006	sieve	candidate_snvs	smc_mu_ld_stage_1-smc_mu_ld_stage_2	mt	no_cnv	/raid/kang/DelSIEVE/simulation_results/IndelSIEVE_benchmark_pipeline_ld_006/benchmark_results/simulated_data/results/cell_names	/raid/kang/DelSIEVE/simulation_results/IndelSIEVE_benchmark_pipeline_ld_006/benchmark_results/indelsieve/from_candidate/variant_calling/stage2/mt/no_cnv/smc_mu_ld_stage_1-smc_mu_ld_stage_2/0006/indelsieve_median.cell_names	/raid/kang/DelSIEVE/simulation_results/IndelSIEVE_benchmark_pipeline_ld_006/benchmark_results/simulated_data/results/data_type/no_cnv/0006/true_evo_events_sites_names	/raid/kang/DelSIEVE/simulation_results/IndelSIEVE_benchmark_pipeline_ld_006/benchmark_results/indelsieve/from_candidate/variant_calling/stage2/mt/no_cnv/smc_mu_ld_stage_1-smc_mu_ld_stage_2/0006/indelsieve_median.loci_info	/raid/kang/DelSIEVE/simulation_results/IndelSIEVE_benchmark_pipeline_ld_006/benchmark_results/simulated_data/results/data_type/no_cnv/0006/true_evo_events_genotypes_numeric	/raid/kang/DelSIEVE/simulation_results/IndelSIEVE_benchmark_pipeline_ld_006/benchmark_results/indelsieve/from_candidate/variant_calling/stage2/mt/no_cnv/smc_mu_ld_stage_1-smc_mu_ld_stage_2/0006/indelsieve_median.genotypes	/raid/kang/DelSIEVE/simulation_results/IndelSIEVE_benchmark_pipeline_ld_006/benchmark_results/simulated_data/results/data_type/no_cnv/0006/true_evo_events_ternary_matrix.simple	/raid/kang/DelSIEVE/simulation_results/IndelSIEVE_benchmark_pipeline_ld_006/benchmark_results/indelsieve/from_candidate/variant_calling/stage2/mt/no_cnv/smc_mu_ld_stage_1-smc_mu_ld_stage_2/0006/indelsieve_median.ternary	/raid/kang/DelSIEVE/simulation_results/IndelSIEVE_benchmark_pipeline_ld_006/benchmark_results/indelsieve/from_candidate/variant_calling/stage2/mt/no_cnv/smc_mu_ld_stage_1-smc_mu_ld_stage_2/0006/indelsieve_median.probs	5592	57	5160	1591	0.7785048030071001	0.9899097185342538	0.871571072319202	0.0109258194364577	5486	163	6645	94	0.9831541218637992	0.9711453354576032	0.97711283284353	0.0239424206815511	3891	450	7946	101	0.9746993987975952	0.8963372494816862	0.9338773550942036	0.0535969509290138	984	324	11007	73	0.9309366130558184	0.7522935779816514	0.8321353065539111	0.028594122319301	1057	57	0	73	0	0	9213	1547	0.0	NA	0.0	NA	0	0	10706	54	0.0	NA	0.0	NA	0	0	10229	531	0.0	NA	0.0	NA	0	0	9798	962	0.0	NA	0.0	NA	868	94	215	313	0	0	10760	0	NA	NA	0.0	NA
40	20	2	0.001999	0.16334	3e-05	7.5e-06	0.0	0006	sieve	candidate_snvs	smc_mu_sa_stage_1-smc_mu_sa_stage_2	mt	no_cnv	/raid/kang/DelSIEVE/simulation_results/IndelSIEVE_benchmark_pipeline_ld_006/benchmark_results/simulated_data/results/cell_names	/raid/kang/DelSIEVE/simulation_results/IndelSIEVE_benchmark_pipeline_ld_006/benchmark_results/indelsieve/from_candidate/variant_calling/stage2/mt/no_cnv/smc_mu_sa_stage_1-smc_mu_sa_stage_2/0006/indelsieve_median.cell_names	/raid/kang/DelSIEVE/simulation_results/IndelSIEVE_benchmark_pipeline_ld_006/benchmark_results/simulated_data/results/data_type/no_cnv/0006/true_evo_events_sites_names	/raid/kang/DelSIEVE/simulation_results/IndelSIEVE_benchmark_pipeline_ld_006/benchmark_results/indelsieve/from_candidate/variant_calling/stage2/mt/no_cnv/smc_mu_sa_stage_1-smc_mu_sa_stage_2/0006/indelsieve_median.loci_info	/raid/kang/DelSIEVE/simulation_results/IndelSIEVE_benchmark_pipeline_ld_006/benchmark_results/simulated_data/results/data_type/no_cnv/0006/true_evo_events_genotypes_numeric	/raid/kang/DelSIEVE/simulation_results/IndelSIEVE_benchmark_pipeline_ld_006/benchmark_results/indelsieve/from_candidate/variant_calling/stage2/mt/no_cnv/smc_mu_sa_stage_1-smc_mu_sa_stage_2/0006/indelsieve_median.genotypes	/raid/kang/DelSIEVE/simulation_results/IndelSIEVE_benchmark_pipeline_ld_006/benchmark_results/simulated_data/results/data_type/no_cnv/0006/true_evo_events_ternary_matrix.simple	/raid/kang/DelSIEVE/simulation_results/IndelSIEVE_benchmark_pipeline_ld_006/benchmark_results/indelsieve/from_candidate/variant_calling/stage2/mt/no_cnv/smc_mu_sa_stage_1-smc_mu_sa_stage_2/0006/indelsieve_median.ternary	/raid/kang/DelSIEVE/simulation_results/IndelSIEVE_benchmark_pipeline_ld_006/benchmark_results/indelsieve/from_candidate/variant_calling/stage2/mt/no_cnv/smc_mu_sa_stage_1-smc_mu_sa_stage_2/0006/indelsieve_median.probs	5558	66	5151	1625	0.7737714047055548	0.9882645803698435	0.8679628328257984	0.0126509488211615	5477	147	6661	103	0.9815412186379928	0.9738620199146516	0.9776865405212424	0.0215922444183313	3880	401	7995	112	0.9719438877755512	0.9063302966596588	0.9379910552399372	0.0477608384945212	969	374	10957	88	0.9167455061494796	0.7215189873417721	0.8075	0.033006795516724	1057	66	0	88	0	0	9213	1547	0.0	NA	0.0	NA	0	0	10706	54	0.0	NA	0.0	NA	0	0	10229	531	0.0	NA	0.0	NA	0	0	9798	962	0.0	NA	0.0	NA	893	69	167	361	0	0	10760	0	NA	NA	0.0	NA
40	20	2	0.001999	0.16334	3e-05	7.5e-06	0.0	0006	indelsieve	candidate_snvs	smc_mudel_ld_stage_1-smc_mudel_ld_stage_2	mt	no_cnv	/raid/kang/DelSIEVE/simulation_results/IndelSIEVE_benchmark_pipeline_ld_006/benchmark_results/simulated_data/results/cell_names	/raid/kang/DelSIEVE/simulation_results/IndelSIEVE_benchmark_pipeline_ld_006/benchmark_results/indelsieve/from_candidate/variant_calling/stage2/mt/no_cnv/smc_mudel_ld_stage_1-smc_mudel_ld_stage_2/0006/indelsieve_median.cell_names	/raid/kang/DelSIEVE/simulation_results/IndelSIEVE_benchmark_pipeline_ld_006/benchmark_results/simulated_data/results/data_type/no_cnv/0006/true_evo_events_sites_names	/raid/kang/DelSIEVE/simulation_results/IndelSIEVE_benchmark_pipeline_ld_006/benchmark_results/indelsieve/from_candidate/variant_calling/stage2/mt/no_cnv/smc_mudel_ld_stage_1-smc_mudel_ld_stage_2/0006/indelsieve_median.loci_info	/raid/kang/DelSIEVE/simulation_results/IndelSIEVE_benchmark_pipeline_ld_006/benchmark_results/simulated_data/results/data_type/no_cnv/0006/true_evo_events_genotypes_numeric	/raid/kang/DelSIEVE/simulation_results/IndelSIEVE_benchmark_pipeline_ld_006/benchmark_results/indelsieve/from_candidate/variant_calling/stage2/mt/no_cnv/smc_mudel_ld_stage_1-smc_mudel_ld_stage_2/0006/indelsieve_median.genotypes	/raid/kang/DelSIEVE/simulation_results/IndelSIEVE_benchmark_pipeline_ld_006/benchmark_results/simulated_data/results/data_type/no_cnv/0006/true_evo_events_ternary_matrix.simple	/raid/kang/DelSIEVE/simulation_results/IndelSIEVE_benchmark_pipeline_ld_006/benchmark_results/indelsieve/from_candidate/variant_calling/stage2/mt/no_cnv/smc_mudel_ld_stage_1-smc_mudel_ld_stage_2/0006/indelsieve_median.ternary	/raid/kang/DelSIEVE/simulation_results/IndelSIEVE_benchmark_pipeline_ld_006/benchmark_results/indelsieve/from_candidate/variant_calling/stage2/mt/no_cnv/smc_mudel_ld_stage_1-smc_mudel_ld_stage_2/0006/indelsieve_median.probs	6345	61	5156	838	0.8833356536266184	0.990477677177646	0.9338435499300904	0.0116925436074372	5486	87	6721	94	0.9831541218637992	0.9843890184819666	0.9837711826414418	0.0127790834312573	3892	206	8190	100	0.9749498997995992	0.9497315763787212	0.962175525339926	0.0245354930919485	984	23	11308	73	0.9309366130558184	0.9771598808341608	0.9534883720930232	0.0020298296708145	1057	56	0	73	1295	6	9207	252	0.8371040723981901	0.9953881629515756	0.0006512536633018	0.9094101123595506	50	0	10706	4	0.925925925925926	1.0	0.0	0.9615384615384616	465	3	10226	66	0.8757062146892656	0.9935897435897436	0.000293283800958	0.930930930930931	772	11	9787	190	0.8024948024948025	0.9859514687100894	0.0011226780975709	0.884813753581662	161	29	48	14	0	0	10760	0	NA	NA	0.0	NA
40	20	2	0.001999	0.16334	3e-05	7.5e-06	0.0	0006	indelsieve	candidate_snvs	smc_mudel_sa_stage_1-smc_mudel_sa_stage_2	mt	no_cnv	/raid/kang/DelSIEVE/simulation_results/IndelSIEVE_benchmark_pipeline_ld_006/benchmark_results/simulated_data/results/cell_names	/raid/kang/DelSIEVE/simulation_results/IndelSIEVE_benchmark_pipeline_ld_006/benchmark_results/indelsieve/from_candidate/variant_calling/stage2/mt/no_cnv/smc_mudel_sa_stage_1-smc_mudel_sa_stage_2/0006/indelsieve_median.cell_names	/raid/kang/DelSIEVE/simulation_results/IndelSIEVE_benchmark_pipeline_ld_006/benchmark_results/simulated_data/results/data_type/no_cnv/0006/true_evo_events_sites_names	/raid/kang/DelSIEVE/simulation_results/IndelSIEVE_benchmark_pipeline_ld_006/benchmark_results/indelsieve/from_candidate/variant_calling/stage2/mt/no_cnv/smc_mudel_sa_stage_1-smc_mudel_sa_stage_2/0006/indelsieve_median.loci_info	/raid/kang/DelSIEVE/simulation_results/IndelSIEVE_benchmark_pipeline_ld_006/benchmark_results/simulated_data/results/data_type/no_cnv/0006/true_evo_events_genotypes_numeric	/raid/kang/DelSIEVE/simulation_results/IndelSIEVE_benchmark_pipeline_ld_006/benchmark_results/indelsieve/from_candidate/variant_calling/stage2/mt/no_cnv/smc_mudel_sa_stage_1-smc_mudel_sa_stage_2/0006/indelsieve_median.genotypes	/raid/kang/DelSIEVE/simulation_results/IndelSIEVE_benchmark_pipeline_ld_006/benchmark_results/simulated_data/results/data_type/no_cnv/0006/true_evo_events_ternary_matrix.simple	/raid/kang/DelSIEVE/simulation_results/IndelSIEVE_benchmark_pipeline_ld_006/benchmark_results/indelsieve/from_candidate/variant_calling/stage2/mt/no_cnv/smc_mudel_sa_stage_1-smc_mudel_sa_stage_2/0006/indelsieve_median.ternary	/raid/kang/DelSIEVE/simulation_results/IndelSIEVE_benchmark_pipeline_ld_006/benchmark_results/indelsieve/from_candidate/variant_calling/stage2/mt/no_cnv/smc_mudel_sa_stage_1-smc_mudel_sa_stage_2/0006/indelsieve_median.probs	6421	213	5004	762	0.8939161910065432	0.9678926741031052	0.9294347542881958	0.0408280621046578	5446	70	6738	134	0.9759856630824372	0.9873096446700508	0.9816149963950974	0.0102820211515863	3759	162	8191	276	0.9315985130111524	0.9586840091813312	0.944947209653092	0.0193942296181012	942	13	11361	72	0.9289940828402368	0.9863874345549738	0.9568308786185882	0.0011429576226481	1014	48	0	72	1413	345	8868	134	0.9133807369101486	0.8037542662116041	0.0374470856398567	0.8550680786686838	50	4	10702	4	0.925925925925926	0.925925925925926	0.0003736222678871	0.925925925925926	493	147	10082	38	0.928436911487759	0.7703125	0.0143709062469449	0.8420153714773698	855	209	9589	107	0.8887733887733887	0.8035714285714286	0.0213308838538477	0.8440276406712734	84	16	26	8	0	0	10760	0	NA	NA	0.0	NA
40	20	2	0.001999	0.16334	3e-05	7.5e-06	0.0	0007	sieve	candidate_snvs	smc_mu_ld_stage_1-smc_mu_ld_stage_2	mt	no_cnv	/raid/kang/DelSIEVE/simulation_results/IndelSIEVE_benchmark_pipeline_ld_006/benchmark_results/simulated_data/results/cell_names	/raid/kang/DelSIEVE/simulation_results/IndelSIEVE_benchmark_pipeline_ld_006/benchmark_results/indelsieve/from_candidate/variant_calling/stage2/mt/no_cnv/smc_mu_ld_stage_1-smc_mu_ld_stage_2/0007/indelsieve_median.cell_names	/raid/kang/DelSIEVE/simulation_results/IndelSIEVE_benchmark_pipeline_ld_006/benchmark_results/simulated_data/results/data_type/no_cnv/0007/true_evo_events_sites_names	/raid/kang/DelSIEVE/simulation_results/IndelSIEVE_benchmark_pipeline_ld_006/benchmark_results/indelsieve/from_candidate/variant_calling/stage2/mt/no_cnv/smc_mu_ld_stage_1-smc_mu_ld_stage_2/0007/indelsieve_median.loci_info	/raid/kang/DelSIEVE/simulation_results/IndelSIEVE_benchmark_pipeline_ld_006/benchmark_results/simulated_data/results/data_type/no_cnv/0007/true_evo_events_genotypes_numeric	/raid/kang/DelSIEVE/simulation_results/IndelSIEVE_benchmark_pipeline_ld_006/benchmark_results/indelsieve/from_candidate/variant_calling/stage2/mt/no_cnv/smc_mu_ld_stage_1-smc_mu_ld_stage_2/0007/indelsieve_median.genotypes	/raid/kang/DelSIEVE/simulation_results/IndelSIEVE_benchmark_pipeline_ld_006/benchmark_results/simulated_data/results/data_type/no_cnv/0007/true_evo_events_ternary_matrix.simple	/raid/kang/DelSIEVE/simulation_results/IndelSIEVE_benchmark_pipeline_ld_006/benchmark_results/indelsieve/from_candidate/variant_calling/stage2/mt/no_cnv/smc_mu_ld_stage_1-smc_mu_ld_stage_2/0007/indelsieve_median.ternary	/raid/kang/DelSIEVE/simulation_results/IndelSIEVE_benchmark_pipeline_ld_006/benchmark_results/indelsieve/from_candidate/variant_calling/stage2/mt/no_cnv/smc_mu_ld_stage_1-smc_mu_ld_stage_2/0007/indelsieve_median.probs	9800	89	17278	2433	0.8011117469140848	0.9910001011224592	0.8859958412440104	0.0051246617147463	9693	196	19354	348	0.9653420974006574	0.9801799979775508	0.972704465629704	0.0100255754475703	8015	524	20700	352	0.9579299629496832	0.9386345005269938	0.948184076659174	0.0246890312853373	1030	320	28108	133	0.8856405846947549	0.762962962962963	0.8197373656983685	0.0112565076684958	1163	89	3	130	0	0	21407	1833	0.0	NA	0.0	NA	0	0	23198	42	0.0	NA	0.0	NA	0	0	22729	511	0.0	NA	0.0	NA	0	0	21960	1280	0.0	NA	0.0	NA	1180	100	203	306	0	0	23240	0	NA	NA	0.0	NA
40	20	2	0.001999	0.16334	3e-05	7.5e-06	0.0	0007	sieve	candidate_snvs	smc_mu_sa_stage_1-smc_mu_sa_stage_2	mt	no_cnv	/raid/kang/DelSIEVE/simulation_results/IndelSIEVE_benchmark_pipeline_ld_006/benchmark_results/simulated_data/results/cell_names	/raid/kang/DelSIEVE/simulation_results/IndelSIEVE_benchmark_pipeline_ld_006/benchmark_results/indelsieve/from_candidate/variant_calling/stage2/mt/no_cnv/smc_mu_sa_stage_1-smc_mu_sa_stage_2/0007/indelsieve_median.cell_names	/raid/kang/DelSIEVE/simulation_results/IndelSIEVE_benchmark_pipeline_ld_006/benchmark_results/simulated_data/results/data_type/no_cnv/0007/true_evo_events_sites_names	/raid/kang/DelSIEVE/simulation_results/IndelSIEVE_benchmark_pipeline_ld_006/benchmark_results/indelsieve/from_candidate/variant_calling/stage2/mt/no_cnv/smc_mu_sa_stage_1-smc_mu_sa_stage_2/0007/indelsieve_median.loci_info	/raid/kang/DelSIEVE/simulation_results/IndelSIEVE_benchmark_pipeline_ld_006/benchmark_results/simulated_data/results/data_type/no_cnv/0007/true_evo_events_genotypes_numeric	/raid/kang/DelSIEVE/simulation_results/IndelSIEVE_benchmark_pipeline_ld_006/benchmark_results/indelsieve/from_candidate/variant_calling/stage2/mt/no_cnv/smc_mu_sa_stage_1-smc_mu_sa_stage_2/0007/indelsieve_median.genotypes	/raid/kang/DelSIEVE/simulation_results/IndelSIEVE_benchmark_pipeline_ld_006/benchmark_results/simulated_data/results/data_type/no_cnv/0007/true_evo_events_ternary_matrix.simple	/raid/kang/DelSIEVE/simulation_results/IndelSIEVE_benchmark_pipeline_ld_006/benchmark_results/indelsieve/from_candidate/variant_calling/stage2/mt/no_cnv/smc_mu_sa_stage_1-smc_mu_sa_stage_2/0007/indelsieve_median.ternary	/raid/kang/DelSIEVE/simulation_results/IndelSIEVE_benchmark_pipeline_ld_006/benchmark_results/indelsieve/from_candidate/variant_calling/stage2/mt/no_cnv/smc_mu_sa_stage_1-smc_mu_sa_stage_2/0007/indelsieve_median.probs	9717	86	17281	2516	0.7943268208943023	0.9912271753544832	0.8819204937375204	0.0049519203086313	9661	142	19408	380	0.962155163828304	0.9855146383760074	0.973694819592824	0.0072634271099744	7982	408	20816	385	0.953985896976216	0.9513706793802146	0.9526764934057408	0.0192235205427817	1021	392	28036	142	0.8779019776440241	0.7225760792639774	0.7927018633540373	0.0137892218939074	1163	86	3	139	0	0	21407	1833	0.0	NA	0.0	NA	0	0	23198	42	0.0	NA	0.0	NA	0	0	22729	511	0.0	NA	0.0	NA	0	0	21960	1280	0.0	NA	0.0	NA	1231	49	132	378	0	0	23240	0	NA	NA	0.0	NA
40	20	2	0.001999	0.16334	3e-05	7.5e-06	0.0	0007	indelsieve	candidate_snvs	smc_mudel_ld_stage_1-smc_mudel_ld_stage_2	mt	no_cnv	/raid/kang/DelSIEVE/simulation_results/IndelSIEVE_benchmark_pipeline_ld_006/benchmark_results/simulated_data/results/cell_names	/raid/kang/DelSIEVE/simulation_results/IndelSIEVE_benchmark_pipeline_ld_006/benchmark_results/indelsieve/from_candidate/variant_calling/stage2/mt/no_cnv/smc_mudel_ld_stage_1-smc_mudel_ld_stage_2/0007/indelsieve_median.cell_names	/raid/kang/DelSIEVE/simulation_results/IndelSIEVE_benchmark_pipeline_ld_006/benchmark_results/simulated_data/results/data_type/no_cnv/0007/true_evo_events_sites_names	/raid/kang/DelSIEVE/simulation_results/IndelSIEVE_benchmark_pipeline_ld_006/benchmark_results/indelsieve/from_candidate/variant_calling/stage2/mt/no_cnv/smc_mudel_ld_stage_1-smc_mudel_ld_stage_2/0007/indelsieve_median.loci_info	/raid/kang/DelSIEVE/simulation_results/IndelSIEVE_benchmark_pipeline_ld_006/benchmark_results/simulated_data/results/data_type/no_cnv/0007/true_evo_events_genotypes_numeric	/raid/kang/DelSIEVE/simulation_results/IndelSIEVE_benchmark_pipeline_ld_006/benchmark_results/indelsieve/from_candidate/variant_calling/stage2/mt/no_cnv/smc_mudel_ld_stage_1-smc_mudel_ld_stage_2/0007/indelsieve_median.genotypes	/raid/kang/DelSIEVE/simulation_results/IndelSIEVE_benchmark_pipeline_ld_006/benchmark_results/simulated_data/results/data_type/no_cnv/0007/true_evo_events_ternary_matrix.simple	/raid/kang/DelSIEVE/simulation_results/IndelSIEVE_benchmark_pipeline_ld_006/benchmark_results/indelsieve/from_candidate/variant_calling/stage2/mt/no_cnv/smc_mudel_ld_stage_1-smc_mudel_ld_stage_2/0007/indelsieve_median.ternary	/raid/kang/DelSIEVE/simulation_results/IndelSIEVE_benchmark_pipeline_ld_006/benchmark_results/indelsieve/from_candidate/variant_calling/stage2/mt/no_cnv/smc_mudel_ld_stage_1-smc_mudel_ld_stage_2/0007/indelsieve_median.probs	10744	92	17275	1489	0.8782800621270335	0.9915097822074568	0.9314664701547531	0.0052974031208614	9686	138	19412	355	0.964644955681705	0.9859527687296415	0.975182481751825	0.0070588235294117	8003	332	20889	367	0.956152927120669	0.9601679664067186	0.958156240646513	0.0156448800716271	1030	16	28415	130	0.8879310344827587	0.9847036328871892	0.9338168631006348	0.0005627659948647	1160	88	3	127	1437	18	21389	396	0.7839607201309329	0.9876288659793816	0.0008408464520951	0.8740875912408759	27	1	23197	15	0.6428571428571429	0.9642857142857144	4.310716441072506e-05	0.7714285714285715	435	8	22721	76	0.8512720156555773	0.981941309255079	0.0003519732500329	0.9119496855345912	961	23	21937	319	0.75078125	0.9766260162601628	0.001047358834244	0.848939929328622	270	48	67	7	0	0	23240	0	NA	NA	0.0	NA
40	20	2	0.001999	0.16334	3e-05	7.5e-06	0.0	0007	indelsieve	candidate_snvs	smc_mudel_sa_stage_1-smc_mudel_sa_stage_2	mt	no_cnv	/raid/kang/DelSIEVE/simulation_results/IndelSIEVE_benchmark_pipeline_ld_006/benchmark_results/simulated_data/results/cell_names	/raid/kang/DelSIEVE/simulation_results/IndelSIEVE_benchmark_pipeline_ld_006/benchmark_results/indelsieve/from_candidate/variant_calling/stage2/mt/no_cnv/smc_mudel_sa_stage_1-smc_mudel_sa_stage_2/0007/indelsieve_median.cell_names	/raid/kang/DelSIEVE/simulation_results/IndelSIEVE_benchmark_pipeline_ld_006/benchmark_results/simulated_data/results/data_type/no_cnv/0007/true_evo_events_sites_names	/raid/kang/DelSIEVE/simulation_results/IndelSIEVE_benchmark_pipeline_ld_006/benchmark_results/indelsieve/from_candidate/variant_calling/stage2/mt/no_cnv/smc_mudel_sa_stage_1-smc_mudel_sa_stage_2/0007/indelsieve_median.loci_info	/raid/kang/DelSIEVE/simulation_results/IndelSIEVE_benchmark_pipeline_ld_006/benchmark_results/simulated_data/results/data_type/no_cnv/0007/true_evo_events_genotypes_numeric	/raid/kang/DelSIEVE/simulation_results/IndelSIEVE_benchmark_pipeline_ld_006/benchmark_results/indelsieve/from_candidate/variant_calling/stage2/mt/no_cnv/smc_mudel_sa_stage_1-smc_mudel_sa_stage_2/0007/indelsieve_median.genotypes	/raid/kang/DelSIEVE/simulation_results/IndelSIEVE_benchmark_pipeline_ld_006/benchmark_results/simulated_data/results/data_type/no_cnv/0007/true_evo_events_ternary_matrix.simple	/raid/kang/DelSIEVE/simulation_results/IndelSIEVE_benchmark_pipeline_ld_006/benchmark_results/indelsieve/from_candidate/variant_calling/stage2/mt/no_cnv/smc_mudel_sa_stage_1-smc_mudel_sa_stage_2/0007/indelsieve_median.ternary	/raid/kang/DelSIEVE/simulation_results/IndelSIEVE_benchmark_pipeline_ld_006/benchmark_results/indelsieve/from_candidate/variant_calling/stage2/mt/no_cnv/smc_mudel_sa_stage_1-smc_mudel_sa_stage_2/0007/indelsieve_median.probs	10876	477	16890	1357	0.8890705468813864	0.9579846736545408	0.9222420079708302	0.0274658835722922	9633	104	19446	408	0.9593665969524948	0.9893190921228304	0.9741126504196582	0.0053196930946291	7734	241	20952	664	0.9209335556084782	0.9697805642633228	0.9447260734135468	0.01137167932808	1010	15	28444	122	0.892226148409894	0.9853658536585366	0.9364858599907278	0.0005270740363329	1132	72	1	119	1626	727	20680	207	0.8870703764320785	0.6910327241818954	0.0339608539262858	0.776875298614429	32	1	23197	10	0.7619047619047619	0.9696969696969696	4.310716441072506e-05	0.8533333333333334	474	263	22466	37	0.9275929549902152	0.6431478968792401	0.0115711205948347	0.7596153846153846	1100	483	21477	180	0.859375	0.6948831332912192	0.0219945355191256	0.7684247293049249	150	22	28	7	0	0	23240	0	NA	NA	0.0	NA
40	20	2	0.001999	0.16334	3e-05	7.5e-06	0.0	0008	sieve	candidate_snvs	smc_mu_ld_stage_1-smc_mu_ld_stage_2	mt	no_cnv	/raid/kang/DelSIEVE/simulation_results/IndelSIEVE_benchmark_pipeline_ld_006/benchmark_results/simulated_data/results/cell_names	/raid/kang/DelSIEVE/simulation_results/IndelSIEVE_benchmark_pipeline_ld_006/benchmark_results/indelsieve/from_candidate/variant_calling/stage2/mt/no_cnv/smc_mu_ld_stage_1-smc_mu_ld_stage_2/0008/indelsieve_median.cell_names	/raid/kang/DelSIEVE/simulation_results/IndelSIEVE_benchmark_pipeline_ld_006/benchmark_results/simulated_data/results/data_type/no_cnv/0008/true_evo_events_sites_names	/raid/kang/DelSIEVE/simulation_results/IndelSIEVE_benchmark_pipeline_ld_006/benchmark_results/indelsieve/from_candidate/variant_calling/stage2/mt/no_cnv/smc_mu_ld_stage_1-smc_mu_ld_stage_2/0008/indelsieve_median.loci_info	/raid/kang/DelSIEVE/simulation_results/IndelSIEVE_benchmark_pipeline_ld_006/benchmark_results/simulated_data/results/data_type/no_cnv/0008/true_evo_events_genotypes_numeric	/raid/kang/DelSIEVE/simulation_results/IndelSIEVE_benchmark_pipeline_ld_006/benchmark_results/indelsieve/from_candidate/variant_calling/stage2/mt/no_cnv/smc_mu_ld_stage_1-smc_mu_ld_stage_2/0008/indelsieve_median.genotypes	/raid/kang/DelSIEVE/simulation_results/IndelSIEVE_benchmark_pipeline_ld_006/benchmark_results/simulated_data/results/data_type/no_cnv/0008/true_evo_events_ternary_matrix.simple	/raid/kang/DelSIEVE/simulation_results/IndelSIEVE_benchmark_pipeline_ld_006/benchmark_results/indelsieve/from_candidate/variant_calling/stage2/mt/no_cnv/smc_mu_ld_stage_1-smc_mu_ld_stage_2/0008/indelsieve_median.ternary	/raid/kang/DelSIEVE/simulation_results/IndelSIEVE_benchmark_pipeline_ld_006/benchmark_results/indelsieve/from_candidate/variant_calling/stage2/mt/no_cnv/smc_mu_ld_stage_1-smc_mu_ld_stage_2/0008/indelsieve_median.probs	8021	135	18485	2719	0.7468342644320298	0.9834477685139774	0.8489627434377647	0.007250268528464	7911	245	20820	368	0.9555501872206787	0.969960765080922	0.9627015515667784	0.0116306669831474	6860	578	21539	367	0.949218209492182	0.9222909384243076	0.935560859188544	0.0261337432744043	522	196	28498	128	0.803076923076923	0.7270194986072424	0.7631578947368421	0.006830696312818	650	135	5	123	0	0	21001	1799	0.0	NA	0.0	NA	0	0	22730	70	0.0	NA	0.0	NA	0	0	22398	402	0.0	NA	0.0	NA	0	0	21473	1327	0.0	NA	0.0	NA	1234	91	227	173	0	0	22800	0	NA	NA	0.0	NA
40	20	2	0.001999	0.16334	3e-05	7.5e-06	0.0	0008	sieve	candidate_snvs	smc_mu_sa_stage_1-smc_mu_sa_stage_2	mt	no_cnv	/raid/kang/DelSIEVE/simulation_results/IndelSIEVE_benchmark_pipeline_ld_006/benchmark_results/simulated_data/results/cell_names	/raid/kang/DelSIEVE/simulation_results/IndelSIEVE_benchmark_pipeline_ld_006/benchmark_results/indelsieve/from_candidate/variant_calling/stage2/mt/no_cnv/smc_mu_sa_stage_1-smc_mu_sa_stage_2/0008/indelsieve_median.cell_names	/raid/kang/DelSIEVE/simulation_results/IndelSIEVE_benchmark_pipeline_ld_006/benchmark_results/simulated_data/results/data_type/no_cnv/0008/true_evo_events_sites_names	/raid/kang/DelSIEVE/simulation_results/IndelSIEVE_benchmark_pipeline_ld_006/benchmark_results/indelsieve/from_candidate/variant_calling/stage2/mt/no_cnv/smc_mu_sa_stage_1-smc_mu_sa_stage_2/0008/indelsieve_median.loci_info	/raid/kang/DelSIEVE/simulation_results/IndelSIEVE_benchmark_pipeline_ld_006/benchmark_results/simulated_data/results/data_type/no_cnv/0008/true_evo_events_genotypes_numeric	/raid/kang/DelSIEVE/simulation_results/IndelSIEVE_benchmark_pipeline_ld_006/benchmark_results/indelsieve/from_candidate/variant_calling/stage2/mt/no_cnv/smc_mu_sa_stage_1-smc_mu_sa_stage_2/0008/indelsieve_median.genotypes	/raid/kang/DelSIEVE/simulation_results/IndelSIEVE_benchmark_pipeline_ld_006/benchmark_results/simulated_data/results/data_type/no_cnv/0008/true_evo_events_ternary_matrix.simple	/raid/kang/DelSIEVE/simulation_results/IndelSIEVE_benchmark_pipeline_ld_006/benchmark_results/indelsieve/from_candidate/variant_calling/stage2/mt/no_cnv/smc_mu_sa_stage_1-smc_mu_sa_stage_2/0008/indelsieve_median.ternary	/raid/kang/DelSIEVE/simulation_results/IndelSIEVE_benchmark_pipeline_ld_006/benchmark_results/indelsieve/from_candidate/variant_calling/stage2/mt/no_cnv/smc_mu_sa_stage_1-smc_mu_sa_stage_2/0008/indelsieve_median.probs	7953	111	18509	2787	0.7405027932960894	0.9862351190476192	0.8458838544990427	0.0059613319011815	7875	189	20876	404	0.951201835970528	0.9765625	0.9637153521385304	0.0089722288155708	6824	462	21655	403	0.9442368894423688	0.9365907219324732	0.9403982636257148	0.0208889089840394	515	263	28431	135	0.7923076923076923	0.6619537275064268	0.7212885154061626	0.0091656792360772	650	111	5	130	0	0	21001	1799	0.0	NA	0.0	NA	0	0	22730	70	0.0	NA	0.0	NA	0	0	22398	402	0.0	NA	0.0	NA	0	0	21473	1327	0.0	NA	0.0	NA	1264	61	160	240	0	0	22800	0	NA	NA	0.0	NA
40	20	2	0.001999	0.16334	3e-05	7.5e-06	0.0	0008	indelsieve	candidate_snvs	smc_mudel_ld_stage_1-smc_mudel_ld_stage_2	mt	no_cnv	/raid/kang/DelSIEVE/simulation_results/IndelSIEVE_benchmark_pipeline_ld_006/benchmark_results/simulated_data/results/cell_names	/raid/kang/DelSIEVE/simulation_results/IndelSIEVE_benchmark_pipeline_ld_006/benchmark_results/indelsieve/from_candidate/variant_calling/stage2/mt/no_cnv/smc_mudel_ld_stage_1-smc_mudel_ld_stage_2/0008/indelsieve_median.cell_names	/raid/kang/DelSIEVE/simulation_results/IndelSIEVE_benchmark_pipeline_ld_006/benchmark_results/simulated_data/results/data_type/no_cnv/0008/true_evo_events_sites_names	/raid/kang/DelSIEVE/simulation_results/IndelSIEVE_benchmark_pipeline_ld_006/benchmark_results/indelsieve/from_candidate/variant_calling/stage2/mt/no_cnv/smc_mudel_ld_stage_1-smc_mudel_ld_stage_2/0008/indelsieve_median.loci_info	/raid/kang/DelSIEVE/simulation_results/IndelSIEVE_benchmark_pipeline_ld_006/benchmark_results/simulated_data/results/data_type/no_cnv/0008/true_evo_events_genotypes_numeric	/raid/kang/DelSIEVE/simulation_results/IndelSIEVE_benchmark_pipeline_ld_006/benchmark_results/indelsieve/from_candidate/variant_calling/stage2/mt/no_cnv/smc_mudel_ld_stage_1-smc_mudel_ld_stage_2/0008/indelsieve_median.genotypes	/raid/kang/DelSIEVE/simulation_results/IndelSIEVE_benchmark_pipeline_ld_006/benchmark_results/simulated_data/results/data_type/no_cnv/0008/true_evo_events_ternary_matrix.simple	/raid/kang/DelSIEVE/simulation_results/IndelSIEVE_benchmark_pipeline_ld_006/benchmark_results/indelsieve/from_candidate/variant_calling/stage2/mt/no_cnv/smc_mudel_ld_stage_1-smc_mudel_ld_stage_2/0008/indelsieve_median.ternary	/raid/kang/DelSIEVE/simulation_results/IndelSIEVE_benchmark_pipeline_ld_006/benchmark_results/indelsieve/from_candidate/variant_calling/stage2/mt/no_cnv/smc_mudel_ld_stage_1-smc_mudel_ld_stage_2/0008/indelsieve_median.probs	8877	139	18481	1863	0.826536312849162	0.9845829636202308	0.898663697104677	0.0074650912996777	7909	189	20876	370	0.955308612151226	0.9766609039268956	0.9658667643646576	0.0089722288155708	6858	391	21726	369	0.9489414694894148	0.9460615257276864	0.9474993092014368	0.0176787086856264	522	17	28677	128	0.803076923076923	0.9684601113172542	0.8780487804878048	0.0005924583536627	650	133	5	123	1221	7	20994	578	0.6787103946637021	0.994299674267101	0.0003333174610732	0.806739345887017	54	0	22730	16	0.7714285714285715	1.0	0.0	0.870967741935484	305	5	22393	97	0.7587064676616916	0.9838709677419356	0.0002232342173408	0.8567415730337079	844	20	21453	483	0.6360211002260738	0.976851851851852	0.0009314022260513	0.7704244637151985	430	50	83	11	0	0	22800	0	NA	NA	0.0	NA
40	20	2	0.001999	0.16334	3e-05	7.5e-06	0.0	0008	indelsieve	candidate_snvs	smc_mudel_sa_stage_1-smc_mudel_sa_stage_2	mt	no_cnv	/raid/kang/DelSIEVE/simulation_results/IndelSIEVE_benchmark_pipeline_ld_006/benchmark_results/simulated_data/results/cell_names	/raid/kang/DelSIEVE/simulation_results/IndelSIEVE_benchmark_pipeline_ld_006/benchmark_results/indelsieve/from_candidate/variant_calling/stage2/mt/no_cnv/smc_mudel_sa_stage_1-smc_mudel_sa_stage_2/0008/indelsieve_median.cell_names	/raid/kang/DelSIEVE/simulation_results/IndelSIEVE_benchmark_pipeline_ld_006/benchmark_results/simulated_data/results/data_type/no_cnv/0008/true_evo_events_sites_names	/raid/kang/DelSIEVE/simulation_results/IndelSIEVE_benchmark_pipeline_ld_006/benchmark_results/indelsieve/from_candidate/variant_calling/stage2/mt/no_cnv/smc_mudel_sa_stage_1-smc_mudel_sa_stage_2/0008/indelsieve_median.loci_info	/raid/kang/DelSIEVE/simulation_results/IndelSIEVE_benchmark_pipeline_ld_006/benchmark_results/simulated_data/results/data_type/no_cnv/0008/true_evo_events_genotypes_numeric	/raid/kang/DelSIEVE/simulation_results/IndelSIEVE_benchmark_pipeline_ld_006/benchmark_results/indelsieve/from_candidate/variant_calling/stage2/mt/no_cnv/smc_mudel_sa_stage_1-smc_mudel_sa_stage_2/0008/indelsieve_median.genotypes	/raid/kang/DelSIEVE/simulation_results/IndelSIEVE_benchmark_pipeline_ld_006/benchmark_results/simulated_data/results/data_type/no_cnv/0008/true_evo_events_ternary_matrix.simple	/raid/kang/DelSIEVE/simulation_results/IndelSIEVE_benchmark_pipeline_ld_006/benchmark_results/indelsieve/from_candidate/variant_calling/stage2/mt/no_cnv/smc_mudel_sa_stage_1-smc_mudel_sa_stage_2/0008/indelsieve_median.ternary	/raid/kang/DelSIEVE/simulation_results/IndelSIEVE_benchmark_pipeline_ld_006/benchmark_results/indelsieve/from_candidate/variant_calling/stage2/mt/no_cnv/smc_mudel_sa_stage_1-smc_mudel_sa_stage_2/0008/indelsieve_median.probs	9088	572	18048	1652	0.8461824953445065	0.9407867494824016	0.8909803921568629	0.030719656283566	7808	132	20933	471	0.943109071143858	0.9833753148614608	0.9628213823293668	0.006266318537859	6591	264	21838	651	0.9101077050538524	0.9614879649890592	0.9350925728878484	0.0119446203963442	512	17	28692	123	0.8062992125984252	0.9678638941398866	0.879725085910653	0.000592148803511	635	92	5	118	1532	744	20257	267	0.8515842134519177	0.6731107205623902	0.0354268844340745	0.7519018404907977	57	3	22727	13	0.8142857142857143	0.95	0.0001319841619005	0.8769230769230769	359	197	22201	43	0.8930348258706468	0.64568345323741	0.0087954281632288	0.7494780793319414	1090	570	20903	237	0.8214016578749058	0.6566265060240963	0.0265449634424626	0.7298292601272179	202	26	28	11	0	0	22800	0	NA	NA	0.0	NA
40	20	2	0.001999	0.16334	3e-05	7.5e-06	0.0	0009	sieve	candidate_snvs	smc_mu_ld_stage_1-smc_mu_ld_stage_2	mt	no_cnv	/raid/kang/DelSIEVE/simulation_results/IndelSIEVE_benchmark_pipeline_ld_006/benchmark_results/simulated_data/results/cell_names	/raid/kang/DelSIEVE/simulation_results/IndelSIEVE_benchmark_pipeline_ld_006/benchmark_results/indelsieve/from_candidate/variant_calling/stage2/mt/no_cnv/smc_mu_ld_stage_1-smc_mu_ld_stage_2/0009/indelsieve_median.cell_names	/raid/kang/DelSIEVE/simulation_results/IndelSIEVE_benchmark_pipeline_ld_006/benchmark_results/simulated_data/results/data_type/no_cnv/0009/true_evo_events_sites_names	/raid/kang/DelSIEVE/simulation_results/IndelSIEVE_benchmark_pipeline_ld_006/benchmark_results/indelsieve/from_candidate/variant_calling/stage2/mt/no_cnv/smc_mu_ld_stage_1-smc_mu_ld_stage_2/0009/indelsieve_median.loci_info	/raid/kang/DelSIEVE/simulation_results/IndelSIEVE_benchmark_pipeline_ld_006/benchmark_results/simulated_data/results/data_type/no_cnv/0009/true_evo_events_genotypes_numeric	/raid/kang/DelSIEVE/simulation_results/IndelSIEVE_benchmark_pipeline_ld_006/benchmark_results/indelsieve/from_candidate/variant_calling/stage2/mt/no_cnv/smc_mu_ld_stage_1-smc_mu_ld_stage_2/0009/indelsieve_median.genotypes	/raid/kang/DelSIEVE/simulation_results/IndelSIEVE_benchmark_pipeline_ld_006/benchmark_results/simulated_data/results/data_type/no_cnv/0009/true_evo_events_ternary_matrix.simple	/raid/kang/DelSIEVE/simulation_results/IndelSIEVE_benchmark_pipeline_ld_006/benchmark_results/indelsieve/from_candidate/variant_calling/stage2/mt/no_cnv/smc_mu_ld_stage_1-smc_mu_ld_stage_2/0009/indelsieve_median.ternary	/raid/kang/DelSIEVE/simulation_results/IndelSIEVE_benchmark_pipeline_ld_006/benchmark_results/indelsieve/from_candidate/variant_calling/stage2/mt/no_cnv/smc_mu_ld_stage_1-smc_mu_ld_stage_2/0009/indelsieve_median.probs	8126	112	8490	1832	0.8160273147218317	0.986404467103666	0.8931633326005716	0.0130202278539874	7976	262	10150	163	0.9799729696522914	0.9681961641175042	0.9740489711180312	0.0251632731463695	6257	624	11501	169	0.9737005913476502	0.9093155064670831	0.9404073044262418	0.0514639175257731	856	501	17043	151	0.8500496524329693	0.6308032424465734	0.72419627749577	0.0285567715458276	1007	112	0	151	0	0	14255	1985	0.0	NA	0.0	NA	0	0	16168	72	0.0	NA	0.0	NA	0	0	15534	706	0.0	NA	0.0	NA	0	0	15033	1207	0.0	NA	0.0	NA	1075	131	226	477	0	0	16240	0	NA	NA	0.0	NA
40	20	2	0.001999	0.16334	3e-05	7.5e-06	0.0	0009	sieve	candidate_snvs	smc_mu_sa_stage_1-smc_mu_sa_stage_2	mt	no_cnv	/raid/kang/DelSIEVE/simulation_results/IndelSIEVE_benchmark_pipeline_ld_006/benchmark_results/simulated_data/results/cell_names	/raid/kang/DelSIEVE/simulation_results/IndelSIEVE_benchmark_pipeline_ld_006/benchmark_results/indelsieve/from_candidate/variant_calling/stage2/mt/no_cnv/smc_mu_sa_stage_1-smc_mu_sa_stage_2/0009/indelsieve_median.cell_names	/raid/kang/DelSIEVE/simulation_results/IndelSIEVE_benchmark_pipeline_ld_006/benchmark_results/simulated_data/results/data_type/no_cnv/0009/true_evo_events_sites_names	/raid/kang/DelSIEVE/simulation_results/IndelSIEVE_benchmark_pipeline_ld_006/benchmark_results/indelsieve/from_candidate/variant_calling/stage2/mt/no_cnv/smc_mu_sa_stage_1-smc_mu_sa_stage_2/0009/indelsieve_median.loci_info	/raid/kang/DelSIEVE/simulation_results/IndelSIEVE_benchmark_pipeline_ld_006/benchmark_results/simulated_data/results/data_type/no_cnv/0009/true_evo_events_genotypes_numeric	/raid/kang/DelSIEVE/simulation_results/IndelSIEVE_benchmark_pipeline_ld_006/benchmark_results/indelsieve/from_candidate/variant_calling/stage2/mt/no_cnv/smc_mu_sa_stage_1-smc_mu_sa_stage_2/0009/indelsieve_median.genotypes	/raid/kang/DelSIEVE/simulation_results/IndelSIEVE_benchmark_pipeline_ld_006/benchmark_results/simulated_data/results/data_type/no_cnv/0009/true_evo_events_ternary_matrix.simple	/raid/kang/DelSIEVE/simulation_results/IndelSIEVE_benchmark_pipeline_ld_006/benchmark_results/indelsieve/from_candidate/variant_calling/stage2/mt/no_cnv/smc_mu_sa_stage_1-smc_mu_sa_stage_2/0009/indelsieve_median.ternary	/raid/kang/DelSIEVE/simulation_results/IndelSIEVE_benchmark_pipeline_ld_006/benchmark_results/indelsieve/from_candidate/variant_calling/stage2/mt/no_cnv/smc_mu_sa_stage_1-smc_mu_sa_stage_2/0009/indelsieve_median.probs	8075	112	8490	1883	0.8109058043783892	0.9863197752534506	0.8900523560209423	0.0130202278539874	7947	240	10172	192	0.9764098783634352	0.9706852326859656	0.9735391400220508	0.0230503265462927	6229	559	11566	197	0.9693432928727046	0.9176487919858574	0.9427879521719388	0.0461030927835051	852	547	16997	155	0.846077457795432	0.6090064331665476	0.7082294264339153	0.0311787505699954	1007	112	0	155	0	0	14255	1985	0.0	NA	0.0	NA	0	0	16168	72	0.0	NA	0.0	NA	0	0	15534	706	0.0	NA	0.0	NA	0	0	15033	1207	0.0	NA	0.0	NA	1097	109	179	524	0	0	16240	0	NA	NA	0.0	NA
40	20	2	0.001999	0.16334	3e-05	7.5e-06	0.0	0009	indelsieve	candidate_snvs	smc_mudel_ld_stage_1-smc_mudel_ld_stage_2	mt	no_cnv	/raid/kang/DelSIEVE/simulation_results/IndelSIEVE_benchmark_pipeline_ld_006/benchmark_results/simulated_data/results/cell_names	/raid/kang/DelSIEVE/simulation_results/IndelSIEVE_benchmark_pipeline_ld_006/benchmark_results/indelsieve/from_candidate/variant_calling/stage2/mt/no_cnv/smc_mudel_ld_stage_1-smc_mudel_ld_stage_2/0009/indelsieve_median.cell_names	/raid/kang/DelSIEVE/simulation_results/IndelSIEVE_benchmark_pipeline_ld_006/benchmark_results/simulated_data/results/data_type/no_cnv/0009/true_evo_events_sites_names	/raid/kang/DelSIEVE/simulation_results/IndelSIEVE_benchmark_pipeline_ld_006/benchmark_results/indelsieve/from_candidate/variant_calling/stage2/mt/no_cnv/smc_mudel_ld_stage_1-smc_mudel_ld_stage_2/0009/indelsieve_median.loci_info	/raid/kang/DelSIEVE/simulation_results/IndelSIEVE_benchmark_pipeline_ld_006/benchmark_results/simulated_data/results/data_type/no_cnv/0009/true_evo_events_genotypes_numeric	/raid/kang/DelSIEVE/simulation_results/IndelSIEVE_benchmark_pipeline_ld_006/benchmark_results/indelsieve/from_candidate/variant_calling/stage2/mt/no_cnv/smc_mudel_ld_stage_1-smc_mudel_ld_stage_2/0009/indelsieve_median.genotypes	/raid/kang/DelSIEVE/simulation_results/IndelSIEVE_benchmark_pipeline_ld_006/benchmark_results/simulated_data/results/data_type/no_cnv/0009/true_evo_events_ternary_matrix.simple	/raid/kang/DelSIEVE/simulation_results/IndelSIEVE_benchmark_pipeline_ld_006/benchmark_results/indelsieve/from_candidate/variant_calling/stage2/mt/no_cnv/smc_mudel_ld_stage_1-smc_mudel_ld_stage_2/0009/indelsieve_median.ternary	/raid/kang/DelSIEVE/simulation_results/IndelSIEVE_benchmark_pipeline_ld_006/benchmark_results/indelsieve/from_candidate/variant_calling/stage2/mt/no_cnv/smc_mudel_ld_stage_1-smc_mudel_ld_stage_2/0009/indelsieve_median.probs	9065	112	8490	893	0.910323358104037	0.9877955758962624	0.9474784426443688	0.0130202278539874	7967	184	10228	172	0.9788671827005776	0.9774260826892406	0.978146101903008	0.0176719170188244	6248	395	11730	178	0.9723000311235606	0.9405389131416528	0.9561557885071544	0.0325773195876288	868	24	17520	139	0.8619662363455809	0.9730941704035876	0.9141653501843074	0.0013679890560875	1007	111	0	139	1638	4	14251	347	0.8251889168765743	0.997563946406821	0.0002806032970887	0.9032258064516128	41	0	16168	31	0.5694444444444444	1.0	0.0	0.7256637168141593	605	11	15523	101	0.8569405099150141	0.9821428571428572	0.0007081241148448	0.9152798789712556	961	24	15009	246	0.796188898094449	0.9756345177664976	0.0015964877270005	0.8768248175182481	182	62	83	15	0	0	16240	0	NA	NA	0.0	NA
40	20	2	0.001999	0.16334	3e-05	7.5e-06	0.0	0009	indelsieve	candidate_snvs	smc_mudel_sa_stage_1-smc_mudel_sa_stage_2	mt	no_cnv	/raid/kang/DelSIEVE/simulation_results/IndelSIEVE_benchmark_pipeline_ld_006/benchmark_results/simulated_data/results/cell_names	/raid/kang/DelSIEVE/simulation_results/IndelSIEVE_benchmark_pipeline_ld_006/benchmark_results/indelsieve/from_candidate/variant_calling/stage2/mt/no_cnv/smc_mudel_sa_stage_1-smc_mudel_sa_stage_2/0009/indelsieve_median.cell_names	/raid/kang/DelSIEVE/simulation_results/IndelSIEVE_benchmark_pipeline_ld_006/benchmark_results/simulated_data/results/data_type/no_cnv/0009/true_evo_events_sites_names	/raid/kang/DelSIEVE/simulation_results/IndelSIEVE_benchmark_pipeline_ld_006/benchmark_results/indelsieve/from_candidate/variant_calling/stage2/mt/no_cnv/smc_mudel_sa_stage_1-smc_mudel_sa_stage_2/0009/indelsieve_median.loci_info	/raid/kang/DelSIEVE/simulation_results/IndelSIEVE_benchmark_pipeline_ld_006/benchmark_results/simulated_data/results/data_type/no_cnv/0009/true_evo_events_genotypes_numeric	/raid/kang/DelSIEVE/simulation_results/IndelSIEVE_benchmark_pipeline_ld_006/benchmark_results/indelsieve/from_candidate/variant_calling/stage2/mt/no_cnv/smc_mudel_sa_stage_1-smc_mudel_sa_stage_2/0009/indelsieve_median.genotypes	/raid/kang/DelSIEVE/simulation_results/IndelSIEVE_benchmark_pipeline_ld_006/benchmark_results/simulated_data/results/data_type/no_cnv/0009/true_evo_events_ternary_matrix.simple	/raid/kang/DelSIEVE/simulation_results/IndelSIEVE_benchmark_pipeline_ld_006/benchmark_results/indelsieve/from_candidate/variant_calling/stage2/mt/no_cnv/smc_mudel_sa_stage_1-smc_mudel_sa_stage_2/0009/indelsieve_median.ternary	/raid/kang/DelSIEVE/simulation_results/IndelSIEVE_benchmark_pipeline_ld_006/benchmark_results/indelsieve/from_candidate/variant_calling/stage2/mt/no_cnv/smc_mudel_sa_stage_1-smc_mudel_sa_stage_2/0009/indelsieve_median.probs	9118	404	8198	840	0.9156457119903596	0.957571938668347	0.9361396303901438	0.0469658219018832	7891	153	10259	248	0.9695294262194372	0.980979612133267	0.9752209108323548	0.0146945831732616	5995	326	11767	463	0.928305977082688	0.9484258819806992	0.9382580796619454	0.0269577441495079	842	25	17551	133	0.8635897435897436	0.9711649365628604	0.9142236699239956	0.0014223941738734	975	97	0	131	1745	589	13666	240	0.8790931989924433	0.7476435304198801	0.041318835496317	0.808057420699236	52	1	16167	20	0.7222222222222222	0.981132075471698	6.185056902523504e-05	0.8320000000000001	629	227	15307	77	0.8909348441926346	0.7348130841121495	0.0146131067336165	0.8053777208706785	1031	394	14639	176	0.8541839270919636	0.7235087719298245	0.0262090068515931	0.783434650455927	127	39	59	15	0	0	16240	0	NA	NA	0.0	NA
40	20	2	0.001999	0.16334	3e-05	7.5e-06	0.0	0010	sieve	candidate_snvs	smc_mu_ld_stage_1-smc_mu_ld_stage_2	mt	no_cnv	/raid/kang/DelSIEVE/simulation_results/IndelSIEVE_benchmark_pipeline_ld_006/benchmark_results/simulated_data/results/cell_names	/raid/kang/DelSIEVE/simulation_results/IndelSIEVE_benchmark_pipeline_ld_006/benchmark_results/indelsieve/from_candidate/variant_calling/stage2/mt/no_cnv/smc_mu_ld_stage_1-smc_mu_ld_stage_2/0010/indelsieve_median.cell_names	/raid/kang/DelSIEVE/simulation_results/IndelSIEVE_benchmark_pipeline_ld_006/benchmark_results/simulated_data/results/data_type/no_cnv/0010/true_evo_events_sites_names	/raid/kang/DelSIEVE/simulation_results/IndelSIEVE_benchmark_pipeline_ld_006/benchmark_results/indelsieve/from_candidate/variant_calling/stage2/mt/no_cnv/smc_mu_ld_stage_1-smc_mu_ld_stage_2/0010/indelsieve_median.loci_info	/raid/kang/DelSIEVE/simulation_results/IndelSIEVE_benchmark_pipeline_ld_006/benchmark_results/simulated_data/results/data_type/no_cnv/0010/true_evo_events_genotypes_numeric	/raid/kang/DelSIEVE/simulation_results/IndelSIEVE_benchmark_pipeline_ld_006/benchmark_results/indelsieve/from_candidate/variant_calling/stage2/mt/no_cnv/smc_mu_ld_stage_1-smc_mu_ld_stage_2/0010/indelsieve_median.genotypes	/raid/kang/DelSIEVE/simulation_results/IndelSIEVE_benchmark_pipeline_ld_006/benchmark_results/simulated_data/results/data_type/no_cnv/0010/true_evo_events_ternary_matrix.simple	/raid/kang/DelSIEVE/simulation_results/IndelSIEVE_benchmark_pipeline_ld_006/benchmark_results/indelsieve/from_candidate/variant_calling/stage2/mt/no_cnv/smc_mu_ld_stage_1-smc_mu_ld_stage_2/0010/indelsieve_median.ternary	/raid/kang/DelSIEVE/simulation_results/IndelSIEVE_benchmark_pipeline_ld_006/benchmark_results/indelsieve/from_candidate/variant_calling/stage2/mt/no_cnv/smc_mu_ld_stage_1-smc_mu_ld_stage_2/0010/indelsieve_median.probs	7007	66	7655	1792	0.7963404932378679	0.9906687402799378	0.8829385080645161	0.0085481155290765	6907	166	9293	153	0.978328611898017	0.9765304679768132	0.977428712941343	0.0175494238291574	5336	505	10515	163	0.9703582469539916	0.9135422016777948	0.9410934744268078	0.0458257713248638	972	260	15193	94	0.9118198874296436	0.788961038961039	0.8459530026109661	0.016825211932958	1066	66	1	93	0	0	12400	1760	0.0	NA	0.0	NA	0	0	14001	159	0.0	NA	0.0	NA	0	0	13665	495	0.0	NA	0.0	NA	0	0	13054	1106	0.0	NA	0.0	NA	1039	67	246	247	0	0	14160	0	NA	NA	0.0	NA
40	20	2	0.001999	0.16334	3e-05	7.5e-06	0.0	0010	sieve	candidate_snvs	smc_mu_sa_stage_1-smc_mu_sa_stage_2	mt	no_cnv	/raid/kang/DelSIEVE/simulation_results/IndelSIEVE_benchmark_pipeline_ld_006/benchmark_results/simulated_data/results/cell_names	/raid/kang/DelSIEVE/simulation_results/IndelSIEVE_benchmark_pipeline_ld_006/benchmark_results/indelsieve/from_candidate/variant_calling/stage2/mt/no_cnv/smc_mu_sa_stage_1-smc_mu_sa_stage_2/0010/indelsieve_median.cell_names	/raid/kang/DelSIEVE/simulation_results/IndelSIEVE_benchmark_pipeline_ld_006/benchmark_results/simulated_data/results/data_type/no_cnv/0010/true_evo_events_sites_names	/raid/kang/DelSIEVE/simulation_results/IndelSIEVE_benchmark_pipeline_ld_006/benchmark_results/indelsieve/from_candidate/variant_calling/stage2/mt/no_cnv/smc_mu_sa_stage_1-smc_mu_sa_stage_2/0010/indelsieve_median.loci_info	/raid/kang/DelSIEVE/simulation_results/IndelSIEVE_benchmark_pipeline_ld_006/benchmark_results/simulated_data/results/data_type/no_cnv/0010/true_evo_events_genotypes_numeric	/raid/kang/DelSIEVE/simulation_results/IndelSIEVE_benchmark_pipeline_ld_006/benchmark_results/indelsieve/from_candidate/variant_calling/stage2/mt/no_cnv/smc_mu_sa_stage_1-smc_mu_sa_stage_2/0010/indelsieve_median.genotypes	/raid/kang/DelSIEVE/simulation_results/IndelSIEVE_benchmark_pipeline_ld_006/benchmark_results/simulated_data/results/data_type/no_cnv/0010/true_evo_events_ternary_matrix.simple	/raid/kang/DelSIEVE/simulation_results/IndelSIEVE_benchmark_pipeline_ld_006/benchmark_results/indelsieve/from_candidate/variant_calling/stage2/mt/no_cnv/smc_mu_sa_stage_1-smc_mu_sa_stage_2/0010/indelsieve_median.ternary	/raid/kang/DelSIEVE/simulation_results/IndelSIEVE_benchmark_pipeline_ld_006/benchmark_results/indelsieve/from_candidate/variant_calling/stage2/mt/no_cnv/smc_mu_sa_stage_1-smc_mu_sa_stage_2/0010/indelsieve_median.probs	6964	76	7645	1835	0.7914535742698033	0.9892045454545456	0.879348443714881	0.0098432845486335	6895	145	9314	165	0.976628895184136	0.9794034090909092	0.978014184397163	0.0153293159953483	5324	349	10671	175	0.9681760320058193	0.9384805217697868	0.9530970282849982	0.0316696914700544	965	402	15051	101	0.9052532833020638	0.7059253840526701	0.7932593505959721	0.0260143661424966	1066	76	1	100	0	0	12400	1760	0.0	NA	0.0	NA	0	0	14001	159	0.0	NA	0.0	NA	0	0	13665	495	0.0	NA	0.0	NA	0	0	13054	1106	0.0	NA	0.0	NA	1051	55	104	389	0	0	14160	0	NA	NA	0.0	NA
40	20	2	0.001999	0.16334	3e-05	7.5e-06	0.0	0010	indelsieve	candidate_snvs	smc_mudel_ld_stage_1-smc_mudel_ld_stage_2	mt	no_cnv	/raid/kang/DelSIEVE/simulation_results/IndelSIEVE_benchmark_pipeline_ld_006/benchmark_results/simulated_data/results/cell_names	/raid/kang/DelSIEVE/simulation_results/IndelSIEVE_benchmark_pipeline_ld_006/benchmark_results/indelsieve/from_candidate/variant_calling/stage2/mt/no_cnv/smc_mudel_ld_stage_1-smc_mudel_ld_stage_2/0010/indelsieve_median.cell_names	/raid/kang/DelSIEVE/simulation_results/IndelSIEVE_benchmark_pipeline_ld_006/benchmark_results/simulated_data/results/data_type/no_cnv/0010/true_evo_events_sites_names	/raid/kang/DelSIEVE/simulation_results/IndelSIEVE_benchmark_pipeline_ld_006/benchmark_results/indelsieve/from_candidate/variant_calling/stage2/mt/no_cnv/smc_mudel_ld_stage_1-smc_mudel_ld_stage_2/0010/indelsieve_median.loci_info	/raid/kang/DelSIEVE/simulation_results/IndelSIEVE_benchmark_pipeline_ld_006/benchmark_results/simulated_data/results/data_type/no_cnv/0010/true_evo_events_genotypes_numeric	/raid/kang/DelSIEVE/simulation_results/IndelSIEVE_benchmark_pipeline_ld_006/benchmark_results/indelsieve/from_candidate/variant_calling/stage2/mt/no_cnv/smc_mudel_ld_stage_1-smc_mudel_ld_stage_2/0010/indelsieve_median.genotypes	/raid/kang/DelSIEVE/simulation_results/IndelSIEVE_benchmark_pipeline_ld_006/benchmark_results/simulated_data/results/data_type/no_cnv/0010/true_evo_events_ternary_matrix.simple	/raid/kang/DelSIEVE/simulation_results/IndelSIEVE_benchmark_pipeline_ld_006/benchmark_results/indelsieve/from_candidate/variant_calling/stage2/mt/no_cnv/smc_mudel_ld_stage_1-smc_mudel_ld_stage_2/0010/indelsieve_median.ternary	/raid/kang/DelSIEVE/simulation_results/IndelSIEVE_benchmark_pipeline_ld_006/benchmark_results/indelsieve/from_candidate/variant_calling/stage2/mt/no_cnv/smc_mudel_ld_stage_1-smc_mudel_ld_stage_2/0010/indelsieve_median.probs	8047	75	7646	752	0.9145357426980338	0.990765821226299	0.9511258199869984	0.0097137676466778	6907	109	9350	153	0.978328611898017	0.9844640820980616	0.9813867576015912	0.0115234168516756	5336	242	10778	163	0.9703582469539916	0.9566152742918608	0.9634377539044868	0.0219600725952813	973	22	15431	93	0.9127579737335836	0.9778894472361808	0.9442018437651624	0.0014236717789426	1066	72	1	92	1544	5	12395	216	0.8772727272727273	0.9967721110393802	0.0004032258064516	0.933212450891508	151	0	14001	8	0.949685534591195	1.0	0.0	0.9741935483870968	443	0	13665	52	0.8949494949494949	1.0	0.0	0.9445628997867804	943	12	13042	163	0.8526220614828209	0.987434554973822	0.0009192584648383	0.9150897622513344	127	36	41	9	0	0	14160	0	NA	NA	0.0	NA
40	20	2	0.001999	0.16334	3e-05	7.5e-06	0.0	0010	indelsieve	candidate_snvs	smc_mudel_sa_stage_1-smc_mudel_sa_stage_2	mt	no_cnv	/raid/kang/DelSIEVE/simulation_results/IndelSIEVE_benchmark_pipeline_ld_006/benchmark_results/simulated_data/results/cell_names	/raid/kang/DelSIEVE/simulation_results/IndelSIEVE_benchmark_pipeline_ld_006/benchmark_results/indelsieve/from_candidate/variant_calling/stage2/mt/no_cnv/smc_mudel_sa_stage_1-smc_mudel_sa_stage_2/0010/indelsieve_median.cell_names	/raid/kang/DelSIEVE/simulation_results/IndelSIEVE_benchmark_pipeline_ld_006/benchmark_results/simulated_data/results/data_type/no_cnv/0010/true_evo_events_sites_names	/raid/kang/DelSIEVE/simulation_results/IndelSIEVE_benchmark_pipeline_ld_006/benchmark_results/indelsieve/from_candidate/variant_calling/stage2/mt/no_cnv/smc_mudel_sa_stage_1-smc_mudel_sa_stage_2/0010/indelsieve_median.loci_info	/raid/kang/DelSIEVE/simulation_results/IndelSIEVE_benchmark_pipeline_ld_006/benchmark_results/simulated_data/results/data_type/no_cnv/0010/true_evo_events_genotypes_numeric	/raid/kang/DelSIEVE/simulation_results/IndelSIEVE_benchmark_pipeline_ld_006/benchmark_results/indelsieve/from_candidate/variant_calling/stage2/mt/no_cnv/smc_mudel_sa_stage_1-smc_mudel_sa_stage_2/0010/indelsieve_median.genotypes	/raid/kang/DelSIEVE/simulation_results/IndelSIEVE_benchmark_pipeline_ld_006/benchmark_results/simulated_data/results/data_type/no_cnv/0010/true_evo_events_ternary_matrix.simple	/raid/kang/DelSIEVE/simulation_results/IndelSIEVE_benchmark_pipeline_ld_006/benchmark_results/indelsieve/from_candidate/variant_calling/stage2/mt/no_cnv/smc_mudel_sa_stage_1-smc_mudel_sa_stage_2/0010/indelsieve_median.ternary	/raid/kang/DelSIEVE/simulation_results/IndelSIEVE_benchmark_pipeline_ld_006/benchmark_results/indelsieve/from_candidate/variant_calling/stage2/mt/no_cnv/smc_mudel_sa_stage_1-smc_mudel_sa_stage_2/0010/indelsieve_median.probs	8132	260	7461	667	0.924195931355836	0.969018112488084	0.9460764353440754	0.0336743945084833	6870	78	9381	190	0.973087818696884	0.9887737478411054	0.980868075385494	0.0082461148112908	5146	187	10803	383	0.9307288840658346	0.9649353084567786	0.9475234763395324	0.0170154686078252	941	18	15465	95	0.9083011583011584	0.9812304483837332	0.9433583959899748	0.0011625653943034	1036	52	1	94	1664	436	11964	96	0.9454545454545454	0.7923809523809524	0.0351612903225806	0.8621761658031089	151	0	14001	8	0.949685534591195	1.0	0.0	0.9741935483870968	464	192	13473	31	0.9373737373737374	0.7073170731707317	0.0140504939626783	0.8062554300608167	1036	257	12797	70	0.9367088607594936	0.8012374323279196	0.0196874521219549	0.8636932055022927	47	20	21	8	0	0	14160	0	NA	NA	0.0	NA
