cell_num	coverage_mean	coverage_variance	eff_seq_err_rate	ado_rate	mutation_rate	deletion_rate	insertion_rate	dataset	tool	snv_type	tool_setup	fine_tune_type	data_type	true_cell_names	cell_names	true_loci_info	loci_info	true_genotypes	genotypes	true_ternary	ternary	genotype_probs	true_positive	false_positive	true_negative	false_negative	recall	precision	f1_score	fall_out	true_positive_mu	false_positive_mu	true_negative_mu	false_negative_mu	recall_mu	precision_mu	f1_score_mu	fall_out_mu	true_positive_hetero_mu	false_positive_hetero_mu	true_negative_hetero_mu	false_negative_hetero_mu	recall_hetero_mu	precision_hetero_mu	f1_score_hetero_mu	fall_out_hetero_mu	true_positive_homo_mu	false_positive_homo_mu	true_negative_homo_mu	false_negative_homo_mu	recall_homo_mu	precision_homo_mu	f1_score_homo_mu	fall_out_homo_mu	true_homo_mu	true_homo_ref_as_hetero_mu	true_homo_mu_as_homo_ref	true_homo_mu_as_hetero_mu	true_positive_del	false_positive_del	true_negative_del	false_negative_del	recall_del	precision_del	fall_out_del	f1_score_del	true_positive_all_del	false_positive_all_del	true_negative_all_del	false_negative_all_del	recall_all_del	precision_all_del	fall_out_all_del	f1_score_all_del	true_positive_del_alt_left	false_positive_del_alt_left	true_negative_del_alt_left	false_negative_del_alt_left	recall_del_alt_left	precision_del_alt_left	fall_out_del_alt_left	f1_score_del_alt_left	true_positive_del_ref_left	false_positive_del_ref_left	true_negative_del_ref_left	false_negative_del_ref_left	recall_del_ref_left	precision_del_ref_left	fall_out_del_ref_left	f1_score_del_ref_left	true_del_ref_left_as_homo_ref	true_del_ref_left_as_hetero_mu	true_del_alt_left_as_hetero_mu	true_del_alt_left_as_homo_mu	true_positive_amp	false_positive_amp	true_negative_amp	false_negative_amp	recall_amp	precision_amp	fall_out_amp	f1_score_amp
40	20	10	0.001999	0.3	3e-05	7.5e-06	0.0	0001	monovar	NA	true_parameters	NA	no_cnv	/raid/kang/DelSIEVE/simulation_results/IndelSIEVE_benchmark_pipeline_sa_106/benchmark_results/simulated_data/results/cell_names	/raid/kang/DelSIEVE/simulation_results/IndelSIEVE_benchmark_pipeline_sa_106/benchmark_results/monovar/from_true_params/no_cnv/0001/post_processed/filtered.cell_names	/raid/kang/DelSIEVE/simulation_results/IndelSIEVE_benchmark_pipeline_sa_106/benchmark_results/simulated_data/results/data_type/no_cnv/0001/true_evo_events_sites_names	/raid/kang/DelSIEVE/simulation_results/IndelSIEVE_benchmark_pipeline_sa_106/benchmark_results/monovar/from_true_params/no_cnv/0001/post_processed/filtered.loci_info	/raid/kang/DelSIEVE/simulation_results/IndelSIEVE_benchmark_pipeline_sa_106/benchmark_results/simulated_data/results/data_type/no_cnv/0001/true_evo_events_genotypes_numeric	/raid/kang/DelSIEVE/simulation_results/IndelSIEVE_benchmark_pipeline_sa_106/benchmark_results/monovar/from_true_params/no_cnv/0001/post_processed/filtered.genotypes	/raid/kang/DelSIEVE/simulation_results/IndelSIEVE_benchmark_pipeline_sa_106/benchmark_results/simulated_data/results/data_type/no_cnv/0001/true_evo_events_ternary_matrix.simple	/raid/kang/DelSIEVE/simulation_results/IndelSIEVE_benchmark_pipeline_sa_106/benchmark_results/monovar/from_true_params/no_cnv/0001/post_processed/filtered.ternary	/raid/kang/DelSIEVE/simulation_results/IndelSIEVE_benchmark_pipeline_sa_106/benchmark_results/monovar/from_true_params/no_cnv/0001/post_processed/filtered.genotype_probs	5195	2	8857	3346	0.6082425945439645	0.999615162593804	0.7562964041345174	0.0002257591150242	4648	2	10730	1997	0.6994732881866065	0.9995698924731182	0.8230190349712262	0.0001863585538576	2734	217	11726	2700	0.5031284504968716	0.9264656048797018	0.6521168753726894	0.0181696391191492	541	1158	15517	161	0.7706552706552706	0.3184226015303119	0.4506455643481882	0.0694452773613193	702	2	24	137	547	0	14995	1858	0.2274428274428274	1.0	0.0	0.3705962059620596	66	481	16828	25	0.7252747252747253	0.1206581352833638	0.0277890114969091	0.2068965517241379	0	0	16868	532	0.0	NA	0.0	NA	0	0	15618	1782	0.0	NA	0.0	NA	1460	0	78	240	0	0	17400	0	NA	NA	0.0	NA
40	20	10	0.001999	0.3	3e-05	7.5e-06	0.0	0002	monovar	NA	true_parameters	NA	no_cnv	/raid/kang/DelSIEVE/simulation_results/IndelSIEVE_benchmark_pipeline_sa_106/benchmark_results/simulated_data/results/cell_names	/raid/kang/DelSIEVE/simulation_results/IndelSIEVE_benchmark_pipeline_sa_106/benchmark_results/monovar/from_true_params/no_cnv/0002/post_processed/filtered.cell_names	/raid/kang/DelSIEVE/simulation_results/IndelSIEVE_benchmark_pipeline_sa_106/benchmark_results/simulated_data/results/data_type/no_cnv/0002/true_evo_events_sites_names	/raid/kang/DelSIEVE/simulation_results/IndelSIEVE_benchmark_pipeline_sa_106/benchmark_results/monovar/from_true_params/no_cnv/0002/post_processed/filtered.loci_info	/raid/kang/DelSIEVE/simulation_results/IndelSIEVE_benchmark_pipeline_sa_106/benchmark_results/simulated_data/results/data_type/no_cnv/0002/true_evo_events_genotypes_numeric	/raid/kang/DelSIEVE/simulation_results/IndelSIEVE_benchmark_pipeline_sa_106/benchmark_results/monovar/from_true_params/no_cnv/0002/post_processed/filtered.genotypes	/raid/kang/DelSIEVE/simulation_results/IndelSIEVE_benchmark_pipeline_sa_106/benchmark_results/simulated_data/results/data_type/no_cnv/0002/true_evo_events_ternary_matrix.simple	/raid/kang/DelSIEVE/simulation_results/IndelSIEVE_benchmark_pipeline_sa_106/benchmark_results/monovar/from_true_params/no_cnv/0002/post_processed/filtered.ternary	/raid/kang/DelSIEVE/simulation_results/IndelSIEVE_benchmark_pipeline_sa_106/benchmark_results/monovar/from_true_params/no_cnv/0002/post_processed/filtered.genotype_probs	9944	1	14113	5582	0.6404740435398686	0.9998994469582704	0.7808095481135409	7.085163667280714e-05	9120	1	16974	3523	0.7213477813810013	0.999890362898805	0.8380812350670831	5.891016200294551e-05	5053	359	19439	4767	0.514562118126273	0.9336659275683666	0.6634716386554622	0.0181331447620971	1490	2219	25631	278	0.8427601809954751	0.4017255324885413	0.5440934818331203	0.0796768402154398	1768	1	44	234	824	0	25702	3114	0.2092432706957846	1.0	0.0	0.3460730785384292	25	799	28770	46	0.352112676056338	0.0303398058252427	0.02702154283202	0.0558659217877095	0	0	28563	1077	0.0	NA	0.0	NA	0	0	26850	2790	0.0	NA	0.0	NA	2323	0	124	579	0	0	29640	0	NA	NA	0.0	NA
40	20	10	0.001999	0.3	3e-05	7.5e-06	0.0	0003	monovar	NA	true_parameters	NA	no_cnv	/raid/kang/DelSIEVE/simulation_results/IndelSIEVE_benchmark_pipeline_sa_106/benchmark_results/simulated_data/results/cell_names	/raid/kang/DelSIEVE/simulation_results/IndelSIEVE_benchmark_pipeline_sa_106/benchmark_results/monovar/from_true_params/no_cnv/0003/post_processed/filtered.cell_names	/raid/kang/DelSIEVE/simulation_results/IndelSIEVE_benchmark_pipeline_sa_106/benchmark_results/simulated_data/results/data_type/no_cnv/0003/true_evo_events_sites_names	/raid/kang/DelSIEVE/simulation_results/IndelSIEVE_benchmark_pipeline_sa_106/benchmark_results/monovar/from_true_params/no_cnv/0003/post_processed/filtered.loci_info	/raid/kang/DelSIEVE/simulation_results/IndelSIEVE_benchmark_pipeline_sa_106/benchmark_results/simulated_data/results/data_type/no_cnv/0003/true_evo_events_genotypes_numeric	/raid/kang/DelSIEVE/simulation_results/IndelSIEVE_benchmark_pipeline_sa_106/benchmark_results/monovar/from_true_params/no_cnv/0003/post_processed/filtered.genotypes	/raid/kang/DelSIEVE/simulation_results/IndelSIEVE_benchmark_pipeline_sa_106/benchmark_results/simulated_data/results/data_type/no_cnv/0003/true_evo_events_ternary_matrix.simple	/raid/kang/DelSIEVE/simulation_results/IndelSIEVE_benchmark_pipeline_sa_106/benchmark_results/monovar/from_true_params/no_cnv/0003/post_processed/filtered.ternary	/raid/kang/DelSIEVE/simulation_results/IndelSIEVE_benchmark_pipeline_sa_106/benchmark_results/monovar/from_true_params/no_cnv/0003/post_processed/filtered.genotype_probs	6312	0	6333	3355	0.6529430019654495	1.0	0.7900369234620439	0.0	5559	0	8264	2174	0.7188671925514031	1.0	0.8364429732169726	0.0	2796	255	9997	2949	0.4866840731070496	0.9164208456243854	0.6357435197817188	0.0248731954740538	1067	1441	13304	185	0.8522364217252396	0.425438596491228	0.5675531914893617	0.0977280434045439	1252	0	21	164	753	0	13330	1917	0.2820224719101123	1.0	0.0	0.4399649430324277	124	629	15210	37	0.7701863354037267	0.1646746347941567	0.0397121030368078	0.2713347921225383	0	0	15261	739	0.0	NA	0.0	NA	0	0	14230	1770	0.0	NA	0.0	NA	1359	0	91	410	0	0	16000	0	NA	NA	0.0	NA
40	20	10	0.001999	0.3	3e-05	7.5e-06	0.0	0004	monovar	NA	true_parameters	NA	no_cnv	/raid/kang/DelSIEVE/simulation_results/IndelSIEVE_benchmark_pipeline_sa_106/benchmark_results/simulated_data/results/cell_names	/raid/kang/DelSIEVE/simulation_results/IndelSIEVE_benchmark_pipeline_sa_106/benchmark_results/monovar/from_true_params/no_cnv/0004/post_processed/filtered.cell_names	/raid/kang/DelSIEVE/simulation_results/IndelSIEVE_benchmark_pipeline_sa_106/benchmark_results/simulated_data/results/data_type/no_cnv/0004/true_evo_events_sites_names	/raid/kang/DelSIEVE/simulation_results/IndelSIEVE_benchmark_pipeline_sa_106/benchmark_results/monovar/from_true_params/no_cnv/0004/post_processed/filtered.loci_info	/raid/kang/DelSIEVE/simulation_results/IndelSIEVE_benchmark_pipeline_sa_106/benchmark_results/simulated_data/results/data_type/no_cnv/0004/true_evo_events_genotypes_numeric	/raid/kang/DelSIEVE/simulation_results/IndelSIEVE_benchmark_pipeline_sa_106/benchmark_results/monovar/from_true_params/no_cnv/0004/post_processed/filtered.genotypes	/raid/kang/DelSIEVE/simulation_results/IndelSIEVE_benchmark_pipeline_sa_106/benchmark_results/simulated_data/results/data_type/no_cnv/0004/true_evo_events_ternary_matrix.simple	/raid/kang/DelSIEVE/simulation_results/IndelSIEVE_benchmark_pipeline_sa_106/benchmark_results/monovar/from_true_params/no_cnv/0004/post_processed/filtered.ternary	/raid/kang/DelSIEVE/simulation_results/IndelSIEVE_benchmark_pipeline_sa_106/benchmark_results/monovar/from_true_params/no_cnv/0004/post_processed/filtered.genotype_probs	6286	1	6964	3469	0.6443874935930293	0.9998409416255766	0.783692806383244	0.0001435750179468	5589	2	8934	2189	0.7185651838518899	0.9996422822393132	0.836113396663924	0.0002238137869292	2804	338	10802	2770	0.5030498744169358	0.8924252068746021	0.643414410279945	0.0303411131059245	1118	1331	14071	194	0.8521341463414634	0.4565128623928134	0.5945227333156076	0.0864173483963121	1312	1	26	168	695	1	13850	2174	0.2422446845590798	0.9985632183908046	7.219695328857122e-05	0.3899018232819075	26	670	15964	60	0.3023255813953488	0.0373563218390804	0.0402789467356017	0.0664961636828644	0	0	15822	898	0.0	NA	0.0	NA	0	0	14835	1885	0.0	NA	0.0	NA	1478	1	168	436	0	0	16720	0	NA	NA	0.0	NA
40	20	10	0.001999	0.3	3e-05	7.5e-06	0.0	0005	monovar	NA	true_parameters	NA	no_cnv	/raid/kang/DelSIEVE/simulation_results/IndelSIEVE_benchmark_pipeline_sa_106/benchmark_results/simulated_data/results/cell_names	/raid/kang/DelSIEVE/simulation_results/IndelSIEVE_benchmark_pipeline_sa_106/benchmark_results/monovar/from_true_params/no_cnv/0005/post_processed/filtered.cell_names	/raid/kang/DelSIEVE/simulation_results/IndelSIEVE_benchmark_pipeline_sa_106/benchmark_results/simulated_data/results/data_type/no_cnv/0005/true_evo_events_sites_names	/raid/kang/DelSIEVE/simulation_results/IndelSIEVE_benchmark_pipeline_sa_106/benchmark_results/monovar/from_true_params/no_cnv/0005/post_processed/filtered.loci_info	/raid/kang/DelSIEVE/simulation_results/IndelSIEVE_benchmark_pipeline_sa_106/benchmark_results/simulated_data/results/data_type/no_cnv/0005/true_evo_events_genotypes_numeric	/raid/kang/DelSIEVE/simulation_results/IndelSIEVE_benchmark_pipeline_sa_106/benchmark_results/monovar/from_true_params/no_cnv/0005/post_processed/filtered.genotypes	/raid/kang/DelSIEVE/simulation_results/IndelSIEVE_benchmark_pipeline_sa_106/benchmark_results/simulated_data/results/data_type/no_cnv/0005/true_evo_events_ternary_matrix.simple	/raid/kang/DelSIEVE/simulation_results/IndelSIEVE_benchmark_pipeline_sa_106/benchmark_results/monovar/from_true_params/no_cnv/0005/post_processed/filtered.ternary	/raid/kang/DelSIEVE/simulation_results/IndelSIEVE_benchmark_pipeline_sa_106/benchmark_results/monovar/from_true_params/no_cnv/0005/post_processed/filtered.genotype_probs	6670	439	16424	4387	0.6032377679298182	0.9382472921648616	0.7343388748210943	0.0260333274031904	5706	1	19241	2961	0.6583592938733126	0.9998247765901525	0.7939334910254626	5.196964972456086e-05	3862	269	20109	3669	0.5128137033594476	0.934882595013314	0.6623220716858171	0.0132005103543036	470	1106	26107	226	0.6752873563218391	0.2982233502538071	0.4137323943661972	0.0406423400580604	696	1	35	158	643	759	24331	2187	0.227208480565371	0.4586305278174037	0.0302510960542048	0.303875236294896	51	1351	26484	34	0.6	0.0363766048502139	0.0485360158074366	0.0685944855413584	0	0	27469	451	0.0	NA	0.0	NA	0	0	25626	2294	0.0	NA	0.0	NA	1836	0	110	166	0	0	27920	0	NA	NA	0.0	NA
40	20	10	0.001999	0.3	3e-05	7.5e-06	0.0	0006	monovar	NA	true_parameters	NA	no_cnv	/raid/kang/DelSIEVE/simulation_results/IndelSIEVE_benchmark_pipeline_sa_106/benchmark_results/simulated_data/results/cell_names	/raid/kang/DelSIEVE/simulation_results/IndelSIEVE_benchmark_pipeline_sa_106/benchmark_results/monovar/from_true_params/no_cnv/0006/post_processed/filtered.cell_names	/raid/kang/DelSIEVE/simulation_results/IndelSIEVE_benchmark_pipeline_sa_106/benchmark_results/simulated_data/results/data_type/no_cnv/0006/true_evo_events_sites_names	/raid/kang/DelSIEVE/simulation_results/IndelSIEVE_benchmark_pipeline_sa_106/benchmark_results/monovar/from_true_params/no_cnv/0006/post_processed/filtered.loci_info	/raid/kang/DelSIEVE/simulation_results/IndelSIEVE_benchmark_pipeline_sa_106/benchmark_results/simulated_data/results/data_type/no_cnv/0006/true_evo_events_genotypes_numeric	/raid/kang/DelSIEVE/simulation_results/IndelSIEVE_benchmark_pipeline_sa_106/benchmark_results/monovar/from_true_params/no_cnv/0006/post_processed/filtered.genotypes	/raid/kang/DelSIEVE/simulation_results/IndelSIEVE_benchmark_pipeline_sa_106/benchmark_results/simulated_data/results/data_type/no_cnv/0006/true_evo_events_ternary_matrix.simple	/raid/kang/DelSIEVE/simulation_results/IndelSIEVE_benchmark_pipeline_sa_106/benchmark_results/monovar/from_true_params/no_cnv/0006/post_processed/filtered.ternary	/raid/kang/DelSIEVE/simulation_results/IndelSIEVE_benchmark_pipeline_sa_106/benchmark_results/monovar/from_true_params/no_cnv/0006/post_processed/filtered.genotype_probs	5464	0	3473	2503	0.6858290448098406	1.0	0.8136400863673591	0.0	4755	1	5093	1581	0.7504734848484849	0.9997897392767032	0.8573746844572664	0.0001963093835885	2092	292	7036	2010	0.5099951243295954	0.87751677852349	0.6450817144619181	0.0398471615720524	1040	1332	8831	227	0.8208366219415943	0.4384485666104553	0.5715856004396813	0.1310636623044376	1267	0	20	207	707	1	8841	1891	0.2721324095458045	0.998587570621469	0.0001130965844831	0.4277071990320629	109	599	10642	90	0.5477386934673367	0.153954802259887	0.0532870741037274	0.2403528114663726	0	0	10463	977	0.0	NA	0.0	NA	0	0	10018	1422	0.0	NA	0.0	NA	1097	1	84	585	0	0	11440	0	NA	NA	0.0	NA
40	20	10	0.001999	0.3	3e-05	7.5e-06	0.0	0007	monovar	NA	true_parameters	NA	no_cnv	/raid/kang/DelSIEVE/simulation_results/IndelSIEVE_benchmark_pipeline_sa_106/benchmark_results/simulated_data/results/cell_names	/raid/kang/DelSIEVE/simulation_results/IndelSIEVE_benchmark_pipeline_sa_106/benchmark_results/monovar/from_true_params/no_cnv/0007/post_processed/filtered.cell_names	/raid/kang/DelSIEVE/simulation_results/IndelSIEVE_benchmark_pipeline_sa_106/benchmark_results/simulated_data/results/data_type/no_cnv/0007/true_evo_events_sites_names	/raid/kang/DelSIEVE/simulation_results/IndelSIEVE_benchmark_pipeline_sa_106/benchmark_results/monovar/from_true_params/no_cnv/0007/post_processed/filtered.loci_info	/raid/kang/DelSIEVE/simulation_results/IndelSIEVE_benchmark_pipeline_sa_106/benchmark_results/simulated_data/results/data_type/no_cnv/0007/true_evo_events_genotypes_numeric	/raid/kang/DelSIEVE/simulation_results/IndelSIEVE_benchmark_pipeline_sa_106/benchmark_results/monovar/from_true_params/no_cnv/0007/post_processed/filtered.genotypes	/raid/kang/DelSIEVE/simulation_results/IndelSIEVE_benchmark_pipeline_sa_106/benchmark_results/simulated_data/results/data_type/no_cnv/0007/true_evo_events_ternary_matrix.simple	/raid/kang/DelSIEVE/simulation_results/IndelSIEVE_benchmark_pipeline_sa_106/benchmark_results/monovar/from_true_params/no_cnv/0007/post_processed/filtered.ternary	/raid/kang/DelSIEVE/simulation_results/IndelSIEVE_benchmark_pipeline_sa_106/benchmark_results/monovar/from_true_params/no_cnv/0007/post_processed/filtered.genotype_probs	6201	27	14788	4264	0.5925465838509317	0.9956647398843932	0.7429461450907567	0.0018224772190347	5618	29	17077	2531	0.6894097435268131	0.9948645298388524	0.8144389678167586	0.0016953115865778	3583	273	18054	3345	0.5171766743648961	0.929201244813278	0.6645029673590506	0.0148960550008184	582	1209	23258	206	0.7385786802030457	0.3249581239530988	0.4513377278014734	0.049413495728941	788	27	31	175	581	0	22531	2168	0.2113495816660603	1.0	0.0	0.3489489489489489	23	558	24687	12	0.6571428571428571	0.0395869191049913	0.0221033868092691	0.0746753246753246	0	0	24822	458	0.0	NA	0.0	NA	0	0	23024	2256	0.0	NA	0.0	NA	1818	2	69	227	0	0	25280	0	NA	NA	0.0	NA
40	20	10	0.001999	0.3	3e-05	7.5e-06	0.0	0008	monovar	NA	true_parameters	NA	no_cnv	/raid/kang/DelSIEVE/simulation_results/IndelSIEVE_benchmark_pipeline_sa_106/benchmark_results/simulated_data/results/cell_names	/raid/kang/DelSIEVE/simulation_results/IndelSIEVE_benchmark_pipeline_sa_106/benchmark_results/monovar/from_true_params/no_cnv/0008/post_processed/filtered.cell_names	/raid/kang/DelSIEVE/simulation_results/IndelSIEVE_benchmark_pipeline_sa_106/benchmark_results/simulated_data/results/data_type/no_cnv/0008/true_evo_events_sites_names	/raid/kang/DelSIEVE/simulation_results/IndelSIEVE_benchmark_pipeline_sa_106/benchmark_results/monovar/from_true_params/no_cnv/0008/post_processed/filtered.loci_info	/raid/kang/DelSIEVE/simulation_results/IndelSIEVE_benchmark_pipeline_sa_106/benchmark_results/simulated_data/results/data_type/no_cnv/0008/true_evo_events_genotypes_numeric	/raid/kang/DelSIEVE/simulation_results/IndelSIEVE_benchmark_pipeline_sa_106/benchmark_results/monovar/from_true_params/no_cnv/0008/post_processed/filtered.genotypes	/raid/kang/DelSIEVE/simulation_results/IndelSIEVE_benchmark_pipeline_sa_106/benchmark_results/simulated_data/results/data_type/no_cnv/0008/true_evo_events_ternary_matrix.simple	/raid/kang/DelSIEVE/simulation_results/IndelSIEVE_benchmark_pipeline_sa_106/benchmark_results/monovar/from_true_params/no_cnv/0008/post_processed/filtered.ternary	/raid/kang/DelSIEVE/simulation_results/IndelSIEVE_benchmark_pipeline_sa_106/benchmark_results/monovar/from_true_params/no_cnv/0008/post_processed/filtered.genotype_probs	6110	25	17969	4536	0.5739244786774376	0.9959250203748982	0.7282045170132888	0.0013893520062242	5495	5	20300	2813	0.6614106884930188	0.9990909090909093	0.7959154113557358	0.0002462447672986	3664	300	21119	3530	0.5093133166527662	0.924318869828456	0.6567485212403658	0.014006256127737	551	985	26885	192	0.7415881561238223	0.3587239583333333	0.4835454146555506	0.0353426623609616	743	5	25	164	602	33	25898	2107	0.2222222222222222	0.948031496062992	0.0012726080752766	0.3600478468899521	34	601	27996	9	0.7906976744186046	0.0535433070866141	0.021016190509494	0.1002949852507374	0	0	28242	398	0.0	NA	0.0	NA	0	0	26372	2268	0.0	NA	0.0	NA	1789	0	131	136	0	0	28640	0	NA	NA	0.0	NA
40	20	10	0.001999	0.3	3e-05	7.5e-06	0.0	0009	monovar	NA	true_parameters	NA	no_cnv	/raid/kang/DelSIEVE/simulation_results/IndelSIEVE_benchmark_pipeline_sa_106/benchmark_results/simulated_data/results/cell_names	/raid/kang/DelSIEVE/simulation_results/IndelSIEVE_benchmark_pipeline_sa_106/benchmark_results/monovar/from_true_params/no_cnv/0009/post_processed/filtered.cell_names	/raid/kang/DelSIEVE/simulation_results/IndelSIEVE_benchmark_pipeline_sa_106/benchmark_results/simulated_data/results/data_type/no_cnv/0009/true_evo_events_sites_names	/raid/kang/DelSIEVE/simulation_results/IndelSIEVE_benchmark_pipeline_sa_106/benchmark_results/monovar/from_true_params/no_cnv/0009/post_processed/filtered.loci_info	/raid/kang/DelSIEVE/simulation_results/IndelSIEVE_benchmark_pipeline_sa_106/benchmark_results/simulated_data/results/data_type/no_cnv/0009/true_evo_events_genotypes_numeric	/raid/kang/DelSIEVE/simulation_results/IndelSIEVE_benchmark_pipeline_sa_106/benchmark_results/monovar/from_true_params/no_cnv/0009/post_processed/filtered.genotypes	/raid/kang/DelSIEVE/simulation_results/IndelSIEVE_benchmark_pipeline_sa_106/benchmark_results/simulated_data/results/data_type/no_cnv/0009/true_evo_events_ternary_matrix.simple	/raid/kang/DelSIEVE/simulation_results/IndelSIEVE_benchmark_pipeline_sa_106/benchmark_results/monovar/from_true_params/no_cnv/0009/post_processed/filtered.ternary	/raid/kang/DelSIEVE/simulation_results/IndelSIEVE_benchmark_pipeline_sa_106/benchmark_results/monovar/from_true_params/no_cnv/0009/post_processed/filtered.genotype_probs	7351	3	17006	5200	0.5856903832363956	0.999592058743541	0.7386083898517961	0.0001763772120642	6734	2	19837	2965	0.6942983812764203	0.9997030878859856	0.819470641922726	0.0001008115328393	4245	299	21184	3810	0.527001862197393	0.934198943661972	0.673863005000397	0.0139179816599171	772	1420	27138	208	0.7877551020408163	0.3521897810218978	0.4867591424968474	0.0497233699838924	980	2	27	181	617	1	26043	2899	0.1754835039817975	0.9983818770226536	3.839655966825373e-05	0.2985002418964683	27	591	28774	168	0.1384615384615384	0.0436893203883495	0.0201260003405414	0.066420664206642	0	0	28874	686	0.0	NA	0.0	NA	0	0	26925	2635	0.0	NA	0.0	NA	2228	0	116	341	0	0	29560	0	NA	NA	0.0	NA
40	20	10	0.001999	0.3	3e-05	7.5e-06	0.0	0010	monovar	NA	true_parameters	NA	no_cnv	/raid/kang/DelSIEVE/simulation_results/IndelSIEVE_benchmark_pipeline_sa_106/benchmark_results/simulated_data/results/cell_names	/raid/kang/DelSIEVE/simulation_results/IndelSIEVE_benchmark_pipeline_sa_106/benchmark_results/monovar/from_true_params/no_cnv/0010/post_processed/filtered.cell_names	/raid/kang/DelSIEVE/simulation_results/IndelSIEVE_benchmark_pipeline_sa_106/benchmark_results/simulated_data/results/data_type/no_cnv/0010/true_evo_events_sites_names	/raid/kang/DelSIEVE/simulation_results/IndelSIEVE_benchmark_pipeline_sa_106/benchmark_results/monovar/from_true_params/no_cnv/0010/post_processed/filtered.loci_info	/raid/kang/DelSIEVE/simulation_results/IndelSIEVE_benchmark_pipeline_sa_106/benchmark_results/simulated_data/results/data_type/no_cnv/0010/true_evo_events_genotypes_numeric	/raid/kang/DelSIEVE/simulation_results/IndelSIEVE_benchmark_pipeline_sa_106/benchmark_results/monovar/from_true_params/no_cnv/0010/post_processed/filtered.genotypes	/raid/kang/DelSIEVE/simulation_results/IndelSIEVE_benchmark_pipeline_sa_106/benchmark_results/simulated_data/results/data_type/no_cnv/0010/true_evo_events_ternary_matrix.simple	/raid/kang/DelSIEVE/simulation_results/IndelSIEVE_benchmark_pipeline_sa_106/benchmark_results/monovar/from_true_params/no_cnv/0010/post_processed/filtered.ternary	/raid/kang/DelSIEVE/simulation_results/IndelSIEVE_benchmark_pipeline_sa_106/benchmark_results/monovar/from_true_params/no_cnv/0010/post_processed/filtered.genotype_probs	6273	1	8586	3980	0.6118209304593777	0.9998406120497292	0.7591214376474859	0.0001164551065564	5693	1	10863	2260	0.7158305042122469	0.9998243765367052	0.8343225617351798	9.204712812960235e-05	2964	315	12552	2986	0.4981512605042016	0.9039341262580056	0.6423231119297865	0.0244812310561902	1026	1389	16160	242	0.8091482649842271	0.4248447204968944	0.557154493619332	0.0791498091059319	1268	1	42	200	580	0	15805	2455	0.1911037891268533	1.0	0.0	0.3208852005532503	87	493	18175	85	0.5058139534883721	0.15	0.0264088279408613	0.2313829787234042	0	0	18082	758	0.0	NA	0.0	NA	0	0	16735	2105	0.0	NA	0.0	NA	1815	0	114	405	0	0	18840	0	NA	NA	0.0	NA
40	20	10	0.001999	0.3	3e-05	7.5e-06	0.0	0001	sciphi	candidate_snvs	NA	NA	no_cnv	/raid/kang/DelSIEVE/simulation_results/IndelSIEVE_benchmark_pipeline_sa_106/benchmark_results/simulated_data/results/cell_names	/raid/kang/DelSIEVE/simulation_results/IndelSIEVE_benchmark_pipeline_sa_106/benchmark_results/sciphi/no_cnv/0001/post_processed/sciphi.cell_names	/raid/kang/DelSIEVE/simulation_results/IndelSIEVE_benchmark_pipeline_sa_106/benchmark_results/simulated_data/results/data_type/no_cnv/0001/true_evo_events_sites_names	/raid/kang/DelSIEVE/simulation_results/IndelSIEVE_benchmark_pipeline_sa_106/benchmark_results/sciphi/no_cnv/0001/post_processed/sciphi.loci_info	/raid/kang/DelSIEVE/simulation_results/IndelSIEVE_benchmark_pipeline_sa_106/benchmark_results/simulated_data/results/data_type/no_cnv/0001/true_evo_events_genotypes_numeric	/raid/kang/DelSIEVE/simulation_results/IndelSIEVE_benchmark_pipeline_sa_106/benchmark_results/sciphi/no_cnv/0001/post_processed/sciphi.genotypes	/raid/kang/DelSIEVE/simulation_results/IndelSIEVE_benchmark_pipeline_sa_106/benchmark_results/simulated_data/results/data_type/no_cnv/0001/true_evo_events_ternary_matrix.simple	/raid/kang/DelSIEVE/simulation_results/IndelSIEVE_benchmark_pipeline_sa_106/benchmark_results/sciphi/no_cnv/0001/post_processed/sciphi.ternary	/raid/kang/DelSIEVE/simulation_results/IndelSIEVE_benchmark_pipeline_sa_106/benchmark_results/sciphi/no_cnv/0001/post_processed/sciphi.genotype_probs	6387	746	8113	2154	0.7478047067088163	0.8954156736296088	0.8149802220237335	0.0842081499040523	6172	961	9771	473	0.9288186606471032	0.8652740782279545	0.8959210335317171	0.0895452851285874	4985	2148	9795	449	0.917372101582628	0.6988644329174261	0.7933476565608341	0.1798543079628234	0	0	16675	702	0.0	NA	NA	0.0	702	746	8	694	0	0	13081	1719	0.0	NA	0.0	NA	0	0	14734	66	0.0	NA	0.0	NA	0	0	14291	509	0.0	NA	0.0	NA	0	0	13656	1144	0.0	NA	0.0	NA	938	206	493	0	0	0	14800	0	NA	NA	0.0	NA
40	20	10	0.001999	0.3	3e-05	7.5e-06	0.0	0002	sciphi	candidate_snvs	NA	NA	no_cnv	/raid/kang/DelSIEVE/simulation_results/IndelSIEVE_benchmark_pipeline_sa_106/benchmark_results/simulated_data/results/cell_names	/raid/kang/DelSIEVE/simulation_results/IndelSIEVE_benchmark_pipeline_sa_106/benchmark_results/sciphi/no_cnv/0002/post_processed/sciphi.cell_names	/raid/kang/DelSIEVE/simulation_results/IndelSIEVE_benchmark_pipeline_sa_106/benchmark_results/simulated_data/results/data_type/no_cnv/0002/true_evo_events_sites_names	/raid/kang/DelSIEVE/simulation_results/IndelSIEVE_benchmark_pipeline_sa_106/benchmark_results/sciphi/no_cnv/0002/post_processed/sciphi.loci_info	/raid/kang/DelSIEVE/simulation_results/IndelSIEVE_benchmark_pipeline_sa_106/benchmark_results/simulated_data/results/data_type/no_cnv/0002/true_evo_events_genotypes_numeric	/raid/kang/DelSIEVE/simulation_results/IndelSIEVE_benchmark_pipeline_sa_106/benchmark_results/sciphi/no_cnv/0002/post_processed/sciphi.genotypes	/raid/kang/DelSIEVE/simulation_results/IndelSIEVE_benchmark_pipeline_sa_106/benchmark_results/simulated_data/results/data_type/no_cnv/0002/true_evo_events_ternary_matrix.simple	/raid/kang/DelSIEVE/simulation_results/IndelSIEVE_benchmark_pipeline_sa_106/benchmark_results/sciphi/no_cnv/0002/post_processed/sciphi.ternary	/raid/kang/DelSIEVE/simulation_results/IndelSIEVE_benchmark_pipeline_sa_106/benchmark_results/sciphi/no_cnv/0002/post_processed/sciphi.genotype_probs	12476	1888	12226	3050	0.8035553265490145	0.8685602896129212	0.8347942455670793	0.1337678900382599	12125	2239	14736	518	0.9590287115399826	0.8441241993873573	0.8979153552782612	0.1318998527245949	9325	5039	14759	495	0.94959266802444	0.649192425508215	0.7711710221634138	0.2545206586523891	0	0	27850	1768	0.0	NA	NA	0.0	1768	1888	5	1763	0	0	22380	2620	0.0	NA	0.0	NA	0	0	24975	25	0.0	NA	0.0	NA	0	0	23945	1055	0.0	NA	0.0	NA	0	0	23460	1540	0.0	NA	0.0	NA	1193	347	1037	0	0	0	25000	0	NA	NA	0.0	NA
40	20	10	0.001999	0.3	3e-05	7.5e-06	0.0	0003	sciphi	candidate_snvs	NA	NA	no_cnv	/raid/kang/DelSIEVE/simulation_results/IndelSIEVE_benchmark_pipeline_sa_106/benchmark_results/simulated_data/results/cell_names	/raid/kang/DelSIEVE/simulation_results/IndelSIEVE_benchmark_pipeline_sa_106/benchmark_results/sciphi/no_cnv/0003/post_processed/sciphi.cell_names	/raid/kang/DelSIEVE/simulation_results/IndelSIEVE_benchmark_pipeline_sa_106/benchmark_results/simulated_data/results/data_type/no_cnv/0003/true_evo_events_sites_names	/raid/kang/DelSIEVE/simulation_results/IndelSIEVE_benchmark_pipeline_sa_106/benchmark_results/sciphi/no_cnv/0003/post_processed/sciphi.loci_info	/raid/kang/DelSIEVE/simulation_results/IndelSIEVE_benchmark_pipeline_sa_106/benchmark_results/simulated_data/results/data_type/no_cnv/0003/true_evo_events_genotypes_numeric	/raid/kang/DelSIEVE/simulation_results/IndelSIEVE_benchmark_pipeline_sa_106/benchmark_results/sciphi/no_cnv/0003/post_processed/sciphi.genotypes	/raid/kang/DelSIEVE/simulation_results/IndelSIEVE_benchmark_pipeline_sa_106/benchmark_results/simulated_data/results/data_type/no_cnv/0003/true_evo_events_ternary_matrix.simple	/raid/kang/DelSIEVE/simulation_results/IndelSIEVE_benchmark_pipeline_sa_106/benchmark_results/sciphi/no_cnv/0003/post_processed/sciphi.ternary	/raid/kang/DelSIEVE/simulation_results/IndelSIEVE_benchmark_pipeline_sa_106/benchmark_results/sciphi/no_cnv/0003/post_processed/sciphi.genotype_probs	7746	1142	5191	1921	0.801282714389159	0.8715121512151215	0.834923201293452	0.1803252802779093	7435	1453	6811	298	0.9614638562006984	0.8365211521152115	0.8946513446844352	0.1758228460793804	5472	3416	6836	273	0.9524804177545692	0.6156615661566157	0.7478985853891889	0.333203277409286	0	0	14745	1252	0.0	NA	NA	0.0	1252	1142	4	1248	0	0	12132	2148	0.0	NA	0.0	NA	0	0	14156	124	0.0	NA	0.0	NA	0	0	13544	736	0.0	NA	0.0	NA	0	0	12992	1288	0.0	NA	0.0	NA	1012	276	715	0	0	0	14280	0	NA	NA	0.0	NA
40	20	10	0.001999	0.3	3e-05	7.5e-06	0.0	0004	sciphi	candidate_snvs	NA	NA	no_cnv	/raid/kang/DelSIEVE/simulation_results/IndelSIEVE_benchmark_pipeline_sa_106/benchmark_results/simulated_data/results/cell_names	/raid/kang/DelSIEVE/simulation_results/IndelSIEVE_benchmark_pipeline_sa_106/benchmark_results/sciphi/no_cnv/0004/post_processed/sciphi.cell_names	/raid/kang/DelSIEVE/simulation_results/IndelSIEVE_benchmark_pipeline_sa_106/benchmark_results/simulated_data/results/data_type/no_cnv/0004/true_evo_events_sites_names	/raid/kang/DelSIEVE/simulation_results/IndelSIEVE_benchmark_pipeline_sa_106/benchmark_results/sciphi/no_cnv/0004/post_processed/sciphi.loci_info	/raid/kang/DelSIEVE/simulation_results/IndelSIEVE_benchmark_pipeline_sa_106/benchmark_results/simulated_data/results/data_type/no_cnv/0004/true_evo_events_genotypes_numeric	/raid/kang/DelSIEVE/simulation_results/IndelSIEVE_benchmark_pipeline_sa_106/benchmark_results/sciphi/no_cnv/0004/post_processed/sciphi.genotypes	/raid/kang/DelSIEVE/simulation_results/IndelSIEVE_benchmark_pipeline_sa_106/benchmark_results/simulated_data/results/data_type/no_cnv/0004/true_evo_events_ternary_matrix.simple	/raid/kang/DelSIEVE/simulation_results/IndelSIEVE_benchmark_pipeline_sa_106/benchmark_results/sciphi/no_cnv/0004/post_processed/sciphi.ternary	/raid/kang/DelSIEVE/simulation_results/IndelSIEVE_benchmark_pipeline_sa_106/benchmark_results/sciphi/no_cnv/0004/post_processed/sciphi.genotype_probs	7613	644	6321	2142	0.7804202972834444	0.9220055710306406	0.8453253386631135	0.0924623115577889	7396	861	8075	382	0.9508871175109282	0.8957248395300956	0.922482070470845	0.0963518352730528	5225	3032	8108	349	0.9373878722640832	0.6327964151628921	0.7555491287687081	0.2721723518850987	0	0	15402	1312	0.0	NA	NA	0.0	1312	644	5	1307	0	0	12283	2317	0.0	NA	0.0	NA	0	0	14569	31	0.0	NA	0.0	NA	0	0	13708	892	0.0	NA	0.0	NA	0	0	13206	1394	0.0	NA	0.0	NA	1187	207	864	0	0	0	14600	0	NA	NA	0.0	NA
40	20	10	0.001999	0.3	3e-05	7.5e-06	0.0	0005	sciphi	candidate_snvs	NA	NA	no_cnv	/raid/kang/DelSIEVE/simulation_results/IndelSIEVE_benchmark_pipeline_sa_106/benchmark_results/simulated_data/results/cell_names	/raid/kang/DelSIEVE/simulation_results/IndelSIEVE_benchmark_pipeline_sa_106/benchmark_results/sciphi/no_cnv/0005/post_processed/sciphi.cell_names	/raid/kang/DelSIEVE/simulation_results/IndelSIEVE_benchmark_pipeline_sa_106/benchmark_results/simulated_data/results/data_type/no_cnv/0005/true_evo_events_sites_names	/raid/kang/DelSIEVE/simulation_results/IndelSIEVE_benchmark_pipeline_sa_106/benchmark_results/sciphi/no_cnv/0005/post_processed/sciphi.loci_info	/raid/kang/DelSIEVE/simulation_results/IndelSIEVE_benchmark_pipeline_sa_106/benchmark_results/simulated_data/results/data_type/no_cnv/0005/true_evo_events_genotypes_numeric	/raid/kang/DelSIEVE/simulation_results/IndelSIEVE_benchmark_pipeline_sa_106/benchmark_results/sciphi/no_cnv/0005/post_processed/sciphi.genotypes	/raid/kang/DelSIEVE/simulation_results/IndelSIEVE_benchmark_pipeline_sa_106/benchmark_results/simulated_data/results/data_type/no_cnv/0005/true_evo_events_ternary_matrix.simple	/raid/kang/DelSIEVE/simulation_results/IndelSIEVE_benchmark_pipeline_sa_106/benchmark_results/sciphi/no_cnv/0005/post_processed/sciphi.ternary	/raid/kang/DelSIEVE/simulation_results/IndelSIEVE_benchmark_pipeline_sa_106/benchmark_results/sciphi/no_cnv/0005/post_processed/sciphi.genotype_probs	7802	843	16020	3255	0.7056163516324501	0.902486986697513	0.7920008121002944	0.0499911047856253	7584	1061	18181	1083	0.8750432675666321	0.87727009832273	0.8761552680221812	0.055139798357759	6522	2123	18255	1009	0.8660204488115788	0.7544245228455755	0.806379821958457	0.1041809794876827	0	0	27213	696	0.0	NA	NA	0.0	696	843	24	672	0	0	20332	1828	0.0	NA	0.0	NA	0	0	22109	51	0.0	NA	0.0	NA	0	0	21720	440	0.0	NA	0.0	NA	0	0	20823	1337	0.0	NA	0.0	NA	1121	216	390	0	0	0	22160	0	NA	NA	0.0	NA
40	20	10	0.001999	0.3	3e-05	7.5e-06	0.0	0006	sciphi	candidate_snvs	NA	NA	no_cnv	/raid/kang/DelSIEVE/simulation_results/IndelSIEVE_benchmark_pipeline_sa_106/benchmark_results/simulated_data/results/cell_names	/raid/kang/DelSIEVE/simulation_results/IndelSIEVE_benchmark_pipeline_sa_106/benchmark_results/sciphi/no_cnv/0006/post_processed/sciphi.cell_names	/raid/kang/DelSIEVE/simulation_results/IndelSIEVE_benchmark_pipeline_sa_106/benchmark_results/simulated_data/results/data_type/no_cnv/0006/true_evo_events_sites_names	/raid/kang/DelSIEVE/simulation_results/IndelSIEVE_benchmark_pipeline_sa_106/benchmark_results/sciphi/no_cnv/0006/post_processed/sciphi.loci_info	/raid/kang/DelSIEVE/simulation_results/IndelSIEVE_benchmark_pipeline_sa_106/benchmark_results/simulated_data/results/data_type/no_cnv/0006/true_evo_events_genotypes_numeric	/raid/kang/DelSIEVE/simulation_results/IndelSIEVE_benchmark_pipeline_sa_106/benchmark_results/sciphi/no_cnv/0006/post_processed/sciphi.genotypes	/raid/kang/DelSIEVE/simulation_results/IndelSIEVE_benchmark_pipeline_sa_106/benchmark_results/simulated_data/results/data_type/no_cnv/0006/true_evo_events_ternary_matrix.simple	/raid/kang/DelSIEVE/simulation_results/IndelSIEVE_benchmark_pipeline_sa_106/benchmark_results/sciphi/no_cnv/0006/post_processed/sciphi.ternary	/raid/kang/DelSIEVE/simulation_results/IndelSIEVE_benchmark_pipeline_sa_106/benchmark_results/sciphi/no_cnv/0006/post_processed/sciphi.genotype_probs	6376	403	3070	1591	0.8003012426258316	0.9405517037911196	0.8647768886477688	0.116038007486323	6141	638	4456	195	0.9692234848484848	0.9058858238678272	0.936484940907358	0.1252453867294856	3941	2838	4490	161	0.9607508532423208	0.5813541820327482	0.7243819501884019	0.3872816593886463	0	0	10163	1267	0.0	NA	NA	0.0	1267	403	1	1266	0	0	8030	2170	0.0	NA	0.0	NA	0	0	10085	115	0.0	NA	0.0	NA	0	0	9233	967	0.0	NA	0.0	NA	0	0	9112	1088	0.0	NA	0.0	NA	864	224	934	0	0	0	10200	0	NA	NA	0.0	NA
40	20	10	0.001999	0.3	3e-05	7.5e-06	0.0	0007	sciphi	candidate_snvs	NA	NA	no_cnv	/raid/kang/DelSIEVE/simulation_results/IndelSIEVE_benchmark_pipeline_sa_106/benchmark_results/simulated_data/results/cell_names	/raid/kang/DelSIEVE/simulation_results/IndelSIEVE_benchmark_pipeline_sa_106/benchmark_results/sciphi/no_cnv/0007/post_processed/sciphi.cell_names	/raid/kang/DelSIEVE/simulation_results/IndelSIEVE_benchmark_pipeline_sa_106/benchmark_results/simulated_data/results/data_type/no_cnv/0007/true_evo_events_sites_names	/raid/kang/DelSIEVE/simulation_results/IndelSIEVE_benchmark_pipeline_sa_106/benchmark_results/sciphi/no_cnv/0007/post_processed/sciphi.loci_info	/raid/kang/DelSIEVE/simulation_results/IndelSIEVE_benchmark_pipeline_sa_106/benchmark_results/simulated_data/results/data_type/no_cnv/0007/true_evo_events_genotypes_numeric	/raid/kang/DelSIEVE/simulation_results/IndelSIEVE_benchmark_pipeline_sa_106/benchmark_results/sciphi/no_cnv/0007/post_processed/sciphi.genotypes	/raid/kang/DelSIEVE/simulation_results/IndelSIEVE_benchmark_pipeline_sa_106/benchmark_results/simulated_data/results/data_type/no_cnv/0007/true_evo_events_ternary_matrix.simple	/raid/kang/DelSIEVE/simulation_results/IndelSIEVE_benchmark_pipeline_sa_106/benchmark_results/sciphi/no_cnv/0007/post_processed/sciphi.ternary	/raid/kang/DelSIEVE/simulation_results/IndelSIEVE_benchmark_pipeline_sa_106/benchmark_results/sciphi/no_cnv/0007/post_processed/sciphi.genotype_probs	7565	958	13857	2900	0.7228858098423315	0.8875982635222339	0.7968190436064883	0.0646641916976037	7325	1198	15908	820	0.8993247391037447	0.8594391646133991	0.8789296856251501	0.0700339062317315	6143	2380	15943	785	0.8866916859122402	0.720755602487387	0.7951588893922722	0.1298913933307864	0	0	24463	788	0.0	NA	NA	0.0	788	958	11	777	0	0	17984	1816	0.0	NA	0.0	NA	0	0	19777	23	0.0	NA	0.0	NA	0	0	19371	429	0.0	NA	0.0	NA	0	0	18436	1364	0.0	NA	0.0	NA	1127	237	405	0	0	0	19800	0	NA	NA	0.0	NA
40	20	10	0.001999	0.3	3e-05	7.5e-06	0.0	0008	sciphi	candidate_snvs	NA	NA	no_cnv	/raid/kang/DelSIEVE/simulation_results/IndelSIEVE_benchmark_pipeline_sa_106/benchmark_results/simulated_data/results/cell_names	/raid/kang/DelSIEVE/simulation_results/IndelSIEVE_benchmark_pipeline_sa_106/benchmark_results/sciphi/no_cnv/0008/post_processed/sciphi.cell_names	/raid/kang/DelSIEVE/simulation_results/IndelSIEVE_benchmark_pipeline_sa_106/benchmark_results/simulated_data/results/data_type/no_cnv/0008/true_evo_events_sites_names	/raid/kang/DelSIEVE/simulation_results/IndelSIEVE_benchmark_pipeline_sa_106/benchmark_results/sciphi/no_cnv/0008/post_processed/sciphi.loci_info	/raid/kang/DelSIEVE/simulation_results/IndelSIEVE_benchmark_pipeline_sa_106/benchmark_results/simulated_data/results/data_type/no_cnv/0008/true_evo_events_genotypes_numeric	/raid/kang/DelSIEVE/simulation_results/IndelSIEVE_benchmark_pipeline_sa_106/benchmark_results/sciphi/no_cnv/0008/post_processed/sciphi.genotypes	/raid/kang/DelSIEVE/simulation_results/IndelSIEVE_benchmark_pipeline_sa_106/benchmark_results/simulated_data/results/data_type/no_cnv/0008/true_evo_events_ternary_matrix.simple	/raid/kang/DelSIEVE/simulation_results/IndelSIEVE_benchmark_pipeline_sa_106/benchmark_results/sciphi/no_cnv/0008/post_processed/sciphi.ternary	/raid/kang/DelSIEVE/simulation_results/IndelSIEVE_benchmark_pipeline_sa_106/benchmark_results/sciphi/no_cnv/0008/post_processed/sciphi.genotype_probs	7694	1831	16163	2952	0.7227127559646815	0.8077690288713911	0.7628773982450052	0.1017561409358675	7463	2062	18243	845	0.8982908040442946	0.783517060367454	0.8369876072449952	0.1015513420339817	6381	3144	18275	813	0.8869891576313594	0.6699212598425197	0.7633231652610802	0.1467855642186843	0	0	27870	743	0.0	NA	NA	0.0	743	1831	4	739	0	0	21487	1913	0.0	NA	0.0	NA	0	0	23366	34	0.0	NA	0.0	NA	0	0	23029	371	0.0	NA	0.0	NA	0	0	21892	1508	0.0	NA	0.0	NA	1280	228	343	0	0	0	23400	0	NA	NA	0.0	NA
40	20	10	0.001999	0.3	3e-05	7.5e-06	0.0	0009	sciphi	candidate_snvs	NA	NA	no_cnv	/raid/kang/DelSIEVE/simulation_results/IndelSIEVE_benchmark_pipeline_sa_106/benchmark_results/simulated_data/results/cell_names	/raid/kang/DelSIEVE/simulation_results/IndelSIEVE_benchmark_pipeline_sa_106/benchmark_results/sciphi/no_cnv/0009/post_processed/sciphi.cell_names	/raid/kang/DelSIEVE/simulation_results/IndelSIEVE_benchmark_pipeline_sa_106/benchmark_results/simulated_data/results/data_type/no_cnv/0009/true_evo_events_sites_names	/raid/kang/DelSIEVE/simulation_results/IndelSIEVE_benchmark_pipeline_sa_106/benchmark_results/sciphi/no_cnv/0009/post_processed/sciphi.loci_info	/raid/kang/DelSIEVE/simulation_results/IndelSIEVE_benchmark_pipeline_sa_106/benchmark_results/simulated_data/results/data_type/no_cnv/0009/true_evo_events_genotypes_numeric	/raid/kang/DelSIEVE/simulation_results/IndelSIEVE_benchmark_pipeline_sa_106/benchmark_results/sciphi/no_cnv/0009/post_processed/sciphi.genotypes	/raid/kang/DelSIEVE/simulation_results/IndelSIEVE_benchmark_pipeline_sa_106/benchmark_results/simulated_data/results/data_type/no_cnv/0009/true_evo_events_ternary_matrix.simple	/raid/kang/DelSIEVE/simulation_results/IndelSIEVE_benchmark_pipeline_sa_106/benchmark_results/sciphi/no_cnv/0009/post_processed/sciphi.ternary	/raid/kang/DelSIEVE/simulation_results/IndelSIEVE_benchmark_pipeline_sa_106/benchmark_results/sciphi/no_cnv/0009/post_processed/sciphi.genotype_probs	9128	1128	15881	3423	0.7272727272727273	0.890015600624025	0.8004560003507695	0.0663178317361396	8889	1367	18472	810	0.9164862356944016	0.8667121684867395	0.8909045352042094	0.0689046826957004	7287	2969	18514	768	0.9046554934823092	0.7105109204368175	0.7959150237562121	0.138202299492622	0	0	28558	980	0.0	NA	NA	0.0	980	1128	13	967	0	0	20679	2041	0.0	NA	0.0	NA	0	0	22693	27	0.0	NA	0.0	NA	0	0	22056	664	0.0	NA	0.0	NA	0	0	21370	1350	0.0	NA	0.0	NA	1115	235	635	0	0	0	22720	0	NA	NA	0.0	NA
40	20	10	0.001999	0.3	3e-05	7.5e-06	0.0	0010	sciphi	candidate_snvs	NA	NA	no_cnv	/raid/kang/DelSIEVE/simulation_results/IndelSIEVE_benchmark_pipeline_sa_106/benchmark_results/simulated_data/results/cell_names	/raid/kang/DelSIEVE/simulation_results/IndelSIEVE_benchmark_pipeline_sa_106/benchmark_results/sciphi/no_cnv/0010/post_processed/sciphi.cell_names	/raid/kang/DelSIEVE/simulation_results/IndelSIEVE_benchmark_pipeline_sa_106/benchmark_results/simulated_data/results/data_type/no_cnv/0010/true_evo_events_sites_names	/raid/kang/DelSIEVE/simulation_results/IndelSIEVE_benchmark_pipeline_sa_106/benchmark_results/sciphi/no_cnv/0010/post_processed/sciphi.loci_info	/raid/kang/DelSIEVE/simulation_results/IndelSIEVE_benchmark_pipeline_sa_106/benchmark_results/simulated_data/results/data_type/no_cnv/0010/true_evo_events_genotypes_numeric	/raid/kang/DelSIEVE/simulation_results/IndelSIEVE_benchmark_pipeline_sa_106/benchmark_results/sciphi/no_cnv/0010/post_processed/sciphi.genotypes	/raid/kang/DelSIEVE/simulation_results/IndelSIEVE_benchmark_pipeline_sa_106/benchmark_results/simulated_data/results/data_type/no_cnv/0010/true_evo_events_ternary_matrix.simple	/raid/kang/DelSIEVE/simulation_results/IndelSIEVE_benchmark_pipeline_sa_106/benchmark_results/sciphi/no_cnv/0010/post_processed/sciphi.ternary	/raid/kang/DelSIEVE/simulation_results/IndelSIEVE_benchmark_pipeline_sa_106/benchmark_results/sciphi/no_cnv/0010/post_processed/sciphi.genotype_probs	7523	379	8208	2730	0.7337364673754023	0.952037458871172	0.8287524098044615	0.0441364853848841	7391	511	10353	564	0.9291011942174732	0.9353328271323716	0.932206596455824	0.0470360824742268	5436	2466	10403	514	0.9136134453781511	0.6879271070615034	0.7848686110308981	0.1916232807521952	0	0	17551	1268	0.0	NA	NA	0.0	1268	379	22	1246	0	0	13343	1857	0.0	NA	0.0	NA	0	0	15113	87	0.0	NA	0.0	NA	0	0	14463	737	0.0	NA	0.0	NA	0	0	14167	1033	0.0	NA	0.0	NA	906	127	709	0	0	0	15200	0	NA	NA	0.0	NA
40	20	10	0.001999	0.3	3e-05	7.5e-06	0.0	0001	sciphin	candidate_snvs	NA	NA	no_cnv	/raid/kang/DelSIEVE/simulation_results/IndelSIEVE_benchmark_pipeline_sa_106/benchmark_results/simulated_data/results/cell_names	/raid/kang/DelSIEVE/simulation_results/IndelSIEVE_benchmark_pipeline_sa_106/benchmark_results/sciphin/no_cnv/0001/post_processed/sciphin.cell_names	/raid/kang/DelSIEVE/simulation_results/IndelSIEVE_benchmark_pipeline_sa_106/benchmark_results/simulated_data/results/data_type/no_cnv/0001/true_evo_events_sites_names	/raid/kang/DelSIEVE/simulation_results/IndelSIEVE_benchmark_pipeline_sa_106/benchmark_results/sciphin/no_cnv/0001/post_processed/sciphin.loci_info	/raid/kang/DelSIEVE/simulation_results/IndelSIEVE_benchmark_pipeline_sa_106/benchmark_results/simulated_data/results/data_type/no_cnv/0001/true_evo_events_genotypes_numeric	/raid/kang/DelSIEVE/simulation_results/IndelSIEVE_benchmark_pipeline_sa_106/benchmark_results/sciphin/no_cnv/0001/post_processed/sciphin.genotypes	/raid/kang/DelSIEVE/simulation_results/IndelSIEVE_benchmark_pipeline_sa_106/benchmark_results/simulated_data/results/data_type/no_cnv/0001/true_evo_events_ternary_matrix.simple	/raid/kang/DelSIEVE/simulation_results/IndelSIEVE_benchmark_pipeline_sa_106/benchmark_results/sciphin/no_cnv/0001/post_processed/sciphin.ternary	/raid/kang/DelSIEVE/simulation_results/IndelSIEVE_benchmark_pipeline_sa_106/benchmark_results/sciphin/no_cnv/0001/post_processed/sciphin.genotype_probs	6254	175	8684	2287	0.7322327596300199	0.972779592471613	0.8355377421509687	0.0197539225646235	6188	241	10491	457	0.9312264860797592	0.9625136102037642	0.9466115955331192	0.0224562057398434	5002	1427	10516	432	0.9205005520794994	0.7780370197542386	0.8432942763213351	0.1194842166959725	0	0	16675	702	0.0	NA	NA	0.0	702	175	8	694	0	0	13081	1719	0.0	NA	0.0	NA	0	0	14734	66	0.0	NA	0.0	NA	0	0	14291	509	0.0	NA	0.0	NA	0	0	13656	1144	0.0	NA	0.0	NA	1080	64	492	0	0	0	14800	0	NA	NA	0.0	NA
40	20	10	0.001999	0.3	3e-05	7.5e-06	0.0	0002	sciphin	candidate_snvs	NA	NA	no_cnv	/raid/kang/DelSIEVE/simulation_results/IndelSIEVE_benchmark_pipeline_sa_106/benchmark_results/simulated_data/results/cell_names	/raid/kang/DelSIEVE/simulation_results/IndelSIEVE_benchmark_pipeline_sa_106/benchmark_results/sciphin/no_cnv/0002/post_processed/sciphin.cell_names	/raid/kang/DelSIEVE/simulation_results/IndelSIEVE_benchmark_pipeline_sa_106/benchmark_results/simulated_data/results/data_type/no_cnv/0002/true_evo_events_sites_names	/raid/kang/DelSIEVE/simulation_results/IndelSIEVE_benchmark_pipeline_sa_106/benchmark_results/sciphin/no_cnv/0002/post_processed/sciphin.loci_info	/raid/kang/DelSIEVE/simulation_results/IndelSIEVE_benchmark_pipeline_sa_106/benchmark_results/simulated_data/results/data_type/no_cnv/0002/true_evo_events_genotypes_numeric	/raid/kang/DelSIEVE/simulation_results/IndelSIEVE_benchmark_pipeline_sa_106/benchmark_results/sciphin/no_cnv/0002/post_processed/sciphin.genotypes	/raid/kang/DelSIEVE/simulation_results/IndelSIEVE_benchmark_pipeline_sa_106/benchmark_results/simulated_data/results/data_type/no_cnv/0002/true_evo_events_ternary_matrix.simple	/raid/kang/DelSIEVE/simulation_results/IndelSIEVE_benchmark_pipeline_sa_106/benchmark_results/sciphin/no_cnv/0002/post_processed/sciphin.ternary	/raid/kang/DelSIEVE/simulation_results/IndelSIEVE_benchmark_pipeline_sa_106/benchmark_results/sciphin/no_cnv/0002/post_processed/sciphin.genotype_probs	12136	207	13907	3390	0.7816565760659538	0.9832293607712874	0.8709318597725071	0.014666288791271	12042	301	16674	601	0.9524638139682038	0.975613708174674	0.9638997838789722	0.0177319587628865	9246	3097	16701	574	0.9415478615071284	0.7490885522158308	0.8343635789378695	0.1564299424184261	0	0	27850	1768	0.0	NA	NA	0.0	1768	207	3	1765	0	0	22380	2620	0.0	NA	0.0	NA	0	0	24975	25	0.0	NA	0.0	NA	0	0	23945	1055	0.0	NA	0.0	NA	0	0	23460	1540	0.0	NA	0.0	NA	1448	92	1031	0	0	0	25000	0	NA	NA	0.0	NA
40	20	10	0.001999	0.3	3e-05	7.5e-06	0.0	0003	sciphin	candidate_snvs	NA	NA	no_cnv	/raid/kang/DelSIEVE/simulation_results/IndelSIEVE_benchmark_pipeline_sa_106/benchmark_results/simulated_data/results/cell_names	/raid/kang/DelSIEVE/simulation_results/IndelSIEVE_benchmark_pipeline_sa_106/benchmark_results/sciphin/no_cnv/0003/post_processed/sciphin.cell_names	/raid/kang/DelSIEVE/simulation_results/IndelSIEVE_benchmark_pipeline_sa_106/benchmark_results/simulated_data/results/data_type/no_cnv/0003/true_evo_events_sites_names	/raid/kang/DelSIEVE/simulation_results/IndelSIEVE_benchmark_pipeline_sa_106/benchmark_results/sciphin/no_cnv/0003/post_processed/sciphin.loci_info	/raid/kang/DelSIEVE/simulation_results/IndelSIEVE_benchmark_pipeline_sa_106/benchmark_results/simulated_data/results/data_type/no_cnv/0003/true_evo_events_genotypes_numeric	/raid/kang/DelSIEVE/simulation_results/IndelSIEVE_benchmark_pipeline_sa_106/benchmark_results/sciphin/no_cnv/0003/post_processed/sciphin.genotypes	/raid/kang/DelSIEVE/simulation_results/IndelSIEVE_benchmark_pipeline_sa_106/benchmark_results/simulated_data/results/data_type/no_cnv/0003/true_evo_events_ternary_matrix.simple	/raid/kang/DelSIEVE/simulation_results/IndelSIEVE_benchmark_pipeline_sa_106/benchmark_results/sciphin/no_cnv/0003/post_processed/sciphin.ternary	/raid/kang/DelSIEVE/simulation_results/IndelSIEVE_benchmark_pipeline_sa_106/benchmark_results/sciphin/no_cnv/0003/post_processed/sciphin.genotype_probs	7497	168	6165	2170	0.775524981897176	0.978082191780822	0.8651050080775444	0.0265277119848413	7399	266	7998	334	0.9568084831242726	0.965296803652968	0.9610339005065592	0.0321878025169409	5435	2230	8022	310	0.9460400348128808	0.7090671885192433	0.8105891126025354	0.2175185329691767	0	0	14745	1252	0.0	NA	NA	0.0	1252	168	3	1249	0	0	12132	2148	0.0	NA	0.0	NA	0	0	14156	124	0.0	NA	0.0	NA	0	0	13544	736	0.0	NA	0.0	NA	0	0	12992	1288	0.0	NA	0.0	NA	1219	69	715	0	0	0	14280	0	NA	NA	0.0	NA
40	20	10	0.001999	0.3	3e-05	7.5e-06	0.0	0004	sciphin	candidate_snvs	NA	NA	no_cnv	/raid/kang/DelSIEVE/simulation_results/IndelSIEVE_benchmark_pipeline_sa_106/benchmark_results/simulated_data/results/cell_names	/raid/kang/DelSIEVE/simulation_results/IndelSIEVE_benchmark_pipeline_sa_106/benchmark_results/sciphin/no_cnv/0004/post_processed/sciphin.cell_names	/raid/kang/DelSIEVE/simulation_results/IndelSIEVE_benchmark_pipeline_sa_106/benchmark_results/simulated_data/results/data_type/no_cnv/0004/true_evo_events_sites_names	/raid/kang/DelSIEVE/simulation_results/IndelSIEVE_benchmark_pipeline_sa_106/benchmark_results/sciphin/no_cnv/0004/post_processed/sciphin.loci_info	/raid/kang/DelSIEVE/simulation_results/IndelSIEVE_benchmark_pipeline_sa_106/benchmark_results/simulated_data/results/data_type/no_cnv/0004/true_evo_events_genotypes_numeric	/raid/kang/DelSIEVE/simulation_results/IndelSIEVE_benchmark_pipeline_sa_106/benchmark_results/sciphin/no_cnv/0004/post_processed/sciphin.genotypes	/raid/kang/DelSIEVE/simulation_results/IndelSIEVE_benchmark_pipeline_sa_106/benchmark_results/simulated_data/results/data_type/no_cnv/0004/true_evo_events_ternary_matrix.simple	/raid/kang/DelSIEVE/simulation_results/IndelSIEVE_benchmark_pipeline_sa_106/benchmark_results/sciphin/no_cnv/0004/post_processed/sciphin.ternary	/raid/kang/DelSIEVE/simulation_results/IndelSIEVE_benchmark_pipeline_sa_106/benchmark_results/sciphin/no_cnv/0004/post_processed/sciphin.genotype_probs	7435	152	6813	2320	0.7621732444900051	0.9799657308554106	0.857455887440895	0.0218234027279253	7382	205	8731	396	0.9490871689380304	0.9729800975352576	0.9608851285388872	0.0229409131602506	5209	2378	8762	365	0.9345174022246144	0.686569131408989	0.7915811868399057	0.2134649910233393	0	0	15402	1312	0.0	NA	NA	0.0	1312	152	2	1310	0	0	12283	2317	0.0	NA	0.0	NA	0	0	14569	31	0.0	NA	0.0	NA	0	0	13708	892	0.0	NA	0.0	NA	0	0	13206	1394	0.0	NA	0.0	NA	1351	43	863	0	0	0	14600	0	NA	NA	0.0	NA
40	20	10	0.001999	0.3	3e-05	7.5e-06	0.0	0005	sciphin	candidate_snvs	NA	NA	no_cnv	/raid/kang/DelSIEVE/simulation_results/IndelSIEVE_benchmark_pipeline_sa_106/benchmark_results/simulated_data/results/cell_names	/raid/kang/DelSIEVE/simulation_results/IndelSIEVE_benchmark_pipeline_sa_106/benchmark_results/sciphin/no_cnv/0005/post_processed/sciphin.cell_names	/raid/kang/DelSIEVE/simulation_results/IndelSIEVE_benchmark_pipeline_sa_106/benchmark_results/simulated_data/results/data_type/no_cnv/0005/true_evo_events_sites_names	/raid/kang/DelSIEVE/simulation_results/IndelSIEVE_benchmark_pipeline_sa_106/benchmark_results/sciphin/no_cnv/0005/post_processed/sciphin.loci_info	/raid/kang/DelSIEVE/simulation_results/IndelSIEVE_benchmark_pipeline_sa_106/benchmark_results/simulated_data/results/data_type/no_cnv/0005/true_evo_events_genotypes_numeric	/raid/kang/DelSIEVE/simulation_results/IndelSIEVE_benchmark_pipeline_sa_106/benchmark_results/sciphin/no_cnv/0005/post_processed/sciphin.genotypes	/raid/kang/DelSIEVE/simulation_results/IndelSIEVE_benchmark_pipeline_sa_106/benchmark_results/simulated_data/results/data_type/no_cnv/0005/true_evo_events_ternary_matrix.simple	/raid/kang/DelSIEVE/simulation_results/IndelSIEVE_benchmark_pipeline_sa_106/benchmark_results/sciphin/no_cnv/0005/post_processed/sciphin.ternary	/raid/kang/DelSIEVE/simulation_results/IndelSIEVE_benchmark_pipeline_sa_106/benchmark_results/sciphin/no_cnv/0005/post_processed/sciphin.genotype_probs	7815	332	16531	3242	0.7067920774170209	0.9592488032404566	0.8138929389710478	0.019688074482595	7740	407	18835	927	0.893042575285566	0.9500429605989936	0.9206613536338766	0.0211516474378962	6670	1477	18901	861	0.8856725534457576	0.8187062722474531	0.8508738359484629	0.0724801256256747	0	0	27213	696	0.0	NA	NA	0.0	696	332	17	679	0	0	20332	1828	0.0	NA	0.0	NA	0	0	22109	51	0.0	NA	0.0	NA	0	0	21720	440	0.0	NA	0.0	NA	0	0	20823	1337	0.0	NA	0.0	NA	1263	74	391	0	0	0	22160	0	NA	NA	0.0	NA
40	20	10	0.001999	0.3	3e-05	7.5e-06	0.0	0006	sciphin	candidate_snvs	NA	NA	no_cnv	/raid/kang/DelSIEVE/simulation_results/IndelSIEVE_benchmark_pipeline_sa_106/benchmark_results/simulated_data/results/cell_names	/raid/kang/DelSIEVE/simulation_results/IndelSIEVE_benchmark_pipeline_sa_106/benchmark_results/sciphin/no_cnv/0006/post_processed/sciphin.cell_names	/raid/kang/DelSIEVE/simulation_results/IndelSIEVE_benchmark_pipeline_sa_106/benchmark_results/simulated_data/results/data_type/no_cnv/0006/true_evo_events_sites_names	/raid/kang/DelSIEVE/simulation_results/IndelSIEVE_benchmark_pipeline_sa_106/benchmark_results/sciphin/no_cnv/0006/post_processed/sciphin.loci_info	/raid/kang/DelSIEVE/simulation_results/IndelSIEVE_benchmark_pipeline_sa_106/benchmark_results/simulated_data/results/data_type/no_cnv/0006/true_evo_events_genotypes_numeric	/raid/kang/DelSIEVE/simulation_results/IndelSIEVE_benchmark_pipeline_sa_106/benchmark_results/sciphin/no_cnv/0006/post_processed/sciphin.genotypes	/raid/kang/DelSIEVE/simulation_results/IndelSIEVE_benchmark_pipeline_sa_106/benchmark_results/simulated_data/results/data_type/no_cnv/0006/true_evo_events_ternary_matrix.simple	/raid/kang/DelSIEVE/simulation_results/IndelSIEVE_benchmark_pipeline_sa_106/benchmark_results/sciphin/no_cnv/0006/post_processed/sciphin.ternary	/raid/kang/DelSIEVE/simulation_results/IndelSIEVE_benchmark_pipeline_sa_106/benchmark_results/sciphin/no_cnv/0006/post_processed/sciphin.genotype_probs	6181	87	3386	1786	0.7758252792770177	0.9861199744735164	0.8684229012996136	0.0250503887129283	6113	155	4939	223	0.9648042929292928	0.975271218889598	0.9700095207870516	0.030427954456223	3914	2354	4974	188	0.954168698196002	0.6244416081684748	0.7548698167791708	0.3212336244541485	0	0	10163	1267	0.0	NA	NA	0.0	1267	87	2	1265	0	0	8030	2170	0.0	NA	0.0	NA	0	0	10085	115	0.0	NA	0.0	NA	0	0	9233	967	0.0	NA	0.0	NA	0	0	9112	1088	0.0	NA	0.0	NA	1030	58	934	0	0	0	10200	0	NA	NA	0.0	NA
40	20	10	0.001999	0.3	3e-05	7.5e-06	0.0	0007	sciphin	candidate_snvs	NA	NA	no_cnv	/raid/kang/DelSIEVE/simulation_results/IndelSIEVE_benchmark_pipeline_sa_106/benchmark_results/simulated_data/results/cell_names	/raid/kang/DelSIEVE/simulation_results/IndelSIEVE_benchmark_pipeline_sa_106/benchmark_results/sciphin/no_cnv/0007/post_processed/sciphin.cell_names	/raid/kang/DelSIEVE/simulation_results/IndelSIEVE_benchmark_pipeline_sa_106/benchmark_results/simulated_data/results/data_type/no_cnv/0007/true_evo_events_sites_names	/raid/kang/DelSIEVE/simulation_results/IndelSIEVE_benchmark_pipeline_sa_106/benchmark_results/sciphin/no_cnv/0007/post_processed/sciphin.loci_info	/raid/kang/DelSIEVE/simulation_results/IndelSIEVE_benchmark_pipeline_sa_106/benchmark_results/simulated_data/results/data_type/no_cnv/0007/true_evo_events_genotypes_numeric	/raid/kang/DelSIEVE/simulation_results/IndelSIEVE_benchmark_pipeline_sa_106/benchmark_results/sciphin/no_cnv/0007/post_processed/sciphin.genotypes	/raid/kang/DelSIEVE/simulation_results/IndelSIEVE_benchmark_pipeline_sa_106/benchmark_results/simulated_data/results/data_type/no_cnv/0007/true_evo_events_ternary_matrix.simple	/raid/kang/DelSIEVE/simulation_results/IndelSIEVE_benchmark_pipeline_sa_106/benchmark_results/sciphin/no_cnv/0007/post_processed/sciphin.ternary	/raid/kang/DelSIEVE/simulation_results/IndelSIEVE_benchmark_pipeline_sa_106/benchmark_results/sciphin/no_cnv/0007/post_processed/sciphin.genotype_probs	7474	274	14541	2991	0.7141901576684185	0.9646360351058336	0.8207324438587822	0.0184947688153898	7386	362	16744	759	0.9068139963167589	0.9532782653588022	0.9294658025545836	0.0211621653221092	6198	1550	16773	730	0.8946304849884527	0.7999483737738772	0.8446443172526574	0.0845931343120668	0	0	24463	788	0.0	NA	NA	0.0	788	274	9	779	0	0	17984	1816	0.0	NA	0.0	NA	0	0	19777	23	0.0	NA	0.0	NA	0	0	19371	429	0.0	NA	0.0	NA	0	0	18436	1364	0.0	NA	0.0	NA	1276	88	409	0	0	0	19800	0	NA	NA	0.0	NA
40	20	10	0.001999	0.3	3e-05	7.5e-06	0.0	0008	sciphin	candidate_snvs	NA	NA	no_cnv	/raid/kang/DelSIEVE/simulation_results/IndelSIEVE_benchmark_pipeline_sa_106/benchmark_results/simulated_data/results/cell_names	/raid/kang/DelSIEVE/simulation_results/IndelSIEVE_benchmark_pipeline_sa_106/benchmark_results/sciphin/no_cnv/0008/post_processed/sciphin.cell_names	/raid/kang/DelSIEVE/simulation_results/IndelSIEVE_benchmark_pipeline_sa_106/benchmark_results/simulated_data/results/data_type/no_cnv/0008/true_evo_events_sites_names	/raid/kang/DelSIEVE/simulation_results/IndelSIEVE_benchmark_pipeline_sa_106/benchmark_results/sciphin/no_cnv/0008/post_processed/sciphin.loci_info	/raid/kang/DelSIEVE/simulation_results/IndelSIEVE_benchmark_pipeline_sa_106/benchmark_results/simulated_data/results/data_type/no_cnv/0008/true_evo_events_genotypes_numeric	/raid/kang/DelSIEVE/simulation_results/IndelSIEVE_benchmark_pipeline_sa_106/benchmark_results/sciphin/no_cnv/0008/post_processed/sciphin.genotypes	/raid/kang/DelSIEVE/simulation_results/IndelSIEVE_benchmark_pipeline_sa_106/benchmark_results/simulated_data/results/data_type/no_cnv/0008/true_evo_events_ternary_matrix.simple	/raid/kang/DelSIEVE/simulation_results/IndelSIEVE_benchmark_pipeline_sa_106/benchmark_results/sciphin/no_cnv/0008/post_processed/sciphin.ternary	/raid/kang/DelSIEVE/simulation_results/IndelSIEVE_benchmark_pipeline_sa_106/benchmark_results/sciphin/no_cnv/0008/post_processed/sciphin.genotype_probs	7533	261	17733	3113	0.7075897050535412	0.966512702078522	0.8170281995661606	0.0145048349449816	7478	316	19989	830	0.9000962927298989	0.9594559917885552	0.928828716929574	0.0155626692932775	6396	1398	20021	798	0.8890742285237698	0.8206312548113934	0.8534827862289832	0.0652691535552546	0	0	27870	743	0.0	NA	NA	0.0	743	261	4	739	0	0	21487	1913	0.0	NA	0.0	NA	0	0	23366	34	0.0	NA	0.0	NA	0	0	23029	371	0.0	NA	0.0	NA	0	0	21892	1508	0.0	NA	0.0	NA	1455	53	343	0	0	0	23400	0	NA	NA	0.0	NA
40	20	10	0.001999	0.3	3e-05	7.5e-06	0.0	0009	sciphin	candidate_snvs	NA	NA	no_cnv	/raid/kang/DelSIEVE/simulation_results/IndelSIEVE_benchmark_pipeline_sa_106/benchmark_results/simulated_data/results/cell_names	/raid/kang/DelSIEVE/simulation_results/IndelSIEVE_benchmark_pipeline_sa_106/benchmark_results/sciphin/no_cnv/0009/post_processed/sciphin.cell_names	/raid/kang/DelSIEVE/simulation_results/IndelSIEVE_benchmark_pipeline_sa_106/benchmark_results/simulated_data/results/data_type/no_cnv/0009/true_evo_events_sites_names	/raid/kang/DelSIEVE/simulation_results/IndelSIEVE_benchmark_pipeline_sa_106/benchmark_results/sciphin/no_cnv/0009/post_processed/sciphin.loci_info	/raid/kang/DelSIEVE/simulation_results/IndelSIEVE_benchmark_pipeline_sa_106/benchmark_results/simulated_data/results/data_type/no_cnv/0009/true_evo_events_genotypes_numeric	/raid/kang/DelSIEVE/simulation_results/IndelSIEVE_benchmark_pipeline_sa_106/benchmark_results/sciphin/no_cnv/0009/post_processed/sciphin.genotypes	/raid/kang/DelSIEVE/simulation_results/IndelSIEVE_benchmark_pipeline_sa_106/benchmark_results/simulated_data/results/data_type/no_cnv/0009/true_evo_events_ternary_matrix.simple	/raid/kang/DelSIEVE/simulation_results/IndelSIEVE_benchmark_pipeline_sa_106/benchmark_results/sciphin/no_cnv/0009/post_processed/sciphin.ternary	/raid/kang/DelSIEVE/simulation_results/IndelSIEVE_benchmark_pipeline_sa_106/benchmark_results/sciphin/no_cnv/0009/post_processed/sciphin.genotype_probs	9026	276	16733	3525	0.7191458847900566	0.970328961513653	0.8260650711572783	0.0162267035099065	8942	360	19479	757	0.9219507165687184	0.9612986454525908	0.9412136203357718	0.0181460759110842	7334	1968	19515	721	0.9104903786468032	0.78843259514083	0.8450769142132857	0.091607317413769	0	0	28558	980	0.0	NA	NA	0.0	980	276	12	968	0	0	20679	2041	0.0	NA	0.0	NA	0	0	22693	27	0.0	NA	0.0	NA	0	0	22056	664	0.0	NA	0.0	NA	0	0	21370	1350	0.0	NA	0.0	NA	1270	80	640	0	0	0	22720	0	NA	NA	0.0	NA
40	20	10	0.001999	0.3	3e-05	7.5e-06	0.0	0010	sciphin	candidate_snvs	NA	NA	no_cnv	/raid/kang/DelSIEVE/simulation_results/IndelSIEVE_benchmark_pipeline_sa_106/benchmark_results/simulated_data/results/cell_names	/raid/kang/DelSIEVE/simulation_results/IndelSIEVE_benchmark_pipeline_sa_106/benchmark_results/sciphin/no_cnv/0010/post_processed/sciphin.cell_names	/raid/kang/DelSIEVE/simulation_results/IndelSIEVE_benchmark_pipeline_sa_106/benchmark_results/simulated_data/results/data_type/no_cnv/0010/true_evo_events_sites_names	/raid/kang/DelSIEVE/simulation_results/IndelSIEVE_benchmark_pipeline_sa_106/benchmark_results/sciphin/no_cnv/0010/post_processed/sciphin.loci_info	/raid/kang/DelSIEVE/simulation_results/IndelSIEVE_benchmark_pipeline_sa_106/benchmark_results/simulated_data/results/data_type/no_cnv/0010/true_evo_events_genotypes_numeric	/raid/kang/DelSIEVE/simulation_results/IndelSIEVE_benchmark_pipeline_sa_106/benchmark_results/sciphin/no_cnv/0010/post_processed/sciphin.genotypes	/raid/kang/DelSIEVE/simulation_results/IndelSIEVE_benchmark_pipeline_sa_106/benchmark_results/simulated_data/results/data_type/no_cnv/0010/true_evo_events_ternary_matrix.simple	/raid/kang/DelSIEVE/simulation_results/IndelSIEVE_benchmark_pipeline_sa_106/benchmark_results/sciphin/no_cnv/0010/post_processed/sciphin.ternary	/raid/kang/DelSIEVE/simulation_results/IndelSIEVE_benchmark_pipeline_sa_106/benchmark_results/sciphin/no_cnv/0010/post_processed/sciphin.genotype_probs	7576	148	8439	2677	0.7389056861406418	0.9808389435525634	0.8428547588585414	0.0172353557703505	7499	225	10639	456	0.9426775612822124	0.9708700155359916	0.956566107532368	0.0207106038291605	5519	2205	10664	431	0.927563025210084	0.7145261522527188	0.8072253912534738	0.1713419846141891	0	0	17551	1268	0.0	NA	NA	0.0	1268	148	8	1260	0	0	13343	1857	0.0	NA	0.0	NA	0	0	15113	87	0.0	NA	0.0	NA	0	0	14463	737	0.0	NA	0.0	NA	0	0	14167	1033	0.0	NA	0.0	NA	961	72	720	0	0	0	15200	0	NA	NA	0.0	NA
40	20	10	0.001999	0.3	3e-05	7.5e-06	0.0	0001	sieve	candidate_snvs	smc_mu_sa_stage_1	mt	no_cnv	/raid/kang/DelSIEVE/simulation_results/IndelSIEVE_benchmark_pipeline_sa_106/benchmark_results/simulated_data/results/cell_names	/raid/kang/DelSIEVE/simulation_results/IndelSIEVE_benchmark_pipeline_sa_106/benchmark_results/indelsieve/from_candidate/variant_calling/mt/no_cnv/smc_mu_sa_stage_1/0001/indelsieve_mode_gaussian.cell_names	/raid/kang/DelSIEVE/simulation_results/IndelSIEVE_benchmark_pipeline_sa_106/benchmark_results/simulated_data/results/data_type/no_cnv/0001/true_evo_events_sites_names	/raid/kang/DelSIEVE/simulation_results/IndelSIEVE_benchmark_pipeline_sa_106/benchmark_results/indelsieve/from_candidate/variant_calling/mt/no_cnv/smc_mu_sa_stage_1/0001/indelsieve_mode_gaussian.loci_info	/raid/kang/DelSIEVE/simulation_results/IndelSIEVE_benchmark_pipeline_sa_106/benchmark_results/simulated_data/results/data_type/no_cnv/0001/true_evo_events_genotypes_numeric	/raid/kang/DelSIEVE/simulation_results/IndelSIEVE_benchmark_pipeline_sa_106/benchmark_results/indelsieve/from_candidate/variant_calling/mt/no_cnv/smc_mu_sa_stage_1/0001/indelsieve_mode_gaussian.genotypes	/raid/kang/DelSIEVE/simulation_results/IndelSIEVE_benchmark_pipeline_sa_106/benchmark_results/simulated_data/results/data_type/no_cnv/0001/true_evo_events_ternary_matrix.simple	/raid/kang/DelSIEVE/simulation_results/IndelSIEVE_benchmark_pipeline_sa_106/benchmark_results/indelsieve/from_candidate/variant_calling/mt/no_cnv/smc_mu_sa_stage_1/0001/indelsieve_mode_gaussian.ternary	/raid/kang/DelSIEVE/simulation_results/IndelSIEVE_benchmark_pipeline_sa_106/benchmark_results/indelsieve/from_candidate/variant_calling/mt/no_cnv/smc_mu_sa_stage_1/0001/indelsieve_mode_gaussian.probs	6500	77	8782	2041	0.76103500761035	0.9882925345902388	0.8599021034528377	0.0086917259284343	6436	141	10591	209	0.9685477802859292	0.978561654249658	0.9735289668733929	0.0131382780469623	5213	373	11570	221	0.9593301435406698	0.9332259219477264	0.946098003629764	0.0312316838315331	610	381	16294	92	0.8689458689458689	0.615539858728557	0.7206142941523922	0.0228485757121439	702	77	2	90	0	0	13042	1718	0.0	NA	0.0	NA	0	0	14694	66	0.0	NA	0.0	NA	0	0	14251	509	0.0	NA	0.0	NA	0	0	13617	1143	0.0	NA	0.0	NA	1084	56	145	362	0	0	14760	0	NA	NA	0.0	NA
40	20	10	0.001999	0.3	3e-05	7.5e-06	0.0	0002	sieve	candidate_snvs	smc_mu_sa_stage_1	mt	no_cnv	/raid/kang/DelSIEVE/simulation_results/IndelSIEVE_benchmark_pipeline_sa_106/benchmark_results/simulated_data/results/cell_names	/raid/kang/DelSIEVE/simulation_results/IndelSIEVE_benchmark_pipeline_sa_106/benchmark_results/indelsieve/from_candidate/variant_calling/mt/no_cnv/smc_mu_sa_stage_1/0002/indelsieve_mode_gaussian.cell_names	/raid/kang/DelSIEVE/simulation_results/IndelSIEVE_benchmark_pipeline_sa_106/benchmark_results/simulated_data/results/data_type/no_cnv/0002/true_evo_events_sites_names	/raid/kang/DelSIEVE/simulation_results/IndelSIEVE_benchmark_pipeline_sa_106/benchmark_results/indelsieve/from_candidate/variant_calling/mt/no_cnv/smc_mu_sa_stage_1/0002/indelsieve_mode_gaussian.loci_info	/raid/kang/DelSIEVE/simulation_results/IndelSIEVE_benchmark_pipeline_sa_106/benchmark_results/simulated_data/results/data_type/no_cnv/0002/true_evo_events_genotypes_numeric	/raid/kang/DelSIEVE/simulation_results/IndelSIEVE_benchmark_pipeline_sa_106/benchmark_results/indelsieve/from_candidate/variant_calling/mt/no_cnv/smc_mu_sa_stage_1/0002/indelsieve_mode_gaussian.genotypes	/raid/kang/DelSIEVE/simulation_results/IndelSIEVE_benchmark_pipeline_sa_106/benchmark_results/simulated_data/results/data_type/no_cnv/0002/true_evo_events_ternary_matrix.simple	/raid/kang/DelSIEVE/simulation_results/IndelSIEVE_benchmark_pipeline_sa_106/benchmark_results/indelsieve/from_candidate/variant_calling/mt/no_cnv/smc_mu_sa_stage_1/0002/indelsieve_mode_gaussian.ternary	/raid/kang/DelSIEVE/simulation_results/IndelSIEVE_benchmark_pipeline_sa_106/benchmark_results/indelsieve/from_candidate/variant_calling/mt/no_cnv/smc_mu_sa_stage_1/0002/indelsieve_mode_gaussian.probs	12525	75	14039	3001	0.8067113229421615	0.9940476190476192	0.8906349996444571	0.0053138727504605	12430	170	16805	213	0.9831527327374832	0.9865079365079366	0.9848274769242958	0.0100147275405007	9593	425	19373	227	0.9768839103869654	0.9575763625474146	0.9671337836475452	0.0214668148297807	1660	922	26928	108	0.9389140271493212	0.6429124709527498	0.7632183908045976	0.0331059245960502	1768	75	0	108	0	0	22141	2619	0.0	NA	0.0	NA	0	0	24735	25	0.0	NA	0.0	NA	0	0	23705	1055	0.0	NA	0.0	NA	0	0	23221	1539	0.0	NA	0.0	NA	1450	89	148	898	0	0	24760	0	NA	NA	0.0	NA
40	20	10	0.001999	0.3	3e-05	7.5e-06	0.0	0003	sieve	candidate_snvs	smc_mu_sa_stage_1	mt	no_cnv	/raid/kang/DelSIEVE/simulation_results/IndelSIEVE_benchmark_pipeline_sa_106/benchmark_results/simulated_data/results/cell_names	/raid/kang/DelSIEVE/simulation_results/IndelSIEVE_benchmark_pipeline_sa_106/benchmark_results/indelsieve/from_candidate/variant_calling/mt/no_cnv/smc_mu_sa_stage_1/0003/indelsieve_median.cell_names	/raid/kang/DelSIEVE/simulation_results/IndelSIEVE_benchmark_pipeline_sa_106/benchmark_results/simulated_data/results/data_type/no_cnv/0003/true_evo_events_sites_names	/raid/kang/DelSIEVE/simulation_results/IndelSIEVE_benchmark_pipeline_sa_106/benchmark_results/indelsieve/from_candidate/variant_calling/mt/no_cnv/smc_mu_sa_stage_1/0003/indelsieve_median.loci_info	/raid/kang/DelSIEVE/simulation_results/IndelSIEVE_benchmark_pipeline_sa_106/benchmark_results/simulated_data/results/data_type/no_cnv/0003/true_evo_events_genotypes_numeric	/raid/kang/DelSIEVE/simulation_results/IndelSIEVE_benchmark_pipeline_sa_106/benchmark_results/indelsieve/from_candidate/variant_calling/mt/no_cnv/smc_mu_sa_stage_1/0003/indelsieve_median.genotypes	/raid/kang/DelSIEVE/simulation_results/IndelSIEVE_benchmark_pipeline_sa_106/benchmark_results/simulated_data/results/data_type/no_cnv/0003/true_evo_events_ternary_matrix.simple	/raid/kang/DelSIEVE/simulation_results/IndelSIEVE_benchmark_pipeline_sa_106/benchmark_results/indelsieve/from_candidate/variant_calling/mt/no_cnv/smc_mu_sa_stage_1/0003/indelsieve_median.ternary	/raid/kang/DelSIEVE/simulation_results/IndelSIEVE_benchmark_pipeline_sa_106/benchmark_results/indelsieve/from_candidate/variant_calling/mt/no_cnv/smc_mu_sa_stage_1/0003/indelsieve_median.probs	7780	48	6285	1887	0.8047998344884659	0.99386816555953	0.8893969705630179	0.0075793462813832	7613	215	8049	120	0.9844820897452476	0.9725344915687276	0.9784718205770836	0.0260164569215876	5603	406	9846	142	0.9752828546562228	0.9324346813113664	0.9533775735919688	0.0396020288724151	1159	660	14085	93	0.9257188498402557	0.6371632765255635	0.7548029957668512	0.0447609359104781	1252	48	1	92	0	0	11981	2139	0.0	NA	0.0	NA	0	0	13996	124	0.0	NA	0.0	NA	0	0	13384	736	0.0	NA	0.0	NA	0	0	12841	1279	0.0	NA	0.0	NA	1218	60	108	623	0	0	14120	0	NA	NA	0.0	NA
40	20	10	0.001999	0.3	3e-05	7.5e-06	0.0	0004	sieve	candidate_snvs	smc_mu_sa_stage_1	mt	no_cnv	/raid/kang/DelSIEVE/simulation_results/IndelSIEVE_benchmark_pipeline_sa_106/benchmark_results/simulated_data/results/cell_names	/raid/kang/DelSIEVE/simulation_results/IndelSIEVE_benchmark_pipeline_sa_106/benchmark_results/indelsieve/from_candidate/variant_calling/mt/no_cnv/smc_mu_sa_stage_1/0004/indelsieve_mode_gaussian.cell_names	/raid/kang/DelSIEVE/simulation_results/IndelSIEVE_benchmark_pipeline_sa_106/benchmark_results/simulated_data/results/data_type/no_cnv/0004/true_evo_events_sites_names	/raid/kang/DelSIEVE/simulation_results/IndelSIEVE_benchmark_pipeline_sa_106/benchmark_results/indelsieve/from_candidate/variant_calling/mt/no_cnv/smc_mu_sa_stage_1/0004/indelsieve_mode_gaussian.loci_info	/raid/kang/DelSIEVE/simulation_results/IndelSIEVE_benchmark_pipeline_sa_106/benchmark_results/simulated_data/results/data_type/no_cnv/0004/true_evo_events_genotypes_numeric	/raid/kang/DelSIEVE/simulation_results/IndelSIEVE_benchmark_pipeline_sa_106/benchmark_results/indelsieve/from_candidate/variant_calling/mt/no_cnv/smc_mu_sa_stage_1/0004/indelsieve_mode_gaussian.genotypes	/raid/kang/DelSIEVE/simulation_results/IndelSIEVE_benchmark_pipeline_sa_106/benchmark_results/simulated_data/results/data_type/no_cnv/0004/true_evo_events_ternary_matrix.simple	/raid/kang/DelSIEVE/simulation_results/IndelSIEVE_benchmark_pipeline_sa_106/benchmark_results/indelsieve/from_candidate/variant_calling/mt/no_cnv/smc_mu_sa_stage_1/0004/indelsieve_mode_gaussian.ternary	/raid/kang/DelSIEVE/simulation_results/IndelSIEVE_benchmark_pipeline_sa_106/benchmark_results/indelsieve/from_candidate/variant_calling/mt/no_cnv/smc_mu_sa_stage_1/0004/indelsieve_mode_gaussian.probs	7706	54	6911	2049	0.7899538698103536	0.993041237113402	0.879931487296603	0.0077530509691313	7625	135	8801	153	0.98032913345333	0.9826030927835052	0.9814647959840392	0.015107430617726	5415	379	10761	159	0.9714747039827772	0.9345875043148084	0.9526741731175228	0.0340215439856373	1201	765	14637	111	0.9153963414634146	0.6108850457782299	0.7327638804148872	0.0496688741721854	1312	54	1	110	0	0	12175	2305	0.0	NA	0.0	NA	0	0	14450	30	0.0	NA	0.0	NA	0	0	13588	892	0.0	NA	0.0	NA	0	0	13097	1383	0.0	NA	0.0	NA	1322	57	151	732	0	0	14480	0	NA	NA	0.0	NA
40	20	10	0.001999	0.3	3e-05	7.5e-06	0.0	0005	sieve	candidate_snvs	smc_mu_sa_stage_1	mt	no_cnv	/raid/kang/DelSIEVE/simulation_results/IndelSIEVE_benchmark_pipeline_sa_106/benchmark_results/simulated_data/results/cell_names	/raid/kang/DelSIEVE/simulation_results/IndelSIEVE_benchmark_pipeline_sa_106/benchmark_results/indelsieve/from_candidate/variant_calling/mt/no_cnv/smc_mu_sa_stage_1/0005/indelsieve_median.cell_names	/raid/kang/DelSIEVE/simulation_results/IndelSIEVE_benchmark_pipeline_sa_106/benchmark_results/simulated_data/results/data_type/no_cnv/0005/true_evo_events_sites_names	/raid/kang/DelSIEVE/simulation_results/IndelSIEVE_benchmark_pipeline_sa_106/benchmark_results/indelsieve/from_candidate/variant_calling/mt/no_cnv/smc_mu_sa_stage_1/0005/indelsieve_median.loci_info	/raid/kang/DelSIEVE/simulation_results/IndelSIEVE_benchmark_pipeline_sa_106/benchmark_results/simulated_data/results/data_type/no_cnv/0005/true_evo_events_genotypes_numeric	/raid/kang/DelSIEVE/simulation_results/IndelSIEVE_benchmark_pipeline_sa_106/benchmark_results/indelsieve/from_candidate/variant_calling/mt/no_cnv/smc_mu_sa_stage_1/0005/indelsieve_median.genotypes	/raid/kang/DelSIEVE/simulation_results/IndelSIEVE_benchmark_pipeline_sa_106/benchmark_results/simulated_data/results/data_type/no_cnv/0005/true_evo_events_ternary_matrix.simple	/raid/kang/DelSIEVE/simulation_results/IndelSIEVE_benchmark_pipeline_sa_106/benchmark_results/indelsieve/from_candidate/variant_calling/mt/no_cnv/smc_mu_sa_stage_1/0005/indelsieve_median.ternary	/raid/kang/DelSIEVE/simulation_results/IndelSIEVE_benchmark_pipeline_sa_106/benchmark_results/indelsieve/from_candidate/variant_calling/mt/no_cnv/smc_mu_sa_stage_1/0005/indelsieve_median.probs	8422	78	16785	2635	0.7616894275119833	0.9908235294117648	0.8612772920182031	0.0046255114748265	8314	186	19056	353	0.9592707972770278	0.9781176470588236	0.9686025514067688	0.0096663548487683	7181	406	19972	350	0.9535254282299828	0.9464874126795836	0.9499933853684348	0.0199234468544508	581	332	26881	115	0.8347701149425287	0.6363636363636364	0.7221876942200124	0.012200051446	696	78	5	110	0	0	20253	1827	0.0	NA	0.0	NA	0	0	22029	51	0.0	NA	0.0	NA	0	0	21640	440	0.0	NA	0.0	NA	0	0	20744	1336	0.0	NA	0.0	NA	1250	85	113	318	0	0	22080	0	NA	NA	0.0	NA
40	20	10	0.001999	0.3	3e-05	7.5e-06	0.0	0006	sieve	candidate_snvs	smc_mu_sa_stage_1	mt	no_cnv	/raid/kang/DelSIEVE/simulation_results/IndelSIEVE_benchmark_pipeline_sa_106/benchmark_results/simulated_data/results/cell_names	/raid/kang/DelSIEVE/simulation_results/IndelSIEVE_benchmark_pipeline_sa_106/benchmark_results/indelsieve/from_candidate/variant_calling/mt/no_cnv/smc_mu_sa_stage_1/0006/indelsieve_median.cell_names	/raid/kang/DelSIEVE/simulation_results/IndelSIEVE_benchmark_pipeline_sa_106/benchmark_results/simulated_data/results/data_type/no_cnv/0006/true_evo_events_sites_names	/raid/kang/DelSIEVE/simulation_results/IndelSIEVE_benchmark_pipeline_sa_106/benchmark_results/indelsieve/from_candidate/variant_calling/mt/no_cnv/smc_mu_sa_stage_1/0006/indelsieve_median.loci_info	/raid/kang/DelSIEVE/simulation_results/IndelSIEVE_benchmark_pipeline_sa_106/benchmark_results/simulated_data/results/data_type/no_cnv/0006/true_evo_events_genotypes_numeric	/raid/kang/DelSIEVE/simulation_results/IndelSIEVE_benchmark_pipeline_sa_106/benchmark_results/indelsieve/from_candidate/variant_calling/mt/no_cnv/smc_mu_sa_stage_1/0006/indelsieve_median.genotypes	/raid/kang/DelSIEVE/simulation_results/IndelSIEVE_benchmark_pipeline_sa_106/benchmark_results/simulated_data/results/data_type/no_cnv/0006/true_evo_events_ternary_matrix.simple	/raid/kang/DelSIEVE/simulation_results/IndelSIEVE_benchmark_pipeline_sa_106/benchmark_results/indelsieve/from_candidate/variant_calling/mt/no_cnv/smc_mu_sa_stage_1/0006/indelsieve_median.ternary	/raid/kang/DelSIEVE/simulation_results/IndelSIEVE_benchmark_pipeline_sa_106/benchmark_results/indelsieve/from_candidate/variant_calling/mt/no_cnv/smc_mu_sa_stage_1/0006/indelsieve_median.probs	6384	25	3448	1583	0.8013053847119367	0.9960992354501482	0.8881469115191986	0.0071983875611862	6265	144	4950	71	0.988794191919192	0.9775315961928538	0.9831306394664576	0.0282685512367491	4029	311	7017	73	0.9822038030229155	0.9283410138248848	0.9545131485429992	0.0424399563318777	1210	859	9304	57	0.9550118389897396	0.5848235862735621	0.7254196642685852	0.0845222867263603	1267	25	1	56	0	0	7951	2169	0.0	NA	0.0	NA	0	0	10005	115	0.0	NA	0.0	NA	0	0	9153	967	0.0	NA	0.0	NA	0	0	9033	1087	0.0	NA	0.0	NA	1040	46	130	834	0	0	10120	0	NA	NA	0.0	NA
40	20	10	0.001999	0.3	3e-05	7.5e-06	0.0	0007	sieve	candidate_snvs	smc_mu_sa_stage_1	mt	no_cnv	/raid/kang/DelSIEVE/simulation_results/IndelSIEVE_benchmark_pipeline_sa_106/benchmark_results/simulated_data/results/cell_names	/raid/kang/DelSIEVE/simulation_results/IndelSIEVE_benchmark_pipeline_sa_106/benchmark_results/indelsieve/from_candidate/variant_calling/mt/no_cnv/smc_mu_sa_stage_1/0007/indelsieve_median.cell_names	/raid/kang/DelSIEVE/simulation_results/IndelSIEVE_benchmark_pipeline_sa_106/benchmark_results/simulated_data/results/data_type/no_cnv/0007/true_evo_events_sites_names	/raid/kang/DelSIEVE/simulation_results/IndelSIEVE_benchmark_pipeline_sa_106/benchmark_results/indelsieve/from_candidate/variant_calling/mt/no_cnv/smc_mu_sa_stage_1/0007/indelsieve_median.loci_info	/raid/kang/DelSIEVE/simulation_results/IndelSIEVE_benchmark_pipeline_sa_106/benchmark_results/simulated_data/results/data_type/no_cnv/0007/true_evo_events_genotypes_numeric	/raid/kang/DelSIEVE/simulation_results/IndelSIEVE_benchmark_pipeline_sa_106/benchmark_results/indelsieve/from_candidate/variant_calling/mt/no_cnv/smc_mu_sa_stage_1/0007/indelsieve_median.genotypes	/raid/kang/DelSIEVE/simulation_results/IndelSIEVE_benchmark_pipeline_sa_106/benchmark_results/simulated_data/results/data_type/no_cnv/0007/true_evo_events_ternary_matrix.simple	/raid/kang/DelSIEVE/simulation_results/IndelSIEVE_benchmark_pipeline_sa_106/benchmark_results/indelsieve/from_candidate/variant_calling/mt/no_cnv/smc_mu_sa_stage_1/0007/indelsieve_median.ternary	/raid/kang/DelSIEVE/simulation_results/IndelSIEVE_benchmark_pipeline_sa_106/benchmark_results/indelsieve/from_candidate/variant_calling/mt/no_cnv/smc_mu_sa_stage_1/0007/indelsieve_median.probs	7855	83	14732	2610	0.7505972288580984	0.989543965734442	0.8536651632885943	0.0056024299696253	7791	147	16959	353	0.956655206286837	0.9814814814814816	0.968909339634374	0.0085934759733426	6551	411	17911	377	0.9455831408775982	0.9409652398735996	0.9432685385169188	0.0224320489029581	657	319	24143	131	0.833756345177665	0.673155737704918	0.7448979591836735	0.0130406344534379	788	83	3	128	0	0	17825	1815	0.0	NA	0.0	NA	0	0	19617	23	0.0	NA	0.0	NA	0	0	19212	428	0.0	NA	0.0	NA	0	0	18276	1364	0.0	NA	0.0	NA	1300	64	136	284	0	0	19640	0	NA	NA	0.0	NA
40	20	10	0.001999	0.3	3e-05	7.5e-06	0.0	0008	sieve	candidate_snvs	smc_mu_sa_stage_1	mt	no_cnv	/raid/kang/DelSIEVE/simulation_results/IndelSIEVE_benchmark_pipeline_sa_106/benchmark_results/simulated_data/results/cell_names	/raid/kang/DelSIEVE/simulation_results/IndelSIEVE_benchmark_pipeline_sa_106/benchmark_results/indelsieve/from_candidate/variant_calling/mt/no_cnv/smc_mu_sa_stage_1/0008/indelsieve_median.cell_names	/raid/kang/DelSIEVE/simulation_results/IndelSIEVE_benchmark_pipeline_sa_106/benchmark_results/simulated_data/results/data_type/no_cnv/0008/true_evo_events_sites_names	/raid/kang/DelSIEVE/simulation_results/IndelSIEVE_benchmark_pipeline_sa_106/benchmark_results/indelsieve/from_candidate/variant_calling/mt/no_cnv/smc_mu_sa_stage_1/0008/indelsieve_median.loci_info	/raid/kang/DelSIEVE/simulation_results/IndelSIEVE_benchmark_pipeline_sa_106/benchmark_results/simulated_data/results/data_type/no_cnv/0008/true_evo_events_genotypes_numeric	/raid/kang/DelSIEVE/simulation_results/IndelSIEVE_benchmark_pipeline_sa_106/benchmark_results/indelsieve/from_candidate/variant_calling/mt/no_cnv/smc_mu_sa_stage_1/0008/indelsieve_median.genotypes	/raid/kang/DelSIEVE/simulation_results/IndelSIEVE_benchmark_pipeline_sa_106/benchmark_results/simulated_data/results/data_type/no_cnv/0008/true_evo_events_ternary_matrix.simple	/raid/kang/DelSIEVE/simulation_results/IndelSIEVE_benchmark_pipeline_sa_106/benchmark_results/indelsieve/from_candidate/variant_calling/mt/no_cnv/smc_mu_sa_stage_1/0008/indelsieve_median.ternary	/raid/kang/DelSIEVE/simulation_results/IndelSIEVE_benchmark_pipeline_sa_106/benchmark_results/indelsieve/from_candidate/variant_calling/mt/no_cnv/smc_mu_sa_stage_1/0008/indelsieve_median.probs	7999	86	17908	2647	0.751362013901935	0.9893630179344464	0.8540921467086648	0.0047793709014115	7944	141	20164	364	0.956186807896004	0.9825602968460112	0.9691941682425426	0.0069441024378231	6817	403	21016	377	0.94759521823742	0.9441828254847644	0.9458859442208964	0.0188150707315934	620	245	27625	123	0.8344549125168237	0.7167630057803468	0.7711442786069651	0.0087908144958736	743	86	0	123	0	0	21288	1912	0.0	NA	0.0	NA	0	0	23166	34	0.0	NA	0.0	NA	0	0	22829	371	0.0	NA	0.0	NA	0	0	21693	1507	0.0	NA	0.0	NA	1457	50	139	227	0	0	23200	0	NA	NA	0.0	NA
40	20	10	0.001999	0.3	3e-05	7.5e-06	0.0	0009	sieve	candidate_snvs	smc_mu_sa_stage_1	mt	no_cnv	/raid/kang/DelSIEVE/simulation_results/IndelSIEVE_benchmark_pipeline_sa_106/benchmark_results/simulated_data/results/cell_names	/raid/kang/DelSIEVE/simulation_results/IndelSIEVE_benchmark_pipeline_sa_106/benchmark_results/indelsieve/from_candidate/variant_calling/mt/no_cnv/smc_mu_sa_stage_1/0009/indelsieve_median.cell_names	/raid/kang/DelSIEVE/simulation_results/IndelSIEVE_benchmark_pipeline_sa_106/benchmark_results/simulated_data/results/data_type/no_cnv/0009/true_evo_events_sites_names	/raid/kang/DelSIEVE/simulation_results/IndelSIEVE_benchmark_pipeline_sa_106/benchmark_results/indelsieve/from_candidate/variant_calling/mt/no_cnv/smc_mu_sa_stage_1/0009/indelsieve_median.loci_info	/raid/kang/DelSIEVE/simulation_results/IndelSIEVE_benchmark_pipeline_sa_106/benchmark_results/simulated_data/results/data_type/no_cnv/0009/true_evo_events_genotypes_numeric	/raid/kang/DelSIEVE/simulation_results/IndelSIEVE_benchmark_pipeline_sa_106/benchmark_results/indelsieve/from_candidate/variant_calling/mt/no_cnv/smc_mu_sa_stage_1/0009/indelsieve_median.genotypes	/raid/kang/DelSIEVE/simulation_results/IndelSIEVE_benchmark_pipeline_sa_106/benchmark_results/simulated_data/results/data_type/no_cnv/0009/true_evo_events_ternary_matrix.simple	/raid/kang/DelSIEVE/simulation_results/IndelSIEVE_benchmark_pipeline_sa_106/benchmark_results/indelsieve/from_candidate/variant_calling/mt/no_cnv/smc_mu_sa_stage_1/0009/indelsieve_median.ternary	/raid/kang/DelSIEVE/simulation_results/IndelSIEVE_benchmark_pipeline_sa_106/benchmark_results/indelsieve/from_candidate/variant_calling/mt/no_cnv/smc_mu_sa_stage_1/0009/indelsieve_median.probs	9432	68	16941	3119	0.751493904868138	0.992842105263158	0.8554714071924177	0.0039978834734552	9340	160	19679	359	0.9629858748324568	0.983157894736842	0.972967342049065	0.0080649226271485	7693	425	21058	362	0.9550589695841092	0.9476472037447649	0.951338650837816	0.0197830842992133	878	504	28054	102	0.8959183673469387	0.6353111432706223	0.7434377646062659	0.0176482946985082	980	68	7	95	0	0	20486	2034	0.0	NA	0.0	NA	0	0	22493	27	0.0	NA	0.0	NA	0	0	21856	664	0.0	NA	0.0	NA	0	0	21177	1343	0.0	NA	0.0	NA	1255	88	174	479	0	0	22520	0	NA	NA	0.0	NA
40	20	10	0.001999	0.3	3e-05	7.5e-06	0.0	0010	sieve	candidate_snvs	smc_mu_sa_stage_1	mt	no_cnv	/raid/kang/DelSIEVE/simulation_results/IndelSIEVE_benchmark_pipeline_sa_106/benchmark_results/simulated_data/results/cell_names	/raid/kang/DelSIEVE/simulation_results/IndelSIEVE_benchmark_pipeline_sa_106/benchmark_results/indelsieve/from_candidate/variant_calling/mt/no_cnv/smc_mu_sa_stage_1/0010/indelsieve_median.cell_names	/raid/kang/DelSIEVE/simulation_results/IndelSIEVE_benchmark_pipeline_sa_106/benchmark_results/simulated_data/results/data_type/no_cnv/0010/true_evo_events_sites_names	/raid/kang/DelSIEVE/simulation_results/IndelSIEVE_benchmark_pipeline_sa_106/benchmark_results/indelsieve/from_candidate/variant_calling/mt/no_cnv/smc_mu_sa_stage_1/0010/indelsieve_median.loci_info	/raid/kang/DelSIEVE/simulation_results/IndelSIEVE_benchmark_pipeline_sa_106/benchmark_results/simulated_data/results/data_type/no_cnv/0010/true_evo_events_genotypes_numeric	/raid/kang/DelSIEVE/simulation_results/IndelSIEVE_benchmark_pipeline_sa_106/benchmark_results/indelsieve/from_candidate/variant_calling/mt/no_cnv/smc_mu_sa_stage_1/0010/indelsieve_median.genotypes	/raid/kang/DelSIEVE/simulation_results/IndelSIEVE_benchmark_pipeline_sa_106/benchmark_results/simulated_data/results/data_type/no_cnv/0010/true_evo_events_ternary_matrix.simple	/raid/kang/DelSIEVE/simulation_results/IndelSIEVE_benchmark_pipeline_sa_106/benchmark_results/indelsieve/from_candidate/variant_calling/mt/no_cnv/smc_mu_sa_stage_1/0010/indelsieve_median.ternary	/raid/kang/DelSIEVE/simulation_results/IndelSIEVE_benchmark_pipeline_sa_106/benchmark_results/indelsieve/from_candidate/variant_calling/mt/no_cnv/smc_mu_sa_stage_1/0010/indelsieve_median.probs	7830	32	8555	2423	0.763678923241978	0.995929788857797	0.8644769528015457	0.0037265634098055	7732	130	10734	221	0.9722117439959764	0.9834647672348004	0.9778058804932026	0.0119661266568483	5715	346	12521	235	0.9605042016806724	0.9429137106088104	0.9516276746315876	0.0268904950648946	1167	634	16915	101	0.9203470031545742	0.6479733481399222	0.7605083088954057	0.0361274146675024	1268	32	2	99	0	0	13216	1824	0.0	NA	0.0	NA	0	0	14954	86	0.0	NA	0.0	NA	0	0	14305	735	0.0	NA	0.0	NA	0	0	14037	1003	0.0	NA	0.0	NA	922	81	120	611	0	0	15040	0	NA	NA	0.0	NA
40	20	10	0.001999	0.3	3e-05	7.5e-06	0.0	0001	indelsieve	candidate_snvs	smc_mudel_sa_stage_1	mt	no_cnv	/raid/kang/DelSIEVE/simulation_results/IndelSIEVE_benchmark_pipeline_sa_106/benchmark_results/simulated_data/results/cell_names	/raid/kang/DelSIEVE/simulation_results/IndelSIEVE_benchmark_pipeline_sa_106/benchmark_results/indelsieve/from_candidate/variant_calling/mt/no_cnv/smc_mudel_sa_stage_1/0001/indelsieve_median.cell_names	/raid/kang/DelSIEVE/simulation_results/IndelSIEVE_benchmark_pipeline_sa_106/benchmark_results/simulated_data/results/data_type/no_cnv/0001/true_evo_events_sites_names	/raid/kang/DelSIEVE/simulation_results/IndelSIEVE_benchmark_pipeline_sa_106/benchmark_results/indelsieve/from_candidate/variant_calling/mt/no_cnv/smc_mudel_sa_stage_1/0001/indelsieve_median.loci_info	/raid/kang/DelSIEVE/simulation_results/IndelSIEVE_benchmark_pipeline_sa_106/benchmark_results/simulated_data/results/data_type/no_cnv/0001/true_evo_events_genotypes_numeric	/raid/kang/DelSIEVE/simulation_results/IndelSIEVE_benchmark_pipeline_sa_106/benchmark_results/indelsieve/from_candidate/variant_calling/mt/no_cnv/smc_mudel_sa_stage_1/0001/indelsieve_median.genotypes	/raid/kang/DelSIEVE/simulation_results/IndelSIEVE_benchmark_pipeline_sa_106/benchmark_results/simulated_data/results/data_type/no_cnv/0001/true_evo_events_ternary_matrix.simple	/raid/kang/DelSIEVE/simulation_results/IndelSIEVE_benchmark_pipeline_sa_106/benchmark_results/indelsieve/from_candidate/variant_calling/mt/no_cnv/smc_mudel_sa_stage_1/0001/indelsieve_median.ternary	/raid/kang/DelSIEVE/simulation_results/IndelSIEVE_benchmark_pipeline_sa_106/benchmark_results/indelsieve/from_candidate/variant_calling/mt/no_cnv/smc_mudel_sa_stage_1/0001/indelsieve_median.probs	7536	106	8753	1005	0.8823322795925536	0.9861292855273488	0.9313477105604648	0.0119652330962862	6427	104	10628	218	0.9671933784800602	0.9840759454907364	0.9755616272009714	0.0096906448005963	5195	204	11706	272	0.9502469361624292	0.9622152250416744	0.9561936315111356	0.0171284634760705	589	13	16695	80	0.8804185351270553	0.978405315614618	0.9268292682926828	0.000778070385444	669	69	2	78	1542	99	12943	176	0.8975552968568102	0.939670932358318	0.0075908602975003	0.9181303959511758	53	19	14675	13	0.803030303030303	0.7361111111111112	0.0012930447801823	0.7681159420289856	467	63	14188	42	0.9174852652259332	0.8811320754716981	0.0044207424040418	0.8989412897016362	978	61	13556	165	0.8556430446194225	0.9412897016361886	0.0044796944995226	0.8964252978918423	119	25	32	0	0	0	14760	0	NA	NA	0.0	NA
40	20	10	0.001999	0.3	3e-05	7.5e-06	0.0	0002	indelsieve	candidate_snvs	smc_mudel_sa_stage_1	mt	no_cnv	/raid/kang/DelSIEVE/simulation_results/IndelSIEVE_benchmark_pipeline_sa_106/benchmark_results/simulated_data/results/cell_names	/raid/kang/DelSIEVE/simulation_results/IndelSIEVE_benchmark_pipeline_sa_106/benchmark_results/indelsieve/from_candidate/variant_calling/mt/no_cnv/smc_mudel_sa_stage_1/0002/indelsieve_median.cell_names	/raid/kang/DelSIEVE/simulation_results/IndelSIEVE_benchmark_pipeline_sa_106/benchmark_results/simulated_data/results/data_type/no_cnv/0002/true_evo_events_sites_names	/raid/kang/DelSIEVE/simulation_results/IndelSIEVE_benchmark_pipeline_sa_106/benchmark_results/indelsieve/from_candidate/variant_calling/mt/no_cnv/smc_mudel_sa_stage_1/0002/indelsieve_median.loci_info	/raid/kang/DelSIEVE/simulation_results/IndelSIEVE_benchmark_pipeline_sa_106/benchmark_results/simulated_data/results/data_type/no_cnv/0002/true_evo_events_genotypes_numeric	/raid/kang/DelSIEVE/simulation_results/IndelSIEVE_benchmark_pipeline_sa_106/benchmark_results/indelsieve/from_candidate/variant_calling/mt/no_cnv/smc_mudel_sa_stage_1/0002/indelsieve_median.genotypes	/raid/kang/DelSIEVE/simulation_results/IndelSIEVE_benchmark_pipeline_sa_106/benchmark_results/simulated_data/results/data_type/no_cnv/0002/true_evo_events_ternary_matrix.simple	/raid/kang/DelSIEVE/simulation_results/IndelSIEVE_benchmark_pipeline_sa_106/benchmark_results/indelsieve/from_candidate/variant_calling/mt/no_cnv/smc_mudel_sa_stage_1/0002/indelsieve_median.ternary	/raid/kang/DelSIEVE/simulation_results/IndelSIEVE_benchmark_pipeline_sa_106/benchmark_results/indelsieve/from_candidate/variant_calling/mt/no_cnv/smc_mudel_sa_stage_1/0002/indelsieve_median.probs	13924	115	13999	1602	0.8968182403709906	0.9918085333713228	0.9419245729748014	0.0081479382173728	12432	114	16861	211	0.9833109230404176	0.9909134385461502	0.9870975425781096	0.0067157584683357	9583	244	19544	247	0.9748728382502544	0.9751704487636104	0.9750216207966628	0.0123307054780675	1654	47	27813	104	0.9408418657565416	0.9723691945914168	0.9563457646718704	0.0016870064608758	1758	71	0	104	2442	69	22072	177	0.9324169530355098	0.972520908004779	0.0031163904069373	0.952046783625731	17	4	24731	8	0.68	0.8095238095238095	0.0001617141702041	0.7391304347826089	992	26	23679	63	0.9402843601895736	0.974459724950884	0.0010968150179287	0.9570670525808008	1406	66	23155	133	0.9135802469135802	0.9551630434782608	0.0028422548555187	0.9339090003321155	91	36	33	17	0	0	24760	0	NA	NA	0.0	NA
40	20	10	0.001999	0.3	3e-05	7.5e-06	0.0	0003	indelsieve	candidate_snvs	smc_mudel_sa_stage_1	mt	no_cnv	/raid/kang/DelSIEVE/simulation_results/IndelSIEVE_benchmark_pipeline_sa_106/benchmark_results/simulated_data/results/cell_names	/raid/kang/DelSIEVE/simulation_results/IndelSIEVE_benchmark_pipeline_sa_106/benchmark_results/indelsieve/from_candidate/variant_calling/mt/no_cnv/smc_mudel_sa_stage_1/0003/indelsieve_median.cell_names	/raid/kang/DelSIEVE/simulation_results/IndelSIEVE_benchmark_pipeline_sa_106/benchmark_results/simulated_data/results/data_type/no_cnv/0003/true_evo_events_sites_names	/raid/kang/DelSIEVE/simulation_results/IndelSIEVE_benchmark_pipeline_sa_106/benchmark_results/indelsieve/from_candidate/variant_calling/mt/no_cnv/smc_mudel_sa_stage_1/0003/indelsieve_median.loci_info	/raid/kang/DelSIEVE/simulation_results/IndelSIEVE_benchmark_pipeline_sa_106/benchmark_results/simulated_data/results/data_type/no_cnv/0003/true_evo_events_genotypes_numeric	/raid/kang/DelSIEVE/simulation_results/IndelSIEVE_benchmark_pipeline_sa_106/benchmark_results/indelsieve/from_candidate/variant_calling/mt/no_cnv/smc_mudel_sa_stage_1/0003/indelsieve_median.genotypes	/raid/kang/DelSIEVE/simulation_results/IndelSIEVE_benchmark_pipeline_sa_106/benchmark_results/simulated_data/results/data_type/no_cnv/0003/true_evo_events_ternary_matrix.simple	/raid/kang/DelSIEVE/simulation_results/IndelSIEVE_benchmark_pipeline_sa_106/benchmark_results/indelsieve/from_candidate/variant_calling/mt/no_cnv/smc_mudel_sa_stage_1/0003/indelsieve_median.ternary	/raid/kang/DelSIEVE/simulation_results/IndelSIEVE_benchmark_pipeline_sa_106/benchmark_results/indelsieve/from_candidate/variant_calling/mt/no_cnv/smc_mudel_sa_stage_1/0003/indelsieve_median.probs	8938	61	6272	729	0.9245888072825076	0.993221469052117	0.9576770598949964	0.0096320858992578	7605	78	8186	128	0.9834475623949308	0.9898477157360406	0.9866372599896212	0.0094385285575992	5596	174	10070	157	0.9727098904919173	0.9698440207972272	0.9712748416211056	0.0169855525185474	1161	31	14722	83	0.9332797427652731	0.973993288590604	0.9532019704433498	0.0021012675388056	1244	44	1	82	1998	39	11942	141	0.9340813464235624	0.9808541973490428	0.0032551539938235	0.956896551724138	117	25	13971	7	0.9435483870967742	0.823943661971831	0.0017862246356101	0.8796992481203008	690	31	13353	46	0.9375	0.957004160887656	0.0023161984459055	0.9471516815374056	1146	28	12813	133	0.8960125097732604	0.9761499148211245	0.0021805155361731	0.934366082348145	86	22	26	7	0	0	14120	0	NA	NA	0.0	NA
40	20	10	0.001999	0.3	3e-05	7.5e-06	0.0	0004	indelsieve	candidate_snvs	smc_mudel_sa_stage_1	mt	no_cnv	/raid/kang/DelSIEVE/simulation_results/IndelSIEVE_benchmark_pipeline_sa_106/benchmark_results/simulated_data/results/cell_names	/raid/kang/DelSIEVE/simulation_results/IndelSIEVE_benchmark_pipeline_sa_106/benchmark_results/indelsieve/from_candidate/variant_calling/mt/no_cnv/smc_mudel_sa_stage_1/0004/indelsieve_mode_gaussian.cell_names	/raid/kang/DelSIEVE/simulation_results/IndelSIEVE_benchmark_pipeline_sa_106/benchmark_results/simulated_data/results/data_type/no_cnv/0004/true_evo_events_sites_names	/raid/kang/DelSIEVE/simulation_results/IndelSIEVE_benchmark_pipeline_sa_106/benchmark_results/indelsieve/from_candidate/variant_calling/mt/no_cnv/smc_mudel_sa_stage_1/0004/indelsieve_mode_gaussian.loci_info	/raid/kang/DelSIEVE/simulation_results/IndelSIEVE_benchmark_pipeline_sa_106/benchmark_results/simulated_data/results/data_type/no_cnv/0004/true_evo_events_genotypes_numeric	/raid/kang/DelSIEVE/simulation_results/IndelSIEVE_benchmark_pipeline_sa_106/benchmark_results/indelsieve/from_candidate/variant_calling/mt/no_cnv/smc_mudel_sa_stage_1/0004/indelsieve_mode_gaussian.genotypes	/raid/kang/DelSIEVE/simulation_results/IndelSIEVE_benchmark_pipeline_sa_106/benchmark_results/simulated_data/results/data_type/no_cnv/0004/true_evo_events_ternary_matrix.simple	/raid/kang/DelSIEVE/simulation_results/IndelSIEVE_benchmark_pipeline_sa_106/benchmark_results/indelsieve/from_candidate/variant_calling/mt/no_cnv/smc_mudel_sa_stage_1/0004/indelsieve_mode_gaussian.ternary	/raid/kang/DelSIEVE/simulation_results/IndelSIEVE_benchmark_pipeline_sa_106/benchmark_results/indelsieve/from_candidate/variant_calling/mt/no_cnv/smc_mudel_sa_stage_1/0004/indelsieve_mode_gaussian.probs	8991	79	6886	764	0.9216811891337776	0.991289966923925	0.955219123505976	0.0113424264178033	7610	91	8845	168	0.978400617125225	0.9881833528113232	0.9832676529491567	0.010183527305282	5390	197	10936	191	0.9657767425192618	0.9647395740110972	0.9652578796561604	0.017695140573071	1205	43	15366	100	0.9233716475095786	0.9655448717948718	0.9439874657265962	0.0027905769355571	1305	58	1	99	2191	44	12131	114	0.9505422993492408	0.9803131991051454	0.0036139630390143	0.9651982378854626	18	27	14423	12	0.6	0.4	0.0018685121107266	0.48	831	35	13553	61	0.9316143497757848	0.9595842956120092	0.0025758021783926	0.9453924914675766	1280	44	13053	103	0.925524222704266	0.9667673716012084	0.0033595479880888	0.9456963428149244	59	17	23	15	0	0	14480	0	NA	NA	0.0	NA
40	20	10	0.001999	0.3	3e-05	7.5e-06	0.0	0005	indelsieve	candidate_snvs	smc_mudel_sa_stage_1	mt	no_cnv	/raid/kang/DelSIEVE/simulation_results/IndelSIEVE_benchmark_pipeline_sa_106/benchmark_results/simulated_data/results/cell_names	/raid/kang/DelSIEVE/simulation_results/IndelSIEVE_benchmark_pipeline_sa_106/benchmark_results/indelsieve/from_candidate/variant_calling/mt/no_cnv/smc_mudel_sa_stage_1/0005/indelsieve_median.cell_names	/raid/kang/DelSIEVE/simulation_results/IndelSIEVE_benchmark_pipeline_sa_106/benchmark_results/simulated_data/results/data_type/no_cnv/0005/true_evo_events_sites_names	/raid/kang/DelSIEVE/simulation_results/IndelSIEVE_benchmark_pipeline_sa_106/benchmark_results/indelsieve/from_candidate/variant_calling/mt/no_cnv/smc_mudel_sa_stage_1/0005/indelsieve_median.loci_info	/raid/kang/DelSIEVE/simulation_results/IndelSIEVE_benchmark_pipeline_sa_106/benchmark_results/simulated_data/results/data_type/no_cnv/0005/true_evo_events_genotypes_numeric	/raid/kang/DelSIEVE/simulation_results/IndelSIEVE_benchmark_pipeline_sa_106/benchmark_results/indelsieve/from_candidate/variant_calling/mt/no_cnv/smc_mudel_sa_stage_1/0005/indelsieve_median.genotypes	/raid/kang/DelSIEVE/simulation_results/IndelSIEVE_benchmark_pipeline_sa_106/benchmark_results/simulated_data/results/data_type/no_cnv/0005/true_evo_events_ternary_matrix.simple	/raid/kang/DelSIEVE/simulation_results/IndelSIEVE_benchmark_pipeline_sa_106/benchmark_results/indelsieve/from_candidate/variant_calling/mt/no_cnv/smc_mudel_sa_stage_1/0005/indelsieve_median.ternary	/raid/kang/DelSIEVE/simulation_results/IndelSIEVE_benchmark_pipeline_sa_106/benchmark_results/indelsieve/from_candidate/variant_calling/mt/no_cnv/smc_mudel_sa_stage_1/0005/indelsieve_median.probs	9609	136	16727	1448	0.8690422356877996	0.9860441251924064	0.9238534756273434	0.0080649943663642	8317	110	19132	350	0.9596169378100844	0.9869467188797912	0.9730899730899732	0.0057166614697016	7169	229	20146	365	0.9515529599150516	0.9690456880237902	0.9602196624698632	0.0112392638036809	585	18	27198	108	0.8441558441558441	0.9701492537313432	0.902777777777778	0.0006613756613756	693	74	5	103	1655	89	20164	172	0.905856595511768	0.9489678899082568	0.0043944107045869	0.9269112293475216	44	10	22019	7	0.8627450980392157	0.8148148148148148	0.0004539470697716	0.838095238095238	401	25	21615	39	0.9113636363636364	0.9413145539906104	0.0011552680221811	0.9260969976905312	1177	87	20657	159	0.8809880239520959	0.9311708860759492	0.0041939838025453	0.9053846153846156	118	27	25	2	0	0	22080	0	NA	NA	0.0	NA
40	20	10	0.001999	0.3	3e-05	7.5e-06	0.0	0006	indelsieve	candidate_snvs	smc_mudel_sa_stage_1	mt	no_cnv	/raid/kang/DelSIEVE/simulation_results/IndelSIEVE_benchmark_pipeline_sa_106/benchmark_results/simulated_data/results/cell_names	/raid/kang/DelSIEVE/simulation_results/IndelSIEVE_benchmark_pipeline_sa_106/benchmark_results/indelsieve/from_candidate/variant_calling/mt/no_cnv/smc_mudel_sa_stage_1/0006/indelsieve_median.cell_names	/raid/kang/DelSIEVE/simulation_results/IndelSIEVE_benchmark_pipeline_sa_106/benchmark_results/simulated_data/results/data_type/no_cnv/0006/true_evo_events_sites_names	/raid/kang/DelSIEVE/simulation_results/IndelSIEVE_benchmark_pipeline_sa_106/benchmark_results/indelsieve/from_candidate/variant_calling/mt/no_cnv/smc_mudel_sa_stage_1/0006/indelsieve_median.loci_info	/raid/kang/DelSIEVE/simulation_results/IndelSIEVE_benchmark_pipeline_sa_106/benchmark_results/simulated_data/results/data_type/no_cnv/0006/true_evo_events_genotypes_numeric	/raid/kang/DelSIEVE/simulation_results/IndelSIEVE_benchmark_pipeline_sa_106/benchmark_results/indelsieve/from_candidate/variant_calling/mt/no_cnv/smc_mudel_sa_stage_1/0006/indelsieve_median.genotypes	/raid/kang/DelSIEVE/simulation_results/IndelSIEVE_benchmark_pipeline_sa_106/benchmark_results/simulated_data/results/data_type/no_cnv/0006/true_evo_events_ternary_matrix.simple	/raid/kang/DelSIEVE/simulation_results/IndelSIEVE_benchmark_pipeline_sa_106/benchmark_results/indelsieve/from_candidate/variant_calling/mt/no_cnv/smc_mudel_sa_stage_1/0006/indelsieve_median.ternary	/raid/kang/DelSIEVE/simulation_results/IndelSIEVE_benchmark_pipeline_sa_106/benchmark_results/indelsieve/from_candidate/variant_calling/mt/no_cnv/smc_mudel_sa_stage_1/0006/indelsieve_median.probs	7448	26	3447	519	0.9348562821639262	0.9965212737489966	0.9647043585260024	0.0074863230636337	6244	45	5049	92	0.985479797979798	0.99284464938782	0.9891485148514852	0.0088339222614841	4009	105	7205	111	0.9730582524271844	0.9744773942634906	0.9737673062909884	0.0143638850889192	1189	20	10161	60	0.9519615692554044	0.9834574028122416	0.967453213995118	0.0019644435713584	1249	17	1	59	2107	44	7907	62	0.9714153988012908	0.9795443979544398	0.0055338951075336	0.975462962962963	105	14	9991	10	0.9130434782608696	0.8823529411764706	0.001399300349825	0.8974358974358972	927	39	9114	40	0.9586349534643226	0.9596273291925466	0.0042608980662078	0.959130884635282	1034	32	9001	53	0.9512419503219872	0.9699812382739212	0.0035425661463522	0.9605202043660008	20	11	18	13	0	0	10120	0	NA	NA	0.0	NA
40	20	10	0.001999	0.3	3e-05	7.5e-06	0.0	0007	indelsieve	candidate_snvs	smc_mudel_sa_stage_1	mt	no_cnv	/raid/kang/DelSIEVE/simulation_results/IndelSIEVE_benchmark_pipeline_sa_106/benchmark_results/simulated_data/results/cell_names	/raid/kang/DelSIEVE/simulation_results/IndelSIEVE_benchmark_pipeline_sa_106/benchmark_results/indelsieve/from_candidate/variant_calling/mt/no_cnv/smc_mudel_sa_stage_1/0007/indelsieve_median.cell_names	/raid/kang/DelSIEVE/simulation_results/IndelSIEVE_benchmark_pipeline_sa_106/benchmark_results/simulated_data/results/data_type/no_cnv/0007/true_evo_events_sites_names	/raid/kang/DelSIEVE/simulation_results/IndelSIEVE_benchmark_pipeline_sa_106/benchmark_results/indelsieve/from_candidate/variant_calling/mt/no_cnv/smc_mudel_sa_stage_1/0007/indelsieve_median.loci_info	/raid/kang/DelSIEVE/simulation_results/IndelSIEVE_benchmark_pipeline_sa_106/benchmark_results/simulated_data/results/data_type/no_cnv/0007/true_evo_events_genotypes_numeric	/raid/kang/DelSIEVE/simulation_results/IndelSIEVE_benchmark_pipeline_sa_106/benchmark_results/indelsieve/from_candidate/variant_calling/mt/no_cnv/smc_mudel_sa_stage_1/0007/indelsieve_median.genotypes	/raid/kang/DelSIEVE/simulation_results/IndelSIEVE_benchmark_pipeline_sa_106/benchmark_results/simulated_data/results/data_type/no_cnv/0007/true_evo_events_ternary_matrix.simple	/raid/kang/DelSIEVE/simulation_results/IndelSIEVE_benchmark_pipeline_sa_106/benchmark_results/indelsieve/from_candidate/variant_calling/mt/no_cnv/smc_mudel_sa_stage_1/0007/indelsieve_median.ternary	/raid/kang/DelSIEVE/simulation_results/IndelSIEVE_benchmark_pipeline_sa_106/benchmark_results/indelsieve/from_candidate/variant_calling/mt/no_cnv/smc_mudel_sa_stage_1/0007/indelsieve_median.probs	9060	122	14693	1405	0.8657429526994744	0.9867131343933784	0.9222782104138036	0.0082348970637867	7779	110	16996	365	0.9551817288801572	0.9860565344150084	0.9703736044408408	0.0064304922249503	6545	243	18068	394	0.9432194840755151	0.964201532115498	0.9535951045385008	0.0132707115941237	661	40	24433	116	0.8507078507078507	0.9429386590584878	0.8944519621109608	0.0016344542965717	777	77	3	113	1621	72	17753	194	0.8931129476584022	0.9574719432959244	0.004039270687237	0.9241733181299886	12	32	19585	11	0.5217391304347826	0.2727272727272727	0.0016312382117551	0.3582089552238806	369	31	19181	59	0.8621495327102804	0.9225	0.0016135748490526	0.891304347826087	1177	72	18204	187	0.8629032258064516	0.9423538831064852	0.0039395929087327	0.90088021431305	130	24	29	11	0	0	19640	0	NA	NA	0.0	NA
40	20	10	0.001999	0.3	3e-05	7.5e-06	0.0	0008	indelsieve	candidate_snvs	smc_mudel_sa_stage_1	mt	no_cnv	/raid/kang/DelSIEVE/simulation_results/IndelSIEVE_benchmark_pipeline_sa_106/benchmark_results/simulated_data/results/cell_names	/raid/kang/DelSIEVE/simulation_results/IndelSIEVE_benchmark_pipeline_sa_106/benchmark_results/indelsieve/from_candidate/variant_calling/mt/no_cnv/smc_mudel_sa_stage_1/0008/indelsieve_median.cell_names	/raid/kang/DelSIEVE/simulation_results/IndelSIEVE_benchmark_pipeline_sa_106/benchmark_results/simulated_data/results/data_type/no_cnv/0008/true_evo_events_sites_names	/raid/kang/DelSIEVE/simulation_results/IndelSIEVE_benchmark_pipeline_sa_106/benchmark_results/indelsieve/from_candidate/variant_calling/mt/no_cnv/smc_mudel_sa_stage_1/0008/indelsieve_median.loci_info	/raid/kang/DelSIEVE/simulation_results/IndelSIEVE_benchmark_pipeline_sa_106/benchmark_results/simulated_data/results/data_type/no_cnv/0008/true_evo_events_genotypes_numeric	/raid/kang/DelSIEVE/simulation_results/IndelSIEVE_benchmark_pipeline_sa_106/benchmark_results/indelsieve/from_candidate/variant_calling/mt/no_cnv/smc_mudel_sa_stage_1/0008/indelsieve_median.genotypes	/raid/kang/DelSIEVE/simulation_results/IndelSIEVE_benchmark_pipeline_sa_106/benchmark_results/simulated_data/results/data_type/no_cnv/0008/true_evo_events_ternary_matrix.simple	/raid/kang/DelSIEVE/simulation_results/IndelSIEVE_benchmark_pipeline_sa_106/benchmark_results/indelsieve/from_candidate/variant_calling/mt/no_cnv/smc_mudel_sa_stage_1/0008/indelsieve_median.ternary	/raid/kang/DelSIEVE/simulation_results/IndelSIEVE_benchmark_pipeline_sa_106/benchmark_results/indelsieve/from_candidate/variant_calling/mt/no_cnv/smc_mudel_sa_stage_1/0008/indelsieve_median.probs	9373	203	17791	1273	0.8804245726094307	0.9788011695906432	0.927010186925131	0.0112815382905412	7952	116	20189	356	0.9571497351949928	0.9856222112047596	0.9711773326819736	0.0057128786013297	6808	249	21164	392	0.9455555555555556	0.964715884936942	0.9550396296556078	0.011628450007005	622	28	27848	115	0.8439620081411127	0.9569230769230768	0.89689978370584	0.001004448270914	737	90	0	115	1719	150	21138	193	0.8990585774058577	0.9197431781701444	0.0070462232243517	0.9092832583972492	29	20	23146	5	0.8529411764705882	0.5918367346938775	0.0008633341966675	0.6987951807228915	330	31	22798	41	0.889487870619946	0.9141274238227148	0.0013579219413903	0.9016393442622952	1321	138	21555	186	0.8765759787657598	0.9054146675805346	0.0063614991010925	0.8907619689817937	140	17	27	9	0	0	23200	0	NA	NA	0.0	NA
40	20	10	0.001999	0.3	3e-05	7.5e-06	0.0	0009	indelsieve	candidate_snvs	smc_mudel_sa_stage_1	mt	no_cnv	/raid/kang/DelSIEVE/simulation_results/IndelSIEVE_benchmark_pipeline_sa_106/benchmark_results/simulated_data/results/cell_names	/raid/kang/DelSIEVE/simulation_results/IndelSIEVE_benchmark_pipeline_sa_106/benchmark_results/indelsieve/from_candidate/variant_calling/mt/no_cnv/smc_mudel_sa_stage_1/0009/indelsieve_mode_gaussian.cell_names	/raid/kang/DelSIEVE/simulation_results/IndelSIEVE_benchmark_pipeline_sa_106/benchmark_results/simulated_data/results/data_type/no_cnv/0009/true_evo_events_sites_names	/raid/kang/DelSIEVE/simulation_results/IndelSIEVE_benchmark_pipeline_sa_106/benchmark_results/indelsieve/from_candidate/variant_calling/mt/no_cnv/smc_mudel_sa_stage_1/0009/indelsieve_mode_gaussian.loci_info	/raid/kang/DelSIEVE/simulation_results/IndelSIEVE_benchmark_pipeline_sa_106/benchmark_results/simulated_data/results/data_type/no_cnv/0009/true_evo_events_genotypes_numeric	/raid/kang/DelSIEVE/simulation_results/IndelSIEVE_benchmark_pipeline_sa_106/benchmark_results/indelsieve/from_candidate/variant_calling/mt/no_cnv/smc_mudel_sa_stage_1/0009/indelsieve_mode_gaussian.genotypes	/raid/kang/DelSIEVE/simulation_results/IndelSIEVE_benchmark_pipeline_sa_106/benchmark_results/simulated_data/results/data_type/no_cnv/0009/true_evo_events_ternary_matrix.simple	/raid/kang/DelSIEVE/simulation_results/IndelSIEVE_benchmark_pipeline_sa_106/benchmark_results/indelsieve/from_candidate/variant_calling/mt/no_cnv/smc_mudel_sa_stage_1/0009/indelsieve_mode_gaussian.ternary	/raid/kang/DelSIEVE/simulation_results/IndelSIEVE_benchmark_pipeline_sa_106/benchmark_results/indelsieve/from_candidate/variant_calling/mt/no_cnv/smc_mudel_sa_stage_1/0009/indelsieve_mode_gaussian.probs	10574	95	16914	1977	0.8424826707035296	0.9910956978161028	0.9107665805340224	0.005585278382033	9350	99	19740	349	0.9640169089596866	0.989522700814901	0.9766033006058074	0.0049901708755481	7688	208	21271	371	0.9539645117260206	0.9736575481256332	0.9637104356001254	0.0096838772754783	886	30	28532	90	0.9077868852459016	0.9672489082969432	0.9365750528541228	0.0010503466143827	976	64	7	83	1801	56	20430	233	0.8854473942969519	0.9698438341410878	0.0027335741481987	0.9257260344384476	21	22	22471	6	0.7777777777777778	0.4883720930232558	0.0009780820699773	0.6000000000000001	602	35	21821	62	0.9066265060240964	0.945054945054945	0.0016013909224011	0.9254419677171406	1126	51	21126	217	0.8384214445271779	0.9566694987255736	0.0024082731265051	0.8936507936507936	160	22	39	12	0	0	22520	0	NA	NA	0.0	NA
40	20	10	0.001999	0.3	3e-05	7.5e-06	0.0	0010	indelsieve	candidate_snvs	smc_mudel_sa_stage_1	mt	no_cnv	/raid/kang/DelSIEVE/simulation_results/IndelSIEVE_benchmark_pipeline_sa_106/benchmark_results/simulated_data/results/cell_names	/raid/kang/DelSIEVE/simulation_results/IndelSIEVE_benchmark_pipeline_sa_106/benchmark_results/indelsieve/from_candidate/variant_calling/mt/no_cnv/smc_mudel_sa_stage_1/0010/indelsieve_median.cell_names	/raid/kang/DelSIEVE/simulation_results/IndelSIEVE_benchmark_pipeline_sa_106/benchmark_results/simulated_data/results/data_type/no_cnv/0010/true_evo_events_sites_names	/raid/kang/DelSIEVE/simulation_results/IndelSIEVE_benchmark_pipeline_sa_106/benchmark_results/indelsieve/from_candidate/variant_calling/mt/no_cnv/smc_mudel_sa_stage_1/0010/indelsieve_median.loci_info	/raid/kang/DelSIEVE/simulation_results/IndelSIEVE_benchmark_pipeline_sa_106/benchmark_results/simulated_data/results/data_type/no_cnv/0010/true_evo_events_genotypes_numeric	/raid/kang/DelSIEVE/simulation_results/IndelSIEVE_benchmark_pipeline_sa_106/benchmark_results/indelsieve/from_candidate/variant_calling/mt/no_cnv/smc_mudel_sa_stage_1/0010/indelsieve_median.genotypes	/raid/kang/DelSIEVE/simulation_results/IndelSIEVE_benchmark_pipeline_sa_106/benchmark_results/simulated_data/results/data_type/no_cnv/0010/true_evo_events_ternary_matrix.simple	/raid/kang/DelSIEVE/simulation_results/IndelSIEVE_benchmark_pipeline_sa_106/benchmark_results/indelsieve/from_candidate/variant_calling/mt/no_cnv/smc_mudel_sa_stage_1/0010/indelsieve_median.ternary	/raid/kang/DelSIEVE/simulation_results/IndelSIEVE_benchmark_pipeline_sa_106/benchmark_results/indelsieve/from_candidate/variant_calling/mt/no_cnv/smc_mudel_sa_stage_1/0010/indelsieve_median.probs	8758	77	8510	1495	0.8541890178484346	0.9912846632710808	0.9176445934618608	0.0089670432048445	7734	69	10795	219	0.972463221425877	0.9911572472126106	0.9817212490479816	0.0063512518409425	5698	168	12682	269	0.954918719624602	0.9713603818615753	0.9630693822361192	0.0130739299610894	1156	38	17528	95	0.9240607513988808	0.9681742043551088	0.94560327198364	0.0021632699533189	1251	34	2	93	1689	86	13130	135	0.9259868421052632	0.951549295774648	0.0065072639225181	0.9385940539038622	75	13	14941	11	0.872093023255814	0.8522727272727273	0.0008693326200347	0.8620689655172414	691	52	14253	44	0.9401360544217688	0.930013458950202	0.0036350926249563	0.9350473612990527	878	66	13971	125	0.8753738783649053	0.9300847457627118	0.0047018593716606	0.9019003595274782	81	15	26	13	0	0	15040	0	NA	NA	0.0	NA
40	20	10	0.001999	0.3	3e-05	7.5e-06	0.0	0001	sieve	candidate_snvs	smc_mu_sa_stage_1-smc_mu_sa_stage_2	mt	no_cnv	/raid/kang/DelSIEVE/simulation_results/IndelSIEVE_benchmark_pipeline_sa_106/benchmark_results/simulated_data/results/cell_names	/raid/kang/DelSIEVE/simulation_results/IndelSIEVE_benchmark_pipeline_sa_106/benchmark_results/indelsieve/from_candidate/variant_calling/stage2/mt/no_cnv/smc_mu_sa_stage_1-smc_mu_sa_stage_2/0001/indelsieve_median.cell_names	/raid/kang/DelSIEVE/simulation_results/IndelSIEVE_benchmark_pipeline_sa_106/benchmark_results/simulated_data/results/data_type/no_cnv/0001/true_evo_events_sites_names	/raid/kang/DelSIEVE/simulation_results/IndelSIEVE_benchmark_pipeline_sa_106/benchmark_results/indelsieve/from_candidate/variant_calling/stage2/mt/no_cnv/smc_mu_sa_stage_1-smc_mu_sa_stage_2/0001/indelsieve_median.loci_info	/raid/kang/DelSIEVE/simulation_results/IndelSIEVE_benchmark_pipeline_sa_106/benchmark_results/simulated_data/results/data_type/no_cnv/0001/true_evo_events_genotypes_numeric	/raid/kang/DelSIEVE/simulation_results/IndelSIEVE_benchmark_pipeline_sa_106/benchmark_results/indelsieve/from_candidate/variant_calling/stage2/mt/no_cnv/smc_mu_sa_stage_1-smc_mu_sa_stage_2/0001/indelsieve_median.genotypes	/raid/kang/DelSIEVE/simulation_results/IndelSIEVE_benchmark_pipeline_sa_106/benchmark_results/simulated_data/results/data_type/no_cnv/0001/true_evo_events_ternary_matrix.simple	/raid/kang/DelSIEVE/simulation_results/IndelSIEVE_benchmark_pipeline_sa_106/benchmark_results/indelsieve/from_candidate/variant_calling/stage2/mt/no_cnv/smc_mu_sa_stage_1-smc_mu_sa_stage_2/0001/indelsieve_median.ternary	/raid/kang/DelSIEVE/simulation_results/IndelSIEVE_benchmark_pipeline_sa_106/benchmark_results/indelsieve/from_candidate/variant_calling/stage2/mt/no_cnv/smc_mu_sa_stage_1-smc_mu_sa_stage_2/0001/indelsieve_median.probs	6549	117	8742	1992	0.7667720407446434	0.9824482448244825	0.8613138686131387	0.0132069082289197	6451	215	10517	194	0.9708051166290445	0.9677467746774676	0.9692735331680564	0.0200335445396943	5240	567	11376	194	0.9642988590357012	0.9023592216290685	0.932301396672894	0.0474755086661642	566	293	16382	136	0.8062678062678063	0.6589057043073341	0.7251761691223575	0.0175712143928035	702	117	2	134	0	0	13042	1718	0.0	NA	0.0	NA	0	0	14694	66	0.0	NA	0.0	NA	0	0	14251	509	0.0	NA	0.0	NA	0	0	13617	1143	0.0	NA	0.0	NA	1052	88	221	285	0	0	14760	0	NA	NA	0.0	NA
40	20	10	0.001999	0.3	3e-05	7.5e-06	0.0	0001	indelsieve	candidate_snvs	smc_mudel_sa_stage_1-smc_mudel_sa_stage_2	mt	no_cnv	/raid/kang/DelSIEVE/simulation_results/IndelSIEVE_benchmark_pipeline_sa_106/benchmark_results/simulated_data/results/cell_names	/raid/kang/DelSIEVE/simulation_results/IndelSIEVE_benchmark_pipeline_sa_106/benchmark_results/indelsieve/from_candidate/variant_calling/stage2/mt/no_cnv/smc_mudel_sa_stage_1-smc_mudel_sa_stage_2/0001/indelsieve_median.cell_names	/raid/kang/DelSIEVE/simulation_results/IndelSIEVE_benchmark_pipeline_sa_106/benchmark_results/simulated_data/results/data_type/no_cnv/0001/true_evo_events_sites_names	/raid/kang/DelSIEVE/simulation_results/IndelSIEVE_benchmark_pipeline_sa_106/benchmark_results/indelsieve/from_candidate/variant_calling/stage2/mt/no_cnv/smc_mudel_sa_stage_1-smc_mudel_sa_stage_2/0001/indelsieve_median.loci_info	/raid/kang/DelSIEVE/simulation_results/IndelSIEVE_benchmark_pipeline_sa_106/benchmark_results/simulated_data/results/data_type/no_cnv/0001/true_evo_events_genotypes_numeric	/raid/kang/DelSIEVE/simulation_results/IndelSIEVE_benchmark_pipeline_sa_106/benchmark_results/indelsieve/from_candidate/variant_calling/stage2/mt/no_cnv/smc_mudel_sa_stage_1-smc_mudel_sa_stage_2/0001/indelsieve_median.genotypes	/raid/kang/DelSIEVE/simulation_results/IndelSIEVE_benchmark_pipeline_sa_106/benchmark_results/simulated_data/results/data_type/no_cnv/0001/true_evo_events_ternary_matrix.simple	/raid/kang/DelSIEVE/simulation_results/IndelSIEVE_benchmark_pipeline_sa_106/benchmark_results/indelsieve/from_candidate/variant_calling/stage2/mt/no_cnv/smc_mudel_sa_stage_1-smc_mudel_sa_stage_2/0001/indelsieve_median.ternary	/raid/kang/DelSIEVE/simulation_results/IndelSIEVE_benchmark_pipeline_sa_106/benchmark_results/indelsieve/from_candidate/variant_calling/stage2/mt/no_cnv/smc_mudel_sa_stage_1-smc_mudel_sa_stage_2/0001/indelsieve_median.probs	7563	136	8723	978	0.885493501931858	0.9823353682296402	0.9314039408866994	0.0153516198216502	6465	178	10554	180	0.9729119638826184	0.9732048773144664	0.9730583985550872	0.0165859112933283	5247	319	11610	201	0.9631057268722468	0.9426877470355732	0.9527873615398584	0.0267415541956576	567	12	16677	121	0.8241279069767442	0.9792746113989638	0.8950276243093923	0.0007190364911019	688	123	2	119	1521	33	13009	197	0.8853317811408614	0.9787644787644788	0.0025302867658334	0.9297066014669926	46	0	14694	20	0.696969696969697	1.0	0.0	0.8214285714285715	463	35	14216	46	0.9096267190569745	0.929718875502008	0.0024559680022454	0.9195630585898708	974	36	13581	169	0.8521434820647419	0.9643564356435644	0.0026437541308658	0.9047840222944727	117	38	39	3	0	0	14760	0	NA	NA	0.0	NA
40	20	10	0.001999	0.3	3e-05	7.5e-06	0.0	0002	sieve	candidate_snvs	smc_mu_sa_stage_1-smc_mu_sa_stage_2	mt	no_cnv	/raid/kang/DelSIEVE/simulation_results/IndelSIEVE_benchmark_pipeline_sa_106/benchmark_results/simulated_data/results/cell_names	/raid/kang/DelSIEVE/simulation_results/IndelSIEVE_benchmark_pipeline_sa_106/benchmark_results/indelsieve/from_candidate/variant_calling/stage2/mt/no_cnv/smc_mu_sa_stage_1-smc_mu_sa_stage_2/0002/indelsieve_median.cell_names	/raid/kang/DelSIEVE/simulation_results/IndelSIEVE_benchmark_pipeline_sa_106/benchmark_results/simulated_data/results/data_type/no_cnv/0002/true_evo_events_sites_names	/raid/kang/DelSIEVE/simulation_results/IndelSIEVE_benchmark_pipeline_sa_106/benchmark_results/indelsieve/from_candidate/variant_calling/stage2/mt/no_cnv/smc_mu_sa_stage_1-smc_mu_sa_stage_2/0002/indelsieve_median.loci_info	/raid/kang/DelSIEVE/simulation_results/IndelSIEVE_benchmark_pipeline_sa_106/benchmark_results/simulated_data/results/data_type/no_cnv/0002/true_evo_events_genotypes_numeric	/raid/kang/DelSIEVE/simulation_results/IndelSIEVE_benchmark_pipeline_sa_106/benchmark_results/indelsieve/from_candidate/variant_calling/stage2/mt/no_cnv/smc_mu_sa_stage_1-smc_mu_sa_stage_2/0002/indelsieve_median.genotypes	/raid/kang/DelSIEVE/simulation_results/IndelSIEVE_benchmark_pipeline_sa_106/benchmark_results/simulated_data/results/data_type/no_cnv/0002/true_evo_events_ternary_matrix.simple	/raid/kang/DelSIEVE/simulation_results/IndelSIEVE_benchmark_pipeline_sa_106/benchmark_results/indelsieve/from_candidate/variant_calling/stage2/mt/no_cnv/smc_mu_sa_stage_1-smc_mu_sa_stage_2/0002/indelsieve_median.ternary	/raid/kang/DelSIEVE/simulation_results/IndelSIEVE_benchmark_pipeline_sa_106/benchmark_results/indelsieve/from_candidate/variant_calling/stage2/mt/no_cnv/smc_mu_sa_stage_1-smc_mu_sa_stage_2/0002/indelsieve_median.probs	12558	107	14007	2968	0.8088367899008115	0.9915515199368338	0.8909226348834736	0.0075811251239903	12445	220	16755	198	0.9843391600094914	0.9826292933280696	0.9834834834834836	0.012960235640648	9613	625	19173	207	0.9789205702647658	0.9389529204922836	0.9585202911556486	0.0315688453379129	1627	800	27050	141	0.9202488687782804	0.6703749484960857	0.7756853396901072	0.0287253141831238	1768	107	0	141	0	0	22141	2619	0.0	NA	0.0	NA	0	0	24735	25	0.0	NA	0.0	NA	0	0	23705	1055	0.0	NA	0.0	NA	0	0	23221	1539	0.0	NA	0.0	NA	1432	107	264	783	0	0	24760	0	NA	NA	0.0	NA
40	20	10	0.001999	0.3	3e-05	7.5e-06	0.0	0002	indelsieve	candidate_snvs	smc_mudel_sa_stage_1-smc_mudel_sa_stage_2	mt	no_cnv	/raid/kang/DelSIEVE/simulation_results/IndelSIEVE_benchmark_pipeline_sa_106/benchmark_results/simulated_data/results/cell_names	/raid/kang/DelSIEVE/simulation_results/IndelSIEVE_benchmark_pipeline_sa_106/benchmark_results/indelsieve/from_candidate/variant_calling/stage2/mt/no_cnv/smc_mudel_sa_stage_1-smc_mudel_sa_stage_2/0002/indelsieve_median.cell_names	/raid/kang/DelSIEVE/simulation_results/IndelSIEVE_benchmark_pipeline_sa_106/benchmark_results/simulated_data/results/data_type/no_cnv/0002/true_evo_events_sites_names	/raid/kang/DelSIEVE/simulation_results/IndelSIEVE_benchmark_pipeline_sa_106/benchmark_results/indelsieve/from_candidate/variant_calling/stage2/mt/no_cnv/smc_mudel_sa_stage_1-smc_mudel_sa_stage_2/0002/indelsieve_median.loci_info	/raid/kang/DelSIEVE/simulation_results/IndelSIEVE_benchmark_pipeline_sa_106/benchmark_results/simulated_data/results/data_type/no_cnv/0002/true_evo_events_genotypes_numeric	/raid/kang/DelSIEVE/simulation_results/IndelSIEVE_benchmark_pipeline_sa_106/benchmark_results/indelsieve/from_candidate/variant_calling/stage2/mt/no_cnv/smc_mudel_sa_stage_1-smc_mudel_sa_stage_2/0002/indelsieve_median.genotypes	/raid/kang/DelSIEVE/simulation_results/IndelSIEVE_benchmark_pipeline_sa_106/benchmark_results/simulated_data/results/data_type/no_cnv/0002/true_evo_events_ternary_matrix.simple	/raid/kang/DelSIEVE/simulation_results/IndelSIEVE_benchmark_pipeline_sa_106/benchmark_results/indelsieve/from_candidate/variant_calling/stage2/mt/no_cnv/smc_mudel_sa_stage_1-smc_mudel_sa_stage_2/0002/indelsieve_median.ternary	/raid/kang/DelSIEVE/simulation_results/IndelSIEVE_benchmark_pipeline_sa_106/benchmark_results/indelsieve/from_candidate/variant_calling/stage2/mt/no_cnv/smc_mudel_sa_stage_1-smc_mudel_sa_stage_2/0002/indelsieve_median.probs	13921	133	13981	1605	0.8966250161020224	0.9905365020634694	0.9412440838404328	0.0094232676774833	12450	159	16816	193	0.9847346357668276	0.9873899595527004	0.9860605100586094	0.0093667157584683	9618	321	19473	206	0.9790309446254072	0.967702988228192	0.9733340079947376	0.0162170354652925	1634	33	27821	130	0.9263038548752834	0.9802039592081584	0.9524919848440688	0.0011847490486106	1764	113	0	130	2419	29	22112	200	0.923634975181367	0.988153594771242	0.0013097872724809	0.9548056048944148	17	0	24735	8	0.68	1.0	0.0	0.8095238095238095	989	14	23691	66	0.9374407582938388	0.9860418743768694	0.0005905927019616	0.9611273080660836	1390	38	23183	149	0.903183885640026	0.9733893557422968	0.0016364497652986	0.9369733737782272	104	39	39	18	0	0	24760	0	NA	NA	0.0	NA
40	20	10	0.001999	0.3	3e-05	7.5e-06	0.0	0003	sieve	candidate_snvs	smc_mu_sa_stage_1-smc_mu_sa_stage_2	mt	no_cnv	/raid/kang/DelSIEVE/simulation_results/IndelSIEVE_benchmark_pipeline_sa_106/benchmark_results/simulated_data/results/cell_names	/raid/kang/DelSIEVE/simulation_results/IndelSIEVE_benchmark_pipeline_sa_106/benchmark_results/indelsieve/from_candidate/variant_calling/stage2/mt/no_cnv/smc_mu_sa_stage_1-smc_mu_sa_stage_2/0003/indelsieve_median.cell_names	/raid/kang/DelSIEVE/simulation_results/IndelSIEVE_benchmark_pipeline_sa_106/benchmark_results/simulated_data/results/data_type/no_cnv/0003/true_evo_events_sites_names	/raid/kang/DelSIEVE/simulation_results/IndelSIEVE_benchmark_pipeline_sa_106/benchmark_results/indelsieve/from_candidate/variant_calling/stage2/mt/no_cnv/smc_mu_sa_stage_1-smc_mu_sa_stage_2/0003/indelsieve_median.loci_info	/raid/kang/DelSIEVE/simulation_results/IndelSIEVE_benchmark_pipeline_sa_106/benchmark_results/simulated_data/results/data_type/no_cnv/0003/true_evo_events_genotypes_numeric	/raid/kang/DelSIEVE/simulation_results/IndelSIEVE_benchmark_pipeline_sa_106/benchmark_results/indelsieve/from_candidate/variant_calling/stage2/mt/no_cnv/smc_mu_sa_stage_1-smc_mu_sa_stage_2/0003/indelsieve_median.genotypes	/raid/kang/DelSIEVE/simulation_results/IndelSIEVE_benchmark_pipeline_sa_106/benchmark_results/simulated_data/results/data_type/no_cnv/0003/true_evo_events_ternary_matrix.simple	/raid/kang/DelSIEVE/simulation_results/IndelSIEVE_benchmark_pipeline_sa_106/benchmark_results/indelsieve/from_candidate/variant_calling/stage2/mt/no_cnv/smc_mu_sa_stage_1-smc_mu_sa_stage_2/0003/indelsieve_median.ternary	/raid/kang/DelSIEVE/simulation_results/IndelSIEVE_benchmark_pipeline_sa_106/benchmark_results/indelsieve/from_candidate/variant_calling/stage2/mt/no_cnv/smc_mu_sa_stage_1-smc_mu_sa_stage_2/0003/indelsieve_median.probs	7777	98	6235	1890	0.8044895003620565	0.9875555555555556	0.8866719872306464	0.015474498657824	7629	246	8018	104	0.9865511444458812	0.9687619047619048	0.9775756022552536	0.0297676669893514	5638	520	9732	107	0.9813751087902524	0.9155569990256576	0.9473242039821892	0.0507218103784627	1126	591	14154	126	0.8993610223642172	0.6557949912638322	0.758504546985517	0.0400813835198372	1252	98	1	125	0	0	11981	2139	0.0	NA	0.0	NA	0	0	13996	124	0.0	NA	0.0	NA	0	0	13384	736	0.0	NA	0.0	NA	0	0	12841	1279	0.0	NA	0.0	NA	1181	97	165	566	0	0	14120	0	NA	NA	0.0	NA
40	20	10	0.001999	0.3	3e-05	7.5e-06	0.0	0003	indelsieve	candidate_snvs	smc_mudel_sa_stage_1-smc_mudel_sa_stage_2	mt	no_cnv	/raid/kang/DelSIEVE/simulation_results/IndelSIEVE_benchmark_pipeline_sa_106/benchmark_results/simulated_data/results/cell_names	/raid/kang/DelSIEVE/simulation_results/IndelSIEVE_benchmark_pipeline_sa_106/benchmark_results/indelsieve/from_candidate/variant_calling/stage2/mt/no_cnv/smc_mudel_sa_stage_1-smc_mudel_sa_stage_2/0003/indelsieve_median.cell_names	/raid/kang/DelSIEVE/simulation_results/IndelSIEVE_benchmark_pipeline_sa_106/benchmark_results/simulated_data/results/data_type/no_cnv/0003/true_evo_events_sites_names	/raid/kang/DelSIEVE/simulation_results/IndelSIEVE_benchmark_pipeline_sa_106/benchmark_results/indelsieve/from_candidate/variant_calling/stage2/mt/no_cnv/smc_mudel_sa_stage_1-smc_mudel_sa_stage_2/0003/indelsieve_median.loci_info	/raid/kang/DelSIEVE/simulation_results/IndelSIEVE_benchmark_pipeline_sa_106/benchmark_results/simulated_data/results/data_type/no_cnv/0003/true_evo_events_genotypes_numeric	/raid/kang/DelSIEVE/simulation_results/IndelSIEVE_benchmark_pipeline_sa_106/benchmark_results/indelsieve/from_candidate/variant_calling/stage2/mt/no_cnv/smc_mudel_sa_stage_1-smc_mudel_sa_stage_2/0003/indelsieve_median.genotypes	/raid/kang/DelSIEVE/simulation_results/IndelSIEVE_benchmark_pipeline_sa_106/benchmark_results/simulated_data/results/data_type/no_cnv/0003/true_evo_events_ternary_matrix.simple	/raid/kang/DelSIEVE/simulation_results/IndelSIEVE_benchmark_pipeline_sa_106/benchmark_results/indelsieve/from_candidate/variant_calling/stage2/mt/no_cnv/smc_mudel_sa_stage_1-smc_mudel_sa_stage_2/0003/indelsieve_median.ternary	/raid/kang/DelSIEVE/simulation_results/IndelSIEVE_benchmark_pipeline_sa_106/benchmark_results/indelsieve/from_candidate/variant_calling/stage2/mt/no_cnv/smc_mudel_sa_stage_1-smc_mudel_sa_stage_2/0003/indelsieve_median.probs	8964	97	6236	703	0.9272783697113892	0.9892947798256264	0.9572832123024348	0.0153165956102952	7627	124	8140	106	0.986292512608302	0.9840020642497742	0.985145957117024	0.0150048402710551	5634	254	9993	116	0.9798260869565216	0.9568614130434784	0.9682075958068396	0.0247877427539767	1133	19	14731	114	0.9085805934242182	0.9835069444444444	0.944560233430596	0.0012881355932203	1247	76	1	113	1990	31	11950	149	0.930341280972417	0.9846610588817416	0.0025874300976546	0.9567307692307692	112	6	13990	12	0.9032258064516128	0.9491525423728814	0.0004286939125464	0.9256198347107438	684	27	13357	52	0.9293478260869564	0.9620253164556962	0.0020173341303048	0.9454042847270214	1161	31	12810	118	0.9077404222048476	0.973993288590604	0.0024141422007631	0.9397005261027924	77	31	34	7	0	0	14120	0	NA	NA	0.0	NA
40	20	10	0.001999	0.3	3e-05	7.5e-06	0.0	0004	sieve	candidate_snvs	smc_mu_sa_stage_1-smc_mu_sa_stage_2	mt	no_cnv	/raid/kang/DelSIEVE/simulation_results/IndelSIEVE_benchmark_pipeline_sa_106/benchmark_results/simulated_data/results/cell_names	/raid/kang/DelSIEVE/simulation_results/IndelSIEVE_benchmark_pipeline_sa_106/benchmark_results/indelsieve/from_candidate/variant_calling/stage2/mt/no_cnv/smc_mu_sa_stage_1-smc_mu_sa_stage_2/0004/indelsieve_median.cell_names	/raid/kang/DelSIEVE/simulation_results/IndelSIEVE_benchmark_pipeline_sa_106/benchmark_results/simulated_data/results/data_type/no_cnv/0004/true_evo_events_sites_names	/raid/kang/DelSIEVE/simulation_results/IndelSIEVE_benchmark_pipeline_sa_106/benchmark_results/indelsieve/from_candidate/variant_calling/stage2/mt/no_cnv/smc_mu_sa_stage_1-smc_mu_sa_stage_2/0004/indelsieve_median.loci_info	/raid/kang/DelSIEVE/simulation_results/IndelSIEVE_benchmark_pipeline_sa_106/benchmark_results/simulated_data/results/data_type/no_cnv/0004/true_evo_events_genotypes_numeric	/raid/kang/DelSIEVE/simulation_results/IndelSIEVE_benchmark_pipeline_sa_106/benchmark_results/indelsieve/from_candidate/variant_calling/stage2/mt/no_cnv/smc_mu_sa_stage_1-smc_mu_sa_stage_2/0004/indelsieve_median.genotypes	/raid/kang/DelSIEVE/simulation_results/IndelSIEVE_benchmark_pipeline_sa_106/benchmark_results/simulated_data/results/data_type/no_cnv/0004/true_evo_events_ternary_matrix.simple	/raid/kang/DelSIEVE/simulation_results/IndelSIEVE_benchmark_pipeline_sa_106/benchmark_results/indelsieve/from_candidate/variant_calling/stage2/mt/no_cnv/smc_mu_sa_stage_1-smc_mu_sa_stage_2/0004/indelsieve_median.ternary	/raid/kang/DelSIEVE/simulation_results/IndelSIEVE_benchmark_pipeline_sa_106/benchmark_results/indelsieve/from_candidate/variant_calling/stage2/mt/no_cnv/smc_mu_sa_stage_1-smc_mu_sa_stage_2/0004/indelsieve_median.probs	7734	87	6878	2021	0.7928241927216811	0.9888761028001536	0.8800637232589895	0.0124910265613783	7634	187	8749	144	0.9814862432501928	0.9760900140646976	0.9787806910699404	0.0209265890778872	5434	564	10576	140	0.9748833871546466	0.9059686562187396	0.9391634980988594	0.0506283662477558	1171	652	14750	141	0.8925304878048781	0.6423477783872737	0.747049441786284	0.042332164653941	1312	87	1	140	0	0	12175	2305	0.0	NA	0.0	NA	0	0	14450	30	0.0	NA	0.0	NA	0	0	13588	892	0.0	NA	0.0	NA	0	0	13097	1383	0.0	NA	0.0	NA	1303	77	251	633	0	0	14480	0	NA	NA	0.0	NA
40	20	10	0.001999	0.3	3e-05	7.5e-06	0.0	0004	indelsieve	candidate_snvs	smc_mudel_sa_stage_1-smc_mudel_sa_stage_2	mt	no_cnv	/raid/kang/DelSIEVE/simulation_results/IndelSIEVE_benchmark_pipeline_sa_106/benchmark_results/simulated_data/results/cell_names	/raid/kang/DelSIEVE/simulation_results/IndelSIEVE_benchmark_pipeline_sa_106/benchmark_results/indelsieve/from_candidate/variant_calling/stage2/mt/no_cnv/smc_mudel_sa_stage_1-smc_mudel_sa_stage_2/0004/indelsieve_median.cell_names	/raid/kang/DelSIEVE/simulation_results/IndelSIEVE_benchmark_pipeline_sa_106/benchmark_results/simulated_data/results/data_type/no_cnv/0004/true_evo_events_sites_names	/raid/kang/DelSIEVE/simulation_results/IndelSIEVE_benchmark_pipeline_sa_106/benchmark_results/indelsieve/from_candidate/variant_calling/stage2/mt/no_cnv/smc_mudel_sa_stage_1-smc_mudel_sa_stage_2/0004/indelsieve_median.loci_info	/raid/kang/DelSIEVE/simulation_results/IndelSIEVE_benchmark_pipeline_sa_106/benchmark_results/simulated_data/results/data_type/no_cnv/0004/true_evo_events_genotypes_numeric	/raid/kang/DelSIEVE/simulation_results/IndelSIEVE_benchmark_pipeline_sa_106/benchmark_results/indelsieve/from_candidate/variant_calling/stage2/mt/no_cnv/smc_mudel_sa_stage_1-smc_mudel_sa_stage_2/0004/indelsieve_median.genotypes	/raid/kang/DelSIEVE/simulation_results/IndelSIEVE_benchmark_pipeline_sa_106/benchmark_results/simulated_data/results/data_type/no_cnv/0004/true_evo_events_ternary_matrix.simple	/raid/kang/DelSIEVE/simulation_results/IndelSIEVE_benchmark_pipeline_sa_106/benchmark_results/indelsieve/from_candidate/variant_calling/stage2/mt/no_cnv/smc_mudel_sa_stage_1-smc_mudel_sa_stage_2/0004/indelsieve_median.ternary	/raid/kang/DelSIEVE/simulation_results/IndelSIEVE_benchmark_pipeline_sa_106/benchmark_results/indelsieve/from_candidate/variant_calling/stage2/mt/no_cnv/smc_mudel_sa_stage_1-smc_mudel_sa_stage_2/0004/indelsieve_median.probs	9005	107	6858	750	0.9231163505894412	0.9882572431957858	0.9545767742619388	0.0153625269203158	7631	134	8802	147	0.981100539984572	0.9827430779137154	0.9819211220485106	0.0149955237242614	5439	280	10859	136	0.9756053811659192	0.9510403916768666	0.9631662829821144	0.0251369063650237	1179	14	15389	132	0.8993135011441648	0.9882648784576696	0.9416932907348244	0.0009089138479516	1311	95	1	131	2181	19	12156	124	0.9462039045553146	0.9913636363636364	0.0015605749486652	0.9682574916759156	14	15	14435	16	0.4666666666666667	0.4827586206896552	0.001038062283737	0.4745762711864407	829	24	13564	63	0.929372197309417	0.9718640093786636	0.0017662643508978	0.9501432664756448	1285	33	13064	98	0.9291395516992046	0.9749620637329288	0.0025196609910666	0.9514994446501296	61	19	35	9	0	0	14480	0	NA	NA	0.0	NA
40	20	10	0.001999	0.3	3e-05	7.5e-06	0.0	0005	sieve	candidate_snvs	smc_mu_sa_stage_1-smc_mu_sa_stage_2	mt	no_cnv	/raid/kang/DelSIEVE/simulation_results/IndelSIEVE_benchmark_pipeline_sa_106/benchmark_results/simulated_data/results/cell_names	/raid/kang/DelSIEVE/simulation_results/IndelSIEVE_benchmark_pipeline_sa_106/benchmark_results/indelsieve/from_candidate/variant_calling/stage2/mt/no_cnv/smc_mu_sa_stage_1-smc_mu_sa_stage_2/0005/indelsieve_median.cell_names	/raid/kang/DelSIEVE/simulation_results/IndelSIEVE_benchmark_pipeline_sa_106/benchmark_results/simulated_data/results/data_type/no_cnv/0005/true_evo_events_sites_names	/raid/kang/DelSIEVE/simulation_results/IndelSIEVE_benchmark_pipeline_sa_106/benchmark_results/indelsieve/from_candidate/variant_calling/stage2/mt/no_cnv/smc_mu_sa_stage_1-smc_mu_sa_stage_2/0005/indelsieve_median.loci_info	/raid/kang/DelSIEVE/simulation_results/IndelSIEVE_benchmark_pipeline_sa_106/benchmark_results/simulated_data/results/data_type/no_cnv/0005/true_evo_events_genotypes_numeric	/raid/kang/DelSIEVE/simulation_results/IndelSIEVE_benchmark_pipeline_sa_106/benchmark_results/indelsieve/from_candidate/variant_calling/stage2/mt/no_cnv/smc_mu_sa_stage_1-smc_mu_sa_stage_2/0005/indelsieve_median.genotypes	/raid/kang/DelSIEVE/simulation_results/IndelSIEVE_benchmark_pipeline_sa_106/benchmark_results/simulated_data/results/data_type/no_cnv/0005/true_evo_events_ternary_matrix.simple	/raid/kang/DelSIEVE/simulation_results/IndelSIEVE_benchmark_pipeline_sa_106/benchmark_results/indelsieve/from_candidate/variant_calling/stage2/mt/no_cnv/smc_mu_sa_stage_1-smc_mu_sa_stage_2/0005/indelsieve_median.ternary	/raid/kang/DelSIEVE/simulation_results/IndelSIEVE_benchmark_pipeline_sa_106/benchmark_results/indelsieve/from_candidate/variant_calling/stage2/mt/no_cnv/smc_mu_sa_stage_1-smc_mu_sa_stage_2/0005/indelsieve_median.probs	8476	161	16702	2581	0.7665732115402007	0.9813592682644436	0.8607697775972377	0.0095475300954753	8330	307	18935	337	0.9611168801199954	0.9644552506657404	0.9627831715210357	0.0159546824654401	7200	633	19745	331	0.9560483335546408	0.9191880505553428	0.9372559229367352	0.031062910982432	558	246	26967	138	0.8017241379310345	0.6940298507462687	0.7439999999999999	0.0090397971557711	696	161	5	133	0	0	20253	1827	0.0	NA	0.0	NA	0	0	22029	51	0.0	NA	0.0	NA	0	0	21640	440	0.0	NA	0.0	NA	0	0	20744	1336	0.0	NA	0.0	NA	1212	123	195	236	0	0	22080	0	NA	NA	0.0	NA
40	20	10	0.001999	0.3	3e-05	7.5e-06	0.0	0005	indelsieve	candidate_snvs	smc_mudel_sa_stage_1-smc_mudel_sa_stage_2	mt	no_cnv	/raid/kang/DelSIEVE/simulation_results/IndelSIEVE_benchmark_pipeline_sa_106/benchmark_results/simulated_data/results/cell_names	/raid/kang/DelSIEVE/simulation_results/IndelSIEVE_benchmark_pipeline_sa_106/benchmark_results/indelsieve/from_candidate/variant_calling/stage2/mt/no_cnv/smc_mudel_sa_stage_1-smc_mudel_sa_stage_2/0005/indelsieve_median.cell_names	/raid/kang/DelSIEVE/simulation_results/IndelSIEVE_benchmark_pipeline_sa_106/benchmark_results/simulated_data/results/data_type/no_cnv/0005/true_evo_events_sites_names	/raid/kang/DelSIEVE/simulation_results/IndelSIEVE_benchmark_pipeline_sa_106/benchmark_results/indelsieve/from_candidate/variant_calling/stage2/mt/no_cnv/smc_mudel_sa_stage_1-smc_mudel_sa_stage_2/0005/indelsieve_median.loci_info	/raid/kang/DelSIEVE/simulation_results/IndelSIEVE_benchmark_pipeline_sa_106/benchmark_results/simulated_data/results/data_type/no_cnv/0005/true_evo_events_genotypes_numeric	/raid/kang/DelSIEVE/simulation_results/IndelSIEVE_benchmark_pipeline_sa_106/benchmark_results/indelsieve/from_candidate/variant_calling/stage2/mt/no_cnv/smc_mudel_sa_stage_1-smc_mudel_sa_stage_2/0005/indelsieve_median.genotypes	/raid/kang/DelSIEVE/simulation_results/IndelSIEVE_benchmark_pipeline_sa_106/benchmark_results/simulated_data/results/data_type/no_cnv/0005/true_evo_events_ternary_matrix.simple	/raid/kang/DelSIEVE/simulation_results/IndelSIEVE_benchmark_pipeline_sa_106/benchmark_results/indelsieve/from_candidate/variant_calling/stage2/mt/no_cnv/smc_mudel_sa_stage_1-smc_mudel_sa_stage_2/0005/indelsieve_median.ternary	/raid/kang/DelSIEVE/simulation_results/IndelSIEVE_benchmark_pipeline_sa_106/benchmark_results/indelsieve/from_candidate/variant_calling/stage2/mt/no_cnv/smc_mudel_sa_stage_1-smc_mudel_sa_stage_2/0005/indelsieve_median.probs	9635	184	16679	1422	0.8713936872569413	0.9812608208575212	0.9230695535543209	0.0109114629662574	8344	202	19040	323	0.962732202607592	0.9763632108588812	0.969499796665311	0.0104978692443612	7216	357	20020	316	0.9580456718003186	0.952858840617985	0.955445216815624	0.0175197526623153	562	10	27204	133	0.8086330935251799	0.9825174825174824	0.8871349644830308	0.0003674579260674	695	154	5	128	1637	37	20216	190	0.8960043787629994	0.9778972520908004	0.0018268898434799	0.9351613824621536	42	0	22029	9	0.8235294117647058	1.0	0.0	0.9032258064516128	389	12	21628	51	0.884090909090909	0.970074812967581	0.0005545286506469	0.925089179548157	1178	53	20691	158	0.8817365269461078	0.9569455727051178	0.0025549556498264	0.917802882742501	113	38	37	2	0	0	22080	0	NA	NA	0.0	NA
40	20	10	0.001999	0.3	3e-05	7.5e-06	0.0	0006	sieve	candidate_snvs	smc_mu_sa_stage_1-smc_mu_sa_stage_2	mt	no_cnv	/raid/kang/DelSIEVE/simulation_results/IndelSIEVE_benchmark_pipeline_sa_106/benchmark_results/simulated_data/results/cell_names	/raid/kang/DelSIEVE/simulation_results/IndelSIEVE_benchmark_pipeline_sa_106/benchmark_results/indelsieve/from_candidate/variant_calling/stage2/mt/no_cnv/smc_mu_sa_stage_1-smc_mu_sa_stage_2/0006/indelsieve_median.cell_names	/raid/kang/DelSIEVE/simulation_results/IndelSIEVE_benchmark_pipeline_sa_106/benchmark_results/simulated_data/results/data_type/no_cnv/0006/true_evo_events_sites_names	/raid/kang/DelSIEVE/simulation_results/IndelSIEVE_benchmark_pipeline_sa_106/benchmark_results/indelsieve/from_candidate/variant_calling/stage2/mt/no_cnv/smc_mu_sa_stage_1-smc_mu_sa_stage_2/0006/indelsieve_median.loci_info	/raid/kang/DelSIEVE/simulation_results/IndelSIEVE_benchmark_pipeline_sa_106/benchmark_results/simulated_data/results/data_type/no_cnv/0006/true_evo_events_genotypes_numeric	/raid/kang/DelSIEVE/simulation_results/IndelSIEVE_benchmark_pipeline_sa_106/benchmark_results/indelsieve/from_candidate/variant_calling/stage2/mt/no_cnv/smc_mu_sa_stage_1-smc_mu_sa_stage_2/0006/indelsieve_median.genotypes	/raid/kang/DelSIEVE/simulation_results/IndelSIEVE_benchmark_pipeline_sa_106/benchmark_results/simulated_data/results/data_type/no_cnv/0006/true_evo_events_ternary_matrix.simple	/raid/kang/DelSIEVE/simulation_results/IndelSIEVE_benchmark_pipeline_sa_106/benchmark_results/indelsieve/from_candidate/variant_calling/stage2/mt/no_cnv/smc_mu_sa_stage_1-smc_mu_sa_stage_2/0006/indelsieve_median.ternary	/raid/kang/DelSIEVE/simulation_results/IndelSIEVE_benchmark_pipeline_sa_106/benchmark_results/indelsieve/from_candidate/variant_calling/stage2/mt/no_cnv/smc_mu_sa_stage_1-smc_mu_sa_stage_2/0006/indelsieve_median.probs	6354	49	3424	1613	0.7975398518890423	0.9923473371856942	0.8843423799582463	0.0141088396199251	6273	130	4964	63	0.9900568181818182	0.9796970170232704	0.9848496742287464	0.0255202198665096	4039	364	6964	63	0.984641638225256	0.917329093799682	0.9497942386831276	0.0496724890829694	1191	809	9354	76	0.9400157853196528	0.5955	0.7291092745638201	0.0796024795828003	1267	49	1	75	0	0	7951	2169	0.0	NA	0.0	NA	0	0	10005	115	0.0	NA	0.0	NA	0	0	9153	967	0.0	NA	0.0	NA	0	0	9033	1087	0.0	NA	0.0	NA	1032	54	178	786	0	0	10120	0	NA	NA	0.0	NA
40	20	10	0.001999	0.3	3e-05	7.5e-06	0.0	0006	indelsieve	candidate_snvs	smc_mudel_sa_stage_1-smc_mudel_sa_stage_2	mt	no_cnv	/raid/kang/DelSIEVE/simulation_results/IndelSIEVE_benchmark_pipeline_sa_106/benchmark_results/simulated_data/results/cell_names	/raid/kang/DelSIEVE/simulation_results/IndelSIEVE_benchmark_pipeline_sa_106/benchmark_results/indelsieve/from_candidate/variant_calling/stage2/mt/no_cnv/smc_mudel_sa_stage_1-smc_mudel_sa_stage_2/0006/indelsieve_median.cell_names	/raid/kang/DelSIEVE/simulation_results/IndelSIEVE_benchmark_pipeline_sa_106/benchmark_results/simulated_data/results/data_type/no_cnv/0006/true_evo_events_sites_names	/raid/kang/DelSIEVE/simulation_results/IndelSIEVE_benchmark_pipeline_sa_106/benchmark_results/indelsieve/from_candidate/variant_calling/stage2/mt/no_cnv/smc_mudel_sa_stage_1-smc_mudel_sa_stage_2/0006/indelsieve_median.loci_info	/raid/kang/DelSIEVE/simulation_results/IndelSIEVE_benchmark_pipeline_sa_106/benchmark_results/simulated_data/results/data_type/no_cnv/0006/true_evo_events_genotypes_numeric	/raid/kang/DelSIEVE/simulation_results/IndelSIEVE_benchmark_pipeline_sa_106/benchmark_results/indelsieve/from_candidate/variant_calling/stage2/mt/no_cnv/smc_mudel_sa_stage_1-smc_mudel_sa_stage_2/0006/indelsieve_median.genotypes	/raid/kang/DelSIEVE/simulation_results/IndelSIEVE_benchmark_pipeline_sa_106/benchmark_results/simulated_data/results/data_type/no_cnv/0006/true_evo_events_ternary_matrix.simple	/raid/kang/DelSIEVE/simulation_results/IndelSIEVE_benchmark_pipeline_sa_106/benchmark_results/indelsieve/from_candidate/variant_calling/stage2/mt/no_cnv/smc_mudel_sa_stage_1-smc_mudel_sa_stage_2/0006/indelsieve_median.ternary	/raid/kang/DelSIEVE/simulation_results/IndelSIEVE_benchmark_pipeline_sa_106/benchmark_results/indelsieve/from_candidate/variant_calling/stage2/mt/no_cnv/smc_mudel_sa_stage_1-smc_mudel_sa_stage_2/0006/indelsieve_median.probs	7469	44	3429	498	0.9374921551399524	0.9941434846266471	0.9649870801033592	0.0126691621076878	6274	74	5020	62	0.9902146464646464	0.9883427851291744	0.989277830337433	0.0145268943855516	4043	157	7157	73	0.9822643343051506	0.9626190476190476	0.9723424723424724	0.021465682253213	1180	17	10160	73	0.9417398244213888	0.985797827903091	0.963265306122449	0.0016704333300579	1253	43	1	72	2096	20	7931	73	0.9663439372982942	0.9905482041587902	0.0025154068670607	0.9782963827304552	102	5	10000	13	0.8869565217391304	0.9532710280373832	0.0004997501249375	0.9189189189189187	916	35	9118	51	0.9472595656670114	0.9631966351209252	0.00382388287993	0.9551616266944734	1042	16	9017	45	0.9586016559337628	0.9848771266540642	0.0017712830731761	0.9715617715617716	18	13	29	13	0	0	10120	0	NA	NA	0.0	NA
40	20	10	0.001999	0.3	3e-05	7.5e-06	0.0	0007	sieve	candidate_snvs	smc_mu_sa_stage_1-smc_mu_sa_stage_2	mt	no_cnv	/raid/kang/DelSIEVE/simulation_results/IndelSIEVE_benchmark_pipeline_sa_106/benchmark_results/simulated_data/results/cell_names	/raid/kang/DelSIEVE/simulation_results/IndelSIEVE_benchmark_pipeline_sa_106/benchmark_results/indelsieve/from_candidate/variant_calling/stage2/mt/no_cnv/smc_mu_sa_stage_1-smc_mu_sa_stage_2/0007/indelsieve_median.cell_names	/raid/kang/DelSIEVE/simulation_results/IndelSIEVE_benchmark_pipeline_sa_106/benchmark_results/simulated_data/results/data_type/no_cnv/0007/true_evo_events_sites_names	/raid/kang/DelSIEVE/simulation_results/IndelSIEVE_benchmark_pipeline_sa_106/benchmark_results/indelsieve/from_candidate/variant_calling/stage2/mt/no_cnv/smc_mu_sa_stage_1-smc_mu_sa_stage_2/0007/indelsieve_median.loci_info	/raid/kang/DelSIEVE/simulation_results/IndelSIEVE_benchmark_pipeline_sa_106/benchmark_results/simulated_data/results/data_type/no_cnv/0007/true_evo_events_genotypes_numeric	/raid/kang/DelSIEVE/simulation_results/IndelSIEVE_benchmark_pipeline_sa_106/benchmark_results/indelsieve/from_candidate/variant_calling/stage2/mt/no_cnv/smc_mu_sa_stage_1-smc_mu_sa_stage_2/0007/indelsieve_median.genotypes	/raid/kang/DelSIEVE/simulation_results/IndelSIEVE_benchmark_pipeline_sa_106/benchmark_results/simulated_data/results/data_type/no_cnv/0007/true_evo_events_ternary_matrix.simple	/raid/kang/DelSIEVE/simulation_results/IndelSIEVE_benchmark_pipeline_sa_106/benchmark_results/indelsieve/from_candidate/variant_calling/stage2/mt/no_cnv/smc_mu_sa_stage_1-smc_mu_sa_stage_2/0007/indelsieve_median.ternary	/raid/kang/DelSIEVE/simulation_results/IndelSIEVE_benchmark_pipeline_sa_106/benchmark_results/indelsieve/from_candidate/variant_calling/stage2/mt/no_cnv/smc_mu_sa_stage_1-smc_mu_sa_stage_2/0007/indelsieve_median.probs	7911	131	14684	2554	0.7559483994266603	0.9837105197712012	0.8549197600907764	0.0088423894701316	7804	238	16868	340	0.9582514734774068	0.9704053717980602	0.9642901272704808	0.0139132468139833	6586	564	17758	342	0.950635103926097	0.9211188811188812	0.9356442676516552	0.030782665647855	629	263	24199	159	0.7982233502538071	0.7051569506726457	0.7488095238095238	0.0107513694710162	788	131	3	156	0	0	17825	1815	0.0	NA	0.0	NA	0	0	19617	23	0.0	NA	0.0	NA	0	0	19212	428	0.0	NA	0.0	NA	0	0	18276	1364	0.0	NA	0.0	NA	1258	106	170	252	0	0	19640	0	NA	NA	0.0	NA
40	20	10	0.001999	0.3	3e-05	7.5e-06	0.0	0007	indelsieve	candidate_snvs	smc_mudel_sa_stage_1-smc_mudel_sa_stage_2	mt	no_cnv	/raid/kang/DelSIEVE/simulation_results/IndelSIEVE_benchmark_pipeline_sa_106/benchmark_results/simulated_data/results/cell_names	/raid/kang/DelSIEVE/simulation_results/IndelSIEVE_benchmark_pipeline_sa_106/benchmark_results/indelsieve/from_candidate/variant_calling/stage2/mt/no_cnv/smc_mudel_sa_stage_1-smc_mudel_sa_stage_2/0007/indelsieve_median.cell_names	/raid/kang/DelSIEVE/simulation_results/IndelSIEVE_benchmark_pipeline_sa_106/benchmark_results/simulated_data/results/data_type/no_cnv/0007/true_evo_events_sites_names	/raid/kang/DelSIEVE/simulation_results/IndelSIEVE_benchmark_pipeline_sa_106/benchmark_results/indelsieve/from_candidate/variant_calling/stage2/mt/no_cnv/smc_mudel_sa_stage_1-smc_mudel_sa_stage_2/0007/indelsieve_median.loci_info	/raid/kang/DelSIEVE/simulation_results/IndelSIEVE_benchmark_pipeline_sa_106/benchmark_results/simulated_data/results/data_type/no_cnv/0007/true_evo_events_genotypes_numeric	/raid/kang/DelSIEVE/simulation_results/IndelSIEVE_benchmark_pipeline_sa_106/benchmark_results/indelsieve/from_candidate/variant_calling/stage2/mt/no_cnv/smc_mudel_sa_stage_1-smc_mudel_sa_stage_2/0007/indelsieve_median.genotypes	/raid/kang/DelSIEVE/simulation_results/IndelSIEVE_benchmark_pipeline_sa_106/benchmark_results/simulated_data/results/data_type/no_cnv/0007/true_evo_events_ternary_matrix.simple	/raid/kang/DelSIEVE/simulation_results/IndelSIEVE_benchmark_pipeline_sa_106/benchmark_results/indelsieve/from_candidate/variant_calling/stage2/mt/no_cnv/smc_mudel_sa_stage_1-smc_mudel_sa_stage_2/0007/indelsieve_median.ternary	/raid/kang/DelSIEVE/simulation_results/IndelSIEVE_benchmark_pipeline_sa_106/benchmark_results/indelsieve/from_candidate/variant_calling/stage2/mt/no_cnv/smc_mudel_sa_stage_1-smc_mudel_sa_stage_2/0007/indelsieve_median.probs	9059	176	14639	1406	0.8656473960821787	0.9809420682187332	0.9196954314720812	0.0118798515018562	7807	180	16926	337	0.9586198428290766	0.9774633779892326	0.9679499101109664	0.0105226236408277	6583	374	17943	350	0.9495168036924851	0.9462411959177808	0.9478761699064076	0.0204181907517606	621	24	24443	162	0.7931034482758621	0.9627906976744186	0.8697478991596639	0.0009809130665794	783	139	3	159	1579	54	17771	236	0.8699724517906336	0.9669320269442744	0.0030294530154277	0.915893271461717	0	4	19613	23	0.0	0.0	0.0002039047764693	NA	361	24	19188	67	0.8434579439252337	0.9376623376623376	0.0012492192379762	0.8880688806888068	1170	74	18202	194	0.8577712609970675	0.9405144694533762	0.0040490260450864	0.8972392638036811	149	28	48	11	0	0	19640	0	NA	NA	0.0	NA
40	20	10	0.001999	0.3	3e-05	7.5e-06	0.0	0008	sieve	candidate_snvs	smc_mu_sa_stage_1-smc_mu_sa_stage_2	mt	no_cnv	/raid/kang/DelSIEVE/simulation_results/IndelSIEVE_benchmark_pipeline_sa_106/benchmark_results/simulated_data/results/cell_names	/raid/kang/DelSIEVE/simulation_results/IndelSIEVE_benchmark_pipeline_sa_106/benchmark_results/indelsieve/from_candidate/variant_calling/stage2/mt/no_cnv/smc_mu_sa_stage_1-smc_mu_sa_stage_2/0008/indelsieve_median.cell_names	/raid/kang/DelSIEVE/simulation_results/IndelSIEVE_benchmark_pipeline_sa_106/benchmark_results/simulated_data/results/data_type/no_cnv/0008/true_evo_events_sites_names	/raid/kang/DelSIEVE/simulation_results/IndelSIEVE_benchmark_pipeline_sa_106/benchmark_results/indelsieve/from_candidate/variant_calling/stage2/mt/no_cnv/smc_mu_sa_stage_1-smc_mu_sa_stage_2/0008/indelsieve_median.loci_info	/raid/kang/DelSIEVE/simulation_results/IndelSIEVE_benchmark_pipeline_sa_106/benchmark_results/simulated_data/results/data_type/no_cnv/0008/true_evo_events_genotypes_numeric	/raid/kang/DelSIEVE/simulation_results/IndelSIEVE_benchmark_pipeline_sa_106/benchmark_results/indelsieve/from_candidate/variant_calling/stage2/mt/no_cnv/smc_mu_sa_stage_1-smc_mu_sa_stage_2/0008/indelsieve_median.genotypes	/raid/kang/DelSIEVE/simulation_results/IndelSIEVE_benchmark_pipeline_sa_106/benchmark_results/simulated_data/results/data_type/no_cnv/0008/true_evo_events_ternary_matrix.simple	/raid/kang/DelSIEVE/simulation_results/IndelSIEVE_benchmark_pipeline_sa_106/benchmark_results/indelsieve/from_candidate/variant_calling/stage2/mt/no_cnv/smc_mu_sa_stage_1-smc_mu_sa_stage_2/0008/indelsieve_median.ternary	/raid/kang/DelSIEVE/simulation_results/IndelSIEVE_benchmark_pipeline_sa_106/benchmark_results/indelsieve/from_candidate/variant_calling/stage2/mt/no_cnv/smc_mu_sa_stage_1-smc_mu_sa_stage_2/0008/indelsieve_median.probs	8050	156	17838	2596	0.7561525455570167	0.9809895198635143	0.854020793549756	0.0086695565188396	7971	235	20070	337	0.9594366875300916	0.9713624177431148	0.9653627225384522	0.0115735040630386	6854	562	20857	340	0.9527383931053656	0.924217907227616	0.9382614647501712	0.026238386479294	594	196	27674	149	0.7994616419919246	0.7518987341772152	0.7749510763209394	0.0070326515966989	743	156	0	149	0	0	21288	1912	0.0	NA	0.0	NA	0	0	23166	34	0.0	NA	0.0	NA	0	0	22829	371	0.0	NA	0.0	NA	0	0	21693	1507	0.0	NA	0.0	NA	1433	74	178	188	0	0	23200	0	NA	NA	0.0	NA
40	20	10	0.001999	0.3	3e-05	7.5e-06	0.0	0008	indelsieve	candidate_snvs	smc_mudel_sa_stage_1-smc_mudel_sa_stage_2	mt	no_cnv	/raid/kang/DelSIEVE/simulation_results/IndelSIEVE_benchmark_pipeline_sa_106/benchmark_results/simulated_data/results/cell_names	/raid/kang/DelSIEVE/simulation_results/IndelSIEVE_benchmark_pipeline_sa_106/benchmark_results/indelsieve/from_candidate/variant_calling/stage2/mt/no_cnv/smc_mudel_sa_stage_1-smc_mudel_sa_stage_2/0008/indelsieve_median.cell_names	/raid/kang/DelSIEVE/simulation_results/IndelSIEVE_benchmark_pipeline_sa_106/benchmark_results/simulated_data/results/data_type/no_cnv/0008/true_evo_events_sites_names	/raid/kang/DelSIEVE/simulation_results/IndelSIEVE_benchmark_pipeline_sa_106/benchmark_results/indelsieve/from_candidate/variant_calling/stage2/mt/no_cnv/smc_mudel_sa_stage_1-smc_mudel_sa_stage_2/0008/indelsieve_median.loci_info	/raid/kang/DelSIEVE/simulation_results/IndelSIEVE_benchmark_pipeline_sa_106/benchmark_results/simulated_data/results/data_type/no_cnv/0008/true_evo_events_genotypes_numeric	/raid/kang/DelSIEVE/simulation_results/IndelSIEVE_benchmark_pipeline_sa_106/benchmark_results/indelsieve/from_candidate/variant_calling/stage2/mt/no_cnv/smc_mudel_sa_stage_1-smc_mudel_sa_stage_2/0008/indelsieve_median.genotypes	/raid/kang/DelSIEVE/simulation_results/IndelSIEVE_benchmark_pipeline_sa_106/benchmark_results/simulated_data/results/data_type/no_cnv/0008/true_evo_events_ternary_matrix.simple	/raid/kang/DelSIEVE/simulation_results/IndelSIEVE_benchmark_pipeline_sa_106/benchmark_results/indelsieve/from_candidate/variant_calling/stage2/mt/no_cnv/smc_mudel_sa_stage_1-smc_mudel_sa_stage_2/0008/indelsieve_median.ternary	/raid/kang/DelSIEVE/simulation_results/IndelSIEVE_benchmark_pipeline_sa_106/benchmark_results/indelsieve/from_candidate/variant_calling/stage2/mt/no_cnv/smc_mudel_sa_stage_1-smc_mudel_sa_stage_2/0008/indelsieve_median.probs	9374	216	17778	1272	0.8805185046026677	0.9774765380604796	0.9264676813599524	0.0120040013337779	7984	202	20103	324	0.9610014443909484	0.9753237234302468	0.9681096156178004	0.0099482885988672	6858	375	21041	339	0.952897040433514	0.948154292824554	0.9505197505197506	0.0175102726933134	593	17	27856	147	0.8013513513513514	0.9721311475409836	0.8785185185185185	0.0006099092311555	740	156	0	147	1672	75	21213	240	0.8744769874476988	0.9570692615912992	0.0035231116121758	0.9139109046187482	24	5	23161	10	0.7058823529411765	0.8275862068965517	0.0002158335491668	0.7619047619047619	317	26	22803	54	0.8544474393530997	0.924198250728863	0.0011389022734241	0.8879551820728292	1300	75	21618	207	0.8626410086264101	0.9454545454545454	0.003457336467985	0.9021512838306732	159	32	40	9	0	0	23200	0	NA	NA	0.0	NA
40	20	10	0.001999	0.3	3e-05	7.5e-06	0.0	0009	sieve	candidate_snvs	smc_mu_sa_stage_1-smc_mu_sa_stage_2	mt	no_cnv	/raid/kang/DelSIEVE/simulation_results/IndelSIEVE_benchmark_pipeline_sa_106/benchmark_results/simulated_data/results/cell_names	/raid/kang/DelSIEVE/simulation_results/IndelSIEVE_benchmark_pipeline_sa_106/benchmark_results/indelsieve/from_candidate/variant_calling/stage2/mt/no_cnv/smc_mu_sa_stage_1-smc_mu_sa_stage_2/0009/indelsieve_median.cell_names	/raid/kang/DelSIEVE/simulation_results/IndelSIEVE_benchmark_pipeline_sa_106/benchmark_results/simulated_data/results/data_type/no_cnv/0009/true_evo_events_sites_names	/raid/kang/DelSIEVE/simulation_results/IndelSIEVE_benchmark_pipeline_sa_106/benchmark_results/indelsieve/from_candidate/variant_calling/stage2/mt/no_cnv/smc_mu_sa_stage_1-smc_mu_sa_stage_2/0009/indelsieve_median.loci_info	/raid/kang/DelSIEVE/simulation_results/IndelSIEVE_benchmark_pipeline_sa_106/benchmark_results/simulated_data/results/data_type/no_cnv/0009/true_evo_events_genotypes_numeric	/raid/kang/DelSIEVE/simulation_results/IndelSIEVE_benchmark_pipeline_sa_106/benchmark_results/indelsieve/from_candidate/variant_calling/stage2/mt/no_cnv/smc_mu_sa_stage_1-smc_mu_sa_stage_2/0009/indelsieve_median.genotypes	/raid/kang/DelSIEVE/simulation_results/IndelSIEVE_benchmark_pipeline_sa_106/benchmark_results/simulated_data/results/data_type/no_cnv/0009/true_evo_events_ternary_matrix.simple	/raid/kang/DelSIEVE/simulation_results/IndelSIEVE_benchmark_pipeline_sa_106/benchmark_results/indelsieve/from_candidate/variant_calling/stage2/mt/no_cnv/smc_mu_sa_stage_1-smc_mu_sa_stage_2/0009/indelsieve_median.ternary	/raid/kang/DelSIEVE/simulation_results/IndelSIEVE_benchmark_pipeline_sa_106/benchmark_results/indelsieve/from_candidate/variant_calling/stage2/mt/no_cnv/smc_mu_sa_stage_1-smc_mu_sa_stage_2/0009/indelsieve_median.probs	9468	112	16897	3083	0.754362202214963	0.9883089770354906	0.8556323708824726	0.0065847492503968	9349	231	19608	350	0.9639138055469636	0.9758872651356992	0.9698635821360028	0.0116437320429457	7709	627	20856	346	0.9570453134698944	0.9247840690978888	0.9406381550851076	0.0291858678955453	836	408	28150	144	0.8530612244897959	0.6720257234726688	0.751798561151079	0.0142867147559352	980	112	7	137	0	0	20486	2034	0.0	NA	0.0	NA	0	0	22493	27	0.0	NA	0.0	NA	0	0	21856	664	0.0	NA	0.0	NA	0	0	21177	1343	0.0	NA	0.0	NA	1228	115	259	394	0	0	22520	0	NA	NA	0.0	NA
40	20	10	0.001999	0.3	3e-05	7.5e-06	0.0	0009	indelsieve	candidate_snvs	smc_mudel_sa_stage_1-smc_mudel_sa_stage_2	mt	no_cnv	/raid/kang/DelSIEVE/simulation_results/IndelSIEVE_benchmark_pipeline_sa_106/benchmark_results/simulated_data/results/cell_names	/raid/kang/DelSIEVE/simulation_results/IndelSIEVE_benchmark_pipeline_sa_106/benchmark_results/indelsieve/from_candidate/variant_calling/stage2/mt/no_cnv/smc_mudel_sa_stage_1-smc_mudel_sa_stage_2/0009/indelsieve_median.cell_names	/raid/kang/DelSIEVE/simulation_results/IndelSIEVE_benchmark_pipeline_sa_106/benchmark_results/simulated_data/results/data_type/no_cnv/0009/true_evo_events_sites_names	/raid/kang/DelSIEVE/simulation_results/IndelSIEVE_benchmark_pipeline_sa_106/benchmark_results/indelsieve/from_candidate/variant_calling/stage2/mt/no_cnv/smc_mudel_sa_stage_1-smc_mudel_sa_stage_2/0009/indelsieve_median.loci_info	/raid/kang/DelSIEVE/simulation_results/IndelSIEVE_benchmark_pipeline_sa_106/benchmark_results/simulated_data/results/data_type/no_cnv/0009/true_evo_events_genotypes_numeric	/raid/kang/DelSIEVE/simulation_results/IndelSIEVE_benchmark_pipeline_sa_106/benchmark_results/indelsieve/from_candidate/variant_calling/stage2/mt/no_cnv/smc_mudel_sa_stage_1-smc_mudel_sa_stage_2/0009/indelsieve_median.genotypes	/raid/kang/DelSIEVE/simulation_results/IndelSIEVE_benchmark_pipeline_sa_106/benchmark_results/simulated_data/results/data_type/no_cnv/0009/true_evo_events_ternary_matrix.simple	/raid/kang/DelSIEVE/simulation_results/IndelSIEVE_benchmark_pipeline_sa_106/benchmark_results/indelsieve/from_candidate/variant_calling/stage2/mt/no_cnv/smc_mudel_sa_stage_1-smc_mudel_sa_stage_2/0009/indelsieve_median.ternary	/raid/kang/DelSIEVE/simulation_results/IndelSIEVE_benchmark_pipeline_sa_106/benchmark_results/indelsieve/from_candidate/variant_calling/stage2/mt/no_cnv/smc_mudel_sa_stage_1-smc_mudel_sa_stage_2/0009/indelsieve_median.probs	10573	134	16875	1978	0.8424029957772289	0.987484823012982	0.9091925359016252	0.0078781821388676	9361	177	19662	338	0.9651510464996392	0.9814426504508282	0.9732286739096532	0.008921820656283	7716	333	21146	343	0.9574388881995284	0.958628401043608	0.95803327539111	0.0155035150612225	853	28	28534	123	0.8739754098360656	0.9682179341657208	0.9186860527732902	0.0009803235067572	976	120	7	116	1753	24	20462	281	0.8618485742379548	0.9864940911648846	0.0011715317777994	0.919968512201522	21	9	22484	6	0.7777777777777778	0.7	0.0004001244831725	0.7368421052631577	582	26	21830	82	0.8765060240963856	0.9572368421052632	0.0011896046852122	0.9150943396226416	1106	33	21144	237	0.8235294117647058	0.971027216856892	0.0015582943759739	0.8912167606768734	171	39	58	13	0	0	22520	0	NA	NA	0.0	NA
40	20	10	0.001999	0.3	3e-05	7.5e-06	0.0	0010	sieve	candidate_snvs	smc_mu_sa_stage_1-smc_mu_sa_stage_2	mt	no_cnv	/raid/kang/DelSIEVE/simulation_results/IndelSIEVE_benchmark_pipeline_sa_106/benchmark_results/simulated_data/results/cell_names	/raid/kang/DelSIEVE/simulation_results/IndelSIEVE_benchmark_pipeline_sa_106/benchmark_results/indelsieve/from_candidate/variant_calling/stage2/mt/no_cnv/smc_mu_sa_stage_1-smc_mu_sa_stage_2/0010/indelsieve_median.cell_names	/raid/kang/DelSIEVE/simulation_results/IndelSIEVE_benchmark_pipeline_sa_106/benchmark_results/simulated_data/results/data_type/no_cnv/0010/true_evo_events_sites_names	/raid/kang/DelSIEVE/simulation_results/IndelSIEVE_benchmark_pipeline_sa_106/benchmark_results/indelsieve/from_candidate/variant_calling/stage2/mt/no_cnv/smc_mu_sa_stage_1-smc_mu_sa_stage_2/0010/indelsieve_median.loci_info	/raid/kang/DelSIEVE/simulation_results/IndelSIEVE_benchmark_pipeline_sa_106/benchmark_results/simulated_data/results/data_type/no_cnv/0010/true_evo_events_genotypes_numeric	/raid/kang/DelSIEVE/simulation_results/IndelSIEVE_benchmark_pipeline_sa_106/benchmark_results/indelsieve/from_candidate/variant_calling/stage2/mt/no_cnv/smc_mu_sa_stage_1-smc_mu_sa_stage_2/0010/indelsieve_median.genotypes	/raid/kang/DelSIEVE/simulation_results/IndelSIEVE_benchmark_pipeline_sa_106/benchmark_results/simulated_data/results/data_type/no_cnv/0010/true_evo_events_ternary_matrix.simple	/raid/kang/DelSIEVE/simulation_results/IndelSIEVE_benchmark_pipeline_sa_106/benchmark_results/indelsieve/from_candidate/variant_calling/stage2/mt/no_cnv/smc_mu_sa_stage_1-smc_mu_sa_stage_2/0010/indelsieve_median.ternary	/raid/kang/DelSIEVE/simulation_results/IndelSIEVE_benchmark_pipeline_sa_106/benchmark_results/indelsieve/from_candidate/variant_calling/stage2/mt/no_cnv/smc_mu_sa_stage_1-smc_mu_sa_stage_2/0010/indelsieve_median.probs	7875	62	8525	2378	0.7680678825709548	0.9921884843139726	0.8658603628367235	0.0072202166064981	7764	173	10691	189	0.976235382874387	0.9782033513922136	0.977218376337319	0.0159241531664212	5756	450	12417	194	0.9673949579831932	0.9274895262649048	0.9470220467258966	0.0349731872231289	1135	596	16953	133	0.8951104100946372	0.6556903523974581	0.756918972990997	0.0339620491196079	1268	62	2	131	0	0	13216	1824	0.0	NA	0.0	NA	0	0	14954	86	0.0	NA	0.0	NA	0	0	14305	735	0.0	NA	0.0	NA	0	0	14037	1003	0.0	NA	0.0	NA	906	97	149	582	0	0	15040	0	NA	NA	0.0	NA
40	20	10	0.001999	0.3	3e-05	7.5e-06	0.0	0010	indelsieve	candidate_snvs	smc_mudel_sa_stage_1-smc_mudel_sa_stage_2	mt	no_cnv	/raid/kang/DelSIEVE/simulation_results/IndelSIEVE_benchmark_pipeline_sa_106/benchmark_results/simulated_data/results/cell_names	/raid/kang/DelSIEVE/simulation_results/IndelSIEVE_benchmark_pipeline_sa_106/benchmark_results/indelsieve/from_candidate/variant_calling/stage2/mt/no_cnv/smc_mudel_sa_stage_1-smc_mudel_sa_stage_2/0010/indelsieve_median.cell_names	/raid/kang/DelSIEVE/simulation_results/IndelSIEVE_benchmark_pipeline_sa_106/benchmark_results/simulated_data/results/data_type/no_cnv/0010/true_evo_events_sites_names	/raid/kang/DelSIEVE/simulation_results/IndelSIEVE_benchmark_pipeline_sa_106/benchmark_results/indelsieve/from_candidate/variant_calling/stage2/mt/no_cnv/smc_mudel_sa_stage_1-smc_mudel_sa_stage_2/0010/indelsieve_median.loci_info	/raid/kang/DelSIEVE/simulation_results/IndelSIEVE_benchmark_pipeline_sa_106/benchmark_results/simulated_data/results/data_type/no_cnv/0010/true_evo_events_genotypes_numeric	/raid/kang/DelSIEVE/simulation_results/IndelSIEVE_benchmark_pipeline_sa_106/benchmark_results/indelsieve/from_candidate/variant_calling/stage2/mt/no_cnv/smc_mudel_sa_stage_1-smc_mudel_sa_stage_2/0010/indelsieve_median.genotypes	/raid/kang/DelSIEVE/simulation_results/IndelSIEVE_benchmark_pipeline_sa_106/benchmark_results/simulated_data/results/data_type/no_cnv/0010/true_evo_events_ternary_matrix.simple	/raid/kang/DelSIEVE/simulation_results/IndelSIEVE_benchmark_pipeline_sa_106/benchmark_results/indelsieve/from_candidate/variant_calling/stage2/mt/no_cnv/smc_mudel_sa_stage_1-smc_mudel_sa_stage_2/0010/indelsieve_median.ternary	/raid/kang/DelSIEVE/simulation_results/IndelSIEVE_benchmark_pipeline_sa_106/benchmark_results/indelsieve/from_candidate/variant_calling/stage2/mt/no_cnv/smc_mudel_sa_stage_1-smc_mudel_sa_stage_2/0010/indelsieve_median.probs	8784	98	8489	1469	0.8567248610162879	0.9889664489979736	0.9181081787300758	0.0114126004425294	7770	109	10755	183	0.976989815164089	0.986165757075771	0.98155634158666	0.0100331369661266	5760	240	12617	200	0.9664429530201344	0.96	0.9632107023411371	0.0186668740763786	1135	25	17534	123	0.9022257551669316	0.978448275862069	0.9387923904052936	0.0014237712853807	1258	62	2	121	1674	48	13168	150	0.9177631578947368	0.9721254355400696	0.0036319612590799	0.9441624365482232	72	8	14946	14	0.8372093023255814	0.9	0.0005349739200213	0.8674698795180723	684	35	14270	51	0.9306122448979592	0.9513212795549374	0.0024466969591052	0.9408528198074276	871	52	13985	132	0.86839481555334	0.943661971830986	0.0037044952625204	0.904465212876428	81	23	34	12	0	0	15040	0	NA	NA	0.0	NA
