cell_num	coverage_mean	coverage_variance	eff_seq_err_rate	ado_rate	mutation_rate	deletion_rate	insertion_rate	doublet_rate	cnv_rate	dataset	tool	snv_type	tool_setup	fine_tune_type	data_type	true_cell_names	cell_names	true_loci_info	loci_info	true_genotypes	genotypes	true_ternary	ternary	genotype_probs	true_positive	false_positive	true_negative	false_negative	recall	precision	f1_score	fall_out	true_positive_mu	false_positive_mu	true_negative_mu	false_negative_mu	recall_mu	precision_mu	f1_score_mu	fall_out_mu	true_positive_hetero_mu	false_positive_hetero_mu	true_negative_hetero_mu	false_negative_hetero_mu	recall_hetero_mu	precision_hetero_mu	f1_score_hetero_mu	fall_out_hetero_mu	true_positive_homo_mu	false_positive_homo_mu	true_negative_homo_mu	false_negative_homo_mu	recall_homo_mu	precision_homo_mu	f1_score_homo_mu	fall_out_homo_mu	true_homo_mu	true_homo_ref_as_hetero_mu	true_homo_mu_as_homo_ref	true_homo_mu_as_hetero_mu	true_positive_del	false_positive_del	true_negative_del	false_negative_del	recall_del	precision_del	fall_out_del	f1_score_del	true_positive_all_del	false_positive_all_del	true_negative_all_del	false_negative_all_del	recall_all_del	precision_all_del	fall_out_all_del	f1_score_all_del	true_positive_del_alt_left	false_positive_del_alt_left	true_negative_del_alt_left	false_negative_del_alt_left	recall_del_alt_left	precision_del_alt_left	fall_out_del_alt_left	f1_score_del_alt_left	true_positive_del_ref_left	false_positive_del_ref_left	true_negative_del_ref_left	false_negative_del_ref_left	recall_del_ref_left	precision_del_ref_left	fall_out_del_ref_left	f1_score_del_ref_left	true_del_ref_left_as_homo_ref	true_del_ref_left_as_hetero_mu	true_del_alt_left_as_hetero_mu	true_del_alt_left_as_homo_mu	true_positive_amp	false_positive_amp	true_negative_amp	false_negative_amp	recall_amp	precision_amp	fall_out_amp	f1_score_amp
40	20	10	0.001999	0.3	8e-06	2e-06	0.0	0.0	1/3	0001	indelsieve	candidate_snvs	smc_mudel_sa_stage_1	mt	exc_cnv	/raid/kang/DelSIEVE/simulation_results/IndelSIEVE_benchmark_pipeline_sa_105_cna_1/benchmark_results/simulated_data/results/cell_names_dir/cell_names.0001	/raid/kang/DelSIEVE/simulation_results/IndelSIEVE_benchmark_pipeline_sa_105_cna_1/benchmark_results/indelsieve/from_candidate/variant_calling/mt/exc_cnv/smc_mudel_sa_stage_1/0001/indelsieve_median.cell_names	/raid/kang/DelSIEVE/simulation_results/IndelSIEVE_benchmark_pipeline_sa_105_cna_1/benchmark_results/simulated_data/results/data_type/exc_cnv/0001/true_evo_events_sites_names	/raid/kang/DelSIEVE/simulation_results/IndelSIEVE_benchmark_pipeline_sa_105_cna_1/benchmark_results/indelsieve/from_candidate/variant_calling/mt/exc_cnv/smc_mudel_sa_stage_1/0001/indelsieve_median.loci_info	/raid/kang/DelSIEVE/simulation_results/IndelSIEVE_benchmark_pipeline_sa_105_cna_1/benchmark_results/simulated_data/results/data_type/exc_cnv/0001/true_evo_events_genotypes_numeric	/raid/kang/DelSIEVE/simulation_results/IndelSIEVE_benchmark_pipeline_sa_105_cna_1/benchmark_results/indelsieve/from_candidate/variant_calling/mt/exc_cnv/smc_mudel_sa_stage_1/0001/indelsieve_median.genotypes	/raid/kang/DelSIEVE/simulation_results/IndelSIEVE_benchmark_pipeline_sa_105_cna_1/benchmark_results/simulated_data/results/data_type/exc_cnv/0001/true_evo_events_ternary_matrix	/raid/kang/DelSIEVE/simulation_results/IndelSIEVE_benchmark_pipeline_sa_105_cna_1/benchmark_results/indelsieve/from_candidate/variant_calling/mt/exc_cnv/smc_mudel_sa_stage_1/0001/indelsieve_median.ternary	/raid/kang/DelSIEVE/simulation_results/IndelSIEVE_benchmark_pipeline_sa_105_cna_1/benchmark_results/indelsieve/from_candidate/variant_calling/mt/exc_cnv/smc_mudel_sa_stage_1/0001/indelsieve_median.probs	4866	42	14527	1165	0.8068313712485492	0.991442542787286	0.8896608465124783	0.002882833413412	4475	35	15867	215	0.9541577825159916	0.992239467849224	0.9728260869565216	0.0022009810086781	4152	56	16165	219	0.9498970487302676	0.9866920152091256	0.9679449819326262	0.0034523149004377	204	6	20364	18	0.918918918918919	0.9714285714285714	0.9444444444444444	0.0002945508100147	222	31	3	15	478	12	12316	34	0.93359375	0.9755102040816328	0.0009733939000648	0.9540918163672656	0	0	12839	1	0.0	NA	0.0	NA	88	4	12739	9	0.9072164948453608	0.9565217391304348	0.0003138978262575	0.9312169312169312	386	12	12414	28	0.932367149758454	0.9698492462311558	0.0009657170449058	0.9507389162561576	24	1	9	0	0	0	12840	0	NA	NA	0.0	NA
40	20	10	0.001999	0.3	8e-06	2e-06	0.0	0.0	1/3	0002	indelsieve	candidate_snvs	smc_mudel_sa_stage_1	mt	exc_cnv	/raid/kang/DelSIEVE/simulation_results/IndelSIEVE_benchmark_pipeline_sa_105_cna_1/benchmark_results/simulated_data/results/cell_names_dir/cell_names.0002	/raid/kang/DelSIEVE/simulation_results/IndelSIEVE_benchmark_pipeline_sa_105_cna_1/benchmark_results/indelsieve/from_candidate/variant_calling/mt/exc_cnv/smc_mudel_sa_stage_1/0002/indelsieve_mode_gaussian.cell_names	/raid/kang/DelSIEVE/simulation_results/IndelSIEVE_benchmark_pipeline_sa_105_cna_1/benchmark_results/simulated_data/results/data_type/exc_cnv/0002/true_evo_events_sites_names	/raid/kang/DelSIEVE/simulation_results/IndelSIEVE_benchmark_pipeline_sa_105_cna_1/benchmark_results/indelsieve/from_candidate/variant_calling/mt/exc_cnv/smc_mudel_sa_stage_1/0002/indelsieve_mode_gaussian.loci_info	/raid/kang/DelSIEVE/simulation_results/IndelSIEVE_benchmark_pipeline_sa_105_cna_1/benchmark_results/simulated_data/results/data_type/exc_cnv/0002/true_evo_events_genotypes_numeric	/raid/kang/DelSIEVE/simulation_results/IndelSIEVE_benchmark_pipeline_sa_105_cna_1/benchmark_results/indelsieve/from_candidate/variant_calling/mt/exc_cnv/smc_mudel_sa_stage_1/0002/indelsieve_mode_gaussian.genotypes	/raid/kang/DelSIEVE/simulation_results/IndelSIEVE_benchmark_pipeline_sa_105_cna_1/benchmark_results/simulated_data/results/data_type/exc_cnv/0002/true_evo_events_ternary_matrix	/raid/kang/DelSIEVE/simulation_results/IndelSIEVE_benchmark_pipeline_sa_105_cna_1/benchmark_results/indelsieve/from_candidate/variant_calling/mt/exc_cnv/smc_mudel_sa_stage_1/0002/indelsieve_mode_gaussian.ternary	/raid/kang/DelSIEVE/simulation_results/IndelSIEVE_benchmark_pipeline_sa_105_cna_1/benchmark_results/indelsieve/from_candidate/variant_calling/mt/exc_cnv/smc_mudel_sa_stage_1/0002/indelsieve_mode_gaussian.probs	4216	26	16500	1418	0.7483138090166844	0.9938708156529938	0.8537869582827057	0.0015732784702892	4118	24	17759	257	0.9412571428571428	0.994205697730565	0.9670071621462956	0.001349603553956	4041	42	17807	268	0.9378045950336504	0.9897134459955916	0.9630600571973308	0.0023530730012885	40	10	22092	16	0.7142857142857143	0.8	0.7547169811320756	0.0004524477422857	56	21	3	13	100	9	11104	27	0.7874015748031497	0.9174311926605504	0.000809862323405	0.847457627118644	0	0	11240	0	NA	NA	0.0	NA	5	4	11226	5	0.5	0.5555555555555556	0.0003561887800534	0.5263157894736842	95	5	11118	22	0.811965811965812	0.95	0.0004495190146543	0.8755760368663594	19	3	5	0	0	0	11240	0	NA	NA	0.0	NA
40	20	10	0.001999	0.3	8e-06	2e-06	0.0	0.0	1/3	0003	indelsieve	candidate_snvs	smc_mudel_sa_stage_1	mt	exc_cnv	/raid/kang/DelSIEVE/simulation_results/IndelSIEVE_benchmark_pipeline_sa_105_cna_1/benchmark_results/simulated_data/results/cell_names_dir/cell_names.0003	/raid/kang/DelSIEVE/simulation_results/IndelSIEVE_benchmark_pipeline_sa_105_cna_1/benchmark_results/indelsieve/from_candidate/variant_calling/mt/exc_cnv/smc_mudel_sa_stage_1/0003/indelsieve_median.cell_names	/raid/kang/DelSIEVE/simulation_results/IndelSIEVE_benchmark_pipeline_sa_105_cna_1/benchmark_results/simulated_data/results/data_type/exc_cnv/0003/true_evo_events_sites_names	/raid/kang/DelSIEVE/simulation_results/IndelSIEVE_benchmark_pipeline_sa_105_cna_1/benchmark_results/indelsieve/from_candidate/variant_calling/mt/exc_cnv/smc_mudel_sa_stage_1/0003/indelsieve_median.loci_info	/raid/kang/DelSIEVE/simulation_results/IndelSIEVE_benchmark_pipeline_sa_105_cna_1/benchmark_results/simulated_data/results/data_type/exc_cnv/0003/true_evo_events_genotypes_numeric	/raid/kang/DelSIEVE/simulation_results/IndelSIEVE_benchmark_pipeline_sa_105_cna_1/benchmark_results/indelsieve/from_candidate/variant_calling/mt/exc_cnv/smc_mudel_sa_stage_1/0003/indelsieve_median.genotypes	/raid/kang/DelSIEVE/simulation_results/IndelSIEVE_benchmark_pipeline_sa_105_cna_1/benchmark_results/simulated_data/results/data_type/exc_cnv/0003/true_evo_events_ternary_matrix	/raid/kang/DelSIEVE/simulation_results/IndelSIEVE_benchmark_pipeline_sa_105_cna_1/benchmark_results/indelsieve/from_candidate/variant_calling/mt/exc_cnv/smc_mudel_sa_stage_1/0003/indelsieve_median.ternary	/raid/kang/DelSIEVE/simulation_results/IndelSIEVE_benchmark_pipeline_sa_105_cna_1/benchmark_results/indelsieve/from_candidate/variant_calling/mt/exc_cnv/smc_mudel_sa_stage_1/0003/indelsieve_median.probs	2991	37	17586	1106	0.7300463753966316	0.98778071334214	0.839578947368421	0.0020995290245701	2822	17	18615	260	0.9156391953277092	0.994011976047904	0.9532173619321062	0.000912408759124	2724	26	18698	266	0.9110367892976587	0.9905454545454544	0.9491289198606272	0.0013885921811578	59	2	21643	10	0.855072463768116	0.9672131147540984	0.9076923076923076	9.24000924000924e-05	69	17	2	8	190	27	11743	40	0.8260869565217391	0.8755760368663594	0.0022939677145284	0.8501118568232662	0	0	11998	2	0.0	NA	0.0	NA	22	6	11971	1	0.9565217391304348	0.7857142857142857	0.0005009601736661	0.8627450980392156	166	23	11772	39	0.8097560975609757	0.8783068783068783	0.0019499788045782	0.8426395939086294	39	0	1	0	0	0	12000	0	NA	NA	0.0	NA
40	20	10	0.001999	0.3	8e-06	2e-06	0.0	0.0	1/3	0004	indelsieve	candidate_snvs	smc_mudel_sa_stage_1	mt	exc_cnv	/raid/kang/DelSIEVE/simulation_results/IndelSIEVE_benchmark_pipeline_sa_105_cna_1/benchmark_results/simulated_data/results/cell_names_dir/cell_names.0004	/raid/kang/DelSIEVE/simulation_results/IndelSIEVE_benchmark_pipeline_sa_105_cna_1/benchmark_results/indelsieve/from_candidate/variant_calling/mt/exc_cnv/smc_mudel_sa_stage_1/0004/indelsieve_median.cell_names	/raid/kang/DelSIEVE/simulation_results/IndelSIEVE_benchmark_pipeline_sa_105_cna_1/benchmark_results/simulated_data/results/data_type/exc_cnv/0004/true_evo_events_sites_names	/raid/kang/DelSIEVE/simulation_results/IndelSIEVE_benchmark_pipeline_sa_105_cna_1/benchmark_results/indelsieve/from_candidate/variant_calling/mt/exc_cnv/smc_mudel_sa_stage_1/0004/indelsieve_median.loci_info	/raid/kang/DelSIEVE/simulation_results/IndelSIEVE_benchmark_pipeline_sa_105_cna_1/benchmark_results/simulated_data/results/data_type/exc_cnv/0004/true_evo_events_genotypes_numeric	/raid/kang/DelSIEVE/simulation_results/IndelSIEVE_benchmark_pipeline_sa_105_cna_1/benchmark_results/indelsieve/from_candidate/variant_calling/mt/exc_cnv/smc_mudel_sa_stage_1/0004/indelsieve_median.genotypes	/raid/kang/DelSIEVE/simulation_results/IndelSIEVE_benchmark_pipeline_sa_105_cna_1/benchmark_results/simulated_data/results/data_type/exc_cnv/0004/true_evo_events_ternary_matrix	/raid/kang/DelSIEVE/simulation_results/IndelSIEVE_benchmark_pipeline_sa_105_cna_1/benchmark_results/indelsieve/from_candidate/variant_calling/mt/exc_cnv/smc_mudel_sa_stage_1/0004/indelsieve_median.ternary	/raid/kang/DelSIEVE/simulation_results/IndelSIEVE_benchmark_pipeline_sa_105_cna_1/benchmark_results/indelsieve/from_candidate/variant_calling/mt/exc_cnv/smc_mudel_sa_stage_1/0004/indelsieve_median.probs	4308	31	13510	871	0.8318208148291176	0.9928554966582162	0.9052321916368984	0.002289343475371	3899	23	14628	168	0.9586919104991394	0.9941356450790412	0.976092126674177	0.0015698587127158	3613	38	14887	180	0.9525441602952808	0.9895918926321556	0.9707146695325094	0.0025460636515912	192	11	18501	14	0.9320388349514565	0.9458128078817734	0.938875305623472	0.0005942091616248	206	21	0	14	468	17	12643	32	0.936	0.9649484536082474	0.0013428120063191	0.950253807106599	0	0	13160	0	NA	NA	0.0	NA	64	4	13088	4	0.9411764705882352	0.9411764705882352	0.0003055300947143	0.9411764705882352	402	15	12713	30	0.9305555555555556	0.9640287769784172	0.0011785040854808	0.9469964664310956	28	1	2	1	0	0	13160	0	NA	NA	0.0	NA
40	20	10	0.001999	0.3	8e-06	2e-06	0.0	0.0	1/3	0005	indelsieve	candidate_snvs	smc_mudel_sa_stage_1	mt	exc_cnv	/raid/kang/DelSIEVE/simulation_results/IndelSIEVE_benchmark_pipeline_sa_105_cna_1/benchmark_results/simulated_data/results/cell_names_dir/cell_names.0005	/raid/kang/DelSIEVE/simulation_results/IndelSIEVE_benchmark_pipeline_sa_105_cna_1/benchmark_results/indelsieve/from_candidate/variant_calling/mt/exc_cnv/smc_mudel_sa_stage_1/0005/indelsieve_median.cell_names	/raid/kang/DelSIEVE/simulation_results/IndelSIEVE_benchmark_pipeline_sa_105_cna_1/benchmark_results/simulated_data/results/data_type/exc_cnv/0005/true_evo_events_sites_names	/raid/kang/DelSIEVE/simulation_results/IndelSIEVE_benchmark_pipeline_sa_105_cna_1/benchmark_results/indelsieve/from_candidate/variant_calling/mt/exc_cnv/smc_mudel_sa_stage_1/0005/indelsieve_median.loci_info	/raid/kang/DelSIEVE/simulation_results/IndelSIEVE_benchmark_pipeline_sa_105_cna_1/benchmark_results/simulated_data/results/data_type/exc_cnv/0005/true_evo_events_genotypes_numeric	/raid/kang/DelSIEVE/simulation_results/IndelSIEVE_benchmark_pipeline_sa_105_cna_1/benchmark_results/indelsieve/from_candidate/variant_calling/mt/exc_cnv/smc_mudel_sa_stage_1/0005/indelsieve_median.genotypes	/raid/kang/DelSIEVE/simulation_results/IndelSIEVE_benchmark_pipeline_sa_105_cna_1/benchmark_results/simulated_data/results/data_type/exc_cnv/0005/true_evo_events_ternary_matrix	/raid/kang/DelSIEVE/simulation_results/IndelSIEVE_benchmark_pipeline_sa_105_cna_1/benchmark_results/indelsieve/from_candidate/variant_calling/mt/exc_cnv/smc_mudel_sa_stage_1/0005/indelsieve_median.ternary	/raid/kang/DelSIEVE/simulation_results/IndelSIEVE_benchmark_pipeline_sa_105_cna_1/benchmark_results/indelsieve/from_candidate/variant_calling/mt/exc_cnv/smc_mudel_sa_stage_1/0005/indelsieve_median.probs	4787	30	14618	1005	0.8264848066298343	0.9937720572970729	0.9024413234046564	0.0020480611687602	4479	30	15738	189	0.9595115681233932	0.9933466400532268	0.9761359921542988	0.0019025875190258	4147	45	16043	201	0.953771849126035	0.9892652671755724	0.9711943793911008	0.0027971158627548	177	9	20234	16	0.917098445595855	0.9516129032258064	0.9340369393139842	0.0004445981326878	193	23	1	15	422	17	12459	22	0.9504504504504504	0.9612756264236902	0.0013626162231484	0.955832389580974	0	12	12907	1	0.0	0.0	0.0009288644631937	NA	124	7	12786	3	0.9763779527559056	0.9465648854961832	0.0005471742359102	0.9612403100775194	282	14	12590	34	0.8924050632911392	0.9527027027027029	0.0011107584893684	0.9215686274509804	15	5	2	0	0	0	12920	0	NA	NA	0.0	NA
40	20	10	0.001999	0.3	8e-06	2e-06	0.0	0.0	1/3	0006	indelsieve	candidate_snvs	smc_mudel_sa_stage_1	mt	exc_cnv	/raid/kang/DelSIEVE/simulation_results/IndelSIEVE_benchmark_pipeline_sa_105_cna_1/benchmark_results/simulated_data/results/cell_names_dir/cell_names.0006	/raid/kang/DelSIEVE/simulation_results/IndelSIEVE_benchmark_pipeline_sa_105_cna_1/benchmark_results/indelsieve/from_candidate/variant_calling/mt/exc_cnv/smc_mudel_sa_stage_1/0006/indelsieve_median.cell_names	/raid/kang/DelSIEVE/simulation_results/IndelSIEVE_benchmark_pipeline_sa_105_cna_1/benchmark_results/simulated_data/results/data_type/exc_cnv/0006/true_evo_events_sites_names	/raid/kang/DelSIEVE/simulation_results/IndelSIEVE_benchmark_pipeline_sa_105_cna_1/benchmark_results/indelsieve/from_candidate/variant_calling/mt/exc_cnv/smc_mudel_sa_stage_1/0006/indelsieve_median.loci_info	/raid/kang/DelSIEVE/simulation_results/IndelSIEVE_benchmark_pipeline_sa_105_cna_1/benchmark_results/simulated_data/results/data_type/exc_cnv/0006/true_evo_events_genotypes_numeric	/raid/kang/DelSIEVE/simulation_results/IndelSIEVE_benchmark_pipeline_sa_105_cna_1/benchmark_results/indelsieve/from_candidate/variant_calling/mt/exc_cnv/smc_mudel_sa_stage_1/0006/indelsieve_median.genotypes	/raid/kang/DelSIEVE/simulation_results/IndelSIEVE_benchmark_pipeline_sa_105_cna_1/benchmark_results/simulated_data/results/data_type/exc_cnv/0006/true_evo_events_ternary_matrix	/raid/kang/DelSIEVE/simulation_results/IndelSIEVE_benchmark_pipeline_sa_105_cna_1/benchmark_results/indelsieve/from_candidate/variant_calling/mt/exc_cnv/smc_mudel_sa_stage_1/0006/indelsieve_median.ternary	/raid/kang/DelSIEVE/simulation_results/IndelSIEVE_benchmark_pipeline_sa_105_cna_1/benchmark_results/indelsieve/from_candidate/variant_calling/mt/exc_cnv/smc_mudel_sa_stage_1/0006/indelsieve_median.probs	3767	45	17613	655	0.8518769787426503	0.9881951731374606	0.9149866407578332	0.0025484199796126	3615	24	18253	186	0.9510655090765588	0.9934047815333884	0.9717741935483872	0.0013131257865076	3413	49	18428	188	0.9477922799222438	0.985846331600231	0.9664448534617018	0.0026519456621745	111	3	21948	16	0.8740157480314961	0.9736842105263158	0.9211618257261412	0.000136668033347	127	18	1	15	209	27	14521	43	0.8293650793650794	0.885593220338983	0.0018559252130877	0.8565573770491804	0	0	14799	1	0.0	NA	0.0	NA	62	1	14726	11	0.8493150684931506	0.984126984126984	6.790249202145719e-05	0.9117647058823528	146	27	14595	32	0.8202247191011236	0.8439306358381503	0.0018465326220763	0.8319088319088318	27	5	11	0	0	0	14800	0	NA	NA	0.0	NA
40	20	10	0.001999	0.3	8e-06	2e-06	0.0	0.0	1/3	0007	indelsieve	candidate_snvs	smc_mudel_sa_stage_1	mt	exc_cnv	/raid/kang/DelSIEVE/simulation_results/IndelSIEVE_benchmark_pipeline_sa_105_cna_1/benchmark_results/simulated_data/results/cell_names_dir/cell_names.0007	/raid/kang/DelSIEVE/simulation_results/IndelSIEVE_benchmark_pipeline_sa_105_cna_1/benchmark_results/indelsieve/from_candidate/variant_calling/mt/exc_cnv/smc_mudel_sa_stage_1/0007/indelsieve_median.cell_names	/raid/kang/DelSIEVE/simulation_results/IndelSIEVE_benchmark_pipeline_sa_105_cna_1/benchmark_results/simulated_data/results/data_type/exc_cnv/0007/true_evo_events_sites_names	/raid/kang/DelSIEVE/simulation_results/IndelSIEVE_benchmark_pipeline_sa_105_cna_1/benchmark_results/indelsieve/from_candidate/variant_calling/mt/exc_cnv/smc_mudel_sa_stage_1/0007/indelsieve_median.loci_info	/raid/kang/DelSIEVE/simulation_results/IndelSIEVE_benchmark_pipeline_sa_105_cna_1/benchmark_results/simulated_data/results/data_type/exc_cnv/0007/true_evo_events_genotypes_numeric	/raid/kang/DelSIEVE/simulation_results/IndelSIEVE_benchmark_pipeline_sa_105_cna_1/benchmark_results/indelsieve/from_candidate/variant_calling/mt/exc_cnv/smc_mudel_sa_stage_1/0007/indelsieve_median.genotypes	/raid/kang/DelSIEVE/simulation_results/IndelSIEVE_benchmark_pipeline_sa_105_cna_1/benchmark_results/simulated_data/results/data_type/exc_cnv/0007/true_evo_events_ternary_matrix	/raid/kang/DelSIEVE/simulation_results/IndelSIEVE_benchmark_pipeline_sa_105_cna_1/benchmark_results/indelsieve/from_candidate/variant_calling/mt/exc_cnv/smc_mudel_sa_stage_1/0007/indelsieve_median.ternary	/raid/kang/DelSIEVE/simulation_results/IndelSIEVE_benchmark_pipeline_sa_105_cna_1/benchmark_results/indelsieve/from_candidate/variant_calling/mt/exc_cnv/smc_mudel_sa_stage_1/0007/indelsieve_median.probs	6461	20	12610	1109	0.8535006605019815	0.9969140564727664	0.9196498469859796	0.0015835312747426	6058	29	13935	170	0.972703917790623	0.9952357483160834	0.9838408444985788	0.0020767688341449	5365	52	14601	174	0.9685863874345548	0.990400590732878	0.979372033588901	0.0035487613457994	384	6	19781	21	0.9481481481481482	0.9846153846153848	0.9660377358490566	0.0003032293930358	405	18	1	20	672	2	13210	36	0.9491525423728814	0.9970326409495548	0.0001513775355737	0.9725036179450074	0	0	13920	0	NA	NA	0.0	NA	279	1	13635	5	0.9823943661971832	0.9964285714285714	7.333528894103843e-05	0.9893617021276596	392	2	13494	32	0.9245283018867924	0.9949238578680204	0.0001481920569057	0.9584352078239609	21	10	4	1	0	0	13920	0	NA	NA	0.0	NA
40	20	10	0.001999	0.3	8e-06	2e-06	0.0	0.0	1/3	0008	indelsieve	candidate_snvs	smc_mudel_sa_stage_1	mt	exc_cnv	/raid/kang/DelSIEVE/simulation_results/IndelSIEVE_benchmark_pipeline_sa_105_cna_1/benchmark_results/simulated_data/results/cell_names_dir/cell_names.0008	/raid/kang/DelSIEVE/simulation_results/IndelSIEVE_benchmark_pipeline_sa_105_cna_1/benchmark_results/indelsieve/from_candidate/variant_calling/mt/exc_cnv/smc_mudel_sa_stage_1/0008/indelsieve_median.cell_names	/raid/kang/DelSIEVE/simulation_results/IndelSIEVE_benchmark_pipeline_sa_105_cna_1/benchmark_results/simulated_data/results/data_type/exc_cnv/0008/true_evo_events_sites_names	/raid/kang/DelSIEVE/simulation_results/IndelSIEVE_benchmark_pipeline_sa_105_cna_1/benchmark_results/indelsieve/from_candidate/variant_calling/mt/exc_cnv/smc_mudel_sa_stage_1/0008/indelsieve_median.loci_info	/raid/kang/DelSIEVE/simulation_results/IndelSIEVE_benchmark_pipeline_sa_105_cna_1/benchmark_results/simulated_data/results/data_type/exc_cnv/0008/true_evo_events_genotypes_numeric	/raid/kang/DelSIEVE/simulation_results/IndelSIEVE_benchmark_pipeline_sa_105_cna_1/benchmark_results/indelsieve/from_candidate/variant_calling/mt/exc_cnv/smc_mudel_sa_stage_1/0008/indelsieve_median.genotypes	/raid/kang/DelSIEVE/simulation_results/IndelSIEVE_benchmark_pipeline_sa_105_cna_1/benchmark_results/simulated_data/results/data_type/exc_cnv/0008/true_evo_events_ternary_matrix	/raid/kang/DelSIEVE/simulation_results/IndelSIEVE_benchmark_pipeline_sa_105_cna_1/benchmark_results/indelsieve/from_candidate/variant_calling/mt/exc_cnv/smc_mudel_sa_stage_1/0008/indelsieve_median.ternary	/raid/kang/DelSIEVE/simulation_results/IndelSIEVE_benchmark_pipeline_sa_105_cna_1/benchmark_results/indelsieve/from_candidate/variant_calling/mt/exc_cnv/smc_mudel_sa_stage_1/0008/indelsieve_median.probs	3595	52	17334	819	0.8144540099682828	0.9857417055113792	0.8919488897159161	0.0029909122282296	3298	21	18222	258	0.9274465691788526	0.9936727930099428	0.9594181818181816	0.0011511264594639	3177	31	18333	258	0.9248908296943232	0.9903366583541148	0.9564955592352852	0.0016880853844478	81	4	21701	13	0.8617021276595744	0.9529411764705882	0.9050279329608938	0.0001842893342547	94	18	2	11	320	34	12809	37	0.896358543417367	0.903954802259887	0.0026473565366347	0.90014064697609	0	3	13197	0	NA	0.0	0.0002272727272727	NA	24	2	13171	3	0.8888888888888888	0.9230769230769232	0.0001518257040917	0.9056603773584906	290	35	12835	40	0.8787878787878788	0.8923076923076924	0.0027195027195027	0.8854961832061069	34	1	1	1	0	0	13200	0	NA	NA	0.0	NA
40	20	10	0.001999	0.3	8e-06	2e-06	0.0	0.0	1/3	0009	indelsieve	candidate_snvs	smc_mudel_sa_stage_1	mt	exc_cnv	/raid/kang/DelSIEVE/simulation_results/IndelSIEVE_benchmark_pipeline_sa_105_cna_1/benchmark_results/simulated_data/results/cell_names_dir/cell_names.0009	/raid/kang/DelSIEVE/simulation_results/IndelSIEVE_benchmark_pipeline_sa_105_cna_1/benchmark_results/indelsieve/from_candidate/variant_calling/mt/exc_cnv/smc_mudel_sa_stage_1/0009/indelsieve_median.cell_names	/raid/kang/DelSIEVE/simulation_results/IndelSIEVE_benchmark_pipeline_sa_105_cna_1/benchmark_results/simulated_data/results/data_type/exc_cnv/0009/true_evo_events_sites_names	/raid/kang/DelSIEVE/simulation_results/IndelSIEVE_benchmark_pipeline_sa_105_cna_1/benchmark_results/indelsieve/from_candidate/variant_calling/mt/exc_cnv/smc_mudel_sa_stage_1/0009/indelsieve_median.loci_info	/raid/kang/DelSIEVE/simulation_results/IndelSIEVE_benchmark_pipeline_sa_105_cna_1/benchmark_results/simulated_data/results/data_type/exc_cnv/0009/true_evo_events_genotypes_numeric	/raid/kang/DelSIEVE/simulation_results/IndelSIEVE_benchmark_pipeline_sa_105_cna_1/benchmark_results/indelsieve/from_candidate/variant_calling/mt/exc_cnv/smc_mudel_sa_stage_1/0009/indelsieve_median.genotypes	/raid/kang/DelSIEVE/simulation_results/IndelSIEVE_benchmark_pipeline_sa_105_cna_1/benchmark_results/simulated_data/results/data_type/exc_cnv/0009/true_evo_events_ternary_matrix	/raid/kang/DelSIEVE/simulation_results/IndelSIEVE_benchmark_pipeline_sa_105_cna_1/benchmark_results/indelsieve/from_candidate/variant_calling/mt/exc_cnv/smc_mudel_sa_stage_1/0009/indelsieve_median.ternary	/raid/kang/DelSIEVE/simulation_results/IndelSIEVE_benchmark_pipeline_sa_105_cna_1/benchmark_results/indelsieve/from_candidate/variant_calling/mt/exc_cnv/smc_mudel_sa_stage_1/0009/indelsieve_median.probs	4253	37	9642	748	0.8504299140171966	0.9913752913752912	0.915509632978151	0.0038227089575369	3835	19	10699	119	0.969903894790086	0.9950700570835496	0.9823258196721312	0.0017727187908191	3508	40	11004	120	0.9669239250275634	0.9887260428410372	0.9777034559643256	0.0036218761318362	190	2	14460	20	0.9047619047619048	0.9895833333333334	0.945273631840796	0.0001382934587194	210	17	2	18	529	21	9687	43	0.9248251748251748	0.9618181818181818	0.0021631644004944	0.9429590017825312	17	0	10263	0	1.0	1.0	0.0	1.0	112	2	10162	4	0.9655172413793104	0.9824561403508772	0.0001967729240456	0.9739130434782608	399	20	9821	40	0.908883826879271	0.9522673031026252	0.002032313789249	0.93006993006993	38	1	4	0	0	0	10280	0	NA	NA	0.0	NA
40	20	10	0.001999	0.3	8e-06	2e-06	0.0	0.0	1/3	0010	indelsieve	candidate_snvs	smc_mudel_sa_stage_1	mt	exc_cnv	/raid/kang/DelSIEVE/simulation_results/IndelSIEVE_benchmark_pipeline_sa_105_cna_1/benchmark_results/simulated_data/results/cell_names_dir/cell_names.0010	/raid/kang/DelSIEVE/simulation_results/IndelSIEVE_benchmark_pipeline_sa_105_cna_1/benchmark_results/indelsieve/from_candidate/variant_calling/mt/exc_cnv/smc_mudel_sa_stage_1/0010/indelsieve_median.cell_names	/raid/kang/DelSIEVE/simulation_results/IndelSIEVE_benchmark_pipeline_sa_105_cna_1/benchmark_results/simulated_data/results/data_type/exc_cnv/0010/true_evo_events_sites_names	/raid/kang/DelSIEVE/simulation_results/IndelSIEVE_benchmark_pipeline_sa_105_cna_1/benchmark_results/indelsieve/from_candidate/variant_calling/mt/exc_cnv/smc_mudel_sa_stage_1/0010/indelsieve_median.loci_info	/raid/kang/DelSIEVE/simulation_results/IndelSIEVE_benchmark_pipeline_sa_105_cna_1/benchmark_results/simulated_data/results/data_type/exc_cnv/0010/true_evo_events_genotypes_numeric	/raid/kang/DelSIEVE/simulation_results/IndelSIEVE_benchmark_pipeline_sa_105_cna_1/benchmark_results/indelsieve/from_candidate/variant_calling/mt/exc_cnv/smc_mudel_sa_stage_1/0010/indelsieve_median.genotypes	/raid/kang/DelSIEVE/simulation_results/IndelSIEVE_benchmark_pipeline_sa_105_cna_1/benchmark_results/simulated_data/results/data_type/exc_cnv/0010/true_evo_events_ternary_matrix	/raid/kang/DelSIEVE/simulation_results/IndelSIEVE_benchmark_pipeline_sa_105_cna_1/benchmark_results/indelsieve/from_candidate/variant_calling/mt/exc_cnv/smc_mudel_sa_stage_1/0010/indelsieve_median.ternary	/raid/kang/DelSIEVE/simulation_results/IndelSIEVE_benchmark_pipeline_sa_105_cna_1/benchmark_results/indelsieve/from_candidate/variant_calling/mt/exc_cnv/smc_mudel_sa_stage_1/0010/indelsieve_median.probs	3340	26	16437	1077	0.7561693457097578	0.9922756981580512	0.8582808685596814	0.0015792990341978	3127	26	17475	251	0.9256956779159266	0.9917538851887092	0.9575868932782116	0.0014856293926061	3013	35	17580	251	0.9231004901960784	0.988517060367454	0.9546894803548795	0.0019869429463525	61	2	20808	8	0.8840579710144928	0.9682539682539684	0.9242424242424244	9.610764055742432e-05	69	23	2	6	252	3	11009	16	0.9402985074626866	0.9882352941176472	0.0002724300762804	0.9636711281070746	0	3	11277	0	NA	0.0	0.0002659574468085	NA	42	0	11235	3	0.9333333333333332	1.0	0.0	0.9655172413793104	207	3	11054	16	0.9282511210762332	0.9857142857142858	0.0002713213349009	0.956120092378753	10	3	3	0	0	0	11280	0	NA	NA	0.0	NA
40	20	10	0.001999	0.3	8e-06	2e-06	0.0	0.0	1/3	0001	indelsieve	candidate_snvs	smc_mudel_sa_stage_1	mt	inc_cnv	/raid/kang/DelSIEVE/simulation_results/IndelSIEVE_benchmark_pipeline_sa_105_cna_1/benchmark_results/simulated_data/results/cell_names_dir/cell_names.0001	/raid/kang/DelSIEVE/simulation_results/IndelSIEVE_benchmark_pipeline_sa_105_cna_1/benchmark_results/indelsieve/from_candidate/variant_calling/mt/inc_cnv/smc_mudel_sa_stage_1/0001/indelsieve_median.cell_names	/raid/kang/DelSIEVE/simulation_results/IndelSIEVE_benchmark_pipeline_sa_105_cna_1/benchmark_results/simulated_data/results/data_type/inc_cnv/0001/true_evo_events_sites_names	/raid/kang/DelSIEVE/simulation_results/IndelSIEVE_benchmark_pipeline_sa_105_cna_1/benchmark_results/indelsieve/from_candidate/variant_calling/mt/inc_cnv/smc_mudel_sa_stage_1/0001/indelsieve_median.loci_info	/raid/kang/DelSIEVE/simulation_results/IndelSIEVE_benchmark_pipeline_sa_105_cna_1/benchmark_results/simulated_data/results/data_type/inc_cnv/0001/true_evo_events_genotypes_numeric	/raid/kang/DelSIEVE/simulation_results/IndelSIEVE_benchmark_pipeline_sa_105_cna_1/benchmark_results/indelsieve/from_candidate/variant_calling/mt/inc_cnv/smc_mudel_sa_stage_1/0001/indelsieve_median.genotypes	/raid/kang/DelSIEVE/simulation_results/IndelSIEVE_benchmark_pipeline_sa_105_cna_1/benchmark_results/simulated_data/results/data_type/inc_cnv/0001/true_evo_events_ternary_matrix	/raid/kang/DelSIEVE/simulation_results/IndelSIEVE_benchmark_pipeline_sa_105_cna_1/benchmark_results/indelsieve/from_candidate/variant_calling/mt/inc_cnv/smc_mudel_sa_stage_1/0001/indelsieve_median.ternary	/raid/kang/DelSIEVE/simulation_results/IndelSIEVE_benchmark_pipeline_sa_105_cna_1/benchmark_results/indelsieve/from_candidate/variant_calling/mt/inc_cnv/smc_mudel_sa_stage_1/0001/indelsieve_median.probs	6948	619	18454	1619	0.8110190264970235	0.9181974362362892	0.8612867236891039	0.0324542547056047	6201	159	20965	304	0.9532667179093004	0.975	0.964010882238632	0.0075269835258473	5650	269	21374	336	0.9438690277313732	0.9545531339753336	0.9491810163796724	0.0124289608649447	224	21	27347	37	0.8582375478927203	0.9142857142857144	0.8853754940711462	0.000767319497223	261	54	4	33	796	607	16404	273	0.744621141253508	0.5673556664290805	0.0356827934865675	0.6440129449838189	14	6	18009	51	0.2153846153846154	0.7	0.0003330557868442	0.3294117647058823	149	47	17775	109	0.5775193798449613	0.7602040816326531	0.0026371899899001	0.6563876651982379	567	620	16714	179	0.760053619302949	0.4776748104465038	0.0357678550824968	0.5866528711846869	79	85	96	12	0	0	18080	0	NA	NA	0.0	NA
40	20	10	0.001999	0.3	8e-06	2e-06	0.0	0.0	1/3	0002	indelsieve	candidate_snvs	smc_mudel_sa_stage_1	mt	inc_cnv	/raid/kang/DelSIEVE/simulation_results/IndelSIEVE_benchmark_pipeline_sa_105_cna_1/benchmark_results/simulated_data/results/cell_names_dir/cell_names.0002	/raid/kang/DelSIEVE/simulation_results/IndelSIEVE_benchmark_pipeline_sa_105_cna_1/benchmark_results/indelsieve/from_candidate/variant_calling/mt/inc_cnv/smc_mudel_sa_stage_1/0002/indelsieve_median.cell_names	/raid/kang/DelSIEVE/simulation_results/IndelSIEVE_benchmark_pipeline_sa_105_cna_1/benchmark_results/simulated_data/results/data_type/inc_cnv/0002/true_evo_events_sites_names	/raid/kang/DelSIEVE/simulation_results/IndelSIEVE_benchmark_pipeline_sa_105_cna_1/benchmark_results/indelsieve/from_candidate/variant_calling/mt/inc_cnv/smc_mudel_sa_stage_1/0002/indelsieve_median.loci_info	/raid/kang/DelSIEVE/simulation_results/IndelSIEVE_benchmark_pipeline_sa_105_cna_1/benchmark_results/simulated_data/results/data_type/inc_cnv/0002/true_evo_events_genotypes_numeric	/raid/kang/DelSIEVE/simulation_results/IndelSIEVE_benchmark_pipeline_sa_105_cna_1/benchmark_results/indelsieve/from_candidate/variant_calling/mt/inc_cnv/smc_mudel_sa_stage_1/0002/indelsieve_median.genotypes	/raid/kang/DelSIEVE/simulation_results/IndelSIEVE_benchmark_pipeline_sa_105_cna_1/benchmark_results/simulated_data/results/data_type/inc_cnv/0002/true_evo_events_ternary_matrix	/raid/kang/DelSIEVE/simulation_results/IndelSIEVE_benchmark_pipeline_sa_105_cna_1/benchmark_results/indelsieve/from_candidate/variant_calling/mt/inc_cnv/smc_mudel_sa_stage_1/0002/indelsieve_median.ternary	/raid/kang/DelSIEVE/simulation_results/IndelSIEVE_benchmark_pipeline_sa_105_cna_1/benchmark_results/indelsieve/from_candidate/variant_calling/mt/inc_cnv/smc_mudel_sa_stage_1/0002/indelsieve_median.probs	6429	379	22230	2122	0.7518418898374459	0.9443301997649824	0.8371638778566313	0.016763235879517	5845	199	24680	417	0.9334078569147236	0.9670747849106552	0.949943117178612	0.0079987137746693	5565	259	24854	463	0.9231917717319176	0.955528846153846	0.9390820114748566	0.0103133835065503	52	12	31051	26	0.6666666666666666	0.8125	0.7323943661971831	0.0003863116891478	78	40	3	23	519	401	15133	307	0.6283292978208233	0.5641304347826087	0.0258143427320715	0.5945017182130584	80	8	16148	124	0.392156862745098	0.9090909090909092	0.0004951720722951	0.547945205479452	45	111	16093	111	0.2884615384615384	0.2884615384615384	0.0068501604542088	0.2884615384615384	262	414	15480	204	0.5622317596566524	0.3875739644970414	0.0260475651189127	0.4588441330998248	107	87	101	4	0	0	16360	0	NA	NA	0.0	NA
40	20	10	0.001999	0.3	8e-06	2e-06	0.0	0.0	1/3	0003	indelsieve	candidate_snvs	smc_mudel_sa_stage_1	mt	inc_cnv	/raid/kang/DelSIEVE/simulation_results/IndelSIEVE_benchmark_pipeline_sa_105_cna_1/benchmark_results/simulated_data/results/cell_names_dir/cell_names.0003	/raid/kang/DelSIEVE/simulation_results/IndelSIEVE_benchmark_pipeline_sa_105_cna_1/benchmark_results/indelsieve/from_candidate/variant_calling/mt/inc_cnv/smc_mudel_sa_stage_1/0003/indelsieve_median.cell_names	/raid/kang/DelSIEVE/simulation_results/IndelSIEVE_benchmark_pipeline_sa_105_cna_1/benchmark_results/simulated_data/results/data_type/inc_cnv/0003/true_evo_events_sites_names	/raid/kang/DelSIEVE/simulation_results/IndelSIEVE_benchmark_pipeline_sa_105_cna_1/benchmark_results/indelsieve/from_candidate/variant_calling/mt/inc_cnv/smc_mudel_sa_stage_1/0003/indelsieve_median.loci_info	/raid/kang/DelSIEVE/simulation_results/IndelSIEVE_benchmark_pipeline_sa_105_cna_1/benchmark_results/simulated_data/results/data_type/inc_cnv/0003/true_evo_events_genotypes_numeric	/raid/kang/DelSIEVE/simulation_results/IndelSIEVE_benchmark_pipeline_sa_105_cna_1/benchmark_results/indelsieve/from_candidate/variant_calling/mt/inc_cnv/smc_mudel_sa_stage_1/0003/indelsieve_median.genotypes	/raid/kang/DelSIEVE/simulation_results/IndelSIEVE_benchmark_pipeline_sa_105_cna_1/benchmark_results/simulated_data/results/data_type/inc_cnv/0003/true_evo_events_ternary_matrix	/raid/kang/DelSIEVE/simulation_results/IndelSIEVE_benchmark_pipeline_sa_105_cna_1/benchmark_results/indelsieve/from_candidate/variant_calling/mt/inc_cnv/smc_mudel_sa_stage_1/0003/indelsieve_median.ternary	/raid/kang/DelSIEVE/simulation_results/IndelSIEVE_benchmark_pipeline_sa_105_cna_1/benchmark_results/indelsieve/from_candidate/variant_calling/mt/inc_cnv/smc_mudel_sa_stage_1/0003/indelsieve_median.probs	4473	465	23711	1791	0.7140804597701149	0.9058323207776428	0.7986073915372255	0.0192339510258107	3825	120	26088	395	0.9063981042654028	0.9695817490494296	0.9369259032455602	0.0045787545787545	3625	146	26233	424	0.8952827858730551	0.9612834791832404	0.9271099744245525	0.0055347056370597	57	10	30350	11	0.8382352941176471	0.8507462686567164	0.8444444444444444	0.0003293807641633	68	34	2	9	630	470	15629	191	0.7673568818514007	0.5727272727272728	0.0291943598981303	0.6559083810515356	30	3	16754	133	0.1840490797546012	0.9090909090909092	0.0001790296592468	0.3061224489795918	52	55	16762	51	0.5048543689320388	0.4859813084112149	0.0032705000891954	0.4952380952380952	413	547	15818	142	0.7441441441441441	0.4302083333333333	0.0334249923617476	0.5452145214521452	86	47	47	2	0	0	16920	0	NA	NA	0.0	NA
40	20	10	0.001999	0.3	8e-06	2e-06	0.0	0.0	1/3	0004	indelsieve	candidate_snvs	smc_mudel_sa_stage_1	mt	inc_cnv	/raid/kang/DelSIEVE/simulation_results/IndelSIEVE_benchmark_pipeline_sa_105_cna_1/benchmark_results/simulated_data/results/cell_names_dir/cell_names.0004	/raid/kang/DelSIEVE/simulation_results/IndelSIEVE_benchmark_pipeline_sa_105_cna_1/benchmark_results/indelsieve/from_candidate/variant_calling/mt/inc_cnv/smc_mudel_sa_stage_1/0004/indelsieve_median.cell_names	/raid/kang/DelSIEVE/simulation_results/IndelSIEVE_benchmark_pipeline_sa_105_cna_1/benchmark_results/simulated_data/results/data_type/inc_cnv/0004/true_evo_events_sites_names	/raid/kang/DelSIEVE/simulation_results/IndelSIEVE_benchmark_pipeline_sa_105_cna_1/benchmark_results/indelsieve/from_candidate/variant_calling/mt/inc_cnv/smc_mudel_sa_stage_1/0004/indelsieve_median.loci_info	/raid/kang/DelSIEVE/simulation_results/IndelSIEVE_benchmark_pipeline_sa_105_cna_1/benchmark_results/simulated_data/results/data_type/inc_cnv/0004/true_evo_events_genotypes_numeric	/raid/kang/DelSIEVE/simulation_results/IndelSIEVE_benchmark_pipeline_sa_105_cna_1/benchmark_results/indelsieve/from_candidate/variant_calling/mt/inc_cnv/smc_mudel_sa_stage_1/0004/indelsieve_median.genotypes	/raid/kang/DelSIEVE/simulation_results/IndelSIEVE_benchmark_pipeline_sa_105_cna_1/benchmark_results/simulated_data/results/data_type/inc_cnv/0004/true_evo_events_ternary_matrix	/raid/kang/DelSIEVE/simulation_results/IndelSIEVE_benchmark_pipeline_sa_105_cna_1/benchmark_results/indelsieve/from_candidate/variant_calling/mt/inc_cnv/smc_mudel_sa_stage_1/0004/indelsieve_median.ternary	/raid/kang/DelSIEVE/simulation_results/IndelSIEVE_benchmark_pipeline_sa_105_cna_1/benchmark_results/indelsieve/from_candidate/variant_calling/mt/inc_cnv/smc_mudel_sa_stage_1/0004/indelsieve_median.probs	6151	345	17541	1203	0.8364155561599129	0.94689039408867	0.888231046931408	0.0192888292519288	5330	147	19511	246	0.9558823529411764	0.9731604893189704	0.9644440423414458	0.0074778716044358	4878	222	19845	289	0.9440681246371202	0.956470588235294	0.9502288886724456	0.0110629391538346	221	23	24963	27	0.8911290322580645	0.9057377049180328	0.8983739837398375	0.0009205154886736	248	47	1	26	812	340	16209	239	0.7725975261655567	0.7048611111111112	0.0205450480391564	0.7371765773944621	31	11	17443	115	0.2123287671232876	0.7380952380952381	0.0006302280279592	0.3297872340425532	75	58	17381	86	0.4658385093167702	0.5639097744360902	0.0033258787774528	0.5102040816326531	573	404	16452	171	0.7701612903225806	0.586489252814739	0.0239677266255339	0.6658919233004066	79	75	74	11	0	0	17600	0	NA	NA	0.0	NA
40	20	10	0.001999	0.3	8e-06	2e-06	0.0	0.0	1/3	0005	indelsieve	candidate_snvs	smc_mudel_sa_stage_1	mt	inc_cnv	/raid/kang/DelSIEVE/simulation_results/IndelSIEVE_benchmark_pipeline_sa_105_cna_1/benchmark_results/simulated_data/results/cell_names_dir/cell_names.0005	/raid/kang/DelSIEVE/simulation_results/IndelSIEVE_benchmark_pipeline_sa_105_cna_1/benchmark_results/indelsieve/from_candidate/variant_calling/mt/inc_cnv/smc_mudel_sa_stage_1/0005/indelsieve_median.cell_names	/raid/kang/DelSIEVE/simulation_results/IndelSIEVE_benchmark_pipeline_sa_105_cna_1/benchmark_results/simulated_data/results/data_type/inc_cnv/0005/true_evo_events_sites_names	/raid/kang/DelSIEVE/simulation_results/IndelSIEVE_benchmark_pipeline_sa_105_cna_1/benchmark_results/indelsieve/from_candidate/variant_calling/mt/inc_cnv/smc_mudel_sa_stage_1/0005/indelsieve_median.loci_info	/raid/kang/DelSIEVE/simulation_results/IndelSIEVE_benchmark_pipeline_sa_105_cna_1/benchmark_results/simulated_data/results/data_type/inc_cnv/0005/true_evo_events_genotypes_numeric	/raid/kang/DelSIEVE/simulation_results/IndelSIEVE_benchmark_pipeline_sa_105_cna_1/benchmark_results/indelsieve/from_candidate/variant_calling/mt/inc_cnv/smc_mudel_sa_stage_1/0005/indelsieve_median.genotypes	/raid/kang/DelSIEVE/simulation_results/IndelSIEVE_benchmark_pipeline_sa_105_cna_1/benchmark_results/simulated_data/results/data_type/inc_cnv/0005/true_evo_events_ternary_matrix	/raid/kang/DelSIEVE/simulation_results/IndelSIEVE_benchmark_pipeline_sa_105_cna_1/benchmark_results/indelsieve/from_candidate/variant_calling/mt/inc_cnv/smc_mudel_sa_stage_1/0005/indelsieve_median.ternary	/raid/kang/DelSIEVE/simulation_results/IndelSIEVE_benchmark_pipeline_sa_105_cna_1/benchmark_results/indelsieve/from_candidate/variant_calling/mt/inc_cnv/smc_mudel_sa_stage_1/0005/indelsieve_median.probs	7569	627	19786	1378	0.8459818933720801	0.9234992679355783	0.8830426413113225	0.0307157203742712	6658	181	22234	274	0.9604731679169072	0.9735341424184822	0.9669595526831748	0.0080749498103948	5985	272	22765	325	0.9484944532488114	0.956528687869586	0.9524946287896872	0.0118070929374484	287	16	29015	29	0.9082278481012658	0.9471947194719472	0.9273021001615508	0.0005511349936275	316	46	2	27	994	642	17530	274	0.7839116719242902	0.6075794621026895	0.035329077701959	0.684573002754821	23	19	19347	51	0.3108108108108108	0.5476190476190477	0.0009811008984818	0.396551724137931	192	87	19047	114	0.6274509803921569	0.6881720430107527	0.004546879899655	0.6564102564102564	692	623	17929	196	0.7792792792792793	0.526235741444867	0.0335812850366537	0.6282342260553792	63	95	97	12	0	0	19440	0	NA	NA	0.0	NA
40	20	10	0.001999	0.3	8e-06	2e-06	0.0	0.0	1/3	0006	indelsieve	candidate_snvs	smc_mudel_sa_stage_1	mt	inc_cnv	/raid/kang/DelSIEVE/simulation_results/IndelSIEVE_benchmark_pipeline_sa_105_cna_1/benchmark_results/simulated_data/results/cell_names_dir/cell_names.0006	/raid/kang/DelSIEVE/simulation_results/IndelSIEVE_benchmark_pipeline_sa_105_cna_1/benchmark_results/indelsieve/from_candidate/variant_calling/mt/inc_cnv/smc_mudel_sa_stage_1/0006/indelsieve_median.cell_names	/raid/kang/DelSIEVE/simulation_results/IndelSIEVE_benchmark_pipeline_sa_105_cna_1/benchmark_results/simulated_data/results/data_type/inc_cnv/0006/true_evo_events_sites_names	/raid/kang/DelSIEVE/simulation_results/IndelSIEVE_benchmark_pipeline_sa_105_cna_1/benchmark_results/indelsieve/from_candidate/variant_calling/mt/inc_cnv/smc_mudel_sa_stage_1/0006/indelsieve_median.loci_info	/raid/kang/DelSIEVE/simulation_results/IndelSIEVE_benchmark_pipeline_sa_105_cna_1/benchmark_results/simulated_data/results/data_type/inc_cnv/0006/true_evo_events_genotypes_numeric	/raid/kang/DelSIEVE/simulation_results/IndelSIEVE_benchmark_pipeline_sa_105_cna_1/benchmark_results/indelsieve/from_candidate/variant_calling/mt/inc_cnv/smc_mudel_sa_stage_1/0006/indelsieve_median.genotypes	/raid/kang/DelSIEVE/simulation_results/IndelSIEVE_benchmark_pipeline_sa_105_cna_1/benchmark_results/simulated_data/results/data_type/inc_cnv/0006/true_evo_events_ternary_matrix	/raid/kang/DelSIEVE/simulation_results/IndelSIEVE_benchmark_pipeline_sa_105_cna_1/benchmark_results/indelsieve/from_candidate/variant_calling/mt/inc_cnv/smc_mudel_sa_stage_1/0006/indelsieve_median.ternary	/raid/kang/DelSIEVE/simulation_results/IndelSIEVE_benchmark_pipeline_sa_105_cna_1/benchmark_results/indelsieve/from_candidate/variant_calling/mt/inc_cnv/smc_mudel_sa_stage_1/0006/indelsieve_median.probs	5725	451	23313	1351	0.8090729225551159	0.9269753886010362	0.8640205252037428	0.0189782864837569	4943	188	25377	320	0.9391981759452784	0.9633599688169948	0.9511256494131228	0.0073538040289458	4537	245	25709	337	0.9308576118178088	0.9487662066081136	0.9397265948632972	0.0094397780688911	126	15	30656	31	0.802547770700637	0.8936170212765957	0.8456375838926175	0.0004890613282905	157	48	3	28	823	430	19463	284	0.7434507678410117	0.6568236233040702	0.0216156436937616	0.697457627118644	36	5	20843	116	0.2368421052631578	0.8780487804878049	0.0002398311588641	0.3730569948186528	137	71	20697	95	0.5905172413793104	0.6586538461538461	0.003418721109399	0.6227272727272727	508	496	19781	215	0.7026279391424619	0.5059760956175299	0.0244612122108793	0.588303416328894	108	83	80	7	0	0	21000	0	NA	NA	0.0	NA
40	20	10	0.001999	0.3	8e-06	2e-06	0.0	0.0	1/3	0007	indelsieve	candidate_snvs	smc_mudel_sa_stage_1	mt	inc_cnv	/raid/kang/DelSIEVE/simulation_results/IndelSIEVE_benchmark_pipeline_sa_105_cna_1/benchmark_results/simulated_data/results/cell_names_dir/cell_names.0007	/raid/kang/DelSIEVE/simulation_results/IndelSIEVE_benchmark_pipeline_sa_105_cna_1/benchmark_results/indelsieve/from_candidate/variant_calling/mt/inc_cnv/smc_mudel_sa_stage_1/0007/indelsieve_mode_gaussian.cell_names	/raid/kang/DelSIEVE/simulation_results/IndelSIEVE_benchmark_pipeline_sa_105_cna_1/benchmark_results/simulated_data/results/data_type/inc_cnv/0007/true_evo_events_sites_names	/raid/kang/DelSIEVE/simulation_results/IndelSIEVE_benchmark_pipeline_sa_105_cna_1/benchmark_results/indelsieve/from_candidate/variant_calling/mt/inc_cnv/smc_mudel_sa_stage_1/0007/indelsieve_mode_gaussian.loci_info	/raid/kang/DelSIEVE/simulation_results/IndelSIEVE_benchmark_pipeline_sa_105_cna_1/benchmark_results/simulated_data/results/data_type/inc_cnv/0007/true_evo_events_genotypes_numeric	/raid/kang/DelSIEVE/simulation_results/IndelSIEVE_benchmark_pipeline_sa_105_cna_1/benchmark_results/indelsieve/from_candidate/variant_calling/mt/inc_cnv/smc_mudel_sa_stage_1/0007/indelsieve_mode_gaussian.genotypes	/raid/kang/DelSIEVE/simulation_results/IndelSIEVE_benchmark_pipeline_sa_105_cna_1/benchmark_results/simulated_data/results/data_type/inc_cnv/0007/true_evo_events_ternary_matrix	/raid/kang/DelSIEVE/simulation_results/IndelSIEVE_benchmark_pipeline_sa_105_cna_1/benchmark_results/indelsieve/from_candidate/variant_calling/mt/inc_cnv/smc_mudel_sa_stage_1/0007/indelsieve_mode_gaussian.ternary	/raid/kang/DelSIEVE/simulation_results/IndelSIEVE_benchmark_pipeline_sa_105_cna_1/benchmark_results/indelsieve/from_candidate/variant_calling/mt/inc_cnv/smc_mudel_sa_stage_1/0007/indelsieve_mode_gaussian.probs	9245	483	16683	1509	0.8596801190254789	0.9503495065789472	0.9027438726686848	0.0281370150297098	8415	209	19034	247	0.9714846455783884	0.9757653061224488	0.9736202707393266	0.0108610923452684	7376	324	19866	339	0.9560596241088788	0.957922077922078	0.9569899448589038	0.0160475482912332	456	42	27369	38	0.9230769230769232	0.9156626506024096	0.9193548387096774	0.0015322315858596	494	41	2	36	1007	523	18043	307	0.7663622526636226	0.6581699346405229	0.02816977270279	0.7081575246132208	33	13	19715	119	0.2171052631578947	0.717391304347826	0.0006589618815896	0.3333333333333333	319	107	19320	134	0.7041942604856513	0.7488262910798122	0.0055077984248726	0.7258248009101251	521	537	18634	188	0.7348377997179125	0.4924385633270321	0.0280110583694121	0.5897000565930957	44	127	114	16	0	0	19880	0	NA	NA	0.0	NA
40	20	10	0.001999	0.3	8e-06	2e-06	0.0	0.0	1/3	0008	indelsieve	candidate_snvs	smc_mudel_sa_stage_1	mt	inc_cnv	/raid/kang/DelSIEVE/simulation_results/IndelSIEVE_benchmark_pipeline_sa_105_cna_1/benchmark_results/simulated_data/results/cell_names_dir/cell_names.0008	/raid/kang/DelSIEVE/simulation_results/IndelSIEVE_benchmark_pipeline_sa_105_cna_1/benchmark_results/indelsieve/from_candidate/variant_calling/mt/inc_cnv/smc_mudel_sa_stage_1/0008/indelsieve_median.cell_names	/raid/kang/DelSIEVE/simulation_results/IndelSIEVE_benchmark_pipeline_sa_105_cna_1/benchmark_results/simulated_data/results/data_type/inc_cnv/0008/true_evo_events_sites_names	/raid/kang/DelSIEVE/simulation_results/IndelSIEVE_benchmark_pipeline_sa_105_cna_1/benchmark_results/indelsieve/from_candidate/variant_calling/mt/inc_cnv/smc_mudel_sa_stage_1/0008/indelsieve_median.loci_info	/raid/kang/DelSIEVE/simulation_results/IndelSIEVE_benchmark_pipeline_sa_105_cna_1/benchmark_results/simulated_data/results/data_type/inc_cnv/0008/true_evo_events_genotypes_numeric	/raid/kang/DelSIEVE/simulation_results/IndelSIEVE_benchmark_pipeline_sa_105_cna_1/benchmark_results/indelsieve/from_candidate/variant_calling/mt/inc_cnv/smc_mudel_sa_stage_1/0008/indelsieve_median.genotypes	/raid/kang/DelSIEVE/simulation_results/IndelSIEVE_benchmark_pipeline_sa_105_cna_1/benchmark_results/simulated_data/results/data_type/inc_cnv/0008/true_evo_events_ternary_matrix	/raid/kang/DelSIEVE/simulation_results/IndelSIEVE_benchmark_pipeline_sa_105_cna_1/benchmark_results/indelsieve/from_candidate/variant_calling/mt/inc_cnv/smc_mudel_sa_stage_1/0008/indelsieve_median.ternary	/raid/kang/DelSIEVE/simulation_results/IndelSIEVE_benchmark_pipeline_sa_105_cna_1/benchmark_results/indelsieve/from_candidate/variant_calling/mt/inc_cnv/smc_mudel_sa_stage_1/0008/indelsieve_median.probs	5129	484	23227	1560	0.7667812827029451	0.9137716016390522	0.8338481547715818	0.0204124667875669	4475	115	25391	396	0.91870252514884	0.9749455337690632	0.9459887961103478	0.0045087430408531	4211	192	25549	425	0.9083261432269196	0.956393368158074	0.931740236751853	0.0074589176799658	101	8	30246	22	0.8211382113821138	0.926605504587156	0.8706896551724138	0.0002644278442519	123	35	3	19	610	491	17085	214	0.7402912621359223	0.5540417801998183	0.0279358215748748	0.6337662337662338	52	6	18248	94	0.3561643835616438	0.896551724137931	0.0003286950805302	0.5098039215686274	30	48	18240	82	0.2678571428571428	0.3846153846153846	0.0026246719160104	0.3157894736842105	423	542	17292	143	0.7473498233215548	0.4383419689119171	0.0303913872378602	0.5525800130633572	73	59	74	2	0	0	18400	0	NA	NA	0.0	NA
40	20	10	0.001999	0.3	8e-06	2e-06	0.0	0.0	1/3	0009	indelsieve	candidate_snvs	smc_mudel_sa_stage_1	mt	inc_cnv	/raid/kang/DelSIEVE/simulation_results/IndelSIEVE_benchmark_pipeline_sa_105_cna_1/benchmark_results/simulated_data/results/cell_names_dir/cell_names.0009	/raid/kang/DelSIEVE/simulation_results/IndelSIEVE_benchmark_pipeline_sa_105_cna_1/benchmark_results/indelsieve/from_candidate/variant_calling/mt/inc_cnv/smc_mudel_sa_stage_1/0009/indelsieve_median.cell_names	/raid/kang/DelSIEVE/simulation_results/IndelSIEVE_benchmark_pipeline_sa_105_cna_1/benchmark_results/simulated_data/results/data_type/inc_cnv/0009/true_evo_events_sites_names	/raid/kang/DelSIEVE/simulation_results/IndelSIEVE_benchmark_pipeline_sa_105_cna_1/benchmark_results/indelsieve/from_candidate/variant_calling/mt/inc_cnv/smc_mudel_sa_stage_1/0009/indelsieve_median.loci_info	/raid/kang/DelSIEVE/simulation_results/IndelSIEVE_benchmark_pipeline_sa_105_cna_1/benchmark_results/simulated_data/results/data_type/inc_cnv/0009/true_evo_events_genotypes_numeric	/raid/kang/DelSIEVE/simulation_results/IndelSIEVE_benchmark_pipeline_sa_105_cna_1/benchmark_results/indelsieve/from_candidate/variant_calling/mt/inc_cnv/smc_mudel_sa_stage_1/0009/indelsieve_median.genotypes	/raid/kang/DelSIEVE/simulation_results/IndelSIEVE_benchmark_pipeline_sa_105_cna_1/benchmark_results/simulated_data/results/data_type/inc_cnv/0009/true_evo_events_ternary_matrix	/raid/kang/DelSIEVE/simulation_results/IndelSIEVE_benchmark_pipeline_sa_105_cna_1/benchmark_results/indelsieve/from_candidate/variant_calling/mt/inc_cnv/smc_mudel_sa_stage_1/0009/indelsieve_median.ternary	/raid/kang/DelSIEVE/simulation_results/IndelSIEVE_benchmark_pipeline_sa_105_cna_1/benchmark_results/indelsieve/from_candidate/variant_calling/mt/inc_cnv/smc_mudel_sa_stage_1/0009/indelsieve_median.probs	6238	657	12596	1069	0.8537019296564937	0.904713560551124	0.8784678214336008	0.0495736814306194	5332	174	14834	207	0.9626286333273154	0.9683981111514712	0.965504753282028	0.01159381663113	4719	255	15319	254	0.9489241906293988	0.948733413751508	0.948828792600784	0.0163734429176833	263	25	20227	32	0.8915254237288136	0.9131944444444444	0.902229845626072	0.0012344459806438	295	29	3	29	958	675	12971	276	0.7763371150729336	0.5866503368034293	0.0494650447017441	0.66829438437391	58	4	14751	67	0.464	0.935483870967742	0.0002710945442222	0.6203208556149732	153	91	14518	118	0.5645756457564576	0.6270491803278688	0.0062290368950646	0.5941747572815534	661	666	13376	177	0.788782816229117	0.4981160512434062	0.0474291411479846	0.6106235565819862	65	95	100	13	0	0	14880	0	NA	NA	0.0	NA
40	20	10	0.001999	0.3	8e-06	2e-06	0.0	0.0	1/3	0010	indelsieve	candidate_snvs	smc_mudel_sa_stage_1	mt	inc_cnv	/raid/kang/DelSIEVE/simulation_results/IndelSIEVE_benchmark_pipeline_sa_105_cna_1/benchmark_results/simulated_data/results/cell_names_dir/cell_names.0010	/raid/kang/DelSIEVE/simulation_results/IndelSIEVE_benchmark_pipeline_sa_105_cna_1/benchmark_results/indelsieve/from_candidate/variant_calling/mt/inc_cnv/smc_mudel_sa_stage_1/0010/indelsieve_median.cell_names	/raid/kang/DelSIEVE/simulation_results/IndelSIEVE_benchmark_pipeline_sa_105_cna_1/benchmark_results/simulated_data/results/data_type/inc_cnv/0010/true_evo_events_sites_names	/raid/kang/DelSIEVE/simulation_results/IndelSIEVE_benchmark_pipeline_sa_105_cna_1/benchmark_results/indelsieve/from_candidate/variant_calling/mt/inc_cnv/smc_mudel_sa_stage_1/0010/indelsieve_median.loci_info	/raid/kang/DelSIEVE/simulation_results/IndelSIEVE_benchmark_pipeline_sa_105_cna_1/benchmark_results/simulated_data/results/data_type/inc_cnv/0010/true_evo_events_genotypes_numeric	/raid/kang/DelSIEVE/simulation_results/IndelSIEVE_benchmark_pipeline_sa_105_cna_1/benchmark_results/indelsieve/from_candidate/variant_calling/mt/inc_cnv/smc_mudel_sa_stage_1/0010/indelsieve_median.genotypes	/raid/kang/DelSIEVE/simulation_results/IndelSIEVE_benchmark_pipeline_sa_105_cna_1/benchmark_results/simulated_data/results/data_type/inc_cnv/0010/true_evo_events_ternary_matrix	/raid/kang/DelSIEVE/simulation_results/IndelSIEVE_benchmark_pipeline_sa_105_cna_1/benchmark_results/indelsieve/from_candidate/variant_calling/mt/inc_cnv/smc_mudel_sa_stage_1/0010/indelsieve_median.ternary	/raid/kang/DelSIEVE/simulation_results/IndelSIEVE_benchmark_pipeline_sa_105_cna_1/benchmark_results/indelsieve/from_candidate/variant_calling/mt/inc_cnv/smc_mudel_sa_stage_1/0010/indelsieve_median.probs	5167	304	23068	1701	0.7523296447291788	0.9444342898921586	0.8375070913364131	0.013007016943351	4681	163	24997	388	0.9234563030183468	0.9663501238645748	0.9444164228790476	0.0064785373608903	4408	248	25177	396	0.9175686927560366	0.9467353951890034	0.931923890063425	0.0097541789577187	104	12	30101	12	0.896551724137931	0.896551724137931	0.896551724137931	0.0003984989871484	116	42	4	8	416	283	15975	286	0.5925925925925926	0.5951359084406295	0.0174068151064091	0.5938615274803712	26	7	16890	37	0.4126984126984127	0.7878787878787878	0.0004142747233236	0.5416666666666666	52	20	16791	97	0.348993288590604	0.7222222222222222	0.0011896972220569	0.4705882352941176	295	299	16171	195	0.6020408163265306	0.4966329966329966	0.018154219793564	0.544280442804428	79	107	87	9	0	0	16960	0	NA	NA	0.0	NA
40	20	10	0.001999	0.3	8e-06	2e-06	0.0	0.0	1/3	0001	indelsieve	candidate_snvs	smc_mudel_sa_stage_1-smc_mudel_sa_stage_2	mt	inc_cnv	/raid/kang/DelSIEVE/simulation_results/IndelSIEVE_benchmark_pipeline_sa_105_cna_1/benchmark_results/simulated_data/results/cell_names_dir/cell_names.0001	/raid/kang/DelSIEVE/simulation_results/IndelSIEVE_benchmark_pipeline_sa_105_cna_1/benchmark_results/indelsieve/from_candidate/variant_calling/stage2/mt/inc_cnv/smc_mudel_sa_stage_1-smc_mudel_sa_stage_2/0001/indelsieve_median.cell_names	/raid/kang/DelSIEVE/simulation_results/IndelSIEVE_benchmark_pipeline_sa_105_cna_1/benchmark_results/simulated_data/results/data_type/inc_cnv/0001/true_evo_events_sites_names	/raid/kang/DelSIEVE/simulation_results/IndelSIEVE_benchmark_pipeline_sa_105_cna_1/benchmark_results/indelsieve/from_candidate/variant_calling/stage2/mt/inc_cnv/smc_mudel_sa_stage_1-smc_mudel_sa_stage_2/0001/indelsieve_median.loci_info	/raid/kang/DelSIEVE/simulation_results/IndelSIEVE_benchmark_pipeline_sa_105_cna_1/benchmark_results/simulated_data/results/data_type/inc_cnv/0001/true_evo_events_genotypes_numeric	/raid/kang/DelSIEVE/simulation_results/IndelSIEVE_benchmark_pipeline_sa_105_cna_1/benchmark_results/indelsieve/from_candidate/variant_calling/stage2/mt/inc_cnv/smc_mudel_sa_stage_1-smc_mudel_sa_stage_2/0001/indelsieve_median.genotypes	/raid/kang/DelSIEVE/simulation_results/IndelSIEVE_benchmark_pipeline_sa_105_cna_1/benchmark_results/simulated_data/results/data_type/inc_cnv/0001/true_evo_events_ternary_matrix	/raid/kang/DelSIEVE/simulation_results/IndelSIEVE_benchmark_pipeline_sa_105_cna_1/benchmark_results/indelsieve/from_candidate/variant_calling/stage2/mt/inc_cnv/smc_mudel_sa_stage_1-smc_mudel_sa_stage_2/0001/indelsieve_median.ternary	/raid/kang/DelSIEVE/simulation_results/IndelSIEVE_benchmark_pipeline_sa_105_cna_1/benchmark_results/indelsieve/from_candidate/variant_calling/stage2/mt/inc_cnv/smc_mudel_sa_stage_1-smc_mudel_sa_stage_2/0001/indelsieve_median.probs	6924	305	18768	1643	0.808217579082526	0.9578088255637016	0.8766776399088376	0.0159911917370104	6222	204	20920	283	0.9564950038431976	0.9682539682539684	0.9623385662361766	0.0096572618822192	5678	348	21301	302	0.9494983277591972	0.9422502489213408	0.9458604031317674	0.0160746454801607	219	10	27352	48	0.8202247191011236	0.9563318777292577	0.8830645161290321	0.0003654703603537	267	92	4	44	735	239	16772	334	0.6875584658559402	0.7546201232032854	0.0140497325260125	0.7195301027900146	5	0	18015	60	0.0769230769230769	1.0	0.0	0.1428571428571428	137	34	17788	121	0.5310077519379846	0.8011695906432749	0.0019077544607788	0.6386946386946387	533	265	17069	213	0.7144772117962467	0.6679197994987469	0.0152878735433252	0.6904145077720208	113	96	115	6	0	0	18080	0	NA	NA	0.0	NA
40	20	10	0.001999	0.3	8e-06	2e-06	0.0	0.0	1/3	0002	indelsieve	candidate_snvs	smc_mudel_sa_stage_1-smc_mudel_sa_stage_2	mt	inc_cnv	/raid/kang/DelSIEVE/simulation_results/IndelSIEVE_benchmark_pipeline_sa_105_cna_1/benchmark_results/simulated_data/results/cell_names_dir/cell_names.0002	/raid/kang/DelSIEVE/simulation_results/IndelSIEVE_benchmark_pipeline_sa_105_cna_1/benchmark_results/indelsieve/from_candidate/variant_calling/stage2/mt/inc_cnv/smc_mudel_sa_stage_1-smc_mudel_sa_stage_2/0002/indelsieve_median.cell_names	/raid/kang/DelSIEVE/simulation_results/IndelSIEVE_benchmark_pipeline_sa_105_cna_1/benchmark_results/simulated_data/results/data_type/inc_cnv/0002/true_evo_events_sites_names	/raid/kang/DelSIEVE/simulation_results/IndelSIEVE_benchmark_pipeline_sa_105_cna_1/benchmark_results/indelsieve/from_candidate/variant_calling/stage2/mt/inc_cnv/smc_mudel_sa_stage_1-smc_mudel_sa_stage_2/0002/indelsieve_median.loci_info	/raid/kang/DelSIEVE/simulation_results/IndelSIEVE_benchmark_pipeline_sa_105_cna_1/benchmark_results/simulated_data/results/data_type/inc_cnv/0002/true_evo_events_genotypes_numeric	/raid/kang/DelSIEVE/simulation_results/IndelSIEVE_benchmark_pipeline_sa_105_cna_1/benchmark_results/indelsieve/from_candidate/variant_calling/stage2/mt/inc_cnv/smc_mudel_sa_stage_1-smc_mudel_sa_stage_2/0002/indelsieve_median.genotypes	/raid/kang/DelSIEVE/simulation_results/IndelSIEVE_benchmark_pipeline_sa_105_cna_1/benchmark_results/simulated_data/results/data_type/inc_cnv/0002/true_evo_events_ternary_matrix	/raid/kang/DelSIEVE/simulation_results/IndelSIEVE_benchmark_pipeline_sa_105_cna_1/benchmark_results/indelsieve/from_candidate/variant_calling/stage2/mt/inc_cnv/smc_mudel_sa_stage_1-smc_mudel_sa_stage_2/0002/indelsieve_median.ternary	/raid/kang/DelSIEVE/simulation_results/IndelSIEVE_benchmark_pipeline_sa_105_cna_1/benchmark_results/indelsieve/from_candidate/variant_calling/stage2/mt/inc_cnv/smc_mudel_sa_stage_1-smc_mudel_sa_stage_2/0002/indelsieve_median.probs	6394	204	22405	2157	0.7477488013097884	0.9690815398605638	0.8441481285893457	0.0090229554602149	5866	294	24585	396	0.9367614180772916	0.9522727272727272	0.9444533891482854	0.0118171952248884	5613	380	24737	411	0.9317729083665338	0.9365926914733856	0.9341765831738372	0.0151291953656885	51	9	31050	31	0.6219512195121951	0.85	0.7183098591549296	0.0002897710808461	82	80	3	28	390	155	15379	436	0.4721549636803874	0.7155963302752294	0.0099781125273593	0.5689277899343544	39	1	16155	165	0.1911764705882352	0.975	6.189650903689032e-05	0.319672131147541	32	75	16129	124	0.2051282051282051	0.2990654205607476	0.0046284867933843	0.2433460076045627	188	210	15684	278	0.4034334763948498	0.4723618090452261	0.0132125330313325	0.4351851851851852	150	125	114	6	0	0	16360	0	NA	NA	0.0	NA
40	20	10	0.001999	0.3	8e-06	2e-06	0.0	0.0	1/3	0003	indelsieve	candidate_snvs	smc_mudel_sa_stage_1-smc_mudel_sa_stage_2	mt	inc_cnv	/raid/kang/DelSIEVE/simulation_results/IndelSIEVE_benchmark_pipeline_sa_105_cna_1/benchmark_results/simulated_data/results/cell_names_dir/cell_names.0003	/raid/kang/DelSIEVE/simulation_results/IndelSIEVE_benchmark_pipeline_sa_105_cna_1/benchmark_results/indelsieve/from_candidate/variant_calling/stage2/mt/inc_cnv/smc_mudel_sa_stage_1-smc_mudel_sa_stage_2/0003/indelsieve_median.cell_names	/raid/kang/DelSIEVE/simulation_results/IndelSIEVE_benchmark_pipeline_sa_105_cna_1/benchmark_results/simulated_data/results/data_type/inc_cnv/0003/true_evo_events_sites_names	/raid/kang/DelSIEVE/simulation_results/IndelSIEVE_benchmark_pipeline_sa_105_cna_1/benchmark_results/indelsieve/from_candidate/variant_calling/stage2/mt/inc_cnv/smc_mudel_sa_stage_1-smc_mudel_sa_stage_2/0003/indelsieve_median.loci_info	/raid/kang/DelSIEVE/simulation_results/IndelSIEVE_benchmark_pipeline_sa_105_cna_1/benchmark_results/simulated_data/results/data_type/inc_cnv/0003/true_evo_events_genotypes_numeric	/raid/kang/DelSIEVE/simulation_results/IndelSIEVE_benchmark_pipeline_sa_105_cna_1/benchmark_results/indelsieve/from_candidate/variant_calling/stage2/mt/inc_cnv/smc_mudel_sa_stage_1-smc_mudel_sa_stage_2/0003/indelsieve_median.genotypes	/raid/kang/DelSIEVE/simulation_results/IndelSIEVE_benchmark_pipeline_sa_105_cna_1/benchmark_results/simulated_data/results/data_type/inc_cnv/0003/true_evo_events_ternary_matrix	/raid/kang/DelSIEVE/simulation_results/IndelSIEVE_benchmark_pipeline_sa_105_cna_1/benchmark_results/indelsieve/from_candidate/variant_calling/stage2/mt/inc_cnv/smc_mudel_sa_stage_1-smc_mudel_sa_stage_2/0003/indelsieve_median.ternary	/raid/kang/DelSIEVE/simulation_results/IndelSIEVE_benchmark_pipeline_sa_105_cna_1/benchmark_results/indelsieve/from_candidate/variant_calling/stage2/mt/inc_cnv/smc_mudel_sa_stage_1-smc_mudel_sa_stage_2/0003/indelsieve_median.probs	4387	294	23882	1877	0.7003512132822478	0.9371929074983978	0.8016445865692097	0.0121608206485771	3832	155	26053	388	0.9080568720379149	0.9611236518685728	0.9338369684415744	0.0059142246642246	3644	209	26176	399	0.901310907741776	0.9457565533350636	0.922998986828774	0.0079211673299223	51	1	30353	23	0.6891891891891891	0.9807692307692308	0.8095238095238095	3.294458720432233e-05	74	75	2	21	533	243	15856	288	0.6492082825822169	0.6868556701030928	0.0150941052239269	0.667501565435191	14	0	16757	149	0.0858895705521472	1.0	0.0	0.1581920903954802	50	32	16785	53	0.4854368932038835	0.6097560975609756	0.0019028364155319	0.5405405405405406	332	348	16017	223	0.5981981981981982	0.488235294117647	0.0212648945921173	0.5376518218623482	170	50	51	0	0	0	16920	0	NA	NA	0.0	NA
40	20	10	0.001999	0.3	8e-06	2e-06	0.0	0.0	1/3	0004	indelsieve	candidate_snvs	smc_mudel_sa_stage_1-smc_mudel_sa_stage_2	mt	inc_cnv	/raid/kang/DelSIEVE/simulation_results/IndelSIEVE_benchmark_pipeline_sa_105_cna_1/benchmark_results/simulated_data/results/cell_names_dir/cell_names.0004	/raid/kang/DelSIEVE/simulation_results/IndelSIEVE_benchmark_pipeline_sa_105_cna_1/benchmark_results/indelsieve/from_candidate/variant_calling/stage2/mt/inc_cnv/smc_mudel_sa_stage_1-smc_mudel_sa_stage_2/0004/indelsieve_median.cell_names	/raid/kang/DelSIEVE/simulation_results/IndelSIEVE_benchmark_pipeline_sa_105_cna_1/benchmark_results/simulated_data/results/data_type/inc_cnv/0004/true_evo_events_sites_names	/raid/kang/DelSIEVE/simulation_results/IndelSIEVE_benchmark_pipeline_sa_105_cna_1/benchmark_results/indelsieve/from_candidate/variant_calling/stage2/mt/inc_cnv/smc_mudel_sa_stage_1-smc_mudel_sa_stage_2/0004/indelsieve_median.loci_info	/raid/kang/DelSIEVE/simulation_results/IndelSIEVE_benchmark_pipeline_sa_105_cna_1/benchmark_results/simulated_data/results/data_type/inc_cnv/0004/true_evo_events_genotypes_numeric	/raid/kang/DelSIEVE/simulation_results/IndelSIEVE_benchmark_pipeline_sa_105_cna_1/benchmark_results/indelsieve/from_candidate/variant_calling/stage2/mt/inc_cnv/smc_mudel_sa_stage_1-smc_mudel_sa_stage_2/0004/indelsieve_median.genotypes	/raid/kang/DelSIEVE/simulation_results/IndelSIEVE_benchmark_pipeline_sa_105_cna_1/benchmark_results/simulated_data/results/data_type/inc_cnv/0004/true_evo_events_ternary_matrix	/raid/kang/DelSIEVE/simulation_results/IndelSIEVE_benchmark_pipeline_sa_105_cna_1/benchmark_results/indelsieve/from_candidate/variant_calling/stage2/mt/inc_cnv/smc_mudel_sa_stage_1-smc_mudel_sa_stage_2/0004/indelsieve_median.ternary	/raid/kang/DelSIEVE/simulation_results/IndelSIEVE_benchmark_pipeline_sa_105_cna_1/benchmark_results/indelsieve/from_candidate/variant_calling/stage2/mt/inc_cnv/smc_mudel_sa_stage_1-smc_mudel_sa_stage_2/0004/indelsieve_median.probs	6146	305	17581	1208	0.8357356540658145	0.9527205084483026	0.8904020282506339	0.0170524432517052	5343	162	19496	233	0.9582137733142038	0.9705722070844688	0.9643533977077882	0.0082409197273374	4906	254	19824	250	0.951512800620636	0.9507751937984495	0.9511438542070568	0.0126506624165753	237	13	24962	22	0.915057915057915	0.948	0.931237721021611	0.0005205205205205	259	64	1	21	779	262	16287	272	0.7411988582302569	0.7483189241114313	0.0158317723125264	0.7447418738049714	25	11	17443	121	0.1712328767123287	0.6944444444444444	0.0006302280279592	0.2747252747252747	72	23	17416	89	0.4472049689440994	0.7578947368421053	0.0013188829634726	0.5625	556	354	16502	188	0.7473118279569892	0.610989010989011	0.021001423825344	0.6723095525997582	93	83	80	8	0	0	17600	0	NA	NA	0.0	NA
40	20	10	0.001999	0.3	8e-06	2e-06	0.0	0.0	1/3	0005	indelsieve	candidate_snvs	smc_mudel_sa_stage_1-smc_mudel_sa_stage_2	mt	inc_cnv	/raid/kang/DelSIEVE/simulation_results/IndelSIEVE_benchmark_pipeline_sa_105_cna_1/benchmark_results/simulated_data/results/cell_names_dir/cell_names.0005	/raid/kang/DelSIEVE/simulation_results/IndelSIEVE_benchmark_pipeline_sa_105_cna_1/benchmark_results/indelsieve/from_candidate/variant_calling/stage2/mt/inc_cnv/smc_mudel_sa_stage_1-smc_mudel_sa_stage_2/0005/indelsieve_median.cell_names	/raid/kang/DelSIEVE/simulation_results/IndelSIEVE_benchmark_pipeline_sa_105_cna_1/benchmark_results/simulated_data/results/data_type/inc_cnv/0005/true_evo_events_sites_names	/raid/kang/DelSIEVE/simulation_results/IndelSIEVE_benchmark_pipeline_sa_105_cna_1/benchmark_results/indelsieve/from_candidate/variant_calling/stage2/mt/inc_cnv/smc_mudel_sa_stage_1-smc_mudel_sa_stage_2/0005/indelsieve_median.loci_info	/raid/kang/DelSIEVE/simulation_results/IndelSIEVE_benchmark_pipeline_sa_105_cna_1/benchmark_results/simulated_data/results/data_type/inc_cnv/0005/true_evo_events_genotypes_numeric	/raid/kang/DelSIEVE/simulation_results/IndelSIEVE_benchmark_pipeline_sa_105_cna_1/benchmark_results/indelsieve/from_candidate/variant_calling/stage2/mt/inc_cnv/smc_mudel_sa_stage_1-smc_mudel_sa_stage_2/0005/indelsieve_median.genotypes	/raid/kang/DelSIEVE/simulation_results/IndelSIEVE_benchmark_pipeline_sa_105_cna_1/benchmark_results/simulated_data/results/data_type/inc_cnv/0005/true_evo_events_ternary_matrix	/raid/kang/DelSIEVE/simulation_results/IndelSIEVE_benchmark_pipeline_sa_105_cna_1/benchmark_results/indelsieve/from_candidate/variant_calling/stage2/mt/inc_cnv/smc_mudel_sa_stage_1-smc_mudel_sa_stage_2/0005/indelsieve_median.ternary	/raid/kang/DelSIEVE/simulation_results/IndelSIEVE_benchmark_pipeline_sa_105_cna_1/benchmark_results/indelsieve/from_candidate/variant_calling/stage2/mt/inc_cnv/smc_mudel_sa_stage_1-smc_mudel_sa_stage_2/0005/indelsieve_median.probs	7566	394	20019	1381	0.845646585447636	0.950502512562814	0.8950138995682261	0.0193014255621417	6669	223	22192	263	0.9620600115406808	0.9676436448055716	0.96484375	0.0099486950702654	6010	352	22703	282	0.9551811824539096	0.944671486953788	0.9498972656867394	0.0152678377792235	293	12	29001	41	0.8772455089820359	0.960655737704918	0.9170579029733958	0.000413607693103	334	86	2	39	957	336	17836	311	0.7547318611987381	0.740139211136891	0.0184899845916795	0.7473643108160875	16	5	19361	58	0.2162162162162162	0.7619047619047619	0.0002581844469689	0.3368421052631579	178	47	19087	128	0.5816993464052288	0.7911111111111111	0.0024563604055607	0.6704331450094163	698	349	18203	190	0.786036036036036	0.6666666666666666	0.0188119879258301	0.7214470284237725	72	104	111	12	0	0	19440	0	NA	NA	0.0	NA
40	20	10	0.001999	0.3	8e-06	2e-06	0.0	0.0	1/3	0006	indelsieve	candidate_snvs	smc_mudel_sa_stage_1-smc_mudel_sa_stage_2	mt	inc_cnv	/raid/kang/DelSIEVE/simulation_results/IndelSIEVE_benchmark_pipeline_sa_105_cna_1/benchmark_results/simulated_data/results/cell_names_dir/cell_names.0006	/raid/kang/DelSIEVE/simulation_results/IndelSIEVE_benchmark_pipeline_sa_105_cna_1/benchmark_results/indelsieve/from_candidate/variant_calling/stage2/mt/inc_cnv/smc_mudel_sa_stage_1-smc_mudel_sa_stage_2/0006/indelsieve_median.cell_names	/raid/kang/DelSIEVE/simulation_results/IndelSIEVE_benchmark_pipeline_sa_105_cna_1/benchmark_results/simulated_data/results/data_type/inc_cnv/0006/true_evo_events_sites_names	/raid/kang/DelSIEVE/simulation_results/IndelSIEVE_benchmark_pipeline_sa_105_cna_1/benchmark_results/indelsieve/from_candidate/variant_calling/stage2/mt/inc_cnv/smc_mudel_sa_stage_1-smc_mudel_sa_stage_2/0006/indelsieve_median.loci_info	/raid/kang/DelSIEVE/simulation_results/IndelSIEVE_benchmark_pipeline_sa_105_cna_1/benchmark_results/simulated_data/results/data_type/inc_cnv/0006/true_evo_events_genotypes_numeric	/raid/kang/DelSIEVE/simulation_results/IndelSIEVE_benchmark_pipeline_sa_105_cna_1/benchmark_results/indelsieve/from_candidate/variant_calling/stage2/mt/inc_cnv/smc_mudel_sa_stage_1-smc_mudel_sa_stage_2/0006/indelsieve_median.genotypes	/raid/kang/DelSIEVE/simulation_results/IndelSIEVE_benchmark_pipeline_sa_105_cna_1/benchmark_results/simulated_data/results/data_type/inc_cnv/0006/true_evo_events_ternary_matrix	/raid/kang/DelSIEVE/simulation_results/IndelSIEVE_benchmark_pipeline_sa_105_cna_1/benchmark_results/indelsieve/from_candidate/variant_calling/stage2/mt/inc_cnv/smc_mudel_sa_stage_1-smc_mudel_sa_stage_2/0006/indelsieve_median.ternary	/raid/kang/DelSIEVE/simulation_results/IndelSIEVE_benchmark_pipeline_sa_105_cna_1/benchmark_results/indelsieve/from_candidate/variant_calling/stage2/mt/inc_cnv/smc_mudel_sa_stage_1-smc_mudel_sa_stage_2/0006/indelsieve_median.probs	5721	318	23446	1355	0.8085076314301866	0.9473422752111276	0.8724361418223407	0.0133815855916512	4971	266	25299	292	0.9445183355500664	0.949207561581058	0.9468571428571428	0.0104048503813807	4564	399	25558	307	0.9369739273249846	0.919605077574048	0.9282082570673176	0.0153715760681126	111	13	30655	49	0.69375	0.8951612903225806	0.7816901408450704	0.0004238946132776	160	83	3	46	695	257	19636	412	0.6278229448961157	0.7300420168067226	0.0129191172774342	0.6750849927149101	22	0	20848	130	0.1447368421052631	1.0	0.0	0.2528735632183908	95	55	20713	137	0.4094827586206896	0.6333333333333333	0.0026483050847457	0.4973821989528795	450	330	19947	273	0.6224066390041494	0.5769230769230769	0.0162745968338511	0.5988023952095809	134	131	126	6	0	0	21000	0	NA	NA	0.0	NA
40	20	10	0.001999	0.3	8e-06	2e-06	0.0	0.0	1/3	0007	indelsieve	candidate_snvs	smc_mudel_sa_stage_1-smc_mudel_sa_stage_2	mt	inc_cnv	/raid/kang/DelSIEVE/simulation_results/IndelSIEVE_benchmark_pipeline_sa_105_cna_1/benchmark_results/simulated_data/results/cell_names_dir/cell_names.0007	/raid/kang/DelSIEVE/simulation_results/IndelSIEVE_benchmark_pipeline_sa_105_cna_1/benchmark_results/indelsieve/from_candidate/variant_calling/stage2/mt/inc_cnv/smc_mudel_sa_stage_1-smc_mudel_sa_stage_2/0007/indelsieve_median.cell_names	/raid/kang/DelSIEVE/simulation_results/IndelSIEVE_benchmark_pipeline_sa_105_cna_1/benchmark_results/simulated_data/results/data_type/inc_cnv/0007/true_evo_events_sites_names	/raid/kang/DelSIEVE/simulation_results/IndelSIEVE_benchmark_pipeline_sa_105_cna_1/benchmark_results/indelsieve/from_candidate/variant_calling/stage2/mt/inc_cnv/smc_mudel_sa_stage_1-smc_mudel_sa_stage_2/0007/indelsieve_median.loci_info	/raid/kang/DelSIEVE/simulation_results/IndelSIEVE_benchmark_pipeline_sa_105_cna_1/benchmark_results/simulated_data/results/data_type/inc_cnv/0007/true_evo_events_genotypes_numeric	/raid/kang/DelSIEVE/simulation_results/IndelSIEVE_benchmark_pipeline_sa_105_cna_1/benchmark_results/indelsieve/from_candidate/variant_calling/stage2/mt/inc_cnv/smc_mudel_sa_stage_1-smc_mudel_sa_stage_2/0007/indelsieve_median.genotypes	/raid/kang/DelSIEVE/simulation_results/IndelSIEVE_benchmark_pipeline_sa_105_cna_1/benchmark_results/simulated_data/results/data_type/inc_cnv/0007/true_evo_events_ternary_matrix	/raid/kang/DelSIEVE/simulation_results/IndelSIEVE_benchmark_pipeline_sa_105_cna_1/benchmark_results/indelsieve/from_candidate/variant_calling/stage2/mt/inc_cnv/smc_mudel_sa_stage_1-smc_mudel_sa_stage_2/0007/indelsieve_median.ternary	/raid/kang/DelSIEVE/simulation_results/IndelSIEVE_benchmark_pipeline_sa_105_cna_1/benchmark_results/indelsieve/from_candidate/variant_calling/stage2/mt/inc_cnv/smc_mudel_sa_stage_1-smc_mudel_sa_stage_2/0007/indelsieve_median.probs	9231	270	16896	1523	0.8583782778501022	0.97158193874329	0.9114786472475932	0.0157287661656763	8425	234	19009	237	0.972639113368737	0.97297609423721	0.972807574620403	0.0121602660707789	7407	383	19847	268	0.9650814332247556	0.9508344030808727	0.9579049466537342	0.0189322787938704	490	25	27346	44	0.9176029962546816	0.9514563106796116	0.9342230695900858	0.0009133754703883	534	59	2	42	945	251	18315	369	0.7191780821917808	0.790133779264214	0.0135193364214154	0.7529880478087649	10	5	19723	142	0.0657894736842105	0.6666666666666666	0.0002534468775344	0.1197604790419161	301	53	19374	152	0.6644591611479028	0.8502824858757062	0.0027281618366191	0.7459727385377942	493	334	18837	216	0.6953455571227081	0.596130592503023	0.0174221480360961	0.6419270833333333	70	141	132	17	0	0	19880	0	NA	NA	0.0	NA
40	20	10	0.001999	0.3	8e-06	2e-06	0.0	0.0	1/3	0008	indelsieve	candidate_snvs	smc_mudel_sa_stage_1-smc_mudel_sa_stage_2	mt	inc_cnv	/raid/kang/DelSIEVE/simulation_results/IndelSIEVE_benchmark_pipeline_sa_105_cna_1/benchmark_results/simulated_data/results/cell_names_dir/cell_names.0008	/raid/kang/DelSIEVE/simulation_results/IndelSIEVE_benchmark_pipeline_sa_105_cna_1/benchmark_results/indelsieve/from_candidate/variant_calling/stage2/mt/inc_cnv/smc_mudel_sa_stage_1-smc_mudel_sa_stage_2/0008/indelsieve_median.cell_names	/raid/kang/DelSIEVE/simulation_results/IndelSIEVE_benchmark_pipeline_sa_105_cna_1/benchmark_results/simulated_data/results/data_type/inc_cnv/0008/true_evo_events_sites_names	/raid/kang/DelSIEVE/simulation_results/IndelSIEVE_benchmark_pipeline_sa_105_cna_1/benchmark_results/indelsieve/from_candidate/variant_calling/stage2/mt/inc_cnv/smc_mudel_sa_stage_1-smc_mudel_sa_stage_2/0008/indelsieve_median.loci_info	/raid/kang/DelSIEVE/simulation_results/IndelSIEVE_benchmark_pipeline_sa_105_cna_1/benchmark_results/simulated_data/results/data_type/inc_cnv/0008/true_evo_events_genotypes_numeric	/raid/kang/DelSIEVE/simulation_results/IndelSIEVE_benchmark_pipeline_sa_105_cna_1/benchmark_results/indelsieve/from_candidate/variant_calling/stage2/mt/inc_cnv/smc_mudel_sa_stage_1-smc_mudel_sa_stage_2/0008/indelsieve_median.genotypes	/raid/kang/DelSIEVE/simulation_results/IndelSIEVE_benchmark_pipeline_sa_105_cna_1/benchmark_results/simulated_data/results/data_type/inc_cnv/0008/true_evo_events_ternary_matrix	/raid/kang/DelSIEVE/simulation_results/IndelSIEVE_benchmark_pipeline_sa_105_cna_1/benchmark_results/indelsieve/from_candidate/variant_calling/stage2/mt/inc_cnv/smc_mudel_sa_stage_1-smc_mudel_sa_stage_2/0008/indelsieve_median.ternary	/raid/kang/DelSIEVE/simulation_results/IndelSIEVE_benchmark_pipeline_sa_105_cna_1/benchmark_results/indelsieve/from_candidate/variant_calling/stage2/mt/inc_cnv/smc_mudel_sa_stage_1-smc_mudel_sa_stage_2/0008/indelsieve_median.probs	5093	260	23451	1596	0.7613993123037823	0.9514291051746684	0.8458727786082046	0.0109653747205938	4478	145	25361	393	0.9193184151098336	0.9686350854423534	0.943332631135454	0.0056849368775974	4230	252	25495	400	0.9136069114470844	0.9437751004016064	0.9284460052677788	0.009787548063852	91	6	30242	38	0.7054263565891473	0.9381443298969072	0.8053097345132743	0.0001983602221634	129	55	3	35	547	227	17349	277	0.6638349514563107	0.7067183462532299	0.012915339098771	0.6846057571964955	33	0	18254	113	0.2260273972602739	1.0	0.0	0.3687150837988827	23	21	18267	89	0.2053571428571428	0.5227272727272727	0.0011482939632545	0.2948717948717949	382	315	17519	184	0.6749116607773852	0.5480631276901005	0.0176628911068745	0.6049089469517023	110	72	82	2	0	0	18400	0	NA	NA	0.0	NA
40	20	10	0.001999	0.3	8e-06	2e-06	0.0	0.0	1/3	0009	indelsieve	candidate_snvs	smc_mudel_sa_stage_1-smc_mudel_sa_stage_2	mt	inc_cnv	/raid/kang/DelSIEVE/simulation_results/IndelSIEVE_benchmark_pipeline_sa_105_cna_1/benchmark_results/simulated_data/results/cell_names_dir/cell_names.0009	/raid/kang/DelSIEVE/simulation_results/IndelSIEVE_benchmark_pipeline_sa_105_cna_1/benchmark_results/indelsieve/from_candidate/variant_calling/stage2/mt/inc_cnv/smc_mudel_sa_stage_1-smc_mudel_sa_stage_2/0009/indelsieve_median.cell_names	/raid/kang/DelSIEVE/simulation_results/IndelSIEVE_benchmark_pipeline_sa_105_cna_1/benchmark_results/simulated_data/results/data_type/inc_cnv/0009/true_evo_events_sites_names	/raid/kang/DelSIEVE/simulation_results/IndelSIEVE_benchmark_pipeline_sa_105_cna_1/benchmark_results/indelsieve/from_candidate/variant_calling/stage2/mt/inc_cnv/smc_mudel_sa_stage_1-smc_mudel_sa_stage_2/0009/indelsieve_median.loci_info	/raid/kang/DelSIEVE/simulation_results/IndelSIEVE_benchmark_pipeline_sa_105_cna_1/benchmark_results/simulated_data/results/data_type/inc_cnv/0009/true_evo_events_genotypes_numeric	/raid/kang/DelSIEVE/simulation_results/IndelSIEVE_benchmark_pipeline_sa_105_cna_1/benchmark_results/indelsieve/from_candidate/variant_calling/stage2/mt/inc_cnv/smc_mudel_sa_stage_1-smc_mudel_sa_stage_2/0009/indelsieve_median.genotypes	/raid/kang/DelSIEVE/simulation_results/IndelSIEVE_benchmark_pipeline_sa_105_cna_1/benchmark_results/simulated_data/results/data_type/inc_cnv/0009/true_evo_events_ternary_matrix	/raid/kang/DelSIEVE/simulation_results/IndelSIEVE_benchmark_pipeline_sa_105_cna_1/benchmark_results/indelsieve/from_candidate/variant_calling/stage2/mt/inc_cnv/smc_mudel_sa_stage_1-smc_mudel_sa_stage_2/0009/indelsieve_median.ternary	/raid/kang/DelSIEVE/simulation_results/IndelSIEVE_benchmark_pipeline_sa_105_cna_1/benchmark_results/indelsieve/from_candidate/variant_calling/stage2/mt/inc_cnv/smc_mudel_sa_stage_1-smc_mudel_sa_stage_2/0009/indelsieve_median.probs	6205	274	12979	1102	0.8491857123306419	0.9577095230745486	0.9001885971275208	0.0206745642496038	5347	210	14798	192	0.9653367033760608	0.9622098254453842	0.963770728190339	0.0139925373134328	4749	328	15255	215	0.9566881547139404	0.9353949182588144	0.9459217209441292	0.0210485785792209	263	16	20227	41	0.8651315789473685	0.942652329749104	0.902229845626072	0.0007903966803339	304	52	3	38	870	253	13393	364	0.7050243111831442	0.7747105966162066	0.0185402315696907	0.7382265591854051	51	0	14755	74	0.408	1.0	0.0	0.5795454545454546	144	57	14552	127	0.5313653136531366	0.7164179104477612	0.0039017044287767	0.6101694915254238	605	266	13776	233	0.7219570405727923	0.6946039035591275	0.0189431704885343	0.7080163838502048	110	122	112	11	0	0	14880	0	NA	NA	0.0	NA
40	20	10	0.001999	0.3	8e-06	2e-06	0.0	0.0	1/3	0010	indelsieve	candidate_snvs	smc_mudel_sa_stage_1-smc_mudel_sa_stage_2	mt	inc_cnv	/raid/kang/DelSIEVE/simulation_results/IndelSIEVE_benchmark_pipeline_sa_105_cna_1/benchmark_results/simulated_data/results/cell_names_dir/cell_names.0010	/raid/kang/DelSIEVE/simulation_results/IndelSIEVE_benchmark_pipeline_sa_105_cna_1/benchmark_results/indelsieve/from_candidate/variant_calling/stage2/mt/inc_cnv/smc_mudel_sa_stage_1-smc_mudel_sa_stage_2/0010/indelsieve_median.cell_names	/raid/kang/DelSIEVE/simulation_results/IndelSIEVE_benchmark_pipeline_sa_105_cna_1/benchmark_results/simulated_data/results/data_type/inc_cnv/0010/true_evo_events_sites_names	/raid/kang/DelSIEVE/simulation_results/IndelSIEVE_benchmark_pipeline_sa_105_cna_1/benchmark_results/indelsieve/from_candidate/variant_calling/stage2/mt/inc_cnv/smc_mudel_sa_stage_1-smc_mudel_sa_stage_2/0010/indelsieve_median.loci_info	/raid/kang/DelSIEVE/simulation_results/IndelSIEVE_benchmark_pipeline_sa_105_cna_1/benchmark_results/simulated_data/results/data_type/inc_cnv/0010/true_evo_events_genotypes_numeric	/raid/kang/DelSIEVE/simulation_results/IndelSIEVE_benchmark_pipeline_sa_105_cna_1/benchmark_results/indelsieve/from_candidate/variant_calling/stage2/mt/inc_cnv/smc_mudel_sa_stage_1-smc_mudel_sa_stage_2/0010/indelsieve_median.genotypes	/raid/kang/DelSIEVE/simulation_results/IndelSIEVE_benchmark_pipeline_sa_105_cna_1/benchmark_results/simulated_data/results/data_type/inc_cnv/0010/true_evo_events_ternary_matrix	/raid/kang/DelSIEVE/simulation_results/IndelSIEVE_benchmark_pipeline_sa_105_cna_1/benchmark_results/indelsieve/from_candidate/variant_calling/stage2/mt/inc_cnv/smc_mudel_sa_stage_1-smc_mudel_sa_stage_2/0010/indelsieve_median.ternary	/raid/kang/DelSIEVE/simulation_results/IndelSIEVE_benchmark_pipeline_sa_105_cna_1/benchmark_results/indelsieve/from_candidate/variant_calling/stage2/mt/inc_cnv/smc_mudel_sa_stage_1-smc_mudel_sa_stage_2/0010/indelsieve_median.probs	5120	147	23225	1748	0.745486313337216	0.9720903740269604	0.8438401318500206	0.0062895772719493	4689	189	24971	380	0.9250345235746696	0.9612546125461254	0.9427968231627628	0.0075119236883942	4422	285	25145	377	0.9214419670764744	0.9394518801784576	0.9303597727750894	0.0112072355485646	106	11	30097	15	0.8760330578512396	0.905982905982906	0.8907563025210083	0.0003653514016208	121	64	4	11	350	93	16165	352	0.4985754985754986	0.7900677200902935	0.0057202607946856	0.611353711790393	16	0	16897	47	0.2539682539682539	1.0	0.0	0.4050632911392405	44	10	16801	105	0.2953020134228188	0.8148148148148148	0.0005948486110284	0.4334975369458128	253	120	16350	237	0.5163265306122449	0.67828418230563	0.0072859744990892	0.5863267670915411	128	109	93	11	0	0	16960	0	NA	NA	0.0	NA
40	20	10	0.001999	0.3	8e-06	2e-06	0.0	0.0	1/3	0001	indelsieve	candidate_snvs	smc_mudel_sa_stage_1-smc_mudel_sa_stage_2	mt	exc_cnv	/raid/kang/DelSIEVE/simulation_results/IndelSIEVE_benchmark_pipeline_sa_105_cna_1/benchmark_results/simulated_data/results/cell_names_dir/cell_names.0001	/raid/kang/DelSIEVE/simulation_results/IndelSIEVE_benchmark_pipeline_sa_105_cna_1/benchmark_results/indelsieve/from_candidate/variant_calling/stage2/mt/exc_cnv/smc_mudel_sa_stage_1-smc_mudel_sa_stage_2/0001/indelsieve_median.cell_names	/raid/kang/DelSIEVE/simulation_results/IndelSIEVE_benchmark_pipeline_sa_105_cna_1/benchmark_results/simulated_data/results/data_type/exc_cnv/0001/true_evo_events_sites_names	/raid/kang/DelSIEVE/simulation_results/IndelSIEVE_benchmark_pipeline_sa_105_cna_1/benchmark_results/indelsieve/from_candidate/variant_calling/stage2/mt/exc_cnv/smc_mudel_sa_stage_1-smc_mudel_sa_stage_2/0001/indelsieve_median.loci_info	/raid/kang/DelSIEVE/simulation_results/IndelSIEVE_benchmark_pipeline_sa_105_cna_1/benchmark_results/simulated_data/results/data_type/exc_cnv/0001/true_evo_events_genotypes_numeric	/raid/kang/DelSIEVE/simulation_results/IndelSIEVE_benchmark_pipeline_sa_105_cna_1/benchmark_results/indelsieve/from_candidate/variant_calling/stage2/mt/exc_cnv/smc_mudel_sa_stage_1-smc_mudel_sa_stage_2/0001/indelsieve_median.genotypes	/raid/kang/DelSIEVE/simulation_results/IndelSIEVE_benchmark_pipeline_sa_105_cna_1/benchmark_results/simulated_data/results/data_type/exc_cnv/0001/true_evo_events_ternary_matrix	/raid/kang/DelSIEVE/simulation_results/IndelSIEVE_benchmark_pipeline_sa_105_cna_1/benchmark_results/indelsieve/from_candidate/variant_calling/stage2/mt/exc_cnv/smc_mudel_sa_stage_1-smc_mudel_sa_stage_2/0001/indelsieve_median.ternary	/raid/kang/DelSIEVE/simulation_results/IndelSIEVE_benchmark_pipeline_sa_105_cna_1/benchmark_results/indelsieve/from_candidate/variant_calling/stage2/mt/exc_cnv/smc_mudel_sa_stage_1-smc_mudel_sa_stage_2/0001/indelsieve_median.probs	4862	46	14523	1169	0.8061681313215056	0.9906275468622656	0.8889295182374989	0.0031573889765941	4478	39	15863	212	0.9547974413646056	0.9913659508523356	0.9727381340284568	0.0024525216953842	4161	72	16149	210	0.9519560741249142	0.9829907866761164	0.9672245467224548	0.004438690586277	192	0	20370	30	0.8648648648648649	1.0	0.927536231884058	0.0	222	35	3	27	471	12	12316	41	0.919921875	0.9751552795031057	0.0009733939000648	0.9467336683417084	0	0	12839	1	0.0	NA	0.0	NA	88	4	12739	9	0.9072164948453608	0.9565217391304348	0.0003138978262575	0.9312169312169312	379	12	12414	35	0.9154589371980676	0.969309462915601	0.0009657170449058	0.941614906832298	31	1	9	0	0	0	12840	0	NA	NA	0.0	NA
40	20	10	0.001999	0.3	8e-06	2e-06	0.0	0.0	1/3	0002	indelsieve	candidate_snvs	smc_mudel_sa_stage_1-smc_mudel_sa_stage_2	mt	exc_cnv	/raid/kang/DelSIEVE/simulation_results/IndelSIEVE_benchmark_pipeline_sa_105_cna_1/benchmark_results/simulated_data/results/cell_names_dir/cell_names.0002	/raid/kang/DelSIEVE/simulation_results/IndelSIEVE_benchmark_pipeline_sa_105_cna_1/benchmark_results/indelsieve/from_candidate/variant_calling/stage2/mt/exc_cnv/smc_mudel_sa_stage_1-smc_mudel_sa_stage_2/0002/indelsieve_median.cell_names	/raid/kang/DelSIEVE/simulation_results/IndelSIEVE_benchmark_pipeline_sa_105_cna_1/benchmark_results/simulated_data/results/data_type/exc_cnv/0002/true_evo_events_sites_names	/raid/kang/DelSIEVE/simulation_results/IndelSIEVE_benchmark_pipeline_sa_105_cna_1/benchmark_results/indelsieve/from_candidate/variant_calling/stage2/mt/exc_cnv/smc_mudel_sa_stage_1-smc_mudel_sa_stage_2/0002/indelsieve_median.loci_info	/raid/kang/DelSIEVE/simulation_results/IndelSIEVE_benchmark_pipeline_sa_105_cna_1/benchmark_results/simulated_data/results/data_type/exc_cnv/0002/true_evo_events_genotypes_numeric	/raid/kang/DelSIEVE/simulation_results/IndelSIEVE_benchmark_pipeline_sa_105_cna_1/benchmark_results/indelsieve/from_candidate/variant_calling/stage2/mt/exc_cnv/smc_mudel_sa_stage_1-smc_mudel_sa_stage_2/0002/indelsieve_median.genotypes	/raid/kang/DelSIEVE/simulation_results/IndelSIEVE_benchmark_pipeline_sa_105_cna_1/benchmark_results/simulated_data/results/data_type/exc_cnv/0002/true_evo_events_ternary_matrix	/raid/kang/DelSIEVE/simulation_results/IndelSIEVE_benchmark_pipeline_sa_105_cna_1/benchmark_results/indelsieve/from_candidate/variant_calling/stage2/mt/exc_cnv/smc_mudel_sa_stage_1-smc_mudel_sa_stage_2/0002/indelsieve_median.ternary	/raid/kang/DelSIEVE/simulation_results/IndelSIEVE_benchmark_pipeline_sa_105_cna_1/benchmark_results/indelsieve/from_candidate/variant_calling/stage2/mt/exc_cnv/smc_mudel_sa_stage_1-smc_mudel_sa_stage_2/0002/indelsieve_median.probs	4202	42	16484	1432	0.7458288959886404	0.9901036757775684	0.8507795100222718	0.002541449836621	4116	42	17741	259	0.9408	0.98989898989899	0.9647251845775224	0.002361806219423	4050	64	17785	259	0.9398932466929684	0.9844433641225084	0.9616526178321264	0.0035856350495826	37	3	22099	19	0.6607142857142857	0.925	0.7708333333333333	0.0001357343226857	56	35	3	16	83	7	11106	44	0.6535433070866141	0.9222222222222224	0.0006298929182039	0.7649769585253455	0	0	11240	0	NA	NA	0.0	NA	4	0	11230	6	0.4	1.0	0.0	0.5714285714285715	79	7	11116	38	0.6752136752136753	0.9186046511627908	0.000629326620516	0.7783251231527093	31	7	6	0	0	0	11240	0	NA	NA	0.0	NA
40	20	10	0.001999	0.3	8e-06	2e-06	0.0	0.0	1/3	0003	indelsieve	candidate_snvs	smc_mudel_sa_stage_1-smc_mudel_sa_stage_2	mt	exc_cnv	/raid/kang/DelSIEVE/simulation_results/IndelSIEVE_benchmark_pipeline_sa_105_cna_1/benchmark_results/simulated_data/results/cell_names_dir/cell_names.0003	/raid/kang/DelSIEVE/simulation_results/IndelSIEVE_benchmark_pipeline_sa_105_cna_1/benchmark_results/indelsieve/from_candidate/variant_calling/stage2/mt/exc_cnv/smc_mudel_sa_stage_1-smc_mudel_sa_stage_2/0003/indelsieve_median.cell_names	/raid/kang/DelSIEVE/simulation_results/IndelSIEVE_benchmark_pipeline_sa_105_cna_1/benchmark_results/simulated_data/results/data_type/exc_cnv/0003/true_evo_events_sites_names	/raid/kang/DelSIEVE/simulation_results/IndelSIEVE_benchmark_pipeline_sa_105_cna_1/benchmark_results/indelsieve/from_candidate/variant_calling/stage2/mt/exc_cnv/smc_mudel_sa_stage_1-smc_mudel_sa_stage_2/0003/indelsieve_median.loci_info	/raid/kang/DelSIEVE/simulation_results/IndelSIEVE_benchmark_pipeline_sa_105_cna_1/benchmark_results/simulated_data/results/data_type/exc_cnv/0003/true_evo_events_genotypes_numeric	/raid/kang/DelSIEVE/simulation_results/IndelSIEVE_benchmark_pipeline_sa_105_cna_1/benchmark_results/indelsieve/from_candidate/variant_calling/stage2/mt/exc_cnv/smc_mudel_sa_stage_1-smc_mudel_sa_stage_2/0003/indelsieve_median.genotypes	/raid/kang/DelSIEVE/simulation_results/IndelSIEVE_benchmark_pipeline_sa_105_cna_1/benchmark_results/simulated_data/results/data_type/exc_cnv/0003/true_evo_events_ternary_matrix	/raid/kang/DelSIEVE/simulation_results/IndelSIEVE_benchmark_pipeline_sa_105_cna_1/benchmark_results/indelsieve/from_candidate/variant_calling/stage2/mt/exc_cnv/smc_mudel_sa_stage_1-smc_mudel_sa_stage_2/0003/indelsieve_median.ternary	/raid/kang/DelSIEVE/simulation_results/IndelSIEVE_benchmark_pipeline_sa_105_cna_1/benchmark_results/indelsieve/from_candidate/variant_calling/stage2/mt/exc_cnv/smc_mudel_sa_stage_1-smc_mudel_sa_stage_2/0003/indelsieve_median.probs	2988	39	17584	1109	0.7293141322919209	0.9871159563924676	0.8388545760808535	0.0022130170799523	2829	29	18603	253	0.917910447761194	0.989853044086774	0.9525252525252524	0.0015564620008587	2732	46	18678	258	0.9137123745819398	0.9834413246940245	0.9472954230235784	0.0024567400128177	51	1	21644	18	0.7391304347826086	0.9807692307692308	0.8429752066115702	4.62000462000462e-05	69	29	2	16	180	17	11753	50	0.782608695652174	0.9137055837563453	0.0014443500424808	0.8430913348946136	0	0	11998	2	0.0	NA	0.0	NA	22	6	11971	1	0.9565217391304348	0.7857142857142857	0.0005009601736661	0.8627450980392156	156	13	11782	49	0.7609756097560976	0.9230769230769232	0.0011021619330224	0.8342245989304813	49	0	1	0	0	0	12000	0	NA	NA	0.0	NA
40	20	10	0.001999	0.3	8e-06	2e-06	0.0	0.0	1/3	0004	indelsieve	candidate_snvs	smc_mudel_sa_stage_1-smc_mudel_sa_stage_2	mt	exc_cnv	/raid/kang/DelSIEVE/simulation_results/IndelSIEVE_benchmark_pipeline_sa_105_cna_1/benchmark_results/simulated_data/results/cell_names_dir/cell_names.0004	/raid/kang/DelSIEVE/simulation_results/IndelSIEVE_benchmark_pipeline_sa_105_cna_1/benchmark_results/indelsieve/from_candidate/variant_calling/stage2/mt/exc_cnv/smc_mudel_sa_stage_1-smc_mudel_sa_stage_2/0004/indelsieve_median.cell_names	/raid/kang/DelSIEVE/simulation_results/IndelSIEVE_benchmark_pipeline_sa_105_cna_1/benchmark_results/simulated_data/results/data_type/exc_cnv/0004/true_evo_events_sites_names	/raid/kang/DelSIEVE/simulation_results/IndelSIEVE_benchmark_pipeline_sa_105_cna_1/benchmark_results/indelsieve/from_candidate/variant_calling/stage2/mt/exc_cnv/smc_mudel_sa_stage_1-smc_mudel_sa_stage_2/0004/indelsieve_median.loci_info	/raid/kang/DelSIEVE/simulation_results/IndelSIEVE_benchmark_pipeline_sa_105_cna_1/benchmark_results/simulated_data/results/data_type/exc_cnv/0004/true_evo_events_genotypes_numeric	/raid/kang/DelSIEVE/simulation_results/IndelSIEVE_benchmark_pipeline_sa_105_cna_1/benchmark_results/indelsieve/from_candidate/variant_calling/stage2/mt/exc_cnv/smc_mudel_sa_stage_1-smc_mudel_sa_stage_2/0004/indelsieve_median.genotypes	/raid/kang/DelSIEVE/simulation_results/IndelSIEVE_benchmark_pipeline_sa_105_cna_1/benchmark_results/simulated_data/results/data_type/exc_cnv/0004/true_evo_events_ternary_matrix	/raid/kang/DelSIEVE/simulation_results/IndelSIEVE_benchmark_pipeline_sa_105_cna_1/benchmark_results/indelsieve/from_candidate/variant_calling/stage2/mt/exc_cnv/smc_mudel_sa_stage_1-smc_mudel_sa_stage_2/0004/indelsieve_median.ternary	/raid/kang/DelSIEVE/simulation_results/IndelSIEVE_benchmark_pipeline_sa_105_cna_1/benchmark_results/indelsieve/from_candidate/variant_calling/stage2/mt/exc_cnv/smc_mudel_sa_stage_1-smc_mudel_sa_stage_2/0004/indelsieve_median.probs	4318	40	13501	861	0.8337516895153505	0.9908214777420836	0.9055258467023172	0.0029539915811239	3913	40	14611	154	0.9621342512908778	0.9898811029597774	0.9758104738154612	0.0027301890655927	3636	55	14869	158	0.9583552978386928	0.9850988891899214	0.9715430861723446	0.0036853390511927	191	4	18509	14	0.9317073170731708	0.9794871794871794	0.955	0.0002160643871873	205	38	0	14	469	3	12657	31	0.938	0.9936440677966102	0.0002369668246445	0.9650205761316872	0	0	13160	0	NA	NA	0.0	NA	65	2	13090	3	0.9558823529411764	0.9701492537313432	0.0001527650473571	0.962962962962963	403	2	12726	29	0.9328703703703703	0.9950617283950616	0.0001571338780641	0.9629629629629628	27	1	2	1	0	0	13160	0	NA	NA	0.0	NA
40	20	10	0.001999	0.3	8e-06	2e-06	0.0	0.0	1/3	0005	indelsieve	candidate_snvs	smc_mudel_sa_stage_1-smc_mudel_sa_stage_2	mt	exc_cnv	/raid/kang/DelSIEVE/simulation_results/IndelSIEVE_benchmark_pipeline_sa_105_cna_1/benchmark_results/simulated_data/results/cell_names_dir/cell_names.0005	/raid/kang/DelSIEVE/simulation_results/IndelSIEVE_benchmark_pipeline_sa_105_cna_1/benchmark_results/indelsieve/from_candidate/variant_calling/stage2/mt/exc_cnv/smc_mudel_sa_stage_1-smc_mudel_sa_stage_2/0005/indelsieve_median.cell_names	/raid/kang/DelSIEVE/simulation_results/IndelSIEVE_benchmark_pipeline_sa_105_cna_1/benchmark_results/simulated_data/results/data_type/exc_cnv/0005/true_evo_events_sites_names	/raid/kang/DelSIEVE/simulation_results/IndelSIEVE_benchmark_pipeline_sa_105_cna_1/benchmark_results/indelsieve/from_candidate/variant_calling/stage2/mt/exc_cnv/smc_mudel_sa_stage_1-smc_mudel_sa_stage_2/0005/indelsieve_median.loci_info	/raid/kang/DelSIEVE/simulation_results/IndelSIEVE_benchmark_pipeline_sa_105_cna_1/benchmark_results/simulated_data/results/data_type/exc_cnv/0005/true_evo_events_genotypes_numeric	/raid/kang/DelSIEVE/simulation_results/IndelSIEVE_benchmark_pipeline_sa_105_cna_1/benchmark_results/indelsieve/from_candidate/variant_calling/stage2/mt/exc_cnv/smc_mudel_sa_stage_1-smc_mudel_sa_stage_2/0005/indelsieve_median.genotypes	/raid/kang/DelSIEVE/simulation_results/IndelSIEVE_benchmark_pipeline_sa_105_cna_1/benchmark_results/simulated_data/results/data_type/exc_cnv/0005/true_evo_events_ternary_matrix	/raid/kang/DelSIEVE/simulation_results/IndelSIEVE_benchmark_pipeline_sa_105_cna_1/benchmark_results/indelsieve/from_candidate/variant_calling/stage2/mt/exc_cnv/smc_mudel_sa_stage_1-smc_mudel_sa_stage_2/0005/indelsieve_median.ternary	/raid/kang/DelSIEVE/simulation_results/IndelSIEVE_benchmark_pipeline_sa_105_cna_1/benchmark_results/indelsieve/from_candidate/variant_calling/stage2/mt/exc_cnv/smc_mudel_sa_stage_1-smc_mudel_sa_stage_2/0005/indelsieve_median.probs	4789	30	14618	1003	0.8268301104972375	0.9937746420419176	0.9026481952690604	0.0020480611687602	4487	36	15732	181	0.9612253641816624	0.992040680963962	0.9763899466869764	0.002283105022831	4166	59	16029	182	0.9581416743330268	0.98603550295858	0.9718884871106964	0.003667329686723	173	0	20243	20	0.8963730569948186	1.0	0.9453551912568304	0.0	193	29	1	19	418	3	12473	26	0.9414414414414416	0.992874109263658	0.0002404616864379	0.9664739884393062	0	0	12919	1	0.0	NA	0.0	NA	121	4	12789	6	0.952755905511811	0.968	0.0003126709919487	0.9603174603174602	294	2	12602	22	0.930379746835443	0.9932432432432432	0.0001586797841954	0.9607843137254902	15	5	6	0	0	0	12920	0	NA	NA	0.0	NA
40	20	10	0.001999	0.3	8e-06	2e-06	0.0	0.0	1/3	0006	indelsieve	candidate_snvs	smc_mudel_sa_stage_1-smc_mudel_sa_stage_2	mt	exc_cnv	/raid/kang/DelSIEVE/simulation_results/IndelSIEVE_benchmark_pipeline_sa_105_cna_1/benchmark_results/simulated_data/results/cell_names_dir/cell_names.0006	/raid/kang/DelSIEVE/simulation_results/IndelSIEVE_benchmark_pipeline_sa_105_cna_1/benchmark_results/indelsieve/from_candidate/variant_calling/stage2/mt/exc_cnv/smc_mudel_sa_stage_1-smc_mudel_sa_stage_2/0006/indelsieve_median.cell_names	/raid/kang/DelSIEVE/simulation_results/IndelSIEVE_benchmark_pipeline_sa_105_cna_1/benchmark_results/simulated_data/results/data_type/exc_cnv/0006/true_evo_events_sites_names	/raid/kang/DelSIEVE/simulation_results/IndelSIEVE_benchmark_pipeline_sa_105_cna_1/benchmark_results/indelsieve/from_candidate/variant_calling/stage2/mt/exc_cnv/smc_mudel_sa_stage_1-smc_mudel_sa_stage_2/0006/indelsieve_median.loci_info	/raid/kang/DelSIEVE/simulation_results/IndelSIEVE_benchmark_pipeline_sa_105_cna_1/benchmark_results/simulated_data/results/data_type/exc_cnv/0006/true_evo_events_genotypes_numeric	/raid/kang/DelSIEVE/simulation_results/IndelSIEVE_benchmark_pipeline_sa_105_cna_1/benchmark_results/indelsieve/from_candidate/variant_calling/stage2/mt/exc_cnv/smc_mudel_sa_stage_1-smc_mudel_sa_stage_2/0006/indelsieve_median.genotypes	/raid/kang/DelSIEVE/simulation_results/IndelSIEVE_benchmark_pipeline_sa_105_cna_1/benchmark_results/simulated_data/results/data_type/exc_cnv/0006/true_evo_events_ternary_matrix	/raid/kang/DelSIEVE/simulation_results/IndelSIEVE_benchmark_pipeline_sa_105_cna_1/benchmark_results/indelsieve/from_candidate/variant_calling/stage2/mt/exc_cnv/smc_mudel_sa_stage_1-smc_mudel_sa_stage_2/0006/indelsieve_median.ternary	/raid/kang/DelSIEVE/simulation_results/IndelSIEVE_benchmark_pipeline_sa_105_cna_1/benchmark_results/indelsieve/from_candidate/variant_calling/stage2/mt/exc_cnv/smc_mudel_sa_stage_1-smc_mudel_sa_stage_2/0006/indelsieve_median.probs	3770	32	17626	652	0.8525554047942108	0.9915833771699104	0.916828793774319	0.00181220976328	3618	31	18246	183	0.9518547750591948	0.9915045217867908	0.9712751677852348	0.0016961208075723	3416	60	18417	185	0.9486253818383782	0.9827387802071348	0.9653808110781406	0.0032472804026627	107	3	21948	20	0.84251968503937	0.9727272727272728	0.9029535864978904	0.000136668033347	127	25	1	19	209	7	14541	43	0.8293650793650794	0.9675925925925926	0.0004811657959857	0.8931623931623932	0	0	14799	1	0.0	NA	0.0	NA	62	1	14726	11	0.8493150684931506	0.984126984126984	6.790249202145719e-05	0.9117647058823528	146	7	14615	32	0.8202247191011236	0.954248366013072	0.0004787306797975	0.8821752265861027	27	5	11	0	0	0	14800	0	NA	NA	0.0	NA
40	20	10	0.001999	0.3	8e-06	2e-06	0.0	0.0	1/3	0007	indelsieve	candidate_snvs	smc_mudel_sa_stage_1-smc_mudel_sa_stage_2	mt	exc_cnv	/raid/kang/DelSIEVE/simulation_results/IndelSIEVE_benchmark_pipeline_sa_105_cna_1/benchmark_results/simulated_data/results/cell_names_dir/cell_names.0007	/raid/kang/DelSIEVE/simulation_results/IndelSIEVE_benchmark_pipeline_sa_105_cna_1/benchmark_results/indelsieve/from_candidate/variant_calling/stage2/mt/exc_cnv/smc_mudel_sa_stage_1-smc_mudel_sa_stage_2/0007/indelsieve_median.cell_names	/raid/kang/DelSIEVE/simulation_results/IndelSIEVE_benchmark_pipeline_sa_105_cna_1/benchmark_results/simulated_data/results/data_type/exc_cnv/0007/true_evo_events_sites_names	/raid/kang/DelSIEVE/simulation_results/IndelSIEVE_benchmark_pipeline_sa_105_cna_1/benchmark_results/indelsieve/from_candidate/variant_calling/stage2/mt/exc_cnv/smc_mudel_sa_stage_1-smc_mudel_sa_stage_2/0007/indelsieve_median.loci_info	/raid/kang/DelSIEVE/simulation_results/IndelSIEVE_benchmark_pipeline_sa_105_cna_1/benchmark_results/simulated_data/results/data_type/exc_cnv/0007/true_evo_events_genotypes_numeric	/raid/kang/DelSIEVE/simulation_results/IndelSIEVE_benchmark_pipeline_sa_105_cna_1/benchmark_results/indelsieve/from_candidate/variant_calling/stage2/mt/exc_cnv/smc_mudel_sa_stage_1-smc_mudel_sa_stage_2/0007/indelsieve_median.genotypes	/raid/kang/DelSIEVE/simulation_results/IndelSIEVE_benchmark_pipeline_sa_105_cna_1/benchmark_results/simulated_data/results/data_type/exc_cnv/0007/true_evo_events_ternary_matrix	/raid/kang/DelSIEVE/simulation_results/IndelSIEVE_benchmark_pipeline_sa_105_cna_1/benchmark_results/indelsieve/from_candidate/variant_calling/stage2/mt/exc_cnv/smc_mudel_sa_stage_1-smc_mudel_sa_stage_2/0007/indelsieve_median.ternary	/raid/kang/DelSIEVE/simulation_results/IndelSIEVE_benchmark_pipeline_sa_105_cna_1/benchmark_results/indelsieve/from_candidate/variant_calling/stage2/mt/exc_cnv/smc_mudel_sa_stage_1-smc_mudel_sa_stage_2/0007/indelsieve_median.probs	6461	27	12603	1109	0.8535006605019815	0.9958384710234278	0.9191919191919192	0.0021377672209026	6066	36	13928	162	0.9739884393063584	0.9941002949852508	0.983941605839416	0.0025780578630764	5374	65	14588	165	0.970211229463802	0.9880492737635594	0.9790490071051192	0.0044359516822493	378	4	19783	27	0.9333333333333332	0.9895287958115184	0.960609911054638	0.0002021529286905	405	25	1	26	664	3	13209	44	0.9378531073446328	0.9955022488755624	0.0002270663033605	0.965818181818182	0	0	13920	0	NA	NA	0.0	NA	279	2	13634	5	0.9823943661971832	0.99288256227758	0.000146670577882	0.9876106194690264	384	2	13494	40	0.9056603773584906	0.9948186528497408	0.0001481920569057	0.9481481481481482	29	10	4	1	0	0	13920	0	NA	NA	0.0	NA
40	20	10	0.001999	0.3	8e-06	2e-06	0.0	0.0	1/3	0008	indelsieve	candidate_snvs	smc_mudel_sa_stage_1-smc_mudel_sa_stage_2	mt	exc_cnv	/raid/kang/DelSIEVE/simulation_results/IndelSIEVE_benchmark_pipeline_sa_105_cna_1/benchmark_results/simulated_data/results/cell_names_dir/cell_names.0008	/raid/kang/DelSIEVE/simulation_results/IndelSIEVE_benchmark_pipeline_sa_105_cna_1/benchmark_results/indelsieve/from_candidate/variant_calling/stage2/mt/exc_cnv/smc_mudel_sa_stage_1-smc_mudel_sa_stage_2/0008/indelsieve_median.cell_names	/raid/kang/DelSIEVE/simulation_results/IndelSIEVE_benchmark_pipeline_sa_105_cna_1/benchmark_results/simulated_data/results/data_type/exc_cnv/0008/true_evo_events_sites_names	/raid/kang/DelSIEVE/simulation_results/IndelSIEVE_benchmark_pipeline_sa_105_cna_1/benchmark_results/indelsieve/from_candidate/variant_calling/stage2/mt/exc_cnv/smc_mudel_sa_stage_1-smc_mudel_sa_stage_2/0008/indelsieve_median.loci_info	/raid/kang/DelSIEVE/simulation_results/IndelSIEVE_benchmark_pipeline_sa_105_cna_1/benchmark_results/simulated_data/results/data_type/exc_cnv/0008/true_evo_events_genotypes_numeric	/raid/kang/DelSIEVE/simulation_results/IndelSIEVE_benchmark_pipeline_sa_105_cna_1/benchmark_results/indelsieve/from_candidate/variant_calling/stage2/mt/exc_cnv/smc_mudel_sa_stage_1-smc_mudel_sa_stage_2/0008/indelsieve_median.genotypes	/raid/kang/DelSIEVE/simulation_results/IndelSIEVE_benchmark_pipeline_sa_105_cna_1/benchmark_results/simulated_data/results/data_type/exc_cnv/0008/true_evo_events_ternary_matrix	/raid/kang/DelSIEVE/simulation_results/IndelSIEVE_benchmark_pipeline_sa_105_cna_1/benchmark_results/indelsieve/from_candidate/variant_calling/stage2/mt/exc_cnv/smc_mudel_sa_stage_1-smc_mudel_sa_stage_2/0008/indelsieve_median.ternary	/raid/kang/DelSIEVE/simulation_results/IndelSIEVE_benchmark_pipeline_sa_105_cna_1/benchmark_results/indelsieve/from_candidate/variant_calling/stage2/mt/exc_cnv/smc_mudel_sa_stage_1-smc_mudel_sa_stage_2/0008/indelsieve_median.probs	3595	32	17354	819	0.8144540099682828	0.9911772814998622	0.8941673921154085	0.0018405613712182	3303	31	18212	253	0.9288526434195724	0.9907018596280744	0.9587808417997096	0.0016992819163514	3184	48	18316	251	0.9269286754002912	0.9851485148514852	0.9551522423878808	0.0026138096275321	74	2	21703	20	0.7872340425531915	0.9736842105263158	0.8705882352941177	9.214466712739e-05	94	25	2	18	312	7	12836	45	0.8739495798319328	0.9780564263322884	0.0005450439928365	0.9230769230769232	0	0	13200	0	NA	NA	0.0	NA	24	2	13171	3	0.8888888888888888	0.9230769230769232	0.0001518257040917	0.9056603773584906	285	8	12862	45	0.8636363636363636	0.9726962457337884	0.0006216006216006	0.9149277688603532	39	4	1	1	0	0	13200	0	NA	NA	0.0	NA
40	20	10	0.001999	0.3	8e-06	2e-06	0.0	0.0	1/3	0009	indelsieve	candidate_snvs	smc_mudel_sa_stage_1-smc_mudel_sa_stage_2	mt	exc_cnv	/raid/kang/DelSIEVE/simulation_results/IndelSIEVE_benchmark_pipeline_sa_105_cna_1/benchmark_results/simulated_data/results/cell_names_dir/cell_names.0009	/raid/kang/DelSIEVE/simulation_results/IndelSIEVE_benchmark_pipeline_sa_105_cna_1/benchmark_results/indelsieve/from_candidate/variant_calling/stage2/mt/exc_cnv/smc_mudel_sa_stage_1-smc_mudel_sa_stage_2/0009/indelsieve_median.cell_names	/raid/kang/DelSIEVE/simulation_results/IndelSIEVE_benchmark_pipeline_sa_105_cna_1/benchmark_results/simulated_data/results/data_type/exc_cnv/0009/true_evo_events_sites_names	/raid/kang/DelSIEVE/simulation_results/IndelSIEVE_benchmark_pipeline_sa_105_cna_1/benchmark_results/indelsieve/from_candidate/variant_calling/stage2/mt/exc_cnv/smc_mudel_sa_stage_1-smc_mudel_sa_stage_2/0009/indelsieve_median.loci_info	/raid/kang/DelSIEVE/simulation_results/IndelSIEVE_benchmark_pipeline_sa_105_cna_1/benchmark_results/simulated_data/results/data_type/exc_cnv/0009/true_evo_events_genotypes_numeric	/raid/kang/DelSIEVE/simulation_results/IndelSIEVE_benchmark_pipeline_sa_105_cna_1/benchmark_results/indelsieve/from_candidate/variant_calling/stage2/mt/exc_cnv/smc_mudel_sa_stage_1-smc_mudel_sa_stage_2/0009/indelsieve_median.genotypes	/raid/kang/DelSIEVE/simulation_results/IndelSIEVE_benchmark_pipeline_sa_105_cna_1/benchmark_results/simulated_data/results/data_type/exc_cnv/0009/true_evo_events_ternary_matrix	/raid/kang/DelSIEVE/simulation_results/IndelSIEVE_benchmark_pipeline_sa_105_cna_1/benchmark_results/indelsieve/from_candidate/variant_calling/stage2/mt/exc_cnv/smc_mudel_sa_stage_1-smc_mudel_sa_stage_2/0009/indelsieve_median.ternary	/raid/kang/DelSIEVE/simulation_results/IndelSIEVE_benchmark_pipeline_sa_105_cna_1/benchmark_results/indelsieve/from_candidate/variant_calling/stage2/mt/exc_cnv/smc_mudel_sa_stage_1-smc_mudel_sa_stage_2/0009/indelsieve_median.probs	4254	40	9639	747	0.850629874025195	0.9906846762925012	0.9153308230231308	0.0041326583324723	3836	27	10691	118	0.970156803237228	0.9930106135128138	0.9814506844057824	0.002519126702743	3511	53	10991	117	0.9677508269018744	0.9851290684624018	0.9763626251390434	0.004798985874683	185	0	14462	25	0.8809523809523809	1.0	0.9367088607594936	0.0	210	25	2	23	529	16	9692	43	0.9248251748251748	0.9706422018348624	0.0016481252575195	0.9471799462846912	12	0	10263	5	0.7058823529411765	1.0	0.0	0.8275862068965517	112	2	10162	4	0.9655172413793104	0.9824561403508772	0.0001967729240456	0.9739130434782608	399	20	9821	40	0.908883826879271	0.9522673031026252	0.002032313789249	0.93006993006993	38	1	4	0	0	0	10280	0	NA	NA	0.0	NA
40	20	10	0.001999	0.3	8e-06	2e-06	0.0	0.0	1/3	0010	indelsieve	candidate_snvs	smc_mudel_sa_stage_1-smc_mudel_sa_stage_2	mt	exc_cnv	/raid/kang/DelSIEVE/simulation_results/IndelSIEVE_benchmark_pipeline_sa_105_cna_1/benchmark_results/simulated_data/results/cell_names_dir/cell_names.0010	/raid/kang/DelSIEVE/simulation_results/IndelSIEVE_benchmark_pipeline_sa_105_cna_1/benchmark_results/indelsieve/from_candidate/variant_calling/stage2/mt/exc_cnv/smc_mudel_sa_stage_1-smc_mudel_sa_stage_2/0010/indelsieve_median.cell_names	/raid/kang/DelSIEVE/simulation_results/IndelSIEVE_benchmark_pipeline_sa_105_cna_1/benchmark_results/simulated_data/results/data_type/exc_cnv/0010/true_evo_events_sites_names	/raid/kang/DelSIEVE/simulation_results/IndelSIEVE_benchmark_pipeline_sa_105_cna_1/benchmark_results/indelsieve/from_candidate/variant_calling/stage2/mt/exc_cnv/smc_mudel_sa_stage_1-smc_mudel_sa_stage_2/0010/indelsieve_median.loci_info	/raid/kang/DelSIEVE/simulation_results/IndelSIEVE_benchmark_pipeline_sa_105_cna_1/benchmark_results/simulated_data/results/data_type/exc_cnv/0010/true_evo_events_genotypes_numeric	/raid/kang/DelSIEVE/simulation_results/IndelSIEVE_benchmark_pipeline_sa_105_cna_1/benchmark_results/indelsieve/from_candidate/variant_calling/stage2/mt/exc_cnv/smc_mudel_sa_stage_1-smc_mudel_sa_stage_2/0010/indelsieve_median.genotypes	/raid/kang/DelSIEVE/simulation_results/IndelSIEVE_benchmark_pipeline_sa_105_cna_1/benchmark_results/simulated_data/results/data_type/exc_cnv/0010/true_evo_events_ternary_matrix	/raid/kang/DelSIEVE/simulation_results/IndelSIEVE_benchmark_pipeline_sa_105_cna_1/benchmark_results/indelsieve/from_candidate/variant_calling/stage2/mt/exc_cnv/smc_mudel_sa_stage_1-smc_mudel_sa_stage_2/0010/indelsieve_median.ternary	/raid/kang/DelSIEVE/simulation_results/IndelSIEVE_benchmark_pipeline_sa_105_cna_1/benchmark_results/indelsieve/from_candidate/variant_calling/stage2/mt/exc_cnv/smc_mudel_sa_stage_1-smc_mudel_sa_stage_2/0010/indelsieve_median.probs	3341	29	16434	1076	0.7563957437174553	0.9913946587537092	0.8580968280467446	0.0017615258458361	3129	29	17472	249	0.9262877442273536	0.9908169727675744	0.9574663402692778	0.001657048168676	3017	41	17574	247	0.9243259803921569	0.986592544146501	0.9544447959506484	0.0023275617371558	61	0	20810	8	0.8840579710144928	1.0	0.9384615384615386	0.0	69	26	2	6	248	3	11009	20	0.9253731343283582	0.9880478087649402	0.0002724300762804	0.955684007707129	0	0	11280	0	NA	NA	0.0	NA	39	0	11235	6	0.8666666666666667	1.0	0.0	0.9285714285714286	209	3	11054	14	0.937219730941704	0.9858490566037736	0.0002713213349009	0.9609195402298852	11	3	6	0	0	0	11280	0	NA	NA	0.0	NA
