cell_num	coverage_mean	coverage_variance	eff_seq_err_rate	ado_rate	mutation_rate	deletion_rate	insertion_rate	dataset	tool	snv_type	tool_setup	fine_tune_type	data_type	true_cell_names	cell_names	true_loci_info	loci_info	true_genotypes	genotypes	true_ternary	ternary	genotype_probs	true_positive	false_positive	true_negative	false_negative	recall	precision	f1_score	fall_out	true_positive_mu	false_positive_mu	true_negative_mu	false_negative_mu	recall_mu	precision_mu	f1_score_mu	fall_out_mu	true_positive_hetero_mu	false_positive_hetero_mu	true_negative_hetero_mu	false_negative_hetero_mu	recall_hetero_mu	precision_hetero_mu	f1_score_hetero_mu	fall_out_hetero_mu	true_positive_homo_mu	false_positive_homo_mu	true_negative_homo_mu	false_negative_homo_mu	recall_homo_mu	precision_homo_mu	f1_score_homo_mu	fall_out_homo_mu	true_homo_mu	true_homo_ref_as_hetero_mu	true_homo_mu_as_homo_ref	true_homo_mu_as_hetero_mu	true_positive_del	false_positive_del	true_negative_del	false_negative_del	recall_del	precision_del	fall_out_del	f1_score_del	true_positive_all_del	false_positive_all_del	true_negative_all_del	false_negative_all_del	recall_all_del	precision_all_del	fall_out_all_del	f1_score_all_del	true_positive_del_alt_left	false_positive_del_alt_left	true_negative_del_alt_left	false_negative_del_alt_left	recall_del_alt_left	precision_del_alt_left	fall_out_del_alt_left	f1_score_del_alt_left	true_positive_del_ref_left	false_positive_del_ref_left	true_negative_del_ref_left	false_negative_del_ref_left	recall_del_ref_left	precision_del_ref_left	fall_out_del_ref_left	f1_score_del_ref_left	true_del_ref_left_as_homo_ref	true_del_ref_left_as_hetero_mu	true_del_alt_left_as_hetero_mu	true_del_alt_left_as_homo_mu	true_positive_amp	false_positive_amp	true_negative_amp	false_negative_amp	recall_amp	precision_amp	fall_out_amp	f1_score_amp
40	5	20	0.001999	0.3	8e-06	2e-06	0.0	0001	monovar	NA	true_parameters	NA	no_cnv	/raid/kang/DelSIEVE/simulation_results/IndelSIEVE_benchmark_pipeline_sa_205/benchmark_results/simulated_data/results/cell_names	/raid/kang/DelSIEVE/simulation_results/IndelSIEVE_benchmark_pipeline_sa_205/benchmark_results/monovar/from_true_params/no_cnv/0001/post_processed/filtered.cell_names	/raid/kang/DelSIEVE/simulation_results/IndelSIEVE_benchmark_pipeline_sa_205/benchmark_results/simulated_data/results/data_type/no_cnv/0001/true_evo_events_sites_names	/raid/kang/DelSIEVE/simulation_results/IndelSIEVE_benchmark_pipeline_sa_205/benchmark_results/monovar/from_true_params/no_cnv/0001/post_processed/filtered.loci_info	/raid/kang/DelSIEVE/simulation_results/IndelSIEVE_benchmark_pipeline_sa_205/benchmark_results/simulated_data/results/data_type/no_cnv/0001/true_evo_events_genotypes_numeric	/raid/kang/DelSIEVE/simulation_results/IndelSIEVE_benchmark_pipeline_sa_205/benchmark_results/monovar/from_true_params/no_cnv/0001/post_processed/filtered.genotypes	/raid/kang/DelSIEVE/simulation_results/IndelSIEVE_benchmark_pipeline_sa_205/benchmark_results/simulated_data/results/data_type/no_cnv/0001/true_evo_events_ternary_matrix.simple	/raid/kang/DelSIEVE/simulation_results/IndelSIEVE_benchmark_pipeline_sa_205/benchmark_results/monovar/from_true_params/no_cnv/0001/post_processed/filtered.ternary	/raid/kang/DelSIEVE/simulation_results/IndelSIEVE_benchmark_pipeline_sa_205/benchmark_results/monovar/from_true_params/no_cnv/0001/post_processed/filtered.genotype_probs	4907	924	19894	3635	0.5744556309997658	0.8415366146458584	0.6828080428581368	0.0443846671149966	4011	11	22629	2696	0.5980319069628746	0.9972650422675284	0.7476931680492125	0.0004858657243816	3251	167	22911	3018	0.5185835061413303	0.9511410181392628	0.6712088365851141	0.0072363289713146	123	481	28587	156	0.4408602150537634	0.2036423841059602	0.2785956964892412	0.0165474060822898	279	10	14	118	250	1559	25807	1744	0.1253761283851554	0.1381978993919292	0.0569685010597091	0.1314751511964239	1	1808	27551	0	1.0	0.0005527915975677	0.0615824789672672	0.0011049723756906	0	0	29188	172	0.0	NA	0.0	NA	0	0	27539	1821	0.0	NA	0.0	NA	1634	1	38	54	0	0	29360	0	NA	NA	0.0	NA
40	5	20	0.001999	0.3	8e-06	2e-06	0.0	0002	monovar	NA	true_parameters	NA	no_cnv	/raid/kang/DelSIEVE/simulation_results/IndelSIEVE_benchmark_pipeline_sa_205/benchmark_results/simulated_data/results/cell_names	/raid/kang/DelSIEVE/simulation_results/IndelSIEVE_benchmark_pipeline_sa_205/benchmark_results/monovar/from_true_params/no_cnv/0002/post_processed/filtered.cell_names	/raid/kang/DelSIEVE/simulation_results/IndelSIEVE_benchmark_pipeline_sa_205/benchmark_results/simulated_data/results/data_type/no_cnv/0002/true_evo_events_sites_names	/raid/kang/DelSIEVE/simulation_results/IndelSIEVE_benchmark_pipeline_sa_205/benchmark_results/monovar/from_true_params/no_cnv/0002/post_processed/filtered.loci_info	/raid/kang/DelSIEVE/simulation_results/IndelSIEVE_benchmark_pipeline_sa_205/benchmark_results/simulated_data/results/data_type/no_cnv/0002/true_evo_events_genotypes_numeric	/raid/kang/DelSIEVE/simulation_results/IndelSIEVE_benchmark_pipeline_sa_205/benchmark_results/monovar/from_true_params/no_cnv/0002/post_processed/filtered.genotypes	/raid/kang/DelSIEVE/simulation_results/IndelSIEVE_benchmark_pipeline_sa_205/benchmark_results/simulated_data/results/data_type/no_cnv/0002/true_evo_events_ternary_matrix.simple	/raid/kang/DelSIEVE/simulation_results/IndelSIEVE_benchmark_pipeline_sa_205/benchmark_results/monovar/from_true_params/no_cnv/0002/post_processed/filtered.ternary	/raid/kang/DelSIEVE/simulation_results/IndelSIEVE_benchmark_pipeline_sa_205/benchmark_results/monovar/from_true_params/no_cnv/0002/post_processed/filtered.genotype_probs	3642	968	23453	3057	0.5436632333184057	0.7900216919739697	0.6440887788487045	0.0396380164612423	3004	9	25687	2406	0.555268022181146	0.9970129439097244	0.7132850528315327	0.0003502490660024	2451	87	25833	2735	0.4726185885075202	0.9657210401891252	0.6346452615225272	0.0033564814814814	67	408	30547	84	0.4437086092715231	0.1410526315789473	0.2140575079872204	0.0131804231949604	151	9	17	51	159	1438	28320	1203	0.1167400881057268	0.0995616781465247	0.0483231399959674	0.1074687394389996	0	1597	29523	0	NA	0.0	0.0513174807197943	NA	0	0	31033	87	0.0	NA	0.0	NA	0	0	29845	1275	0.0	NA	0.0	NA	1138	0	27	17	0	0	31120	0	NA	NA	0.0	NA
40	5	20	0.001999	0.3	8e-06	2e-06	0.0	0003	monovar	NA	true_parameters	NA	no_cnv	/raid/kang/DelSIEVE/simulation_results/IndelSIEVE_benchmark_pipeline_sa_205/benchmark_results/simulated_data/results/cell_names	/raid/kang/DelSIEVE/simulation_results/IndelSIEVE_benchmark_pipeline_sa_205/benchmark_results/monovar/from_true_params/no_cnv/0003/post_processed/filtered.cell_names	/raid/kang/DelSIEVE/simulation_results/IndelSIEVE_benchmark_pipeline_sa_205/benchmark_results/simulated_data/results/data_type/no_cnv/0003/true_evo_events_sites_names	/raid/kang/DelSIEVE/simulation_results/IndelSIEVE_benchmark_pipeline_sa_205/benchmark_results/monovar/from_true_params/no_cnv/0003/post_processed/filtered.loci_info	/raid/kang/DelSIEVE/simulation_results/IndelSIEVE_benchmark_pipeline_sa_205/benchmark_results/simulated_data/results/data_type/no_cnv/0003/true_evo_events_genotypes_numeric	/raid/kang/DelSIEVE/simulation_results/IndelSIEVE_benchmark_pipeline_sa_205/benchmark_results/monovar/from_true_params/no_cnv/0003/post_processed/filtered.genotypes	/raid/kang/DelSIEVE/simulation_results/IndelSIEVE_benchmark_pipeline_sa_205/benchmark_results/simulated_data/results/data_type/no_cnv/0003/true_evo_events_ternary_matrix.simple	/raid/kang/DelSIEVE/simulation_results/IndelSIEVE_benchmark_pipeline_sa_205/benchmark_results/monovar/from_true_params/no_cnv/0003/post_processed/filtered.ternary	/raid/kang/DelSIEVE/simulation_results/IndelSIEVE_benchmark_pipeline_sa_205/benchmark_results/monovar/from_true_params/no_cnv/0003/post_processed/filtered.genotype_probs	3877	900	24929	2974	0.5659027879141731	0.8115972367594725	0.6668386652906777	0.034844554570444	3199	7	26998	2471	0.5641975308641975	0.9978165938864628	0.720820189274448	0.0002592112571745	2503	88	27216	2868	0.4660212250977472	0.966036279428792	0.6287364983672444	0.003222970993261	104	511	31967	93	0.5279187817258884	0.1691056910569105	0.2561576354679803	0.0157337274462713	197	7	11	60	129	1442	29955	1154	0.1005455962587685	0.0821133036282622	0.0459279549001497	0.0903994393833216	3	1568	31103	6	0.3333333333333333	0.0019096117122851	0.0479936334975972	0.0037974683544303	0	0	32573	107	0.0	NA	0.0	NA	0	0	31513	1167	0.0	NA	0.0	NA	1068	0	21	54	0	0	32680	0	NA	NA	0.0	NA
40	5	20	0.001999	0.3	8e-06	2e-06	0.0	0004	monovar	NA	true_parameters	NA	no_cnv	/raid/kang/DelSIEVE/simulation_results/IndelSIEVE_benchmark_pipeline_sa_205/benchmark_results/simulated_data/results/cell_names	/raid/kang/DelSIEVE/simulation_results/IndelSIEVE_benchmark_pipeline_sa_205/benchmark_results/monovar/from_true_params/no_cnv/0004/post_processed/filtered.cell_names	/raid/kang/DelSIEVE/simulation_results/IndelSIEVE_benchmark_pipeline_sa_205/benchmark_results/simulated_data/results/data_type/no_cnv/0004/true_evo_events_sites_names	/raid/kang/DelSIEVE/simulation_results/IndelSIEVE_benchmark_pipeline_sa_205/benchmark_results/monovar/from_true_params/no_cnv/0004/post_processed/filtered.loci_info	/raid/kang/DelSIEVE/simulation_results/IndelSIEVE_benchmark_pipeline_sa_205/benchmark_results/simulated_data/results/data_type/no_cnv/0004/true_evo_events_genotypes_numeric	/raid/kang/DelSIEVE/simulation_results/IndelSIEVE_benchmark_pipeline_sa_205/benchmark_results/monovar/from_true_params/no_cnv/0004/post_processed/filtered.genotypes	/raid/kang/DelSIEVE/simulation_results/IndelSIEVE_benchmark_pipeline_sa_205/benchmark_results/simulated_data/results/data_type/no_cnv/0004/true_evo_events_ternary_matrix.simple	/raid/kang/DelSIEVE/simulation_results/IndelSIEVE_benchmark_pipeline_sa_205/benchmark_results/monovar/from_true_params/no_cnv/0004/post_processed/filtered.ternary	/raid/kang/DelSIEVE/simulation_results/IndelSIEVE_benchmark_pipeline_sa_205/benchmark_results/monovar/from_true_params/no_cnv/0004/post_processed/filtered.genotype_probs	3461	969	25244	2966	0.5385094134121674	0.7812641083521444	0.637561020539744	0.0369663907221607	2886	10	27542	2192	0.5683339897597479	0.9965469613259668	0.7238525206922499	0.000362950058072	2356	108	27763	2403	0.4950619878125656	0.9561688311688312	0.6523605150214592	0.0038749955150514	121	311	32113	85	0.587378640776699	0.2800925925925926	0.3793103448275862	0.0095916604983962	206	10	18	53	182	1352	29826	1280	0.1244870041039671	0.1186440677966101	0.043363910449676	0.1214953271028037	0	1534	31101	5	0.0	0.0	0.0470047495020683	NA	0	0	32517	123	0.0	NA	0.0	NA	0	0	31306	1334	0.0	NA	0.0	NA	1199	0	45	19	0	0	32640	0	NA	NA	0.0	NA
40	5	20	0.001999	0.3	8e-06	2e-06	0.0	0005	monovar	NA	true_parameters	NA	no_cnv	/raid/kang/DelSIEVE/simulation_results/IndelSIEVE_benchmark_pipeline_sa_205/benchmark_results/simulated_data/results/cell_names	/raid/kang/DelSIEVE/simulation_results/IndelSIEVE_benchmark_pipeline_sa_205/benchmark_results/monovar/from_true_params/no_cnv/0005/post_processed/filtered.cell_names	/raid/kang/DelSIEVE/simulation_results/IndelSIEVE_benchmark_pipeline_sa_205/benchmark_results/simulated_data/results/data_type/no_cnv/0005/true_evo_events_sites_names	/raid/kang/DelSIEVE/simulation_results/IndelSIEVE_benchmark_pipeline_sa_205/benchmark_results/monovar/from_true_params/no_cnv/0005/post_processed/filtered.loci_info	/raid/kang/DelSIEVE/simulation_results/IndelSIEVE_benchmark_pipeline_sa_205/benchmark_results/simulated_data/results/data_type/no_cnv/0005/true_evo_events_genotypes_numeric	/raid/kang/DelSIEVE/simulation_results/IndelSIEVE_benchmark_pipeline_sa_205/benchmark_results/monovar/from_true_params/no_cnv/0005/post_processed/filtered.genotypes	/raid/kang/DelSIEVE/simulation_results/IndelSIEVE_benchmark_pipeline_sa_205/benchmark_results/simulated_data/results/data_type/no_cnv/0005/true_evo_events_ternary_matrix.simple	/raid/kang/DelSIEVE/simulation_results/IndelSIEVE_benchmark_pipeline_sa_205/benchmark_results/monovar/from_true_params/no_cnv/0005/post_processed/filtered.ternary	/raid/kang/DelSIEVE/simulation_results/IndelSIEVE_benchmark_pipeline_sa_205/benchmark_results/monovar/from_true_params/no_cnv/0005/post_processed/filtered.genotype_probs	4053	1043	24229	3275	0.5530840611353712	0.7953296703296703	0.6524468770122344	0.0412709718265273	3369	6	26733	2488	0.5752091514427181	0.9982222222222222	0.7298526863084923	0.0002243913384943	2846	90	26868	2792	0.5047889322454772	0.9693460490463216	0.6638675064147422	0.0033385265969285	26	413	32068	89	0.2260869565217391	0.0592255125284738	0.0938628158844765	0.0127151257658323	115	6	16	60	119	1602	29423	1456	0.0755555555555555	0.0691458454386984	0.0516357775987107	0.0722087378640776	0	1721	30866	13	0.0	0.0	0.0528124712308589	NA	0	0	32492	108	0.0	NA	0.0	NA	0	0	31146	1454	0.0	NA	0.0	NA	1379	0	24	35	0	0	32600	0	NA	NA	0.0	NA
40	5	20	0.001999	0.3	8e-06	2e-06	0.0	0006	monovar	NA	true_parameters	NA	no_cnv	/raid/kang/DelSIEVE/simulation_results/IndelSIEVE_benchmark_pipeline_sa_205/benchmark_results/simulated_data/results/cell_names	/raid/kang/DelSIEVE/simulation_results/IndelSIEVE_benchmark_pipeline_sa_205/benchmark_results/monovar/from_true_params/no_cnv/0006/post_processed/filtered.cell_names	/raid/kang/DelSIEVE/simulation_results/IndelSIEVE_benchmark_pipeline_sa_205/benchmark_results/simulated_data/results/data_type/no_cnv/0006/true_evo_events_sites_names	/raid/kang/DelSIEVE/simulation_results/IndelSIEVE_benchmark_pipeline_sa_205/benchmark_results/monovar/from_true_params/no_cnv/0006/post_processed/filtered.loci_info	/raid/kang/DelSIEVE/simulation_results/IndelSIEVE_benchmark_pipeline_sa_205/benchmark_results/simulated_data/results/data_type/no_cnv/0006/true_evo_events_genotypes_numeric	/raid/kang/DelSIEVE/simulation_results/IndelSIEVE_benchmark_pipeline_sa_205/benchmark_results/monovar/from_true_params/no_cnv/0006/post_processed/filtered.genotypes	/raid/kang/DelSIEVE/simulation_results/IndelSIEVE_benchmark_pipeline_sa_205/benchmark_results/simulated_data/results/data_type/no_cnv/0006/true_evo_events_ternary_matrix.simple	/raid/kang/DelSIEVE/simulation_results/IndelSIEVE_benchmark_pipeline_sa_205/benchmark_results/monovar/from_true_params/no_cnv/0006/post_processed/filtered.ternary	/raid/kang/DelSIEVE/simulation_results/IndelSIEVE_benchmark_pipeline_sa_205/benchmark_results/monovar/from_true_params/no_cnv/0006/post_processed/filtered.genotype_probs	5067	953	22740	3640	0.5819455610428391	0.8416943521594684	0.6881238541454471	0.040222850630988	4167	18	25321	2885	0.590896199659671	0.9956989247311828	0.7416570258965915	0.0007103674178144	3217	118	25635	3421	0.4846339258812895	0.9646176911544228	0.6451418830843276	0.0045819904477148	164	686	31420	121	0.5754385964912281	0.1929411764705882	0.2889867841409692	0.0213667227309537	285	18	19	70	188	1647	28969	1596	0.1053811659192825	0.1024523160762942	0.0537954010974653	0.1038961038961039	0	1835	30561	4	0.0	0.0	0.0566427954068403	NA	0	0	32262	138	0.0	NA	0.0	NA	0	0	30758	1642	0.0	NA	0.0	NA	1511	0	30	42	0	0	32400	0	NA	NA	0.0	NA
40	5	20	0.001999	0.3	8e-06	2e-06	0.0	0007	monovar	NA	true_parameters	NA	no_cnv	/raid/kang/DelSIEVE/simulation_results/IndelSIEVE_benchmark_pipeline_sa_205/benchmark_results/simulated_data/results/cell_names	/raid/kang/DelSIEVE/simulation_results/IndelSIEVE_benchmark_pipeline_sa_205/benchmark_results/monovar/from_true_params/no_cnv/0007/post_processed/filtered.cell_names	/raid/kang/DelSIEVE/simulation_results/IndelSIEVE_benchmark_pipeline_sa_205/benchmark_results/simulated_data/results/data_type/no_cnv/0007/true_evo_events_sites_names	/raid/kang/DelSIEVE/simulation_results/IndelSIEVE_benchmark_pipeline_sa_205/benchmark_results/monovar/from_true_params/no_cnv/0007/post_processed/filtered.loci_info	/raid/kang/DelSIEVE/simulation_results/IndelSIEVE_benchmark_pipeline_sa_205/benchmark_results/simulated_data/results/data_type/no_cnv/0007/true_evo_events_genotypes_numeric	/raid/kang/DelSIEVE/simulation_results/IndelSIEVE_benchmark_pipeline_sa_205/benchmark_results/monovar/from_true_params/no_cnv/0007/post_processed/filtered.genotypes	/raid/kang/DelSIEVE/simulation_results/IndelSIEVE_benchmark_pipeline_sa_205/benchmark_results/simulated_data/results/data_type/no_cnv/0007/true_evo_events_ternary_matrix.simple	/raid/kang/DelSIEVE/simulation_results/IndelSIEVE_benchmark_pipeline_sa_205/benchmark_results/monovar/from_true_params/no_cnv/0007/post_processed/filtered.ternary	/raid/kang/DelSIEVE/simulation_results/IndelSIEVE_benchmark_pipeline_sa_205/benchmark_results/monovar/from_true_params/no_cnv/0007/post_processed/filtered.genotype_probs	3429	923	25263	2905	0.541364066940322	0.7879136029411765	0.6417742841100506	0.0352478423585121	2840	9	27380	2287	0.5539301735907939	0.9968409968409968	0.7121364092276831	0.0003285990726203	2451	77	27491	2497	0.4953516572352465	0.9695411392405064	0.6556982343499198	0.0027930934416715	60	261	32127	68	0.46875	0.1869158878504672	0.2672605790645879	0.0080585402000741	128	9	10	42	87	1416	29846	1171	0.0691573926868044	0.0578842315369261	0.0452946068709615	0.0630206446939514	0	1503	31016	1	0.0	0.0	0.0462191334296872	NA	0	0	32465	55	0.0	NA	0.0	NA	0	0	31318	1202	0.0	NA	0.0	NA	1135	0	26	4	0	0	32520	0	NA	NA	0.0	NA
40	5	20	0.001999	0.3	8e-06	2e-06	0.0	0008	monovar	NA	true_parameters	NA	no_cnv	/raid/kang/DelSIEVE/simulation_results/IndelSIEVE_benchmark_pipeline_sa_205/benchmark_results/simulated_data/results/cell_names	/raid/kang/DelSIEVE/simulation_results/IndelSIEVE_benchmark_pipeline_sa_205/benchmark_results/monovar/from_true_params/no_cnv/0008/post_processed/filtered.cell_names	/raid/kang/DelSIEVE/simulation_results/IndelSIEVE_benchmark_pipeline_sa_205/benchmark_results/simulated_data/results/data_type/no_cnv/0008/true_evo_events_sites_names	/raid/kang/DelSIEVE/simulation_results/IndelSIEVE_benchmark_pipeline_sa_205/benchmark_results/monovar/from_true_params/no_cnv/0008/post_processed/filtered.loci_info	/raid/kang/DelSIEVE/simulation_results/IndelSIEVE_benchmark_pipeline_sa_205/benchmark_results/simulated_data/results/data_type/no_cnv/0008/true_evo_events_genotypes_numeric	/raid/kang/DelSIEVE/simulation_results/IndelSIEVE_benchmark_pipeline_sa_205/benchmark_results/monovar/from_true_params/no_cnv/0008/post_processed/filtered.genotypes	/raid/kang/DelSIEVE/simulation_results/IndelSIEVE_benchmark_pipeline_sa_205/benchmark_results/simulated_data/results/data_type/no_cnv/0008/true_evo_events_ternary_matrix.simple	/raid/kang/DelSIEVE/simulation_results/IndelSIEVE_benchmark_pipeline_sa_205/benchmark_results/monovar/from_true_params/no_cnv/0008/post_processed/filtered.ternary	/raid/kang/DelSIEVE/simulation_results/IndelSIEVE_benchmark_pipeline_sa_205/benchmark_results/monovar/from_true_params/no_cnv/0008/post_processed/filtered.genotype_probs	3921	838	23630	3491	0.5290070156502968	0.8239125866778735	0.6443184619176732	0.0342488147784861	3212	13	26273	2370	0.5754209960587603	0.995968992248062	0.7294197797206767	0.0004945598417408	2524	109	26513	2722	0.4811284788410217	0.9586023547284468	0.6406904429496129	0.0040943580497333	85	507	31168	108	0.4404145077720207	0.143581081081081	0.2165605095541401	0.016006314127861	193	13	28	65	250	1284	28623	1723	0.1267105930055752	0.1629726205997392	0.0429330925870197	0.142571998859424	15	1519	30343	3	0.8333333333333334	0.0097783572359843	0.0476743456154667	0.0193298969072164	0	0	31725	155	0.0	NA	0.0	NA	0	0	30080	1800	0.0	NA	0.0	NA	1627	0	31	50	0	0	31880	0	NA	NA	0.0	NA
40	5	20	0.001999	0.3	8e-06	2e-06	0.0	0009	monovar	NA	true_parameters	NA	no_cnv	/raid/kang/DelSIEVE/simulation_results/IndelSIEVE_benchmark_pipeline_sa_205/benchmark_results/simulated_data/results/cell_names	/raid/kang/DelSIEVE/simulation_results/IndelSIEVE_benchmark_pipeline_sa_205/benchmark_results/monovar/from_true_params/no_cnv/0009/post_processed/filtered.cell_names	/raid/kang/DelSIEVE/simulation_results/IndelSIEVE_benchmark_pipeline_sa_205/benchmark_results/simulated_data/results/data_type/no_cnv/0009/true_evo_events_sites_names	/raid/kang/DelSIEVE/simulation_results/IndelSIEVE_benchmark_pipeline_sa_205/benchmark_results/monovar/from_true_params/no_cnv/0009/post_processed/filtered.loci_info	/raid/kang/DelSIEVE/simulation_results/IndelSIEVE_benchmark_pipeline_sa_205/benchmark_results/simulated_data/results/data_type/no_cnv/0009/true_evo_events_genotypes_numeric	/raid/kang/DelSIEVE/simulation_results/IndelSIEVE_benchmark_pipeline_sa_205/benchmark_results/monovar/from_true_params/no_cnv/0009/post_processed/filtered.genotypes	/raid/kang/DelSIEVE/simulation_results/IndelSIEVE_benchmark_pipeline_sa_205/benchmark_results/simulated_data/results/data_type/no_cnv/0009/true_evo_events_ternary_matrix.simple	/raid/kang/DelSIEVE/simulation_results/IndelSIEVE_benchmark_pipeline_sa_205/benchmark_results/monovar/from_true_params/no_cnv/0009/post_processed/filtered.ternary	/raid/kang/DelSIEVE/simulation_results/IndelSIEVE_benchmark_pipeline_sa_205/benchmark_results/monovar/from_true_params/no_cnv/0009/post_processed/filtered.genotype_probs	6092	1222	20348	4658	0.5666976744186046	0.832923161060979	0.6744906997342781	0.0566527584608252	5042	11	23982	3267	0.606811890720905	0.997823075400752	0.7546774434964826	0.0004584670528904	3944	204	24402	3752	0.5124740124740125	0.9508196721311476	0.6659912191827086	0.0082906608144355	208	697	31218	179	0.537467700258398	0.2298342541436464	0.3219814241486068	0.0218392605357982	387	10	32	122	342	1919	27734	2325	0.1282339707536557	0.1512605042016806	0.064715205881361	0.1387987012987012	6	2255	30047	12	0.3333333333333333	0.0026536930561698	0.0698099188904711	0.0052654673102237	0	0	32076	244	0.0	NA	0.0	NA	0	0	29915	2405	0.0	NA	0.0	NA	2154	1	71	65	0	0	32320	0	NA	NA	0.0	NA
40	5	20	0.001999	0.3	8e-06	2e-06	0.0	0010	monovar	NA	true_parameters	NA	no_cnv	/raid/kang/DelSIEVE/simulation_results/IndelSIEVE_benchmark_pipeline_sa_205/benchmark_results/simulated_data/results/cell_names	/raid/kang/DelSIEVE/simulation_results/IndelSIEVE_benchmark_pipeline_sa_205/benchmark_results/monovar/from_true_params/no_cnv/0010/post_processed/filtered.cell_names	/raid/kang/DelSIEVE/simulation_results/IndelSIEVE_benchmark_pipeline_sa_205/benchmark_results/simulated_data/results/data_type/no_cnv/0010/true_evo_events_sites_names	/raid/kang/DelSIEVE/simulation_results/IndelSIEVE_benchmark_pipeline_sa_205/benchmark_results/monovar/from_true_params/no_cnv/0010/post_processed/filtered.loci_info	/raid/kang/DelSIEVE/simulation_results/IndelSIEVE_benchmark_pipeline_sa_205/benchmark_results/simulated_data/results/data_type/no_cnv/0010/true_evo_events_genotypes_numeric	/raid/kang/DelSIEVE/simulation_results/IndelSIEVE_benchmark_pipeline_sa_205/benchmark_results/monovar/from_true_params/no_cnv/0010/post_processed/filtered.genotypes	/raid/kang/DelSIEVE/simulation_results/IndelSIEVE_benchmark_pipeline_sa_205/benchmark_results/simulated_data/results/data_type/no_cnv/0010/true_evo_events_ternary_matrix.simple	/raid/kang/DelSIEVE/simulation_results/IndelSIEVE_benchmark_pipeline_sa_205/benchmark_results/monovar/from_true_params/no_cnv/0010/post_processed/filtered.ternary	/raid/kang/DelSIEVE/simulation_results/IndelSIEVE_benchmark_pipeline_sa_205/benchmark_results/monovar/from_true_params/no_cnv/0010/post_processed/filtered.genotype_probs	3344	833	19610	2973	0.5293652050023745	0.8005745750538664	0.6373165618448636	0.0407474441128992	2642	2	21738	2370	0.5271348762968875	0.9992435703479576	0.6901776384535004	9.19963201471941e-05	2194	85	21913	2560	0.4615061001262095	0.9627029398859148	0.6239158253945685	0.0038639876352395	44	321	26307	80	0.3548387096774194	0.1205479452054794	0.1799591002044989	0.0120549797205948	124	2	14	48	182	1351	23970	1257	0.1264767199444058	0.1187214611872146	0.0533549227913589	0.1224764468371467	0	1533	25226	1	0.0	0.0	0.057289136365335	NA	0	0	26618	142	0.0	NA	0.0	NA	0	0	25464	1296	0.0	NA	0.0	NA	1181	0	35	27	0	0	26760	0	NA	NA	0.0	NA
40	5	20	0.001999	0.3	8e-06	2e-06	0.0	0001	sciphi	candidate_snvs	NA	NA	no_cnv	/raid/kang/DelSIEVE/simulation_results/IndelSIEVE_benchmark_pipeline_sa_205/benchmark_results/simulated_data/results/cell_names	/raid/kang/DelSIEVE/simulation_results/IndelSIEVE_benchmark_pipeline_sa_205/benchmark_results/sciphi/no_cnv/0001/post_processed/sciphi.cell_names	/raid/kang/DelSIEVE/simulation_results/IndelSIEVE_benchmark_pipeline_sa_205/benchmark_results/simulated_data/results/data_type/no_cnv/0001/true_evo_events_sites_names	/raid/kang/DelSIEVE/simulation_results/IndelSIEVE_benchmark_pipeline_sa_205/benchmark_results/sciphi/no_cnv/0001/post_processed/sciphi.loci_info	/raid/kang/DelSIEVE/simulation_results/IndelSIEVE_benchmark_pipeline_sa_205/benchmark_results/simulated_data/results/data_type/no_cnv/0001/true_evo_events_genotypes_numeric	/raid/kang/DelSIEVE/simulation_results/IndelSIEVE_benchmark_pipeline_sa_205/benchmark_results/sciphi/no_cnv/0001/post_processed/sciphi.genotypes	/raid/kang/DelSIEVE/simulation_results/IndelSIEVE_benchmark_pipeline_sa_205/benchmark_results/simulated_data/results/data_type/no_cnv/0001/true_evo_events_ternary_matrix.simple	/raid/kang/DelSIEVE/simulation_results/IndelSIEVE_benchmark_pipeline_sa_205/benchmark_results/sciphi/no_cnv/0001/post_processed/sciphi.ternary	/raid/kang/DelSIEVE/simulation_results/IndelSIEVE_benchmark_pipeline_sa_205/benchmark_results/sciphi/no_cnv/0001/post_processed/sciphi.genotype_probs	5917	97	20721	2625	0.6926949192226645	0.9838709677419356	0.8129980763946139	0.0046594293399942	5887	127	22513	820	0.877739674966453	0.9788826072497506	0.9255561669680058	0.0056095406360424	5459	555	22523	810	0.8707927899186473	0.9077153308945792	0.8888707970365547	0.0240488777190397	0	0	29068	279	0.0	NA	NA	0.0	279	97	7	272	0	0	15499	621	0.0	NA	0.0	NA	0	0	16119	1	0.0	NA	0.0	NA	0	0	15961	159	0.0	NA	0.0	NA	0	0	15659	461	0.0	NA	0.0	NA	431	30	156	0	0	0	16120	0	NA	NA	0.0	NA
40	5	20	0.001999	0.3	8e-06	2e-06	0.0	0002	sciphi	candidate_snvs	NA	NA	no_cnv	/raid/kang/DelSIEVE/simulation_results/IndelSIEVE_benchmark_pipeline_sa_205/benchmark_results/simulated_data/results/cell_names	/raid/kang/DelSIEVE/simulation_results/IndelSIEVE_benchmark_pipeline_sa_205/benchmark_results/sciphi/no_cnv/0002/post_processed/sciphi.cell_names	/raid/kang/DelSIEVE/simulation_results/IndelSIEVE_benchmark_pipeline_sa_205/benchmark_results/simulated_data/results/data_type/no_cnv/0002/true_evo_events_sites_names	/raid/kang/DelSIEVE/simulation_results/IndelSIEVE_benchmark_pipeline_sa_205/benchmark_results/sciphi/no_cnv/0002/post_processed/sciphi.loci_info	/raid/kang/DelSIEVE/simulation_results/IndelSIEVE_benchmark_pipeline_sa_205/benchmark_results/simulated_data/results/data_type/no_cnv/0002/true_evo_events_genotypes_numeric	/raid/kang/DelSIEVE/simulation_results/IndelSIEVE_benchmark_pipeline_sa_205/benchmark_results/sciphi/no_cnv/0002/post_processed/sciphi.genotypes	/raid/kang/DelSIEVE/simulation_results/IndelSIEVE_benchmark_pipeline_sa_205/benchmark_results/simulated_data/results/data_type/no_cnv/0002/true_evo_events_ternary_matrix.simple	/raid/kang/DelSIEVE/simulation_results/IndelSIEVE_benchmark_pipeline_sa_205/benchmark_results/sciphi/no_cnv/0002/post_processed/sciphi.ternary	/raid/kang/DelSIEVE/simulation_results/IndelSIEVE_benchmark_pipeline_sa_205/benchmark_results/sciphi/no_cnv/0002/post_processed/sciphi.genotype_probs	4256	30	24391	2443	0.6353187042842215	0.9930004666355576	0.7748748293126991	0.0012284509233856	4243	43	25653	1167	0.7842883548983364	0.989967335510966	0.8752062706270627	0.0016734122042341	4030	256	25664	1156	0.7770921712302352	0.9402706486234252	0.8509290540540541	0.0098765432098765	0	0	30955	151	0.0	NA	NA	0.0	151	30	8	143	0	0	13396	364	0.0	NA	0.0	NA	0	0	13760	0	NA	NA	0.0	NA	0	0	13687	73	0.0	NA	0.0	NA	0	0	13469	291	0.0	NA	0.0	NA	278	13	70	0	0	0	13760	0	NA	NA	0.0	NA
40	5	20	0.001999	0.3	8e-06	2e-06	0.0	0003	sciphi	candidate_snvs	NA	NA	no_cnv	/raid/kang/DelSIEVE/simulation_results/IndelSIEVE_benchmark_pipeline_sa_205/benchmark_results/simulated_data/results/cell_names	/raid/kang/DelSIEVE/simulation_results/IndelSIEVE_benchmark_pipeline_sa_205/benchmark_results/sciphi/no_cnv/0003/post_processed/sciphi.cell_names	/raid/kang/DelSIEVE/simulation_results/IndelSIEVE_benchmark_pipeline_sa_205/benchmark_results/simulated_data/results/data_type/no_cnv/0003/true_evo_events_sites_names	/raid/kang/DelSIEVE/simulation_results/IndelSIEVE_benchmark_pipeline_sa_205/benchmark_results/sciphi/no_cnv/0003/post_processed/sciphi.loci_info	/raid/kang/DelSIEVE/simulation_results/IndelSIEVE_benchmark_pipeline_sa_205/benchmark_results/simulated_data/results/data_type/no_cnv/0003/true_evo_events_genotypes_numeric	/raid/kang/DelSIEVE/simulation_results/IndelSIEVE_benchmark_pipeline_sa_205/benchmark_results/sciphi/no_cnv/0003/post_processed/sciphi.genotypes	/raid/kang/DelSIEVE/simulation_results/IndelSIEVE_benchmark_pipeline_sa_205/benchmark_results/simulated_data/results/data_type/no_cnv/0003/true_evo_events_ternary_matrix.simple	/raid/kang/DelSIEVE/simulation_results/IndelSIEVE_benchmark_pipeline_sa_205/benchmark_results/sciphi/no_cnv/0003/post_processed/sciphi.ternary	/raid/kang/DelSIEVE/simulation_results/IndelSIEVE_benchmark_pipeline_sa_205/benchmark_results/sciphi/no_cnv/0003/post_processed/sciphi.genotype_probs	4451	17	25812	2400	0.6496861772004087	0.9961951656222024	0.7864652354448273	0.0006581749196639	4435	33	26972	1232	0.7826010234692077	0.992614145031334	0.8751850024666994	0.0012219959266802	4153	315	26986	1218	0.7732265872277043	0.9294986571172784	0.8441914828742759	0.011538038899674	0	0	32475	197	0.0	NA	NA	0.0	197	17	8	189	0	0	11954	286	0.0	NA	0.0	NA	0	0	12237	3	0.0	NA	0.0	NA	0	0	12141	99	0.0	NA	0.0	NA	0	0	12056	184	0.0	NA	0.0	NA	168	16	93	0	0	0	12240	0	NA	NA	0.0	NA
40	5	20	0.001999	0.3	8e-06	2e-06	0.0	0004	sciphi	candidate_snvs	NA	NA	no_cnv	/raid/kang/DelSIEVE/simulation_results/IndelSIEVE_benchmark_pipeline_sa_205/benchmark_results/simulated_data/results/cell_names	/raid/kang/DelSIEVE/simulation_results/IndelSIEVE_benchmark_pipeline_sa_205/benchmark_results/sciphi/no_cnv/0004/post_processed/sciphi.cell_names	/raid/kang/DelSIEVE/simulation_results/IndelSIEVE_benchmark_pipeline_sa_205/benchmark_results/simulated_data/results/data_type/no_cnv/0004/true_evo_events_sites_names	/raid/kang/DelSIEVE/simulation_results/IndelSIEVE_benchmark_pipeline_sa_205/benchmark_results/sciphi/no_cnv/0004/post_processed/sciphi.loci_info	/raid/kang/DelSIEVE/simulation_results/IndelSIEVE_benchmark_pipeline_sa_205/benchmark_results/simulated_data/results/data_type/no_cnv/0004/true_evo_events_genotypes_numeric	/raid/kang/DelSIEVE/simulation_results/IndelSIEVE_benchmark_pipeline_sa_205/benchmark_results/sciphi/no_cnv/0004/post_processed/sciphi.genotypes	/raid/kang/DelSIEVE/simulation_results/IndelSIEVE_benchmark_pipeline_sa_205/benchmark_results/simulated_data/results/data_type/no_cnv/0004/true_evo_events_ternary_matrix.simple	/raid/kang/DelSIEVE/simulation_results/IndelSIEVE_benchmark_pipeline_sa_205/benchmark_results/sciphi/no_cnv/0004/post_processed/sciphi.ternary	/raid/kang/DelSIEVE/simulation_results/IndelSIEVE_benchmark_pipeline_sa_205/benchmark_results/sciphi/no_cnv/0004/post_processed/sciphi.genotype_probs	4000	38	26175	2427	0.6223743581764432	0.9905894006934126	0.7644529383659818	0.0014496623812612	3984	54	27498	1094	0.7845608507286334	0.986627043090639	0.8740675734971479	0.0019599303135888	3673	365	27506	1086	0.7718007984870772	0.909608717186726	0.8350574059338411	0.0130960496573499	0	0	32424	206	0.0	NA	NA	0.0	206	38	4	202	0	0	13434	406	0.0	NA	0.0	NA	0	0	13840	0	NA	NA	0.0	NA	0	0	13727	113	0.0	NA	0.0	NA	0	0	13547	293	0.0	NA	0.0	NA	277	16	109	0	0	0	13840	0	NA	NA	0.0	NA
40	5	20	0.001999	0.3	8e-06	2e-06	0.0	0005	sciphi	candidate_snvs	NA	NA	no_cnv	/raid/kang/DelSIEVE/simulation_results/IndelSIEVE_benchmark_pipeline_sa_205/benchmark_results/simulated_data/results/cell_names	/raid/kang/DelSIEVE/simulation_results/IndelSIEVE_benchmark_pipeline_sa_205/benchmark_results/sciphi/no_cnv/0005/post_processed/sciphi.cell_names	/raid/kang/DelSIEVE/simulation_results/IndelSIEVE_benchmark_pipeline_sa_205/benchmark_results/simulated_data/results/data_type/no_cnv/0005/true_evo_events_sites_names	/raid/kang/DelSIEVE/simulation_results/IndelSIEVE_benchmark_pipeline_sa_205/benchmark_results/sciphi/no_cnv/0005/post_processed/sciphi.loci_info	/raid/kang/DelSIEVE/simulation_results/IndelSIEVE_benchmark_pipeline_sa_205/benchmark_results/simulated_data/results/data_type/no_cnv/0005/true_evo_events_genotypes_numeric	/raid/kang/DelSIEVE/simulation_results/IndelSIEVE_benchmark_pipeline_sa_205/benchmark_results/sciphi/no_cnv/0005/post_processed/sciphi.genotypes	/raid/kang/DelSIEVE/simulation_results/IndelSIEVE_benchmark_pipeline_sa_205/benchmark_results/simulated_data/results/data_type/no_cnv/0005/true_evo_events_ternary_matrix.simple	/raid/kang/DelSIEVE/simulation_results/IndelSIEVE_benchmark_pipeline_sa_205/benchmark_results/sciphi/no_cnv/0005/post_processed/sciphi.ternary	/raid/kang/DelSIEVE/simulation_results/IndelSIEVE_benchmark_pipeline_sa_205/benchmark_results/sciphi/no_cnv/0005/post_processed/sciphi.genotype_probs	4807	42	25230	2521	0.6559770742358079	0.991338420292844	0.7895212285456189	0.0016619183285849	4801	48	26691	1050	0.8205434968381473	0.99010105176325	0.8973831775700934	0.0017951307079546	4600	249	26703	1038	0.8158921603405463	0.9486492060218602	0.8772766282063508	0.0092386464826357	0	0	32475	115	0.0	NA	NA	0.0	115	42	6	109	0	0	14467	253	0.0	NA	0.0	NA	0	0	14720	0	NA	NA	0.0	NA	0	0	14622	98	0.0	NA	0.0	NA	0	0	14565	155	0.0	NA	0.0	NA	149	6	92	0	0	0	14720	0	NA	NA	0.0	NA
40	5	20	0.001999	0.3	8e-06	2e-06	0.0	0006	sciphi	candidate_snvs	NA	NA	no_cnv	/raid/kang/DelSIEVE/simulation_results/IndelSIEVE_benchmark_pipeline_sa_205/benchmark_results/simulated_data/results/cell_names	/raid/kang/DelSIEVE/simulation_results/IndelSIEVE_benchmark_pipeline_sa_205/benchmark_results/sciphi/no_cnv/0006/post_processed/sciphi.cell_names	/raid/kang/DelSIEVE/simulation_results/IndelSIEVE_benchmark_pipeline_sa_205/benchmark_results/simulated_data/results/data_type/no_cnv/0006/true_evo_events_sites_names	/raid/kang/DelSIEVE/simulation_results/IndelSIEVE_benchmark_pipeline_sa_205/benchmark_results/sciphi/no_cnv/0006/post_processed/sciphi.loci_info	/raid/kang/DelSIEVE/simulation_results/IndelSIEVE_benchmark_pipeline_sa_205/benchmark_results/simulated_data/results/data_type/no_cnv/0006/true_evo_events_genotypes_numeric	/raid/kang/DelSIEVE/simulation_results/IndelSIEVE_benchmark_pipeline_sa_205/benchmark_results/sciphi/no_cnv/0006/post_processed/sciphi.genotypes	/raid/kang/DelSIEVE/simulation_results/IndelSIEVE_benchmark_pipeline_sa_205/benchmark_results/simulated_data/results/data_type/no_cnv/0006/true_evo_events_ternary_matrix.simple	/raid/kang/DelSIEVE/simulation_results/IndelSIEVE_benchmark_pipeline_sa_205/benchmark_results/sciphi/no_cnv/0006/post_processed/sciphi.ternary	/raid/kang/DelSIEVE/simulation_results/IndelSIEVE_benchmark_pipeline_sa_205/benchmark_results/sciphi/no_cnv/0006/post_processed/sciphi.genotype_probs	6016	72	23621	2691	0.6909383254852418	0.988173455978975	0.8132477188239271	0.0030388722407462	6004	84	25255	1048	0.8513896766874646	0.9862023653088042	0.9138508371385085	0.0033150479498007	5611	477	25276	1027	0.8452847243145526	0.9216491458607096	0.8818167531038819	0.0185221139284743	0	0	32106	285	0.0	NA	NA	0.0	285	72	14	271	0	0	14114	406	0.0	NA	0.0	NA	0	0	14520	0	NA	NA	0.0	NA	0	0	14391	129	0.0	NA	0.0	NA	0	0	14243	277	0.0	NA	0.0	NA	265	12	122	0	0	0	14520	0	NA	NA	0.0	NA
40	5	20	0.001999	0.3	8e-06	2e-06	0.0	0007	sciphi	candidate_snvs	NA	NA	no_cnv	/raid/kang/DelSIEVE/simulation_results/IndelSIEVE_benchmark_pipeline_sa_205/benchmark_results/simulated_data/results/cell_names	/raid/kang/DelSIEVE/simulation_results/IndelSIEVE_benchmark_pipeline_sa_205/benchmark_results/sciphi/no_cnv/0007/post_processed/sciphi.cell_names	/raid/kang/DelSIEVE/simulation_results/IndelSIEVE_benchmark_pipeline_sa_205/benchmark_results/simulated_data/results/data_type/no_cnv/0007/true_evo_events_sites_names	/raid/kang/DelSIEVE/simulation_results/IndelSIEVE_benchmark_pipeline_sa_205/benchmark_results/sciphi/no_cnv/0007/post_processed/sciphi.loci_info	/raid/kang/DelSIEVE/simulation_results/IndelSIEVE_benchmark_pipeline_sa_205/benchmark_results/simulated_data/results/data_type/no_cnv/0007/true_evo_events_genotypes_numeric	/raid/kang/DelSIEVE/simulation_results/IndelSIEVE_benchmark_pipeline_sa_205/benchmark_results/sciphi/no_cnv/0007/post_processed/sciphi.genotypes	/raid/kang/DelSIEVE/simulation_results/IndelSIEVE_benchmark_pipeline_sa_205/benchmark_results/simulated_data/results/data_type/no_cnv/0007/true_evo_events_ternary_matrix.simple	/raid/kang/DelSIEVE/simulation_results/IndelSIEVE_benchmark_pipeline_sa_205/benchmark_results/sciphi/no_cnv/0007/post_processed/sciphi.ternary	/raid/kang/DelSIEVE/simulation_results/IndelSIEVE_benchmark_pipeline_sa_205/benchmark_results/sciphi/no_cnv/0007/post_processed/sciphi.genotype_probs	4047	55	26131	2287	0.6389327439216924	0.9865919063871282	0.7755845151399003	0.0021003589704422	4035	67	27322	1092	0.7870099473376243	0.98366650414432	0.8744175967060354	0.0024462375406184	3867	235	27333	1081	0.7815278900565885	0.9427108727450024	0.854585635359116	0.0085243760882182	0	0	32388	128	0.0	NA	NA	0.0	128	55	4	124	0	0	13858	262	0.0	NA	0.0	NA	0	0	14120	0	NA	NA	0.0	NA	0	0	14069	51	0.0	NA	0.0	NA	0	0	13909	211	0.0	NA	0.0	NA	199	12	44	0	0	0	14120	0	NA	NA	0.0	NA
40	5	20	0.001999	0.3	8e-06	2e-06	0.0	0008	sciphi	candidate_snvs	NA	NA	no_cnv	/raid/kang/DelSIEVE/simulation_results/IndelSIEVE_benchmark_pipeline_sa_205/benchmark_results/simulated_data/results/cell_names	/raid/kang/DelSIEVE/simulation_results/IndelSIEVE_benchmark_pipeline_sa_205/benchmark_results/sciphi/no_cnv/0008/post_processed/sciphi.cell_names	/raid/kang/DelSIEVE/simulation_results/IndelSIEVE_benchmark_pipeline_sa_205/benchmark_results/simulated_data/results/data_type/no_cnv/0008/true_evo_events_sites_names	/raid/kang/DelSIEVE/simulation_results/IndelSIEVE_benchmark_pipeline_sa_205/benchmark_results/sciphi/no_cnv/0008/post_processed/sciphi.loci_info	/raid/kang/DelSIEVE/simulation_results/IndelSIEVE_benchmark_pipeline_sa_205/benchmark_results/simulated_data/results/data_type/no_cnv/0008/true_evo_events_genotypes_numeric	/raid/kang/DelSIEVE/simulation_results/IndelSIEVE_benchmark_pipeline_sa_205/benchmark_results/sciphi/no_cnv/0008/post_processed/sciphi.genotypes	/raid/kang/DelSIEVE/simulation_results/IndelSIEVE_benchmark_pipeline_sa_205/benchmark_results/simulated_data/results/data_type/no_cnv/0008/true_evo_events_ternary_matrix.simple	/raid/kang/DelSIEVE/simulation_results/IndelSIEVE_benchmark_pipeline_sa_205/benchmark_results/sciphi/no_cnv/0008/post_processed/sciphi.ternary	/raid/kang/DelSIEVE/simulation_results/IndelSIEVE_benchmark_pipeline_sa_205/benchmark_results/sciphi/no_cnv/0008/post_processed/sciphi.genotype_probs	4533	25	24403	2879	0.6115758229897463	0.9945151382185168	0.7573934837092732	0.0010234157524152	4528	30	26216	1054	0.8111787889645289	0.9934181658622204	0.8930966469428008	0.0011430313190581	4203	355	26227	1043	0.8011818528402592	0.92211496270294	0.857405140758874	0.013354901813257	0	0	31635	193	0.0	NA	NA	0.0	193	25	9	184	0	0	13412	628	0.0	NA	0.0	NA	0	0	14025	15	0.0	NA	0.0	NA	0	0	13897	143	0.0	NA	0.0	NA	0	0	13570	470	0.0	NA	0.0	NA	465	5	141	0	0	0	14040	0	NA	NA	0.0	NA
40	5	20	0.001999	0.3	8e-06	2e-06	0.0	0009	sciphi	candidate_snvs	NA	NA	no_cnv	/raid/kang/DelSIEVE/simulation_results/IndelSIEVE_benchmark_pipeline_sa_205/benchmark_results/simulated_data/results/cell_names	/raid/kang/DelSIEVE/simulation_results/IndelSIEVE_benchmark_pipeline_sa_205/benchmark_results/sciphi/no_cnv/0009/post_processed/sciphi.cell_names	/raid/kang/DelSIEVE/simulation_results/IndelSIEVE_benchmark_pipeline_sa_205/benchmark_results/simulated_data/results/data_type/no_cnv/0009/true_evo_events_sites_names	/raid/kang/DelSIEVE/simulation_results/IndelSIEVE_benchmark_pipeline_sa_205/benchmark_results/sciphi/no_cnv/0009/post_processed/sciphi.loci_info	/raid/kang/DelSIEVE/simulation_results/IndelSIEVE_benchmark_pipeline_sa_205/benchmark_results/simulated_data/results/data_type/no_cnv/0009/true_evo_events_genotypes_numeric	/raid/kang/DelSIEVE/simulation_results/IndelSIEVE_benchmark_pipeline_sa_205/benchmark_results/sciphi/no_cnv/0009/post_processed/sciphi.genotypes	/raid/kang/DelSIEVE/simulation_results/IndelSIEVE_benchmark_pipeline_sa_205/benchmark_results/simulated_data/results/data_type/no_cnv/0009/true_evo_events_ternary_matrix.simple	/raid/kang/DelSIEVE/simulation_results/IndelSIEVE_benchmark_pipeline_sa_205/benchmark_results/sciphi/no_cnv/0009/post_processed/sciphi.ternary	/raid/kang/DelSIEVE/simulation_results/IndelSIEVE_benchmark_pipeline_sa_205/benchmark_results/sciphi/no_cnv/0009/post_processed/sciphi.genotype_probs	7301	132	21438	3449	0.6791627906976744	0.982241356114624	0.803057801242919	0.0061196105702364	7255	178	23815	1041	0.8745178399228544	0.9760527377909324	0.9224998410579184	0.0074188304922268	6674	759	23834	1022	0.8672037422037422	0.8978877976590879	0.8822790666931061	0.0308624405318586	0	0	31902	387	0.0	NA	NA	0.0	387	132	10	377	0	0	18217	743	0.0	NA	0.0	NA	0	0	18954	6	0.0	NA	0.0	NA	0	0	18747	213	0.0	NA	0.0	NA	0	0	18436	524	0.0	NA	0.0	NA	479	45	204	0	0	0	18960	0	NA	NA	0.0	NA
40	5	20	0.001999	0.3	8e-06	2e-06	0.0	0010	sciphi	candidate_snvs	NA	NA	no_cnv	/raid/kang/DelSIEVE/simulation_results/IndelSIEVE_benchmark_pipeline_sa_205/benchmark_results/simulated_data/results/cell_names	/raid/kang/DelSIEVE/simulation_results/IndelSIEVE_benchmark_pipeline_sa_205/benchmark_results/sciphi/no_cnv/0010/post_processed/sciphi.cell_names	/raid/kang/DelSIEVE/simulation_results/IndelSIEVE_benchmark_pipeline_sa_205/benchmark_results/simulated_data/results/data_type/no_cnv/0010/true_evo_events_sites_names	/raid/kang/DelSIEVE/simulation_results/IndelSIEVE_benchmark_pipeline_sa_205/benchmark_results/sciphi/no_cnv/0010/post_processed/sciphi.loci_info	/raid/kang/DelSIEVE/simulation_results/IndelSIEVE_benchmark_pipeline_sa_205/benchmark_results/simulated_data/results/data_type/no_cnv/0010/true_evo_events_genotypes_numeric	/raid/kang/DelSIEVE/simulation_results/IndelSIEVE_benchmark_pipeline_sa_205/benchmark_results/sciphi/no_cnv/0010/post_processed/sciphi.genotypes	/raid/kang/DelSIEVE/simulation_results/IndelSIEVE_benchmark_pipeline_sa_205/benchmark_results/simulated_data/results/data_type/no_cnv/0010/true_evo_events_ternary_matrix.simple	/raid/kang/DelSIEVE/simulation_results/IndelSIEVE_benchmark_pipeline_sa_205/benchmark_results/sciphi/no_cnv/0010/post_processed/sciphi.ternary	/raid/kang/DelSIEVE/simulation_results/IndelSIEVE_benchmark_pipeline_sa_205/benchmark_results/sciphi/no_cnv/0010/post_processed/sciphi.genotype_probs	4012	62	20381	2305	0.6351116036093082	0.9847815414825724	0.7722067173515543	0.0030328229711881	3993	81	21659	1019	0.7966879489225858	0.980117820324006	0.8789346246973365	0.0037258509659613	3762	312	21686	992	0.7913336137989062	0.9234167893961708	0.8522881739918442	0.0141831075552322	0	0	26628	124	0.0	NA	NA	0.0	124	62	19	105	0	0	10648	392	0.0	NA	0.0	NA	0	0	11040	0	NA	NA	0.0	NA	0	0	10906	134	0.0	NA	0.0	NA	0	0	10782	258	0.0	NA	0.0	NA	239	19	126	0	0	0	11040	0	NA	NA	0.0	NA
40	5	20	0.001999	0.3	8e-06	2e-06	0.0	0001	sciphin	candidate_snvs	NA	NA	no_cnv	/raid/kang/DelSIEVE/simulation_results/IndelSIEVE_benchmark_pipeline_sa_205/benchmark_results/simulated_data/results/cell_names	/raid/kang/DelSIEVE/simulation_results/IndelSIEVE_benchmark_pipeline_sa_205/benchmark_results/sciphin/no_cnv/0001/post_processed/sciphin.cell_names	/raid/kang/DelSIEVE/simulation_results/IndelSIEVE_benchmark_pipeline_sa_205/benchmark_results/simulated_data/results/data_type/no_cnv/0001/true_evo_events_sites_names	/raid/kang/DelSIEVE/simulation_results/IndelSIEVE_benchmark_pipeline_sa_205/benchmark_results/sciphin/no_cnv/0001/post_processed/sciphin.loci_info	/raid/kang/DelSIEVE/simulation_results/IndelSIEVE_benchmark_pipeline_sa_205/benchmark_results/simulated_data/results/data_type/no_cnv/0001/true_evo_events_genotypes_numeric	/raid/kang/DelSIEVE/simulation_results/IndelSIEVE_benchmark_pipeline_sa_205/benchmark_results/sciphin/no_cnv/0001/post_processed/sciphin.genotypes	/raid/kang/DelSIEVE/simulation_results/IndelSIEVE_benchmark_pipeline_sa_205/benchmark_results/simulated_data/results/data_type/no_cnv/0001/true_evo_events_ternary_matrix.simple	/raid/kang/DelSIEVE/simulation_results/IndelSIEVE_benchmark_pipeline_sa_205/benchmark_results/sciphin/no_cnv/0001/post_processed/sciphin.ternary	/raid/kang/DelSIEVE/simulation_results/IndelSIEVE_benchmark_pipeline_sa_205/benchmark_results/sciphin/no_cnv/0001/post_processed/sciphin.genotype_probs	5871	21	20797	2671	0.6873097635214236	0.9964358452138492	0.8134959124289871	0.0010087424344317	5854	38	22602	853	0.8728194423736395	0.993550577053632	0.9292801015953648	0.0016784452296819	5426	466	22612	843	0.8655287924708885	0.9209097080787508	0.8923608255900009	0.0201923910217523	0	0	29068	279	0.0	NA	NA	0.0	279	21	7	272	0	0	15499	621	0.0	NA	0.0	NA	0	0	16119	1	0.0	NA	0.0	NA	0	0	15961	159	0.0	NA	0.0	NA	0	0	15659	461	0.0	NA	0.0	NA	444	17	156	0	0	0	16120	0	NA	NA	0.0	NA
40	5	20	0.001999	0.3	8e-06	2e-06	0.0	0002	sciphin	candidate_snvs	NA	NA	no_cnv	/raid/kang/DelSIEVE/simulation_results/IndelSIEVE_benchmark_pipeline_sa_205/benchmark_results/simulated_data/results/cell_names	/raid/kang/DelSIEVE/simulation_results/IndelSIEVE_benchmark_pipeline_sa_205/benchmark_results/sciphin/no_cnv/0002/post_processed/sciphin.cell_names	/raid/kang/DelSIEVE/simulation_results/IndelSIEVE_benchmark_pipeline_sa_205/benchmark_results/simulated_data/results/data_type/no_cnv/0002/true_evo_events_sites_names	/raid/kang/DelSIEVE/simulation_results/IndelSIEVE_benchmark_pipeline_sa_205/benchmark_results/sciphin/no_cnv/0002/post_processed/sciphin.loci_info	/raid/kang/DelSIEVE/simulation_results/IndelSIEVE_benchmark_pipeline_sa_205/benchmark_results/simulated_data/results/data_type/no_cnv/0002/true_evo_events_genotypes_numeric	/raid/kang/DelSIEVE/simulation_results/IndelSIEVE_benchmark_pipeline_sa_205/benchmark_results/sciphin/no_cnv/0002/post_processed/sciphin.genotypes	/raid/kang/DelSIEVE/simulation_results/IndelSIEVE_benchmark_pipeline_sa_205/benchmark_results/simulated_data/results/data_type/no_cnv/0002/true_evo_events_ternary_matrix.simple	/raid/kang/DelSIEVE/simulation_results/IndelSIEVE_benchmark_pipeline_sa_205/benchmark_results/sciphin/no_cnv/0002/post_processed/sciphin.ternary	/raid/kang/DelSIEVE/simulation_results/IndelSIEVE_benchmark_pipeline_sa_205/benchmark_results/sciphin/no_cnv/0002/post_processed/sciphin.genotype_probs	4306	9	24412	2393	0.6427825048514704	0.9979142526071842	0.7819139277283457	0.0003685352770156	4302	13	25683	1108	0.7951940850277265	0.9969872537659328	0.8847300771208227	0.0005059153175591	4089	226	25694	1097	0.7884689548785191	0.9476245654692932	0.860751499842122	0.0087191358024691	0	0	30955	151	0.0	NA	NA	0.0	151	9	7	144	0	0	13396	364	0.0	NA	0.0	NA	0	0	13760	0	NA	NA	0.0	NA	0	0	13687	73	0.0	NA	0.0	NA	0	0	13469	291	0.0	NA	0.0	NA	287	4	69	0	0	0	13760	0	NA	NA	0.0	NA
40	5	20	0.001999	0.3	8e-06	2e-06	0.0	0003	sciphin	candidate_snvs	NA	NA	no_cnv	/raid/kang/DelSIEVE/simulation_results/IndelSIEVE_benchmark_pipeline_sa_205/benchmark_results/simulated_data/results/cell_names	/raid/kang/DelSIEVE/simulation_results/IndelSIEVE_benchmark_pipeline_sa_205/benchmark_results/sciphin/no_cnv/0003/post_processed/sciphin.cell_names	/raid/kang/DelSIEVE/simulation_results/IndelSIEVE_benchmark_pipeline_sa_205/benchmark_results/simulated_data/results/data_type/no_cnv/0003/true_evo_events_sites_names	/raid/kang/DelSIEVE/simulation_results/IndelSIEVE_benchmark_pipeline_sa_205/benchmark_results/sciphin/no_cnv/0003/post_processed/sciphin.loci_info	/raid/kang/DelSIEVE/simulation_results/IndelSIEVE_benchmark_pipeline_sa_205/benchmark_results/simulated_data/results/data_type/no_cnv/0003/true_evo_events_genotypes_numeric	/raid/kang/DelSIEVE/simulation_results/IndelSIEVE_benchmark_pipeline_sa_205/benchmark_results/sciphin/no_cnv/0003/post_processed/sciphin.genotypes	/raid/kang/DelSIEVE/simulation_results/IndelSIEVE_benchmark_pipeline_sa_205/benchmark_results/simulated_data/results/data_type/no_cnv/0003/true_evo_events_ternary_matrix.simple	/raid/kang/DelSIEVE/simulation_results/IndelSIEVE_benchmark_pipeline_sa_205/benchmark_results/sciphin/no_cnv/0003/post_processed/sciphin.ternary	/raid/kang/DelSIEVE/simulation_results/IndelSIEVE_benchmark_pipeline_sa_205/benchmark_results/sciphin/no_cnv/0003/post_processed/sciphin.genotype_probs	4461	17	25812	2390	0.6511458181287403	0.996203662349263	0.7875364109806691	0.0006581749196639	4444	34	26971	1223	0.7841891653432151	0.992407324698526	0.8760965993100049	0.0012590261062766	4159	319	26982	1212	0.7743436976354496	0.9287628405538186	0.8445527464717231	0.0116845536793524	0	0	32475	197	0.0	NA	NA	0.0	197	17	8	189	0	0	11954	286	0.0	NA	0.0	NA	0	0	12237	3	0.0	NA	0.0	NA	0	0	12141	99	0.0	NA	0.0	NA	0	0	12056	184	0.0	NA	0.0	NA	167	17	96	0	0	0	12240	0	NA	NA	0.0	NA
40	5	20	0.001999	0.3	8e-06	2e-06	0.0	0004	sciphin	candidate_snvs	NA	NA	no_cnv	/raid/kang/DelSIEVE/simulation_results/IndelSIEVE_benchmark_pipeline_sa_205/benchmark_results/simulated_data/results/cell_names	/raid/kang/DelSIEVE/simulation_results/IndelSIEVE_benchmark_pipeline_sa_205/benchmark_results/sciphin/no_cnv/0004/post_processed/sciphin.cell_names	/raid/kang/DelSIEVE/simulation_results/IndelSIEVE_benchmark_pipeline_sa_205/benchmark_results/simulated_data/results/data_type/no_cnv/0004/true_evo_events_sites_names	/raid/kang/DelSIEVE/simulation_results/IndelSIEVE_benchmark_pipeline_sa_205/benchmark_results/sciphin/no_cnv/0004/post_processed/sciphin.loci_info	/raid/kang/DelSIEVE/simulation_results/IndelSIEVE_benchmark_pipeline_sa_205/benchmark_results/simulated_data/results/data_type/no_cnv/0004/true_evo_events_genotypes_numeric	/raid/kang/DelSIEVE/simulation_results/IndelSIEVE_benchmark_pipeline_sa_205/benchmark_results/sciphin/no_cnv/0004/post_processed/sciphin.genotypes	/raid/kang/DelSIEVE/simulation_results/IndelSIEVE_benchmark_pipeline_sa_205/benchmark_results/simulated_data/results/data_type/no_cnv/0004/true_evo_events_ternary_matrix.simple	/raid/kang/DelSIEVE/simulation_results/IndelSIEVE_benchmark_pipeline_sa_205/benchmark_results/sciphin/no_cnv/0004/post_processed/sciphin.ternary	/raid/kang/DelSIEVE/simulation_results/IndelSIEVE_benchmark_pipeline_sa_205/benchmark_results/sciphin/no_cnv/0004/post_processed/sciphin.genotype_probs	3977	7	26206	2450	0.6187957056169285	0.9982429718875502	0.7639996157909902	0.0002670430702323	3972	12	27540	1106	0.7821977156360772	0.9969879518072288	0.8766276760097109	0.0004355400696864	3661	323	27548	1098	0.7692792603488128	0.918925702811245	0.8374699759807845	0.0115891069570521	0	0	32424	206	0.0	NA	NA	0.0	206	7	4	202	0	0	13434	406	0.0	NA	0.0	NA	0	0	13840	0	NA	NA	0.0	NA	0	0	13727	113	0.0	NA	0.0	NA	0	0	13547	293	0.0	NA	0.0	NA	288	5	109	0	0	0	13840	0	NA	NA	0.0	NA
40	5	20	0.001999	0.3	8e-06	2e-06	0.0	0005	sciphin	candidate_snvs	NA	NA	no_cnv	/raid/kang/DelSIEVE/simulation_results/IndelSIEVE_benchmark_pipeline_sa_205/benchmark_results/simulated_data/results/cell_names	/raid/kang/DelSIEVE/simulation_results/IndelSIEVE_benchmark_pipeline_sa_205/benchmark_results/sciphin/no_cnv/0005/post_processed/sciphin.cell_names	/raid/kang/DelSIEVE/simulation_results/IndelSIEVE_benchmark_pipeline_sa_205/benchmark_results/simulated_data/results/data_type/no_cnv/0005/true_evo_events_sites_names	/raid/kang/DelSIEVE/simulation_results/IndelSIEVE_benchmark_pipeline_sa_205/benchmark_results/sciphin/no_cnv/0005/post_processed/sciphin.loci_info	/raid/kang/DelSIEVE/simulation_results/IndelSIEVE_benchmark_pipeline_sa_205/benchmark_results/simulated_data/results/data_type/no_cnv/0005/true_evo_events_genotypes_numeric	/raid/kang/DelSIEVE/simulation_results/IndelSIEVE_benchmark_pipeline_sa_205/benchmark_results/sciphin/no_cnv/0005/post_processed/sciphin.genotypes	/raid/kang/DelSIEVE/simulation_results/IndelSIEVE_benchmark_pipeline_sa_205/benchmark_results/simulated_data/results/data_type/no_cnv/0005/true_evo_events_ternary_matrix.simple	/raid/kang/DelSIEVE/simulation_results/IndelSIEVE_benchmark_pipeline_sa_205/benchmark_results/sciphin/no_cnv/0005/post_processed/sciphin.ternary	/raid/kang/DelSIEVE/simulation_results/IndelSIEVE_benchmark_pipeline_sa_205/benchmark_results/sciphin/no_cnv/0005/post_processed/sciphin.genotype_probs	4800	8	25264	2528	0.6550218340611353	0.9983361064891848	0.7910349373764007	0.0003165558721114	4795	13	26726	1056	0.8195180311057939	0.9972961730449252	0.899709165963036	0.0004861812334043	4595	213	26739	1043	0.8150053210358283	0.9556988352745424	0.8797625885506415	0.0079029385574354	0	0	32475	115	0.0	NA	NA	0.0	115	8	7	108	0	0	14467	253	0.0	NA	0.0	NA	0	0	14720	0	NA	NA	0.0	NA	0	0	14622	98	0.0	NA	0.0	NA	0	0	14565	155	0.0	NA	0.0	NA	150	5	92	0	0	0	14720	0	NA	NA	0.0	NA
40	5	20	0.001999	0.3	8e-06	2e-06	0.0	0006	sciphin	candidate_snvs	NA	NA	no_cnv	/raid/kang/DelSIEVE/simulation_results/IndelSIEVE_benchmark_pipeline_sa_205/benchmark_results/simulated_data/results/cell_names	/raid/kang/DelSIEVE/simulation_results/IndelSIEVE_benchmark_pipeline_sa_205/benchmark_results/sciphin/no_cnv/0006/post_processed/sciphin.cell_names	/raid/kang/DelSIEVE/simulation_results/IndelSIEVE_benchmark_pipeline_sa_205/benchmark_results/simulated_data/results/data_type/no_cnv/0006/true_evo_events_sites_names	/raid/kang/DelSIEVE/simulation_results/IndelSIEVE_benchmark_pipeline_sa_205/benchmark_results/sciphin/no_cnv/0006/post_processed/sciphin.loci_info	/raid/kang/DelSIEVE/simulation_results/IndelSIEVE_benchmark_pipeline_sa_205/benchmark_results/simulated_data/results/data_type/no_cnv/0006/true_evo_events_genotypes_numeric	/raid/kang/DelSIEVE/simulation_results/IndelSIEVE_benchmark_pipeline_sa_205/benchmark_results/sciphin/no_cnv/0006/post_processed/sciphin.genotypes	/raid/kang/DelSIEVE/simulation_results/IndelSIEVE_benchmark_pipeline_sa_205/benchmark_results/simulated_data/results/data_type/no_cnv/0006/true_evo_events_ternary_matrix.simple	/raid/kang/DelSIEVE/simulation_results/IndelSIEVE_benchmark_pipeline_sa_205/benchmark_results/sciphin/no_cnv/0006/post_processed/sciphin.ternary	/raid/kang/DelSIEVE/simulation_results/IndelSIEVE_benchmark_pipeline_sa_205/benchmark_results/sciphin/no_cnv/0006/post_processed/sciphin.genotype_probs	6028	33	23660	2679	0.6923165269323532	0.9945553539019965	0.8163596966413869	0.0013928164436753	6024	37	25302	1028	0.8542257515598412	0.993895396799208	0.9187828872111644	0.0014601996921741	5628	433	25320	1010	0.8478457366676709	0.9285596436231645	0.8863690054334987	0.016813575117462	0	0	32106	285	0.0	NA	NA	0.0	285	33	13	272	0	0	14114	406	0.0	NA	0.0	NA	0	0	14520	0	NA	NA	0.0	NA	0	0	14391	129	0.0	NA	0.0	NA	0	0	14243	277	0.0	NA	0.0	NA	273	4	124	0	0	0	14520	0	NA	NA	0.0	NA
40	5	20	0.001999	0.3	8e-06	2e-06	0.0	0007	sciphin	candidate_snvs	NA	NA	no_cnv	/raid/kang/DelSIEVE/simulation_results/IndelSIEVE_benchmark_pipeline_sa_205/benchmark_results/simulated_data/results/cell_names	/raid/kang/DelSIEVE/simulation_results/IndelSIEVE_benchmark_pipeline_sa_205/benchmark_results/sciphin/no_cnv/0007/post_processed/sciphin.cell_names	/raid/kang/DelSIEVE/simulation_results/IndelSIEVE_benchmark_pipeline_sa_205/benchmark_results/simulated_data/results/data_type/no_cnv/0007/true_evo_events_sites_names	/raid/kang/DelSIEVE/simulation_results/IndelSIEVE_benchmark_pipeline_sa_205/benchmark_results/sciphin/no_cnv/0007/post_processed/sciphin.loci_info	/raid/kang/DelSIEVE/simulation_results/IndelSIEVE_benchmark_pipeline_sa_205/benchmark_results/simulated_data/results/data_type/no_cnv/0007/true_evo_events_genotypes_numeric	/raid/kang/DelSIEVE/simulation_results/IndelSIEVE_benchmark_pipeline_sa_205/benchmark_results/sciphin/no_cnv/0007/post_processed/sciphin.genotypes	/raid/kang/DelSIEVE/simulation_results/IndelSIEVE_benchmark_pipeline_sa_205/benchmark_results/simulated_data/results/data_type/no_cnv/0007/true_evo_events_ternary_matrix.simple	/raid/kang/DelSIEVE/simulation_results/IndelSIEVE_benchmark_pipeline_sa_205/benchmark_results/sciphin/no_cnv/0007/post_processed/sciphin.ternary	/raid/kang/DelSIEVE/simulation_results/IndelSIEVE_benchmark_pipeline_sa_205/benchmark_results/sciphin/no_cnv/0007/post_processed/sciphin.genotype_probs	4062	9	26177	2272	0.6413009156930849	0.997789240972734	0.7807784718885151	0.0003436951042541	4054	17	27372	1073	0.7907158182172811	0.9958241218373864	0.8814959773863884	0.0006206871371718	3887	184	27384	1061	0.7855699272433306	0.9548022598870056	0.8619580884798758	0.0066744051073708	0	0	32388	128	0.0	NA	NA	0.0	128	9	5	123	0	0	13858	262	0.0	NA	0.0	NA	0	0	14120	0	NA	NA	0.0	NA	0	0	14069	51	0.0	NA	0.0	NA	0	0	13909	211	0.0	NA	0.0	NA	203	8	44	0	0	0	14120	0	NA	NA	0.0	NA
40	5	20	0.001999	0.3	8e-06	2e-06	0.0	0008	sciphin	candidate_snvs	NA	NA	no_cnv	/raid/kang/DelSIEVE/simulation_results/IndelSIEVE_benchmark_pipeline_sa_205/benchmark_results/simulated_data/results/cell_names	/raid/kang/DelSIEVE/simulation_results/IndelSIEVE_benchmark_pipeline_sa_205/benchmark_results/sciphin/no_cnv/0008/post_processed/sciphin.cell_names	/raid/kang/DelSIEVE/simulation_results/IndelSIEVE_benchmark_pipeline_sa_205/benchmark_results/simulated_data/results/data_type/no_cnv/0008/true_evo_events_sites_names	/raid/kang/DelSIEVE/simulation_results/IndelSIEVE_benchmark_pipeline_sa_205/benchmark_results/sciphin/no_cnv/0008/post_processed/sciphin.loci_info	/raid/kang/DelSIEVE/simulation_results/IndelSIEVE_benchmark_pipeline_sa_205/benchmark_results/simulated_data/results/data_type/no_cnv/0008/true_evo_events_genotypes_numeric	/raid/kang/DelSIEVE/simulation_results/IndelSIEVE_benchmark_pipeline_sa_205/benchmark_results/sciphin/no_cnv/0008/post_processed/sciphin.genotypes	/raid/kang/DelSIEVE/simulation_results/IndelSIEVE_benchmark_pipeline_sa_205/benchmark_results/simulated_data/results/data_type/no_cnv/0008/true_evo_events_ternary_matrix.simple	/raid/kang/DelSIEVE/simulation_results/IndelSIEVE_benchmark_pipeline_sa_205/benchmark_results/sciphin/no_cnv/0008/post_processed/sciphin.ternary	/raid/kang/DelSIEVE/simulation_results/IndelSIEVE_benchmark_pipeline_sa_205/benchmark_results/sciphin/no_cnv/0008/post_processed/sciphin.genotype_probs	4573	16	24412	2839	0.6169724770642202	0.9965134016125518	0.7621031580701607	0.0006549860815457	4568	21	26225	1014	0.8183446793264063	0.9954238396164742	0.8982400943859995	0.0008001219233406	4244	345	26237	1002	0.8089973313000381	0.9248202222706472	0.8630401626842908	0.0129787073959822	0	0	31635	193	0.0	NA	NA	0.0	193	16	8	185	0	0	13412	628	0.0	NA	0.0	NA	0	0	14025	15	0.0	NA	0.0	NA	0	0	13897	143	0.0	NA	0.0	NA	0	0	13570	470	0.0	NA	0.0	NA	465	5	139	0	0	0	14040	0	NA	NA	0.0	NA
40	5	20	0.001999	0.3	8e-06	2e-06	0.0	0009	sciphin	candidate_snvs	NA	NA	no_cnv	/raid/kang/DelSIEVE/simulation_results/IndelSIEVE_benchmark_pipeline_sa_205/benchmark_results/simulated_data/results/cell_names	/raid/kang/DelSIEVE/simulation_results/IndelSIEVE_benchmark_pipeline_sa_205/benchmark_results/sciphin/no_cnv/0009/post_processed/sciphin.cell_names	/raid/kang/DelSIEVE/simulation_results/IndelSIEVE_benchmark_pipeline_sa_205/benchmark_results/simulated_data/results/data_type/no_cnv/0009/true_evo_events_sites_names	/raid/kang/DelSIEVE/simulation_results/IndelSIEVE_benchmark_pipeline_sa_205/benchmark_results/sciphin/no_cnv/0009/post_processed/sciphin.loci_info	/raid/kang/DelSIEVE/simulation_results/IndelSIEVE_benchmark_pipeline_sa_205/benchmark_results/simulated_data/results/data_type/no_cnv/0009/true_evo_events_genotypes_numeric	/raid/kang/DelSIEVE/simulation_results/IndelSIEVE_benchmark_pipeline_sa_205/benchmark_results/sciphin/no_cnv/0009/post_processed/sciphin.genotypes	/raid/kang/DelSIEVE/simulation_results/IndelSIEVE_benchmark_pipeline_sa_205/benchmark_results/simulated_data/results/data_type/no_cnv/0009/true_evo_events_ternary_matrix.simple	/raid/kang/DelSIEVE/simulation_results/IndelSIEVE_benchmark_pipeline_sa_205/benchmark_results/sciphin/no_cnv/0009/post_processed/sciphin.ternary	/raid/kang/DelSIEVE/simulation_results/IndelSIEVE_benchmark_pipeline_sa_205/benchmark_results/sciphin/no_cnv/0009/post_processed/sciphin.genotype_probs	7263	21	21549	3487	0.6756279069767442	0.9971169686985172	0.8054785405345459	0.0009735744089012	7256	28	23965	1040	0.8746383799421408	0.9961559582646896	0.9314505776636712	0.001167007043721	6675	609	23984	1021	0.8673336798336798	0.9163920922570016	0.8911882510013351	0.0247631439840605	0	0	31902	387	0.0	NA	NA	0.0	387	21	10	377	0	0	18217	743	0.0	NA	0.0	NA	0	0	18954	6	0.0	NA	0.0	NA	0	0	18747	213	0.0	NA	0.0	NA	0	0	18436	524	0.0	NA	0.0	NA	518	6	204	0	0	0	18960	0	NA	NA	0.0	NA
40	5	20	0.001999	0.3	8e-06	2e-06	0.0	0010	sciphin	candidate_snvs	NA	NA	no_cnv	/raid/kang/DelSIEVE/simulation_results/IndelSIEVE_benchmark_pipeline_sa_205/benchmark_results/simulated_data/results/cell_names	/raid/kang/DelSIEVE/simulation_results/IndelSIEVE_benchmark_pipeline_sa_205/benchmark_results/sciphin/no_cnv/0010/post_processed/sciphin.cell_names	/raid/kang/DelSIEVE/simulation_results/IndelSIEVE_benchmark_pipeline_sa_205/benchmark_results/simulated_data/results/data_type/no_cnv/0010/true_evo_events_sites_names	/raid/kang/DelSIEVE/simulation_results/IndelSIEVE_benchmark_pipeline_sa_205/benchmark_results/sciphin/no_cnv/0010/post_processed/sciphin.loci_info	/raid/kang/DelSIEVE/simulation_results/IndelSIEVE_benchmark_pipeline_sa_205/benchmark_results/simulated_data/results/data_type/no_cnv/0010/true_evo_events_genotypes_numeric	/raid/kang/DelSIEVE/simulation_results/IndelSIEVE_benchmark_pipeline_sa_205/benchmark_results/sciphin/no_cnv/0010/post_processed/sciphin.genotypes	/raid/kang/DelSIEVE/simulation_results/IndelSIEVE_benchmark_pipeline_sa_205/benchmark_results/simulated_data/results/data_type/no_cnv/0010/true_evo_events_ternary_matrix.simple	/raid/kang/DelSIEVE/simulation_results/IndelSIEVE_benchmark_pipeline_sa_205/benchmark_results/sciphin/no_cnv/0010/post_processed/sciphin.ternary	/raid/kang/DelSIEVE/simulation_results/IndelSIEVE_benchmark_pipeline_sa_205/benchmark_results/sciphin/no_cnv/0010/post_processed/sciphin.genotype_probs	3994	29	20414	2323	0.6322621497546304	0.992791449167288	0.7725338491295938	0.0014185784865235	3986	37	21703	1026	0.795291300877893	0.9908028834203332	0.8823464305478694	0.001701931922723	3756	267	21731	998	0.790071518721077	0.9336316181953764	0.8558733052295773	0.0121374670424584	0	0	26628	124	0.0	NA	NA	0.0	124	29	20	104	0	0	10648	392	0.0	NA	0.0	NA	0	0	11040	0	NA	NA	0.0	NA	0	0	10906	134	0.0	NA	0.0	NA	0	0	10782	258	0.0	NA	0.0	NA	250	8	126	0	0	0	11040	0	NA	NA	0.0	NA
40	5	20	0.001999	0.3	8e-06	2e-06	0.0	0001	sieve	candidate_snvs	smc_mu_sa_stage_1	mt	no_cnv	/raid/kang/DelSIEVE/simulation_results/IndelSIEVE_benchmark_pipeline_sa_205/benchmark_results/simulated_data/results/cell_names	/raid/kang/DelSIEVE/simulation_results/IndelSIEVE_benchmark_pipeline_sa_205/benchmark_results/indelsieve/from_candidate/variant_calling/mt/no_cnv/smc_mu_sa_stage_1/0001/indelsieve_median.cell_names	/raid/kang/DelSIEVE/simulation_results/IndelSIEVE_benchmark_pipeline_sa_205/benchmark_results/simulated_data/results/data_type/no_cnv/0001/true_evo_events_sites_names	/raid/kang/DelSIEVE/simulation_results/IndelSIEVE_benchmark_pipeline_sa_205/benchmark_results/indelsieve/from_candidate/variant_calling/mt/no_cnv/smc_mu_sa_stage_1/0001/indelsieve_median.loci_info	/raid/kang/DelSIEVE/simulation_results/IndelSIEVE_benchmark_pipeline_sa_205/benchmark_results/simulated_data/results/data_type/no_cnv/0001/true_evo_events_genotypes_numeric	/raid/kang/DelSIEVE/simulation_results/IndelSIEVE_benchmark_pipeline_sa_205/benchmark_results/indelsieve/from_candidate/variant_calling/mt/no_cnv/smc_mu_sa_stage_1/0001/indelsieve_median.genotypes	/raid/kang/DelSIEVE/simulation_results/IndelSIEVE_benchmark_pipeline_sa_205/benchmark_results/simulated_data/results/data_type/no_cnv/0001/true_evo_events_ternary_matrix.simple	/raid/kang/DelSIEVE/simulation_results/IndelSIEVE_benchmark_pipeline_sa_205/benchmark_results/indelsieve/from_candidate/variant_calling/mt/no_cnv/smc_mu_sa_stage_1/0001/indelsieve_median.ternary	/raid/kang/DelSIEVE/simulation_results/IndelSIEVE_benchmark_pipeline_sa_205/benchmark_results/indelsieve/from_candidate/variant_calling/mt/no_cnv/smc_mu_sa_stage_1/0001/indelsieve_median.probs	6187	75	20743	2355	0.7243034418169048	0.988022995847972	0.8358551742772224	0.0036026515515419	6167	95	22545	540	0.9194871030266886	0.9848291280740976	0.9510370884416688	0.0041961130742049	5721	195	22883	548	0.9125857393523688	0.9670385395537524	0.939023389413213	0.008449605685068	213	133	28935	66	0.7634408602150538	0.615606936416185	0.6816000000000001	0.0045754781890738	279	75	4	62	0	0	15379	621	0.0	NA	0.0	NA	0	0	15999	1	0.0	NA	0.0	NA	0	0	15841	159	0.0	NA	0.0	NA	0	0	15539	461	0.0	NA	0.0	NA	441	19	39	120	0	0	16000	0	NA	NA	0.0	NA
40	5	20	0.001999	0.3	8e-06	2e-06	0.0	0002	sieve	candidate_snvs	smc_mu_sa_stage_1	mt	no_cnv	/raid/kang/DelSIEVE/simulation_results/IndelSIEVE_benchmark_pipeline_sa_205/benchmark_results/simulated_data/results/cell_names	/raid/kang/DelSIEVE/simulation_results/IndelSIEVE_benchmark_pipeline_sa_205/benchmark_results/indelsieve/from_candidate/variant_calling/mt/no_cnv/smc_mu_sa_stage_1/0002/indelsieve_median.cell_names	/raid/kang/DelSIEVE/simulation_results/IndelSIEVE_benchmark_pipeline_sa_205/benchmark_results/simulated_data/results/data_type/no_cnv/0002/true_evo_events_sites_names	/raid/kang/DelSIEVE/simulation_results/IndelSIEVE_benchmark_pipeline_sa_205/benchmark_results/indelsieve/from_candidate/variant_calling/mt/no_cnv/smc_mu_sa_stage_1/0002/indelsieve_median.loci_info	/raid/kang/DelSIEVE/simulation_results/IndelSIEVE_benchmark_pipeline_sa_205/benchmark_results/simulated_data/results/data_type/no_cnv/0002/true_evo_events_genotypes_numeric	/raid/kang/DelSIEVE/simulation_results/IndelSIEVE_benchmark_pipeline_sa_205/benchmark_results/indelsieve/from_candidate/variant_calling/mt/no_cnv/smc_mu_sa_stage_1/0002/indelsieve_median.genotypes	/raid/kang/DelSIEVE/simulation_results/IndelSIEVE_benchmark_pipeline_sa_205/benchmark_results/simulated_data/results/data_type/no_cnv/0002/true_evo_events_ternary_matrix.simple	/raid/kang/DelSIEVE/simulation_results/IndelSIEVE_benchmark_pipeline_sa_205/benchmark_results/indelsieve/from_candidate/variant_calling/mt/no_cnv/smc_mu_sa_stage_1/0002/indelsieve_median.ternary	/raid/kang/DelSIEVE/simulation_results/IndelSIEVE_benchmark_pipeline_sa_205/benchmark_results/indelsieve/from_candidate/variant_calling/mt/no_cnv/smc_mu_sa_stage_1/0002/indelsieve_median.probs	4625	74	24347	2074	0.690401552470518	0.984251968503937	0.8115458852430252	0.0030301789443511	4612	87	25609	798	0.8524953789279113	0.9814854224303045	0.9124542486892868	0.0033857409713574	4388	160	25760	798	0.8461241804859236	0.9648197009674582	0.901582083418944	0.0061728395061728	102	49	30906	49	0.6754966887417219	0.6754966887417219	0.6754966887417219	0.0015829429817476	151	74	6	43	0	0	13356	364	0.0	NA	0.0	NA	0	0	13720	0	NA	NA	0.0	NA	0	0	13647	73	0.0	NA	0.0	NA	0	0	13429	291	0.0	NA	0.0	NA	278	13	30	42	0	0	13720	0	NA	NA	0.0	NA
40	5	20	0.001999	0.3	8e-06	2e-06	0.0	0003	sieve	candidate_snvs	smc_mu_sa_stage_1	mt	no_cnv	/raid/kang/DelSIEVE/simulation_results/IndelSIEVE_benchmark_pipeline_sa_205/benchmark_results/simulated_data/results/cell_names	/raid/kang/DelSIEVE/simulation_results/IndelSIEVE_benchmark_pipeline_sa_205/benchmark_results/indelsieve/from_candidate/variant_calling/mt/no_cnv/smc_mu_sa_stage_1/0003/indelsieve_median.cell_names	/raid/kang/DelSIEVE/simulation_results/IndelSIEVE_benchmark_pipeline_sa_205/benchmark_results/simulated_data/results/data_type/no_cnv/0003/true_evo_events_sites_names	/raid/kang/DelSIEVE/simulation_results/IndelSIEVE_benchmark_pipeline_sa_205/benchmark_results/indelsieve/from_candidate/variant_calling/mt/no_cnv/smc_mu_sa_stage_1/0003/indelsieve_median.loci_info	/raid/kang/DelSIEVE/simulation_results/IndelSIEVE_benchmark_pipeline_sa_205/benchmark_results/simulated_data/results/data_type/no_cnv/0003/true_evo_events_genotypes_numeric	/raid/kang/DelSIEVE/simulation_results/IndelSIEVE_benchmark_pipeline_sa_205/benchmark_results/indelsieve/from_candidate/variant_calling/mt/no_cnv/smc_mu_sa_stage_1/0003/indelsieve_median.genotypes	/raid/kang/DelSIEVE/simulation_results/IndelSIEVE_benchmark_pipeline_sa_205/benchmark_results/simulated_data/results/data_type/no_cnv/0003/true_evo_events_ternary_matrix.simple	/raid/kang/DelSIEVE/simulation_results/IndelSIEVE_benchmark_pipeline_sa_205/benchmark_results/indelsieve/from_candidate/variant_calling/mt/no_cnv/smc_mu_sa_stage_1/0003/indelsieve_median.ternary	/raid/kang/DelSIEVE/simulation_results/IndelSIEVE_benchmark_pipeline_sa_205/benchmark_results/indelsieve/from_candidate/variant_calling/mt/no_cnv/smc_mu_sa_stage_1/0003/indelsieve_median.probs	4750	32	25797	2101	0.6933294409575245	0.9933082392304476	0.8166423106679276	0.001238917495838	4731	51	26954	936	0.8348332451032292	0.9893350062735258	0.9055412001148436	0.0018885391594149	4422	117	27184	949	0.8233103705082853	0.9742233972240582	0.8924318869828455	0.0042855573055932	153	90	32385	44	0.7766497461928934	0.6296296296296297	0.6954545454545455	0.002771362586605	197	32	4	40	0	0	11836	284	0.0	NA	0.0	NA	0	0	12117	3	0.0	NA	0.0	NA	0	0	12021	99	0.0	NA	0.0	NA	0	0	11938	182	0.0	NA	0.0	NA	163	19	26	73	0	0	12120	0	NA	NA	0.0	NA
40	5	20	0.001999	0.3	8e-06	2e-06	0.0	0004	sieve	candidate_snvs	smc_mu_sa_stage_1	mt	no_cnv	/raid/kang/DelSIEVE/simulation_results/IndelSIEVE_benchmark_pipeline_sa_205/benchmark_results/simulated_data/results/cell_names	/raid/kang/DelSIEVE/simulation_results/IndelSIEVE_benchmark_pipeline_sa_205/benchmark_results/indelsieve/from_candidate/variant_calling/mt/no_cnv/smc_mu_sa_stage_1/0004/indelsieve_median.cell_names	/raid/kang/DelSIEVE/simulation_results/IndelSIEVE_benchmark_pipeline_sa_205/benchmark_results/simulated_data/results/data_type/no_cnv/0004/true_evo_events_sites_names	/raid/kang/DelSIEVE/simulation_results/IndelSIEVE_benchmark_pipeline_sa_205/benchmark_results/indelsieve/from_candidate/variant_calling/mt/no_cnv/smc_mu_sa_stage_1/0004/indelsieve_median.loci_info	/raid/kang/DelSIEVE/simulation_results/IndelSIEVE_benchmark_pipeline_sa_205/benchmark_results/simulated_data/results/data_type/no_cnv/0004/true_evo_events_genotypes_numeric	/raid/kang/DelSIEVE/simulation_results/IndelSIEVE_benchmark_pipeline_sa_205/benchmark_results/indelsieve/from_candidate/variant_calling/mt/no_cnv/smc_mu_sa_stage_1/0004/indelsieve_median.genotypes	/raid/kang/DelSIEVE/simulation_results/IndelSIEVE_benchmark_pipeline_sa_205/benchmark_results/simulated_data/results/data_type/no_cnv/0004/true_evo_events_ternary_matrix.simple	/raid/kang/DelSIEVE/simulation_results/IndelSIEVE_benchmark_pipeline_sa_205/benchmark_results/indelsieve/from_candidate/variant_calling/mt/no_cnv/smc_mu_sa_stage_1/0004/indelsieve_median.ternary	/raid/kang/DelSIEVE/simulation_results/IndelSIEVE_benchmark_pipeline_sa_205/benchmark_results/indelsieve/from_candidate/variant_calling/mt/no_cnv/smc_mu_sa_stage_1/0004/indelsieve_median.probs	4291	75	26138	2136	0.6676520927337793	0.9828218048557033	0.7951450013897895	0.0028611757524892	4271	95	27457	807	0.8410791650256007	0.978240952817224	0.9044896230410844	0.003448025551684	3949	166	27705	810	0.829796175667157	0.9596597812879708	0.8900157764255128	0.0059560116249865	160	91	32333	46	0.7766990291262136	0.6374501992031872	0.700218818380744	0.0028065630397236	206	75	3	43	0	0	13315	405	0.0	NA	0.0	NA	0	0	13720	0	NA	NA	0.0	NA	0	0	13607	113	0.0	NA	0.0	NA	0	0	13428	292	0.0	NA	0.0	NA	272	20	28	84	0	0	13720	0	NA	NA	0.0	NA
40	5	20	0.001999	0.3	8e-06	2e-06	0.0	0005	sieve	candidate_snvs	smc_mu_sa_stage_1	mt	no_cnv	/raid/kang/DelSIEVE/simulation_results/IndelSIEVE_benchmark_pipeline_sa_205/benchmark_results/simulated_data/results/cell_names	/raid/kang/DelSIEVE/simulation_results/IndelSIEVE_benchmark_pipeline_sa_205/benchmark_results/indelsieve/from_candidate/variant_calling/mt/no_cnv/smc_mu_sa_stage_1/0005/indelsieve_median.cell_names	/raid/kang/DelSIEVE/simulation_results/IndelSIEVE_benchmark_pipeline_sa_205/benchmark_results/simulated_data/results/data_type/no_cnv/0005/true_evo_events_sites_names	/raid/kang/DelSIEVE/simulation_results/IndelSIEVE_benchmark_pipeline_sa_205/benchmark_results/indelsieve/from_candidate/variant_calling/mt/no_cnv/smc_mu_sa_stage_1/0005/indelsieve_median.loci_info	/raid/kang/DelSIEVE/simulation_results/IndelSIEVE_benchmark_pipeline_sa_205/benchmark_results/simulated_data/results/data_type/no_cnv/0005/true_evo_events_genotypes_numeric	/raid/kang/DelSIEVE/simulation_results/IndelSIEVE_benchmark_pipeline_sa_205/benchmark_results/indelsieve/from_candidate/variant_calling/mt/no_cnv/smc_mu_sa_stage_1/0005/indelsieve_median.genotypes	/raid/kang/DelSIEVE/simulation_results/IndelSIEVE_benchmark_pipeline_sa_205/benchmark_results/simulated_data/results/data_type/no_cnv/0005/true_evo_events_ternary_matrix.simple	/raid/kang/DelSIEVE/simulation_results/IndelSIEVE_benchmark_pipeline_sa_205/benchmark_results/indelsieve/from_candidate/variant_calling/mt/no_cnv/smc_mu_sa_stage_1/0005/indelsieve_median.ternary	/raid/kang/DelSIEVE/simulation_results/IndelSIEVE_benchmark_pipeline_sa_205/benchmark_results/indelsieve/from_candidate/variant_calling/mt/no_cnv/smc_mu_sa_stage_1/0005/indelsieve_median.probs	5156	62	25210	2172	0.7036026200873362	0.988118052893829	0.8219352781763112	0.0024533080088635	5145	73	26666	706	0.8793368654930781	0.9860099655040244	0.9296232722016442	0.0027300946183477	4929	125	26827	709	0.8742461865909897	0.9752671151563118	0.9219977553310886	0.004637874740279	80	84	32391	35	0.6956521739130435	0.4878048780487805	0.5734767025089605	0.0025866050808314	115	61	1	34	0	0	14387	253	0.0	NA	0.0	NA	0	0	14640	0	NA	NA	0.0	NA	0	0	14542	98	0.0	NA	0.0	NA	0	0	14485	155	0.0	NA	0.0	NA	144	11	19	79	0	0	14640	0	NA	NA	0.0	NA
40	5	20	0.001999	0.3	8e-06	2e-06	0.0	0006	sieve	candidate_snvs	smc_mu_sa_stage_1	mt	no_cnv	/raid/kang/DelSIEVE/simulation_results/IndelSIEVE_benchmark_pipeline_sa_205/benchmark_results/simulated_data/results/cell_names	/raid/kang/DelSIEVE/simulation_results/IndelSIEVE_benchmark_pipeline_sa_205/benchmark_results/indelsieve/from_candidate/variant_calling/mt/no_cnv/smc_mu_sa_stage_1/0006/indelsieve_mean.cell_names	/raid/kang/DelSIEVE/simulation_results/IndelSIEVE_benchmark_pipeline_sa_205/benchmark_results/simulated_data/results/data_type/no_cnv/0006/true_evo_events_sites_names	/raid/kang/DelSIEVE/simulation_results/IndelSIEVE_benchmark_pipeline_sa_205/benchmark_results/indelsieve/from_candidate/variant_calling/mt/no_cnv/smc_mu_sa_stage_1/0006/indelsieve_mean.loci_info	/raid/kang/DelSIEVE/simulation_results/IndelSIEVE_benchmark_pipeline_sa_205/benchmark_results/simulated_data/results/data_type/no_cnv/0006/true_evo_events_genotypes_numeric	/raid/kang/DelSIEVE/simulation_results/IndelSIEVE_benchmark_pipeline_sa_205/benchmark_results/indelsieve/from_candidate/variant_calling/mt/no_cnv/smc_mu_sa_stage_1/0006/indelsieve_mean.genotypes	/raid/kang/DelSIEVE/simulation_results/IndelSIEVE_benchmark_pipeline_sa_205/benchmark_results/simulated_data/results/data_type/no_cnv/0006/true_evo_events_ternary_matrix.simple	/raid/kang/DelSIEVE/simulation_results/IndelSIEVE_benchmark_pipeline_sa_205/benchmark_results/indelsieve/from_candidate/variant_calling/mt/no_cnv/smc_mu_sa_stage_1/0006/indelsieve_mean.ternary	/raid/kang/DelSIEVE/simulation_results/IndelSIEVE_benchmark_pipeline_sa_205/benchmark_results/indelsieve/from_candidate/variant_calling/mt/no_cnv/smc_mu_sa_stage_1/0006/indelsieve_mean.probs	6329	95	23598	2378	0.7268864132307339	0.9852117061021172	0.8365607031921222	0.004009623095429	6325	99	25240	727	0.8969086783891095	0.9845890410958904	0.9387058474324724	0.0039070207979793	5901	161	25592	737	0.8889725821030431	0.9734411085450346	0.9292913385826772	0.0062516988312041	239	123	31983	46	0.8385964912280702	0.6602209944751382	0.7387944358578054	0.0038310596150252	285	95	6	40	0	0	14114	406	0.0	NA	0.0	NA	0	0	14520	0	NA	NA	0.0	NA	0	0	14391	129	0.0	NA	0.0	NA	0	0	14243	277	0.0	NA	0.0	NA	273	3	23	106	0	0	14520	0	NA	NA	0.0	NA
40	5	20	0.001999	0.3	8e-06	2e-06	0.0	0007	sieve	candidate_snvs	smc_mu_sa_stage_1	mt	no_cnv	/raid/kang/DelSIEVE/simulation_results/IndelSIEVE_benchmark_pipeline_sa_205/benchmark_results/simulated_data/results/cell_names	/raid/kang/DelSIEVE/simulation_results/IndelSIEVE_benchmark_pipeline_sa_205/benchmark_results/indelsieve/from_candidate/variant_calling/mt/no_cnv/smc_mu_sa_stage_1/0007/indelsieve_median.cell_names	/raid/kang/DelSIEVE/simulation_results/IndelSIEVE_benchmark_pipeline_sa_205/benchmark_results/simulated_data/results/data_type/no_cnv/0007/true_evo_events_sites_names	/raid/kang/DelSIEVE/simulation_results/IndelSIEVE_benchmark_pipeline_sa_205/benchmark_results/indelsieve/from_candidate/variant_calling/mt/no_cnv/smc_mu_sa_stage_1/0007/indelsieve_median.loci_info	/raid/kang/DelSIEVE/simulation_results/IndelSIEVE_benchmark_pipeline_sa_205/benchmark_results/simulated_data/results/data_type/no_cnv/0007/true_evo_events_genotypes_numeric	/raid/kang/DelSIEVE/simulation_results/IndelSIEVE_benchmark_pipeline_sa_205/benchmark_results/indelsieve/from_candidate/variant_calling/mt/no_cnv/smc_mu_sa_stage_1/0007/indelsieve_median.genotypes	/raid/kang/DelSIEVE/simulation_results/IndelSIEVE_benchmark_pipeline_sa_205/benchmark_results/simulated_data/results/data_type/no_cnv/0007/true_evo_events_ternary_matrix.simple	/raid/kang/DelSIEVE/simulation_results/IndelSIEVE_benchmark_pipeline_sa_205/benchmark_results/indelsieve/from_candidate/variant_calling/mt/no_cnv/smc_mu_sa_stage_1/0007/indelsieve_median.ternary	/raid/kang/DelSIEVE/simulation_results/IndelSIEVE_benchmark_pipeline_sa_205/benchmark_results/indelsieve/from_candidate/variant_calling/mt/no_cnv/smc_mu_sa_stage_1/0007/indelsieve_median.probs	4344	82	26104	1990	0.6858225449952636	0.981473113420696	0.8074349442379183	0.0031314442832047	4333	93	27296	794	0.8451336063975035	0.9789877993673746	0.9071495865173244	0.0033955237504107	4147	163	27405	801	0.8381164106709782	0.9621809744779584	0.8958738388420826	0.0059126523505513	82	34	32354	46	0.640625	0.7068965517241379	0.6721311475409836	0.0010497715203161	128	82	5	41	0	0	13740	260	0.0	NA	0.0	NA	0	0	14000	0	NA	NA	0.0	NA	0	0	13949	51	0.0	NA	0.0	NA	0	0	13791	209	0.0	NA	0.0	NA	198	11	29	19	0	0	14000	0	NA	NA	0.0	NA
40	5	20	0.001999	0.3	8e-06	2e-06	0.0	0008	sieve	candidate_snvs	smc_mu_sa_stage_1	mt	no_cnv	/raid/kang/DelSIEVE/simulation_results/IndelSIEVE_benchmark_pipeline_sa_205/benchmark_results/simulated_data/results/cell_names	/raid/kang/DelSIEVE/simulation_results/IndelSIEVE_benchmark_pipeline_sa_205/benchmark_results/indelsieve/from_candidate/variant_calling/mt/no_cnv/smc_mu_sa_stage_1/0008/indelsieve_median.cell_names	/raid/kang/DelSIEVE/simulation_results/IndelSIEVE_benchmark_pipeline_sa_205/benchmark_results/simulated_data/results/data_type/no_cnv/0008/true_evo_events_sites_names	/raid/kang/DelSIEVE/simulation_results/IndelSIEVE_benchmark_pipeline_sa_205/benchmark_results/indelsieve/from_candidate/variant_calling/mt/no_cnv/smc_mu_sa_stage_1/0008/indelsieve_median.loci_info	/raid/kang/DelSIEVE/simulation_results/IndelSIEVE_benchmark_pipeline_sa_205/benchmark_results/simulated_data/results/data_type/no_cnv/0008/true_evo_events_genotypes_numeric	/raid/kang/DelSIEVE/simulation_results/IndelSIEVE_benchmark_pipeline_sa_205/benchmark_results/indelsieve/from_candidate/variant_calling/mt/no_cnv/smc_mu_sa_stage_1/0008/indelsieve_median.genotypes	/raid/kang/DelSIEVE/simulation_results/IndelSIEVE_benchmark_pipeline_sa_205/benchmark_results/simulated_data/results/data_type/no_cnv/0008/true_evo_events_ternary_matrix.simple	/raid/kang/DelSIEVE/simulation_results/IndelSIEVE_benchmark_pipeline_sa_205/benchmark_results/indelsieve/from_candidate/variant_calling/mt/no_cnv/smc_mu_sa_stage_1/0008/indelsieve_median.ternary	/raid/kang/DelSIEVE/simulation_results/IndelSIEVE_benchmark_pipeline_sa_205/benchmark_results/indelsieve/from_candidate/variant_calling/mt/no_cnv/smc_mu_sa_stage_1/0008/indelsieve_median.probs	4846	72	24356	2566	0.653804641122504	0.9853599023993492	0.7860502838605029	0.0029474373669559	4836	82	26164	746	0.8663561447509853	0.98332655551037	0.9211428571428572	0.0031242856054255	4485	151	26431	761	0.8549370949294701	0.9674288179465056	0.9077109896782029	0.0056805357008501	137	145	31490	56	0.7098445595854922	0.4858156028368794	0.5768421052631578	0.0045835308993203	193	72	6	50	0	0	13292	628	0.0	NA	0.0	NA	0	0	13905	15	0.0	NA	0.0	NA	0	0	13777	143	0.0	NA	0.0	NA	0	0	13450	470	0.0	NA	0.0	NA	460	10	19	123	0	0	13920	0	NA	NA	0.0	NA
40	5	20	0.001999	0.3	8e-06	2e-06	0.0	0009	sieve	candidate_snvs	smc_mu_sa_stage_1	mt	no_cnv	/raid/kang/DelSIEVE/simulation_results/IndelSIEVE_benchmark_pipeline_sa_205/benchmark_results/simulated_data/results/cell_names	/raid/kang/DelSIEVE/simulation_results/IndelSIEVE_benchmark_pipeline_sa_205/benchmark_results/indelsieve/from_candidate/variant_calling/mt/no_cnv/smc_mu_sa_stage_1/0009/indelsieve_median.cell_names	/raid/kang/DelSIEVE/simulation_results/IndelSIEVE_benchmark_pipeline_sa_205/benchmark_results/simulated_data/results/data_type/no_cnv/0009/true_evo_events_sites_names	/raid/kang/DelSIEVE/simulation_results/IndelSIEVE_benchmark_pipeline_sa_205/benchmark_results/indelsieve/from_candidate/variant_calling/mt/no_cnv/smc_mu_sa_stage_1/0009/indelsieve_median.loci_info	/raid/kang/DelSIEVE/simulation_results/IndelSIEVE_benchmark_pipeline_sa_205/benchmark_results/simulated_data/results/data_type/no_cnv/0009/true_evo_events_genotypes_numeric	/raid/kang/DelSIEVE/simulation_results/IndelSIEVE_benchmark_pipeline_sa_205/benchmark_results/indelsieve/from_candidate/variant_calling/mt/no_cnv/smc_mu_sa_stage_1/0009/indelsieve_median.genotypes	/raid/kang/DelSIEVE/simulation_results/IndelSIEVE_benchmark_pipeline_sa_205/benchmark_results/simulated_data/results/data_type/no_cnv/0009/true_evo_events_ternary_matrix.simple	/raid/kang/DelSIEVE/simulation_results/IndelSIEVE_benchmark_pipeline_sa_205/benchmark_results/indelsieve/from_candidate/variant_calling/mt/no_cnv/smc_mu_sa_stage_1/0009/indelsieve_median.ternary	/raid/kang/DelSIEVE/simulation_results/IndelSIEVE_benchmark_pipeline_sa_205/benchmark_results/indelsieve/from_candidate/variant_calling/mt/no_cnv/smc_mu_sa_stage_1/0009/indelsieve_median.probs	7701	78	21492	3049	0.7163720930232558	0.9899730042421904	0.8312375195639268	0.003616133518776	7677	102	23891	619	0.9253857280617164	0.9868877747782492	0.9551477449455678	0.0042512399449839	7069	205	24388	627	0.918529106029106	0.9718174319494088	0.9444221776887108	0.0083357052819908	305	200	31702	82	0.7881136950904393	0.6039603960396039	0.6838565022421524	0.0062691994232336	387	78	7	75	0	0	18068	732	0.0	NA	0.0	NA	0	0	18794	6	0.0	NA	0.0	NA	0	0	18587	213	0.0	NA	0.0	NA	0	0	18287	513	0.0	NA	0.0	NA	490	23	29	184	0	0	18800	0	NA	NA	0.0	NA
40	5	20	0.001999	0.3	8e-06	2e-06	0.0	0010	sieve	candidate_snvs	smc_mu_sa_stage_1	mt	no_cnv	/raid/kang/DelSIEVE/simulation_results/IndelSIEVE_benchmark_pipeline_sa_205/benchmark_results/simulated_data/results/cell_names	/raid/kang/DelSIEVE/simulation_results/IndelSIEVE_benchmark_pipeline_sa_205/benchmark_results/indelsieve/from_candidate/variant_calling/mt/no_cnv/smc_mu_sa_stage_1/0010/indelsieve_median.cell_names	/raid/kang/DelSIEVE/simulation_results/IndelSIEVE_benchmark_pipeline_sa_205/benchmark_results/simulated_data/results/data_type/no_cnv/0010/true_evo_events_sites_names	/raid/kang/DelSIEVE/simulation_results/IndelSIEVE_benchmark_pipeline_sa_205/benchmark_results/indelsieve/from_candidate/variant_calling/mt/no_cnv/smc_mu_sa_stage_1/0010/indelsieve_median.loci_info	/raid/kang/DelSIEVE/simulation_results/IndelSIEVE_benchmark_pipeline_sa_205/benchmark_results/simulated_data/results/data_type/no_cnv/0010/true_evo_events_genotypes_numeric	/raid/kang/DelSIEVE/simulation_results/IndelSIEVE_benchmark_pipeline_sa_205/benchmark_results/indelsieve/from_candidate/variant_calling/mt/no_cnv/smc_mu_sa_stage_1/0010/indelsieve_median.genotypes	/raid/kang/DelSIEVE/simulation_results/IndelSIEVE_benchmark_pipeline_sa_205/benchmark_results/simulated_data/results/data_type/no_cnv/0010/true_evo_events_ternary_matrix.simple	/raid/kang/DelSIEVE/simulation_results/IndelSIEVE_benchmark_pipeline_sa_205/benchmark_results/indelsieve/from_candidate/variant_calling/mt/no_cnv/smc_mu_sa_stage_1/0010/indelsieve_median.ternary	/raid/kang/DelSIEVE/simulation_results/IndelSIEVE_benchmark_pipeline_sa_205/benchmark_results/indelsieve/from_candidate/variant_calling/mt/no_cnv/smc_mu_sa_stage_1/0010/indelsieve_median.probs	4295	52	20391	2022	0.6799113503245211	0.988037727168162	0.8055138784696174	0.0025436579758352	4280	67	21673	732	0.8539505187549881	0.9845870715435932	0.914627631157175	0.003081876724931	4016	164	21834	738	0.8447623054270088	0.9607655502392344	0.899037385269756	0.0074552232021092	69	98	26530	55	0.5564516129032258	0.4131736526946107	0.4742268041237112	0.0036803364879074	124	52	12	43	0	0	10648	392	0.0	NA	0.0	NA	0	0	11040	0	NA	NA	0.0	NA	0	0	10906	134	0.0	NA	0.0	NA	0	0	10782	258	0.0	NA	0.0	NA	243	15	54	80	0	0	11040	0	NA	NA	0.0	NA
40	5	20	0.001999	0.3	8e-06	2e-06	0.0	0001	indelsieve	candidate_snvs	smc_mudel_sa_stage_1	mt	no_cnv	/raid/kang/DelSIEVE/simulation_results/IndelSIEVE_benchmark_pipeline_sa_205/benchmark_results/simulated_data/results/cell_names	/raid/kang/DelSIEVE/simulation_results/IndelSIEVE_benchmark_pipeline_sa_205/benchmark_results/indelsieve/from_candidate/variant_calling/mt/no_cnv/smc_mudel_sa_stage_1/0001/indelsieve_median.cell_names	/raid/kang/DelSIEVE/simulation_results/IndelSIEVE_benchmark_pipeline_sa_205/benchmark_results/simulated_data/results/data_type/no_cnv/0001/true_evo_events_sites_names	/raid/kang/DelSIEVE/simulation_results/IndelSIEVE_benchmark_pipeline_sa_205/benchmark_results/indelsieve/from_candidate/variant_calling/mt/no_cnv/smc_mudel_sa_stage_1/0001/indelsieve_median.loci_info	/raid/kang/DelSIEVE/simulation_results/IndelSIEVE_benchmark_pipeline_sa_205/benchmark_results/simulated_data/results/data_type/no_cnv/0001/true_evo_events_genotypes_numeric	/raid/kang/DelSIEVE/simulation_results/IndelSIEVE_benchmark_pipeline_sa_205/benchmark_results/indelsieve/from_candidate/variant_calling/mt/no_cnv/smc_mudel_sa_stage_1/0001/indelsieve_median.genotypes	/raid/kang/DelSIEVE/simulation_results/IndelSIEVE_benchmark_pipeline_sa_205/benchmark_results/simulated_data/results/data_type/no_cnv/0001/true_evo_events_ternary_matrix.simple	/raid/kang/DelSIEVE/simulation_results/IndelSIEVE_benchmark_pipeline_sa_205/benchmark_results/indelsieve/from_candidate/variant_calling/mt/no_cnv/smc_mudel_sa_stage_1/0001/indelsieve_median.ternary	/raid/kang/DelSIEVE/simulation_results/IndelSIEVE_benchmark_pipeline_sa_205/benchmark_results/indelsieve/from_candidate/variant_calling/mt/no_cnv/smc_mudel_sa_stage_1/0001/indelsieve_median.probs	6331	161	20657	2211	0.7411613205338329	0.975200246457178	0.8422242916056938	0.00773369199731	6164	92	22548	543	0.9190398091546146	0.9852941176470588	0.9510144256730696	0.0040636042402826	5716	190	22888	553	0.9117881639814962	0.9678293261090416	0.9389733059548252	0.0082329491290406	213	77	28991	66	0.7634408602150538	0.7344827586206897	0.7486818980667839	0.0026489610568322	279	73	4	62	205	91	15288	416	0.3301127214170692	0.6925675675675675	0.0059171597633136	0.4471101417666303	0	0	15999	1	0.0	NA	0.0	NA	57	3	15838	102	0.3584905660377358	0.95	0.0001893819834606	0.5205479452054794	147	89	15450	314	0.3188720173535792	0.6228813559322034	0.0057275242937125	0.4218077474892396	295	18	37	65	0	0	16000	0	NA	NA	0.0	NA
40	5	20	0.001999	0.3	8e-06	2e-06	0.0	0002	indelsieve	candidate_snvs	smc_mudel_sa_stage_1	mt	no_cnv	/raid/kang/DelSIEVE/simulation_results/IndelSIEVE_benchmark_pipeline_sa_205/benchmark_results/simulated_data/results/cell_names	/raid/kang/DelSIEVE/simulation_results/IndelSIEVE_benchmark_pipeline_sa_205/benchmark_results/indelsieve/from_candidate/variant_calling/mt/no_cnv/smc_mudel_sa_stage_1/0002/indelsieve_median.cell_names	/raid/kang/DelSIEVE/simulation_results/IndelSIEVE_benchmark_pipeline_sa_205/benchmark_results/simulated_data/results/data_type/no_cnv/0002/true_evo_events_sites_names	/raid/kang/DelSIEVE/simulation_results/IndelSIEVE_benchmark_pipeline_sa_205/benchmark_results/indelsieve/from_candidate/variant_calling/mt/no_cnv/smc_mudel_sa_stage_1/0002/indelsieve_median.loci_info	/raid/kang/DelSIEVE/simulation_results/IndelSIEVE_benchmark_pipeline_sa_205/benchmark_results/simulated_data/results/data_type/no_cnv/0002/true_evo_events_genotypes_numeric	/raid/kang/DelSIEVE/simulation_results/IndelSIEVE_benchmark_pipeline_sa_205/benchmark_results/indelsieve/from_candidate/variant_calling/mt/no_cnv/smc_mudel_sa_stage_1/0002/indelsieve_median.genotypes	/raid/kang/DelSIEVE/simulation_results/IndelSIEVE_benchmark_pipeline_sa_205/benchmark_results/simulated_data/results/data_type/no_cnv/0002/true_evo_events_ternary_matrix.simple	/raid/kang/DelSIEVE/simulation_results/IndelSIEVE_benchmark_pipeline_sa_205/benchmark_results/indelsieve/from_candidate/variant_calling/mt/no_cnv/smc_mudel_sa_stage_1/0002/indelsieve_median.ternary	/raid/kang/DelSIEVE/simulation_results/IndelSIEVE_benchmark_pipeline_sa_205/benchmark_results/indelsieve/from_candidate/variant_calling/mt/no_cnv/smc_mudel_sa_stage_1/0002/indelsieve_median.probs	4746	102	24319	1953	0.7084639498432602	0.978960396039604	0.822031696544557	0.004176733139511	4607	90	25606	803	0.8515711645101663	0.9808388332978496	0.9116453942811912	0.0035024906600249	4381	148	25772	805	0.8447743925954493	0.9673217045705452	0.9019042717447248	0.0057098765432098	102	19	30936	49	0.6754966887417219	0.8429752066115702	0.75	0.0006137942174123	151	77	6	43	170	28	13328	194	0.467032967032967	0.8585858585858586	0.0020964360587002	0.6049822064056939	0	0	13720	0	NA	NA	0.0	NA	45	2	13645	28	0.6164383561643836	0.9574468085106383	0.0001465523558291	0.7500000000000001	125	26	13403	166	0.4295532646048109	0.8278145695364238	0.0019361084220716	0.5656108597285068	153	13	15	12	0	0	13720	0	NA	NA	0.0	NA
40	5	20	0.001999	0.3	8e-06	2e-06	0.0	0003	indelsieve	candidate_snvs	smc_mudel_sa_stage_1	mt	no_cnv	/raid/kang/DelSIEVE/simulation_results/IndelSIEVE_benchmark_pipeline_sa_205/benchmark_results/simulated_data/results/cell_names	/raid/kang/DelSIEVE/simulation_results/IndelSIEVE_benchmark_pipeline_sa_205/benchmark_results/indelsieve/from_candidate/variant_calling/mt/no_cnv/smc_mudel_sa_stage_1/0003/indelsieve_median.cell_names	/raid/kang/DelSIEVE/simulation_results/IndelSIEVE_benchmark_pipeline_sa_205/benchmark_results/simulated_data/results/data_type/no_cnv/0003/true_evo_events_sites_names	/raid/kang/DelSIEVE/simulation_results/IndelSIEVE_benchmark_pipeline_sa_205/benchmark_results/indelsieve/from_candidate/variant_calling/mt/no_cnv/smc_mudel_sa_stage_1/0003/indelsieve_median.loci_info	/raid/kang/DelSIEVE/simulation_results/IndelSIEVE_benchmark_pipeline_sa_205/benchmark_results/simulated_data/results/data_type/no_cnv/0003/true_evo_events_genotypes_numeric	/raid/kang/DelSIEVE/simulation_results/IndelSIEVE_benchmark_pipeline_sa_205/benchmark_results/indelsieve/from_candidate/variant_calling/mt/no_cnv/smc_mudel_sa_stage_1/0003/indelsieve_median.genotypes	/raid/kang/DelSIEVE/simulation_results/IndelSIEVE_benchmark_pipeline_sa_205/benchmark_results/simulated_data/results/data_type/no_cnv/0003/true_evo_events_ternary_matrix.simple	/raid/kang/DelSIEVE/simulation_results/IndelSIEVE_benchmark_pipeline_sa_205/benchmark_results/indelsieve/from_candidate/variant_calling/mt/no_cnv/smc_mudel_sa_stage_1/0003/indelsieve_median.ternary	/raid/kang/DelSIEVE/simulation_results/IndelSIEVE_benchmark_pipeline_sa_205/benchmark_results/indelsieve/from_candidate/variant_calling/mt/no_cnv/smc_mudel_sa_stage_1/0003/indelsieve_median.probs	4806	103	25726	2045	0.7015034301561816	0.9790181299653696	0.8173469387755102	0.0039877656897286	4732	50	26955	935	0.8350097053114522	0.9895441237975744	0.9057326059910038	0.0018515089798185	4423	113	27188	948	0.8234965555762428	0.9750881834215168	0.8929040072675887	0.0041390425259148	153	50	32425	44	0.7766497461928934	0.7536945812807881	0.7650000000000001	0.0015396458814472	197	32	4	40	96	74	11762	188	0.3380281690140845	0.5647058823529412	0.0062521122000675	0.4229074889867841	0	10	12107	3	0.0	0.0	0.0008252867871585	NA	43	0	12021	56	0.4343434343434343	1.0	0.0	0.6056338028169015	50	67	11871	132	0.2747252747252747	0.4273504273504273	0.0056123303735969	0.3344481605351171	114	18	23	33	0	0	12120	0	NA	NA	0.0	NA
40	5	20	0.001999	0.3	8e-06	2e-06	0.0	0004	indelsieve	candidate_snvs	smc_mudel_sa_stage_1	mt	no_cnv	/raid/kang/DelSIEVE/simulation_results/IndelSIEVE_benchmark_pipeline_sa_205/benchmark_results/simulated_data/results/cell_names	/raid/kang/DelSIEVE/simulation_results/IndelSIEVE_benchmark_pipeline_sa_205/benchmark_results/indelsieve/from_candidate/variant_calling/mt/no_cnv/smc_mudel_sa_stage_1/0004/indelsieve_median.cell_names	/raid/kang/DelSIEVE/simulation_results/IndelSIEVE_benchmark_pipeline_sa_205/benchmark_results/simulated_data/results/data_type/no_cnv/0004/true_evo_events_sites_names	/raid/kang/DelSIEVE/simulation_results/IndelSIEVE_benchmark_pipeline_sa_205/benchmark_results/indelsieve/from_candidate/variant_calling/mt/no_cnv/smc_mudel_sa_stage_1/0004/indelsieve_median.loci_info	/raid/kang/DelSIEVE/simulation_results/IndelSIEVE_benchmark_pipeline_sa_205/benchmark_results/simulated_data/results/data_type/no_cnv/0004/true_evo_events_genotypes_numeric	/raid/kang/DelSIEVE/simulation_results/IndelSIEVE_benchmark_pipeline_sa_205/benchmark_results/indelsieve/from_candidate/variant_calling/mt/no_cnv/smc_mudel_sa_stage_1/0004/indelsieve_median.genotypes	/raid/kang/DelSIEVE/simulation_results/IndelSIEVE_benchmark_pipeline_sa_205/benchmark_results/simulated_data/results/data_type/no_cnv/0004/true_evo_events_ternary_matrix.simple	/raid/kang/DelSIEVE/simulation_results/IndelSIEVE_benchmark_pipeline_sa_205/benchmark_results/indelsieve/from_candidate/variant_calling/mt/no_cnv/smc_mudel_sa_stage_1/0004/indelsieve_median.ternary	/raid/kang/DelSIEVE/simulation_results/IndelSIEVE_benchmark_pipeline_sa_205/benchmark_results/indelsieve/from_candidate/variant_calling/mt/no_cnv/smc_mudel_sa_stage_1/0004/indelsieve_median.probs	4452	179	26034	1975	0.6927026606503812	0.9613474411574174	0.8052088985349973	0.0068286727959409	4269	88	27464	809	0.8406853091768413	0.9798026164792288	0.9049284578696344	0.0031939605110336	3937	142	27729	822	0.8272746375288926	0.9651875459671488	0.8909255487666894	0.0050949015105306	162	23	32401	44	0.7864077669902912	0.8756756756756757	0.8286445012787724	0.0007093510979521	206	75	3	41	247	120	13195	158	0.6098765432098765	0.6730245231607629	0.0090123920390536	0.6398963730569948	0	0	13720	0	NA	NA	0.0	NA	78	15	13592	35	0.6902654867256637	0.8387096774193549	0.0011023737782023	0.7572815533980582	163	111	13317	129	0.5582191780821918	0.5948905109489051	0.008266309204647	0.5759717314487632	116	10	16	16	0	0	13720	0	NA	NA	0.0	NA
40	5	20	0.001999	0.3	8e-06	2e-06	0.0	0005	indelsieve	candidate_snvs	smc_mudel_sa_stage_1	mt	no_cnv	/raid/kang/DelSIEVE/simulation_results/IndelSIEVE_benchmark_pipeline_sa_205/benchmark_results/simulated_data/results/cell_names	/raid/kang/DelSIEVE/simulation_results/IndelSIEVE_benchmark_pipeline_sa_205/benchmark_results/indelsieve/from_candidate/variant_calling/mt/no_cnv/smc_mudel_sa_stage_1/0005/indelsieve_mean.cell_names	/raid/kang/DelSIEVE/simulation_results/IndelSIEVE_benchmark_pipeline_sa_205/benchmark_results/simulated_data/results/data_type/no_cnv/0005/true_evo_events_sites_names	/raid/kang/DelSIEVE/simulation_results/IndelSIEVE_benchmark_pipeline_sa_205/benchmark_results/indelsieve/from_candidate/variant_calling/mt/no_cnv/smc_mudel_sa_stage_1/0005/indelsieve_mean.loci_info	/raid/kang/DelSIEVE/simulation_results/IndelSIEVE_benchmark_pipeline_sa_205/benchmark_results/simulated_data/results/data_type/no_cnv/0005/true_evo_events_genotypes_numeric	/raid/kang/DelSIEVE/simulation_results/IndelSIEVE_benchmark_pipeline_sa_205/benchmark_results/indelsieve/from_candidate/variant_calling/mt/no_cnv/smc_mudel_sa_stage_1/0005/indelsieve_mean.genotypes	/raid/kang/DelSIEVE/simulation_results/IndelSIEVE_benchmark_pipeline_sa_205/benchmark_results/simulated_data/results/data_type/no_cnv/0005/true_evo_events_ternary_matrix.simple	/raid/kang/DelSIEVE/simulation_results/IndelSIEVE_benchmark_pipeline_sa_205/benchmark_results/indelsieve/from_candidate/variant_calling/mt/no_cnv/smc_mudel_sa_stage_1/0005/indelsieve_mean.ternary	/raid/kang/DelSIEVE/simulation_results/IndelSIEVE_benchmark_pipeline_sa_205/benchmark_results/indelsieve/from_candidate/variant_calling/mt/no_cnv/smc_mudel_sa_stage_1/0005/indelsieve_mean.probs	5183	136	25136	2145	0.7072871179039302	0.974431284075954	0.8196410215861469	0.0053814498258942	5142	69	26670	709	0.8788241326269014	0.9867587795048935	0.9296691375881396	0.0025805003926848	4928	121	26821	720	0.8725212464589235	0.9760348583877996	0.9213798261194728	0.0044911290921238	70	8	32477	35	0.6666666666666666	0.8974358974358975	0.7650273224043715	0.0002462675080806	105	58	1	34	103	89	14298	150	0.4071146245059288	0.5364583333333334	0.0061861402655174	0.4629213483146067	0	0	14640	0	NA	NA	0.0	NA	73	11	14531	25	0.7448979591836735	0.8690476190476191	0.0007564296520423	0.8021978021978022	30	78	14407	125	0.1935483870967742	0.2777777777777778	0.0053848809112875	0.2281368821292775	115	10	19	6	0	0	14640	0	NA	NA	0.0	NA
40	5	20	0.001999	0.3	8e-06	2e-06	0.0	0006	indelsieve	candidate_snvs	smc_mudel_sa_stage_1	mt	no_cnv	/raid/kang/DelSIEVE/simulation_results/IndelSIEVE_benchmark_pipeline_sa_205/benchmark_results/simulated_data/results/cell_names	/raid/kang/DelSIEVE/simulation_results/IndelSIEVE_benchmark_pipeline_sa_205/benchmark_results/indelsieve/from_candidate/variant_calling/mt/no_cnv/smc_mudel_sa_stage_1/0006/indelsieve_median.cell_names	/raid/kang/DelSIEVE/simulation_results/IndelSIEVE_benchmark_pipeline_sa_205/benchmark_results/simulated_data/results/data_type/no_cnv/0006/true_evo_events_sites_names	/raid/kang/DelSIEVE/simulation_results/IndelSIEVE_benchmark_pipeline_sa_205/benchmark_results/indelsieve/from_candidate/variant_calling/mt/no_cnv/smc_mudel_sa_stage_1/0006/indelsieve_median.loci_info	/raid/kang/DelSIEVE/simulation_results/IndelSIEVE_benchmark_pipeline_sa_205/benchmark_results/simulated_data/results/data_type/no_cnv/0006/true_evo_events_genotypes_numeric	/raid/kang/DelSIEVE/simulation_results/IndelSIEVE_benchmark_pipeline_sa_205/benchmark_results/indelsieve/from_candidate/variant_calling/mt/no_cnv/smc_mudel_sa_stage_1/0006/indelsieve_median.genotypes	/raid/kang/DelSIEVE/simulation_results/IndelSIEVE_benchmark_pipeline_sa_205/benchmark_results/simulated_data/results/data_type/no_cnv/0006/true_evo_events_ternary_matrix.simple	/raid/kang/DelSIEVE/simulation_results/IndelSIEVE_benchmark_pipeline_sa_205/benchmark_results/indelsieve/from_candidate/variant_calling/mt/no_cnv/smc_mudel_sa_stage_1/0006/indelsieve_median.ternary	/raid/kang/DelSIEVE/simulation_results/IndelSIEVE_benchmark_pipeline_sa_205/benchmark_results/indelsieve/from_candidate/variant_calling/mt/no_cnv/smc_mudel_sa_stage_1/0006/indelsieve_median.probs	6460	194	23499	2247	0.7419317790283679	0.9708446047490232	0.8410910747998177	0.008188072426455	6322	98	25241	730	0.896483267158253	0.9847352024922118	0.9385391923990498	0.0038675559414341	5896	149	25603	743	0.8880855550534719	0.97535153019024	0.9296751813308104	0.0057859583721652	239	23	32084	45	0.8415492957746479	0.9122137404580152	0.8754578754578755	0.0007163546890086	284	94	6	39	242	105	14009	164	0.5960591133004927	0.6974063400576369	0.0074394218506447	0.6427622841965471	0	0	14520	0	NA	NA	0.0	NA	109	4	14387	20	0.8449612403100775	0.9646017699115044	0.0002779514974636	0.9008264462809916	132	102	14141	145	0.4765342960288808	0.5641025641025641	0.0071614126237449	0.5166340508806263	141	3	13	7	0	0	14520	0	NA	NA	0.0	NA
40	5	20	0.001999	0.3	8e-06	2e-06	0.0	0007	indelsieve	candidate_snvs	smc_mudel_sa_stage_1	mt	no_cnv	/raid/kang/DelSIEVE/simulation_results/IndelSIEVE_benchmark_pipeline_sa_205/benchmark_results/simulated_data/results/cell_names	/raid/kang/DelSIEVE/simulation_results/IndelSIEVE_benchmark_pipeline_sa_205/benchmark_results/indelsieve/from_candidate/variant_calling/mt/no_cnv/smc_mudel_sa_stage_1/0007/indelsieve_median.cell_names	/raid/kang/DelSIEVE/simulation_results/IndelSIEVE_benchmark_pipeline_sa_205/benchmark_results/simulated_data/results/data_type/no_cnv/0007/true_evo_events_sites_names	/raid/kang/DelSIEVE/simulation_results/IndelSIEVE_benchmark_pipeline_sa_205/benchmark_results/indelsieve/from_candidate/variant_calling/mt/no_cnv/smc_mudel_sa_stage_1/0007/indelsieve_median.loci_info	/raid/kang/DelSIEVE/simulation_results/IndelSIEVE_benchmark_pipeline_sa_205/benchmark_results/simulated_data/results/data_type/no_cnv/0007/true_evo_events_genotypes_numeric	/raid/kang/DelSIEVE/simulation_results/IndelSIEVE_benchmark_pipeline_sa_205/benchmark_results/indelsieve/from_candidate/variant_calling/mt/no_cnv/smc_mudel_sa_stage_1/0007/indelsieve_median.genotypes	/raid/kang/DelSIEVE/simulation_results/IndelSIEVE_benchmark_pipeline_sa_205/benchmark_results/simulated_data/results/data_type/no_cnv/0007/true_evo_events_ternary_matrix.simple	/raid/kang/DelSIEVE/simulation_results/IndelSIEVE_benchmark_pipeline_sa_205/benchmark_results/indelsieve/from_candidate/variant_calling/mt/no_cnv/smc_mudel_sa_stage_1/0007/indelsieve_median.ternary	/raid/kang/DelSIEVE/simulation_results/IndelSIEVE_benchmark_pipeline_sa_205/benchmark_results/indelsieve/from_candidate/variant_calling/mt/no_cnv/smc_mudel_sa_stage_1/0007/indelsieve_median.probs	4421	117	26069	1913	0.6979791600884118	0.9742177170559718	0.8132818248712289	0.0044680363553043	4333	93	27296	794	0.8451336063975035	0.9789877993673746	0.9071495865173244	0.0033955237504107	4147	157	27411	801	0.8381164106709782	0.9635223048327136	0.8964548205793342	0.0056950087057457	82	15	32373	46	0.640625	0.845360824742268	0.7288888888888888	0.0004631344942571	128	82	5	41	102	35	13705	158	0.3923076923076923	0.7445255474452555	0.0025473071324599	0.5138539042821159	0	0	14000	0	NA	NA	0.0	NA	25	0	13949	26	0.4901960784313725	1.0	0.0	0.6578947368421052	75	37	13754	134	0.3588516746411483	0.6696428571428571	0.0026829091436444	0.4672897196261681	123	11	23	0	0	0	14000	0	NA	NA	0.0	NA
40	5	20	0.001999	0.3	8e-06	2e-06	0.0	0008	indelsieve	candidate_snvs	smc_mudel_sa_stage_1	mt	no_cnv	/raid/kang/DelSIEVE/simulation_results/IndelSIEVE_benchmark_pipeline_sa_205/benchmark_results/simulated_data/results/cell_names	/raid/kang/DelSIEVE/simulation_results/IndelSIEVE_benchmark_pipeline_sa_205/benchmark_results/indelsieve/from_candidate/variant_calling/mt/no_cnv/smc_mudel_sa_stage_1/0008/indelsieve_median.cell_names	/raid/kang/DelSIEVE/simulation_results/IndelSIEVE_benchmark_pipeline_sa_205/benchmark_results/simulated_data/results/data_type/no_cnv/0008/true_evo_events_sites_names	/raid/kang/DelSIEVE/simulation_results/IndelSIEVE_benchmark_pipeline_sa_205/benchmark_results/indelsieve/from_candidate/variant_calling/mt/no_cnv/smc_mudel_sa_stage_1/0008/indelsieve_median.loci_info	/raid/kang/DelSIEVE/simulation_results/IndelSIEVE_benchmark_pipeline_sa_205/benchmark_results/simulated_data/results/data_type/no_cnv/0008/true_evo_events_genotypes_numeric	/raid/kang/DelSIEVE/simulation_results/IndelSIEVE_benchmark_pipeline_sa_205/benchmark_results/indelsieve/from_candidate/variant_calling/mt/no_cnv/smc_mudel_sa_stage_1/0008/indelsieve_median.genotypes	/raid/kang/DelSIEVE/simulation_results/IndelSIEVE_benchmark_pipeline_sa_205/benchmark_results/simulated_data/results/data_type/no_cnv/0008/true_evo_events_ternary_matrix.simple	/raid/kang/DelSIEVE/simulation_results/IndelSIEVE_benchmark_pipeline_sa_205/benchmark_results/indelsieve/from_candidate/variant_calling/mt/no_cnv/smc_mudel_sa_stage_1/0008/indelsieve_median.ternary	/raid/kang/DelSIEVE/simulation_results/IndelSIEVE_benchmark_pipeline_sa_205/benchmark_results/indelsieve/from_candidate/variant_calling/mt/no_cnv/smc_mudel_sa_stage_1/0008/indelsieve_median.probs	5138	147	24281	2274	0.693200215866163	0.9721854304635762	0.809325037410412	0.0060176846242017	4826	74	26172	756	0.8645646721605159	0.9848979591836736	0.9208166380461744	0.0028194772536767	4473	134	26447	774	0.8524871355060034	0.9709138267853268	0.9078546783032272	0.0050411948384184	139	26	31610	53	0.7239583333333334	0.8424242424242424	0.7787114845938375	0.0008218485269945	192	67	6	47	430	83	13209	198	0.6847133757961783	0.8382066276803118	0.0062443575082756	0.7537248028045572	12	0	13905	3	0.8	1.0	0.0	0.888888888888889	126	2	13775	17	0.8811188811188811	0.984375	0.0001451694853741	0.9298892988929888	289	84	13366	181	0.6148936170212767	0.774798927613941	0.0062453531598513	0.6856465005931199	174	7	13	3	0	0	13920	0	NA	NA	0.0	NA
40	5	20	0.001999	0.3	8e-06	2e-06	0.0	0009	indelsieve	candidate_snvs	smc_mudel_sa_stage_1	mt	no_cnv	/raid/kang/DelSIEVE/simulation_results/IndelSIEVE_benchmark_pipeline_sa_205/benchmark_results/simulated_data/results/cell_names	/raid/kang/DelSIEVE/simulation_results/IndelSIEVE_benchmark_pipeline_sa_205/benchmark_results/indelsieve/from_candidate/variant_calling/mt/no_cnv/smc_mudel_sa_stage_1/0009/indelsieve_median.cell_names	/raid/kang/DelSIEVE/simulation_results/IndelSIEVE_benchmark_pipeline_sa_205/benchmark_results/simulated_data/results/data_type/no_cnv/0009/true_evo_events_sites_names	/raid/kang/DelSIEVE/simulation_results/IndelSIEVE_benchmark_pipeline_sa_205/benchmark_results/indelsieve/from_candidate/variant_calling/mt/no_cnv/smc_mudel_sa_stage_1/0009/indelsieve_median.loci_info	/raid/kang/DelSIEVE/simulation_results/IndelSIEVE_benchmark_pipeline_sa_205/benchmark_results/simulated_data/results/data_type/no_cnv/0009/true_evo_events_genotypes_numeric	/raid/kang/DelSIEVE/simulation_results/IndelSIEVE_benchmark_pipeline_sa_205/benchmark_results/indelsieve/from_candidate/variant_calling/mt/no_cnv/smc_mudel_sa_stage_1/0009/indelsieve_median.genotypes	/raid/kang/DelSIEVE/simulation_results/IndelSIEVE_benchmark_pipeline_sa_205/benchmark_results/simulated_data/results/data_type/no_cnv/0009/true_evo_events_ternary_matrix.simple	/raid/kang/DelSIEVE/simulation_results/IndelSIEVE_benchmark_pipeline_sa_205/benchmark_results/indelsieve/from_candidate/variant_calling/mt/no_cnv/smc_mudel_sa_stage_1/0009/indelsieve_median.ternary	/raid/kang/DelSIEVE/simulation_results/IndelSIEVE_benchmark_pipeline_sa_205/benchmark_results/indelsieve/from_candidate/variant_calling/mt/no_cnv/smc_mudel_sa_stage_1/0009/indelsieve_median.probs	7820	327	21243	2930	0.7274418604651163	0.9598625260832208	0.8276445996719056	0.0151599443671766	7668	100	23893	628	0.9243008678881388	0.9871266735324408	0.9546812749003982	0.0041678822990038	7046	199	24394	650	0.9155405405405406	0.9725327812284336	0.9431764942105616	0.0080917334200788	304	33	31869	83	0.7855297157622739	0.9020771513353116	0.8397790055248618	0.0010344179048335	387	80	7	76	300	265	17803	432	0.4098360655737705	0.5309734513274337	0.0146668142572503	0.4626060138781804	0	0	18794	6	0.0	NA	0.0	NA	166	20	18567	47	0.7793427230046949	0.8924731182795699	0.0010760208748049	0.8320802005012532	128	251	18036	385	0.2495126705653021	0.337730870712401	0.0137255974189314	0.2869955156950672	366	14	29	18	0	0	18800	0	NA	NA	0.0	NA
40	5	20	0.001999	0.3	8e-06	2e-06	0.0	0010	indelsieve	candidate_snvs	smc_mudel_sa_stage_1	mt	no_cnv	/raid/kang/DelSIEVE/simulation_results/IndelSIEVE_benchmark_pipeline_sa_205/benchmark_results/simulated_data/results/cell_names	/raid/kang/DelSIEVE/simulation_results/IndelSIEVE_benchmark_pipeline_sa_205/benchmark_results/indelsieve/from_candidate/variant_calling/mt/no_cnv/smc_mudel_sa_stage_1/0010/indelsieve_median.cell_names	/raid/kang/DelSIEVE/simulation_results/IndelSIEVE_benchmark_pipeline_sa_205/benchmark_results/simulated_data/results/data_type/no_cnv/0010/true_evo_events_sites_names	/raid/kang/DelSIEVE/simulation_results/IndelSIEVE_benchmark_pipeline_sa_205/benchmark_results/indelsieve/from_candidate/variant_calling/mt/no_cnv/smc_mudel_sa_stage_1/0010/indelsieve_median.loci_info	/raid/kang/DelSIEVE/simulation_results/IndelSIEVE_benchmark_pipeline_sa_205/benchmark_results/simulated_data/results/data_type/no_cnv/0010/true_evo_events_genotypes_numeric	/raid/kang/DelSIEVE/simulation_results/IndelSIEVE_benchmark_pipeline_sa_205/benchmark_results/indelsieve/from_candidate/variant_calling/mt/no_cnv/smc_mudel_sa_stage_1/0010/indelsieve_median.genotypes	/raid/kang/DelSIEVE/simulation_results/IndelSIEVE_benchmark_pipeline_sa_205/benchmark_results/simulated_data/results/data_type/no_cnv/0010/true_evo_events_ternary_matrix.simple	/raid/kang/DelSIEVE/simulation_results/IndelSIEVE_benchmark_pipeline_sa_205/benchmark_results/indelsieve/from_candidate/variant_calling/mt/no_cnv/smc_mudel_sa_stage_1/0010/indelsieve_median.ternary	/raid/kang/DelSIEVE/simulation_results/IndelSIEVE_benchmark_pipeline_sa_205/benchmark_results/indelsieve/from_candidate/variant_calling/mt/no_cnv/smc_mudel_sa_stage_1/0010/indelsieve_median.probs	4435	108	20335	1882	0.7020737691942378	0.9762271626678406	0.8167587476979743	0.0052829819498116	4282	65	21675	730	0.8543495610534717	0.9850471589602025	0.9150550272465008	0.0029898804047838	4017	120	21878	737	0.8449726546066471	0.9709934735315446	0.903610392531774	0.005455041367397	69	25	26603	55	0.5564516129032258	0.7340425531914894	0.6330275229357798	0.0009388613489559	124	52	12	43	256	56	10592	136	0.6530612244897959	0.8205128205128205	0.005259203606311	0.7272727272727272	0	0	11040	0	NA	NA	0.0	NA	116	0	10906	18	0.8656716417910447	1.0	0.0	0.928	140	56	10726	118	0.5426356589147286	0.7142857142857143	0.0051938415878315	0.6167400881057268	105	13	12	6	0	0	11040	0	NA	NA	0.0	NA
40	5	20	0.001999	0.3	8e-06	2e-06	0.0	0001	sieve	candidate_snvs	smc_mu_sa_stage_1-smc_mu_sa_stage_2	mt	no_cnv	/raid/kang/DelSIEVE/simulation_results/IndelSIEVE_benchmark_pipeline_sa_205/benchmark_results/simulated_data/results/cell_names	/raid/kang/DelSIEVE/simulation_results/IndelSIEVE_benchmark_pipeline_sa_205/benchmark_results/indelsieve/from_candidate/variant_calling/stage2/mt/no_cnv/smc_mu_sa_stage_1-smc_mu_sa_stage_2/0001/indelsieve_median.cell_names	/raid/kang/DelSIEVE/simulation_results/IndelSIEVE_benchmark_pipeline_sa_205/benchmark_results/simulated_data/results/data_type/no_cnv/0001/true_evo_events_sites_names	/raid/kang/DelSIEVE/simulation_results/IndelSIEVE_benchmark_pipeline_sa_205/benchmark_results/indelsieve/from_candidate/variant_calling/stage2/mt/no_cnv/smc_mu_sa_stage_1-smc_mu_sa_stage_2/0001/indelsieve_median.loci_info	/raid/kang/DelSIEVE/simulation_results/IndelSIEVE_benchmark_pipeline_sa_205/benchmark_results/simulated_data/results/data_type/no_cnv/0001/true_evo_events_genotypes_numeric	/raid/kang/DelSIEVE/simulation_results/IndelSIEVE_benchmark_pipeline_sa_205/benchmark_results/indelsieve/from_candidate/variant_calling/stage2/mt/no_cnv/smc_mu_sa_stage_1-smc_mu_sa_stage_2/0001/indelsieve_median.genotypes	/raid/kang/DelSIEVE/simulation_results/IndelSIEVE_benchmark_pipeline_sa_205/benchmark_results/simulated_data/results/data_type/no_cnv/0001/true_evo_events_ternary_matrix.simple	/raid/kang/DelSIEVE/simulation_results/IndelSIEVE_benchmark_pipeline_sa_205/benchmark_results/indelsieve/from_candidate/variant_calling/stage2/mt/no_cnv/smc_mu_sa_stage_1-smc_mu_sa_stage_2/0001/indelsieve_median.ternary	/raid/kang/DelSIEVE/simulation_results/IndelSIEVE_benchmark_pipeline_sa_205/benchmark_results/indelsieve/from_candidate/variant_calling/stage2/mt/no_cnv/smc_mu_sa_stage_1-smc_mu_sa_stage_2/0001/indelsieve_median.probs	6209	103	20715	2333	0.7268789510653243	0.983681875792142	0.8360037700282753	0.0049476414641175	6182	130	22510	525	0.9217235723870584	0.979404309252218	0.9496889161994008	0.0057420494699646	5739	251	22827	530	0.91545701068751	0.9580968280467446	0.9362917040541642	0.0108761591125747	216	106	28962	63	0.7741935483870968	0.6708074534161491	0.718801996672213	0.0036466217146002	279	103	4	59	0	0	15379	621	0.0	NA	0.0	NA	0	0	15999	1	0.0	NA	0.0	NA	0	0	15841	159	0.0	NA	0.0	NA	0	0	15539	461	0.0	NA	0.0	NA	434	26	63	96	0	0	16000	0	NA	NA	0.0	NA
40	5	20	0.001999	0.3	8e-06	2e-06	0.0	0001	indelsieve	candidate_snvs	smc_mudel_sa_stage_1-smc_mudel_sa_stage_2	mt	no_cnv	/raid/kang/DelSIEVE/simulation_results/IndelSIEVE_benchmark_pipeline_sa_205/benchmark_results/simulated_data/results/cell_names	/raid/kang/DelSIEVE/simulation_results/IndelSIEVE_benchmark_pipeline_sa_205/benchmark_results/indelsieve/from_candidate/variant_calling/stage2/mt/no_cnv/smc_mudel_sa_stage_1-smc_mudel_sa_stage_2/0001/indelsieve_median.cell_names	/raid/kang/DelSIEVE/simulation_results/IndelSIEVE_benchmark_pipeline_sa_205/benchmark_results/simulated_data/results/data_type/no_cnv/0001/true_evo_events_sites_names	/raid/kang/DelSIEVE/simulation_results/IndelSIEVE_benchmark_pipeline_sa_205/benchmark_results/indelsieve/from_candidate/variant_calling/stage2/mt/no_cnv/smc_mudel_sa_stage_1-smc_mudel_sa_stage_2/0001/indelsieve_median.loci_info	/raid/kang/DelSIEVE/simulation_results/IndelSIEVE_benchmark_pipeline_sa_205/benchmark_results/simulated_data/results/data_type/no_cnv/0001/true_evo_events_genotypes_numeric	/raid/kang/DelSIEVE/simulation_results/IndelSIEVE_benchmark_pipeline_sa_205/benchmark_results/indelsieve/from_candidate/variant_calling/stage2/mt/no_cnv/smc_mudel_sa_stage_1-smc_mudel_sa_stage_2/0001/indelsieve_median.genotypes	/raid/kang/DelSIEVE/simulation_results/IndelSIEVE_benchmark_pipeline_sa_205/benchmark_results/simulated_data/results/data_type/no_cnv/0001/true_evo_events_ternary_matrix.simple	/raid/kang/DelSIEVE/simulation_results/IndelSIEVE_benchmark_pipeline_sa_205/benchmark_results/indelsieve/from_candidate/variant_calling/stage2/mt/no_cnv/smc_mudel_sa_stage_1-smc_mudel_sa_stage_2/0001/indelsieve_median.ternary	/raid/kang/DelSIEVE/simulation_results/IndelSIEVE_benchmark_pipeline_sa_205/benchmark_results/indelsieve/from_candidate/variant_calling/stage2/mt/no_cnv/smc_mudel_sa_stage_1-smc_mudel_sa_stage_2/0001/indelsieve_median.probs	6282	131	20687	2260	0.7354249590259893	0.9795727428660532	0.8401203610832497	0.0062926313766932	6182	125	22515	525	0.9217235723870584	0.9801807515459012	0.950053788228062	0.0055212014134275	5739	218	22860	530	0.91545701068751	0.9634043981870068	0.9388189105185668	0.009446225842794	218	74	28994	61	0.7813620071684588	0.7465753424657534	0.7635726795096321	0.0025457547818907	279	103	4	57	136	28	15351	485	0.2190016103059581	0.8292682926829268	0.001820664542558	0.3464968152866242	0	0	15999	1	0.0	NA	0.0	NA	57	1	15840	102	0.3584905660377358	0.9827586206896552	6.312732782021337e-05	0.5253456221198156	78	28	15511	383	0.1691973969631236	0.7358490566037735	0.0018019177553253	0.2751322751322751	361	21	37	65	0	0	16000	0	NA	NA	0.0	NA
40	5	20	0.001999	0.3	8e-06	2e-06	0.0	0002	sieve	candidate_snvs	smc_mu_sa_stage_1-smc_mu_sa_stage_2	mt	no_cnv	/raid/kang/DelSIEVE/simulation_results/IndelSIEVE_benchmark_pipeline_sa_205/benchmark_results/simulated_data/results/cell_names	/raid/kang/DelSIEVE/simulation_results/IndelSIEVE_benchmark_pipeline_sa_205/benchmark_results/indelsieve/from_candidate/variant_calling/stage2/mt/no_cnv/smc_mu_sa_stage_1-smc_mu_sa_stage_2/0002/indelsieve_median.cell_names	/raid/kang/DelSIEVE/simulation_results/IndelSIEVE_benchmark_pipeline_sa_205/benchmark_results/simulated_data/results/data_type/no_cnv/0002/true_evo_events_sites_names	/raid/kang/DelSIEVE/simulation_results/IndelSIEVE_benchmark_pipeline_sa_205/benchmark_results/indelsieve/from_candidate/variant_calling/stage2/mt/no_cnv/smc_mu_sa_stage_1-smc_mu_sa_stage_2/0002/indelsieve_median.loci_info	/raid/kang/DelSIEVE/simulation_results/IndelSIEVE_benchmark_pipeline_sa_205/benchmark_results/simulated_data/results/data_type/no_cnv/0002/true_evo_events_genotypes_numeric	/raid/kang/DelSIEVE/simulation_results/IndelSIEVE_benchmark_pipeline_sa_205/benchmark_results/indelsieve/from_candidate/variant_calling/stage2/mt/no_cnv/smc_mu_sa_stage_1-smc_mu_sa_stage_2/0002/indelsieve_median.genotypes	/raid/kang/DelSIEVE/simulation_results/IndelSIEVE_benchmark_pipeline_sa_205/benchmark_results/simulated_data/results/data_type/no_cnv/0002/true_evo_events_ternary_matrix.simple	/raid/kang/DelSIEVE/simulation_results/IndelSIEVE_benchmark_pipeline_sa_205/benchmark_results/indelsieve/from_candidate/variant_calling/stage2/mt/no_cnv/smc_mu_sa_stage_1-smc_mu_sa_stage_2/0002/indelsieve_median.ternary	/raid/kang/DelSIEVE/simulation_results/IndelSIEVE_benchmark_pipeline_sa_205/benchmark_results/indelsieve/from_candidate/variant_calling/stage2/mt/no_cnv/smc_mu_sa_stage_1-smc_mu_sa_stage_2/0002/indelsieve_median.probs	4654	122	24299	2045	0.6947305567995223	0.9744556113902848	0.8111546840958604	0.0049957004217681	4637	139	25557	773	0.8571164510166358	0.9708961474036852	0.9104653445906143	0.005409402241594	4418	215	25705	768	0.8519089857308138	0.953593783725448	0.8998879722986048	0.0082947530864197	99	44	30911	52	0.6556291390728477	0.6923076923076923	0.673469387755102	0.0014214181876918	151	122	6	46	0	0	13356	364	0.0	NA	0.0	NA	0	0	13720	0	NA	NA	0.0	NA	0	0	13647	73	0.0	NA	0.0	NA	0	0	13429	291	0.0	NA	0.0	NA	274	17	30	42	0	0	13720	0	NA	NA	0.0	NA
40	5	20	0.001999	0.3	8e-06	2e-06	0.0	0002	indelsieve	candidate_snvs	smc_mudel_sa_stage_1-smc_mudel_sa_stage_2	mt	no_cnv	/raid/kang/DelSIEVE/simulation_results/IndelSIEVE_benchmark_pipeline_sa_205/benchmark_results/simulated_data/results/cell_names	/raid/kang/DelSIEVE/simulation_results/IndelSIEVE_benchmark_pipeline_sa_205/benchmark_results/indelsieve/from_candidate/variant_calling/stage2/mt/no_cnv/smc_mudel_sa_stage_1-smc_mudel_sa_stage_2/0002/indelsieve_median.cell_names	/raid/kang/DelSIEVE/simulation_results/IndelSIEVE_benchmark_pipeline_sa_205/benchmark_results/simulated_data/results/data_type/no_cnv/0002/true_evo_events_sites_names	/raid/kang/DelSIEVE/simulation_results/IndelSIEVE_benchmark_pipeline_sa_205/benchmark_results/indelsieve/from_candidate/variant_calling/stage2/mt/no_cnv/smc_mudel_sa_stage_1-smc_mudel_sa_stage_2/0002/indelsieve_median.loci_info	/raid/kang/DelSIEVE/simulation_results/IndelSIEVE_benchmark_pipeline_sa_205/benchmark_results/simulated_data/results/data_type/no_cnv/0002/true_evo_events_genotypes_numeric	/raid/kang/DelSIEVE/simulation_results/IndelSIEVE_benchmark_pipeline_sa_205/benchmark_results/indelsieve/from_candidate/variant_calling/stage2/mt/no_cnv/smc_mudel_sa_stage_1-smc_mudel_sa_stage_2/0002/indelsieve_median.genotypes	/raid/kang/DelSIEVE/simulation_results/IndelSIEVE_benchmark_pipeline_sa_205/benchmark_results/simulated_data/results/data_type/no_cnv/0002/true_evo_events_ternary_matrix.simple	/raid/kang/DelSIEVE/simulation_results/IndelSIEVE_benchmark_pipeline_sa_205/benchmark_results/indelsieve/from_candidate/variant_calling/stage2/mt/no_cnv/smc_mudel_sa_stage_1-smc_mudel_sa_stage_2/0002/indelsieve_median.ternary	/raid/kang/DelSIEVE/simulation_results/IndelSIEVE_benchmark_pipeline_sa_205/benchmark_results/indelsieve/from_candidate/variant_calling/stage2/mt/no_cnv/smc_mudel_sa_stage_1-smc_mudel_sa_stage_2/0002/indelsieve_median.probs	4762	120	24301	1937	0.7108523660247799	0.9754199098730028	0.8223814869182282	0.0049138036935424	4637	137	25559	773	0.8571164510166358	0.9713028906577292	0.9106441476826396	0.0053315691158156	4418	209	25711	768	0.8519089857308138	0.9548303436351848	0.9004381942321411	0.0080632716049382	99	36	30919	52	0.6556291390728477	0.7333333333333333	0.6923076923076923	0.0011629785172023	151	120	6	46	120	0	13356	244	0.3296703296703296	1.0	0.0	0.4958677685950413	0	0	13720	0	NA	NA	0.0	NA	12	0	13647	61	0.1643835616438356	1.0	0.0	0.2823529411764706	108	0	13429	183	0.3711340206185567	1.0	0.0	0.5413533834586466	166	17	26	34	0	0	13720	0	NA	NA	0.0	NA
40	5	20	0.001999	0.3	8e-06	2e-06	0.0	0003	sieve	candidate_snvs	smc_mu_sa_stage_1-smc_mu_sa_stage_2	mt	no_cnv	/raid/kang/DelSIEVE/simulation_results/IndelSIEVE_benchmark_pipeline_sa_205/benchmark_results/simulated_data/results/cell_names	/raid/kang/DelSIEVE/simulation_results/IndelSIEVE_benchmark_pipeline_sa_205/benchmark_results/indelsieve/from_candidate/variant_calling/stage2/mt/no_cnv/smc_mu_sa_stage_1-smc_mu_sa_stage_2/0003/indelsieve_median.cell_names	/raid/kang/DelSIEVE/simulation_results/IndelSIEVE_benchmark_pipeline_sa_205/benchmark_results/simulated_data/results/data_type/no_cnv/0003/true_evo_events_sites_names	/raid/kang/DelSIEVE/simulation_results/IndelSIEVE_benchmark_pipeline_sa_205/benchmark_results/indelsieve/from_candidate/variant_calling/stage2/mt/no_cnv/smc_mu_sa_stage_1-smc_mu_sa_stage_2/0003/indelsieve_median.loci_info	/raid/kang/DelSIEVE/simulation_results/IndelSIEVE_benchmark_pipeline_sa_205/benchmark_results/simulated_data/results/data_type/no_cnv/0003/true_evo_events_genotypes_numeric	/raid/kang/DelSIEVE/simulation_results/IndelSIEVE_benchmark_pipeline_sa_205/benchmark_results/indelsieve/from_candidate/variant_calling/stage2/mt/no_cnv/smc_mu_sa_stage_1-smc_mu_sa_stage_2/0003/indelsieve_median.genotypes	/raid/kang/DelSIEVE/simulation_results/IndelSIEVE_benchmark_pipeline_sa_205/benchmark_results/simulated_data/results/data_type/no_cnv/0003/true_evo_events_ternary_matrix.simple	/raid/kang/DelSIEVE/simulation_results/IndelSIEVE_benchmark_pipeline_sa_205/benchmark_results/indelsieve/from_candidate/variant_calling/stage2/mt/no_cnv/smc_mu_sa_stage_1-smc_mu_sa_stage_2/0003/indelsieve_median.ternary	/raid/kang/DelSIEVE/simulation_results/IndelSIEVE_benchmark_pipeline_sa_205/benchmark_results/indelsieve/from_candidate/variant_calling/stage2/mt/no_cnv/smc_mu_sa_stage_1-smc_mu_sa_stage_2/0003/indelsieve_median.probs	4763	66	25763	2088	0.6952269741643555	0.9863325740318908	0.8155821917808219	0.0025552673351658	4740	89	26916	927	0.8364213869772367	0.9815696831642162	0.9032012195121952	0.003295685984077	4448	174	27127	923	0.8281511822751816	0.9623539593249676	0.8902231562093466	0.0063733929160104	134	73	32402	63	0.6802030456852792	0.6473429951690821	0.6633663366336634	0.002247882986913	197	66	4	59	0	0	11836	284	0.0	NA	0.0	NA	0	0	12117	3	0.0	NA	0.0	NA	0	0	12021	99	0.0	NA	0.0	NA	0	0	11938	182	0.0	NA	0.0	NA	159	23	26	73	0	0	12120	0	NA	NA	0.0	NA
40	5	20	0.001999	0.3	8e-06	2e-06	0.0	0003	indelsieve	candidate_snvs	smc_mudel_sa_stage_1-smc_mudel_sa_stage_2	mt	no_cnv	/raid/kang/DelSIEVE/simulation_results/IndelSIEVE_benchmark_pipeline_sa_205/benchmark_results/simulated_data/results/cell_names	/raid/kang/DelSIEVE/simulation_results/IndelSIEVE_benchmark_pipeline_sa_205/benchmark_results/indelsieve/from_candidate/variant_calling/stage2/mt/no_cnv/smc_mudel_sa_stage_1-smc_mudel_sa_stage_2/0003/indelsieve_median.cell_names	/raid/kang/DelSIEVE/simulation_results/IndelSIEVE_benchmark_pipeline_sa_205/benchmark_results/simulated_data/results/data_type/no_cnv/0003/true_evo_events_sites_names	/raid/kang/DelSIEVE/simulation_results/IndelSIEVE_benchmark_pipeline_sa_205/benchmark_results/indelsieve/from_candidate/variant_calling/stage2/mt/no_cnv/smc_mudel_sa_stage_1-smc_mudel_sa_stage_2/0003/indelsieve_median.loci_info	/raid/kang/DelSIEVE/simulation_results/IndelSIEVE_benchmark_pipeline_sa_205/benchmark_results/simulated_data/results/data_type/no_cnv/0003/true_evo_events_genotypes_numeric	/raid/kang/DelSIEVE/simulation_results/IndelSIEVE_benchmark_pipeline_sa_205/benchmark_results/indelsieve/from_candidate/variant_calling/stage2/mt/no_cnv/smc_mudel_sa_stage_1-smc_mudel_sa_stage_2/0003/indelsieve_median.genotypes	/raid/kang/DelSIEVE/simulation_results/IndelSIEVE_benchmark_pipeline_sa_205/benchmark_results/simulated_data/results/data_type/no_cnv/0003/true_evo_events_ternary_matrix.simple	/raid/kang/DelSIEVE/simulation_results/IndelSIEVE_benchmark_pipeline_sa_205/benchmark_results/indelsieve/from_candidate/variant_calling/stage2/mt/no_cnv/smc_mudel_sa_stage_1-smc_mudel_sa_stage_2/0003/indelsieve_median.ternary	/raid/kang/DelSIEVE/simulation_results/IndelSIEVE_benchmark_pipeline_sa_205/benchmark_results/indelsieve/from_candidate/variant_calling/stage2/mt/no_cnv/smc_mudel_sa_stage_1-smc_mudel_sa_stage_2/0003/indelsieve_median.probs	4790	94	25735	2061	0.6991680046708509	0.9807534807534808	0.8163613123135919	0.0036393201440241	4741	86	26919	926	0.8365978471854597	0.9821835508597472	0.9035639412997905	0.0031845954452879	4449	168	27133	922	0.8283373673431391	0.96361273554256	0.8908690428514218	0.0061536207464928	134	63	32412	63	0.6802030456852792	0.6802030456852792	0.6802030456852792	0.0019399538106235	197	64	4	59	40	30	11806	244	0.1408450704225352	0.5714285714285714	0.0025346400811084	0.2259887005649717	0	0	12117	3	0.0	NA	0.0	NA	13	0	12021	86	0.1313131313131313	1.0	0.0	0.2321428571428571	27	30	11908	155	0.1483516483516483	0.4736842105263157	0.0025129837493717	0.2259414225941422	133	22	23	63	0	0	12120	0	NA	NA	0.0	NA
40	5	20	0.001999	0.3	8e-06	2e-06	0.0	0004	sieve	candidate_snvs	smc_mu_sa_stage_1-smc_mu_sa_stage_2	mt	no_cnv	/raid/kang/DelSIEVE/simulation_results/IndelSIEVE_benchmark_pipeline_sa_205/benchmark_results/simulated_data/results/cell_names	/raid/kang/DelSIEVE/simulation_results/IndelSIEVE_benchmark_pipeline_sa_205/benchmark_results/indelsieve/from_candidate/variant_calling/stage2/mt/no_cnv/smc_mu_sa_stage_1-smc_mu_sa_stage_2/0004/indelsieve_median.cell_names	/raid/kang/DelSIEVE/simulation_results/IndelSIEVE_benchmark_pipeline_sa_205/benchmark_results/simulated_data/results/data_type/no_cnv/0004/true_evo_events_sites_names	/raid/kang/DelSIEVE/simulation_results/IndelSIEVE_benchmark_pipeline_sa_205/benchmark_results/indelsieve/from_candidate/variant_calling/stage2/mt/no_cnv/smc_mu_sa_stage_1-smc_mu_sa_stage_2/0004/indelsieve_median.loci_info	/raid/kang/DelSIEVE/simulation_results/IndelSIEVE_benchmark_pipeline_sa_205/benchmark_results/simulated_data/results/data_type/no_cnv/0004/true_evo_events_genotypes_numeric	/raid/kang/DelSIEVE/simulation_results/IndelSIEVE_benchmark_pipeline_sa_205/benchmark_results/indelsieve/from_candidate/variant_calling/stage2/mt/no_cnv/smc_mu_sa_stage_1-smc_mu_sa_stage_2/0004/indelsieve_median.genotypes	/raid/kang/DelSIEVE/simulation_results/IndelSIEVE_benchmark_pipeline_sa_205/benchmark_results/simulated_data/results/data_type/no_cnv/0004/true_evo_events_ternary_matrix.simple	/raid/kang/DelSIEVE/simulation_results/IndelSIEVE_benchmark_pipeline_sa_205/benchmark_results/indelsieve/from_candidate/variant_calling/stage2/mt/no_cnv/smc_mu_sa_stage_1-smc_mu_sa_stage_2/0004/indelsieve_median.ternary	/raid/kang/DelSIEVE/simulation_results/IndelSIEVE_benchmark_pipeline_sa_205/benchmark_results/indelsieve/from_candidate/variant_calling/stage2/mt/no_cnv/smc_mu_sa_stage_1-smc_mu_sa_stage_2/0004/indelsieve_median.probs	4312	106	26107	2115	0.6709195581142057	0.9760072430964236	0.7952051636698938	0.0040437950635181	4286	132	27420	792	0.8440330838912958	0.9701222272521502	0.9026958719460826	0.0047909407665505	3967	234	27637	792	0.8335784828745535	0.9442989764341824	0.8854910714285715	0.0083958236159448	155	62	32362	51	0.7524271844660194	0.7142857142857143	0.7328605200945626	0.0019121638292622	206	106	3	48	0	0	13315	405	0.0	NA	0.0	NA	0	0	13720	0	NA	NA	0.0	NA	0	0	13607	113	0.0	NA	0.0	NA	0	0	13428	292	0.0	NA	0.0	NA	266	26	54	58	0	0	13720	0	NA	NA	0.0	NA
40	5	20	0.001999	0.3	8e-06	2e-06	0.0	0004	indelsieve	candidate_snvs	smc_mudel_sa_stage_1-smc_mudel_sa_stage_2	mt	no_cnv	/raid/kang/DelSIEVE/simulation_results/IndelSIEVE_benchmark_pipeline_sa_205/benchmark_results/simulated_data/results/cell_names	/raid/kang/DelSIEVE/simulation_results/IndelSIEVE_benchmark_pipeline_sa_205/benchmark_results/indelsieve/from_candidate/variant_calling/stage2/mt/no_cnv/smc_mudel_sa_stage_1-smc_mudel_sa_stage_2/0004/indelsieve_median.cell_names	/raid/kang/DelSIEVE/simulation_results/IndelSIEVE_benchmark_pipeline_sa_205/benchmark_results/simulated_data/results/data_type/no_cnv/0004/true_evo_events_sites_names	/raid/kang/DelSIEVE/simulation_results/IndelSIEVE_benchmark_pipeline_sa_205/benchmark_results/indelsieve/from_candidate/variant_calling/stage2/mt/no_cnv/smc_mudel_sa_stage_1-smc_mudel_sa_stage_2/0004/indelsieve_median.loci_info	/raid/kang/DelSIEVE/simulation_results/IndelSIEVE_benchmark_pipeline_sa_205/benchmark_results/simulated_data/results/data_type/no_cnv/0004/true_evo_events_genotypes_numeric	/raid/kang/DelSIEVE/simulation_results/IndelSIEVE_benchmark_pipeline_sa_205/benchmark_results/indelsieve/from_candidate/variant_calling/stage2/mt/no_cnv/smc_mudel_sa_stage_1-smc_mudel_sa_stage_2/0004/indelsieve_median.genotypes	/raid/kang/DelSIEVE/simulation_results/IndelSIEVE_benchmark_pipeline_sa_205/benchmark_results/simulated_data/results/data_type/no_cnv/0004/true_evo_events_ternary_matrix.simple	/raid/kang/DelSIEVE/simulation_results/IndelSIEVE_benchmark_pipeline_sa_205/benchmark_results/indelsieve/from_candidate/variant_calling/stage2/mt/no_cnv/smc_mudel_sa_stage_1-smc_mudel_sa_stage_2/0004/indelsieve_median.ternary	/raid/kang/DelSIEVE/simulation_results/IndelSIEVE_benchmark_pipeline_sa_205/benchmark_results/indelsieve/from_candidate/variant_calling/stage2/mt/no_cnv/smc_mudel_sa_stage_1-smc_mudel_sa_stage_2/0004/indelsieve_median.probs	4419	141	26072	2008	0.6875680721954256	0.969078947368421	0.8044052061527259	0.0053790104146797	4284	124	27428	794	0.8436392280425364	0.971869328493648	0.9032258064516128	0.0045005807200929	3955	187	27684	804	0.8310569447362891	0.9548527281506518	0.8886641950342656	0.0067094829751354	155	20	32404	51	0.7524271844660194	0.8857142857142857	0.8136482939632546	0.0006168270416975	206	105	3	48	191	52	13263	214	0.4716049382716049	0.7860082304526749	0.0039053698835899	0.5895061728395062	0	0	13720	0	NA	NA	0.0	NA	76	15	13592	37	0.672566371681416	0.8351648351648352	0.0011023737782023	0.7450980392156863	109	43	13385	183	0.3732876712328767	0.7171052631578947	0.0032022639261245	0.4909909909909909	164	16	18	16	0	0	13720	0	NA	NA	0.0	NA
40	5	20	0.001999	0.3	8e-06	2e-06	0.0	0005	sieve	candidate_snvs	smc_mu_sa_stage_1-smc_mu_sa_stage_2	mt	no_cnv	/raid/kang/DelSIEVE/simulation_results/IndelSIEVE_benchmark_pipeline_sa_205/benchmark_results/simulated_data/results/cell_names	/raid/kang/DelSIEVE/simulation_results/IndelSIEVE_benchmark_pipeline_sa_205/benchmark_results/indelsieve/from_candidate/variant_calling/stage2/mt/no_cnv/smc_mu_sa_stage_1-smc_mu_sa_stage_2/0005/indelsieve_median.cell_names	/raid/kang/DelSIEVE/simulation_results/IndelSIEVE_benchmark_pipeline_sa_205/benchmark_results/simulated_data/results/data_type/no_cnv/0005/true_evo_events_sites_names	/raid/kang/DelSIEVE/simulation_results/IndelSIEVE_benchmark_pipeline_sa_205/benchmark_results/indelsieve/from_candidate/variant_calling/stage2/mt/no_cnv/smc_mu_sa_stage_1-smc_mu_sa_stage_2/0005/indelsieve_median.loci_info	/raid/kang/DelSIEVE/simulation_results/IndelSIEVE_benchmark_pipeline_sa_205/benchmark_results/simulated_data/results/data_type/no_cnv/0005/true_evo_events_genotypes_numeric	/raid/kang/DelSIEVE/simulation_results/IndelSIEVE_benchmark_pipeline_sa_205/benchmark_results/indelsieve/from_candidate/variant_calling/stage2/mt/no_cnv/smc_mu_sa_stage_1-smc_mu_sa_stage_2/0005/indelsieve_median.genotypes	/raid/kang/DelSIEVE/simulation_results/IndelSIEVE_benchmark_pipeline_sa_205/benchmark_results/simulated_data/results/data_type/no_cnv/0005/true_evo_events_ternary_matrix.simple	/raid/kang/DelSIEVE/simulation_results/IndelSIEVE_benchmark_pipeline_sa_205/benchmark_results/indelsieve/from_candidate/variant_calling/stage2/mt/no_cnv/smc_mu_sa_stage_1-smc_mu_sa_stage_2/0005/indelsieve_median.ternary	/raid/kang/DelSIEVE/simulation_results/IndelSIEVE_benchmark_pipeline_sa_205/benchmark_results/indelsieve/from_candidate/variant_calling/stage2/mt/no_cnv/smc_mu_sa_stage_1-smc_mu_sa_stage_2/0005/indelsieve_median.probs	5166	85	25187	2162	0.704967248908297	0.9838126071224528	0.8213689482470785	0.0033634061411839	5156	95	26644	695	0.8812168860023928	0.9819082079603884	0.9288416501531256	0.0035528628594936	4944	165	26787	694	0.8769067045051436	0.9677040516735174	0.9200707174095096	0.0061219946571682	78	64	32411	37	0.6782608695652174	0.5492957746478874	0.6070038910505836	0.0019707467282525	115	84	1	36	0	0	14387	253	0.0	NA	0.0	NA	0	0	14640	0	NA	NA	0.0	NA	0	0	14542	98	0.0	NA	0.0	NA	0	0	14485	155	0.0	NA	0.0	NA	145	10	35	63	0	0	14640	0	NA	NA	0.0	NA
40	5	20	0.001999	0.3	8e-06	2e-06	0.0	0005	indelsieve	candidate_snvs	smc_mudel_sa_stage_1-smc_mudel_sa_stage_2	mt	no_cnv	/raid/kang/DelSIEVE/simulation_results/IndelSIEVE_benchmark_pipeline_sa_205/benchmark_results/simulated_data/results/cell_names	/raid/kang/DelSIEVE/simulation_results/IndelSIEVE_benchmark_pipeline_sa_205/benchmark_results/indelsieve/from_candidate/variant_calling/stage2/mt/no_cnv/smc_mudel_sa_stage_1-smc_mudel_sa_stage_2/0005/indelsieve_median.cell_names	/raid/kang/DelSIEVE/simulation_results/IndelSIEVE_benchmark_pipeline_sa_205/benchmark_results/simulated_data/results/data_type/no_cnv/0005/true_evo_events_sites_names	/raid/kang/DelSIEVE/simulation_results/IndelSIEVE_benchmark_pipeline_sa_205/benchmark_results/indelsieve/from_candidate/variant_calling/stage2/mt/no_cnv/smc_mudel_sa_stage_1-smc_mudel_sa_stage_2/0005/indelsieve_median.loci_info	/raid/kang/DelSIEVE/simulation_results/IndelSIEVE_benchmark_pipeline_sa_205/benchmark_results/simulated_data/results/data_type/no_cnv/0005/true_evo_events_genotypes_numeric	/raid/kang/DelSIEVE/simulation_results/IndelSIEVE_benchmark_pipeline_sa_205/benchmark_results/indelsieve/from_candidate/variant_calling/stage2/mt/no_cnv/smc_mudel_sa_stage_1-smc_mudel_sa_stage_2/0005/indelsieve_median.genotypes	/raid/kang/DelSIEVE/simulation_results/IndelSIEVE_benchmark_pipeline_sa_205/benchmark_results/simulated_data/results/data_type/no_cnv/0005/true_evo_events_ternary_matrix.simple	/raid/kang/DelSIEVE/simulation_results/IndelSIEVE_benchmark_pipeline_sa_205/benchmark_results/indelsieve/from_candidate/variant_calling/stage2/mt/no_cnv/smc_mudel_sa_stage_1-smc_mudel_sa_stage_2/0005/indelsieve_median.ternary	/raid/kang/DelSIEVE/simulation_results/IndelSIEVE_benchmark_pipeline_sa_205/benchmark_results/indelsieve/from_candidate/variant_calling/stage2/mt/no_cnv/smc_mudel_sa_stage_1-smc_mudel_sa_stage_2/0005/indelsieve_median.probs	5195	94	25178	2133	0.708924672489083	0.9822272641331063	0.8234921138146944	0.0037195314973092	5155	93	26646	696	0.8810459750470006	0.9822789634146342	0.9289125146409588	0.0034780657466621	4943	153	26799	695	0.8767293366442	0.9699764521193092	0.9209986957331844	0.0056767586821015	78	1	32474	37	0.6782608695652174	0.9873417721518988	0.8041237113402062	3.079291762894534e-05	115	82	1	36	103	11	14376	150	0.4071146245059288	0.9035087719298246	0.0007645791339403	0.5613079019073569	0	0	14640	0	NA	NA	0.0	NA	73	0	14542	25	0.7448979591836735	1.0	0.0	0.8538011695906433	30	11	14474	125	0.1935483870967742	0.7317073170731707	0.000759406282361	0.3061224489795918	115	10	25	0	0	0	14640	0	NA	NA	0.0	NA
40	5	20	0.001999	0.3	8e-06	2e-06	0.0	0006	sieve	candidate_snvs	smc_mu_sa_stage_1-smc_mu_sa_stage_2	mt	no_cnv	/raid/kang/DelSIEVE/simulation_results/IndelSIEVE_benchmark_pipeline_sa_205/benchmark_results/simulated_data/results/cell_names	/raid/kang/DelSIEVE/simulation_results/IndelSIEVE_benchmark_pipeline_sa_205/benchmark_results/indelsieve/from_candidate/variant_calling/stage2/mt/no_cnv/smc_mu_sa_stage_1-smc_mu_sa_stage_2/0006/indelsieve_median.cell_names	/raid/kang/DelSIEVE/simulation_results/IndelSIEVE_benchmark_pipeline_sa_205/benchmark_results/simulated_data/results/data_type/no_cnv/0006/true_evo_events_sites_names	/raid/kang/DelSIEVE/simulation_results/IndelSIEVE_benchmark_pipeline_sa_205/benchmark_results/indelsieve/from_candidate/variant_calling/stage2/mt/no_cnv/smc_mu_sa_stage_1-smc_mu_sa_stage_2/0006/indelsieve_median.loci_info	/raid/kang/DelSIEVE/simulation_results/IndelSIEVE_benchmark_pipeline_sa_205/benchmark_results/simulated_data/results/data_type/no_cnv/0006/true_evo_events_genotypes_numeric	/raid/kang/DelSIEVE/simulation_results/IndelSIEVE_benchmark_pipeline_sa_205/benchmark_results/indelsieve/from_candidate/variant_calling/stage2/mt/no_cnv/smc_mu_sa_stage_1-smc_mu_sa_stage_2/0006/indelsieve_median.genotypes	/raid/kang/DelSIEVE/simulation_results/IndelSIEVE_benchmark_pipeline_sa_205/benchmark_results/simulated_data/results/data_type/no_cnv/0006/true_evo_events_ternary_matrix.simple	/raid/kang/DelSIEVE/simulation_results/IndelSIEVE_benchmark_pipeline_sa_205/benchmark_results/indelsieve/from_candidate/variant_calling/stage2/mt/no_cnv/smc_mu_sa_stage_1-smc_mu_sa_stage_2/0006/indelsieve_median.ternary	/raid/kang/DelSIEVE/simulation_results/IndelSIEVE_benchmark_pipeline_sa_205/benchmark_results/indelsieve/from_candidate/variant_calling/stage2/mt/no_cnv/smc_mu_sa_stage_1-smc_mu_sa_stage_2/0006/indelsieve_median.probs	6342	128	23565	2365	0.7283794647984381	0.9802163833075734	0.8357382881992488	0.0054024395391043	6327	143	25196	725	0.8971922858763471	0.9778979907264296	0.9358083123798256	0.0056434744859702	5915	218	25535	723	0.8910816510997288	0.9644545899233654	0.9263174379453448	0.0084650332000155	233	104	32002	52	0.8175438596491228	0.6913946587537092	0.7491961414790997	0.0032392699183953	285	128	6	46	0	0	14114	406	0.0	NA	0.0	NA	0	0	14520	0	NA	NA	0.0	NA	0	0	14391	129	0.0	NA	0.0	NA	0	0	14243	277	0.0	NA	0.0	NA	262	14	30	99	0	0	14520	0	NA	NA	0.0	NA
40	5	20	0.001999	0.3	8e-06	2e-06	0.0	0006	indelsieve	candidate_snvs	smc_mudel_sa_stage_1-smc_mudel_sa_stage_2	mt	no_cnv	/raid/kang/DelSIEVE/simulation_results/IndelSIEVE_benchmark_pipeline_sa_205/benchmark_results/simulated_data/results/cell_names	/raid/kang/DelSIEVE/simulation_results/IndelSIEVE_benchmark_pipeline_sa_205/benchmark_results/indelsieve/from_candidate/variant_calling/stage2/mt/no_cnv/smc_mudel_sa_stage_1-smc_mudel_sa_stage_2/0006/indelsieve_median.cell_names	/raid/kang/DelSIEVE/simulation_results/IndelSIEVE_benchmark_pipeline_sa_205/benchmark_results/simulated_data/results/data_type/no_cnv/0006/true_evo_events_sites_names	/raid/kang/DelSIEVE/simulation_results/IndelSIEVE_benchmark_pipeline_sa_205/benchmark_results/indelsieve/from_candidate/variant_calling/stage2/mt/no_cnv/smc_mudel_sa_stage_1-smc_mudel_sa_stage_2/0006/indelsieve_median.loci_info	/raid/kang/DelSIEVE/simulation_results/IndelSIEVE_benchmark_pipeline_sa_205/benchmark_results/simulated_data/results/data_type/no_cnv/0006/true_evo_events_genotypes_numeric	/raid/kang/DelSIEVE/simulation_results/IndelSIEVE_benchmark_pipeline_sa_205/benchmark_results/indelsieve/from_candidate/variant_calling/stage2/mt/no_cnv/smc_mudel_sa_stage_1-smc_mudel_sa_stage_2/0006/indelsieve_median.genotypes	/raid/kang/DelSIEVE/simulation_results/IndelSIEVE_benchmark_pipeline_sa_205/benchmark_results/simulated_data/results/data_type/no_cnv/0006/true_evo_events_ternary_matrix.simple	/raid/kang/DelSIEVE/simulation_results/IndelSIEVE_benchmark_pipeline_sa_205/benchmark_results/indelsieve/from_candidate/variant_calling/stage2/mt/no_cnv/smc_mudel_sa_stage_1-smc_mudel_sa_stage_2/0006/indelsieve_median.ternary	/raid/kang/DelSIEVE/simulation_results/IndelSIEVE_benchmark_pipeline_sa_205/benchmark_results/indelsieve/from_candidate/variant_calling/stage2/mt/no_cnv/smc_mudel_sa_stage_1-smc_mudel_sa_stage_2/0006/indelsieve_median.probs	6408	131	23562	2299	0.7359595727575514	0.9799663557118824	0.8406139315230224	0.0055290592158021	6322	139	25200	730	0.896483267158253	0.9784863024299644	0.9356915562791388	0.0054856150597892	5908	215	25538	730	0.890027116601386	0.964886493548914	0.9259462424574878	0.0083485419174465	232	4	32102	53	0.8140350877192982	0.9830508474576272	0.890595009596929	0.0001245873045536	285	124	6	47	171	9	14105	235	0.4211822660098522	0.95	0.0006376647300552	0.5836177474402731	0	0	14520	0	NA	NA	0.0	NA	99	3	14388	30	0.7674418604651163	0.9705882352941176	0.0002084636230977	0.8571428571428571	71	7	14236	206	0.2563176895306859	0.9102564102564102	0.0004914694937864	0.3999999999999999	191	14	30	0	0	0	14520	0	NA	NA	0.0	NA
40	5	20	0.001999	0.3	8e-06	2e-06	0.0	0007	sieve	candidate_snvs	smc_mu_sa_stage_1-smc_mu_sa_stage_2	mt	no_cnv	/raid/kang/DelSIEVE/simulation_results/IndelSIEVE_benchmark_pipeline_sa_205/benchmark_results/simulated_data/results/cell_names	/raid/kang/DelSIEVE/simulation_results/IndelSIEVE_benchmark_pipeline_sa_205/benchmark_results/indelsieve/from_candidate/variant_calling/stage2/mt/no_cnv/smc_mu_sa_stage_1-smc_mu_sa_stage_2/0007/indelsieve_median.cell_names	/raid/kang/DelSIEVE/simulation_results/IndelSIEVE_benchmark_pipeline_sa_205/benchmark_results/simulated_data/results/data_type/no_cnv/0007/true_evo_events_sites_names	/raid/kang/DelSIEVE/simulation_results/IndelSIEVE_benchmark_pipeline_sa_205/benchmark_results/indelsieve/from_candidate/variant_calling/stage2/mt/no_cnv/smc_mu_sa_stage_1-smc_mu_sa_stage_2/0007/indelsieve_median.loci_info	/raid/kang/DelSIEVE/simulation_results/IndelSIEVE_benchmark_pipeline_sa_205/benchmark_results/simulated_data/results/data_type/no_cnv/0007/true_evo_events_genotypes_numeric	/raid/kang/DelSIEVE/simulation_results/IndelSIEVE_benchmark_pipeline_sa_205/benchmark_results/indelsieve/from_candidate/variant_calling/stage2/mt/no_cnv/smc_mu_sa_stage_1-smc_mu_sa_stage_2/0007/indelsieve_median.genotypes	/raid/kang/DelSIEVE/simulation_results/IndelSIEVE_benchmark_pipeline_sa_205/benchmark_results/simulated_data/results/data_type/no_cnv/0007/true_evo_events_ternary_matrix.simple	/raid/kang/DelSIEVE/simulation_results/IndelSIEVE_benchmark_pipeline_sa_205/benchmark_results/indelsieve/from_candidate/variant_calling/stage2/mt/no_cnv/smc_mu_sa_stage_1-smc_mu_sa_stage_2/0007/indelsieve_median.ternary	/raid/kang/DelSIEVE/simulation_results/IndelSIEVE_benchmark_pipeline_sa_205/benchmark_results/indelsieve/from_candidate/variant_calling/stage2/mt/no_cnv/smc_mu_sa_stage_1-smc_mu_sa_stage_2/0007/indelsieve_median.probs	4358	107	26079	1976	0.6880328386485633	0.9760358342665174	0.807111769608297	0.004086152906133	4345	120	27269	782	0.8474741564267603	0.973124300111982	0.9059633027522936	0.0043813209682719	4169	206	27362	779	0.8425626515763945	0.9529142857142856	0.8943473130966427	0.0074724318049912	66	24	32364	62	0.515625	0.7333333333333333	0.6055045871559632	0.0007410151908114	128	107	5	57	0	0	13740	260	0.0	NA	0.0	NA	0	0	14000	0	NA	NA	0.0	NA	0	0	13949	51	0.0	NA	0.0	NA	0	0	13791	209	0.0	NA	0.0	NA	196	13	29	19	0	0	14000	0	NA	NA	0.0	NA
40	5	20	0.001999	0.3	8e-06	2e-06	0.0	0007	indelsieve	candidate_snvs	smc_mudel_sa_stage_1-smc_mudel_sa_stage_2	mt	no_cnv	/raid/kang/DelSIEVE/simulation_results/IndelSIEVE_benchmark_pipeline_sa_205/benchmark_results/simulated_data/results/cell_names	/raid/kang/DelSIEVE/simulation_results/IndelSIEVE_benchmark_pipeline_sa_205/benchmark_results/indelsieve/from_candidate/variant_calling/stage2/mt/no_cnv/smc_mudel_sa_stage_1-smc_mudel_sa_stage_2/0007/indelsieve_median.cell_names	/raid/kang/DelSIEVE/simulation_results/IndelSIEVE_benchmark_pipeline_sa_205/benchmark_results/simulated_data/results/data_type/no_cnv/0007/true_evo_events_sites_names	/raid/kang/DelSIEVE/simulation_results/IndelSIEVE_benchmark_pipeline_sa_205/benchmark_results/indelsieve/from_candidate/variant_calling/stage2/mt/no_cnv/smc_mudel_sa_stage_1-smc_mudel_sa_stage_2/0007/indelsieve_median.loci_info	/raid/kang/DelSIEVE/simulation_results/IndelSIEVE_benchmark_pipeline_sa_205/benchmark_results/simulated_data/results/data_type/no_cnv/0007/true_evo_events_genotypes_numeric	/raid/kang/DelSIEVE/simulation_results/IndelSIEVE_benchmark_pipeline_sa_205/benchmark_results/indelsieve/from_candidate/variant_calling/stage2/mt/no_cnv/smc_mudel_sa_stage_1-smc_mudel_sa_stage_2/0007/indelsieve_median.genotypes	/raid/kang/DelSIEVE/simulation_results/IndelSIEVE_benchmark_pipeline_sa_205/benchmark_results/simulated_data/results/data_type/no_cnv/0007/true_evo_events_ternary_matrix.simple	/raid/kang/DelSIEVE/simulation_results/IndelSIEVE_benchmark_pipeline_sa_205/benchmark_results/indelsieve/from_candidate/variant_calling/stage2/mt/no_cnv/smc_mudel_sa_stage_1-smc_mudel_sa_stage_2/0007/indelsieve_median.ternary	/raid/kang/DelSIEVE/simulation_results/IndelSIEVE_benchmark_pipeline_sa_205/benchmark_results/indelsieve/from_candidate/variant_calling/stage2/mt/no_cnv/smc_mudel_sa_stage_1-smc_mudel_sa_stage_2/0007/indelsieve_median.probs	4375	108	26078	1959	0.6907167666561415	0.9759089895159492	0.8089118979384303	0.0041243412510501	4341	121	27268	786	0.8466939730836747	0.9728821156432094	0.9054124517676504	0.0044178319763408	4165	207	27361	783	0.8417542441390461	0.9526532479414456	0.8937768240343349	0.0075087057457922	66	5	32383	62	0.515625	0.9295774647887324	0.6633165829145728	0.0001543781647523	128	108	5	57	40	0	13740	220	0.1538461538461538	1.0	0.0	0.2666666666666667	0	0	14000	0	NA	NA	0.0	NA	19	0	13949	32	0.3725490196078431	1.0	0.0	0.5428571428571428	21	0	13791	188	0.1004784688995215	1.0	0.0	0.1826086956521739	175	13	29	0	0	0	14000	0	NA	NA	0.0	NA
40	5	20	0.001999	0.3	8e-06	2e-06	0.0	0008	sieve	candidate_snvs	smc_mu_sa_stage_1-smc_mu_sa_stage_2	mt	no_cnv	/raid/kang/DelSIEVE/simulation_results/IndelSIEVE_benchmark_pipeline_sa_205/benchmark_results/simulated_data/results/cell_names	/raid/kang/DelSIEVE/simulation_results/IndelSIEVE_benchmark_pipeline_sa_205/benchmark_results/indelsieve/from_candidate/variant_calling/stage2/mt/no_cnv/smc_mu_sa_stage_1-smc_mu_sa_stage_2/0008/indelsieve_median.cell_names	/raid/kang/DelSIEVE/simulation_results/IndelSIEVE_benchmark_pipeline_sa_205/benchmark_results/simulated_data/results/data_type/no_cnv/0008/true_evo_events_sites_names	/raid/kang/DelSIEVE/simulation_results/IndelSIEVE_benchmark_pipeline_sa_205/benchmark_results/indelsieve/from_candidate/variant_calling/stage2/mt/no_cnv/smc_mu_sa_stage_1-smc_mu_sa_stage_2/0008/indelsieve_median.loci_info	/raid/kang/DelSIEVE/simulation_results/IndelSIEVE_benchmark_pipeline_sa_205/benchmark_results/simulated_data/results/data_type/no_cnv/0008/true_evo_events_genotypes_numeric	/raid/kang/DelSIEVE/simulation_results/IndelSIEVE_benchmark_pipeline_sa_205/benchmark_results/indelsieve/from_candidate/variant_calling/stage2/mt/no_cnv/smc_mu_sa_stage_1-smc_mu_sa_stage_2/0008/indelsieve_median.genotypes	/raid/kang/DelSIEVE/simulation_results/IndelSIEVE_benchmark_pipeline_sa_205/benchmark_results/simulated_data/results/data_type/no_cnv/0008/true_evo_events_ternary_matrix.simple	/raid/kang/DelSIEVE/simulation_results/IndelSIEVE_benchmark_pipeline_sa_205/benchmark_results/indelsieve/from_candidate/variant_calling/stage2/mt/no_cnv/smc_mu_sa_stage_1-smc_mu_sa_stage_2/0008/indelsieve_median.ternary	/raid/kang/DelSIEVE/simulation_results/IndelSIEVE_benchmark_pipeline_sa_205/benchmark_results/indelsieve/from_candidate/variant_calling/stage2/mt/no_cnv/smc_mu_sa_stage_1-smc_mu_sa_stage_2/0008/indelsieve_median.probs	4844	91	24337	2568	0.6535348084187803	0.9815602836879432	0.7846440430873896	0.0037252333387915	4837	98	26148	745	0.8665352920100322	0.9801418439716312	0.9198440619948652	0.0037339023089232	4506	203	26379	740	0.8589401448722837	0.9568910596729666	0.9052737317930688	0.0076367466706794	131	95	31540	62	0.6787564766839378	0.5796460176991151	0.6252983293556086	0.003003003003003	193	91	6	56	0	0	13292	628	0.0	NA	0.0	NA	0	0	13905	15	0.0	NA	0.0	NA	0	0	13777	143	0.0	NA	0.0	NA	0	0	13450	470	0.0	NA	0.0	NA	463	7	49	93	0	0	13920	0	NA	NA	0.0	NA
40	5	20	0.001999	0.3	8e-06	2e-06	0.0	0008	indelsieve	candidate_snvs	smc_mudel_sa_stage_1-smc_mudel_sa_stage_2	mt	no_cnv	/raid/kang/DelSIEVE/simulation_results/IndelSIEVE_benchmark_pipeline_sa_205/benchmark_results/simulated_data/results/cell_names	/raid/kang/DelSIEVE/simulation_results/IndelSIEVE_benchmark_pipeline_sa_205/benchmark_results/indelsieve/from_candidate/variant_calling/stage2/mt/no_cnv/smc_mudel_sa_stage_1-smc_mudel_sa_stage_2/0008/indelsieve_median.cell_names	/raid/kang/DelSIEVE/simulation_results/IndelSIEVE_benchmark_pipeline_sa_205/benchmark_results/simulated_data/results/data_type/no_cnv/0008/true_evo_events_sites_names	/raid/kang/DelSIEVE/simulation_results/IndelSIEVE_benchmark_pipeline_sa_205/benchmark_results/indelsieve/from_candidate/variant_calling/stage2/mt/no_cnv/smc_mudel_sa_stage_1-smc_mudel_sa_stage_2/0008/indelsieve_median.loci_info	/raid/kang/DelSIEVE/simulation_results/IndelSIEVE_benchmark_pipeline_sa_205/benchmark_results/simulated_data/results/data_type/no_cnv/0008/true_evo_events_genotypes_numeric	/raid/kang/DelSIEVE/simulation_results/IndelSIEVE_benchmark_pipeline_sa_205/benchmark_results/indelsieve/from_candidate/variant_calling/stage2/mt/no_cnv/smc_mudel_sa_stage_1-smc_mudel_sa_stage_2/0008/indelsieve_median.genotypes	/raid/kang/DelSIEVE/simulation_results/IndelSIEVE_benchmark_pipeline_sa_205/benchmark_results/simulated_data/results/data_type/no_cnv/0008/true_evo_events_ternary_matrix.simple	/raid/kang/DelSIEVE/simulation_results/IndelSIEVE_benchmark_pipeline_sa_205/benchmark_results/indelsieve/from_candidate/variant_calling/stage2/mt/no_cnv/smc_mudel_sa_stage_1-smc_mudel_sa_stage_2/0008/indelsieve_median.ternary	/raid/kang/DelSIEVE/simulation_results/IndelSIEVE_benchmark_pipeline_sa_205/benchmark_results/indelsieve/from_candidate/variant_calling/stage2/mt/no_cnv/smc_mudel_sa_stage_1-smc_mudel_sa_stage_2/0008/indelsieve_median.probs	5059	132	24296	2353	0.6825418240690772	0.9745713735311116	0.8028247242719987	0.0054036351727525	4838	95	26151	744	0.8667144392690792	0.9807419420231096	0.9202092249167856	0.0036195991770174	4506	185	26396	741	0.858776443682104	0.9605627797910892	0.9068222982491448	0.0069598585455776	126	2	31634	66	0.65625	0.984375	0.7875	6.321911746112024e-05	192	88	6	60	326	46	13246	302	0.5191082802547771	0.8763440860215054	0.0034607282575985	0.652	0	0	13905	15	0.0	NA	0.0	NA	112	2	13775	31	0.7832167832167832	0.9824561403508772	0.0001451694853741	0.8715953307392995	199	59	13391	271	0.4234042553191489	0.7713178294573644	0.0043866171003717	0.5467032967032966	264	7	30	0	0	0	13920	0	NA	NA	0.0	NA
40	5	20	0.001999	0.3	8e-06	2e-06	0.0	0009	sieve	candidate_snvs	smc_mu_sa_stage_1-smc_mu_sa_stage_2	mt	no_cnv	/raid/kang/DelSIEVE/simulation_results/IndelSIEVE_benchmark_pipeline_sa_205/benchmark_results/simulated_data/results/cell_names	/raid/kang/DelSIEVE/simulation_results/IndelSIEVE_benchmark_pipeline_sa_205/benchmark_results/indelsieve/from_candidate/variant_calling/stage2/mt/no_cnv/smc_mu_sa_stage_1-smc_mu_sa_stage_2/0009/indelsieve_median.cell_names	/raid/kang/DelSIEVE/simulation_results/IndelSIEVE_benchmark_pipeline_sa_205/benchmark_results/simulated_data/results/data_type/no_cnv/0009/true_evo_events_sites_names	/raid/kang/DelSIEVE/simulation_results/IndelSIEVE_benchmark_pipeline_sa_205/benchmark_results/indelsieve/from_candidate/variant_calling/stage2/mt/no_cnv/smc_mu_sa_stage_1-smc_mu_sa_stage_2/0009/indelsieve_median.loci_info	/raid/kang/DelSIEVE/simulation_results/IndelSIEVE_benchmark_pipeline_sa_205/benchmark_results/simulated_data/results/data_type/no_cnv/0009/true_evo_events_genotypes_numeric	/raid/kang/DelSIEVE/simulation_results/IndelSIEVE_benchmark_pipeline_sa_205/benchmark_results/indelsieve/from_candidate/variant_calling/stage2/mt/no_cnv/smc_mu_sa_stage_1-smc_mu_sa_stage_2/0009/indelsieve_median.genotypes	/raid/kang/DelSIEVE/simulation_results/IndelSIEVE_benchmark_pipeline_sa_205/benchmark_results/simulated_data/results/data_type/no_cnv/0009/true_evo_events_ternary_matrix.simple	/raid/kang/DelSIEVE/simulation_results/IndelSIEVE_benchmark_pipeline_sa_205/benchmark_results/indelsieve/from_candidate/variant_calling/stage2/mt/no_cnv/smc_mu_sa_stage_1-smc_mu_sa_stage_2/0009/indelsieve_median.ternary	/raid/kang/DelSIEVE/simulation_results/IndelSIEVE_benchmark_pipeline_sa_205/benchmark_results/indelsieve/from_candidate/variant_calling/stage2/mt/no_cnv/smc_mu_sa_stage_1-smc_mu_sa_stage_2/0009/indelsieve_median.probs	7719	86	21484	3031	0.718046511627907	0.9889814221652786	0.8320129345189976	0.0039870190078813	7693	112	23881	603	0.9273143683702988	0.9856502242152466	0.9555928203217192	0.0046680281748843	7089	276	24317	607	0.9211278586278586	0.9625254582484724	0.9413717548635548	0.0112227056479486	285	155	31747	102	0.7364341085271318	0.6477272727272727	0.6892382103990327	0.004858629553006	387	86	7	95	0	0	18068	732	0.0	NA	0.0	NA	0	0	18794	6	0.0	NA	0.0	NA	0	0	18587	213	0.0	NA	0.0	NA	0	0	18287	513	0.0	NA	0.0	NA	488	25	69	144	0	0	18800	0	NA	NA	0.0	NA
40	5	20	0.001999	0.3	8e-06	2e-06	0.0	0009	indelsieve	candidate_snvs	smc_mudel_sa_stage_1-smc_mudel_sa_stage_2	mt	no_cnv	/raid/kang/DelSIEVE/simulation_results/IndelSIEVE_benchmark_pipeline_sa_205/benchmark_results/simulated_data/results/cell_names	/raid/kang/DelSIEVE/simulation_results/IndelSIEVE_benchmark_pipeline_sa_205/benchmark_results/indelsieve/from_candidate/variant_calling/stage2/mt/no_cnv/smc_mudel_sa_stage_1-smc_mudel_sa_stage_2/0009/indelsieve_median.cell_names	/raid/kang/DelSIEVE/simulation_results/IndelSIEVE_benchmark_pipeline_sa_205/benchmark_results/simulated_data/results/data_type/no_cnv/0009/true_evo_events_sites_names	/raid/kang/DelSIEVE/simulation_results/IndelSIEVE_benchmark_pipeline_sa_205/benchmark_results/indelsieve/from_candidate/variant_calling/stage2/mt/no_cnv/smc_mudel_sa_stage_1-smc_mudel_sa_stage_2/0009/indelsieve_median.loci_info	/raid/kang/DelSIEVE/simulation_results/IndelSIEVE_benchmark_pipeline_sa_205/benchmark_results/simulated_data/results/data_type/no_cnv/0009/true_evo_events_genotypes_numeric	/raid/kang/DelSIEVE/simulation_results/IndelSIEVE_benchmark_pipeline_sa_205/benchmark_results/indelsieve/from_candidate/variant_calling/stage2/mt/no_cnv/smc_mudel_sa_stage_1-smc_mudel_sa_stage_2/0009/indelsieve_median.genotypes	/raid/kang/DelSIEVE/simulation_results/IndelSIEVE_benchmark_pipeline_sa_205/benchmark_results/simulated_data/results/data_type/no_cnv/0009/true_evo_events_ternary_matrix.simple	/raid/kang/DelSIEVE/simulation_results/IndelSIEVE_benchmark_pipeline_sa_205/benchmark_results/indelsieve/from_candidate/variant_calling/stage2/mt/no_cnv/smc_mudel_sa_stage_1-smc_mudel_sa_stage_2/0009/indelsieve_median.ternary	/raid/kang/DelSIEVE/simulation_results/IndelSIEVE_benchmark_pipeline_sa_205/benchmark_results/indelsieve/from_candidate/variant_calling/stage2/mt/no_cnv/smc_mudel_sa_stage_1-smc_mudel_sa_stage_2/0009/indelsieve_median.probs	7792	131	21439	2958	0.7248372093023255	0.983465858891834	0.8345739838269158	0.0060732498840982	7693	104	23889	603	0.9273143683702988	0.9866615364883928	0.9560678555893868	0.004334597590964	7076	233	24360	620	0.9194386694386696	0.9681214940484334	0.943152282572476	0.0094742406375798	288	38	31864	99	0.7441860465116279	0.8834355828220859	0.8078541374474053	0.0011911478904143	387	82	7	92	222	66	18002	510	0.3032786885245901	0.7708333333333334	0.0036528669470887	0.4352941176470589	0	0	18794	6	0.0	NA	0.0	NA	142	20	18567	71	0.6666666666666666	0.8765432098765432	0.0010760208748049	0.7573333333333333	74	52	18235	439	0.1442495126705653	0.5873015873015873	0.0028435500628862	0.2316118935837245	418	16	43	28	0	0	18800	0	NA	NA	0.0	NA
40	5	20	0.001999	0.3	8e-06	2e-06	0.0	0010	sieve	candidate_snvs	smc_mu_sa_stage_1-smc_mu_sa_stage_2	mt	no_cnv	/raid/kang/DelSIEVE/simulation_results/IndelSIEVE_benchmark_pipeline_sa_205/benchmark_results/simulated_data/results/cell_names	/raid/kang/DelSIEVE/simulation_results/IndelSIEVE_benchmark_pipeline_sa_205/benchmark_results/indelsieve/from_candidate/variant_calling/stage2/mt/no_cnv/smc_mu_sa_stage_1-smc_mu_sa_stage_2/0010/indelsieve_median.cell_names	/raid/kang/DelSIEVE/simulation_results/IndelSIEVE_benchmark_pipeline_sa_205/benchmark_results/simulated_data/results/data_type/no_cnv/0010/true_evo_events_sites_names	/raid/kang/DelSIEVE/simulation_results/IndelSIEVE_benchmark_pipeline_sa_205/benchmark_results/indelsieve/from_candidate/variant_calling/stage2/mt/no_cnv/smc_mu_sa_stage_1-smc_mu_sa_stage_2/0010/indelsieve_median.loci_info	/raid/kang/DelSIEVE/simulation_results/IndelSIEVE_benchmark_pipeline_sa_205/benchmark_results/simulated_data/results/data_type/no_cnv/0010/true_evo_events_genotypes_numeric	/raid/kang/DelSIEVE/simulation_results/IndelSIEVE_benchmark_pipeline_sa_205/benchmark_results/indelsieve/from_candidate/variant_calling/stage2/mt/no_cnv/smc_mu_sa_stage_1-smc_mu_sa_stage_2/0010/indelsieve_median.genotypes	/raid/kang/DelSIEVE/simulation_results/IndelSIEVE_benchmark_pipeline_sa_205/benchmark_results/simulated_data/results/data_type/no_cnv/0010/true_evo_events_ternary_matrix.simple	/raid/kang/DelSIEVE/simulation_results/IndelSIEVE_benchmark_pipeline_sa_205/benchmark_results/indelsieve/from_candidate/variant_calling/stage2/mt/no_cnv/smc_mu_sa_stage_1-smc_mu_sa_stage_2/0010/indelsieve_median.ternary	/raid/kang/DelSIEVE/simulation_results/IndelSIEVE_benchmark_pipeline_sa_205/benchmark_results/indelsieve/from_candidate/variant_calling/stage2/mt/no_cnv/smc_mu_sa_stage_1-smc_mu_sa_stage_2/0010/indelsieve_median.probs	4306	109	20334	2011	0.6816526832357132	0.9753114382785956	0.8024599329109207	0.0053318984493469	4285	130	21610	727	0.8549481245011972	0.970554926387316	0.9090909090909092	0.0059797608095676	4033	246	21752	721	0.8483382414808582	0.9425099322271558	0.8929480792649175	0.0111828348031639	63	73	26555	61	0.5080645161290323	0.4632352941176471	0.4846153846153846	0.0027414751389514	124	109	12	49	0	0	10648	392	0.0	NA	0.0	NA	0	0	11040	0	NA	NA	0.0	NA	0	0	10906	134	0.0	NA	0.0	NA	0	0	10782	258	0.0	NA	0.0	NA	237	21	67	67	0	0	11040	0	NA	NA	0.0	NA
40	5	20	0.001999	0.3	8e-06	2e-06	0.0	0010	indelsieve	candidate_snvs	smc_mudel_sa_stage_1-smc_mudel_sa_stage_2	mt	no_cnv	/raid/kang/DelSIEVE/simulation_results/IndelSIEVE_benchmark_pipeline_sa_205/benchmark_results/simulated_data/results/cell_names	/raid/kang/DelSIEVE/simulation_results/IndelSIEVE_benchmark_pipeline_sa_205/benchmark_results/indelsieve/from_candidate/variant_calling/stage2/mt/no_cnv/smc_mudel_sa_stage_1-smc_mudel_sa_stage_2/0010/indelsieve_median.cell_names	/raid/kang/DelSIEVE/simulation_results/IndelSIEVE_benchmark_pipeline_sa_205/benchmark_results/simulated_data/results/data_type/no_cnv/0010/true_evo_events_sites_names	/raid/kang/DelSIEVE/simulation_results/IndelSIEVE_benchmark_pipeline_sa_205/benchmark_results/indelsieve/from_candidate/variant_calling/stage2/mt/no_cnv/smc_mudel_sa_stage_1-smc_mudel_sa_stage_2/0010/indelsieve_median.loci_info	/raid/kang/DelSIEVE/simulation_results/IndelSIEVE_benchmark_pipeline_sa_205/benchmark_results/simulated_data/results/data_type/no_cnv/0010/true_evo_events_genotypes_numeric	/raid/kang/DelSIEVE/simulation_results/IndelSIEVE_benchmark_pipeline_sa_205/benchmark_results/indelsieve/from_candidate/variant_calling/stage2/mt/no_cnv/smc_mudel_sa_stage_1-smc_mudel_sa_stage_2/0010/indelsieve_median.genotypes	/raid/kang/DelSIEVE/simulation_results/IndelSIEVE_benchmark_pipeline_sa_205/benchmark_results/simulated_data/results/data_type/no_cnv/0010/true_evo_events_ternary_matrix.simple	/raid/kang/DelSIEVE/simulation_results/IndelSIEVE_benchmark_pipeline_sa_205/benchmark_results/indelsieve/from_candidate/variant_calling/stage2/mt/no_cnv/smc_mudel_sa_stage_1-smc_mudel_sa_stage_2/0010/indelsieve_median.ternary	/raid/kang/DelSIEVE/simulation_results/IndelSIEVE_benchmark_pipeline_sa_205/benchmark_results/indelsieve/from_candidate/variant_calling/stage2/mt/no_cnv/smc_mudel_sa_stage_1-smc_mudel_sa_stage_2/0010/indelsieve_median.probs	4435	114	20329	1882	0.7020737691942378	0.9749395471532204	0.8163077489416529	0.0055764809470234	4282	136	21604	730	0.8543495610534717	0.9692168401991852	0.9081654294803818	0.0062557497700091	4031	229	21769	723	0.8479175431215819	0.9462441314553992	0.8943865098735302	0.010410037276116	61	14	26614	63	0.4919354838709677	0.8133333333333334	0.6130653266331659	0.0005257623554153	124	114	12	51	214	0	10648	178	0.5459183673469388	1.0	0.0	0.7062706270627063	0	0	11040	0	NA	NA	0.0	NA	83	0	10906	51	0.6194029850746269	1.0	0.0	0.7649769585253456	130	1	10781	128	0.5038759689922481	0.9923664122137404	9.274717121127804e-05	0.6683804627249357	106	22	42	8	0	0	11040	0	NA	NA	0.0	NA
