cell_num	coverage_mean	coverage_variance	eff_seq_err_rate	ado_rate	mutation_rate	deletion_rate	insertion_rate	dataset	tool	snv_type	tool_setup	fine_tune_type	data_type	true_cell_names	cell_names	true_loci_info	loci_info	true_genotypes	genotypes	true_ternary	ternary	genotype_probs	true_positive	false_positive	true_negative	false_negative	recall	precision	f1_score	fall_out	true_positive_mu	false_positive_mu	true_negative_mu	false_negative_mu	recall_mu	precision_mu	f1_score_mu	fall_out_mu	true_positive_hetero_mu	false_positive_hetero_mu	true_negative_hetero_mu	false_negative_hetero_mu	recall_hetero_mu	precision_hetero_mu	f1_score_hetero_mu	fall_out_hetero_mu	true_positive_homo_mu	false_positive_homo_mu	true_negative_homo_mu	false_negative_homo_mu	recall_homo_mu	precision_homo_mu	f1_score_homo_mu	fall_out_homo_mu	true_homo_mu	true_homo_ref_as_hetero_mu	true_homo_mu_as_homo_ref	true_homo_mu_as_hetero_mu	true_positive_del	false_positive_del	true_negative_del	false_negative_del	recall_del	precision_del	fall_out_del	f1_score_del	true_positive_all_del	false_positive_all_del	true_negative_all_del	false_negative_all_del	recall_all_del	precision_all_del	fall_out_all_del	f1_score_all_del	true_positive_del_alt_left	false_positive_del_alt_left	true_negative_del_alt_left	false_negative_del_alt_left	recall_del_alt_left	precision_del_alt_left	fall_out_del_alt_left	f1_score_del_alt_left	true_positive_del_ref_left	false_positive_del_ref_left	true_negative_del_ref_left	false_negative_del_ref_left	recall_del_ref_left	precision_del_ref_left	fall_out_del_ref_left	f1_score_del_ref_left	true_del_ref_left_as_homo_ref	true_del_ref_left_as_hetero_mu	true_del_alt_left_as_hetero_mu	true_del_alt_left_as_homo_mu	true_positive_amp	false_positive_amp	true_negative_amp	false_negative_amp	recall_amp	precision_amp	fall_out_amp	f1_score_amp
40	20	2	0.001999	0.3	3e-05	3e-06	0.0	0001	monovar	NA	true_parameters	NA	no_cnv	/raid/kang/DelSIEVE/simulation_results/IndelSIEVE_benchmark_pipeline_sa_003/benchmark_results/simulated_data/results/cell_names	/raid/kang/DelSIEVE/simulation_results/IndelSIEVE_benchmark_pipeline_sa_003/benchmark_results/monovar/from_true_params/no_cnv/0001/post_processed/filtered.cell_names	/raid/kang/DelSIEVE/simulation_results/IndelSIEVE_benchmark_pipeline_sa_003/benchmark_results/simulated_data/results/data_type/no_cnv/0001/true_evo_events_sites_names	/raid/kang/DelSIEVE/simulation_results/IndelSIEVE_benchmark_pipeline_sa_003/benchmark_results/monovar/from_true_params/no_cnv/0001/post_processed/filtered.loci_info	/raid/kang/DelSIEVE/simulation_results/IndelSIEVE_benchmark_pipeline_sa_003/benchmark_results/simulated_data/results/data_type/no_cnv/0001/true_evo_events_genotypes_numeric	/raid/kang/DelSIEVE/simulation_results/IndelSIEVE_benchmark_pipeline_sa_003/benchmark_results/monovar/from_true_params/no_cnv/0001/post_processed/filtered.genotypes	/raid/kang/DelSIEVE/simulation_results/IndelSIEVE_benchmark_pipeline_sa_003/benchmark_results/simulated_data/results/data_type/no_cnv/0001/true_evo_events_ternary_matrix.simple	/raid/kang/DelSIEVE/simulation_results/IndelSIEVE_benchmark_pipeline_sa_003/benchmark_results/monovar/from_true_params/no_cnv/0001/post_processed/filtered.ternary	/raid/kang/DelSIEVE/simulation_results/IndelSIEVE_benchmark_pipeline_sa_003/benchmark_results/monovar/from_true_params/no_cnv/0001/post_processed/filtered.genotype_probs	8247	2	15831	4200	0.6625692938057364	0.9997575463692568	0.7969655972168534	0.0001263184488094	7937	3	17080	3231	0.7106912607449857	0.9996221662468514	0.8307515176889261	0.0001756131826962	4828	289	18457	4677	0.5079431877958969	0.9435215946843852	0.6603747777321843	0.0154166222127387	1132	1691	25127	301	0.7899511514305653	0.4009918526390365	0.5319548872180451	0.0630546647773883	1433	2	47	254	309	0	26771	1200	0.2047713717693837	1.0	0.0	0.3399339933993399	9	300	27940	31	0.225	0.029126213592233	0.0106232294617563	0.0515759312320916	0	0	28021	259	0.0	NA	0.0	NA	0	0	27070	1210	0.0	NA	0.0	NA	965	1	32	133	0	0	28280	0	NA	NA	0.0	NA
40	20	2	0.001999	0.3	3e-05	3e-06	0.0	0002	monovar	NA	true_parameters	NA	no_cnv	/raid/kang/DelSIEVE/simulation_results/IndelSIEVE_benchmark_pipeline_sa_003/benchmark_results/simulated_data/results/cell_names	/raid/kang/DelSIEVE/simulation_results/IndelSIEVE_benchmark_pipeline_sa_003/benchmark_results/monovar/from_true_params/no_cnv/0002/post_processed/filtered.cell_names	/raid/kang/DelSIEVE/simulation_results/IndelSIEVE_benchmark_pipeline_sa_003/benchmark_results/simulated_data/results/data_type/no_cnv/0002/true_evo_events_sites_names	/raid/kang/DelSIEVE/simulation_results/IndelSIEVE_benchmark_pipeline_sa_003/benchmark_results/monovar/from_true_params/no_cnv/0002/post_processed/filtered.loci_info	/raid/kang/DelSIEVE/simulation_results/IndelSIEVE_benchmark_pipeline_sa_003/benchmark_results/simulated_data/results/data_type/no_cnv/0002/true_evo_events_genotypes_numeric	/raid/kang/DelSIEVE/simulation_results/IndelSIEVE_benchmark_pipeline_sa_003/benchmark_results/monovar/from_true_params/no_cnv/0002/post_processed/filtered.genotypes	/raid/kang/DelSIEVE/simulation_results/IndelSIEVE_benchmark_pipeline_sa_003/benchmark_results/simulated_data/results/data_type/no_cnv/0002/true_evo_events_ternary_matrix.simple	/raid/kang/DelSIEVE/simulation_results/IndelSIEVE_benchmark_pipeline_sa_003/benchmark_results/monovar/from_true_params/no_cnv/0002/post_processed/filtered.ternary	/raid/kang/DelSIEVE/simulation_results/IndelSIEVE_benchmark_pipeline_sa_003/benchmark_results/monovar/from_true_params/no_cnv/0002/post_processed/filtered.genotype_probs	6322	4	18942	3492	0.6441817811289994	0.9993676889029404	0.7833952912019826	0.0002111263591259	6169	4	19832	2745	0.692057437738389	0.999352016847562	0.8177901504606615	0.0002016535591853	4136	169	20585	3860	0.5172586293146574	0.9607433217189316	0.6724656531989269	0.0081430085766599	617	1251	26717	165	0.789002557544757	0.3302997858672377	0.4656603773584906	0.0447296910755148	782	4	24	141	153	0	27724	883	0.1476833976833977	1.0	0.0	0.257359125315391	1	152	28599	8	0.1111111111111111	0.0065359477124183	0.0052867726339953	0.0123456790123456	0	0	28614	146	0.0	NA	0.0	NA	0	0	27879	881	0.0	NA	0.0	NA	765	0	24	69	0	0	28760	0	NA	NA	0.0	NA
40	20	2	0.001999	0.3	3e-05	3e-06	0.0	0003	monovar	NA	true_parameters	NA	no_cnv	/raid/kang/DelSIEVE/simulation_results/IndelSIEVE_benchmark_pipeline_sa_003/benchmark_results/simulated_data/results/cell_names	/raid/kang/DelSIEVE/simulation_results/IndelSIEVE_benchmark_pipeline_sa_003/benchmark_results/monovar/from_true_params/no_cnv/0003/post_processed/filtered.cell_names	/raid/kang/DelSIEVE/simulation_results/IndelSIEVE_benchmark_pipeline_sa_003/benchmark_results/simulated_data/results/data_type/no_cnv/0003/true_evo_events_sites_names	/raid/kang/DelSIEVE/simulation_results/IndelSIEVE_benchmark_pipeline_sa_003/benchmark_results/monovar/from_true_params/no_cnv/0003/post_processed/filtered.loci_info	/raid/kang/DelSIEVE/simulation_results/IndelSIEVE_benchmark_pipeline_sa_003/benchmark_results/simulated_data/results/data_type/no_cnv/0003/true_evo_events_genotypes_numeric	/raid/kang/DelSIEVE/simulation_results/IndelSIEVE_benchmark_pipeline_sa_003/benchmark_results/monovar/from_true_params/no_cnv/0003/post_processed/filtered.genotypes	/raid/kang/DelSIEVE/simulation_results/IndelSIEVE_benchmark_pipeline_sa_003/benchmark_results/simulated_data/results/data_type/no_cnv/0003/true_evo_events_ternary_matrix.simple	/raid/kang/DelSIEVE/simulation_results/IndelSIEVE_benchmark_pipeline_sa_003/benchmark_results/monovar/from_true_params/no_cnv/0003/post_processed/filtered.ternary	/raid/kang/DelSIEVE/simulation_results/IndelSIEVE_benchmark_pipeline_sa_003/benchmark_results/monovar/from_true_params/no_cnv/0003/post_processed/filtered.genotype_probs	9821	0	10804	4535	0.6841042073000836	1.0	0.8124250320552592	0.0	9326	0	12337	3481	0.7281955180760522	1.0	0.8427235349929969	0.0	5025	268	14785	5066	0.4979684867703894	0.9493670886075948	0.6532761310452417	0.0178037600478309	1894	2139	20842	269	0.8756356911696718	0.4696255888916439	0.6113621691413815	0.0930768896044558	2163	0	51	218	495	0	23058	1607	0.2354900095147478	1.0	0.0	0.3812090874085483	38	457	24603	62	0.38	0.0767676767676767	0.0182362330407023	0.1277310924369747	0	0	24591	569	0.0	NA	0.0	NA	0	0	23727	1433	0.0	NA	0.0	NA	1141	0	50	332	0	0	25160	0	NA	NA	0.0	NA
40	20	2	0.001999	0.3	3e-05	3e-06	0.0	0004	monovar	NA	true_parameters	NA	no_cnv	/raid/kang/DelSIEVE/simulation_results/IndelSIEVE_benchmark_pipeline_sa_003/benchmark_results/simulated_data/results/cell_names	/raid/kang/DelSIEVE/simulation_results/IndelSIEVE_benchmark_pipeline_sa_003/benchmark_results/monovar/from_true_params/no_cnv/0004/post_processed/filtered.cell_names	/raid/kang/DelSIEVE/simulation_results/IndelSIEVE_benchmark_pipeline_sa_003/benchmark_results/simulated_data/results/data_type/no_cnv/0004/true_evo_events_sites_names	/raid/kang/DelSIEVE/simulation_results/IndelSIEVE_benchmark_pipeline_sa_003/benchmark_results/monovar/from_true_params/no_cnv/0004/post_processed/filtered.loci_info	/raid/kang/DelSIEVE/simulation_results/IndelSIEVE_benchmark_pipeline_sa_003/benchmark_results/simulated_data/results/data_type/no_cnv/0004/true_evo_events_genotypes_numeric	/raid/kang/DelSIEVE/simulation_results/IndelSIEVE_benchmark_pipeline_sa_003/benchmark_results/monovar/from_true_params/no_cnv/0004/post_processed/filtered.genotypes	/raid/kang/DelSIEVE/simulation_results/IndelSIEVE_benchmark_pipeline_sa_003/benchmark_results/simulated_data/results/data_type/no_cnv/0004/true_evo_events_ternary_matrix.simple	/raid/kang/DelSIEVE/simulation_results/IndelSIEVE_benchmark_pipeline_sa_003/benchmark_results/monovar/from_true_params/no_cnv/0004/post_processed/filtered.ternary	/raid/kang/DelSIEVE/simulation_results/IndelSIEVE_benchmark_pipeline_sa_003/benchmark_results/monovar/from_true_params/no_cnv/0004/post_processed/filtered.genotype_probs	10012	0	13701	4807	0.6756191375936298	1.0	0.8064113406628811	0.0	9562	0	14989	3956	0.7073531587512946	1.0	0.8285961871750432	0.0	5422	319	17296	5470	0.4977965479250826	0.9444347674621146	0.6519569530451512	0.0181095657110417	1755	2066	24400	286	0.8598726114649682	0.4593038471604292	0.5987717502558854	0.0780624197083049	2041	0	45	241	450	0	26634	1436	0.2386002120890774	1.0	0.0	0.3852739726027397	32	418	28040	30	0.5161290322580645	0.0711111111111111	0.014688312601026	0.125	0	0	27922	598	0.0	NA	0.0	NA	0	0	27294	1226	0.0	NA	0.0	NA	985	0	78	309	0	0	28520	0	NA	NA	0.0	NA
40	20	2	0.001999	0.3	3e-05	3e-06	0.0	0005	monovar	NA	true_parameters	NA	no_cnv	/raid/kang/DelSIEVE/simulation_results/IndelSIEVE_benchmark_pipeline_sa_003/benchmark_results/simulated_data/results/cell_names	/raid/kang/DelSIEVE/simulation_results/IndelSIEVE_benchmark_pipeline_sa_003/benchmark_results/monovar/from_true_params/no_cnv/0005/post_processed/filtered.cell_names	/raid/kang/DelSIEVE/simulation_results/IndelSIEVE_benchmark_pipeline_sa_003/benchmark_results/simulated_data/results/data_type/no_cnv/0005/true_evo_events_sites_names	/raid/kang/DelSIEVE/simulation_results/IndelSIEVE_benchmark_pipeline_sa_003/benchmark_results/monovar/from_true_params/no_cnv/0005/post_processed/filtered.loci_info	/raid/kang/DelSIEVE/simulation_results/IndelSIEVE_benchmark_pipeline_sa_003/benchmark_results/simulated_data/results/data_type/no_cnv/0005/true_evo_events_genotypes_numeric	/raid/kang/DelSIEVE/simulation_results/IndelSIEVE_benchmark_pipeline_sa_003/benchmark_results/monovar/from_true_params/no_cnv/0005/post_processed/filtered.genotypes	/raid/kang/DelSIEVE/simulation_results/IndelSIEVE_benchmark_pipeline_sa_003/benchmark_results/simulated_data/results/data_type/no_cnv/0005/true_evo_events_ternary_matrix.simple	/raid/kang/DelSIEVE/simulation_results/IndelSIEVE_benchmark_pipeline_sa_003/benchmark_results/monovar/from_true_params/no_cnv/0005/post_processed/filtered.ternary	/raid/kang/DelSIEVE/simulation_results/IndelSIEVE_benchmark_pipeline_sa_003/benchmark_results/monovar/from_true_params/no_cnv/0005/post_processed/filtered.genotype_probs	7399	158	8862	3661	0.6689873417721519	0.9790922323673416	0.7948649084170382	0.0175166297117516	6804	1	10080	3193	0.6806041812543763	0.9998530492285084	0.8099035829067968	9.919650828290844e-05	3851	178	11673	4376	0.4680928649568494	0.955820302804666	0.6284268929503916	0.0150198295502489	1063	1713	17093	209	0.835691823899371	0.3829250720461095	0.525197628458498	0.0910879506540465	1272	1	44	136	379	373	18146	1182	0.2427930813581038	0.5039893617021277	0.0201414763216156	0.3277129269347169	9	743	19284	44	0.1698113207547169	0.0119680851063829	0.0370999151145952	0.0223602484472049	0	0	19580	500	0.0	NA	0.0	NA	0	0	19072	1008	0.0	NA	0.0	NA	782	0	41	296	0	0	20080	0	NA	NA	0.0	NA
40	20	2	0.001999	0.3	3e-05	3e-06	0.0	0006	monovar	NA	true_parameters	NA	no_cnv	/raid/kang/DelSIEVE/simulation_results/IndelSIEVE_benchmark_pipeline_sa_003/benchmark_results/simulated_data/results/cell_names	/raid/kang/DelSIEVE/simulation_results/IndelSIEVE_benchmark_pipeline_sa_003/benchmark_results/monovar/from_true_params/no_cnv/0006/post_processed/filtered.cell_names	/raid/kang/DelSIEVE/simulation_results/IndelSIEVE_benchmark_pipeline_sa_003/benchmark_results/simulated_data/results/data_type/no_cnv/0006/true_evo_events_sites_names	/raid/kang/DelSIEVE/simulation_results/IndelSIEVE_benchmark_pipeline_sa_003/benchmark_results/monovar/from_true_params/no_cnv/0006/post_processed/filtered.loci_info	/raid/kang/DelSIEVE/simulation_results/IndelSIEVE_benchmark_pipeline_sa_003/benchmark_results/simulated_data/results/data_type/no_cnv/0006/true_evo_events_genotypes_numeric	/raid/kang/DelSIEVE/simulation_results/IndelSIEVE_benchmark_pipeline_sa_003/benchmark_results/monovar/from_true_params/no_cnv/0006/post_processed/filtered.genotypes	/raid/kang/DelSIEVE/simulation_results/IndelSIEVE_benchmark_pipeline_sa_003/benchmark_results/simulated_data/results/data_type/no_cnv/0006/true_evo_events_ternary_matrix.simple	/raid/kang/DelSIEVE/simulation_results/IndelSIEVE_benchmark_pipeline_sa_003/benchmark_results/monovar/from_true_params/no_cnv/0006/post_processed/filtered.ternary	/raid/kang/DelSIEVE/simulation_results/IndelSIEVE_benchmark_pipeline_sa_003/benchmark_results/monovar/from_true_params/no_cnv/0006/post_processed/filtered.genotype_probs	8201	1	16253	4145	0.6642637291430423	0.9998780785174348	0.7982285380572319	6.152331733727083e-05	7913	1	17494	3185	0.7130113533970085	0.9998736416477128	0.8324216284451925	5.715918833952558e-05	5057	201	18712	4623	0.5224173553719008	0.9617725370863446	0.6770652028383988	0.0106276106381853	1012	1644	25725	212	0.826797385620915	0.3810240963855422	0.5216494845360824	0.060067960100844	1224	1	35	177	288	0	27158	1154	0.1997226074895977	1.0	0.0	0.3329479768786127	9	279	28310	2	0.8181818181818182	0.03125	0.0097589982160971	0.060200668896321	0	0	28399	201	0.0	NA	0.0	NA	0	0	27370	1230	0.0	NA	0.0	NA	1011	0	23	106	0	0	28600	0	NA	NA	0.0	NA
40	20	2	0.001999	0.3	3e-05	3e-06	0.0	0007	monovar	NA	true_parameters	NA	no_cnv	/raid/kang/DelSIEVE/simulation_results/IndelSIEVE_benchmark_pipeline_sa_003/benchmark_results/simulated_data/results/cell_names	/raid/kang/DelSIEVE/simulation_results/IndelSIEVE_benchmark_pipeline_sa_003/benchmark_results/monovar/from_true_params/no_cnv/0007/post_processed/filtered.cell_names	/raid/kang/DelSIEVE/simulation_results/IndelSIEVE_benchmark_pipeline_sa_003/benchmark_results/simulated_data/results/data_type/no_cnv/0007/true_evo_events_sites_names	/raid/kang/DelSIEVE/simulation_results/IndelSIEVE_benchmark_pipeline_sa_003/benchmark_results/monovar/from_true_params/no_cnv/0007/post_processed/filtered.loci_info	/raid/kang/DelSIEVE/simulation_results/IndelSIEVE_benchmark_pipeline_sa_003/benchmark_results/simulated_data/results/data_type/no_cnv/0007/true_evo_events_genotypes_numeric	/raid/kang/DelSIEVE/simulation_results/IndelSIEVE_benchmark_pipeline_sa_003/benchmark_results/monovar/from_true_params/no_cnv/0007/post_processed/filtered.genotypes	/raid/kang/DelSIEVE/simulation_results/IndelSIEVE_benchmark_pipeline_sa_003/benchmark_results/simulated_data/results/data_type/no_cnv/0007/true_evo_events_ternary_matrix.simple	/raid/kang/DelSIEVE/simulation_results/IndelSIEVE_benchmark_pipeline_sa_003/benchmark_results/monovar/from_true_params/no_cnv/0007/post_processed/filtered.ternary	/raid/kang/DelSIEVE/simulation_results/IndelSIEVE_benchmark_pipeline_sa_003/benchmark_results/monovar/from_true_params/no_cnv/0007/post_processed/filtered.genotype_probs	8633	2	15274	4531	0.6558037070799149	0.9997683844817604	0.792054681407404	0.0001309243257397	8162	1	16640	3630	0.6921641791044776	0.9998774960186206	0.8180405913304937	6.009254251547383e-05	4993	279	18090	5071	0.4961248012718601	0.9470789074355084	0.6511476264997392	0.0151886330230279	1085	1806	25274	268	0.8019216555801921	0.3753026634382566	0.5113100848256361	0.0666912850812407	1353	1	52	216	471	1	26692	1276	0.26960503720664	0.9978813559322034	3.746300528228374e-05	0.4245155475439388	16	456	27967	1	0.9411764705882352	0.0338983050847457	0.0160433451782007	0.0654396728016359	0	0	28058	382	0.0	NA	0.0	NA	0	0	27092	1348	0.0	NA	0.0	NA	1016	0	62	172	0	0	28440	0	NA	NA	0.0	NA
40	20	2	0.001999	0.3	3e-05	3e-06	0.0	0008	monovar	NA	true_parameters	NA	no_cnv	/raid/kang/DelSIEVE/simulation_results/IndelSIEVE_benchmark_pipeline_sa_003/benchmark_results/simulated_data/results/cell_names	/raid/kang/DelSIEVE/simulation_results/IndelSIEVE_benchmark_pipeline_sa_003/benchmark_results/monovar/from_true_params/no_cnv/0008/post_processed/filtered.cell_names	/raid/kang/DelSIEVE/simulation_results/IndelSIEVE_benchmark_pipeline_sa_003/benchmark_results/simulated_data/results/data_type/no_cnv/0008/true_evo_events_sites_names	/raid/kang/DelSIEVE/simulation_results/IndelSIEVE_benchmark_pipeline_sa_003/benchmark_results/monovar/from_true_params/no_cnv/0008/post_processed/filtered.loci_info	/raid/kang/DelSIEVE/simulation_results/IndelSIEVE_benchmark_pipeline_sa_003/benchmark_results/simulated_data/results/data_type/no_cnv/0008/true_evo_events_genotypes_numeric	/raid/kang/DelSIEVE/simulation_results/IndelSIEVE_benchmark_pipeline_sa_003/benchmark_results/monovar/from_true_params/no_cnv/0008/post_processed/filtered.genotypes	/raid/kang/DelSIEVE/simulation_results/IndelSIEVE_benchmark_pipeline_sa_003/benchmark_results/simulated_data/results/data_type/no_cnv/0008/true_evo_events_ternary_matrix.simple	/raid/kang/DelSIEVE/simulation_results/IndelSIEVE_benchmark_pipeline_sa_003/benchmark_results/monovar/from_true_params/no_cnv/0008/post_processed/filtered.ternary	/raid/kang/DelSIEVE/simulation_results/IndelSIEVE_benchmark_pipeline_sa_003/benchmark_results/monovar/from_true_params/no_cnv/0008/post_processed/filtered.genotype_probs	7751	0	16579	4310	0.6426498631954233	1.0	0.7824550777306684	0.0	7386	0	18047	3205	0.6973845718062506	1.0	0.8217166379262391	0.0	4704	202	19170	4562	0.507662421756961	0.9588259274357928	0.663844199830652	0.0104274210200289	879	1601	25955	203	0.8123844731977818	0.3544354838709677	0.493542953396968	0.0580998693569458	1082	0	30	173	365	0	26927	1348	0.2130764740221833	1.0	0.0	0.3512993262752646	11	354	28273	2	0.8461538461538461	0.0301369863013698	0.0123659482306913	0.0582010582010582	0	0	28395	245	0.0	NA	0.0	NA	0	0	27185	1455	0.0	NA	0.0	NA	1169	0	29	138	0	0	28640	0	NA	NA	0.0	NA
40	20	2	0.001999	0.3	3e-05	3e-06	0.0	0009	monovar	NA	true_parameters	NA	no_cnv	/raid/kang/DelSIEVE/simulation_results/IndelSIEVE_benchmark_pipeline_sa_003/benchmark_results/simulated_data/results/cell_names	/raid/kang/DelSIEVE/simulation_results/IndelSIEVE_benchmark_pipeline_sa_003/benchmark_results/monovar/from_true_params/no_cnv/0009/post_processed/filtered.cell_names	/raid/kang/DelSIEVE/simulation_results/IndelSIEVE_benchmark_pipeline_sa_003/benchmark_results/simulated_data/results/data_type/no_cnv/0009/true_evo_events_sites_names	/raid/kang/DelSIEVE/simulation_results/IndelSIEVE_benchmark_pipeline_sa_003/benchmark_results/monovar/from_true_params/no_cnv/0009/post_processed/filtered.loci_info	/raid/kang/DelSIEVE/simulation_results/IndelSIEVE_benchmark_pipeline_sa_003/benchmark_results/simulated_data/results/data_type/no_cnv/0009/true_evo_events_genotypes_numeric	/raid/kang/DelSIEVE/simulation_results/IndelSIEVE_benchmark_pipeline_sa_003/benchmark_results/monovar/from_true_params/no_cnv/0009/post_processed/filtered.genotypes	/raid/kang/DelSIEVE/simulation_results/IndelSIEVE_benchmark_pipeline_sa_003/benchmark_results/simulated_data/results/data_type/no_cnv/0009/true_evo_events_ternary_matrix.simple	/raid/kang/DelSIEVE/simulation_results/IndelSIEVE_benchmark_pipeline_sa_003/benchmark_results/monovar/from_true_params/no_cnv/0009/post_processed/filtered.ternary	/raid/kang/DelSIEVE/simulation_results/IndelSIEVE_benchmark_pipeline_sa_003/benchmark_results/monovar/from_true_params/no_cnv/0009/post_processed/filtered.genotype_probs	7904	0	10671	4065	0.6603726292923385	1.0	0.7954511145775676	0.0	7445	0	11876	3318	0.6917216389482487	1.0	0.8177724077328646	0.0	4079	248	13806	4506	0.4751310425160163	0.94268546336954	0.631815365551425	0.0176462217162373	1465	1653	19281	240	0.8592375366568915	0.4698524695317511	0.6075057018453245	0.0789624534250501	1705	0	47	193	456	3	20958	1223	0.2715902322811197	0.9934640522875816	0.0001431229426077	0.4265668849391956	7	452	22181	0	1.0	0.0152505446623093	0.0199708390403393	0.0300429184549356	0	0	22166	474	0.0	NA	0.0	NA	0	0	21442	1198	0.0	NA	0.0	NA	895	0	55	255	0	0	22640	0	NA	NA	0.0	NA
40	20	2	0.001999	0.3	3e-05	3e-06	0.0	0010	monovar	NA	true_parameters	NA	no_cnv	/raid/kang/DelSIEVE/simulation_results/IndelSIEVE_benchmark_pipeline_sa_003/benchmark_results/simulated_data/results/cell_names	/raid/kang/DelSIEVE/simulation_results/IndelSIEVE_benchmark_pipeline_sa_003/benchmark_results/monovar/from_true_params/no_cnv/0010/post_processed/filtered.cell_names	/raid/kang/DelSIEVE/simulation_results/IndelSIEVE_benchmark_pipeline_sa_003/benchmark_results/simulated_data/results/data_type/no_cnv/0010/true_evo_events_sites_names	/raid/kang/DelSIEVE/simulation_results/IndelSIEVE_benchmark_pipeline_sa_003/benchmark_results/monovar/from_true_params/no_cnv/0010/post_processed/filtered.loci_info	/raid/kang/DelSIEVE/simulation_results/IndelSIEVE_benchmark_pipeline_sa_003/benchmark_results/simulated_data/results/data_type/no_cnv/0010/true_evo_events_genotypes_numeric	/raid/kang/DelSIEVE/simulation_results/IndelSIEVE_benchmark_pipeline_sa_003/benchmark_results/monovar/from_true_params/no_cnv/0010/post_processed/filtered.genotypes	/raid/kang/DelSIEVE/simulation_results/IndelSIEVE_benchmark_pipeline_sa_003/benchmark_results/simulated_data/results/data_type/no_cnv/0010/true_evo_events_ternary_matrix.simple	/raid/kang/DelSIEVE/simulation_results/IndelSIEVE_benchmark_pipeline_sa_003/benchmark_results/monovar/from_true_params/no_cnv/0010/post_processed/filtered.ternary	/raid/kang/DelSIEVE/simulation_results/IndelSIEVE_benchmark_pipeline_sa_003/benchmark_results/monovar/from_true_params/no_cnv/0010/post_processed/filtered.genotype_probs	7774	4	8343	3839	0.6694221992594506	0.999485728979172	0.8018152751276364	0.0004792140888942	7378	2	9348	3231	0.6954472617588839	0.9997289972899728	0.8202790594252042	0.0002139037433155	3634	274	11572	4479	0.4479230864045359	0.9298874104401228	0.6046086016138424	0.023130170521695	1685	1787	16181	306	0.8463083877448518	0.4853110599078341	0.6168771737140765	0.0994545859305431	1991	2	69	237	395	3	18448	1114	0.2617627567925779	0.992462311557789	0.0001625928133976	0.4142632406921867	7	391	19552	10	0.4117647058823529	0.0175879396984924	0.0196058767487338	0.0337349397590361	0	0	19454	506	0.0	NA	0.0	NA	0	0	18974	986	0.0	NA	0.0	NA	746	0	35	311	0	0	19960	0	NA	NA	0.0	NA
40	20	2	0.001999	0.3	3e-05	3e-06	0.0	0001	sciphi	candidate_snvs	NA	NA	no_cnv	/raid/kang/DelSIEVE/simulation_results/IndelSIEVE_benchmark_pipeline_sa_003/benchmark_results/simulated_data/results/cell_names	/raid/kang/DelSIEVE/simulation_results/IndelSIEVE_benchmark_pipeline_sa_003/benchmark_results/sciphi/no_cnv/0001/post_processed/sciphi.cell_names	/raid/kang/DelSIEVE/simulation_results/IndelSIEVE_benchmark_pipeline_sa_003/benchmark_results/simulated_data/results/data_type/no_cnv/0001/true_evo_events_sites_names	/raid/kang/DelSIEVE/simulation_results/IndelSIEVE_benchmark_pipeline_sa_003/benchmark_results/sciphi/no_cnv/0001/post_processed/sciphi.loci_info	/raid/kang/DelSIEVE/simulation_results/IndelSIEVE_benchmark_pipeline_sa_003/benchmark_results/simulated_data/results/data_type/no_cnv/0001/true_evo_events_genotypes_numeric	/raid/kang/DelSIEVE/simulation_results/IndelSIEVE_benchmark_pipeline_sa_003/benchmark_results/sciphi/no_cnv/0001/post_processed/sciphi.genotypes	/raid/kang/DelSIEVE/simulation_results/IndelSIEVE_benchmark_pipeline_sa_003/benchmark_results/simulated_data/results/data_type/no_cnv/0001/true_evo_events_ternary_matrix.simple	/raid/kang/DelSIEVE/simulation_results/IndelSIEVE_benchmark_pipeline_sa_003/benchmark_results/sciphi/no_cnv/0001/post_processed/sciphi.ternary	/raid/kang/DelSIEVE/simulation_results/IndelSIEVE_benchmark_pipeline_sa_003/benchmark_results/sciphi/no_cnv/0001/post_processed/sciphi.genotype_probs	10423	1809	14024	2024	0.8373905358720977	0.8521092217135383	0.8446857652254954	0.1142550369481462	10317	1915	15168	863	0.9228085867620752	0.8434434270765206	0.8813429010763711	0.1120997482877714	8676	3556	15202	829	0.9127827459231984	0.7092871157619359	0.7982702304825873	0.1895724490883889	0	0	26830	1433	0.0	NA	NA	0.0	1433	1809	16	1417	0	0	23529	1071	0.0	NA	0.0	NA	0	0	24591	9	0.0	NA	0.0	NA	0	0	24358	242	0.0	NA	0.0	NA	0	0	23780	820	0.0	NA	0.0	NA	723	97	224	0	0	0	24600	0	NA	NA	0.0	NA
40	20	2	0.001999	0.3	3e-05	3e-06	0.0	0002	sciphi	candidate_snvs	NA	NA	no_cnv	/raid/kang/DelSIEVE/simulation_results/IndelSIEVE_benchmark_pipeline_sa_003/benchmark_results/simulated_data/results/cell_names	/raid/kang/DelSIEVE/simulation_results/IndelSIEVE_benchmark_pipeline_sa_003/benchmark_results/sciphi/no_cnv/0002/post_processed/sciphi.cell_names	/raid/kang/DelSIEVE/simulation_results/IndelSIEVE_benchmark_pipeline_sa_003/benchmark_results/simulated_data/results/data_type/no_cnv/0002/true_evo_events_sites_names	/raid/kang/DelSIEVE/simulation_results/IndelSIEVE_benchmark_pipeline_sa_003/benchmark_results/sciphi/no_cnv/0002/post_processed/sciphi.loci_info	/raid/kang/DelSIEVE/simulation_results/IndelSIEVE_benchmark_pipeline_sa_003/benchmark_results/simulated_data/results/data_type/no_cnv/0002/true_evo_events_genotypes_numeric	/raid/kang/DelSIEVE/simulation_results/IndelSIEVE_benchmark_pipeline_sa_003/benchmark_results/sciphi/no_cnv/0002/post_processed/sciphi.genotypes	/raid/kang/DelSIEVE/simulation_results/IndelSIEVE_benchmark_pipeline_sa_003/benchmark_results/simulated_data/results/data_type/no_cnv/0002/true_evo_events_ternary_matrix.simple	/raid/kang/DelSIEVE/simulation_results/IndelSIEVE_benchmark_pipeline_sa_003/benchmark_results/sciphi/no_cnv/0002/post_processed/sciphi.ternary	/raid/kang/DelSIEVE/simulation_results/IndelSIEVE_benchmark_pipeline_sa_003/benchmark_results/sciphi/no_cnv/0002/post_processed/sciphi.genotype_probs	8187	1548	17398	1627	0.834216425514571	0.8409861325115563	0.8375876003887668	0.0817059009817375	8114	1621	18215	800	0.910253533767108	0.833487416538264	0.8701807067403078	0.0817201048598507	7217	2518	18236	779	0.902576288144072	0.7413456599897278	0.8140544808527439	0.1213260094439626	0	0	27968	782	0.0	NA	NA	0.0	782	1548	13	769	0	0	21728	512	0.0	NA	0.0	NA	0	0	22239	1	0.0	NA	0.0	NA	0	0	22104	136	0.0	NA	0.0	NA	0	0	21865	375	0.0	NA	0.0	NA	303	72	128	0	0	0	22240	0	NA	NA	0.0	NA
40	20	2	0.001999	0.3	3e-05	3e-06	0.0	0003	sciphi	candidate_snvs	NA	NA	no_cnv	/raid/kang/DelSIEVE/simulation_results/IndelSIEVE_benchmark_pipeline_sa_003/benchmark_results/simulated_data/results/cell_names	/raid/kang/DelSIEVE/simulation_results/IndelSIEVE_benchmark_pipeline_sa_003/benchmark_results/sciphi/no_cnv/0003/post_processed/sciphi.cell_names	/raid/kang/DelSIEVE/simulation_results/IndelSIEVE_benchmark_pipeline_sa_003/benchmark_results/simulated_data/results/data_type/no_cnv/0003/true_evo_events_sites_names	/raid/kang/DelSIEVE/simulation_results/IndelSIEVE_benchmark_pipeline_sa_003/benchmark_results/sciphi/no_cnv/0003/post_processed/sciphi.loci_info	/raid/kang/DelSIEVE/simulation_results/IndelSIEVE_benchmark_pipeline_sa_003/benchmark_results/simulated_data/results/data_type/no_cnv/0003/true_evo_events_genotypes_numeric	/raid/kang/DelSIEVE/simulation_results/IndelSIEVE_benchmark_pipeline_sa_003/benchmark_results/sciphi/no_cnv/0003/post_processed/sciphi.genotypes	/raid/kang/DelSIEVE/simulation_results/IndelSIEVE_benchmark_pipeline_sa_003/benchmark_results/simulated_data/results/data_type/no_cnv/0003/true_evo_events_ternary_matrix.simple	/raid/kang/DelSIEVE/simulation_results/IndelSIEVE_benchmark_pipeline_sa_003/benchmark_results/sciphi/no_cnv/0003/post_processed/sciphi.ternary	/raid/kang/DelSIEVE/simulation_results/IndelSIEVE_benchmark_pipeline_sa_003/benchmark_results/sciphi/no_cnv/0003/post_processed/sciphi.genotype_probs	11955	326	10478	2401	0.8327528559487323	0.9734549303802622	0.8976236062619665	0.0301740096260644	11893	388	11949	914	0.9286327789490124	0.9684064815568764	0.9481026785714286	0.0314501094269271	9221	3060	11993	870	0.913784560499455	0.7508346225877371	0.8243339889147148	0.2032817378595628	0	0	22981	2163	0.0	NA	NA	0.0	2163	326	18	2145	0	0	21029	1531	0.0	NA	0.0	NA	0	0	22522	38	0.0	NA	0.0	NA	0	0	22007	553	0.0	NA	0.0	NA	0	0	21620	940	0.0	NA	0.0	NA	879	61	527	0	0	0	22560	0	NA	NA	0.0	NA
40	20	2	0.001999	0.3	3e-05	3e-06	0.0	0004	sciphi	candidate_snvs	NA	NA	no_cnv	/raid/kang/DelSIEVE/simulation_results/IndelSIEVE_benchmark_pipeline_sa_003/benchmark_results/simulated_data/results/cell_names	/raid/kang/DelSIEVE/simulation_results/IndelSIEVE_benchmark_pipeline_sa_003/benchmark_results/sciphi/no_cnv/0004/post_processed/sciphi.cell_names	/raid/kang/DelSIEVE/simulation_results/IndelSIEVE_benchmark_pipeline_sa_003/benchmark_results/simulated_data/results/data_type/no_cnv/0004/true_evo_events_sites_names	/raid/kang/DelSIEVE/simulation_results/IndelSIEVE_benchmark_pipeline_sa_003/benchmark_results/sciphi/no_cnv/0004/post_processed/sciphi.loci_info	/raid/kang/DelSIEVE/simulation_results/IndelSIEVE_benchmark_pipeline_sa_003/benchmark_results/simulated_data/results/data_type/no_cnv/0004/true_evo_events_genotypes_numeric	/raid/kang/DelSIEVE/simulation_results/IndelSIEVE_benchmark_pipeline_sa_003/benchmark_results/sciphi/no_cnv/0004/post_processed/sciphi.genotypes	/raid/kang/DelSIEVE/simulation_results/IndelSIEVE_benchmark_pipeline_sa_003/benchmark_results/simulated_data/results/data_type/no_cnv/0004/true_evo_events_ternary_matrix.simple	/raid/kang/DelSIEVE/simulation_results/IndelSIEVE_benchmark_pipeline_sa_003/benchmark_results/sciphi/no_cnv/0004/post_processed/sciphi.ternary	/raid/kang/DelSIEVE/simulation_results/IndelSIEVE_benchmark_pipeline_sa_003/benchmark_results/sciphi/no_cnv/0004/post_processed/sciphi.genotype_probs	12813	805	12896	2006	0.8646332411093866	0.9408870612424732	0.9011499103280936	0.0587548354134734	12745	873	14116	773	0.9428169847610594	0.9358936701424584	0.9393425707547168	0.0582427113216358	10161	3457	14158	731	0.9328865222181416	0.7461448083419004	0.8291309669522643	0.1962531933011637	0	0	26466	2041	0.0	NA	NA	0.0	2041	805	11	2030	0	0	22916	1404	0.0	NA	0.0	NA	0	0	24288	32	0.0	NA	0.0	NA	0	0	23735	585	0.0	NA	0.0	NA	0	0	23533	787	0.0	NA	0.0	NA	721	66	554	0	0	0	24320	0	NA	NA	0.0	NA
40	20	2	0.001999	0.3	3e-05	3e-06	0.0	0005	sciphi	candidate_snvs	NA	NA	no_cnv	/raid/kang/DelSIEVE/simulation_results/IndelSIEVE_benchmark_pipeline_sa_003/benchmark_results/simulated_data/results/cell_names	/raid/kang/DelSIEVE/simulation_results/IndelSIEVE_benchmark_pipeline_sa_003/benchmark_results/sciphi/no_cnv/0005/post_processed/sciphi.cell_names	/raid/kang/DelSIEVE/simulation_results/IndelSIEVE_benchmark_pipeline_sa_003/benchmark_results/simulated_data/results/data_type/no_cnv/0005/true_evo_events_sites_names	/raid/kang/DelSIEVE/simulation_results/IndelSIEVE_benchmark_pipeline_sa_003/benchmark_results/sciphi/no_cnv/0005/post_processed/sciphi.loci_info	/raid/kang/DelSIEVE/simulation_results/IndelSIEVE_benchmark_pipeline_sa_003/benchmark_results/simulated_data/results/data_type/no_cnv/0005/true_evo_events_genotypes_numeric	/raid/kang/DelSIEVE/simulation_results/IndelSIEVE_benchmark_pipeline_sa_003/benchmark_results/sciphi/no_cnv/0005/post_processed/sciphi.genotypes	/raid/kang/DelSIEVE/simulation_results/IndelSIEVE_benchmark_pipeline_sa_003/benchmark_results/simulated_data/results/data_type/no_cnv/0005/true_evo_events_ternary_matrix.simple	/raid/kang/DelSIEVE/simulation_results/IndelSIEVE_benchmark_pipeline_sa_003/benchmark_results/sciphi/no_cnv/0005/post_processed/sciphi.ternary	/raid/kang/DelSIEVE/simulation_results/IndelSIEVE_benchmark_pipeline_sa_003/benchmark_results/sciphi/no_cnv/0005/post_processed/sciphi.genotype_probs	9311	575	8445	1749	0.8418625678119349	0.9418369411288692	0.8890480282631528	0.0637472283813747	9204	682	9399	793	0.9206762028608584	0.9310135545215455	0.9258160237388724	0.0676520186489435	7498	2388	9463	729	0.9113893278230216	0.7584462876795468	0.827913653177276	0.2015019829550249	0	0	18806	1272	0.0	NA	NA	0.0	1272	575	32	1240	0	0	16766	1234	0.0	NA	0.0	NA	0	0	17991	9	0.0	NA	0.0	NA	0	0	17502	498	0.0	NA	0.0	NA	0	0	17273	727	0.0	NA	0.0	NA	622	105	466	0	0	0	18000	0	NA	NA	0.0	NA
40	20	2	0.001999	0.3	3e-05	3e-06	0.0	0006	sciphi	candidate_snvs	NA	NA	no_cnv	/raid/kang/DelSIEVE/simulation_results/IndelSIEVE_benchmark_pipeline_sa_003/benchmark_results/simulated_data/results/cell_names	/raid/kang/DelSIEVE/simulation_results/IndelSIEVE_benchmark_pipeline_sa_003/benchmark_results/sciphi/no_cnv/0006/post_processed/sciphi.cell_names	/raid/kang/DelSIEVE/simulation_results/IndelSIEVE_benchmark_pipeline_sa_003/benchmark_results/simulated_data/results/data_type/no_cnv/0006/true_evo_events_sites_names	/raid/kang/DelSIEVE/simulation_results/IndelSIEVE_benchmark_pipeline_sa_003/benchmark_results/sciphi/no_cnv/0006/post_processed/sciphi.loci_info	/raid/kang/DelSIEVE/simulation_results/IndelSIEVE_benchmark_pipeline_sa_003/benchmark_results/simulated_data/results/data_type/no_cnv/0006/true_evo_events_genotypes_numeric	/raid/kang/DelSIEVE/simulation_results/IndelSIEVE_benchmark_pipeline_sa_003/benchmark_results/sciphi/no_cnv/0006/post_processed/sciphi.genotypes	/raid/kang/DelSIEVE/simulation_results/IndelSIEVE_benchmark_pipeline_sa_003/benchmark_results/simulated_data/results/data_type/no_cnv/0006/true_evo_events_ternary_matrix.simple	/raid/kang/DelSIEVE/simulation_results/IndelSIEVE_benchmark_pipeline_sa_003/benchmark_results/sciphi/no_cnv/0006/post_processed/sciphi.ternary	/raid/kang/DelSIEVE/simulation_results/IndelSIEVE_benchmark_pipeline_sa_003/benchmark_results/sciphi/no_cnv/0006/post_processed/sciphi.genotype_probs	10219	903	15351	2127	0.827717479345537	0.9188095666247078	0.8708880177262655	0.0555555555555555	10141	981	16514	957	0.9137682465309064	0.9117964394893004	0.9127812781278128	0.0560731637610745	8757	2365	16548	923	0.9046487603305784	0.7873583887789966	0.8419382751658494	0.1250462644741712	0	0	27369	1224	0.0	NA	NA	0.0	1224	903	14	1210	0	0	23476	924	0.0	NA	0.0	NA	0	0	24391	9	0.0	NA	0.0	NA	0	0	24206	194	0.0	NA	0.0	NA	0	0	23679	721	0.0	NA	0.0	NA	643	78	174	0	0	0	24400	0	NA	NA	0.0	NA
40	20	2	0.001999	0.3	3e-05	3e-06	0.0	0007	sciphi	candidate_snvs	NA	NA	no_cnv	/raid/kang/DelSIEVE/simulation_results/IndelSIEVE_benchmark_pipeline_sa_003/benchmark_results/simulated_data/results/cell_names	/raid/kang/DelSIEVE/simulation_results/IndelSIEVE_benchmark_pipeline_sa_003/benchmark_results/sciphi/no_cnv/0007/post_processed/sciphi.cell_names	/raid/kang/DelSIEVE/simulation_results/IndelSIEVE_benchmark_pipeline_sa_003/benchmark_results/simulated_data/results/data_type/no_cnv/0007/true_evo_events_sites_names	/raid/kang/DelSIEVE/simulation_results/IndelSIEVE_benchmark_pipeline_sa_003/benchmark_results/sciphi/no_cnv/0007/post_processed/sciphi.loci_info	/raid/kang/DelSIEVE/simulation_results/IndelSIEVE_benchmark_pipeline_sa_003/benchmark_results/simulated_data/results/data_type/no_cnv/0007/true_evo_events_genotypes_numeric	/raid/kang/DelSIEVE/simulation_results/IndelSIEVE_benchmark_pipeline_sa_003/benchmark_results/sciphi/no_cnv/0007/post_processed/sciphi.genotypes	/raid/kang/DelSIEVE/simulation_results/IndelSIEVE_benchmark_pipeline_sa_003/benchmark_results/simulated_data/results/data_type/no_cnv/0007/true_evo_events_ternary_matrix.simple	/raid/kang/DelSIEVE/simulation_results/IndelSIEVE_benchmark_pipeline_sa_003/benchmark_results/sciphi/no_cnv/0007/post_processed/sciphi.ternary	/raid/kang/DelSIEVE/simulation_results/IndelSIEVE_benchmark_pipeline_sa_003/benchmark_results/sciphi/no_cnv/0007/post_processed/sciphi.genotype_probs	11456	2822	12454	1708	0.8702522029778182	0.8023532707662138	0.8349245681801618	0.1847342236187483	11203	3075	13566	589	0.950050881953867	0.7846337021991876	0.8594553126198696	0.184784568235082	9502	4776	13593	562	0.9441573926868044	0.6654993696596162	0.7807082409005012	0.2600032663726931	0	0	27080	1353	0.0	NA	NA	0.0	1353	2822	10	1343	0	0	24168	1432	0.0	NA	0.0	NA	0	0	25584	16	0.0	NA	0.0	NA	0	0	25225	375	0.0	NA	0.0	NA	0	0	24559	1041	0.0	NA	0.0	NA	792	249	358	0	0	0	25600	0	NA	NA	0.0	NA
40	20	2	0.001999	0.3	3e-05	3e-06	0.0	0008	sciphi	candidate_snvs	NA	NA	no_cnv	/raid/kang/DelSIEVE/simulation_results/IndelSIEVE_benchmark_pipeline_sa_003/benchmark_results/simulated_data/results/cell_names	/raid/kang/DelSIEVE/simulation_results/IndelSIEVE_benchmark_pipeline_sa_003/benchmark_results/sciphi/no_cnv/0008/post_processed/sciphi.cell_names	/raid/kang/DelSIEVE/simulation_results/IndelSIEVE_benchmark_pipeline_sa_003/benchmark_results/simulated_data/results/data_type/no_cnv/0008/true_evo_events_sites_names	/raid/kang/DelSIEVE/simulation_results/IndelSIEVE_benchmark_pipeline_sa_003/benchmark_results/sciphi/no_cnv/0008/post_processed/sciphi.loci_info	/raid/kang/DelSIEVE/simulation_results/IndelSIEVE_benchmark_pipeline_sa_003/benchmark_results/simulated_data/results/data_type/no_cnv/0008/true_evo_events_genotypes_numeric	/raid/kang/DelSIEVE/simulation_results/IndelSIEVE_benchmark_pipeline_sa_003/benchmark_results/sciphi/no_cnv/0008/post_processed/sciphi.genotypes	/raid/kang/DelSIEVE/simulation_results/IndelSIEVE_benchmark_pipeline_sa_003/benchmark_results/simulated_data/results/data_type/no_cnv/0008/true_evo_events_ternary_matrix.simple	/raid/kang/DelSIEVE/simulation_results/IndelSIEVE_benchmark_pipeline_sa_003/benchmark_results/sciphi/no_cnv/0008/post_processed/sciphi.ternary	/raid/kang/DelSIEVE/simulation_results/IndelSIEVE_benchmark_pipeline_sa_003/benchmark_results/sciphi/no_cnv/0008/post_processed/sciphi.genotype_probs	10091	1866	14713	1970	0.8366636265649614	0.8439407878230325	0.8402864518277957	0.1125520236443693	9922	2035	16012	669	0.9368331602303844	0.8298068077276909	0.8800780557033884	0.1127611237324763	8609	3348	16024	657	0.9290956183898124	0.7199966546792673	0.8112896385996324	0.1728267602725583	0	0	27556	1082	0.0	NA	NA	0.0	1082	1866	5	1077	0	0	23610	1190	0.0	NA	0.0	NA	0	0	24789	11	0.0	NA	0.0	NA	0	0	24557	243	0.0	NA	0.0	NA	0	0	23864	936	0.0	NA	0.0	NA	768	168	236	0	0	0	24800	0	NA	NA	0.0	NA
40	20	2	0.001999	0.3	3e-05	3e-06	0.0	0009	sciphi	candidate_snvs	NA	NA	no_cnv	/raid/kang/DelSIEVE/simulation_results/IndelSIEVE_benchmark_pipeline_sa_003/benchmark_results/simulated_data/results/cell_names	/raid/kang/DelSIEVE/simulation_results/IndelSIEVE_benchmark_pipeline_sa_003/benchmark_results/sciphi/no_cnv/0009/post_processed/sciphi.cell_names	/raid/kang/DelSIEVE/simulation_results/IndelSIEVE_benchmark_pipeline_sa_003/benchmark_results/simulated_data/results/data_type/no_cnv/0009/true_evo_events_sites_names	/raid/kang/DelSIEVE/simulation_results/IndelSIEVE_benchmark_pipeline_sa_003/benchmark_results/sciphi/no_cnv/0009/post_processed/sciphi.loci_info	/raid/kang/DelSIEVE/simulation_results/IndelSIEVE_benchmark_pipeline_sa_003/benchmark_results/simulated_data/results/data_type/no_cnv/0009/true_evo_events_genotypes_numeric	/raid/kang/DelSIEVE/simulation_results/IndelSIEVE_benchmark_pipeline_sa_003/benchmark_results/sciphi/no_cnv/0009/post_processed/sciphi.genotypes	/raid/kang/DelSIEVE/simulation_results/IndelSIEVE_benchmark_pipeline_sa_003/benchmark_results/simulated_data/results/data_type/no_cnv/0009/true_evo_events_ternary_matrix.simple	/raid/kang/DelSIEVE/simulation_results/IndelSIEVE_benchmark_pipeline_sa_003/benchmark_results/sciphi/no_cnv/0009/post_processed/sciphi.ternary	/raid/kang/DelSIEVE/simulation_results/IndelSIEVE_benchmark_pipeline_sa_003/benchmark_results/sciphi/no_cnv/0009/post_processed/sciphi.genotype_probs	10021	473	10198	1948	0.837246219400117	0.9549266247379457	0.8922227663268487	0.0443257426670415	9918	576	11300	845	0.921490290811112	0.9451114922813036	0.9331514324693042	0.048501178848097	7776	2718	11336	809	0.9057658707047176	0.7409948542024014	0.8151370616908643	0.1933968976803756	0	0	20934	1705	0.0	NA	NA	0.0	1705	473	15	1690	0	0	18959	1481	0.0	NA	0.0	NA	0	0	20433	7	0.0	NA	0.0	NA	0	0	19967	473	0.0	NA	0.0	NA	0	0	19439	1001	0.0	NA	0.0	NA	903	98	452	0	0	0	20440	0	NA	NA	0.0	NA
40	20	2	0.001999	0.3	3e-05	3e-06	0.0	0010	sciphi	candidate_snvs	NA	NA	no_cnv	/raid/kang/DelSIEVE/simulation_results/IndelSIEVE_benchmark_pipeline_sa_003/benchmark_results/simulated_data/results/cell_names	/raid/kang/DelSIEVE/simulation_results/IndelSIEVE_benchmark_pipeline_sa_003/benchmark_results/sciphi/no_cnv/0010/post_processed/sciphi.cell_names	/raid/kang/DelSIEVE/simulation_results/IndelSIEVE_benchmark_pipeline_sa_003/benchmark_results/simulated_data/results/data_type/no_cnv/0010/true_evo_events_sites_names	/raid/kang/DelSIEVE/simulation_results/IndelSIEVE_benchmark_pipeline_sa_003/benchmark_results/sciphi/no_cnv/0010/post_processed/sciphi.loci_info	/raid/kang/DelSIEVE/simulation_results/IndelSIEVE_benchmark_pipeline_sa_003/benchmark_results/simulated_data/results/data_type/no_cnv/0010/true_evo_events_genotypes_numeric	/raid/kang/DelSIEVE/simulation_results/IndelSIEVE_benchmark_pipeline_sa_003/benchmark_results/sciphi/no_cnv/0010/post_processed/sciphi.genotypes	/raid/kang/DelSIEVE/simulation_results/IndelSIEVE_benchmark_pipeline_sa_003/benchmark_results/simulated_data/results/data_type/no_cnv/0010/true_evo_events_ternary_matrix.simple	/raid/kang/DelSIEVE/simulation_results/IndelSIEVE_benchmark_pipeline_sa_003/benchmark_results/sciphi/no_cnv/0010/post_processed/sciphi.ternary	/raid/kang/DelSIEVE/simulation_results/IndelSIEVE_benchmark_pipeline_sa_003/benchmark_results/sciphi/no_cnv/0010/post_processed/sciphi.genotype_probs	10045	820	7527	1568	0.8649789029535865	0.9245283018867924	0.8937627902838331	0.0982388882233137	9909	956	8394	701	0.9339302544769086	0.9120110446387484	0.9228405122235156	0.1022459893048128	7448	3417	8430	665	0.918032786885246	0.68550391164289	0.7849088418168406	0.2884274499873385	0	0	17969	1991	0.0	NA	NA	0.0	1991	820	13	1978	0	0	17124	1316	0.0	NA	0.0	NA	0	0	18433	7	0.0	NA	0.0	NA	0	0	17934	506	0.0	NA	0.0	NA	0	0	17637	803	0.0	NA	0.0	NA	667	136	483	0	0	0	18440	0	NA	NA	0.0	NA
40	20	2	0.001999	0.3	3e-05	3e-06	0.0	0001	sciphin	candidate_snvs	NA	NA	no_cnv	/raid/kang/DelSIEVE/simulation_results/IndelSIEVE_benchmark_pipeline_sa_003/benchmark_results/simulated_data/results/cell_names	/raid/kang/DelSIEVE/simulation_results/IndelSIEVE_benchmark_pipeline_sa_003/benchmark_results/sciphin/no_cnv/0001/post_processed/sciphin.cell_names	/raid/kang/DelSIEVE/simulation_results/IndelSIEVE_benchmark_pipeline_sa_003/benchmark_results/simulated_data/results/data_type/no_cnv/0001/true_evo_events_sites_names	/raid/kang/DelSIEVE/simulation_results/IndelSIEVE_benchmark_pipeline_sa_003/benchmark_results/sciphin/no_cnv/0001/post_processed/sciphin.loci_info	/raid/kang/DelSIEVE/simulation_results/IndelSIEVE_benchmark_pipeline_sa_003/benchmark_results/simulated_data/results/data_type/no_cnv/0001/true_evo_events_genotypes_numeric	/raid/kang/DelSIEVE/simulation_results/IndelSIEVE_benchmark_pipeline_sa_003/benchmark_results/sciphin/no_cnv/0001/post_processed/sciphin.genotypes	/raid/kang/DelSIEVE/simulation_results/IndelSIEVE_benchmark_pipeline_sa_003/benchmark_results/simulated_data/results/data_type/no_cnv/0001/true_evo_events_ternary_matrix.simple	/raid/kang/DelSIEVE/simulation_results/IndelSIEVE_benchmark_pipeline_sa_003/benchmark_results/sciphin/no_cnv/0001/post_processed/sciphin.ternary	/raid/kang/DelSIEVE/simulation_results/IndelSIEVE_benchmark_pipeline_sa_003/benchmark_results/sciphin/no_cnv/0001/post_processed/sciphin.genotype_probs	10405	433	15400	2042	0.8359444042741223	0.96004797933198	0.8937083959630663	0.0273479441672456	10368	470	16613	812	0.9273703041144902	0.9566340653257058	0.9417749114360976	0.0275127319557454	8722	2116	16642	783	0.9176223040504996	0.8047610260195608	0.8574939782726245	0.1128052031133383	0	0	26830	1433	0.0	NA	NA	0.0	1433	433	12	1421	0	0	23529	1071	0.0	NA	0.0	NA	0	0	24591	9	0.0	NA	0.0	NA	0	0	24358	242	0.0	NA	0.0	NA	0	0	23780	820	0.0	NA	0.0	NA	783	37	225	0	0	0	24600	0	NA	NA	0.0	NA
40	20	2	0.001999	0.3	3e-05	3e-06	0.0	0002	sciphin	candidate_snvs	NA	NA	no_cnv	/raid/kang/DelSIEVE/simulation_results/IndelSIEVE_benchmark_pipeline_sa_003/benchmark_results/simulated_data/results/cell_names	/raid/kang/DelSIEVE/simulation_results/IndelSIEVE_benchmark_pipeline_sa_003/benchmark_results/sciphin/no_cnv/0002/post_processed/sciphin.cell_names	/raid/kang/DelSIEVE/simulation_results/IndelSIEVE_benchmark_pipeline_sa_003/benchmark_results/simulated_data/results/data_type/no_cnv/0002/true_evo_events_sites_names	/raid/kang/DelSIEVE/simulation_results/IndelSIEVE_benchmark_pipeline_sa_003/benchmark_results/sciphin/no_cnv/0002/post_processed/sciphin.loci_info	/raid/kang/DelSIEVE/simulation_results/IndelSIEVE_benchmark_pipeline_sa_003/benchmark_results/simulated_data/results/data_type/no_cnv/0002/true_evo_events_genotypes_numeric	/raid/kang/DelSIEVE/simulation_results/IndelSIEVE_benchmark_pipeline_sa_003/benchmark_results/sciphin/no_cnv/0002/post_processed/sciphin.genotypes	/raid/kang/DelSIEVE/simulation_results/IndelSIEVE_benchmark_pipeline_sa_003/benchmark_results/simulated_data/results/data_type/no_cnv/0002/true_evo_events_ternary_matrix.simple	/raid/kang/DelSIEVE/simulation_results/IndelSIEVE_benchmark_pipeline_sa_003/benchmark_results/sciphin/no_cnv/0002/post_processed/sciphin.ternary	/raid/kang/DelSIEVE/simulation_results/IndelSIEVE_benchmark_pipeline_sa_003/benchmark_results/sciphin/no_cnv/0002/post_processed/sciphin.genotype_probs	8184	312	18634	1630	0.8339107397595272	0.963276836158192	0.8939377389404696	0.016467856011823	8168	328	19508	746	0.9163114202378282	0.9613935969868174	0.938311315336014	0.0165355918531962	7264	1232	19522	732	0.9084542271135568	0.8549905838041432	0.8809119573126365	0.0593620506890238	0	0	27968	782	0.0	NA	NA	0.0	782	312	8	774	0	0	21728	512	0.0	NA	0.0	NA	0	0	22239	1	0.0	NA	0.0	NA	0	0	22104	136	0.0	NA	0.0	NA	0	0	21865	375	0.0	NA	0.0	NA	360	15	130	0	0	0	22240	0	NA	NA	0.0	NA
40	20	2	0.001999	0.3	3e-05	3e-06	0.0	0003	sciphin	candidate_snvs	NA	NA	no_cnv	/raid/kang/DelSIEVE/simulation_results/IndelSIEVE_benchmark_pipeline_sa_003/benchmark_results/simulated_data/results/cell_names	/raid/kang/DelSIEVE/simulation_results/IndelSIEVE_benchmark_pipeline_sa_003/benchmark_results/sciphin/no_cnv/0003/post_processed/sciphin.cell_names	/raid/kang/DelSIEVE/simulation_results/IndelSIEVE_benchmark_pipeline_sa_003/benchmark_results/simulated_data/results/data_type/no_cnv/0003/true_evo_events_sites_names	/raid/kang/DelSIEVE/simulation_results/IndelSIEVE_benchmark_pipeline_sa_003/benchmark_results/sciphin/no_cnv/0003/post_processed/sciphin.loci_info	/raid/kang/DelSIEVE/simulation_results/IndelSIEVE_benchmark_pipeline_sa_003/benchmark_results/simulated_data/results/data_type/no_cnv/0003/true_evo_events_genotypes_numeric	/raid/kang/DelSIEVE/simulation_results/IndelSIEVE_benchmark_pipeline_sa_003/benchmark_results/sciphin/no_cnv/0003/post_processed/sciphin.genotypes	/raid/kang/DelSIEVE/simulation_results/IndelSIEVE_benchmark_pipeline_sa_003/benchmark_results/simulated_data/results/data_type/no_cnv/0003/true_evo_events_ternary_matrix.simple	/raid/kang/DelSIEVE/simulation_results/IndelSIEVE_benchmark_pipeline_sa_003/benchmark_results/sciphin/no_cnv/0003/post_processed/sciphin.ternary	/raid/kang/DelSIEVE/simulation_results/IndelSIEVE_benchmark_pipeline_sa_003/benchmark_results/sciphin/no_cnv/0003/post_processed/sciphin.genotype_probs	12298	275	10529	2058	0.8566453050989133	0.9781277340332458	0.9133647740354266	0.0254535357275083	12232	341	11996	575	0.9551026782228468	0.9728783902012248	0.9639085894405044	0.0276404312231498	9529	3044	12009	562	0.9443068080467744	0.7578938996261831	0.8408930462407342	0.2022188268119311	0	0	22981	2163	0.0	NA	NA	0.0	2163	275	0	2163	0	0	21029	1531	0.0	NA	0.0	NA	0	0	22522	38	0.0	NA	0.0	NA	0	0	22007	553	0.0	NA	0.0	NA	0	0	21620	940	0.0	NA	0.0	NA	875	65	540	0	0	0	22560	0	NA	NA	0.0	NA
40	20	2	0.001999	0.3	3e-05	3e-06	0.0	0004	sciphin	candidate_snvs	NA	NA	no_cnv	/raid/kang/DelSIEVE/simulation_results/IndelSIEVE_benchmark_pipeline_sa_003/benchmark_results/simulated_data/results/cell_names	/raid/kang/DelSIEVE/simulation_results/IndelSIEVE_benchmark_pipeline_sa_003/benchmark_results/sciphin/no_cnv/0004/post_processed/sciphin.cell_names	/raid/kang/DelSIEVE/simulation_results/IndelSIEVE_benchmark_pipeline_sa_003/benchmark_results/simulated_data/results/data_type/no_cnv/0004/true_evo_events_sites_names	/raid/kang/DelSIEVE/simulation_results/IndelSIEVE_benchmark_pipeline_sa_003/benchmark_results/sciphin/no_cnv/0004/post_processed/sciphin.loci_info	/raid/kang/DelSIEVE/simulation_results/IndelSIEVE_benchmark_pipeline_sa_003/benchmark_results/simulated_data/results/data_type/no_cnv/0004/true_evo_events_genotypes_numeric	/raid/kang/DelSIEVE/simulation_results/IndelSIEVE_benchmark_pipeline_sa_003/benchmark_results/sciphin/no_cnv/0004/post_processed/sciphin.genotypes	/raid/kang/DelSIEVE/simulation_results/IndelSIEVE_benchmark_pipeline_sa_003/benchmark_results/simulated_data/results/data_type/no_cnv/0004/true_evo_events_ternary_matrix.simple	/raid/kang/DelSIEVE/simulation_results/IndelSIEVE_benchmark_pipeline_sa_003/benchmark_results/sciphin/no_cnv/0004/post_processed/sciphin.ternary	/raid/kang/DelSIEVE/simulation_results/IndelSIEVE_benchmark_pipeline_sa_003/benchmark_results/sciphin/no_cnv/0004/post_processed/sciphin.genotype_probs	12787	272	13429	2032	0.8628787367568662	0.9791714526380274	0.9173541860965636	0.0198525655061674	12746	313	14676	772	0.9428909602012132	0.9760318554253772	0.959175226699778	0.0208819801187537	10156	2903	14712	736	0.932427469702534	0.7777012022360058	0.8480647989645527	0.1648027249503264	0	0	26466	2041	0.0	NA	NA	0.0	2041	272	8	2033	0	0	22916	1404	0.0	NA	0.0	NA	0	0	24288	32	0.0	NA	0.0	NA	0	0	23735	585	0.0	NA	0.0	NA	0	0	23533	787	0.0	NA	0.0	NA	748	39	557	0	0	0	24320	0	NA	NA	0.0	NA
40	20	2	0.001999	0.3	3e-05	3e-06	0.0	0005	sciphin	candidate_snvs	NA	NA	no_cnv	/raid/kang/DelSIEVE/simulation_results/IndelSIEVE_benchmark_pipeline_sa_003/benchmark_results/simulated_data/results/cell_names	/raid/kang/DelSIEVE/simulation_results/IndelSIEVE_benchmark_pipeline_sa_003/benchmark_results/sciphin/no_cnv/0005/post_processed/sciphin.cell_names	/raid/kang/DelSIEVE/simulation_results/IndelSIEVE_benchmark_pipeline_sa_003/benchmark_results/simulated_data/results/data_type/no_cnv/0005/true_evo_events_sites_names	/raid/kang/DelSIEVE/simulation_results/IndelSIEVE_benchmark_pipeline_sa_003/benchmark_results/sciphin/no_cnv/0005/post_processed/sciphin.loci_info	/raid/kang/DelSIEVE/simulation_results/IndelSIEVE_benchmark_pipeline_sa_003/benchmark_results/simulated_data/results/data_type/no_cnv/0005/true_evo_events_genotypes_numeric	/raid/kang/DelSIEVE/simulation_results/IndelSIEVE_benchmark_pipeline_sa_003/benchmark_results/sciphin/no_cnv/0005/post_processed/sciphin.genotypes	/raid/kang/DelSIEVE/simulation_results/IndelSIEVE_benchmark_pipeline_sa_003/benchmark_results/simulated_data/results/data_type/no_cnv/0005/true_evo_events_ternary_matrix.simple	/raid/kang/DelSIEVE/simulation_results/IndelSIEVE_benchmark_pipeline_sa_003/benchmark_results/sciphin/no_cnv/0005/post_processed/sciphin.ternary	/raid/kang/DelSIEVE/simulation_results/IndelSIEVE_benchmark_pipeline_sa_003/benchmark_results/sciphin/no_cnv/0005/post_processed/sciphin.genotype_probs	9464	173	8847	1596	0.8556962025316456	0.9820483552972916	0.9145286756534764	0.0191796008869179	9420	217	9864	577	0.9422826848054416	0.9774826190723254	0.959559947030661	0.0215256422973911	7679	1958	9893	548	0.9333900571289656	0.7968247379890008	0.859717868338558	0.1652181250527381	0	0	18806	1272	0.0	NA	NA	0.0	1272	173	8	1264	0	0	16766	1234	0.0	NA	0.0	NA	0	0	17991	9	0.0	NA	0.0	NA	0	0	17502	498	0.0	NA	0.0	NA	0	0	17273	727	0.0	NA	0.0	NA	685	42	477	0	0	0	18000	0	NA	NA	0.0	NA
40	20	2	0.001999	0.3	3e-05	3e-06	0.0	0006	sciphin	candidate_snvs	NA	NA	no_cnv	/raid/kang/DelSIEVE/simulation_results/IndelSIEVE_benchmark_pipeline_sa_003/benchmark_results/simulated_data/results/cell_names	/raid/kang/DelSIEVE/simulation_results/IndelSIEVE_benchmark_pipeline_sa_003/benchmark_results/sciphin/no_cnv/0006/post_processed/sciphin.cell_names	/raid/kang/DelSIEVE/simulation_results/IndelSIEVE_benchmark_pipeline_sa_003/benchmark_results/simulated_data/results/data_type/no_cnv/0006/true_evo_events_sites_names	/raid/kang/DelSIEVE/simulation_results/IndelSIEVE_benchmark_pipeline_sa_003/benchmark_results/sciphin/no_cnv/0006/post_processed/sciphin.loci_info	/raid/kang/DelSIEVE/simulation_results/IndelSIEVE_benchmark_pipeline_sa_003/benchmark_results/simulated_data/results/data_type/no_cnv/0006/true_evo_events_genotypes_numeric	/raid/kang/DelSIEVE/simulation_results/IndelSIEVE_benchmark_pipeline_sa_003/benchmark_results/sciphin/no_cnv/0006/post_processed/sciphin.genotypes	/raid/kang/DelSIEVE/simulation_results/IndelSIEVE_benchmark_pipeline_sa_003/benchmark_results/simulated_data/results/data_type/no_cnv/0006/true_evo_events_ternary_matrix.simple	/raid/kang/DelSIEVE/simulation_results/IndelSIEVE_benchmark_pipeline_sa_003/benchmark_results/sciphin/no_cnv/0006/post_processed/sciphin.ternary	/raid/kang/DelSIEVE/simulation_results/IndelSIEVE_benchmark_pipeline_sa_003/benchmark_results/sciphin/no_cnv/0006/post_processed/sciphin.genotype_probs	10427	325	15929	1919	0.844565041308926	0.9697730654761904	0.902848731491904	0.019995078134613	10386	366	17129	712	0.935844296269598	0.9659598214285714	0.9506636155606408	0.0209202629322663	8986	1766	17147	694	0.9283057851239668	0.8357514880952381	0.879600626468285	0.0933749272986834	0	0	27369	1224	0.0	NA	NA	0.0	1224	325	4	1220	0	0	23476	924	0.0	NA	0.0	NA	0	0	24391	9	0.0	NA	0.0	NA	0	0	24206	194	0.0	NA	0.0	NA	0	0	23679	721	0.0	NA	0.0	NA	680	41	180	0	0	0	24400	0	NA	NA	0.0	NA
40	20	2	0.001999	0.3	3e-05	3e-06	0.0	0007	sciphin	candidate_snvs	NA	NA	no_cnv	/raid/kang/DelSIEVE/simulation_results/IndelSIEVE_benchmark_pipeline_sa_003/benchmark_results/simulated_data/results/cell_names	/raid/kang/DelSIEVE/simulation_results/IndelSIEVE_benchmark_pipeline_sa_003/benchmark_results/sciphin/no_cnv/0007/post_processed/sciphin.cell_names	/raid/kang/DelSIEVE/simulation_results/IndelSIEVE_benchmark_pipeline_sa_003/benchmark_results/simulated_data/results/data_type/no_cnv/0007/true_evo_events_sites_names	/raid/kang/DelSIEVE/simulation_results/IndelSIEVE_benchmark_pipeline_sa_003/benchmark_results/sciphin/no_cnv/0007/post_processed/sciphin.loci_info	/raid/kang/DelSIEVE/simulation_results/IndelSIEVE_benchmark_pipeline_sa_003/benchmark_results/simulated_data/results/data_type/no_cnv/0007/true_evo_events_genotypes_numeric	/raid/kang/DelSIEVE/simulation_results/IndelSIEVE_benchmark_pipeline_sa_003/benchmark_results/sciphin/no_cnv/0007/post_processed/sciphin.genotypes	/raid/kang/DelSIEVE/simulation_results/IndelSIEVE_benchmark_pipeline_sa_003/benchmark_results/simulated_data/results/data_type/no_cnv/0007/true_evo_events_ternary_matrix.simple	/raid/kang/DelSIEVE/simulation_results/IndelSIEVE_benchmark_pipeline_sa_003/benchmark_results/sciphin/no_cnv/0007/post_processed/sciphin.ternary	/raid/kang/DelSIEVE/simulation_results/IndelSIEVE_benchmark_pipeline_sa_003/benchmark_results/sciphin/no_cnv/0007/post_processed/sciphin.genotype_probs	11156	376	14900	2008	0.8474627772713461	0.9673950745750954	0.9034661483641075	0.0246137732390678	11092	440	16201	700	0.9406377204884668	0.961845300034686	0.9511233064654432	0.0264407187068084	9394	2138	16231	670	0.9334260731319556	0.814602844259452	0.8699759214669383	0.1163917469649953	0	0	27080	1353	0.0	NA	NA	0.0	1353	376	7	1346	0	0	24168	1432	0.0	NA	0.0	NA	0	0	25584	16	0.0	NA	0.0	NA	0	0	25225	375	0.0	NA	0.0	NA	0	0	24559	1041	0.0	NA	0.0	NA	980	61	352	0	0	0	25600	0	NA	NA	0.0	NA
40	20	2	0.001999	0.3	3e-05	3e-06	0.0	0008	sciphin	candidate_snvs	NA	NA	no_cnv	/raid/kang/DelSIEVE/simulation_results/IndelSIEVE_benchmark_pipeline_sa_003/benchmark_results/simulated_data/results/cell_names	/raid/kang/DelSIEVE/simulation_results/IndelSIEVE_benchmark_pipeline_sa_003/benchmark_results/sciphin/no_cnv/0008/post_processed/sciphin.cell_names	/raid/kang/DelSIEVE/simulation_results/IndelSIEVE_benchmark_pipeline_sa_003/benchmark_results/simulated_data/results/data_type/no_cnv/0008/true_evo_events_sites_names	/raid/kang/DelSIEVE/simulation_results/IndelSIEVE_benchmark_pipeline_sa_003/benchmark_results/sciphin/no_cnv/0008/post_processed/sciphin.loci_info	/raid/kang/DelSIEVE/simulation_results/IndelSIEVE_benchmark_pipeline_sa_003/benchmark_results/simulated_data/results/data_type/no_cnv/0008/true_evo_events_genotypes_numeric	/raid/kang/DelSIEVE/simulation_results/IndelSIEVE_benchmark_pipeline_sa_003/benchmark_results/sciphin/no_cnv/0008/post_processed/sciphin.genotypes	/raid/kang/DelSIEVE/simulation_results/IndelSIEVE_benchmark_pipeline_sa_003/benchmark_results/simulated_data/results/data_type/no_cnv/0008/true_evo_events_ternary_matrix.simple	/raid/kang/DelSIEVE/simulation_results/IndelSIEVE_benchmark_pipeline_sa_003/benchmark_results/sciphin/no_cnv/0008/post_processed/sciphin.ternary	/raid/kang/DelSIEVE/simulation_results/IndelSIEVE_benchmark_pipeline_sa_003/benchmark_results/sciphin/no_cnv/0008/post_processed/sciphin.genotype_probs	10000	304	16275	2061	0.8291186468783683	0.970496894409938	0.8942544153811759	0.0183364497255564	9979	325	17722	612	0.942215088282504	0.968458850931677	0.9551567360612586	0.0180085332742284	8664	1640	17732	602	0.935031297215627	0.8408385093167702	0.8854368932038835	0.0846582696675614	0	0	27556	1082	0.0	NA	NA	0.0	1082	304	2	1080	0	0	23610	1190	0.0	NA	0.0	NA	0	0	24789	11	0.0	NA	0.0	NA	0	0	24557	243	0.0	NA	0.0	NA	0	0	23864	936	0.0	NA	0.0	NA	916	20	235	0	0	0	24800	0	NA	NA	0.0	NA
40	20	2	0.001999	0.3	3e-05	3e-06	0.0	0009	sciphin	candidate_snvs	NA	NA	no_cnv	/raid/kang/DelSIEVE/simulation_results/IndelSIEVE_benchmark_pipeline_sa_003/benchmark_results/simulated_data/results/cell_names	/raid/kang/DelSIEVE/simulation_results/IndelSIEVE_benchmark_pipeline_sa_003/benchmark_results/sciphin/no_cnv/0009/post_processed/sciphin.cell_names	/raid/kang/DelSIEVE/simulation_results/IndelSIEVE_benchmark_pipeline_sa_003/benchmark_results/simulated_data/results/data_type/no_cnv/0009/true_evo_events_sites_names	/raid/kang/DelSIEVE/simulation_results/IndelSIEVE_benchmark_pipeline_sa_003/benchmark_results/sciphin/no_cnv/0009/post_processed/sciphin.loci_info	/raid/kang/DelSIEVE/simulation_results/IndelSIEVE_benchmark_pipeline_sa_003/benchmark_results/simulated_data/results/data_type/no_cnv/0009/true_evo_events_genotypes_numeric	/raid/kang/DelSIEVE/simulation_results/IndelSIEVE_benchmark_pipeline_sa_003/benchmark_results/sciphin/no_cnv/0009/post_processed/sciphin.genotypes	/raid/kang/DelSIEVE/simulation_results/IndelSIEVE_benchmark_pipeline_sa_003/benchmark_results/simulated_data/results/data_type/no_cnv/0009/true_evo_events_ternary_matrix.simple	/raid/kang/DelSIEVE/simulation_results/IndelSIEVE_benchmark_pipeline_sa_003/benchmark_results/sciphin/no_cnv/0009/post_processed/sciphin.ternary	/raid/kang/DelSIEVE/simulation_results/IndelSIEVE_benchmark_pipeline_sa_003/benchmark_results/sciphin/no_cnv/0009/post_processed/sciphin.genotype_probs	10273	293	10378	1696	0.8583006099089314	0.9722695438197994	0.9117372975371644	0.0274575953518882	10217	349	11527	546	0.9492706494471802	0.9669695248911604	0.9580383515401566	0.0293869989895587	8052	2514	11540	533	0.9379149679673848	0.7620670073821693	0.8408960367604825	0.178881457236374	0	0	20934	1705	0.0	NA	NA	0.0	1705	293	5	1700	0	0	18959	1481	0.0	NA	0.0	NA	0	0	20433	7	0.0	NA	0.0	NA	0	0	19967	473	0.0	NA	0.0	NA	0	0	19439	1001	0.0	NA	0.0	NA	949	52	465	0	0	0	20440	0	NA	NA	0.0	NA
40	20	2	0.001999	0.3	3e-05	3e-06	0.0	0010	sciphin	candidate_snvs	NA	NA	no_cnv	/raid/kang/DelSIEVE/simulation_results/IndelSIEVE_benchmark_pipeline_sa_003/benchmark_results/simulated_data/results/cell_names	/raid/kang/DelSIEVE/simulation_results/IndelSIEVE_benchmark_pipeline_sa_003/benchmark_results/sciphin/no_cnv/0010/post_processed/sciphin.cell_names	/raid/kang/DelSIEVE/simulation_results/IndelSIEVE_benchmark_pipeline_sa_003/benchmark_results/simulated_data/results/data_type/no_cnv/0010/true_evo_events_sites_names	/raid/kang/DelSIEVE/simulation_results/IndelSIEVE_benchmark_pipeline_sa_003/benchmark_results/sciphin/no_cnv/0010/post_processed/sciphin.loci_info	/raid/kang/DelSIEVE/simulation_results/IndelSIEVE_benchmark_pipeline_sa_003/benchmark_results/simulated_data/results/data_type/no_cnv/0010/true_evo_events_genotypes_numeric	/raid/kang/DelSIEVE/simulation_results/IndelSIEVE_benchmark_pipeline_sa_003/benchmark_results/sciphin/no_cnv/0010/post_processed/sciphin.genotypes	/raid/kang/DelSIEVE/simulation_results/IndelSIEVE_benchmark_pipeline_sa_003/benchmark_results/simulated_data/results/data_type/no_cnv/0010/true_evo_events_ternary_matrix.simple	/raid/kang/DelSIEVE/simulation_results/IndelSIEVE_benchmark_pipeline_sa_003/benchmark_results/sciphin/no_cnv/0010/post_processed/sciphin.ternary	/raid/kang/DelSIEVE/simulation_results/IndelSIEVE_benchmark_pipeline_sa_003/benchmark_results/sciphin/no_cnv/0010/post_processed/sciphin.genotype_probs	10177	216	8131	1436	0.8763454748988203	0.9792167805253535	0.9249295646641824	0.0258775608002875	10166	227	9123	444	0.958152686145146	0.9781583758298856	0.9680521830214732	0.0242780748663101	7686	2707	9140	427	0.9473684210526316	0.7395362263061677	0.8306495190748946	0.2284966658225711	0	0	17969	1991	0.0	NA	NA	0.0	1991	216	2	1989	0	0	17124	1316	0.0	NA	0.0	NA	0	0	18433	7	0.0	NA	0.0	NA	0	0	17934	506	0.0	NA	0.0	NA	0	0	17637	803	0.0	NA	0.0	NA	792	11	491	0	0	0	18440	0	NA	NA	0.0	NA
40	20	2	0.001999	0.3	3e-05	3e-06	0.0	0001	sieve	candidate_snvs	smc_mu_sa_stage_1	mt	no_cnv	/raid/kang/DelSIEVE/simulation_results/IndelSIEVE_benchmark_pipeline_sa_003/benchmark_results/simulated_data/results/cell_names	/raid/kang/DelSIEVE/simulation_results/IndelSIEVE_benchmark_pipeline_sa_003/benchmark_results/indelsieve/from_candidate/variant_calling/mt/no_cnv/smc_mu_sa_stage_1/0001/indelsieve_mode_gaussian.cell_names	/raid/kang/DelSIEVE/simulation_results/IndelSIEVE_benchmark_pipeline_sa_003/benchmark_results/simulated_data/results/data_type/no_cnv/0001/true_evo_events_sites_names	/raid/kang/DelSIEVE/simulation_results/IndelSIEVE_benchmark_pipeline_sa_003/benchmark_results/indelsieve/from_candidate/variant_calling/mt/no_cnv/smc_mu_sa_stage_1/0001/indelsieve_mode_gaussian.loci_info	/raid/kang/DelSIEVE/simulation_results/IndelSIEVE_benchmark_pipeline_sa_003/benchmark_results/simulated_data/results/data_type/no_cnv/0001/true_evo_events_genotypes_numeric	/raid/kang/DelSIEVE/simulation_results/IndelSIEVE_benchmark_pipeline_sa_003/benchmark_results/indelsieve/from_candidate/variant_calling/mt/no_cnv/smc_mu_sa_stage_1/0001/indelsieve_mode_gaussian.genotypes	/raid/kang/DelSIEVE/simulation_results/IndelSIEVE_benchmark_pipeline_sa_003/benchmark_results/simulated_data/results/data_type/no_cnv/0001/true_evo_events_ternary_matrix.simple	/raid/kang/DelSIEVE/simulation_results/IndelSIEVE_benchmark_pipeline_sa_003/benchmark_results/indelsieve/from_candidate/variant_calling/mt/no_cnv/smc_mu_sa_stage_1/0001/indelsieve_mode_gaussian.ternary	/raid/kang/DelSIEVE/simulation_results/IndelSIEVE_benchmark_pipeline_sa_003/benchmark_results/indelsieve/from_candidate/variant_calling/mt/no_cnv/smc_mu_sa_stage_1/0001/indelsieve_mode_gaussian.probs	10900	68	15765	1547	0.8757130232184462	0.9938001458789204	0.9310271193679264	0.0042948272595212	10836	132	16951	344	0.9692307692307692	0.9879649890590808	0.9785082174462706	0.0077269800386349	9143	358	18400	362	0.9619147816938454	0.9623197558151774	0.962117226139114	0.0190851903187973	1285	182	26648	148	0.8967201674808095	0.8759372869802318	0.8862068965517241	0.0067834513604174	1433	68	2	146	0	0	23371	1069	0.0	NA	0.0	NA	0	0	24431	9	0.0	NA	0.0	NA	0	0	24198	242	0.0	NA	0.0	NA	0	0	23622	818	0.0	NA	0.0	NA	754	59	85	153	0	0	24440	0	NA	NA	0.0	NA
40	20	2	0.001999	0.3	3e-05	3e-06	0.0	0002	sieve	candidate_snvs	smc_mu_sa_stage_1	mt	no_cnv	/raid/kang/DelSIEVE/simulation_results/IndelSIEVE_benchmark_pipeline_sa_003/benchmark_results/simulated_data/results/cell_names	/raid/kang/DelSIEVE/simulation_results/IndelSIEVE_benchmark_pipeline_sa_003/benchmark_results/indelsieve/from_candidate/variant_calling/mt/no_cnv/smc_mu_sa_stage_1/0002/indelsieve_mode_gaussian.cell_names	/raid/kang/DelSIEVE/simulation_results/IndelSIEVE_benchmark_pipeline_sa_003/benchmark_results/simulated_data/results/data_type/no_cnv/0002/true_evo_events_sites_names	/raid/kang/DelSIEVE/simulation_results/IndelSIEVE_benchmark_pipeline_sa_003/benchmark_results/indelsieve/from_candidate/variant_calling/mt/no_cnv/smc_mu_sa_stage_1/0002/indelsieve_mode_gaussian.loci_info	/raid/kang/DelSIEVE/simulation_results/IndelSIEVE_benchmark_pipeline_sa_003/benchmark_results/simulated_data/results/data_type/no_cnv/0002/true_evo_events_genotypes_numeric	/raid/kang/DelSIEVE/simulation_results/IndelSIEVE_benchmark_pipeline_sa_003/benchmark_results/indelsieve/from_candidate/variant_calling/mt/no_cnv/smc_mu_sa_stage_1/0002/indelsieve_mode_gaussian.genotypes	/raid/kang/DelSIEVE/simulation_results/IndelSIEVE_benchmark_pipeline_sa_003/benchmark_results/simulated_data/results/data_type/no_cnv/0002/true_evo_events_ternary_matrix.simple	/raid/kang/DelSIEVE/simulation_results/IndelSIEVE_benchmark_pipeline_sa_003/benchmark_results/indelsieve/from_candidate/variant_calling/mt/no_cnv/smc_mu_sa_stage_1/0002/indelsieve_mode_gaussian.ternary	/raid/kang/DelSIEVE/simulation_results/IndelSIEVE_benchmark_pipeline_sa_003/benchmark_results/indelsieve/from_candidate/variant_calling/mt/no_cnv/smc_mu_sa_stage_1/0002/indelsieve_mode_gaussian.probs	8541	91	18855	1273	0.8702873446097412	0.9894578313253012	0.92605442914453	0.004803124670115	8525	107	19729	389	0.9563607807942562	0.9876042632066728	0.9717314487632508	0.0053942327082073	7583	269	20485	413	0.9483491745872936	0.965741212429954	0.9569661786976276	0.0129613568468728	671	109	27859	111	0.8580562659846548	0.8602564102564103	0.8591549295774649	0.0038973112128146	782	91	4	107	0	0	21611	509	0.0	NA	0.0	NA	0	0	22119	1	0.0	NA	0.0	NA	0	0	21984	136	0.0	NA	0.0	NA	0	0	21748	372	0.0	NA	0.0	NA	357	15	56	80	0	0	22120	0	NA	NA	0.0	NA
40	20	2	0.001999	0.3	3e-05	3e-06	0.0	0003	sieve	candidate_snvs	smc_mu_sa_stage_1	mt	no_cnv	/raid/kang/DelSIEVE/simulation_results/IndelSIEVE_benchmark_pipeline_sa_003/benchmark_results/simulated_data/results/cell_names	/raid/kang/DelSIEVE/simulation_results/IndelSIEVE_benchmark_pipeline_sa_003/benchmark_results/indelsieve/from_candidate/variant_calling/mt/no_cnv/smc_mu_sa_stage_1/0003/indelsieve_mode_gaussian.cell_names	/raid/kang/DelSIEVE/simulation_results/IndelSIEVE_benchmark_pipeline_sa_003/benchmark_results/simulated_data/results/data_type/no_cnv/0003/true_evo_events_sites_names	/raid/kang/DelSIEVE/simulation_results/IndelSIEVE_benchmark_pipeline_sa_003/benchmark_results/indelsieve/from_candidate/variant_calling/mt/no_cnv/smc_mu_sa_stage_1/0003/indelsieve_mode_gaussian.loci_info	/raid/kang/DelSIEVE/simulation_results/IndelSIEVE_benchmark_pipeline_sa_003/benchmark_results/simulated_data/results/data_type/no_cnv/0003/true_evo_events_genotypes_numeric	/raid/kang/DelSIEVE/simulation_results/IndelSIEVE_benchmark_pipeline_sa_003/benchmark_results/indelsieve/from_candidate/variant_calling/mt/no_cnv/smc_mu_sa_stage_1/0003/indelsieve_mode_gaussian.genotypes	/raid/kang/DelSIEVE/simulation_results/IndelSIEVE_benchmark_pipeline_sa_003/benchmark_results/simulated_data/results/data_type/no_cnv/0003/true_evo_events_ternary_matrix.simple	/raid/kang/DelSIEVE/simulation_results/IndelSIEVE_benchmark_pipeline_sa_003/benchmark_results/indelsieve/from_candidate/variant_calling/mt/no_cnv/smc_mu_sa_stage_1/0003/indelsieve_mode_gaussian.ternary	/raid/kang/DelSIEVE/simulation_results/IndelSIEVE_benchmark_pipeline_sa_003/benchmark_results/indelsieve/from_candidate/variant_calling/mt/no_cnv/smc_mu_sa_stage_1/0003/indelsieve_mode_gaussian.probs	12669	76	10728	1687	0.8824881582613542	0.9940368772067476	0.9349470499243572	0.0070344316919659	12594	151	12186	213	0.9833684703677676	0.988152216555512	0.985754539762054	0.0122396044419226	9853	378	14675	238	0.9764146268952532	0.963053464959437	0.9696880228323984	0.0251112735002989	2045	469	22512	118	0.9454461396208969	0.8134447096260938	0.8744921958520419	0.0204081632653061	2163	76	0	118	0	0	20869	1531	0.0	NA	0.0	NA	0	0	22362	38	0.0	NA	0.0	NA	0	0	21847	553	0.0	NA	0.0	NA	0	0	21460	940	0.0	NA	0.0	NA	877	60	122	425	0	0	22400	0	NA	NA	0.0	NA
40	20	2	0.001999	0.3	3e-05	3e-06	0.0	0004	sieve	candidate_snvs	smc_mu_sa_stage_1	mt	no_cnv	/raid/kang/DelSIEVE/simulation_results/IndelSIEVE_benchmark_pipeline_sa_003/benchmark_results/simulated_data/results/cell_names	/raid/kang/DelSIEVE/simulation_results/IndelSIEVE_benchmark_pipeline_sa_003/benchmark_results/indelsieve/from_candidate/variant_calling/mt/no_cnv/smc_mu_sa_stage_1/0004/indelsieve_median.cell_names	/raid/kang/DelSIEVE/simulation_results/IndelSIEVE_benchmark_pipeline_sa_003/benchmark_results/simulated_data/results/data_type/no_cnv/0004/true_evo_events_sites_names	/raid/kang/DelSIEVE/simulation_results/IndelSIEVE_benchmark_pipeline_sa_003/benchmark_results/indelsieve/from_candidate/variant_calling/mt/no_cnv/smc_mu_sa_stage_1/0004/indelsieve_median.loci_info	/raid/kang/DelSIEVE/simulation_results/IndelSIEVE_benchmark_pipeline_sa_003/benchmark_results/simulated_data/results/data_type/no_cnv/0004/true_evo_events_genotypes_numeric	/raid/kang/DelSIEVE/simulation_results/IndelSIEVE_benchmark_pipeline_sa_003/benchmark_results/indelsieve/from_candidate/variant_calling/mt/no_cnv/smc_mu_sa_stage_1/0004/indelsieve_median.genotypes	/raid/kang/DelSIEVE/simulation_results/IndelSIEVE_benchmark_pipeline_sa_003/benchmark_results/simulated_data/results/data_type/no_cnv/0004/true_evo_events_ternary_matrix.simple	/raid/kang/DelSIEVE/simulation_results/IndelSIEVE_benchmark_pipeline_sa_003/benchmark_results/indelsieve/from_candidate/variant_calling/mt/no_cnv/smc_mu_sa_stage_1/0004/indelsieve_median.ternary	/raid/kang/DelSIEVE/simulation_results/IndelSIEVE_benchmark_pipeline_sa_003/benchmark_results/indelsieve/from_candidate/variant_calling/mt/no_cnv/smc_mu_sa_stage_1/0004/indelsieve_median.probs	13308	93	13608	1511	0.8980363047439098	0.9930602193866128	0.9431608788093552	0.0067878257061528	13229	172	14817	289	0.978621097795532	0.9871651369300798	0.98287454957465	0.0114750817265995	10587	412	17203	305	0.9719977965479252	0.962542049277207	0.9672468137590792	0.0233891569684927	1892	510	25956	149	0.9269965703086722	0.787676935886761	0.8516767949583613	0.0192700068011788	2041	93	4	145	0	0	22797	1403	0.0	NA	0.0	NA	0	0	24168	32	0.0	NA	0.0	NA	0	0	23615	585	0.0	NA	0.0	NA	0	0	23414	786	0.0	NA	0.0	NA	739	46	96	478	0	0	24200	0	NA	NA	0.0	NA
40	20	2	0.001999	0.3	3e-05	3e-06	0.0	0005	sieve	candidate_snvs	smc_mu_sa_stage_1	mt	no_cnv	/raid/kang/DelSIEVE/simulation_results/IndelSIEVE_benchmark_pipeline_sa_003/benchmark_results/simulated_data/results/cell_names	/raid/kang/DelSIEVE/simulation_results/IndelSIEVE_benchmark_pipeline_sa_003/benchmark_results/indelsieve/from_candidate/variant_calling/mt/no_cnv/smc_mu_sa_stage_1/0005/indelsieve_median.cell_names	/raid/kang/DelSIEVE/simulation_results/IndelSIEVE_benchmark_pipeline_sa_003/benchmark_results/simulated_data/results/data_type/no_cnv/0005/true_evo_events_sites_names	/raid/kang/DelSIEVE/simulation_results/IndelSIEVE_benchmark_pipeline_sa_003/benchmark_results/indelsieve/from_candidate/variant_calling/mt/no_cnv/smc_mu_sa_stage_1/0005/indelsieve_median.loci_info	/raid/kang/DelSIEVE/simulation_results/IndelSIEVE_benchmark_pipeline_sa_003/benchmark_results/simulated_data/results/data_type/no_cnv/0005/true_evo_events_genotypes_numeric	/raid/kang/DelSIEVE/simulation_results/IndelSIEVE_benchmark_pipeline_sa_003/benchmark_results/indelsieve/from_candidate/variant_calling/mt/no_cnv/smc_mu_sa_stage_1/0005/indelsieve_median.genotypes	/raid/kang/DelSIEVE/simulation_results/IndelSIEVE_benchmark_pipeline_sa_003/benchmark_results/simulated_data/results/data_type/no_cnv/0005/true_evo_events_ternary_matrix.simple	/raid/kang/DelSIEVE/simulation_results/IndelSIEVE_benchmark_pipeline_sa_003/benchmark_results/indelsieve/from_candidate/variant_calling/mt/no_cnv/smc_mu_sa_stage_1/0005/indelsieve_median.ternary	/raid/kang/DelSIEVE/simulation_results/IndelSIEVE_benchmark_pipeline_sa_003/benchmark_results/indelsieve/from_candidate/variant_calling/mt/no_cnv/smc_mu_sa_stage_1/0005/indelsieve_median.probs	9871	54	8966	1189	0.8924954792043399	0.99455919395466	0.9407672146771504	0.0059866962305986	9813	112	9969	184	0.981594478343503	0.9887153652392948	0.9851420540106416	0.0111100089276857	8033	332	11519	194	0.9764191078157288	0.9603108188882248	0.968297974927676	0.0280145135431609	1160	400	18406	112	0.9119496855345912	0.7435897435897436	0.8192090395480227	0.021269807508242	1272	54	2	110	0	0	16726	1234	0.0	NA	0.0	NA	0	0	17951	9	0.0	NA	0.0	NA	0	0	17462	498	0.0	NA	0.0	NA	0	0	17233	727	0.0	NA	0.0	NA	671	56	112	378	0	0	17960	0	NA	NA	0.0	NA
40	20	2	0.001999	0.3	3e-05	3e-06	0.0	0006	sieve	candidate_snvs	smc_mu_sa_stage_1	mt	no_cnv	/raid/kang/DelSIEVE/simulation_results/IndelSIEVE_benchmark_pipeline_sa_003/benchmark_results/simulated_data/results/cell_names	/raid/kang/DelSIEVE/simulation_results/IndelSIEVE_benchmark_pipeline_sa_003/benchmark_results/indelsieve/from_candidate/variant_calling/mt/no_cnv/smc_mu_sa_stage_1/0006/indelsieve_mode_gaussian.cell_names	/raid/kang/DelSIEVE/simulation_results/IndelSIEVE_benchmark_pipeline_sa_003/benchmark_results/simulated_data/results/data_type/no_cnv/0006/true_evo_events_sites_names	/raid/kang/DelSIEVE/simulation_results/IndelSIEVE_benchmark_pipeline_sa_003/benchmark_results/indelsieve/from_candidate/variant_calling/mt/no_cnv/smc_mu_sa_stage_1/0006/indelsieve_mode_gaussian.loci_info	/raid/kang/DelSIEVE/simulation_results/IndelSIEVE_benchmark_pipeline_sa_003/benchmark_results/simulated_data/results/data_type/no_cnv/0006/true_evo_events_genotypes_numeric	/raid/kang/DelSIEVE/simulation_results/IndelSIEVE_benchmark_pipeline_sa_003/benchmark_results/indelsieve/from_candidate/variant_calling/mt/no_cnv/smc_mu_sa_stage_1/0006/indelsieve_mode_gaussian.genotypes	/raid/kang/DelSIEVE/simulation_results/IndelSIEVE_benchmark_pipeline_sa_003/benchmark_results/simulated_data/results/data_type/no_cnv/0006/true_evo_events_ternary_matrix.simple	/raid/kang/DelSIEVE/simulation_results/IndelSIEVE_benchmark_pipeline_sa_003/benchmark_results/indelsieve/from_candidate/variant_calling/mt/no_cnv/smc_mu_sa_stage_1/0006/indelsieve_mode_gaussian.ternary	/raid/kang/DelSIEVE/simulation_results/IndelSIEVE_benchmark_pipeline_sa_003/benchmark_results/indelsieve/from_candidate/variant_calling/mt/no_cnv/smc_mu_sa_stage_1/0006/indelsieve_mode_gaussian.probs	10846	103	16151	1500	0.8785031589178681	0.9905927481961824	0.931186949989268	0.0063369016857388	10795	154	17341	303	0.9726977833843936	0.9859347885651658	0.9792715562208012	0.0088025150042869	9343	356	18557	337	0.9651859504132232	0.9632951850706258	0.964239640848341	0.0188230317770845	1091	159	27210	133	0.8913398692810458	0.8728	0.8819725141471302	0.0058094924915049	1224	103	1	132	0	0	23318	922	0.0	NA	0.0	NA	0	0	24231	9	0.0	NA	0.0	NA	0	0	24046	194	0.0	NA	0.0	NA	0	0	23521	719	0.0	NA	0.0	NA	668	50	71	118	0	0	24240	0	NA	NA	0.0	NA
40	20	2	0.001999	0.3	3e-05	3e-06	0.0	0007	sieve	candidate_snvs	smc_mu_sa_stage_1	mt	no_cnv	/raid/kang/DelSIEVE/simulation_results/IndelSIEVE_benchmark_pipeline_sa_003/benchmark_results/simulated_data/results/cell_names	/raid/kang/DelSIEVE/simulation_results/IndelSIEVE_benchmark_pipeline_sa_003/benchmark_results/indelsieve/from_candidate/variant_calling/mt/no_cnv/smc_mu_sa_stage_1/0007/indelsieve_mode_gaussian.cell_names	/raid/kang/DelSIEVE/simulation_results/IndelSIEVE_benchmark_pipeline_sa_003/benchmark_results/simulated_data/results/data_type/no_cnv/0007/true_evo_events_sites_names	/raid/kang/DelSIEVE/simulation_results/IndelSIEVE_benchmark_pipeline_sa_003/benchmark_results/indelsieve/from_candidate/variant_calling/mt/no_cnv/smc_mu_sa_stage_1/0007/indelsieve_mode_gaussian.loci_info	/raid/kang/DelSIEVE/simulation_results/IndelSIEVE_benchmark_pipeline_sa_003/benchmark_results/simulated_data/results/data_type/no_cnv/0007/true_evo_events_genotypes_numeric	/raid/kang/DelSIEVE/simulation_results/IndelSIEVE_benchmark_pipeline_sa_003/benchmark_results/indelsieve/from_candidate/variant_calling/mt/no_cnv/smc_mu_sa_stage_1/0007/indelsieve_mode_gaussian.genotypes	/raid/kang/DelSIEVE/simulation_results/IndelSIEVE_benchmark_pipeline_sa_003/benchmark_results/simulated_data/results/data_type/no_cnv/0007/true_evo_events_ternary_matrix.simple	/raid/kang/DelSIEVE/simulation_results/IndelSIEVE_benchmark_pipeline_sa_003/benchmark_results/indelsieve/from_candidate/variant_calling/mt/no_cnv/smc_mu_sa_stage_1/0007/indelsieve_mode_gaussian.ternary	/raid/kang/DelSIEVE/simulation_results/IndelSIEVE_benchmark_pipeline_sa_003/benchmark_results/indelsieve/from_candidate/variant_calling/mt/no_cnv/smc_mu_sa_stage_1/0007/indelsieve_mode_gaussian.probs	11599	119	15157	1565	0.88111516256457	0.9898446833930704	0.9323205530102082	0.0077899973815134	11538	180	16461	254	0.978459972862958	0.9846390168970814	0.9815397703105062	0.0108166576527852	9790	439	17930	274	0.9727742448330684	0.9570828037931371	0.9648647316808752	0.0238989602046926	1226	263	26817	127	0.9061345158906134	0.8233713901947616	0.8627726952850105	0.009711964549483	1353	119	1	126	0	0	24007	1393	0.0	NA	0.0	NA	0	0	25384	16	0.0	NA	0.0	NA	0	0	25025	375	0.0	NA	0.0	NA	0	0	24398	1002	0.0	NA	0.0	NA	944	58	135	235	0	0	25400	0	NA	NA	0.0	NA
40	20	2	0.001999	0.3	3e-05	3e-06	0.0	0008	sieve	candidate_snvs	smc_mu_sa_stage_1	mt	no_cnv	/raid/kang/DelSIEVE/simulation_results/IndelSIEVE_benchmark_pipeline_sa_003/benchmark_results/simulated_data/results/cell_names	/raid/kang/DelSIEVE/simulation_results/IndelSIEVE_benchmark_pipeline_sa_003/benchmark_results/indelsieve/from_candidate/variant_calling/mt/no_cnv/smc_mu_sa_stage_1/0008/indelsieve_median.cell_names	/raid/kang/DelSIEVE/simulation_results/IndelSIEVE_benchmark_pipeline_sa_003/benchmark_results/simulated_data/results/data_type/no_cnv/0008/true_evo_events_sites_names	/raid/kang/DelSIEVE/simulation_results/IndelSIEVE_benchmark_pipeline_sa_003/benchmark_results/indelsieve/from_candidate/variant_calling/mt/no_cnv/smc_mu_sa_stage_1/0008/indelsieve_median.loci_info	/raid/kang/DelSIEVE/simulation_results/IndelSIEVE_benchmark_pipeline_sa_003/benchmark_results/simulated_data/results/data_type/no_cnv/0008/true_evo_events_genotypes_numeric	/raid/kang/DelSIEVE/simulation_results/IndelSIEVE_benchmark_pipeline_sa_003/benchmark_results/indelsieve/from_candidate/variant_calling/mt/no_cnv/smc_mu_sa_stage_1/0008/indelsieve_median.genotypes	/raid/kang/DelSIEVE/simulation_results/IndelSIEVE_benchmark_pipeline_sa_003/benchmark_results/simulated_data/results/data_type/no_cnv/0008/true_evo_events_ternary_matrix.simple	/raid/kang/DelSIEVE/simulation_results/IndelSIEVE_benchmark_pipeline_sa_003/benchmark_results/indelsieve/from_candidate/variant_calling/mt/no_cnv/smc_mu_sa_stage_1/0008/indelsieve_median.ternary	/raid/kang/DelSIEVE/simulation_results/IndelSIEVE_benchmark_pipeline_sa_003/benchmark_results/indelsieve/from_candidate/variant_calling/mt/no_cnv/smc_mu_sa_stage_1/0008/indelsieve_median.probs	10384	85	16494	1677	0.8609568029184976	0.9918807909064858	0.9217931646693296	0.0051269678508957	10345	124	17923	246	0.976772731564536	0.9881555067341676	0.9824311490978158	0.0068709480800132	9002	278	19094	264	0.9715087416360888	0.9700431034482758	0.9707753693518816	0.0143506091265744	999	190	27366	83	0.923290203327172	0.840201850294365	0.8797886393659181	0.0068950500798374	1082	85	0	83	0	0	23450	1190	0.0	NA	0.0	NA	0	0	24629	11	0.0	NA	0.0	NA	0	0	24397	243	0.0	NA	0.0	NA	0	0	23704	936	0.0	NA	0.0	NA	898	37	72	166	0	0	24640	0	NA	NA	0.0	NA
40	20	2	0.001999	0.3	3e-05	3e-06	0.0	0009	sieve	candidate_snvs	smc_mu_sa_stage_1	mt	no_cnv	/raid/kang/DelSIEVE/simulation_results/IndelSIEVE_benchmark_pipeline_sa_003/benchmark_results/simulated_data/results/cell_names	/raid/kang/DelSIEVE/simulation_results/IndelSIEVE_benchmark_pipeline_sa_003/benchmark_results/indelsieve/from_candidate/variant_calling/mt/no_cnv/smc_mu_sa_stage_1/0009/indelsieve_mode_gaussian.cell_names	/raid/kang/DelSIEVE/simulation_results/IndelSIEVE_benchmark_pipeline_sa_003/benchmark_results/simulated_data/results/data_type/no_cnv/0009/true_evo_events_sites_names	/raid/kang/DelSIEVE/simulation_results/IndelSIEVE_benchmark_pipeline_sa_003/benchmark_results/indelsieve/from_candidate/variant_calling/mt/no_cnv/smc_mu_sa_stage_1/0009/indelsieve_mode_gaussian.loci_info	/raid/kang/DelSIEVE/simulation_results/IndelSIEVE_benchmark_pipeline_sa_003/benchmark_results/simulated_data/results/data_type/no_cnv/0009/true_evo_events_genotypes_numeric	/raid/kang/DelSIEVE/simulation_results/IndelSIEVE_benchmark_pipeline_sa_003/benchmark_results/indelsieve/from_candidate/variant_calling/mt/no_cnv/smc_mu_sa_stage_1/0009/indelsieve_mode_gaussian.genotypes	/raid/kang/DelSIEVE/simulation_results/IndelSIEVE_benchmark_pipeline_sa_003/benchmark_results/simulated_data/results/data_type/no_cnv/0009/true_evo_events_ternary_matrix.simple	/raid/kang/DelSIEVE/simulation_results/IndelSIEVE_benchmark_pipeline_sa_003/benchmark_results/indelsieve/from_candidate/variant_calling/mt/no_cnv/smc_mu_sa_stage_1/0009/indelsieve_mode_gaussian.ternary	/raid/kang/DelSIEVE/simulation_results/IndelSIEVE_benchmark_pipeline_sa_003/benchmark_results/indelsieve/from_candidate/variant_calling/mt/no_cnv/smc_mu_sa_stage_1/0009/indelsieve_mode_gaussian.probs	10573	73	10598	1396	0.8833653605146629	0.9931429644937064	0.9350431129781118	0.0068409708555899	10528	118	11758	235	0.9781659388646288	0.9889160247980462	0.9835116072679716	0.0099360053890198	8324	374	13680	261	0.9695981362842166	0.9570016095654174	0.9632586935138576	0.0266116408140031	1561	387	20547	144	0.9155425219941348	0.8013347022587269	0.8546400218998084	0.0184866723989681	1705	73	0	144	0	0	18959	1481	0.0	NA	0.0	NA	0	0	20433	7	0.0	NA	0.0	NA	0	0	19967	473	0.0	NA	0.0	NA	0	0	19439	1001	0.0	NA	0.0	NA	960	40	113	357	0	0	20440	0	NA	NA	0.0	NA
40	20	2	0.001999	0.3	3e-05	3e-06	0.0	0010	sieve	candidate_snvs	smc_mu_sa_stage_1	mt	no_cnv	/raid/kang/DelSIEVE/simulation_results/IndelSIEVE_benchmark_pipeline_sa_003/benchmark_results/simulated_data/results/cell_names	/raid/kang/DelSIEVE/simulation_results/IndelSIEVE_benchmark_pipeline_sa_003/benchmark_results/indelsieve/from_candidate/variant_calling/mt/no_cnv/smc_mu_sa_stage_1/0010/indelsieve_median.cell_names	/raid/kang/DelSIEVE/simulation_results/IndelSIEVE_benchmark_pipeline_sa_003/benchmark_results/simulated_data/results/data_type/no_cnv/0010/true_evo_events_sites_names	/raid/kang/DelSIEVE/simulation_results/IndelSIEVE_benchmark_pipeline_sa_003/benchmark_results/indelsieve/from_candidate/variant_calling/mt/no_cnv/smc_mu_sa_stage_1/0010/indelsieve_median.loci_info	/raid/kang/DelSIEVE/simulation_results/IndelSIEVE_benchmark_pipeline_sa_003/benchmark_results/simulated_data/results/data_type/no_cnv/0010/true_evo_events_genotypes_numeric	/raid/kang/DelSIEVE/simulation_results/IndelSIEVE_benchmark_pipeline_sa_003/benchmark_results/indelsieve/from_candidate/variant_calling/mt/no_cnv/smc_mu_sa_stage_1/0010/indelsieve_median.genotypes	/raid/kang/DelSIEVE/simulation_results/IndelSIEVE_benchmark_pipeline_sa_003/benchmark_results/simulated_data/results/data_type/no_cnv/0010/true_evo_events_ternary_matrix.simple	/raid/kang/DelSIEVE/simulation_results/IndelSIEVE_benchmark_pipeline_sa_003/benchmark_results/indelsieve/from_candidate/variant_calling/mt/no_cnv/smc_mu_sa_stage_1/0010/indelsieve_median.ternary	/raid/kang/DelSIEVE/simulation_results/IndelSIEVE_benchmark_pipeline_sa_003/benchmark_results/indelsieve/from_candidate/variant_calling/mt/no_cnv/smc_mu_sa_stage_1/0010/indelsieve_median.probs	10524	55	8292	1089	0.9062257814518212	0.9948010208904432	0.94844989185292	0.0065891937222954	10462	117	9233	147	0.986143840135734	0.9889403535305794	0.9875401170473852	0.0125133689839572	7945	316	11530	168	0.9792924935289042	0.9617479724004356	0.9704409429583484	0.0266756711126118	1884	434	17534	107	0.946258161727775	0.8127696289905091	0.8744488280343468	0.0241540516473731	1991	55	1	106	0	0	17021	1299	0.0	NA	0.0	NA	0	0	18313	7	0.0	NA	0.0	NA	0	0	17815	505	0.0	NA	0.0	NA	0	0	17533	787	0.0	NA	0.0	NA	725	61	94	408	0	0	18320	0	NA	NA	0.0	NA
40	20	2	0.001999	0.3	3e-05	3e-06	0.0	0001	indelsieve	candidate_snvs	smc_mudel_sa_stage_1	mt	no_cnv	/raid/kang/DelSIEVE/simulation_results/IndelSIEVE_benchmark_pipeline_sa_003/benchmark_results/simulated_data/results/cell_names	/raid/kang/DelSIEVE/simulation_results/IndelSIEVE_benchmark_pipeline_sa_003/benchmark_results/indelsieve/from_candidate/variant_calling/mt/no_cnv/smc_mudel_sa_stage_1/0001/indelsieve_median.cell_names	/raid/kang/DelSIEVE/simulation_results/IndelSIEVE_benchmark_pipeline_sa_003/benchmark_results/simulated_data/results/data_type/no_cnv/0001/true_evo_events_sites_names	/raid/kang/DelSIEVE/simulation_results/IndelSIEVE_benchmark_pipeline_sa_003/benchmark_results/indelsieve/from_candidate/variant_calling/mt/no_cnv/smc_mudel_sa_stage_1/0001/indelsieve_median.loci_info	/raid/kang/DelSIEVE/simulation_results/IndelSIEVE_benchmark_pipeline_sa_003/benchmark_results/simulated_data/results/data_type/no_cnv/0001/true_evo_events_genotypes_numeric	/raid/kang/DelSIEVE/simulation_results/IndelSIEVE_benchmark_pipeline_sa_003/benchmark_results/indelsieve/from_candidate/variant_calling/mt/no_cnv/smc_mudel_sa_stage_1/0001/indelsieve_median.genotypes	/raid/kang/DelSIEVE/simulation_results/IndelSIEVE_benchmark_pipeline_sa_003/benchmark_results/simulated_data/results/data_type/no_cnv/0001/true_evo_events_ternary_matrix.simple	/raid/kang/DelSIEVE/simulation_results/IndelSIEVE_benchmark_pipeline_sa_003/benchmark_results/indelsieve/from_candidate/variant_calling/mt/no_cnv/smc_mudel_sa_stage_1/0001/indelsieve_median.ternary	/raid/kang/DelSIEVE/simulation_results/IndelSIEVE_benchmark_pipeline_sa_003/benchmark_results/indelsieve/from_candidate/variant_calling/mt/no_cnv/smc_mudel_sa_stage_1/0001/indelsieve_median.probs	11607	101	15732	840	0.9325138587611472	0.99137341988384	0.9610432622645416	0.0063790816648771	10834	86	16997	346	0.969051878354204	0.9921245421245422	0.9804524886877828	0.0050342445706257	9136	246	18503	378	0.960269077149464	0.9737795779151568	0.9669771380186284	0.0131206997706544	1275	24	26815	149	0.8953651685393258	0.9815242494226328	0.9364671318398824	0.000894221096166	1424	67	2	147	975	52	23319	94	0.912067352666043	0.9493670886075948	0.0022249796756664	0.9303435114503816	9	7	24424	0	1.0	0.5625	0.0002865212230363	0.72	217	22	24176	25	0.8966942148760331	0.9079497907949792	0.0009091660467807	0.9022869022869022	733	39	23583	85	0.8960880195599022	0.949481865284974	0.0016510033020066	0.9220125786163524	59	14	18	3	0	0	24440	0	NA	NA	0.0	NA
40	20	2	0.001999	0.3	3e-05	3e-06	0.0	0002	indelsieve	candidate_snvs	smc_mudel_sa_stage_1	mt	no_cnv	/raid/kang/DelSIEVE/simulation_results/IndelSIEVE_benchmark_pipeline_sa_003/benchmark_results/simulated_data/results/cell_names	/raid/kang/DelSIEVE/simulation_results/IndelSIEVE_benchmark_pipeline_sa_003/benchmark_results/indelsieve/from_candidate/variant_calling/mt/no_cnv/smc_mudel_sa_stage_1/0002/indelsieve_mode_gaussian.cell_names	/raid/kang/DelSIEVE/simulation_results/IndelSIEVE_benchmark_pipeline_sa_003/benchmark_results/simulated_data/results/data_type/no_cnv/0002/true_evo_events_sites_names	/raid/kang/DelSIEVE/simulation_results/IndelSIEVE_benchmark_pipeline_sa_003/benchmark_results/indelsieve/from_candidate/variant_calling/mt/no_cnv/smc_mudel_sa_stage_1/0002/indelsieve_mode_gaussian.loci_info	/raid/kang/DelSIEVE/simulation_results/IndelSIEVE_benchmark_pipeline_sa_003/benchmark_results/simulated_data/results/data_type/no_cnv/0002/true_evo_events_genotypes_numeric	/raid/kang/DelSIEVE/simulation_results/IndelSIEVE_benchmark_pipeline_sa_003/benchmark_results/indelsieve/from_candidate/variant_calling/mt/no_cnv/smc_mudel_sa_stage_1/0002/indelsieve_mode_gaussian.genotypes	/raid/kang/DelSIEVE/simulation_results/IndelSIEVE_benchmark_pipeline_sa_003/benchmark_results/simulated_data/results/data_type/no_cnv/0002/true_evo_events_ternary_matrix.simple	/raid/kang/DelSIEVE/simulation_results/IndelSIEVE_benchmark_pipeline_sa_003/benchmark_results/indelsieve/from_candidate/variant_calling/mt/no_cnv/smc_mudel_sa_stage_1/0002/indelsieve_mode_gaussian.ternary	/raid/kang/DelSIEVE/simulation_results/IndelSIEVE_benchmark_pipeline_sa_003/benchmark_results/indelsieve/from_candidate/variant_calling/mt/no_cnv/smc_mudel_sa_stage_1/0002/indelsieve_mode_gaussian.probs	8848	105	18841	966	0.9015691868758916	0.9882720875684128	0.9429317418873556	0.0055420669270558	8518	95	19741	396	0.9555754992147184	0.9889701613839544	0.9719860786215552	0.0047892720306513	7571	213	20540	426	0.9467300237589096	0.9726361767728674	0.9595082694379315	0.0102635763504071	672	27	27942	109	0.8604353393085787	0.96137339055794	0.9081081081081082	0.0009653544996245	781	88	4	105	434	36	21575	75	0.8526522593320236	0.9234042553191488	0.0016658183332562	0.8866189989785497	0	0	22119	1	0.0	NA	0.0	NA	120	10	21974	16	0.8823529411764706	0.9230769230769232	0.0004548762736535	0.9022556390977444	311	29	21719	61	0.8360215053763441	0.9147058823529411	0.0013334559499724	0.8735955056179776	55	5	15	0	0	0	22120	0	NA	NA	0.0	NA
40	20	2	0.001999	0.3	3e-05	3e-06	0.0	0003	indelsieve	candidate_snvs	smc_mudel_sa_stage_1	mt	no_cnv	/raid/kang/DelSIEVE/simulation_results/IndelSIEVE_benchmark_pipeline_sa_003/benchmark_results/simulated_data/results/cell_names	/raid/kang/DelSIEVE/simulation_results/IndelSIEVE_benchmark_pipeline_sa_003/benchmark_results/indelsieve/from_candidate/variant_calling/mt/no_cnv/smc_mudel_sa_stage_1/0003/indelsieve_median.cell_names	/raid/kang/DelSIEVE/simulation_results/IndelSIEVE_benchmark_pipeline_sa_003/benchmark_results/simulated_data/results/data_type/no_cnv/0003/true_evo_events_sites_names	/raid/kang/DelSIEVE/simulation_results/IndelSIEVE_benchmark_pipeline_sa_003/benchmark_results/indelsieve/from_candidate/variant_calling/mt/no_cnv/smc_mudel_sa_stage_1/0003/indelsieve_median.loci_info	/raid/kang/DelSIEVE/simulation_results/IndelSIEVE_benchmark_pipeline_sa_003/benchmark_results/simulated_data/results/data_type/no_cnv/0003/true_evo_events_genotypes_numeric	/raid/kang/DelSIEVE/simulation_results/IndelSIEVE_benchmark_pipeline_sa_003/benchmark_results/indelsieve/from_candidate/variant_calling/mt/no_cnv/smc_mudel_sa_stage_1/0003/indelsieve_median.genotypes	/raid/kang/DelSIEVE/simulation_results/IndelSIEVE_benchmark_pipeline_sa_003/benchmark_results/simulated_data/results/data_type/no_cnv/0003/true_evo_events_ternary_matrix.simple	/raid/kang/DelSIEVE/simulation_results/IndelSIEVE_benchmark_pipeline_sa_003/benchmark_results/indelsieve/from_candidate/variant_calling/mt/no_cnv/smc_mudel_sa_stage_1/0003/indelsieve_median.ternary	/raid/kang/DelSIEVE/simulation_results/IndelSIEVE_benchmark_pipeline_sa_003/benchmark_results/indelsieve/from_candidate/variant_calling/mt/no_cnv/smc_mudel_sa_stage_1/0003/indelsieve_median.probs	13536	89	10715	820	0.9428810253552522	0.9934678899082569	0.9675136699903504	0.008237689744539	12594	102	12235	213	0.9833684703677676	0.9919659735349716	0.987648511939772	0.0082678122720272	9845	220	14830	249	0.9753318803249456	0.9781420765027322	0.9767349570911256	0.0146179401993355	2046	36	22948	114	0.9472222222222222	0.9827089337175792	0.9646393210749648	0.0015663069961712	2160	82	0	114	1453	25	20844	78	0.9490529065969956	0.983085250338295	0.0011979491111217	0.965769358590894	37	8	22354	1	0.9736842105263158	0.8222222222222222	0.000357749754047	0.891566265060241	527	22	21825	26	0.952983725135624	0.9599271402550092	0.0010070032498741	0.956442831215971	866	18	21442	74	0.9212765957446808	0.9796380090497736	0.000838769804287	0.9495614035087718	47	11	13	7	0	0	22400	0	NA	NA	0.0	NA
40	20	2	0.001999	0.3	3e-05	3e-06	0.0	0004	indelsieve	candidate_snvs	smc_mudel_sa_stage_1	mt	no_cnv	/raid/kang/DelSIEVE/simulation_results/IndelSIEVE_benchmark_pipeline_sa_003/benchmark_results/simulated_data/results/cell_names	/raid/kang/DelSIEVE/simulation_results/IndelSIEVE_benchmark_pipeline_sa_003/benchmark_results/indelsieve/from_candidate/variant_calling/mt/no_cnv/smc_mudel_sa_stage_1/0004/indelsieve_mode_gaussian.cell_names	/raid/kang/DelSIEVE/simulation_results/IndelSIEVE_benchmark_pipeline_sa_003/benchmark_results/simulated_data/results/data_type/no_cnv/0004/true_evo_events_sites_names	/raid/kang/DelSIEVE/simulation_results/IndelSIEVE_benchmark_pipeline_sa_003/benchmark_results/indelsieve/from_candidate/variant_calling/mt/no_cnv/smc_mudel_sa_stage_1/0004/indelsieve_mode_gaussian.loci_info	/raid/kang/DelSIEVE/simulation_results/IndelSIEVE_benchmark_pipeline_sa_003/benchmark_results/simulated_data/results/data_type/no_cnv/0004/true_evo_events_genotypes_numeric	/raid/kang/DelSIEVE/simulation_results/IndelSIEVE_benchmark_pipeline_sa_003/benchmark_results/indelsieve/from_candidate/variant_calling/mt/no_cnv/smc_mudel_sa_stage_1/0004/indelsieve_mode_gaussian.genotypes	/raid/kang/DelSIEVE/simulation_results/IndelSIEVE_benchmark_pipeline_sa_003/benchmark_results/simulated_data/results/data_type/no_cnv/0004/true_evo_events_ternary_matrix.simple	/raid/kang/DelSIEVE/simulation_results/IndelSIEVE_benchmark_pipeline_sa_003/benchmark_results/indelsieve/from_candidate/variant_calling/mt/no_cnv/smc_mudel_sa_stage_1/0004/indelsieve_mode_gaussian.ternary	/raid/kang/DelSIEVE/simulation_results/IndelSIEVE_benchmark_pipeline_sa_003/benchmark_results/indelsieve/from_candidate/variant_calling/mt/no_cnv/smc_mudel_sa_stage_1/0004/indelsieve_mode_gaussian.probs	14021	88	13613	798	0.9461502125649504	0.9937628464100928	0.9693722345132744	0.0064228888402306	13225	109	14880	293	0.9783251960349164	0.9918254087295636	0.9850290481155966	0.0072719994662752	10573	273	17342	319	0.9707124495042232	0.9748294302046836	0.9727665838623608	0.0154981549815498	1896	46	26420	145	0.9289563939245468	0.976313079299691	0.9520461963344212	0.0017380790448122	2041	87	4	141	1309	12	22785	94	0.9330007127583748	0.9909159727479182	0.0005263850506645	0.961086637298091	30	3	24165	2	0.9375	0.9090909090909092	0.000124131082423	0.923076923076923	531	15	23600	54	0.9076923076923076	0.9725274725274724	0.0006351894982002	0.9389920424403184	727	15	23399	59	0.9249363867684478	0.9797843665768194	0.0006406423507303	0.9515706806282724	38	13	32	11	0	0	24200	0	NA	NA	0.0	NA
40	20	2	0.001999	0.3	3e-05	3e-06	0.0	0005	indelsieve	candidate_snvs	smc_mudel_sa_stage_1	mt	no_cnv	/raid/kang/DelSIEVE/simulation_results/IndelSIEVE_benchmark_pipeline_sa_003/benchmark_results/simulated_data/results/cell_names	/raid/kang/DelSIEVE/simulation_results/IndelSIEVE_benchmark_pipeline_sa_003/benchmark_results/indelsieve/from_candidate/variant_calling/mt/no_cnv/smc_mudel_sa_stage_1/0005/indelsieve_median.cell_names	/raid/kang/DelSIEVE/simulation_results/IndelSIEVE_benchmark_pipeline_sa_003/benchmark_results/simulated_data/results/data_type/no_cnv/0005/true_evo_events_sites_names	/raid/kang/DelSIEVE/simulation_results/IndelSIEVE_benchmark_pipeline_sa_003/benchmark_results/indelsieve/from_candidate/variant_calling/mt/no_cnv/smc_mudel_sa_stage_1/0005/indelsieve_median.loci_info	/raid/kang/DelSIEVE/simulation_results/IndelSIEVE_benchmark_pipeline_sa_003/benchmark_results/simulated_data/results/data_type/no_cnv/0005/true_evo_events_genotypes_numeric	/raid/kang/DelSIEVE/simulation_results/IndelSIEVE_benchmark_pipeline_sa_003/benchmark_results/indelsieve/from_candidate/variant_calling/mt/no_cnv/smc_mudel_sa_stage_1/0005/indelsieve_median.genotypes	/raid/kang/DelSIEVE/simulation_results/IndelSIEVE_benchmark_pipeline_sa_003/benchmark_results/simulated_data/results/data_type/no_cnv/0005/true_evo_events_ternary_matrix.simple	/raid/kang/DelSIEVE/simulation_results/IndelSIEVE_benchmark_pipeline_sa_003/benchmark_results/indelsieve/from_candidate/variant_calling/mt/no_cnv/smc_mudel_sa_stage_1/0005/indelsieve_median.ternary	/raid/kang/DelSIEVE/simulation_results/IndelSIEVE_benchmark_pipeline_sa_003/benchmark_results/indelsieve/from_candidate/variant_calling/mt/no_cnv/smc_mudel_sa_stage_1/0005/indelsieve_median.probs	10512	60	8960	548	0.9504520795660036	0.9943246311010216	0.9718934911242604	0.0066518847006651	9797	61	10020	200	0.97999399819946	0.9938121322783526	0.9868546965499876	0.0060509870052574	8020	167	11674	217	0.9736554570838898	0.9796018077439844	0.976619581100828	0.0141035385524871	1165	26	18790	97	0.9231378763866878	0.9781696053736356	0.949857317570322	0.0013818027210884	1262	50	2	95	1167	27	16699	67	0.9457050243111832	0.9773869346733668	0.0016142532584	0.9612850082372324	7	13	17938	2	0.7777777777777778	0.35	0.0007241936382374	0.4827586206896551	463	17	17445	35	0.929718875502008	0.9645833333333332	0.0009735425495361	0.9468302658486708	668	26	17207	59	0.9188445667125172	0.962536023054755	0.0015087332443567	0.94018296973962	42	4	18	3	0	0	17960	0	NA	NA	0.0	NA
40	20	2	0.001999	0.3	3e-05	3e-06	0.0	0006	indelsieve	candidate_snvs	smc_mudel_sa_stage_1	mt	no_cnv	/raid/kang/DelSIEVE/simulation_results/IndelSIEVE_benchmark_pipeline_sa_003/benchmark_results/simulated_data/results/cell_names	/raid/kang/DelSIEVE/simulation_results/IndelSIEVE_benchmark_pipeline_sa_003/benchmark_results/indelsieve/from_candidate/variant_calling/mt/no_cnv/smc_mudel_sa_stage_1/0006/indelsieve_mode_gaussian.cell_names	/raid/kang/DelSIEVE/simulation_results/IndelSIEVE_benchmark_pipeline_sa_003/benchmark_results/simulated_data/results/data_type/no_cnv/0006/true_evo_events_sites_names	/raid/kang/DelSIEVE/simulation_results/IndelSIEVE_benchmark_pipeline_sa_003/benchmark_results/indelsieve/from_candidate/variant_calling/mt/no_cnv/smc_mudel_sa_stage_1/0006/indelsieve_mode_gaussian.loci_info	/raid/kang/DelSIEVE/simulation_results/IndelSIEVE_benchmark_pipeline_sa_003/benchmark_results/simulated_data/results/data_type/no_cnv/0006/true_evo_events_genotypes_numeric	/raid/kang/DelSIEVE/simulation_results/IndelSIEVE_benchmark_pipeline_sa_003/benchmark_results/indelsieve/from_candidate/variant_calling/mt/no_cnv/smc_mudel_sa_stage_1/0006/indelsieve_mode_gaussian.genotypes	/raid/kang/DelSIEVE/simulation_results/IndelSIEVE_benchmark_pipeline_sa_003/benchmark_results/simulated_data/results/data_type/no_cnv/0006/true_evo_events_ternary_matrix.simple	/raid/kang/DelSIEVE/simulation_results/IndelSIEVE_benchmark_pipeline_sa_003/benchmark_results/indelsieve/from_candidate/variant_calling/mt/no_cnv/smc_mudel_sa_stage_1/0006/indelsieve_mode_gaussian.ternary	/raid/kang/DelSIEVE/simulation_results/IndelSIEVE_benchmark_pipeline_sa_003/benchmark_results/indelsieve/from_candidate/variant_calling/mt/no_cnv/smc_mudel_sa_stage_1/0006/indelsieve_mode_gaussian.probs	11468	114	16140	878	0.9288838490199256	0.9901571403902608	0.9585422935473088	0.0070136581764488	10789	122	17373	309	0.9721571454316092	0.9888186234075704	0.9804171020945976	0.0069734209774221	9334	257	18650	352	0.9636588891183152	0.9732040454592848	0.9684079472947036	0.0135928492092875	1086	41	27334	132	0.8916256157635468	0.963620230700976	0.926226012793177	0.0014977168949771	1218	98	1	131	832	32	23286	90	0.9023861171366594	0.9629629629629628	0.001372330388541	0.9316909294512878	8	9	24222	1	0.8888888888888888	0.4705882352941176	0.0003714250340472	0.6153846153846153	172	21	24025	22	0.8865979381443299	0.8911917098445595	0.0008733261249272	0.8888888888888887	630	24	23497	89	0.8762169680111266	0.963302752293578	0.0010203647804089	0.9176984705025492	56	18	10	6	0	0	24240	0	NA	NA	0.0	NA
40	20	2	0.001999	0.3	3e-05	3e-06	0.0	0007	indelsieve	candidate_snvs	smc_mudel_sa_stage_1	mt	no_cnv	/raid/kang/DelSIEVE/simulation_results/IndelSIEVE_benchmark_pipeline_sa_003/benchmark_results/simulated_data/results/cell_names	/raid/kang/DelSIEVE/simulation_results/IndelSIEVE_benchmark_pipeline_sa_003/benchmark_results/indelsieve/from_candidate/variant_calling/mt/no_cnv/smc_mudel_sa_stage_1/0007/indelsieve_mode_gaussian.cell_names	/raid/kang/DelSIEVE/simulation_results/IndelSIEVE_benchmark_pipeline_sa_003/benchmark_results/simulated_data/results/data_type/no_cnv/0007/true_evo_events_sites_names	/raid/kang/DelSIEVE/simulation_results/IndelSIEVE_benchmark_pipeline_sa_003/benchmark_results/indelsieve/from_candidate/variant_calling/mt/no_cnv/smc_mudel_sa_stage_1/0007/indelsieve_mode_gaussian.loci_info	/raid/kang/DelSIEVE/simulation_results/IndelSIEVE_benchmark_pipeline_sa_003/benchmark_results/simulated_data/results/data_type/no_cnv/0007/true_evo_events_genotypes_numeric	/raid/kang/DelSIEVE/simulation_results/IndelSIEVE_benchmark_pipeline_sa_003/benchmark_results/indelsieve/from_candidate/variant_calling/mt/no_cnv/smc_mudel_sa_stage_1/0007/indelsieve_mode_gaussian.genotypes	/raid/kang/DelSIEVE/simulation_results/IndelSIEVE_benchmark_pipeline_sa_003/benchmark_results/simulated_data/results/data_type/no_cnv/0007/true_evo_events_ternary_matrix.simple	/raid/kang/DelSIEVE/simulation_results/IndelSIEVE_benchmark_pipeline_sa_003/benchmark_results/indelsieve/from_candidate/variant_calling/mt/no_cnv/smc_mudel_sa_stage_1/0007/indelsieve_mode_gaussian.ternary	/raid/kang/DelSIEVE/simulation_results/IndelSIEVE_benchmark_pipeline_sa_003/benchmark_results/indelsieve/from_candidate/variant_calling/mt/no_cnv/smc_mudel_sa_stage_1/0007/indelsieve_mode_gaussian.probs	12511	153	15123	653	0.9503950167122456	0.9879185091598232	0.9687935573795882	0.0100157109190887	11532	156	16485	260	0.9779511533242876	0.9866529774127312	0.982282793867121	0.0093744366324139	9783	273	18095	282	0.9719821162444112	0.9728520286396182	0.972416877888773	0.0148628048780487	1231	36	27045	121	0.9105029585798816	0.9715864246250988	0.9400534555173732	0.001329345297441	1352	130	1	120	1308	33	23974	85	0.9389806173725772	0.9753914988814316	0.0013745990752697	0.9568397951719094	11	9	25375	5	0.6875	0.55	0.0003545540497951	0.6111111111111112	346	19	25006	29	0.9226666666666666	0.947945205479452	0.0007592407592407	0.9351351351351352	919	37	24361	83	0.9171656686626748	0.9612970711297072	0.0015165177473563	0.9387129724208376	51	12	11	11	0	0	25400	0	NA	NA	0.0	NA
40	20	2	0.001999	0.3	3e-05	3e-06	0.0	0008	indelsieve	candidate_snvs	smc_mudel_sa_stage_1	mt	no_cnv	/raid/kang/DelSIEVE/simulation_results/IndelSIEVE_benchmark_pipeline_sa_003/benchmark_results/simulated_data/results/cell_names	/raid/kang/DelSIEVE/simulation_results/IndelSIEVE_benchmark_pipeline_sa_003/benchmark_results/indelsieve/from_candidate/variant_calling/mt/no_cnv/smc_mudel_sa_stage_1/0008/indelsieve_median.cell_names	/raid/kang/DelSIEVE/simulation_results/IndelSIEVE_benchmark_pipeline_sa_003/benchmark_results/simulated_data/results/data_type/no_cnv/0008/true_evo_events_sites_names	/raid/kang/DelSIEVE/simulation_results/IndelSIEVE_benchmark_pipeline_sa_003/benchmark_results/indelsieve/from_candidate/variant_calling/mt/no_cnv/smc_mudel_sa_stage_1/0008/indelsieve_median.loci_info	/raid/kang/DelSIEVE/simulation_results/IndelSIEVE_benchmark_pipeline_sa_003/benchmark_results/simulated_data/results/data_type/no_cnv/0008/true_evo_events_genotypes_numeric	/raid/kang/DelSIEVE/simulation_results/IndelSIEVE_benchmark_pipeline_sa_003/benchmark_results/indelsieve/from_candidate/variant_calling/mt/no_cnv/smc_mudel_sa_stage_1/0008/indelsieve_median.genotypes	/raid/kang/DelSIEVE/simulation_results/IndelSIEVE_benchmark_pipeline_sa_003/benchmark_results/simulated_data/results/data_type/no_cnv/0008/true_evo_events_ternary_matrix.simple	/raid/kang/DelSIEVE/simulation_results/IndelSIEVE_benchmark_pipeline_sa_003/benchmark_results/indelsieve/from_candidate/variant_calling/mt/no_cnv/smc_mudel_sa_stage_1/0008/indelsieve_median.ternary	/raid/kang/DelSIEVE/simulation_results/IndelSIEVE_benchmark_pipeline_sa_003/benchmark_results/indelsieve/from_candidate/variant_calling/mt/no_cnv/smc_mudel_sa_stage_1/0008/indelsieve_median.probs	11237	101	16478	824	0.9316806234972224	0.9910919033339212	0.9604683960853028	0.0060920441522407	10342	94	17953	249	0.9764894721933716	0.9909927175162898	0.9836876397013364	0.0052086219316229	8994	184	19186	274	0.9704359085023736	0.9799520592721724	0.975170768730348	0.0094992256066081	1001	24	27534	79	0.9268518518518518	0.9765853658536584	0.9510688836104512	0.0008708904855214	1080	83	0	79	1105	30	23420	85	0.9285714285714286	0.973568281938326	0.0012793176972281	0.9505376344086022	7	12	24617	4	0.6363636363636364	0.3684210526315789	0.0004872305006293	0.4666666666666667	213	20	24377	30	0.8765432098765432	0.9141630901287554	0.0008197729229003	0.8949579831932774	856	27	23677	80	0.9145299145299144	0.9694224235560588	0.0011390482618967	0.9411764705882352	58	3	19	5	0	0	24640	0	NA	NA	0.0	NA
40	20	2	0.001999	0.3	3e-05	3e-06	0.0	0009	indelsieve	candidate_snvs	smc_mudel_sa_stage_1	mt	no_cnv	/raid/kang/DelSIEVE/simulation_results/IndelSIEVE_benchmark_pipeline_sa_003/benchmark_results/simulated_data/results/cell_names	/raid/kang/DelSIEVE/simulation_results/IndelSIEVE_benchmark_pipeline_sa_003/benchmark_results/indelsieve/from_candidate/variant_calling/mt/no_cnv/smc_mudel_sa_stage_1/0009/indelsieve_median.cell_names	/raid/kang/DelSIEVE/simulation_results/IndelSIEVE_benchmark_pipeline_sa_003/benchmark_results/simulated_data/results/data_type/no_cnv/0009/true_evo_events_sites_names	/raid/kang/DelSIEVE/simulation_results/IndelSIEVE_benchmark_pipeline_sa_003/benchmark_results/indelsieve/from_candidate/variant_calling/mt/no_cnv/smc_mudel_sa_stage_1/0009/indelsieve_median.loci_info	/raid/kang/DelSIEVE/simulation_results/IndelSIEVE_benchmark_pipeline_sa_003/benchmark_results/simulated_data/results/data_type/no_cnv/0009/true_evo_events_genotypes_numeric	/raid/kang/DelSIEVE/simulation_results/IndelSIEVE_benchmark_pipeline_sa_003/benchmark_results/indelsieve/from_candidate/variant_calling/mt/no_cnv/smc_mudel_sa_stage_1/0009/indelsieve_median.genotypes	/raid/kang/DelSIEVE/simulation_results/IndelSIEVE_benchmark_pipeline_sa_003/benchmark_results/simulated_data/results/data_type/no_cnv/0009/true_evo_events_ternary_matrix.simple	/raid/kang/DelSIEVE/simulation_results/IndelSIEVE_benchmark_pipeline_sa_003/benchmark_results/indelsieve/from_candidate/variant_calling/mt/no_cnv/smc_mudel_sa_stage_1/0009/indelsieve_median.ternary	/raid/kang/DelSIEVE/simulation_results/IndelSIEVE_benchmark_pipeline_sa_003/benchmark_results/indelsieve/from_candidate/variant_calling/mt/no_cnv/smc_mudel_sa_stage_1/0009/indelsieve_median.probs	11504	95	10576	465	0.9611496365611162	0.9918096387619624	0.9762389680923286	0.0089026333052197	10527	79	11797	236	0.9780730279661805	0.99255138600792	0.9852590200758108	0.0066520714045133	8323	232	13822	262	0.9694816540477578	0.9728813559322034	0.9711785297549592	0.0165077557990607	1562	27	20907	143	0.9161290322580644	0.9830081812460668	0.9483910139647844	0.0012897678417884	1705	70	0	143	1416	39	18920	65	0.9561107359891964	0.9731958762886598	0.002057070520597	0.9645776566757492	4	7	20426	3	0.5714285714285714	0.3636363636363636	0.000342583076396	0.4444444444444444	447	15	19952	26	0.945031712473573	0.9675324675324676	0.0007512395452496	0.956149732620321	945	37	19402	56	0.944055944055944	0.9623217922606924	0.0019033900920829	0.9531013615733738	43	4	15	3	0	0	20440	0	NA	NA	0.0	NA
40	20	2	0.001999	0.3	3e-05	3e-06	0.0	0010	indelsieve	candidate_snvs	smc_mudel_sa_stage_1	mt	no_cnv	/raid/kang/DelSIEVE/simulation_results/IndelSIEVE_benchmark_pipeline_sa_003/benchmark_results/simulated_data/results/cell_names	/raid/kang/DelSIEVE/simulation_results/IndelSIEVE_benchmark_pipeline_sa_003/benchmark_results/indelsieve/from_candidate/variant_calling/mt/no_cnv/smc_mudel_sa_stage_1/0010/indelsieve_median.cell_names	/raid/kang/DelSIEVE/simulation_results/IndelSIEVE_benchmark_pipeline_sa_003/benchmark_results/simulated_data/results/data_type/no_cnv/0010/true_evo_events_sites_names	/raid/kang/DelSIEVE/simulation_results/IndelSIEVE_benchmark_pipeline_sa_003/benchmark_results/indelsieve/from_candidate/variant_calling/mt/no_cnv/smc_mudel_sa_stage_1/0010/indelsieve_median.loci_info	/raid/kang/DelSIEVE/simulation_results/IndelSIEVE_benchmark_pipeline_sa_003/benchmark_results/simulated_data/results/data_type/no_cnv/0010/true_evo_events_genotypes_numeric	/raid/kang/DelSIEVE/simulation_results/IndelSIEVE_benchmark_pipeline_sa_003/benchmark_results/indelsieve/from_candidate/variant_calling/mt/no_cnv/smc_mudel_sa_stage_1/0010/indelsieve_median.genotypes	/raid/kang/DelSIEVE/simulation_results/IndelSIEVE_benchmark_pipeline_sa_003/benchmark_results/simulated_data/results/data_type/no_cnv/0010/true_evo_events_ternary_matrix.simple	/raid/kang/DelSIEVE/simulation_results/IndelSIEVE_benchmark_pipeline_sa_003/benchmark_results/indelsieve/from_candidate/variant_calling/mt/no_cnv/smc_mudel_sa_stage_1/0010/indelsieve_median.ternary	/raid/kang/DelSIEVE/simulation_results/IndelSIEVE_benchmark_pipeline_sa_003/benchmark_results/indelsieve/from_candidate/variant_calling/mt/no_cnv/smc_mudel_sa_stage_1/0010/indelsieve_median.probs	11243	54	8293	370	0.9681391543959356	0.9952199699035142	0.981492797904845	0.0064693902000718	10467	61	9289	142	0.9866151380903008	0.9942059270516718	0.9903959880777784	0.0065240641711229	7942	176	11668	173	0.9786814540973506	0.978319783197832	0.9785005852276228	0.0148598446470786	1884	32	17938	105	0.947209653092006	0.9832985386221296	0.9649167733674776	0.0017807456872565	1989	47	1	104	1242	21	17000	57	0.9561200923787528	0.9833729216152018	0.0012337700487632	0.9695550351288056	7	0	18313	0	1.0	1.0	0.0	1.0	479	15	17800	26	0.9485148514851484	0.9696356275303644	0.0008419870895312	0.9589589589589588	748	14	17519	39	0.9504447268106736	0.9816272965879264	0.0007984942679518	0.9657843770174306	25	11	14	7	0	0	18320	0	NA	NA	0.0	NA
40	20	2	0.001999	0.3	3e-05	3e-06	0.0	0001	sieve	candidate_snvs	smc_mu_sa_stage_1-smc_mu_sa_stage_2	mt	no_cnv	/raid/kang/DelSIEVE/simulation_results/IndelSIEVE_benchmark_pipeline_sa_003/benchmark_results/simulated_data/results/cell_names	/raid/kang/DelSIEVE/simulation_results/IndelSIEVE_benchmark_pipeline_sa_003/benchmark_results/indelsieve/from_candidate/variant_calling/stage2/mt/no_cnv/smc_mu_sa_stage_1-smc_mu_sa_stage_2/0001/indelsieve_median.cell_names	/raid/kang/DelSIEVE/simulation_results/IndelSIEVE_benchmark_pipeline_sa_003/benchmark_results/simulated_data/results/data_type/no_cnv/0001/true_evo_events_sites_names	/raid/kang/DelSIEVE/simulation_results/IndelSIEVE_benchmark_pipeline_sa_003/benchmark_results/indelsieve/from_candidate/variant_calling/stage2/mt/no_cnv/smc_mu_sa_stage_1-smc_mu_sa_stage_2/0001/indelsieve_median.loci_info	/raid/kang/DelSIEVE/simulation_results/IndelSIEVE_benchmark_pipeline_sa_003/benchmark_results/simulated_data/results/data_type/no_cnv/0001/true_evo_events_genotypes_numeric	/raid/kang/DelSIEVE/simulation_results/IndelSIEVE_benchmark_pipeline_sa_003/benchmark_results/indelsieve/from_candidate/variant_calling/stage2/mt/no_cnv/smc_mu_sa_stage_1-smc_mu_sa_stage_2/0001/indelsieve_median.genotypes	/raid/kang/DelSIEVE/simulation_results/IndelSIEVE_benchmark_pipeline_sa_003/benchmark_results/simulated_data/results/data_type/no_cnv/0001/true_evo_events_ternary_matrix.simple	/raid/kang/DelSIEVE/simulation_results/IndelSIEVE_benchmark_pipeline_sa_003/benchmark_results/indelsieve/from_candidate/variant_calling/stage2/mt/no_cnv/smc_mu_sa_stage_1-smc_mu_sa_stage_2/0001/indelsieve_median.ternary	/raid/kang/DelSIEVE/simulation_results/IndelSIEVE_benchmark_pipeline_sa_003/benchmark_results/indelsieve/from_candidate/variant_calling/stage2/mt/no_cnv/smc_mu_sa_stage_1-smc_mu_sa_stage_2/0001/indelsieve_median.probs	10943	146	15687	1504	0.8791676709247208	0.9868337992605284	0.9298946295037392	0.0092212467630897	10873	216	16867	307	0.9725402504472273	0.9805212372621516	0.9765144371098836	0.0126441491541298	9187	511	18247	318	0.9665439242503944	0.9473087234481335	0.9568296620319744	0.0272417102036464	1236	155	26675	197	0.8625261688764829	0.888569374550683	0.8753541076487253	0.0057771151695862	1433	146	2	195	0	0	23371	1069	0.0	NA	0.0	NA	0	0	24431	9	0.0	NA	0.0	NA	0	0	24198	242	0.0	NA	0.0	NA	0	0	23622	818	0.0	NA	0.0	NA	748	65	105	134	0	0	24440	0	NA	NA	0.0	NA
40	20	2	0.001999	0.3	3e-05	3e-06	0.0	0001	indelsieve	candidate_snvs	smc_mudel_sa_stage_1-smc_mudel_sa_stage_2	mt	no_cnv	/raid/kang/DelSIEVE/simulation_results/IndelSIEVE_benchmark_pipeline_sa_003/benchmark_results/simulated_data/results/cell_names	/raid/kang/DelSIEVE/simulation_results/IndelSIEVE_benchmark_pipeline_sa_003/benchmark_results/indelsieve/from_candidate/variant_calling/stage2/mt/no_cnv/smc_mudel_sa_stage_1-smc_mudel_sa_stage_2/0001/indelsieve_median.cell_names	/raid/kang/DelSIEVE/simulation_results/IndelSIEVE_benchmark_pipeline_sa_003/benchmark_results/simulated_data/results/data_type/no_cnv/0001/true_evo_events_sites_names	/raid/kang/DelSIEVE/simulation_results/IndelSIEVE_benchmark_pipeline_sa_003/benchmark_results/indelsieve/from_candidate/variant_calling/stage2/mt/no_cnv/smc_mudel_sa_stage_1-smc_mudel_sa_stage_2/0001/indelsieve_median.loci_info	/raid/kang/DelSIEVE/simulation_results/IndelSIEVE_benchmark_pipeline_sa_003/benchmark_results/simulated_data/results/data_type/no_cnv/0001/true_evo_events_genotypes_numeric	/raid/kang/DelSIEVE/simulation_results/IndelSIEVE_benchmark_pipeline_sa_003/benchmark_results/indelsieve/from_candidate/variant_calling/stage2/mt/no_cnv/smc_mudel_sa_stage_1-smc_mudel_sa_stage_2/0001/indelsieve_median.genotypes	/raid/kang/DelSIEVE/simulation_results/IndelSIEVE_benchmark_pipeline_sa_003/benchmark_results/simulated_data/results/data_type/no_cnv/0001/true_evo_events_ternary_matrix.simple	/raid/kang/DelSIEVE/simulation_results/IndelSIEVE_benchmark_pipeline_sa_003/benchmark_results/indelsieve/from_candidate/variant_calling/stage2/mt/no_cnv/smc_mudel_sa_stage_1-smc_mudel_sa_stage_2/0001/indelsieve_median.ternary	/raid/kang/DelSIEVE/simulation_results/IndelSIEVE_benchmark_pipeline_sa_003/benchmark_results/indelsieve/from_candidate/variant_calling/stage2/mt/no_cnv/smc_mudel_sa_stage_1-smc_mudel_sa_stage_2/0001/indelsieve_median.probs	11654	161	15672	793	0.9362898690447498	0.9863732543377064	0.9606792515044102	0.0101686351291606	10883	176	16907	297	0.9734347048300536	0.9840853603399946	0.9787310580511714	0.0103026400515132	9196	380	18377	310	0.9673890174626552	0.9603174603174603	0.96384026831569	0.0202591032681132	1237	24	26807	195	0.8638268156424581	0.9809674861221253	0.9186780542146304	0.000894487719429	1432	150	2	193	964	14	23357	105	0.90177736202058	0.985685071574642	0.0005990329896024	0.941866145578896	9	4	24427	0	1.0	0.6923076923076923	0.0001637264131636	0.8181818181818181	212	10	24188	30	0.8760330578512396	0.954954954954955	0.0004132572939912	0.9137931034482758	727	16	23606	91	0.8887530562347188	0.9784656796769852	0.0006773346880027	0.931454196028187	61	17	20	7	0	0	24440	0	NA	NA	0.0	NA
40	20	2	0.001999	0.3	3e-05	3e-06	0.0	0002	sieve	candidate_snvs	smc_mu_sa_stage_1-smc_mu_sa_stage_2	mt	no_cnv	/raid/kang/DelSIEVE/simulation_results/IndelSIEVE_benchmark_pipeline_sa_003/benchmark_results/simulated_data/results/cell_names	/raid/kang/DelSIEVE/simulation_results/IndelSIEVE_benchmark_pipeline_sa_003/benchmark_results/indelsieve/from_candidate/variant_calling/stage2/mt/no_cnv/smc_mu_sa_stage_1-smc_mu_sa_stage_2/0002/indelsieve_median.cell_names	/raid/kang/DelSIEVE/simulation_results/IndelSIEVE_benchmark_pipeline_sa_003/benchmark_results/simulated_data/results/data_type/no_cnv/0002/true_evo_events_sites_names	/raid/kang/DelSIEVE/simulation_results/IndelSIEVE_benchmark_pipeline_sa_003/benchmark_results/indelsieve/from_candidate/variant_calling/stage2/mt/no_cnv/smc_mu_sa_stage_1-smc_mu_sa_stage_2/0002/indelsieve_median.loci_info	/raid/kang/DelSIEVE/simulation_results/IndelSIEVE_benchmark_pipeline_sa_003/benchmark_results/simulated_data/results/data_type/no_cnv/0002/true_evo_events_genotypes_numeric	/raid/kang/DelSIEVE/simulation_results/IndelSIEVE_benchmark_pipeline_sa_003/benchmark_results/indelsieve/from_candidate/variant_calling/stage2/mt/no_cnv/smc_mu_sa_stage_1-smc_mu_sa_stage_2/0002/indelsieve_median.genotypes	/raid/kang/DelSIEVE/simulation_results/IndelSIEVE_benchmark_pipeline_sa_003/benchmark_results/simulated_data/results/data_type/no_cnv/0002/true_evo_events_ternary_matrix.simple	/raid/kang/DelSIEVE/simulation_results/IndelSIEVE_benchmark_pipeline_sa_003/benchmark_results/indelsieve/from_candidate/variant_calling/stage2/mt/no_cnv/smc_mu_sa_stage_1-smc_mu_sa_stage_2/0002/indelsieve_median.ternary	/raid/kang/DelSIEVE/simulation_results/IndelSIEVE_benchmark_pipeline_sa_003/benchmark_results/indelsieve/from_candidate/variant_calling/stage2/mt/no_cnv/smc_mu_sa_stage_1-smc_mu_sa_stage_2/0002/indelsieve_median.probs	8576	140	18806	1238	0.8738536784185857	0.983937586048646	0.9256341068537508	0.0073894225694077	8527	189	19647	387	0.9565851469598384	0.9783157411656724	0.9673284174702212	0.0095281306715063	7605	386	20368	391	0.9511005502751376	0.9516956576148168	0.9513980108838432	0.018598824323022	646	79	27889	136	0.8260869565217391	0.8910344827586207	0.8573324485733246	0.002824656750572	782	140	4	132	0	0	21611	509	0.0	NA	0.0	NA	0	0	22119	1	0.0	NA	0.0	NA	0	0	21984	136	0.0	NA	0.0	NA	0	0	21748	372	0.0	NA	0.0	NA	324	48	66	70	0	0	22120	0	NA	NA	0.0	NA
40	20	2	0.001999	0.3	3e-05	3e-06	0.0	0002	indelsieve	candidate_snvs	smc_mudel_sa_stage_1-smc_mudel_sa_stage_2	mt	no_cnv	/raid/kang/DelSIEVE/simulation_results/IndelSIEVE_benchmark_pipeline_sa_003/benchmark_results/simulated_data/results/cell_names	/raid/kang/DelSIEVE/simulation_results/IndelSIEVE_benchmark_pipeline_sa_003/benchmark_results/indelsieve/from_candidate/variant_calling/stage2/mt/no_cnv/smc_mudel_sa_stage_1-smc_mudel_sa_stage_2/0002/indelsieve_median.cell_names	/raid/kang/DelSIEVE/simulation_results/IndelSIEVE_benchmark_pipeline_sa_003/benchmark_results/simulated_data/results/data_type/no_cnv/0002/true_evo_events_sites_names	/raid/kang/DelSIEVE/simulation_results/IndelSIEVE_benchmark_pipeline_sa_003/benchmark_results/indelsieve/from_candidate/variant_calling/stage2/mt/no_cnv/smc_mudel_sa_stage_1-smc_mudel_sa_stage_2/0002/indelsieve_median.loci_info	/raid/kang/DelSIEVE/simulation_results/IndelSIEVE_benchmark_pipeline_sa_003/benchmark_results/simulated_data/results/data_type/no_cnv/0002/true_evo_events_genotypes_numeric	/raid/kang/DelSIEVE/simulation_results/IndelSIEVE_benchmark_pipeline_sa_003/benchmark_results/indelsieve/from_candidate/variant_calling/stage2/mt/no_cnv/smc_mudel_sa_stage_1-smc_mudel_sa_stage_2/0002/indelsieve_median.genotypes	/raid/kang/DelSIEVE/simulation_results/IndelSIEVE_benchmark_pipeline_sa_003/benchmark_results/simulated_data/results/data_type/no_cnv/0002/true_evo_events_ternary_matrix.simple	/raid/kang/DelSIEVE/simulation_results/IndelSIEVE_benchmark_pipeline_sa_003/benchmark_results/indelsieve/from_candidate/variant_calling/stage2/mt/no_cnv/smc_mudel_sa_stage_1-smc_mudel_sa_stage_2/0002/indelsieve_median.ternary	/raid/kang/DelSIEVE/simulation_results/IndelSIEVE_benchmark_pipeline_sa_003/benchmark_results/indelsieve/from_candidate/variant_calling/stage2/mt/no_cnv/smc_mudel_sa_stage_1-smc_mudel_sa_stage_2/0002/indelsieve_median.probs	8844	149	18797	970	0.9011616058691664	0.9834315578783498	0.940500877332908	0.0078644568774411	8525	149	19687	389	0.9563607807942562	0.9828222273460918	0.9694109620195588	0.0075115950796531	7600	297	20457	396	0.9504752376188094	0.962390781309358	0.9563958975649656	0.0143104943625325	646	8	27960	136	0.8260869565217391	0.9877675840978594	0.8997214484679666	0.0002860411899313	782	140	4	132	424	18	21593	85	0.8330058939096268	0.9592760180995475	0.0008329091666281	0.8916929547844374	0	0	22119	1	0.0	NA	0.0	NA	118	5	21979	18	0.8676470588235294	0.959349593495935	0.0002274381368267	0.9111969111969112	304	15	21733	68	0.8172043010752689	0.9529780564263324	0.0006897185948133	0.8798842257597684	60	7	18	0	0	0	22120	0	NA	NA	0.0	NA
40	20	2	0.001999	0.3	3e-05	3e-06	0.0	0003	sieve	candidate_snvs	smc_mu_sa_stage_1-smc_mu_sa_stage_2	mt	no_cnv	/raid/kang/DelSIEVE/simulation_results/IndelSIEVE_benchmark_pipeline_sa_003/benchmark_results/simulated_data/results/cell_names	/raid/kang/DelSIEVE/simulation_results/IndelSIEVE_benchmark_pipeline_sa_003/benchmark_results/indelsieve/from_candidate/variant_calling/stage2/mt/no_cnv/smc_mu_sa_stage_1-smc_mu_sa_stage_2/0003/indelsieve_median.cell_names	/raid/kang/DelSIEVE/simulation_results/IndelSIEVE_benchmark_pipeline_sa_003/benchmark_results/simulated_data/results/data_type/no_cnv/0003/true_evo_events_sites_names	/raid/kang/DelSIEVE/simulation_results/IndelSIEVE_benchmark_pipeline_sa_003/benchmark_results/indelsieve/from_candidate/variant_calling/stage2/mt/no_cnv/smc_mu_sa_stage_1-smc_mu_sa_stage_2/0003/indelsieve_median.loci_info	/raid/kang/DelSIEVE/simulation_results/IndelSIEVE_benchmark_pipeline_sa_003/benchmark_results/simulated_data/results/data_type/no_cnv/0003/true_evo_events_genotypes_numeric	/raid/kang/DelSIEVE/simulation_results/IndelSIEVE_benchmark_pipeline_sa_003/benchmark_results/indelsieve/from_candidate/variant_calling/stage2/mt/no_cnv/smc_mu_sa_stage_1-smc_mu_sa_stage_2/0003/indelsieve_median.genotypes	/raid/kang/DelSIEVE/simulation_results/IndelSIEVE_benchmark_pipeline_sa_003/benchmark_results/simulated_data/results/data_type/no_cnv/0003/true_evo_events_ternary_matrix.simple	/raid/kang/DelSIEVE/simulation_results/IndelSIEVE_benchmark_pipeline_sa_003/benchmark_results/indelsieve/from_candidate/variant_calling/stage2/mt/no_cnv/smc_mu_sa_stage_1-smc_mu_sa_stage_2/0003/indelsieve_median.ternary	/raid/kang/DelSIEVE/simulation_results/IndelSIEVE_benchmark_pipeline_sa_003/benchmark_results/indelsieve/from_candidate/variant_calling/stage2/mt/no_cnv/smc_mu_sa_stage_1-smc_mu_sa_stage_2/0003/indelsieve_median.probs	12732	119	10685	1624	0.8868765672889384	0.9907400202318886	0.9359356048075864	0.0110144390966308	12616	235	12102	191	0.9850862809401107	0.9817134853318809	0.983396991191831	0.0190483910188862	9895	548	14505	196	0.9805767515607968	0.9475246576654218	0.9637674101490212	0.0364047033813857	2002	406	22575	161	0.9255663430420712	0.8313953488372093	0.8759571209800918	0.0176667681998172	2163	119	0	161	0	0	20869	1531	0.0	NA	0.0	NA	0	0	22362	38	0.0	NA	0.0	NA	0	0	21847	553	0.0	NA	0.0	NA	0	0	21460	940	0.0	NA	0.0	NA	836	103	154	396	0	0	22400	0	NA	NA	0.0	NA
40	20	2	0.001999	0.3	3e-05	3e-06	0.0	0003	indelsieve	candidate_snvs	smc_mudel_sa_stage_1-smc_mudel_sa_stage_2	mt	no_cnv	/raid/kang/DelSIEVE/simulation_results/IndelSIEVE_benchmark_pipeline_sa_003/benchmark_results/simulated_data/results/cell_names	/raid/kang/DelSIEVE/simulation_results/IndelSIEVE_benchmark_pipeline_sa_003/benchmark_results/indelsieve/from_candidate/variant_calling/stage2/mt/no_cnv/smc_mudel_sa_stage_1-smc_mudel_sa_stage_2/0003/indelsieve_median.cell_names	/raid/kang/DelSIEVE/simulation_results/IndelSIEVE_benchmark_pipeline_sa_003/benchmark_results/simulated_data/results/data_type/no_cnv/0003/true_evo_events_sites_names	/raid/kang/DelSIEVE/simulation_results/IndelSIEVE_benchmark_pipeline_sa_003/benchmark_results/indelsieve/from_candidate/variant_calling/stage2/mt/no_cnv/smc_mudel_sa_stage_1-smc_mudel_sa_stage_2/0003/indelsieve_median.loci_info	/raid/kang/DelSIEVE/simulation_results/IndelSIEVE_benchmark_pipeline_sa_003/benchmark_results/simulated_data/results/data_type/no_cnv/0003/true_evo_events_genotypes_numeric	/raid/kang/DelSIEVE/simulation_results/IndelSIEVE_benchmark_pipeline_sa_003/benchmark_results/indelsieve/from_candidate/variant_calling/stage2/mt/no_cnv/smc_mudel_sa_stage_1-smc_mudel_sa_stage_2/0003/indelsieve_median.genotypes	/raid/kang/DelSIEVE/simulation_results/IndelSIEVE_benchmark_pipeline_sa_003/benchmark_results/simulated_data/results/data_type/no_cnv/0003/true_evo_events_ternary_matrix.simple	/raid/kang/DelSIEVE/simulation_results/IndelSIEVE_benchmark_pipeline_sa_003/benchmark_results/indelsieve/from_candidate/variant_calling/stage2/mt/no_cnv/smc_mudel_sa_stage_1-smc_mudel_sa_stage_2/0003/indelsieve_median.ternary	/raid/kang/DelSIEVE/simulation_results/IndelSIEVE_benchmark_pipeline_sa_003/benchmark_results/indelsieve/from_candidate/variant_calling/stage2/mt/no_cnv/smc_mudel_sa_stage_1-smc_mudel_sa_stage_2/0003/indelsieve_median.probs	13546	117	10687	810	0.9435775982167734	0.9914367269267363	0.9669153074699312	0.010829322473158	12609	137	12200	198	0.9845397048489108	0.9892515298917308	0.9868899933471608	0.0111048066790954	9890	300	14751	203	0.9798870504309918	0.970559371933268	0.9752009071636346	0.0199322304165836	2004	15	22968	157	0.9273484497917632	0.9925705794947994	0.9588516746411484	0.0006526563111865	2161	115	0	157	1449	5	20864	82	0.9464402351404312	0.9965612104539202	0.0002395898222243	0.9708542713567838	35	6	22356	3	0.9210526315789472	0.8536585365853658	0.0002683123155352	0.8860759493670887	523	14	21833	30	0.945750452079566	0.9739292364990688	0.0006408202499198	0.9596330275229358	868	8	21452	72	0.9234042553191488	0.9908675799086758	0.0003727865796831	0.9559471365638766	47	11	17	7	0	0	22400	0	NA	NA	0.0	NA
40	20	2	0.001999	0.3	3e-05	3e-06	0.0	0004	sieve	candidate_snvs	smc_mu_sa_stage_1-smc_mu_sa_stage_2	mt	no_cnv	/raid/kang/DelSIEVE/simulation_results/IndelSIEVE_benchmark_pipeline_sa_003/benchmark_results/simulated_data/results/cell_names	/raid/kang/DelSIEVE/simulation_results/IndelSIEVE_benchmark_pipeline_sa_003/benchmark_results/indelsieve/from_candidate/variant_calling/stage2/mt/no_cnv/smc_mu_sa_stage_1-smc_mu_sa_stage_2/0004/indelsieve_median.cell_names	/raid/kang/DelSIEVE/simulation_results/IndelSIEVE_benchmark_pipeline_sa_003/benchmark_results/simulated_data/results/data_type/no_cnv/0004/true_evo_events_sites_names	/raid/kang/DelSIEVE/simulation_results/IndelSIEVE_benchmark_pipeline_sa_003/benchmark_results/indelsieve/from_candidate/variant_calling/stage2/mt/no_cnv/smc_mu_sa_stage_1-smc_mu_sa_stage_2/0004/indelsieve_median.loci_info	/raid/kang/DelSIEVE/simulation_results/IndelSIEVE_benchmark_pipeline_sa_003/benchmark_results/simulated_data/results/data_type/no_cnv/0004/true_evo_events_genotypes_numeric	/raid/kang/DelSIEVE/simulation_results/IndelSIEVE_benchmark_pipeline_sa_003/benchmark_results/indelsieve/from_candidate/variant_calling/stage2/mt/no_cnv/smc_mu_sa_stage_1-smc_mu_sa_stage_2/0004/indelsieve_median.genotypes	/raid/kang/DelSIEVE/simulation_results/IndelSIEVE_benchmark_pipeline_sa_003/benchmark_results/simulated_data/results/data_type/no_cnv/0004/true_evo_events_ternary_matrix.simple	/raid/kang/DelSIEVE/simulation_results/IndelSIEVE_benchmark_pipeline_sa_003/benchmark_results/indelsieve/from_candidate/variant_calling/stage2/mt/no_cnv/smc_mu_sa_stage_1-smc_mu_sa_stage_2/0004/indelsieve_median.ternary	/raid/kang/DelSIEVE/simulation_results/IndelSIEVE_benchmark_pipeline_sa_003/benchmark_results/indelsieve/from_candidate/variant_calling/stage2/mt/no_cnv/smc_mu_sa_stage_1-smc_mu_sa_stage_2/0004/indelsieve_median.probs	13302	158	13543	1517	0.8976314191240975	0.9882615156017832	0.9407687683440008	0.0115320049631413	13241	219	14770	277	0.9795088030773784	0.9837295690936106	0.9816146489732376	0.0146107145239842	10617	620	16995	275	0.9747521116415718	0.9448251312627926	0.9595553346287676	0.0351972750496735	1846	377	26089	195	0.9044585987261148	0.8304093567251462	0.8658536585365855	0.0142446913020479	2041	158	4	191	0	0	22797	1403	0.0	NA	0.0	NA	0	0	24168	32	0.0	NA	0.0	NA	0	0	23615	585	0.0	NA	0.0	NA	0	0	23414	786	0.0	NA	0.0	NA	727	59	210	364	0	0	24200	0	NA	NA	0.0	NA
40	20	2	0.001999	0.3	3e-05	3e-06	0.0	0004	indelsieve	candidate_snvs	smc_mudel_sa_stage_1-smc_mudel_sa_stage_2	mt	no_cnv	/raid/kang/DelSIEVE/simulation_results/IndelSIEVE_benchmark_pipeline_sa_003/benchmark_results/simulated_data/results/cell_names	/raid/kang/DelSIEVE/simulation_results/IndelSIEVE_benchmark_pipeline_sa_003/benchmark_results/indelsieve/from_candidate/variant_calling/stage2/mt/no_cnv/smc_mudel_sa_stage_1-smc_mudel_sa_stage_2/0004/indelsieve_median.cell_names	/raid/kang/DelSIEVE/simulation_results/IndelSIEVE_benchmark_pipeline_sa_003/benchmark_results/simulated_data/results/data_type/no_cnv/0004/true_evo_events_sites_names	/raid/kang/DelSIEVE/simulation_results/IndelSIEVE_benchmark_pipeline_sa_003/benchmark_results/indelsieve/from_candidate/variant_calling/stage2/mt/no_cnv/smc_mudel_sa_stage_1-smc_mudel_sa_stage_2/0004/indelsieve_median.loci_info	/raid/kang/DelSIEVE/simulation_results/IndelSIEVE_benchmark_pipeline_sa_003/benchmark_results/simulated_data/results/data_type/no_cnv/0004/true_evo_events_genotypes_numeric	/raid/kang/DelSIEVE/simulation_results/IndelSIEVE_benchmark_pipeline_sa_003/benchmark_results/indelsieve/from_candidate/variant_calling/stage2/mt/no_cnv/smc_mudel_sa_stage_1-smc_mudel_sa_stage_2/0004/indelsieve_median.genotypes	/raid/kang/DelSIEVE/simulation_results/IndelSIEVE_benchmark_pipeline_sa_003/benchmark_results/simulated_data/results/data_type/no_cnv/0004/true_evo_events_ternary_matrix.simple	/raid/kang/DelSIEVE/simulation_results/IndelSIEVE_benchmark_pipeline_sa_003/benchmark_results/indelsieve/from_candidate/variant_calling/stage2/mt/no_cnv/smc_mudel_sa_stage_1-smc_mudel_sa_stage_2/0004/indelsieve_median.ternary	/raid/kang/DelSIEVE/simulation_results/IndelSIEVE_benchmark_pipeline_sa_003/benchmark_results/indelsieve/from_candidate/variant_calling/stage2/mt/no_cnv/smc_mudel_sa_stage_1-smc_mudel_sa_stage_2/0004/indelsieve_median.probs	14039	160	13541	780	0.9473648694243876	0.988731600816959	0.9676063133227653	0.0116779797095102	13246	178	14811	272	0.9798786802781476	0.9867401668653158	0.9832974537896222	0.0118753752752018	10620	395	17220	272	0.9750275431509364	0.9641398093508852	0.9695531108778016	0.02242407039455	1847	22	26444	194	0.9049485546300832	0.9882289994649546	0.9447570332480818	0.0008312551953449	2041	156	4	190	1309	6	22791	94	0.9330007127583748	0.9954372623574144	0.0002631925253322	0.9632082413539368	30	0	24168	2	0.9375	1.0	0.0	0.967741935483871	531	9	23606	54	0.9076923076923076	0.9833333333333332	0.0003811136989201	0.944	730	15	23399	56	0.9287531806615776	0.9798657718120806	0.0006406423507303	0.953625081645983	36	15	34	9	0	0	24200	0	NA	NA	0.0	NA
40	20	2	0.001999	0.3	3e-05	3e-06	0.0	0005	sieve	candidate_snvs	smc_mu_sa_stage_1-smc_mu_sa_stage_2	mt	no_cnv	/raid/kang/DelSIEVE/simulation_results/IndelSIEVE_benchmark_pipeline_sa_003/benchmark_results/simulated_data/results/cell_names	/raid/kang/DelSIEVE/simulation_results/IndelSIEVE_benchmark_pipeline_sa_003/benchmark_results/indelsieve/from_candidate/variant_calling/stage2/mt/no_cnv/smc_mu_sa_stage_1-smc_mu_sa_stage_2/0005/indelsieve_median.cell_names	/raid/kang/DelSIEVE/simulation_results/IndelSIEVE_benchmark_pipeline_sa_003/benchmark_results/simulated_data/results/data_type/no_cnv/0005/true_evo_events_sites_names	/raid/kang/DelSIEVE/simulation_results/IndelSIEVE_benchmark_pipeline_sa_003/benchmark_results/indelsieve/from_candidate/variant_calling/stage2/mt/no_cnv/smc_mu_sa_stage_1-smc_mu_sa_stage_2/0005/indelsieve_median.loci_info	/raid/kang/DelSIEVE/simulation_results/IndelSIEVE_benchmark_pipeline_sa_003/benchmark_results/simulated_data/results/data_type/no_cnv/0005/true_evo_events_genotypes_numeric	/raid/kang/DelSIEVE/simulation_results/IndelSIEVE_benchmark_pipeline_sa_003/benchmark_results/indelsieve/from_candidate/variant_calling/stage2/mt/no_cnv/smc_mu_sa_stage_1-smc_mu_sa_stage_2/0005/indelsieve_median.genotypes	/raid/kang/DelSIEVE/simulation_results/IndelSIEVE_benchmark_pipeline_sa_003/benchmark_results/simulated_data/results/data_type/no_cnv/0005/true_evo_events_ternary_matrix.simple	/raid/kang/DelSIEVE/simulation_results/IndelSIEVE_benchmark_pipeline_sa_003/benchmark_results/indelsieve/from_candidate/variant_calling/stage2/mt/no_cnv/smc_mu_sa_stage_1-smc_mu_sa_stage_2/0005/indelsieve_median.ternary	/raid/kang/DelSIEVE/simulation_results/IndelSIEVE_benchmark_pipeline_sa_003/benchmark_results/indelsieve/from_candidate/variant_calling/stage2/mt/no_cnv/smc_mu_sa_stage_1-smc_mu_sa_stage_2/0005/indelsieve_median.probs	9908	105	8915	1152	0.8958408679927667	0.9895136322780386	0.9403502111706924	0.011640798226164	9827	186	9895	170	0.9829948984695408	0.9814241486068112	0.982208895552224	0.0184505505406209	8049	480	11371	178	0.978363923665978	0.9437214210341188	0.9607304846025304	0.0405029111467386	1120	364	18442	152	0.8805031446540881	0.7547169811320755	0.8127721335268506	0.0193555248325002	1272	105	2	150	0	0	16726	1234	0.0	NA	0.0	NA	0	0	17951	9	0.0	NA	0.0	NA	0	0	17462	498	0.0	NA	0.0	NA	0	0	17233	727	0.0	NA	0.0	NA	648	77	148	344	0	0	17960	0	NA	NA	0.0	NA
40	20	2	0.001999	0.3	3e-05	3e-06	0.0	0005	indelsieve	candidate_snvs	smc_mudel_sa_stage_1-smc_mudel_sa_stage_2	mt	no_cnv	/raid/kang/DelSIEVE/simulation_results/IndelSIEVE_benchmark_pipeline_sa_003/benchmark_results/simulated_data/results/cell_names	/raid/kang/DelSIEVE/simulation_results/IndelSIEVE_benchmark_pipeline_sa_003/benchmark_results/indelsieve/from_candidate/variant_calling/stage2/mt/no_cnv/smc_mudel_sa_stage_1-smc_mudel_sa_stage_2/0005/indelsieve_median.cell_names	/raid/kang/DelSIEVE/simulation_results/IndelSIEVE_benchmark_pipeline_sa_003/benchmark_results/simulated_data/results/data_type/no_cnv/0005/true_evo_events_sites_names	/raid/kang/DelSIEVE/simulation_results/IndelSIEVE_benchmark_pipeline_sa_003/benchmark_results/indelsieve/from_candidate/variant_calling/stage2/mt/no_cnv/smc_mudel_sa_stage_1-smc_mudel_sa_stage_2/0005/indelsieve_median.loci_info	/raid/kang/DelSIEVE/simulation_results/IndelSIEVE_benchmark_pipeline_sa_003/benchmark_results/simulated_data/results/data_type/no_cnv/0005/true_evo_events_genotypes_numeric	/raid/kang/DelSIEVE/simulation_results/IndelSIEVE_benchmark_pipeline_sa_003/benchmark_results/indelsieve/from_candidate/variant_calling/stage2/mt/no_cnv/smc_mudel_sa_stage_1-smc_mudel_sa_stage_2/0005/indelsieve_median.genotypes	/raid/kang/DelSIEVE/simulation_results/IndelSIEVE_benchmark_pipeline_sa_003/benchmark_results/simulated_data/results/data_type/no_cnv/0005/true_evo_events_ternary_matrix.simple	/raid/kang/DelSIEVE/simulation_results/IndelSIEVE_benchmark_pipeline_sa_003/benchmark_results/indelsieve/from_candidate/variant_calling/stage2/mt/no_cnv/smc_mudel_sa_stage_1-smc_mudel_sa_stage_2/0005/indelsieve_median.ternary	/raid/kang/DelSIEVE/simulation_results/IndelSIEVE_benchmark_pipeline_sa_003/benchmark_results/indelsieve/from_candidate/variant_calling/stage2/mt/no_cnv/smc_mudel_sa_stage_1-smc_mudel_sa_stage_2/0005/indelsieve_median.probs	10524	96	8924	536	0.9515370705244124	0.9909604519774012	0.9708487084870848	0.0106430155210643	9823	107	9974	174	0.98259477843353	0.9892245720040282	0.985898529633161	0.0106140263862712	8048	264	11587	179	0.9782423726753372	0.9682386910490856	0.9732148255638188	0.0222766011307062	1128	19	18787	144	0.8867924528301887	0.983435047951177	0.9326167837949568	0.0010103158566414	1272	90	2	142	1155	6	16720	79	0.9359805510534848	0.9948320413436692	0.0003587229463111	0.964509394572025	7	0	17951	2	0.7777777777777778	1.0	0.0	0.8750000000000001	462	9	17453	36	0.927710843373494	0.9808917197452228	0.0005154048791661	0.953560371517028	669	14	17219	58	0.9202200825309492	0.9795021961932652	0.0008123948238844	0.948936170212766	43	8	24	3	0	0	17960	0	NA	NA	0.0	NA
40	20	2	0.001999	0.3	3e-05	3e-06	0.0	0006	sieve	candidate_snvs	smc_mu_sa_stage_1-smc_mu_sa_stage_2	mt	no_cnv	/raid/kang/DelSIEVE/simulation_results/IndelSIEVE_benchmark_pipeline_sa_003/benchmark_results/simulated_data/results/cell_names	/raid/kang/DelSIEVE/simulation_results/IndelSIEVE_benchmark_pipeline_sa_003/benchmark_results/indelsieve/from_candidate/variant_calling/stage2/mt/no_cnv/smc_mu_sa_stage_1-smc_mu_sa_stage_2/0006/indelsieve_median.cell_names	/raid/kang/DelSIEVE/simulation_results/IndelSIEVE_benchmark_pipeline_sa_003/benchmark_results/simulated_data/results/data_type/no_cnv/0006/true_evo_events_sites_names	/raid/kang/DelSIEVE/simulation_results/IndelSIEVE_benchmark_pipeline_sa_003/benchmark_results/indelsieve/from_candidate/variant_calling/stage2/mt/no_cnv/smc_mu_sa_stage_1-smc_mu_sa_stage_2/0006/indelsieve_median.loci_info	/raid/kang/DelSIEVE/simulation_results/IndelSIEVE_benchmark_pipeline_sa_003/benchmark_results/simulated_data/results/data_type/no_cnv/0006/true_evo_events_genotypes_numeric	/raid/kang/DelSIEVE/simulation_results/IndelSIEVE_benchmark_pipeline_sa_003/benchmark_results/indelsieve/from_candidate/variant_calling/stage2/mt/no_cnv/smc_mu_sa_stage_1-smc_mu_sa_stage_2/0006/indelsieve_median.genotypes	/raid/kang/DelSIEVE/simulation_results/IndelSIEVE_benchmark_pipeline_sa_003/benchmark_results/simulated_data/results/data_type/no_cnv/0006/true_evo_events_ternary_matrix.simple	/raid/kang/DelSIEVE/simulation_results/IndelSIEVE_benchmark_pipeline_sa_003/benchmark_results/indelsieve/from_candidate/variant_calling/stage2/mt/no_cnv/smc_mu_sa_stage_1-smc_mu_sa_stage_2/0006/indelsieve_median.ternary	/raid/kang/DelSIEVE/simulation_results/IndelSIEVE_benchmark_pipeline_sa_003/benchmark_results/indelsieve/from_candidate/variant_calling/stage2/mt/no_cnv/smc_mu_sa_stage_1-smc_mu_sa_stage_2/0006/indelsieve_median.probs	10878	148	16106	1468	0.8810950915276203	0.9865771812080536	0.9308574362485024	0.009105450965916	10806	220	17275	292	0.973688952964498	0.980047161255215	0.9768577110829868	0.0125750214346956	9373	494	18419	307	0.968285123966942	0.9499341238471674	0.959021844784366	0.0261196002749431	1048	111	27258	176	0.8562091503267973	0.904227782571182	0.8795635753252203	0.0040556834374657	1224	148	1	175	0	0	23318	922	0.0	NA	0.0	NA	0	0	24231	9	0.0	NA	0.0	NA	0	0	24046	194	0.0	NA	0.0	NA	0	0	23521	719	0.0	NA	0.0	NA	647	71	100	91	0	0	24240	0	NA	NA	0.0	NA
40	20	2	0.001999	0.3	3e-05	3e-06	0.0	0006	indelsieve	candidate_snvs	smc_mudel_sa_stage_1-smc_mudel_sa_stage_2	mt	no_cnv	/raid/kang/DelSIEVE/simulation_results/IndelSIEVE_benchmark_pipeline_sa_003/benchmark_results/simulated_data/results/cell_names	/raid/kang/DelSIEVE/simulation_results/IndelSIEVE_benchmark_pipeline_sa_003/benchmark_results/indelsieve/from_candidate/variant_calling/stage2/mt/no_cnv/smc_mudel_sa_stage_1-smc_mudel_sa_stage_2/0006/indelsieve_median.cell_names	/raid/kang/DelSIEVE/simulation_results/IndelSIEVE_benchmark_pipeline_sa_003/benchmark_results/simulated_data/results/data_type/no_cnv/0006/true_evo_events_sites_names	/raid/kang/DelSIEVE/simulation_results/IndelSIEVE_benchmark_pipeline_sa_003/benchmark_results/indelsieve/from_candidate/variant_calling/stage2/mt/no_cnv/smc_mudel_sa_stage_1-smc_mudel_sa_stage_2/0006/indelsieve_median.loci_info	/raid/kang/DelSIEVE/simulation_results/IndelSIEVE_benchmark_pipeline_sa_003/benchmark_results/simulated_data/results/data_type/no_cnv/0006/true_evo_events_genotypes_numeric	/raid/kang/DelSIEVE/simulation_results/IndelSIEVE_benchmark_pipeline_sa_003/benchmark_results/indelsieve/from_candidate/variant_calling/stage2/mt/no_cnv/smc_mudel_sa_stage_1-smc_mudel_sa_stage_2/0006/indelsieve_median.genotypes	/raid/kang/DelSIEVE/simulation_results/IndelSIEVE_benchmark_pipeline_sa_003/benchmark_results/simulated_data/results/data_type/no_cnv/0006/true_evo_events_ternary_matrix.simple	/raid/kang/DelSIEVE/simulation_results/IndelSIEVE_benchmark_pipeline_sa_003/benchmark_results/indelsieve/from_candidate/variant_calling/stage2/mt/no_cnv/smc_mudel_sa_stage_1-smc_mudel_sa_stage_2/0006/indelsieve_median.ternary	/raid/kang/DelSIEVE/simulation_results/IndelSIEVE_benchmark_pipeline_sa_003/benchmark_results/indelsieve/from_candidate/variant_calling/stage2/mt/no_cnv/smc_mudel_sa_stage_1-smc_mudel_sa_stage_2/0006/indelsieve_median.probs	11471	153	16101	875	0.9291268427020898	0.9868375774260152	0.9571130579891532	0.0094130675526024	10806	175	17320	292	0.973688952964498	0.984063382205628	0.9788486797409304	0.0100028579594169	9372	357	18555	309	0.9680818097303996	0.9633055812519272	0.9656877897990724	0.0188769035532994	1049	25	27345	174	0.8577269010629599	0.9767225325884544	0.913365259033522	0.0009134088417975	1223	149	1	173	812	9	23309	110	0.8806941431670282	0.9890377588306942	0.0003859679217771	0.931726907630522	0	0	24231	9	0.0	NA	0.0	NA	167	11	24035	27	0.8608247422680413	0.9382022471910112	0.0004574565416285	0.8978494623655914	624	19	23502	95	0.8678720445062587	0.9704510108864696	0.0008077887844904	0.9162995594713657	69	19	16	6	0	0	24240	0	NA	NA	0.0	NA
40	20	2	0.001999	0.3	3e-05	3e-06	0.0	0007	sieve	candidate_snvs	smc_mu_sa_stage_1-smc_mu_sa_stage_2	mt	no_cnv	/raid/kang/DelSIEVE/simulation_results/IndelSIEVE_benchmark_pipeline_sa_003/benchmark_results/simulated_data/results/cell_names	/raid/kang/DelSIEVE/simulation_results/IndelSIEVE_benchmark_pipeline_sa_003/benchmark_results/indelsieve/from_candidate/variant_calling/stage2/mt/no_cnv/smc_mu_sa_stage_1-smc_mu_sa_stage_2/0007/indelsieve_median.cell_names	/raid/kang/DelSIEVE/simulation_results/IndelSIEVE_benchmark_pipeline_sa_003/benchmark_results/simulated_data/results/data_type/no_cnv/0007/true_evo_events_sites_names	/raid/kang/DelSIEVE/simulation_results/IndelSIEVE_benchmark_pipeline_sa_003/benchmark_results/indelsieve/from_candidate/variant_calling/stage2/mt/no_cnv/smc_mu_sa_stage_1-smc_mu_sa_stage_2/0007/indelsieve_median.loci_info	/raid/kang/DelSIEVE/simulation_results/IndelSIEVE_benchmark_pipeline_sa_003/benchmark_results/simulated_data/results/data_type/no_cnv/0007/true_evo_events_genotypes_numeric	/raid/kang/DelSIEVE/simulation_results/IndelSIEVE_benchmark_pipeline_sa_003/benchmark_results/indelsieve/from_candidate/variant_calling/stage2/mt/no_cnv/smc_mu_sa_stage_1-smc_mu_sa_stage_2/0007/indelsieve_median.genotypes	/raid/kang/DelSIEVE/simulation_results/IndelSIEVE_benchmark_pipeline_sa_003/benchmark_results/simulated_data/results/data_type/no_cnv/0007/true_evo_events_ternary_matrix.simple	/raid/kang/DelSIEVE/simulation_results/IndelSIEVE_benchmark_pipeline_sa_003/benchmark_results/indelsieve/from_candidate/variant_calling/stage2/mt/no_cnv/smc_mu_sa_stage_1-smc_mu_sa_stage_2/0007/indelsieve_median.ternary	/raid/kang/DelSIEVE/simulation_results/IndelSIEVE_benchmark_pipeline_sa_003/benchmark_results/indelsieve/from_candidate/variant_calling/stage2/mt/no_cnv/smc_mu_sa_stage_1-smc_mu_sa_stage_2/0007/indelsieve_median.probs	11656	184	15092	1508	0.8854451534487997	0.9844594594594596	0.9323308270676692	0.0120450379680544	11552	288	16353	240	0.9796472184531886	0.9756756756756756	0.977657413676371	0.0173066522444564	9819	686	17683	245	0.9756558028616852	0.9346977629700144	0.9547377120910108	0.0373455277913876	1170	165	26915	183	0.8647450110864745	0.8764044943820225	0.8705357142857144	0.0060930576070901	1353	184	1	182	0	0	24007	1393	0.0	NA	0.0	NA	0	0	25384	16	0.0	NA	0.0	NA	0	0	25025	375	0.0	NA	0.0	NA	0	0	24398	1002	0.0	NA	0.0	NA	901	101	216	154	0	0	25400	0	NA	NA	0.0	NA
40	20	2	0.001999	0.3	3e-05	3e-06	0.0	0007	indelsieve	candidate_snvs	smc_mudel_sa_stage_1-smc_mudel_sa_stage_2	mt	no_cnv	/raid/kang/DelSIEVE/simulation_results/IndelSIEVE_benchmark_pipeline_sa_003/benchmark_results/simulated_data/results/cell_names	/raid/kang/DelSIEVE/simulation_results/IndelSIEVE_benchmark_pipeline_sa_003/benchmark_results/indelsieve/from_candidate/variant_calling/stage2/mt/no_cnv/smc_mudel_sa_stage_1-smc_mudel_sa_stage_2/0007/indelsieve_median.cell_names	/raid/kang/DelSIEVE/simulation_results/IndelSIEVE_benchmark_pipeline_sa_003/benchmark_results/simulated_data/results/data_type/no_cnv/0007/true_evo_events_sites_names	/raid/kang/DelSIEVE/simulation_results/IndelSIEVE_benchmark_pipeline_sa_003/benchmark_results/indelsieve/from_candidate/variant_calling/stage2/mt/no_cnv/smc_mudel_sa_stage_1-smc_mudel_sa_stage_2/0007/indelsieve_median.loci_info	/raid/kang/DelSIEVE/simulation_results/IndelSIEVE_benchmark_pipeline_sa_003/benchmark_results/simulated_data/results/data_type/no_cnv/0007/true_evo_events_genotypes_numeric	/raid/kang/DelSIEVE/simulation_results/IndelSIEVE_benchmark_pipeline_sa_003/benchmark_results/indelsieve/from_candidate/variant_calling/stage2/mt/no_cnv/smc_mudel_sa_stage_1-smc_mudel_sa_stage_2/0007/indelsieve_median.genotypes	/raid/kang/DelSIEVE/simulation_results/IndelSIEVE_benchmark_pipeline_sa_003/benchmark_results/simulated_data/results/data_type/no_cnv/0007/true_evo_events_ternary_matrix.simple	/raid/kang/DelSIEVE/simulation_results/IndelSIEVE_benchmark_pipeline_sa_003/benchmark_results/indelsieve/from_candidate/variant_calling/stage2/mt/no_cnv/smc_mudel_sa_stage_1-smc_mudel_sa_stage_2/0007/indelsieve_median.ternary	/raid/kang/DelSIEVE/simulation_results/IndelSIEVE_benchmark_pipeline_sa_003/benchmark_results/indelsieve/from_candidate/variant_calling/stage2/mt/no_cnv/smc_mudel_sa_stage_1-smc_mudel_sa_stage_2/0007/indelsieve_median.probs	12506	197	15079	658	0.950015192950471	0.98449185231835	0.9669463022383732	0.0128960460853626	11548	215	16426	244	0.9793080054274084	0.9817223497407124	0.9805136913606451	0.0129198966408268	9815	400	17969	249	0.975258346581876	0.9608418991678904	0.9679964495290694	0.0217758179541619	1169	22	27058	184	0.8640059127864006	0.9815281276238456	0.9190251572327044	0.0008124076809453	1353	187	1	183	1281	16	23991	112	0.9195979899497488	0.9876638396299152	0.0006664722789186	0.9524163568773234	11	5	25379	5	0.6875	0.6875	0.0001969744721084	0.6875	342	15	25010	33	0.912	0.957983193277311	0.0005994005994005	0.9344262295081968	901	23	24375	101	0.8992015968063872	0.9751082251082251	0.0009427002213296	0.9356178608515058	71	15	15	11	0	0	25400	0	NA	NA	0.0	NA
40	20	2	0.001999	0.3	3e-05	3e-06	0.0	0008	sieve	candidate_snvs	smc_mu_sa_stage_1-smc_mu_sa_stage_2	mt	no_cnv	/raid/kang/DelSIEVE/simulation_results/IndelSIEVE_benchmark_pipeline_sa_003/benchmark_results/simulated_data/results/cell_names	/raid/kang/DelSIEVE/simulation_results/IndelSIEVE_benchmark_pipeline_sa_003/benchmark_results/indelsieve/from_candidate/variant_calling/stage2/mt/no_cnv/smc_mu_sa_stage_1-smc_mu_sa_stage_2/0008/indelsieve_median.cell_names	/raid/kang/DelSIEVE/simulation_results/IndelSIEVE_benchmark_pipeline_sa_003/benchmark_results/simulated_data/results/data_type/no_cnv/0008/true_evo_events_sites_names	/raid/kang/DelSIEVE/simulation_results/IndelSIEVE_benchmark_pipeline_sa_003/benchmark_results/indelsieve/from_candidate/variant_calling/stage2/mt/no_cnv/smc_mu_sa_stage_1-smc_mu_sa_stage_2/0008/indelsieve_median.loci_info	/raid/kang/DelSIEVE/simulation_results/IndelSIEVE_benchmark_pipeline_sa_003/benchmark_results/simulated_data/results/data_type/no_cnv/0008/true_evo_events_genotypes_numeric	/raid/kang/DelSIEVE/simulation_results/IndelSIEVE_benchmark_pipeline_sa_003/benchmark_results/indelsieve/from_candidate/variant_calling/stage2/mt/no_cnv/smc_mu_sa_stage_1-smc_mu_sa_stage_2/0008/indelsieve_median.genotypes	/raid/kang/DelSIEVE/simulation_results/IndelSIEVE_benchmark_pipeline_sa_003/benchmark_results/simulated_data/results/data_type/no_cnv/0008/true_evo_events_ternary_matrix.simple	/raid/kang/DelSIEVE/simulation_results/IndelSIEVE_benchmark_pipeline_sa_003/benchmark_results/indelsieve/from_candidate/variant_calling/stage2/mt/no_cnv/smc_mu_sa_stage_1-smc_mu_sa_stage_2/0008/indelsieve_median.ternary	/raid/kang/DelSIEVE/simulation_results/IndelSIEVE_benchmark_pipeline_sa_003/benchmark_results/indelsieve/from_candidate/variant_calling/stage2/mt/no_cnv/smc_mu_sa_stage_1-smc_mu_sa_stage_2/0008/indelsieve_median.probs	10409	137	16442	1652	0.8630295995356936	0.9870092926227954	0.9208652187375592	0.0082634658302672	10348	198	17849	243	0.9770559909357002	0.9812251090460838	0.9791361120310356	0.010971352579376	9014	411	18961	252	0.9728037988344486	0.9563925729442972	0.9645283826440534	0.0212161883130291	954	167	27389	128	0.8817005545286506	0.8510258697591436	0.8660916931457103	0.0060603861228044	1082	137	0	128	0	0	23450	1190	0.0	NA	0.0	NA	0	0	24629	11	0.0	NA	0.0	NA	0	0	24397	243	0.0	NA	0.0	NA	0	0	23704	936	0.0	NA	0.0	NA	876	59	86	152	0	0	24640	0	NA	NA	0.0	NA
40	20	2	0.001999	0.3	3e-05	3e-06	0.0	0008	indelsieve	candidate_snvs	smc_mudel_sa_stage_1-smc_mudel_sa_stage_2	mt	no_cnv	/raid/kang/DelSIEVE/simulation_results/IndelSIEVE_benchmark_pipeline_sa_003/benchmark_results/simulated_data/results/cell_names	/raid/kang/DelSIEVE/simulation_results/IndelSIEVE_benchmark_pipeline_sa_003/benchmark_results/indelsieve/from_candidate/variant_calling/stage2/mt/no_cnv/smc_mudel_sa_stage_1-smc_mudel_sa_stage_2/0008/indelsieve_median.cell_names	/raid/kang/DelSIEVE/simulation_results/IndelSIEVE_benchmark_pipeline_sa_003/benchmark_results/simulated_data/results/data_type/no_cnv/0008/true_evo_events_sites_names	/raid/kang/DelSIEVE/simulation_results/IndelSIEVE_benchmark_pipeline_sa_003/benchmark_results/indelsieve/from_candidate/variant_calling/stage2/mt/no_cnv/smc_mudel_sa_stage_1-smc_mudel_sa_stage_2/0008/indelsieve_median.loci_info	/raid/kang/DelSIEVE/simulation_results/IndelSIEVE_benchmark_pipeline_sa_003/benchmark_results/simulated_data/results/data_type/no_cnv/0008/true_evo_events_genotypes_numeric	/raid/kang/DelSIEVE/simulation_results/IndelSIEVE_benchmark_pipeline_sa_003/benchmark_results/indelsieve/from_candidate/variant_calling/stage2/mt/no_cnv/smc_mudel_sa_stage_1-smc_mudel_sa_stage_2/0008/indelsieve_median.genotypes	/raid/kang/DelSIEVE/simulation_results/IndelSIEVE_benchmark_pipeline_sa_003/benchmark_results/simulated_data/results/data_type/no_cnv/0008/true_evo_events_ternary_matrix.simple	/raid/kang/DelSIEVE/simulation_results/IndelSIEVE_benchmark_pipeline_sa_003/benchmark_results/indelsieve/from_candidate/variant_calling/stage2/mt/no_cnv/smc_mudel_sa_stage_1-smc_mudel_sa_stage_2/0008/indelsieve_median.ternary	/raid/kang/DelSIEVE/simulation_results/IndelSIEVE_benchmark_pipeline_sa_003/benchmark_results/indelsieve/from_candidate/variant_calling/stage2/mt/no_cnv/smc_mudel_sa_stage_1-smc_mudel_sa_stage_2/0008/indelsieve_median.probs	11251	153	16426	810	0.932841389602852	0.9865836548579446	0.9589601534199872	0.0092285421316122	10351	159	17888	240	0.9773392503068644	0.984871550903901	0.9810909435571772	0.0088103285864686	9015	297	19075	251	0.9729117202676452	0.9681056701030928	0.970502745182474	0.0153314061532108	953	19	27537	129	0.8807763401109058	0.9804526748971192	0.9279454722492696	0.0006895050079837	1082	141	0	129	1106	14	23436	84	0.9294117647058824	0.9875	0.0005970149253731	0.9575757575757576	7	0	24629	4	0.6363636363636364	1.0	0.0	0.7777777777777778	214	12	24385	29	0.8806584362139918	0.9469026548672568	0.0004918637537402	0.9125799573560768	867	20	23684	69	0.9262820512820512	0.9774520856820744	0.0008437394532568	0.9511793746571584	52	8	19	5	0	0	24640	0	NA	NA	0.0	NA
40	20	2	0.001999	0.3	3e-05	3e-06	0.0	0009	sieve	candidate_snvs	smc_mu_sa_stage_1-smc_mu_sa_stage_2	mt	no_cnv	/raid/kang/DelSIEVE/simulation_results/IndelSIEVE_benchmark_pipeline_sa_003/benchmark_results/simulated_data/results/cell_names	/raid/kang/DelSIEVE/simulation_results/IndelSIEVE_benchmark_pipeline_sa_003/benchmark_results/indelsieve/from_candidate/variant_calling/stage2/mt/no_cnv/smc_mu_sa_stage_1-smc_mu_sa_stage_2/0009/indelsieve_median.cell_names	/raid/kang/DelSIEVE/simulation_results/IndelSIEVE_benchmark_pipeline_sa_003/benchmark_results/simulated_data/results/data_type/no_cnv/0009/true_evo_events_sites_names	/raid/kang/DelSIEVE/simulation_results/IndelSIEVE_benchmark_pipeline_sa_003/benchmark_results/indelsieve/from_candidate/variant_calling/stage2/mt/no_cnv/smc_mu_sa_stage_1-smc_mu_sa_stage_2/0009/indelsieve_median.loci_info	/raid/kang/DelSIEVE/simulation_results/IndelSIEVE_benchmark_pipeline_sa_003/benchmark_results/simulated_data/results/data_type/no_cnv/0009/true_evo_events_genotypes_numeric	/raid/kang/DelSIEVE/simulation_results/IndelSIEVE_benchmark_pipeline_sa_003/benchmark_results/indelsieve/from_candidate/variant_calling/stage2/mt/no_cnv/smc_mu_sa_stage_1-smc_mu_sa_stage_2/0009/indelsieve_median.genotypes	/raid/kang/DelSIEVE/simulation_results/IndelSIEVE_benchmark_pipeline_sa_003/benchmark_results/simulated_data/results/data_type/no_cnv/0009/true_evo_events_ternary_matrix.simple	/raid/kang/DelSIEVE/simulation_results/IndelSIEVE_benchmark_pipeline_sa_003/benchmark_results/indelsieve/from_candidate/variant_calling/stage2/mt/no_cnv/smc_mu_sa_stage_1-smc_mu_sa_stage_2/0009/indelsieve_median.ternary	/raid/kang/DelSIEVE/simulation_results/IndelSIEVE_benchmark_pipeline_sa_003/benchmark_results/indelsieve/from_candidate/variant_calling/stage2/mt/no_cnv/smc_mu_sa_stage_1-smc_mu_sa_stage_2/0009/indelsieve_median.probs	10640	156	10515	1329	0.8889631548166096	0.9855502037791776	0.9347682846474852	0.0146190610064661	10567	229	11647	196	0.981789463904116	0.9787884401630234	0.980286655225196	0.0192825867295385	8373	530	13524	212	0.9753057658707048	0.9404695046613502	0.9575709057639524	0.037711683506475	1537	356	20578	168	0.901466275659824	0.8119387216059165	0.8543635352973874	0.0170058278398777	1705	156	0	168	0	0	18959	1481	0.0	NA	0.0	NA	0	0	20433	7	0.0	NA	0.0	NA	0	0	19967	473	0.0	NA	0.0	NA	0	0	19439	1001	0.0	NA	0.0	NA	932	66	136	334	0	0	20440	0	NA	NA	0.0	NA
40	20	2	0.001999	0.3	3e-05	3e-06	0.0	0009	indelsieve	candidate_snvs	smc_mudel_sa_stage_1-smc_mudel_sa_stage_2	mt	no_cnv	/raid/kang/DelSIEVE/simulation_results/IndelSIEVE_benchmark_pipeline_sa_003/benchmark_results/simulated_data/results/cell_names	/raid/kang/DelSIEVE/simulation_results/IndelSIEVE_benchmark_pipeline_sa_003/benchmark_results/indelsieve/from_candidate/variant_calling/stage2/mt/no_cnv/smc_mudel_sa_stage_1-smc_mudel_sa_stage_2/0009/indelsieve_median.cell_names	/raid/kang/DelSIEVE/simulation_results/IndelSIEVE_benchmark_pipeline_sa_003/benchmark_results/simulated_data/results/data_type/no_cnv/0009/true_evo_events_sites_names	/raid/kang/DelSIEVE/simulation_results/IndelSIEVE_benchmark_pipeline_sa_003/benchmark_results/indelsieve/from_candidate/variant_calling/stage2/mt/no_cnv/smc_mudel_sa_stage_1-smc_mudel_sa_stage_2/0009/indelsieve_median.loci_info	/raid/kang/DelSIEVE/simulation_results/IndelSIEVE_benchmark_pipeline_sa_003/benchmark_results/simulated_data/results/data_type/no_cnv/0009/true_evo_events_genotypes_numeric	/raid/kang/DelSIEVE/simulation_results/IndelSIEVE_benchmark_pipeline_sa_003/benchmark_results/indelsieve/from_candidate/variant_calling/stage2/mt/no_cnv/smc_mudel_sa_stage_1-smc_mudel_sa_stage_2/0009/indelsieve_median.genotypes	/raid/kang/DelSIEVE/simulation_results/IndelSIEVE_benchmark_pipeline_sa_003/benchmark_results/simulated_data/results/data_type/no_cnv/0009/true_evo_events_ternary_matrix.simple	/raid/kang/DelSIEVE/simulation_results/IndelSIEVE_benchmark_pipeline_sa_003/benchmark_results/indelsieve/from_candidate/variant_calling/stage2/mt/no_cnv/smc_mudel_sa_stage_1-smc_mudel_sa_stage_2/0009/indelsieve_median.ternary	/raid/kang/DelSIEVE/simulation_results/IndelSIEVE_benchmark_pipeline_sa_003/benchmark_results/indelsieve/from_candidate/variant_calling/stage2/mt/no_cnv/smc_mudel_sa_stage_1-smc_mudel_sa_stage_2/0009/indelsieve_median.probs	11538	172	10499	431	0.9639903082964324	0.9853116994022204	0.9745343975674648	0.0161184518789241	10564	172	11704	199	0.9815107312087707	0.9839791356184798	0.982743383413182	0.0144829909060289	8372	343	13711	213	0.9751892836342456	0.9606425702811244	0.9678612716763006	0.0244058630994734	1538	19	20915	167	0.9020527859237536	0.9877970456005138	0.9429797670141018	0.0009076144071844	1705	155	0	167	1413	25	18934	68	0.9540850776502364	0.982614742698192	0.0013186349491006	0.9681397738951696	0	0	20433	7	0.0	NA	0.0	NA	449	15	19952	24	0.949260042283298	0.9676724137931034	0.0007512395452496	0.95837780149413	944	30	19409	57	0.9430569430569432	0.969199178644764	0.001543289263851	0.9559493670886076	44	5	16	3	0	0	20440	0	NA	NA	0.0	NA
40	20	2	0.001999	0.3	3e-05	3e-06	0.0	0010	sieve	candidate_snvs	smc_mu_sa_stage_1-smc_mu_sa_stage_2	mt	no_cnv	/raid/kang/DelSIEVE/simulation_results/IndelSIEVE_benchmark_pipeline_sa_003/benchmark_results/simulated_data/results/cell_names	/raid/kang/DelSIEVE/simulation_results/IndelSIEVE_benchmark_pipeline_sa_003/benchmark_results/indelsieve/from_candidate/variant_calling/stage2/mt/no_cnv/smc_mu_sa_stage_1-smc_mu_sa_stage_2/0010/indelsieve_median.cell_names	/raid/kang/DelSIEVE/simulation_results/IndelSIEVE_benchmark_pipeline_sa_003/benchmark_results/simulated_data/results/data_type/no_cnv/0010/true_evo_events_sites_names	/raid/kang/DelSIEVE/simulation_results/IndelSIEVE_benchmark_pipeline_sa_003/benchmark_results/indelsieve/from_candidate/variant_calling/stage2/mt/no_cnv/smc_mu_sa_stage_1-smc_mu_sa_stage_2/0010/indelsieve_median.loci_info	/raid/kang/DelSIEVE/simulation_results/IndelSIEVE_benchmark_pipeline_sa_003/benchmark_results/simulated_data/results/data_type/no_cnv/0010/true_evo_events_genotypes_numeric	/raid/kang/DelSIEVE/simulation_results/IndelSIEVE_benchmark_pipeline_sa_003/benchmark_results/indelsieve/from_candidate/variant_calling/stage2/mt/no_cnv/smc_mu_sa_stage_1-smc_mu_sa_stage_2/0010/indelsieve_median.genotypes	/raid/kang/DelSIEVE/simulation_results/IndelSIEVE_benchmark_pipeline_sa_003/benchmark_results/simulated_data/results/data_type/no_cnv/0010/true_evo_events_ternary_matrix.simple	/raid/kang/DelSIEVE/simulation_results/IndelSIEVE_benchmark_pipeline_sa_003/benchmark_results/indelsieve/from_candidate/variant_calling/stage2/mt/no_cnv/smc_mu_sa_stage_1-smc_mu_sa_stage_2/0010/indelsieve_median.ternary	/raid/kang/DelSIEVE/simulation_results/IndelSIEVE_benchmark_pipeline_sa_003/benchmark_results/indelsieve/from_candidate/variant_calling/stage2/mt/no_cnv/smc_mu_sa_stage_1-smc_mu_sa_stage_2/0010/indelsieve_median.probs	10550	79	8268	1063	0.9084646516834582	0.9925675039984948	0.9486556964301772	0.0094644782556607	10475	154	9196	134	0.9873692148176076	0.985511336908458	0.9864394010735474	0.0164705882352941	7974	472	11374	139	0.98286700357451	0.944115557660431	0.9631016365722568	0.0398446733074455	1845	338	17630	146	0.9266700150678052	0.8451672010994045	0.8840440824149496	0.0188112199465716	1991	79	1	145	0	0	17021	1299	0.0	NA	0.0	NA	0	0	18313	7	0.0	NA	0.0	NA	0	0	17815	505	0.0	NA	0.0	NA	0	0	17533	787	0.0	NA	0.0	NA	712	74	174	328	0	0	18320	0	NA	NA	0.0	NA
40	20	2	0.001999	0.3	3e-05	3e-06	0.0	0010	indelsieve	candidate_snvs	smc_mudel_sa_stage_1-smc_mudel_sa_stage_2	mt	no_cnv	/raid/kang/DelSIEVE/simulation_results/IndelSIEVE_benchmark_pipeline_sa_003/benchmark_results/simulated_data/results/cell_names	/raid/kang/DelSIEVE/simulation_results/IndelSIEVE_benchmark_pipeline_sa_003/benchmark_results/indelsieve/from_candidate/variant_calling/stage2/mt/no_cnv/smc_mudel_sa_stage_1-smc_mudel_sa_stage_2/0010/indelsieve_median.cell_names	/raid/kang/DelSIEVE/simulation_results/IndelSIEVE_benchmark_pipeline_sa_003/benchmark_results/simulated_data/results/data_type/no_cnv/0010/true_evo_events_sites_names	/raid/kang/DelSIEVE/simulation_results/IndelSIEVE_benchmark_pipeline_sa_003/benchmark_results/indelsieve/from_candidate/variant_calling/stage2/mt/no_cnv/smc_mudel_sa_stage_1-smc_mudel_sa_stage_2/0010/indelsieve_median.loci_info	/raid/kang/DelSIEVE/simulation_results/IndelSIEVE_benchmark_pipeline_sa_003/benchmark_results/simulated_data/results/data_type/no_cnv/0010/true_evo_events_genotypes_numeric	/raid/kang/DelSIEVE/simulation_results/IndelSIEVE_benchmark_pipeline_sa_003/benchmark_results/indelsieve/from_candidate/variant_calling/stage2/mt/no_cnv/smc_mudel_sa_stage_1-smc_mudel_sa_stage_2/0010/indelsieve_median.genotypes	/raid/kang/DelSIEVE/simulation_results/IndelSIEVE_benchmark_pipeline_sa_003/benchmark_results/simulated_data/results/data_type/no_cnv/0010/true_evo_events_ternary_matrix.simple	/raid/kang/DelSIEVE/simulation_results/IndelSIEVE_benchmark_pipeline_sa_003/benchmark_results/indelsieve/from_candidate/variant_calling/stage2/mt/no_cnv/smc_mudel_sa_stage_1-smc_mudel_sa_stage_2/0010/indelsieve_median.ternary	/raid/kang/DelSIEVE/simulation_results/IndelSIEVE_benchmark_pipeline_sa_003/benchmark_results/indelsieve/from_candidate/variant_calling/stage2/mt/no_cnv/smc_mudel_sa_stage_1-smc_mudel_sa_stage_2/0010/indelsieve_median.probs	11233	76	8271	380	0.9672780504606906	0.9932796887434786	0.9801064479539308	0.00910506768899	10472	86	9264	137	0.9870864360448676	0.9918545179011176	0.989464732838853	0.0091978609625668	7969	244	11600	146	0.9820086260012324	0.9702910020698892	0.9761146496815288	0.0206011482607227	1841	16	17954	148	0.9255907491201608	0.9913839526117394	0.9573582943317732	0.0008903728436282	1989	72	1	147	1229	10	17011	70	0.9461123941493456	0.9919289749798224	0.0005875095470301	0.9684791174152876	7	0	18313	0	1.0	1.0	0.0	1.0	479	9	17806	26	0.9485148514851484	0.9815573770491804	0.0005051922537187	0.9647532729103726	735	9	17524	52	0.9339263024142312	0.9879032258064516	0.0005133177436833	0.9601567602873938	38	11	14	7	0	0	18320	0	NA	NA	0.0	NA
