cell_num	coverage_mean	coverage_variance	eff_seq_err_rate	ado_rate	mutation_rate	deletion_rate	insertion_rate	dataset	tool	snv_type	tool_setup	fine_tune_type	data_type	true_cell_names	cell_names	true_loci_info	loci_info	true_genotypes	genotypes	true_ternary	ternary	genotype_probs	true_positive	false_positive	true_negative	false_negative	recall	precision	f1_score	fall_out	true_positive_mu	false_positive_mu	true_negative_mu	false_negative_mu	recall_mu	precision_mu	f1_score_mu	fall_out_mu	true_positive_hetero_mu	false_positive_hetero_mu	true_negative_hetero_mu	false_negative_hetero_mu	recall_hetero_mu	precision_hetero_mu	f1_score_hetero_mu	fall_out_hetero_mu	true_positive_homo_mu	false_positive_homo_mu	true_negative_homo_mu	false_negative_homo_mu	recall_homo_mu	precision_homo_mu	f1_score_homo_mu	fall_out_homo_mu	true_homo_mu	true_homo_ref_as_hetero_mu	true_homo_mu_as_homo_ref	true_homo_mu_as_hetero_mu	true_positive_del	false_positive_del	true_negative_del	false_negative_del	recall_del	precision_del	fall_out_del	f1_score_del	true_positive_all_del	false_positive_all_del	true_negative_all_del	false_negative_all_del	recall_all_del	precision_all_del	fall_out_all_del	f1_score_all_del	true_positive_del_alt_left	false_positive_del_alt_left	true_negative_del_alt_left	false_negative_del_alt_left	recall_del_alt_left	precision_del_alt_left	fall_out_del_alt_left	f1_score_del_alt_left	true_positive_del_ref_left	false_positive_del_ref_left	true_negative_del_ref_left	false_negative_del_ref_left	recall_del_ref_left	precision_del_ref_left	fall_out_del_ref_left	f1_score_del_ref_left	true_del_ref_left_as_homo_ref	true_del_ref_left_as_hetero_mu	true_del_alt_left_as_hetero_mu	true_del_alt_left_as_homo_mu	true_positive_amp	false_positive_amp	true_negative_amp	false_negative_amp	recall_amp	precision_amp	fall_out_amp	f1_score_amp
40	20	2	0.001999	0.3	1e-06	1e-07	0.0	0001	monovar	NA	true_parameters	NA	no_cnv	/raid/kang/DelSIEVE/simulation_results/IndelSIEVE_benchmark_pipeline_sa_001/benchmark_results/simulated_data/results/cell_names	/raid/kang/DelSIEVE/simulation_results/IndelSIEVE_benchmark_pipeline_sa_001/benchmark_results/monovar/from_true_params/no_cnv/0001/post_processed/filtered.cell_names	/raid/kang/DelSIEVE/simulation_results/IndelSIEVE_benchmark_pipeline_sa_001/benchmark_results/simulated_data/results/data_type/no_cnv/0001/true_evo_events_sites_names	/raid/kang/DelSIEVE/simulation_results/IndelSIEVE_benchmark_pipeline_sa_001/benchmark_results/monovar/from_true_params/no_cnv/0001/post_processed/filtered.loci_info	/raid/kang/DelSIEVE/simulation_results/IndelSIEVE_benchmark_pipeline_sa_001/benchmark_results/simulated_data/results/data_type/no_cnv/0001/true_evo_events_genotypes_numeric	/raid/kang/DelSIEVE/simulation_results/IndelSIEVE_benchmark_pipeline_sa_001/benchmark_results/monovar/from_true_params/no_cnv/0001/post_processed/filtered.genotypes	/raid/kang/DelSIEVE/simulation_results/IndelSIEVE_benchmark_pipeline_sa_001/benchmark_results/simulated_data/results/data_type/no_cnv/0001/true_evo_events_ternary_matrix.simple	/raid/kang/DelSIEVE/simulation_results/IndelSIEVE_benchmark_pipeline_sa_001/benchmark_results/monovar/from_true_params/no_cnv/0001/post_processed/filtered.ternary	/raid/kang/DelSIEVE/simulation_results/IndelSIEVE_benchmark_pipeline_sa_001/benchmark_results/monovar/from_true_params/no_cnv/0001/post_processed/filtered.genotype_probs	7376	11	40657	3676	0.667390517553384	0.998510897522675	0.8000433863007754	0.0002704829349857	7354	3	41715	2648	0.735252949410118	0.9995922250917494	0.8472838297136932	7.191140514885661e-05	5998	20	41750	3952	0.6028140703517588	0.9966766367563976	0.75125250501002	0.0004788125448886	30	1309	50363	18	0.625	0.022404779686333	0.0432588320115356	0.0253328688651494	48	3	2	15	18	12	50654	1036	0.01707779886148	0.6	0.0002368452216476	0.033210332103321	0	30	51690	0	NA	0.0	0.0005800464037122	NA	0	0	51716	4	0.0	NA	0.0	NA	0	0	50670	1050	0.0	NA	0.0	NA	1033	0	2	1	0	0	51720	0	NA	NA	0.0	NA
40	20	2	0.001999	0.3	1e-06	1e-07	0.0	0002	monovar	NA	true_parameters	NA	no_cnv	/raid/kang/DelSIEVE/simulation_results/IndelSIEVE_benchmark_pipeline_sa_001/benchmark_results/simulated_data/results/cell_names	/raid/kang/DelSIEVE/simulation_results/IndelSIEVE_benchmark_pipeline_sa_001/benchmark_results/monovar/from_true_params/no_cnv/0002/post_processed/filtered.cell_names	/raid/kang/DelSIEVE/simulation_results/IndelSIEVE_benchmark_pipeline_sa_001/benchmark_results/simulated_data/results/data_type/no_cnv/0002/true_evo_events_sites_names	/raid/kang/DelSIEVE/simulation_results/IndelSIEVE_benchmark_pipeline_sa_001/benchmark_results/monovar/from_true_params/no_cnv/0002/post_processed/filtered.loci_info	/raid/kang/DelSIEVE/simulation_results/IndelSIEVE_benchmark_pipeline_sa_001/benchmark_results/simulated_data/results/data_type/no_cnv/0002/true_evo_events_genotypes_numeric	/raid/kang/DelSIEVE/simulation_results/IndelSIEVE_benchmark_pipeline_sa_001/benchmark_results/monovar/from_true_params/no_cnv/0002/post_processed/filtered.genotypes	/raid/kang/DelSIEVE/simulation_results/IndelSIEVE_benchmark_pipeline_sa_001/benchmark_results/simulated_data/results/data_type/no_cnv/0002/true_evo_events_ternary_matrix.simple	/raid/kang/DelSIEVE/simulation_results/IndelSIEVE_benchmark_pipeline_sa_001/benchmark_results/monovar/from_true_params/no_cnv/0002/post_processed/filtered.ternary	/raid/kang/DelSIEVE/simulation_results/IndelSIEVE_benchmark_pipeline_sa_001/benchmark_results/monovar/from_true_params/no_cnv/0002/post_processed/filtered.genotype_probs	7757	2	32900	3781	0.672300225342347	0.9997422348240752	0.8039591646369902	6.078657832350617e-05	7732	0	34096	2612	0.7474864655839134	1.0	0.85549900420447	0.0	6377	10	34149	3904	0.6202704017118957	0.9984343197119148	0.7651787856971443	0.0002927486167627	47	1298	43088	7	0.8703703703703703	0.0349442379182156	0.0671908506075768	0.0292434551435137	54	0	1	6	23	4	43233	1180	0.0191188694929343	0.8518518518518519	9.251335661586142e-05	0.0373983739837398	0	27	44413	0	NA	0.0	0.0006075607560756	NA	0	0	44431	9	0.0	NA	0.0	NA	0	0	43246	1194	0.0	NA	0.0	NA	1175	0	4	1	0	0	44440	0	NA	NA	0.0	NA
40	20	2	0.001999	0.3	1e-06	1e-07	0.0	0003	monovar	NA	true_parameters	NA	no_cnv	/raid/kang/DelSIEVE/simulation_results/IndelSIEVE_benchmark_pipeline_sa_001/benchmark_results/simulated_data/results/cell_names	/raid/kang/DelSIEVE/simulation_results/IndelSIEVE_benchmark_pipeline_sa_001/benchmark_results/monovar/from_true_params/no_cnv/0003/post_processed/filtered.cell_names	/raid/kang/DelSIEVE/simulation_results/IndelSIEVE_benchmark_pipeline_sa_001/benchmark_results/simulated_data/results/data_type/no_cnv/0003/true_evo_events_sites_names	/raid/kang/DelSIEVE/simulation_results/IndelSIEVE_benchmark_pipeline_sa_001/benchmark_results/monovar/from_true_params/no_cnv/0003/post_processed/filtered.loci_info	/raid/kang/DelSIEVE/simulation_results/IndelSIEVE_benchmark_pipeline_sa_001/benchmark_results/simulated_data/results/data_type/no_cnv/0003/true_evo_events_genotypes_numeric	/raid/kang/DelSIEVE/simulation_results/IndelSIEVE_benchmark_pipeline_sa_001/benchmark_results/monovar/from_true_params/no_cnv/0003/post_processed/filtered.genotypes	/raid/kang/DelSIEVE/simulation_results/IndelSIEVE_benchmark_pipeline_sa_001/benchmark_results/simulated_data/results/data_type/no_cnv/0003/true_evo_events_ternary_matrix.simple	/raid/kang/DelSIEVE/simulation_results/IndelSIEVE_benchmark_pipeline_sa_001/benchmark_results/monovar/from_true_params/no_cnv/0003/post_processed/filtered.ternary	/raid/kang/DelSIEVE/simulation_results/IndelSIEVE_benchmark_pipeline_sa_001/benchmark_results/monovar/from_true_params/no_cnv/0003/post_processed/filtered.genotype_probs	3281	22	31701	1916	0.6313257648643448	0.9933393884347564	0.772	0.0006935031365255	3270	2	32194	1454	0.6922099915325995	0.9993887530562348	0.8179089544772387	6.211951795254069e-05	2675	8	32196	2041	0.5672179813401187	0.997018263138278	0.7230706852277334	0.0002484163457955	2	587	36325	6	0.25	0.0033955857385398	0.0067001675041876	0.0159026874729085	8	2	0	6	3	28	36419	470	0.0063424947145877	0.0967741935483871	0.0007682388125222	0.0119047619047619	0	31	36889	0	NA	0.0	0.000839653304442	NA	0	0	36920	0	NA	NA	0.0	NA	0	0	36447	473	0.0	NA	0.0	NA	470	0	0	0	0	0	36920	0	NA	NA	0.0	NA
40	20	2	0.001999	0.3	1e-06	1e-07	0.0	0004	monovar	NA	true_parameters	NA	no_cnv	/raid/kang/DelSIEVE/simulation_results/IndelSIEVE_benchmark_pipeline_sa_001/benchmark_results/simulated_data/results/cell_names	/raid/kang/DelSIEVE/simulation_results/IndelSIEVE_benchmark_pipeline_sa_001/benchmark_results/monovar/from_true_params/no_cnv/0004/post_processed/filtered.cell_names	/raid/kang/DelSIEVE/simulation_results/IndelSIEVE_benchmark_pipeline_sa_001/benchmark_results/simulated_data/results/data_type/no_cnv/0004/true_evo_events_sites_names	/raid/kang/DelSIEVE/simulation_results/IndelSIEVE_benchmark_pipeline_sa_001/benchmark_results/monovar/from_true_params/no_cnv/0004/post_processed/filtered.loci_info	/raid/kang/DelSIEVE/simulation_results/IndelSIEVE_benchmark_pipeline_sa_001/benchmark_results/simulated_data/results/data_type/no_cnv/0004/true_evo_events_genotypes_numeric	/raid/kang/DelSIEVE/simulation_results/IndelSIEVE_benchmark_pipeline_sa_001/benchmark_results/monovar/from_true_params/no_cnv/0004/post_processed/filtered.genotypes	/raid/kang/DelSIEVE/simulation_results/IndelSIEVE_benchmark_pipeline_sa_001/benchmark_results/simulated_data/results/data_type/no_cnv/0004/true_evo_events_ternary_matrix.simple	/raid/kang/DelSIEVE/simulation_results/IndelSIEVE_benchmark_pipeline_sa_001/benchmark_results/monovar/from_true_params/no_cnv/0004/post_processed/filtered.ternary	/raid/kang/DelSIEVE/simulation_results/IndelSIEVE_benchmark_pipeline_sa_001/benchmark_results/monovar/from_true_params/no_cnv/0004/post_processed/filtered.genotype_probs	5626	1	37403	2770	0.6700809909480705	0.999822285409632	0.802396063609784	2.673510854454069e-05	5621	1	38141	2036	0.7340995167820296	0.9998221273568124	0.8465998945703743	2.6217817628860572e-05	4642	5	38156	2996	0.6077507200837916	0.9989240370131268	0.7557183557183558	0.0001310238201304	15	960	44820	4	0.7894736842105263	0.0153846153846153	0.0301810865191146	0.0209698558322411	19	1	0	4	5	0	45061	734	0.006765899864682	1.0	0.0	0.0134408602150537	0	5	45795	0	NA	0.0	0.0001091703056768	NA	0	0	45799	1	0.0	NA	0.0	NA	0	0	45062	738	0.0	NA	0.0	NA	733	0	0	0	0	0	45800	0	NA	NA	0.0	NA
40	20	2	0.001999	0.3	1e-06	1e-07	0.0	0005	monovar	NA	true_parameters	NA	no_cnv	/raid/kang/DelSIEVE/simulation_results/IndelSIEVE_benchmark_pipeline_sa_001/benchmark_results/simulated_data/results/cell_names	/raid/kang/DelSIEVE/simulation_results/IndelSIEVE_benchmark_pipeline_sa_001/benchmark_results/monovar/from_true_params/no_cnv/0005/post_processed/filtered.cell_names	/raid/kang/DelSIEVE/simulation_results/IndelSIEVE_benchmark_pipeline_sa_001/benchmark_results/simulated_data/results/data_type/no_cnv/0005/true_evo_events_sites_names	/raid/kang/DelSIEVE/simulation_results/IndelSIEVE_benchmark_pipeline_sa_001/benchmark_results/monovar/from_true_params/no_cnv/0005/post_processed/filtered.loci_info	/raid/kang/DelSIEVE/simulation_results/IndelSIEVE_benchmark_pipeline_sa_001/benchmark_results/simulated_data/results/data_type/no_cnv/0005/true_evo_events_genotypes_numeric	/raid/kang/DelSIEVE/simulation_results/IndelSIEVE_benchmark_pipeline_sa_001/benchmark_results/monovar/from_true_params/no_cnv/0005/post_processed/filtered.genotypes	/raid/kang/DelSIEVE/simulation_results/IndelSIEVE_benchmark_pipeline_sa_001/benchmark_results/simulated_data/results/data_type/no_cnv/0005/true_evo_events_ternary_matrix.simple	/raid/kang/DelSIEVE/simulation_results/IndelSIEVE_benchmark_pipeline_sa_001/benchmark_results/monovar/from_true_params/no_cnv/0005/post_processed/filtered.ternary	/raid/kang/DelSIEVE/simulation_results/IndelSIEVE_benchmark_pipeline_sa_001/benchmark_results/monovar/from_true_params/no_cnv/0005/post_processed/filtered.genotype_probs	6443	3	31564	2790	0.6978230261020253	0.999534595097735	0.821863639262708	9.503595526974372e-05	6422	1	32314	2063	0.7568650559811432	0.9998443095126888	0.8615508451837939	3.094538140182578e-05	5235	34	32368	3163	0.6233627054060491	0.9935471626494592	0.7660788761249726	0.0010493179433368	48	1106	39613	33	0.5925925925925926	0.0415944540727903	0.0777327935222672	0.0271617672339694	81	1	3	30	21	2	40044	733	0.0278514588859416	0.9130434782608696	4.99425660490436e-05	0.054054054054054	0	23	40777	0	NA	0.0	0.000563725490196	NA	0	0	40794	6	0.0	NA	0.0	NA	0	0	40052	748	0.0	NA	0.0	NA	730	0	3	0	0	0	40800	0	NA	NA	0.0	NA
40	20	2	0.001999	0.3	1e-06	1e-07	0.0	0006	monovar	NA	true_parameters	NA	no_cnv	/raid/kang/DelSIEVE/simulation_results/IndelSIEVE_benchmark_pipeline_sa_001/benchmark_results/simulated_data/results/cell_names	/raid/kang/DelSIEVE/simulation_results/IndelSIEVE_benchmark_pipeline_sa_001/benchmark_results/monovar/from_true_params/no_cnv/0006/post_processed/filtered.cell_names	/raid/kang/DelSIEVE/simulation_results/IndelSIEVE_benchmark_pipeline_sa_001/benchmark_results/simulated_data/results/data_type/no_cnv/0006/true_evo_events_sites_names	/raid/kang/DelSIEVE/simulation_results/IndelSIEVE_benchmark_pipeline_sa_001/benchmark_results/monovar/from_true_params/no_cnv/0006/post_processed/filtered.loci_info	/raid/kang/DelSIEVE/simulation_results/IndelSIEVE_benchmark_pipeline_sa_001/benchmark_results/simulated_data/results/data_type/no_cnv/0006/true_evo_events_genotypes_numeric	/raid/kang/DelSIEVE/simulation_results/IndelSIEVE_benchmark_pipeline_sa_001/benchmark_results/monovar/from_true_params/no_cnv/0006/post_processed/filtered.genotypes	/raid/kang/DelSIEVE/simulation_results/IndelSIEVE_benchmark_pipeline_sa_001/benchmark_results/simulated_data/results/data_type/no_cnv/0006/true_evo_events_ternary_matrix.simple	/raid/kang/DelSIEVE/simulation_results/IndelSIEVE_benchmark_pipeline_sa_001/benchmark_results/monovar/from_true_params/no_cnv/0006/post_processed/filtered.ternary	/raid/kang/DelSIEVE/simulation_results/IndelSIEVE_benchmark_pipeline_sa_001/benchmark_results/monovar/from_true_params/no_cnv/0006/post_processed/filtered.genotype_probs	5292	3	37272	2793	0.6545454545454545	0.9994334277620396	0.7910313901345292	8.048289738430584e-05	5285	3	38117	1954	0.7300732145323939	0.9994326777609682	0.8437774407280274	7.869884575026233e-05	4532	20	38157	2650	0.631021999443052	0.9956063268892794	0.7724561104482699	0.0005238756319249	39	697	44611	12	0.7647058823529411	0.0529891304347826	0.0991105463786531	0.0153835967158117	51	3	1	11	7	0	44508	845	0.0082159624413145	1.0	0.0	0.0162980209545983	0	7	45353	0	NA	0.0	0.0001543209876543	NA	0	0	45353	7	0.0	NA	0.0	NA	0	0	44515	845	0.0	NA	0.0	NA	838	0	6	0	0	0	45360	0	NA	NA	0.0	NA
40	20	2	0.001999	0.3	1e-06	1e-07	0.0	0007	monovar	NA	true_parameters	NA	no_cnv	/raid/kang/DelSIEVE/simulation_results/IndelSIEVE_benchmark_pipeline_sa_001/benchmark_results/simulated_data/results/cell_names	/raid/kang/DelSIEVE/simulation_results/IndelSIEVE_benchmark_pipeline_sa_001/benchmark_results/monovar/from_true_params/no_cnv/0007/post_processed/filtered.cell_names	/raid/kang/DelSIEVE/simulation_results/IndelSIEVE_benchmark_pipeline_sa_001/benchmark_results/simulated_data/results/data_type/no_cnv/0007/true_evo_events_sites_names	/raid/kang/DelSIEVE/simulation_results/IndelSIEVE_benchmark_pipeline_sa_001/benchmark_results/monovar/from_true_params/no_cnv/0007/post_processed/filtered.loci_info	/raid/kang/DelSIEVE/simulation_results/IndelSIEVE_benchmark_pipeline_sa_001/benchmark_results/simulated_data/results/data_type/no_cnv/0007/true_evo_events_genotypes_numeric	/raid/kang/DelSIEVE/simulation_results/IndelSIEVE_benchmark_pipeline_sa_001/benchmark_results/monovar/from_true_params/no_cnv/0007/post_processed/filtered.genotypes	/raid/kang/DelSIEVE/simulation_results/IndelSIEVE_benchmark_pipeline_sa_001/benchmark_results/simulated_data/results/data_type/no_cnv/0007/true_evo_events_ternary_matrix.simple	/raid/kang/DelSIEVE/simulation_results/IndelSIEVE_benchmark_pipeline_sa_001/benchmark_results/monovar/from_true_params/no_cnv/0007/post_processed/filtered.ternary	/raid/kang/DelSIEVE/simulation_results/IndelSIEVE_benchmark_pipeline_sa_001/benchmark_results/monovar/from_true_params/no_cnv/0007/post_processed/filtered.genotype_probs	4337	2	28379	2122	0.6714661712339371	0.99953906430053	0.8032969068345991	7.04696804199993e-05	4333	2	28962	1543	0.7374063989108237	0.9995386389850056	0.8486925864264028	6.905123601712471e-05	3652	7	28993	2188	0.6253424657534247	0.9980869089915276	0.7689230445310032	0.0002413793103448	22	654	34158	6	0.7857142857142857	0.0325443786982248	0.0625	0.0187866253016201	28	2	1	5	4	0	34249	587	0.0067681895093062	1.0	0.0	0.0134453781512605	0	4	34836	0	NA	0.0	0.0001148105625717	NA	0	0	34832	8	0.0	NA	0.0	NA	0	0	34257	583	0.0	NA	0.0	NA	580	0	0	7	0	0	34840	0	NA	NA	0.0	NA
40	20	2	0.001999	0.3	1e-06	1e-07	0.0	0008	monovar	NA	true_parameters	NA	no_cnv	/raid/kang/DelSIEVE/simulation_results/IndelSIEVE_benchmark_pipeline_sa_001/benchmark_results/simulated_data/results/cell_names	/raid/kang/DelSIEVE/simulation_results/IndelSIEVE_benchmark_pipeline_sa_001/benchmark_results/monovar/from_true_params/no_cnv/0008/post_processed/filtered.cell_names	/raid/kang/DelSIEVE/simulation_results/IndelSIEVE_benchmark_pipeline_sa_001/benchmark_results/simulated_data/results/data_type/no_cnv/0008/true_evo_events_sites_names	/raid/kang/DelSIEVE/simulation_results/IndelSIEVE_benchmark_pipeline_sa_001/benchmark_results/monovar/from_true_params/no_cnv/0008/post_processed/filtered.loci_info	/raid/kang/DelSIEVE/simulation_results/IndelSIEVE_benchmark_pipeline_sa_001/benchmark_results/simulated_data/results/data_type/no_cnv/0008/true_evo_events_genotypes_numeric	/raid/kang/DelSIEVE/simulation_results/IndelSIEVE_benchmark_pipeline_sa_001/benchmark_results/monovar/from_true_params/no_cnv/0008/post_processed/filtered.genotypes	/raid/kang/DelSIEVE/simulation_results/IndelSIEVE_benchmark_pipeline_sa_001/benchmark_results/simulated_data/results/data_type/no_cnv/0008/true_evo_events_ternary_matrix.simple	/raid/kang/DelSIEVE/simulation_results/IndelSIEVE_benchmark_pipeline_sa_001/benchmark_results/monovar/from_true_params/no_cnv/0008/post_processed/filtered.ternary	/raid/kang/DelSIEVE/simulation_results/IndelSIEVE_benchmark_pipeline_sa_001/benchmark_results/monovar/from_true_params/no_cnv/0008/post_processed/filtered.genotype_probs	5145	0	37413	2602	0.6641280495675745	1.0	0.7981694073844244	0.0	5127	0	38087	1946	0.7248692209811961	1.0	0.8404918032786886	0.0	4628	26	38113	2393	0.6591653610596782	0.994413407821229	0.7928051391862955	0.0006817168777367	21	452	44675	12	0.6363636363636364	0.0443974630021141	0.0830039525691699	0.0100161765683515	33	0	0	12	18	0	44467	675	0.0259740259740259	1.0	0.0	0.050632911392405	0	18	45142	0	NA	0.0	0.0003985828166519	NA	0	0	45141	19	0.0	NA	0.0	NA	0	0	44486	674	0.0	NA	0.0	NA	661	0	14	0	0	0	45160	0	NA	NA	0.0	NA
40	20	2	0.001999	0.3	1e-06	1e-07	0.0	0009	monovar	NA	true_parameters	NA	no_cnv	/raid/kang/DelSIEVE/simulation_results/IndelSIEVE_benchmark_pipeline_sa_001/benchmark_results/simulated_data/results/cell_names	/raid/kang/DelSIEVE/simulation_results/IndelSIEVE_benchmark_pipeline_sa_001/benchmark_results/monovar/from_true_params/no_cnv/0009/post_processed/filtered.cell_names	/raid/kang/DelSIEVE/simulation_results/IndelSIEVE_benchmark_pipeline_sa_001/benchmark_results/simulated_data/results/data_type/no_cnv/0009/true_evo_events_sites_names	/raid/kang/DelSIEVE/simulation_results/IndelSIEVE_benchmark_pipeline_sa_001/benchmark_results/monovar/from_true_params/no_cnv/0009/post_processed/filtered.loci_info	/raid/kang/DelSIEVE/simulation_results/IndelSIEVE_benchmark_pipeline_sa_001/benchmark_results/simulated_data/results/data_type/no_cnv/0009/true_evo_events_genotypes_numeric	/raid/kang/DelSIEVE/simulation_results/IndelSIEVE_benchmark_pipeline_sa_001/benchmark_results/monovar/from_true_params/no_cnv/0009/post_processed/filtered.genotypes	/raid/kang/DelSIEVE/simulation_results/IndelSIEVE_benchmark_pipeline_sa_001/benchmark_results/simulated_data/results/data_type/no_cnv/0009/true_evo_events_ternary_matrix.simple	/raid/kang/DelSIEVE/simulation_results/IndelSIEVE_benchmark_pipeline_sa_001/benchmark_results/monovar/from_true_params/no_cnv/0009/post_processed/filtered.ternary	/raid/kang/DelSIEVE/simulation_results/IndelSIEVE_benchmark_pipeline_sa_001/benchmark_results/monovar/from_true_params/no_cnv/0009/post_processed/filtered.genotype_probs	6354	0	33099	3027	0.677326511032939	1.0	0.807626310772164	0.0	6343	0	33926	2210	0.7416111305974512	1.0	0.8516380236305048	0.0	5336	8	33946	3189	0.6259237536656892	0.998502994011976	0.7694859038142621	0.0002356128880249	17	982	41472	8	0.68	0.017017017017017	0.033203125	0.0231309181702548	25	0	0	8	11	0	41649	820	0.01323706377858	1.0	0.0	0.0261282660332541	0	11	42469	0	NA	0.0	0.000258945386064	NA	0	0	42476	4	0.0	NA	0.0	NA	0	0	41653	827	0.0	NA	0.0	NA	819	0	0	0	0	0	42480	0	NA	NA	0.0	NA
40	20	2	0.001999	0.3	1e-06	1e-07	0.0	0010	monovar	NA	true_parameters	NA	no_cnv	/raid/kang/DelSIEVE/simulation_results/IndelSIEVE_benchmark_pipeline_sa_001/benchmark_results/simulated_data/results/cell_names	/raid/kang/DelSIEVE/simulation_results/IndelSIEVE_benchmark_pipeline_sa_001/benchmark_results/monovar/from_true_params/no_cnv/0010/post_processed/filtered.cell_names	/raid/kang/DelSIEVE/simulation_results/IndelSIEVE_benchmark_pipeline_sa_001/benchmark_results/simulated_data/results/data_type/no_cnv/0010/true_evo_events_sites_names	/raid/kang/DelSIEVE/simulation_results/IndelSIEVE_benchmark_pipeline_sa_001/benchmark_results/monovar/from_true_params/no_cnv/0010/post_processed/filtered.loci_info	/raid/kang/DelSIEVE/simulation_results/IndelSIEVE_benchmark_pipeline_sa_001/benchmark_results/simulated_data/results/data_type/no_cnv/0010/true_evo_events_genotypes_numeric	/raid/kang/DelSIEVE/simulation_results/IndelSIEVE_benchmark_pipeline_sa_001/benchmark_results/monovar/from_true_params/no_cnv/0010/post_processed/filtered.genotypes	/raid/kang/DelSIEVE/simulation_results/IndelSIEVE_benchmark_pipeline_sa_001/benchmark_results/simulated_data/results/data_type/no_cnv/0010/true_evo_events_ternary_matrix.simple	/raid/kang/DelSIEVE/simulation_results/IndelSIEVE_benchmark_pipeline_sa_001/benchmark_results/monovar/from_true_params/no_cnv/0010/post_processed/filtered.ternary	/raid/kang/DelSIEVE/simulation_results/IndelSIEVE_benchmark_pipeline_sa_001/benchmark_results/monovar/from_true_params/no_cnv/0010/post_processed/filtered.genotype_probs	8378	5	40438	3939	0.6801981001867338	0.9994035548133128	0.8094685990338164	0.0001236307890116	8373	5	41470	2912	0.7419583517944174	0.9994031988541416	0.8516503076844835	0.0001205545509342	6591	26	41511	4632	0.5872761293771719	0.9960707269155208	0.7389013452914799	0.0006259479500204	38	1723	50979	20	0.6551724137931034	0.0215786484951731	0.0417811984606926	0.0326932564229061	58	5	2	18	5	0	51724	1031	0.0048262548262548	1.0	0.0	0.0096061479346781	0	5	52755	0	NA	0.0	9.476876421531464e-05	NA	0	0	52756	4	0.0	NA	0.0	NA	0	0	51728	1032	0.0	NA	0.0	NA	1028	0	3	0	0	0	52760	0	NA	NA	0.0	NA
40	20	2	0.001999	0.3	1e-06	1e-07	0.0	0001	sciphi	candidate_snvs	NA	NA	no_cnv	/raid/kang/DelSIEVE/simulation_results/IndelSIEVE_benchmark_pipeline_sa_001/benchmark_results/simulated_data/results/cell_names	/raid/kang/DelSIEVE/simulation_results/IndelSIEVE_benchmark_pipeline_sa_001/benchmark_results/sciphi/no_cnv/0001/post_processed/sciphi.cell_names	/raid/kang/DelSIEVE/simulation_results/IndelSIEVE_benchmark_pipeline_sa_001/benchmark_results/simulated_data/results/data_type/no_cnv/0001/true_evo_events_sites_names	/raid/kang/DelSIEVE/simulation_results/IndelSIEVE_benchmark_pipeline_sa_001/benchmark_results/sciphi/no_cnv/0001/post_processed/sciphi.loci_info	/raid/kang/DelSIEVE/simulation_results/IndelSIEVE_benchmark_pipeline_sa_001/benchmark_results/simulated_data/results/data_type/no_cnv/0001/true_evo_events_genotypes_numeric	/raid/kang/DelSIEVE/simulation_results/IndelSIEVE_benchmark_pipeline_sa_001/benchmark_results/sciphi/no_cnv/0001/post_processed/sciphi.genotypes	/raid/kang/DelSIEVE/simulation_results/IndelSIEVE_benchmark_pipeline_sa_001/benchmark_results/simulated_data/results/data_type/no_cnv/0001/true_evo_events_ternary_matrix.simple	/raid/kang/DelSIEVE/simulation_results/IndelSIEVE_benchmark_pipeline_sa_001/benchmark_results/sciphi/no_cnv/0001/post_processed/sciphi.ternary	/raid/kang/DelSIEVE/simulation_results/IndelSIEVE_benchmark_pipeline_sa_001/benchmark_results/sciphi/no_cnv/0001/post_processed/sciphi.genotype_probs	9302	32	40636	1750	0.8416576185305827	0.9965716734518963	0.9125870695575394	0.0007868594472312	9302	32	41686	700	0.93001399720056	0.9965716734518963	0.9621431526685974	0.0007670549882544	9251	83	41687	699	0.929748743718593	0.991107778015856	0.9594482472516076	0.001987072061288	0	0	51672	48	0.0	NA	NA	0.0	48	32	0	48	0	0	28592	48	0.0	NA	0.0	NA	0	0	28640	0	NA	NA	0.0	NA	0	0	28636	4	0.0	NA	0.0	NA	0	0	28596	44	0.0	NA	0.0	NA	44	0	3	0	0	0	28640	0	NA	NA	0.0	NA
40	20	2	0.001999	0.3	1e-06	1e-07	0.0	0002	sciphi	candidate_snvs	NA	NA	no_cnv	/raid/kang/DelSIEVE/simulation_results/IndelSIEVE_benchmark_pipeline_sa_001/benchmark_results/simulated_data/results/cell_names	/raid/kang/DelSIEVE/simulation_results/IndelSIEVE_benchmark_pipeline_sa_001/benchmark_results/sciphi/no_cnv/0002/post_processed/sciphi.cell_names	/raid/kang/DelSIEVE/simulation_results/IndelSIEVE_benchmark_pipeline_sa_001/benchmark_results/simulated_data/results/data_type/no_cnv/0002/true_evo_events_sites_names	/raid/kang/DelSIEVE/simulation_results/IndelSIEVE_benchmark_pipeline_sa_001/benchmark_results/sciphi/no_cnv/0002/post_processed/sciphi.loci_info	/raid/kang/DelSIEVE/simulation_results/IndelSIEVE_benchmark_pipeline_sa_001/benchmark_results/simulated_data/results/data_type/no_cnv/0002/true_evo_events_genotypes_numeric	/raid/kang/DelSIEVE/simulation_results/IndelSIEVE_benchmark_pipeline_sa_001/benchmark_results/sciphi/no_cnv/0002/post_processed/sciphi.genotypes	/raid/kang/DelSIEVE/simulation_results/IndelSIEVE_benchmark_pipeline_sa_001/benchmark_results/simulated_data/results/data_type/no_cnv/0002/true_evo_events_ternary_matrix.simple	/raid/kang/DelSIEVE/simulation_results/IndelSIEVE_benchmark_pipeline_sa_001/benchmark_results/sciphi/no_cnv/0002/post_processed/sciphi.ternary	/raid/kang/DelSIEVE/simulation_results/IndelSIEVE_benchmark_pipeline_sa_001/benchmark_results/sciphi/no_cnv/0002/post_processed/sciphi.genotype_probs	9817	90	32812	1721	0.8508407002946785	0.9909155142828304	0.915551410585218	0.0027353960245577	9815	92	34004	529	0.9488592420726992	0.9907136368224488	0.9693348476618436	0.0026982637259502	9754	153	34006	527	0.9487403949032196	0.9845563742808116	0.9663166237368734	0.0044790538364706	0	0	44386	54	0.0	NA	NA	0.0	54	90	1	53	0	0	27559	81	0.0	NA	0.0	NA	0	0	27640	0	NA	NA	0.0	NA	0	0	27631	9	0.0	NA	0.0	NA	0	0	27568	72	0.0	NA	0.0	NA	70	2	8	0	0	0	27640	0	NA	NA	0.0	NA
40	20	2	0.001999	0.3	1e-06	1e-07	0.0	0003	sciphi	candidate_snvs	NA	NA	no_cnv	/raid/kang/DelSIEVE/simulation_results/IndelSIEVE_benchmark_pipeline_sa_001/benchmark_results/simulated_data/results/cell_names	/raid/kang/DelSIEVE/simulation_results/IndelSIEVE_benchmark_pipeline_sa_001/benchmark_results/sciphi/no_cnv/0003/post_processed/sciphi.cell_names	/raid/kang/DelSIEVE/simulation_results/IndelSIEVE_benchmark_pipeline_sa_001/benchmark_results/simulated_data/results/data_type/no_cnv/0003/true_evo_events_sites_names	/raid/kang/DelSIEVE/simulation_results/IndelSIEVE_benchmark_pipeline_sa_001/benchmark_results/sciphi/no_cnv/0003/post_processed/sciphi.loci_info	/raid/kang/DelSIEVE/simulation_results/IndelSIEVE_benchmark_pipeline_sa_001/benchmark_results/simulated_data/results/data_type/no_cnv/0003/true_evo_events_genotypes_numeric	/raid/kang/DelSIEVE/simulation_results/IndelSIEVE_benchmark_pipeline_sa_001/benchmark_results/sciphi/no_cnv/0003/post_processed/sciphi.genotypes	/raid/kang/DelSIEVE/simulation_results/IndelSIEVE_benchmark_pipeline_sa_001/benchmark_results/simulated_data/results/data_type/no_cnv/0003/true_evo_events_ternary_matrix.simple	/raid/kang/DelSIEVE/simulation_results/IndelSIEVE_benchmark_pipeline_sa_001/benchmark_results/sciphi/no_cnv/0003/post_processed/sciphi.ternary	/raid/kang/DelSIEVE/simulation_results/IndelSIEVE_benchmark_pipeline_sa_001/benchmark_results/sciphi/no_cnv/0003/post_processed/sciphi.genotype_probs	4065	10	31713	1132	0.7821820280931306	0.9975460122699388	0.8768334771354616	0.0003152286984207	4065	10	32186	659	0.8604995766299746	0.9975460122699388	0.9239686327991816	0.0003105975897627	4057	18	32186	659	0.8602629346904156	0.9955828220858896	0.9229894209987488	0.0005589367780399	0	0	36912	8	0.0	NA	NA	0.0	8	10	0	8	0	0	14675	5	0.0	NA	0.0	NA	0	0	14680	0	NA	NA	0.0	NA	0	0	14680	0	NA	NA	0.0	NA	0	0	14675	5	0.0	NA	0.0	NA	5	0	0	0	0	0	14680	0	NA	NA	0.0	NA
40	20	2	0.001999	0.3	1e-06	1e-07	0.0	0004	sciphi	candidate_snvs	NA	NA	no_cnv	/raid/kang/DelSIEVE/simulation_results/IndelSIEVE_benchmark_pipeline_sa_001/benchmark_results/simulated_data/results/cell_names	/raid/kang/DelSIEVE/simulation_results/IndelSIEVE_benchmark_pipeline_sa_001/benchmark_results/sciphi/no_cnv/0004/post_processed/sciphi.cell_names	/raid/kang/DelSIEVE/simulation_results/IndelSIEVE_benchmark_pipeline_sa_001/benchmark_results/simulated_data/results/data_type/no_cnv/0004/true_evo_events_sites_names	/raid/kang/DelSIEVE/simulation_results/IndelSIEVE_benchmark_pipeline_sa_001/benchmark_results/sciphi/no_cnv/0004/post_processed/sciphi.loci_info	/raid/kang/DelSIEVE/simulation_results/IndelSIEVE_benchmark_pipeline_sa_001/benchmark_results/simulated_data/results/data_type/no_cnv/0004/true_evo_events_genotypes_numeric	/raid/kang/DelSIEVE/simulation_results/IndelSIEVE_benchmark_pipeline_sa_001/benchmark_results/sciphi/no_cnv/0004/post_processed/sciphi.genotypes	/raid/kang/DelSIEVE/simulation_results/IndelSIEVE_benchmark_pipeline_sa_001/benchmark_results/simulated_data/results/data_type/no_cnv/0004/true_evo_events_ternary_matrix.simple	/raid/kang/DelSIEVE/simulation_results/IndelSIEVE_benchmark_pipeline_sa_001/benchmark_results/sciphi/no_cnv/0004/post_processed/sciphi.ternary	/raid/kang/DelSIEVE/simulation_results/IndelSIEVE_benchmark_pipeline_sa_001/benchmark_results/sciphi/no_cnv/0004/post_processed/sciphi.genotype_probs	6990	83	37321	1406	0.8325393044306812	0.9882652339884066	0.9037429698105888	0.0022190140091968	6990	83	38059	667	0.9128901658613032	0.9882652339884066	0.9490835030549898	0.0021760788631954	6971	102	38059	667	0.9126734747316052	0.985578962250813	0.9477261912854328	0.0026728859306621	0	0	45780	19	0.0	NA	NA	0.0	19	83	0	19	0	0	23545	15	0.0	NA	0.0	NA	0	0	23560	0	NA	NA	0.0	NA	0	0	23560	0	NA	NA	0.0	NA	0	0	23545	15	0.0	NA	0.0	NA	15	0	0	0	0	0	23560	0	NA	NA	0.0	NA
40	20	2	0.001999	0.3	1e-06	1e-07	0.0	0005	sciphi	candidate_snvs	NA	NA	no_cnv	/raid/kang/DelSIEVE/simulation_results/IndelSIEVE_benchmark_pipeline_sa_001/benchmark_results/simulated_data/results/cell_names	/raid/kang/DelSIEVE/simulation_results/IndelSIEVE_benchmark_pipeline_sa_001/benchmark_results/sciphi/no_cnv/0005/post_processed/sciphi.cell_names	/raid/kang/DelSIEVE/simulation_results/IndelSIEVE_benchmark_pipeline_sa_001/benchmark_results/simulated_data/results/data_type/no_cnv/0005/true_evo_events_sites_names	/raid/kang/DelSIEVE/simulation_results/IndelSIEVE_benchmark_pipeline_sa_001/benchmark_results/sciphi/no_cnv/0005/post_processed/sciphi.loci_info	/raid/kang/DelSIEVE/simulation_results/IndelSIEVE_benchmark_pipeline_sa_001/benchmark_results/simulated_data/results/data_type/no_cnv/0005/true_evo_events_genotypes_numeric	/raid/kang/DelSIEVE/simulation_results/IndelSIEVE_benchmark_pipeline_sa_001/benchmark_results/sciphi/no_cnv/0005/post_processed/sciphi.genotypes	/raid/kang/DelSIEVE/simulation_results/IndelSIEVE_benchmark_pipeline_sa_001/benchmark_results/simulated_data/results/data_type/no_cnv/0005/true_evo_events_ternary_matrix.simple	/raid/kang/DelSIEVE/simulation_results/IndelSIEVE_benchmark_pipeline_sa_001/benchmark_results/sciphi/no_cnv/0005/post_processed/sciphi.ternary	/raid/kang/DelSIEVE/simulation_results/IndelSIEVE_benchmark_pipeline_sa_001/benchmark_results/sciphi/no_cnv/0005/post_processed/sciphi.genotype_probs	8006	38	31529	1227	0.867107115780353	0.9952759820984584	0.926781269896394	0.00120378876675	8003	41	32274	482	0.9431938715380084	0.9949030333167578	0.9683586423861092	0.0012687606374748	7916	128	32274	482	0.9426053822338653	0.984087518647439	0.962899890524267	0.0039503734337386	0	0	40719	81	0.0	NA	NA	0.0	81	38	0	81	0	0	24989	51	0.0	NA	0.0	NA	0	0	25040	0	NA	NA	0.0	NA	0	0	25034	6	0.0	NA	0.0	NA	0	0	24995	45	0.0	NA	0.0	NA	42	3	6	0	0	0	25040	0	NA	NA	0.0	NA
40	20	2	0.001999	0.3	1e-06	1e-07	0.0	0006	sciphi	candidate_snvs	NA	NA	no_cnv	/raid/kang/DelSIEVE/simulation_results/IndelSIEVE_benchmark_pipeline_sa_001/benchmark_results/simulated_data/results/cell_names	/raid/kang/DelSIEVE/simulation_results/IndelSIEVE_benchmark_pipeline_sa_001/benchmark_results/sciphi/no_cnv/0006/post_processed/sciphi.cell_names	/raid/kang/DelSIEVE/simulation_results/IndelSIEVE_benchmark_pipeline_sa_001/benchmark_results/simulated_data/results/data_type/no_cnv/0006/true_evo_events_sites_names	/raid/kang/DelSIEVE/simulation_results/IndelSIEVE_benchmark_pipeline_sa_001/benchmark_results/sciphi/no_cnv/0006/post_processed/sciphi.loci_info	/raid/kang/DelSIEVE/simulation_results/IndelSIEVE_benchmark_pipeline_sa_001/benchmark_results/simulated_data/results/data_type/no_cnv/0006/true_evo_events_genotypes_numeric	/raid/kang/DelSIEVE/simulation_results/IndelSIEVE_benchmark_pipeline_sa_001/benchmark_results/sciphi/no_cnv/0006/post_processed/sciphi.genotypes	/raid/kang/DelSIEVE/simulation_results/IndelSIEVE_benchmark_pipeline_sa_001/benchmark_results/simulated_data/results/data_type/no_cnv/0006/true_evo_events_ternary_matrix.simple	/raid/kang/DelSIEVE/simulation_results/IndelSIEVE_benchmark_pipeline_sa_001/benchmark_results/sciphi/no_cnv/0006/post_processed/sciphi.ternary	/raid/kang/DelSIEVE/simulation_results/IndelSIEVE_benchmark_pipeline_sa_001/benchmark_results/sciphi/no_cnv/0006/post_processed/sciphi.genotype_probs	6641	29	37246	1444	0.8213976499690785	0.9956521739130436	0.9001694340901389	0.0007780013413816	6641	29	38091	598	0.9173919049592484	0.9956521739130436	0.954921273995255	0.0007607555089192	6584	86	38091	598	0.9167362851573376	0.9871064467766116	0.9506208489748772	0.0022526652172774	0	0	45308	51	0.0	NA	NA	0.0	51	29	0	51	0	0	26161	39	0.0	NA	0.0	NA	0	0	26200	0	NA	NA	0.0	NA	0	0	26194	6	0.0	NA	0.0	NA	0	0	26167	33	0.0	NA	0.0	NA	33	0	6	0	0	0	26200	0	NA	NA	0.0	NA
40	20	2	0.001999	0.3	1e-06	1e-07	0.0	0007	sciphi	candidate_snvs	NA	NA	no_cnv	/raid/kang/DelSIEVE/simulation_results/IndelSIEVE_benchmark_pipeline_sa_001/benchmark_results/simulated_data/results/cell_names	/raid/kang/DelSIEVE/simulation_results/IndelSIEVE_benchmark_pipeline_sa_001/benchmark_results/sciphi/no_cnv/0007/post_processed/sciphi.cell_names	/raid/kang/DelSIEVE/simulation_results/IndelSIEVE_benchmark_pipeline_sa_001/benchmark_results/simulated_data/results/data_type/no_cnv/0007/true_evo_events_sites_names	/raid/kang/DelSIEVE/simulation_results/IndelSIEVE_benchmark_pipeline_sa_001/benchmark_results/sciphi/no_cnv/0007/post_processed/sciphi.loci_info	/raid/kang/DelSIEVE/simulation_results/IndelSIEVE_benchmark_pipeline_sa_001/benchmark_results/simulated_data/results/data_type/no_cnv/0007/true_evo_events_genotypes_numeric	/raid/kang/DelSIEVE/simulation_results/IndelSIEVE_benchmark_pipeline_sa_001/benchmark_results/sciphi/no_cnv/0007/post_processed/sciphi.genotypes	/raid/kang/DelSIEVE/simulation_results/IndelSIEVE_benchmark_pipeline_sa_001/benchmark_results/simulated_data/results/data_type/no_cnv/0007/true_evo_events_ternary_matrix.simple	/raid/kang/DelSIEVE/simulation_results/IndelSIEVE_benchmark_pipeline_sa_001/benchmark_results/sciphi/no_cnv/0007/post_processed/sciphi.ternary	/raid/kang/DelSIEVE/simulation_results/IndelSIEVE_benchmark_pipeline_sa_001/benchmark_results/sciphi/no_cnv/0007/post_processed/sciphi.genotype_probs	5378	24	28357	1081	0.8326366310574392	0.9955572010366532	0.9068375347778432	0.0008456361650399	5378	24	28940	498	0.9152484683458136	0.9955572010366532	0.953715197730094	0.0008286148322054	5342	60	28940	498	0.9147260273972604	0.9888930025916328	0.9503647037893612	0.0020689655172413	0	0	34812	28	0.0	NA	NA	0.0	28	24	0	28	0	0	17341	19	0.0	NA	0.0	NA	0	0	17360	0	NA	NA	0.0	NA	0	0	17352	8	0.0	NA	0.0	NA	0	0	17349	11	0.0	NA	0.0	NA	11	0	8	0	0	0	17360	0	NA	NA	0.0	NA
40	20	2	0.001999	0.3	1e-06	1e-07	0.0	0008	sciphi	candidate_snvs	NA	NA	no_cnv	/raid/kang/DelSIEVE/simulation_results/IndelSIEVE_benchmark_pipeline_sa_001/benchmark_results/simulated_data/results/cell_names	/raid/kang/DelSIEVE/simulation_results/IndelSIEVE_benchmark_pipeline_sa_001/benchmark_results/sciphi/no_cnv/0008/post_processed/sciphi.cell_names	/raid/kang/DelSIEVE/simulation_results/IndelSIEVE_benchmark_pipeline_sa_001/benchmark_results/simulated_data/results/data_type/no_cnv/0008/true_evo_events_sites_names	/raid/kang/DelSIEVE/simulation_results/IndelSIEVE_benchmark_pipeline_sa_001/benchmark_results/sciphi/no_cnv/0008/post_processed/sciphi.loci_info	/raid/kang/DelSIEVE/simulation_results/IndelSIEVE_benchmark_pipeline_sa_001/benchmark_results/simulated_data/results/data_type/no_cnv/0008/true_evo_events_genotypes_numeric	/raid/kang/DelSIEVE/simulation_results/IndelSIEVE_benchmark_pipeline_sa_001/benchmark_results/sciphi/no_cnv/0008/post_processed/sciphi.genotypes	/raid/kang/DelSIEVE/simulation_results/IndelSIEVE_benchmark_pipeline_sa_001/benchmark_results/simulated_data/results/data_type/no_cnv/0008/true_evo_events_ternary_matrix.simple	/raid/kang/DelSIEVE/simulation_results/IndelSIEVE_benchmark_pipeline_sa_001/benchmark_results/sciphi/no_cnv/0008/post_processed/sciphi.ternary	/raid/kang/DelSIEVE/simulation_results/IndelSIEVE_benchmark_pipeline_sa_001/benchmark_results/sciphi/no_cnv/0008/post_processed/sciphi.genotype_probs	6498	82	37331	1249	0.8387763005034207	0.9875379939209726	0.9070984853772596	0.0021917515302167	6497	83	38004	576	0.9185635515340026	0.987386018237082	0.9517322200249028	0.0021792212565967	6445	135	38004	576	0.9179604045007832	0.979483282674772	0.9477244320270568	0.0035396837882482	0	0	45127	33	0.0	NA	NA	0.0	33	82	0	33	0	0	26666	54	0.0	NA	0.0	NA	0	0	26720	0	NA	NA	0.0	NA	0	0	26701	19	0.0	NA	0.0	NA	0	0	26685	35	0.0	NA	0.0	NA	34	1	19	0	0	0	26720	0	NA	NA	0.0	NA
40	20	2	0.001999	0.3	1e-06	1e-07	0.0	0009	sciphi	candidate_snvs	NA	NA	no_cnv	/raid/kang/DelSIEVE/simulation_results/IndelSIEVE_benchmark_pipeline_sa_001/benchmark_results/simulated_data/results/cell_names	/raid/kang/DelSIEVE/simulation_results/IndelSIEVE_benchmark_pipeline_sa_001/benchmark_results/sciphi/no_cnv/0009/post_processed/sciphi.cell_names	/raid/kang/DelSIEVE/simulation_results/IndelSIEVE_benchmark_pipeline_sa_001/benchmark_results/simulated_data/results/data_type/no_cnv/0009/true_evo_events_sites_names	/raid/kang/DelSIEVE/simulation_results/IndelSIEVE_benchmark_pipeline_sa_001/benchmark_results/sciphi/no_cnv/0009/post_processed/sciphi.loci_info	/raid/kang/DelSIEVE/simulation_results/IndelSIEVE_benchmark_pipeline_sa_001/benchmark_results/simulated_data/results/data_type/no_cnv/0009/true_evo_events_genotypes_numeric	/raid/kang/DelSIEVE/simulation_results/IndelSIEVE_benchmark_pipeline_sa_001/benchmark_results/sciphi/no_cnv/0009/post_processed/sciphi.genotypes	/raid/kang/DelSIEVE/simulation_results/IndelSIEVE_benchmark_pipeline_sa_001/benchmark_results/simulated_data/results/data_type/no_cnv/0009/true_evo_events_ternary_matrix.simple	/raid/kang/DelSIEVE/simulation_results/IndelSIEVE_benchmark_pipeline_sa_001/benchmark_results/sciphi/no_cnv/0009/post_processed/sciphi.ternary	/raid/kang/DelSIEVE/simulation_results/IndelSIEVE_benchmark_pipeline_sa_001/benchmark_results/sciphi/no_cnv/0009/post_processed/sciphi.genotype_probs	8007	12	33087	1374	0.8535337384074193	0.9985035540591096	0.9203448275862068	0.0003625487174839	8007	12	33914	546	0.9361627499123116	0.9985035540591096	0.9663287472845764	0.0003537110180982	7982	37	33917	543	0.9363049853372434	0.9953859583489212	0.9649419729206964	0.0010897096071155	0	0	42454	25	0.0	NA	NA	0.0	25	12	0	25	0	0	26462	18	0.0	NA	0.0	NA	0	0	26480	0	NA	NA	0.0	NA	0	0	26477	3	0.0	NA	0.0	NA	0	0	26465	15	0.0	NA	0.0	NA	15	0	0	0	0	0	26480	0	NA	NA	0.0	NA
40	20	2	0.001999	0.3	1e-06	1e-07	0.0	0010	sciphi	candidate_snvs	NA	NA	no_cnv	/raid/kang/DelSIEVE/simulation_results/IndelSIEVE_benchmark_pipeline_sa_001/benchmark_results/simulated_data/results/cell_names	/raid/kang/DelSIEVE/simulation_results/IndelSIEVE_benchmark_pipeline_sa_001/benchmark_results/sciphi/no_cnv/0010/post_processed/sciphi.cell_names	/raid/kang/DelSIEVE/simulation_results/IndelSIEVE_benchmark_pipeline_sa_001/benchmark_results/simulated_data/results/data_type/no_cnv/0010/true_evo_events_sites_names	/raid/kang/DelSIEVE/simulation_results/IndelSIEVE_benchmark_pipeline_sa_001/benchmark_results/sciphi/no_cnv/0010/post_processed/sciphi.loci_info	/raid/kang/DelSIEVE/simulation_results/IndelSIEVE_benchmark_pipeline_sa_001/benchmark_results/simulated_data/results/data_type/no_cnv/0010/true_evo_events_genotypes_numeric	/raid/kang/DelSIEVE/simulation_results/IndelSIEVE_benchmark_pipeline_sa_001/benchmark_results/sciphi/no_cnv/0010/post_processed/sciphi.genotypes	/raid/kang/DelSIEVE/simulation_results/IndelSIEVE_benchmark_pipeline_sa_001/benchmark_results/simulated_data/results/data_type/no_cnv/0010/true_evo_events_ternary_matrix.simple	/raid/kang/DelSIEVE/simulation_results/IndelSIEVE_benchmark_pipeline_sa_001/benchmark_results/sciphi/no_cnv/0010/post_processed/sciphi.ternary	/raid/kang/DelSIEVE/simulation_results/IndelSIEVE_benchmark_pipeline_sa_001/benchmark_results/sciphi/no_cnv/0010/post_processed/sciphi.genotype_probs	10475	84	40359	1842	0.8504505967362183	0.9920447012027654	0.9158069592586116	0.0020769972553964	10474	85	41390	811	0.9281346920691184	0.9919499952647032	0.958981871452115	0.002049427365883	10413	146	41391	810	0.9278267842822776	0.9861729330429018	0.9561105499954092	0.0035149384885764	0	0	52702	58	0.0	NA	NA	0.0	58	84	1	57	0	0	28980	20	0.0	NA	0.0	NA	0	0	29000	0	NA	NA	0.0	NA	0	0	28996	4	0.0	NA	0.0	NA	0	0	28984	16	0.0	NA	0.0	NA	15	1	4	0	0	0	29000	0	NA	NA	0.0	NA
40	20	2	0.001999	0.3	1e-06	1e-07	0.0	0001	sciphin	candidate_snvs	NA	NA	no_cnv	/raid/kang/DelSIEVE/simulation_results/IndelSIEVE_benchmark_pipeline_sa_001/benchmark_results/simulated_data/results/cell_names	/raid/kang/DelSIEVE/simulation_results/IndelSIEVE_benchmark_pipeline_sa_001/benchmark_results/sciphin/no_cnv/0001/post_processed/sciphin.cell_names	/raid/kang/DelSIEVE/simulation_results/IndelSIEVE_benchmark_pipeline_sa_001/benchmark_results/simulated_data/results/data_type/no_cnv/0001/true_evo_events_sites_names	/raid/kang/DelSIEVE/simulation_results/IndelSIEVE_benchmark_pipeline_sa_001/benchmark_results/sciphin/no_cnv/0001/post_processed/sciphin.loci_info	/raid/kang/DelSIEVE/simulation_results/IndelSIEVE_benchmark_pipeline_sa_001/benchmark_results/simulated_data/results/data_type/no_cnv/0001/true_evo_events_genotypes_numeric	/raid/kang/DelSIEVE/simulation_results/IndelSIEVE_benchmark_pipeline_sa_001/benchmark_results/sciphin/no_cnv/0001/post_processed/sciphin.genotypes	/raid/kang/DelSIEVE/simulation_results/IndelSIEVE_benchmark_pipeline_sa_001/benchmark_results/simulated_data/results/data_type/no_cnv/0001/true_evo_events_ternary_matrix.simple	/raid/kang/DelSIEVE/simulation_results/IndelSIEVE_benchmark_pipeline_sa_001/benchmark_results/sciphin/no_cnv/0001/post_processed/sciphin.ternary	/raid/kang/DelSIEVE/simulation_results/IndelSIEVE_benchmark_pipeline_sa_001/benchmark_results/sciphin/no_cnv/0001/post_processed/sciphin.genotype_probs	9315	8	40660	1737	0.8428338762214984	0.9991419071114448	0.914355828220859	0.0001967148618078	9315	8	41710	687	0.9313137372525496	0.9991419071114448	0.9640362225097024	0.0001917637470636	9263	60	41710	687	0.9309547738693468	0.993564303335836	0.9612411145125306	0.001436437634666	0	0	51672	48	0.0	NA	NA	0.0	48	8	0	48	0	0	28592	48	0.0	NA	0.0	NA	0	0	28640	0	NA	NA	0.0	NA	0	0	28636	4	0.0	NA	0.0	NA	0	0	28596	44	0.0	NA	0.0	NA	44	0	4	0	0	0	28640	0	NA	NA	0.0	NA
40	20	2	0.001999	0.3	1e-06	1e-07	0.0	0002	sciphin	candidate_snvs	NA	NA	no_cnv	/raid/kang/DelSIEVE/simulation_results/IndelSIEVE_benchmark_pipeline_sa_001/benchmark_results/simulated_data/results/cell_names	/raid/kang/DelSIEVE/simulation_results/IndelSIEVE_benchmark_pipeline_sa_001/benchmark_results/sciphin/no_cnv/0002/post_processed/sciphin.cell_names	/raid/kang/DelSIEVE/simulation_results/IndelSIEVE_benchmark_pipeline_sa_001/benchmark_results/simulated_data/results/data_type/no_cnv/0002/true_evo_events_sites_names	/raid/kang/DelSIEVE/simulation_results/IndelSIEVE_benchmark_pipeline_sa_001/benchmark_results/sciphin/no_cnv/0002/post_processed/sciphin.loci_info	/raid/kang/DelSIEVE/simulation_results/IndelSIEVE_benchmark_pipeline_sa_001/benchmark_results/simulated_data/results/data_type/no_cnv/0002/true_evo_events_genotypes_numeric	/raid/kang/DelSIEVE/simulation_results/IndelSIEVE_benchmark_pipeline_sa_001/benchmark_results/sciphin/no_cnv/0002/post_processed/sciphin.genotypes	/raid/kang/DelSIEVE/simulation_results/IndelSIEVE_benchmark_pipeline_sa_001/benchmark_results/simulated_data/results/data_type/no_cnv/0002/true_evo_events_ternary_matrix.simple	/raid/kang/DelSIEVE/simulation_results/IndelSIEVE_benchmark_pipeline_sa_001/benchmark_results/sciphin/no_cnv/0002/post_processed/sciphin.ternary	/raid/kang/DelSIEVE/simulation_results/IndelSIEVE_benchmark_pipeline_sa_001/benchmark_results/sciphin/no_cnv/0002/post_processed/sciphin.genotype_probs	9828	14	32888	1710	0.8517940717628705	0.9985775248933144	0.9193638914873714	0.0004255060482645	9826	16	34080	518	0.949922660479505	0.998374314163788	0.9735460219954424	0.000469263256687	9765	77	34082	516	0.9498103297344616	0.9921763869132292	0.970531232917557	0.0022541643490734	0	0	44386	54	0.0	NA	NA	0.0	54	14	1	53	0	0	27559	81	0.0	NA	0.0	NA	0	0	27640	0	NA	NA	0.0	NA	0	0	27631	9	0.0	NA	0.0	NA	0	0	27568	72	0.0	NA	0.0	NA	70	2	8	0	0	0	27640	0	NA	NA	0.0	NA
40	20	2	0.001999	0.3	1e-06	1e-07	0.0	0003	sciphin	candidate_snvs	NA	NA	no_cnv	/raid/kang/DelSIEVE/simulation_results/IndelSIEVE_benchmark_pipeline_sa_001/benchmark_results/simulated_data/results/cell_names	/raid/kang/DelSIEVE/simulation_results/IndelSIEVE_benchmark_pipeline_sa_001/benchmark_results/sciphin/no_cnv/0003/post_processed/sciphin.cell_names	/raid/kang/DelSIEVE/simulation_results/IndelSIEVE_benchmark_pipeline_sa_001/benchmark_results/simulated_data/results/data_type/no_cnv/0003/true_evo_events_sites_names	/raid/kang/DelSIEVE/simulation_results/IndelSIEVE_benchmark_pipeline_sa_001/benchmark_results/sciphin/no_cnv/0003/post_processed/sciphin.loci_info	/raid/kang/DelSIEVE/simulation_results/IndelSIEVE_benchmark_pipeline_sa_001/benchmark_results/simulated_data/results/data_type/no_cnv/0003/true_evo_events_genotypes_numeric	/raid/kang/DelSIEVE/simulation_results/IndelSIEVE_benchmark_pipeline_sa_001/benchmark_results/sciphin/no_cnv/0003/post_processed/sciphin.genotypes	/raid/kang/DelSIEVE/simulation_results/IndelSIEVE_benchmark_pipeline_sa_001/benchmark_results/simulated_data/results/data_type/no_cnv/0003/true_evo_events_ternary_matrix.simple	/raid/kang/DelSIEVE/simulation_results/IndelSIEVE_benchmark_pipeline_sa_001/benchmark_results/sciphin/no_cnv/0003/post_processed/sciphin.ternary	/raid/kang/DelSIEVE/simulation_results/IndelSIEVE_benchmark_pipeline_sa_001/benchmark_results/sciphin/no_cnv/0003/post_processed/sciphin.genotype_probs	4064	5	31718	1133	0.7819896093900327	0.998771196854264	0.8771854090222319	0.0001576143492103	4064	5	32191	660	0.8602878916172735	0.998771196854264	0.9243716592744228	0.0001552987948813	4056	13	32191	660	0.8600508905852418	0.9968051118210862	0.9233921457029026	0.0004036765619177	0	0	36912	8	0.0	NA	NA	0.0	8	5	0	8	0	0	14675	5	0.0	NA	0.0	NA	0	0	14680	0	NA	NA	0.0	NA	0	0	14680	0	NA	NA	0.0	NA	0	0	14675	5	0.0	NA	0.0	NA	5	0	0	0	0	0	14680	0	NA	NA	0.0	NA
40	20	2	0.001999	0.3	1e-06	1e-07	0.0	0004	sciphin	candidate_snvs	NA	NA	no_cnv	/raid/kang/DelSIEVE/simulation_results/IndelSIEVE_benchmark_pipeline_sa_001/benchmark_results/simulated_data/results/cell_names	/raid/kang/DelSIEVE/simulation_results/IndelSIEVE_benchmark_pipeline_sa_001/benchmark_results/sciphin/no_cnv/0004/post_processed/sciphin.cell_names	/raid/kang/DelSIEVE/simulation_results/IndelSIEVE_benchmark_pipeline_sa_001/benchmark_results/simulated_data/results/data_type/no_cnv/0004/true_evo_events_sites_names	/raid/kang/DelSIEVE/simulation_results/IndelSIEVE_benchmark_pipeline_sa_001/benchmark_results/sciphin/no_cnv/0004/post_processed/sciphin.loci_info	/raid/kang/DelSIEVE/simulation_results/IndelSIEVE_benchmark_pipeline_sa_001/benchmark_results/simulated_data/results/data_type/no_cnv/0004/true_evo_events_genotypes_numeric	/raid/kang/DelSIEVE/simulation_results/IndelSIEVE_benchmark_pipeline_sa_001/benchmark_results/sciphin/no_cnv/0004/post_processed/sciphin.genotypes	/raid/kang/DelSIEVE/simulation_results/IndelSIEVE_benchmark_pipeline_sa_001/benchmark_results/simulated_data/results/data_type/no_cnv/0004/true_evo_events_ternary_matrix.simple	/raid/kang/DelSIEVE/simulation_results/IndelSIEVE_benchmark_pipeline_sa_001/benchmark_results/sciphin/no_cnv/0004/post_processed/sciphin.ternary	/raid/kang/DelSIEVE/simulation_results/IndelSIEVE_benchmark_pipeline_sa_001/benchmark_results/sciphin/no_cnv/0004/post_processed/sciphin.genotype_probs	6987	4	37400	1409	0.8321819914244879	0.9994278357888714	0.9081692337687658	0.0001069404341781	6987	4	38138	670	0.9124983675068564	0.9994278357888714	0.95398689240852	0.0001048712705154	6968	23	38138	670	0.912280701754386	0.9967100557860106	0.9526283409665732	0.0006027095726002	0	0	45780	19	0.0	NA	NA	0.0	19	4	0	19	0	0	23545	15	0.0	NA	0.0	NA	0	0	23560	0	NA	NA	0.0	NA	0	0	23560	0	NA	NA	0.0	NA	0	0	23545	15	0.0	NA	0.0	NA	15	0	0	0	0	0	23560	0	NA	NA	0.0	NA
40	20	2	0.001999	0.3	1e-06	1e-07	0.0	0005	sciphin	candidate_snvs	NA	NA	no_cnv	/raid/kang/DelSIEVE/simulation_results/IndelSIEVE_benchmark_pipeline_sa_001/benchmark_results/simulated_data/results/cell_names	/raid/kang/DelSIEVE/simulation_results/IndelSIEVE_benchmark_pipeline_sa_001/benchmark_results/sciphin/no_cnv/0005/post_processed/sciphin.cell_names	/raid/kang/DelSIEVE/simulation_results/IndelSIEVE_benchmark_pipeline_sa_001/benchmark_results/simulated_data/results/data_type/no_cnv/0005/true_evo_events_sites_names	/raid/kang/DelSIEVE/simulation_results/IndelSIEVE_benchmark_pipeline_sa_001/benchmark_results/sciphin/no_cnv/0005/post_processed/sciphin.loci_info	/raid/kang/DelSIEVE/simulation_results/IndelSIEVE_benchmark_pipeline_sa_001/benchmark_results/simulated_data/results/data_type/no_cnv/0005/true_evo_events_genotypes_numeric	/raid/kang/DelSIEVE/simulation_results/IndelSIEVE_benchmark_pipeline_sa_001/benchmark_results/sciphin/no_cnv/0005/post_processed/sciphin.genotypes	/raid/kang/DelSIEVE/simulation_results/IndelSIEVE_benchmark_pipeline_sa_001/benchmark_results/simulated_data/results/data_type/no_cnv/0005/true_evo_events_ternary_matrix.simple	/raid/kang/DelSIEVE/simulation_results/IndelSIEVE_benchmark_pipeline_sa_001/benchmark_results/sciphin/no_cnv/0005/post_processed/sciphin.ternary	/raid/kang/DelSIEVE/simulation_results/IndelSIEVE_benchmark_pipeline_sa_001/benchmark_results/sciphin/no_cnv/0005/post_processed/sciphin.genotype_probs	7986	2	31565	1247	0.8649409725982887	0.9997496244366548	0.9274722722257708	6.335730351316248e-05	7983	5	32310	502	0.9408367707719504	0.9993740610916376	0.969222363868148	0.0001547269070091	7896	92	32310	502	0.940223862824482	0.9884827240861292	0.9637495422922006	0.0028393309054996	0	0	40719	81	0.0	NA	NA	0.0	81	2	0	81	0	0	24989	51	0.0	NA	0.0	NA	0	0	25040	0	NA	NA	0.0	NA	0	0	25034	6	0.0	NA	0.0	NA	0	0	24995	45	0.0	NA	0.0	NA	42	3	6	0	0	0	25040	0	NA	NA	0.0	NA
40	20	2	0.001999	0.3	1e-06	1e-07	0.0	0006	sciphin	candidate_snvs	NA	NA	no_cnv	/raid/kang/DelSIEVE/simulation_results/IndelSIEVE_benchmark_pipeline_sa_001/benchmark_results/simulated_data/results/cell_names	/raid/kang/DelSIEVE/simulation_results/IndelSIEVE_benchmark_pipeline_sa_001/benchmark_results/sciphin/no_cnv/0006/post_processed/sciphin.cell_names	/raid/kang/DelSIEVE/simulation_results/IndelSIEVE_benchmark_pipeline_sa_001/benchmark_results/simulated_data/results/data_type/no_cnv/0006/true_evo_events_sites_names	/raid/kang/DelSIEVE/simulation_results/IndelSIEVE_benchmark_pipeline_sa_001/benchmark_results/sciphin/no_cnv/0006/post_processed/sciphin.loci_info	/raid/kang/DelSIEVE/simulation_results/IndelSIEVE_benchmark_pipeline_sa_001/benchmark_results/simulated_data/results/data_type/no_cnv/0006/true_evo_events_genotypes_numeric	/raid/kang/DelSIEVE/simulation_results/IndelSIEVE_benchmark_pipeline_sa_001/benchmark_results/sciphin/no_cnv/0006/post_processed/sciphin.genotypes	/raid/kang/DelSIEVE/simulation_results/IndelSIEVE_benchmark_pipeline_sa_001/benchmark_results/simulated_data/results/data_type/no_cnv/0006/true_evo_events_ternary_matrix.simple	/raid/kang/DelSIEVE/simulation_results/IndelSIEVE_benchmark_pipeline_sa_001/benchmark_results/sciphin/no_cnv/0006/post_processed/sciphin.ternary	/raid/kang/DelSIEVE/simulation_results/IndelSIEVE_benchmark_pipeline_sa_001/benchmark_results/sciphin/no_cnv/0006/post_processed/sciphin.genotype_probs	6644	18	37257	1441	0.8217687074829932	0.9972981086760732	0.9010646233132164	0.0004828973843058	6644	18	38102	595	0.9178063268407238	0.9972981086760732	0.9559024530609308	0.0004721930745015	6587	75	38102	595	0.9171539961013644	0.9887421194836384	0.9516035827795434	0.0019645336197186	0	0	45308	51	0.0	NA	NA	0.0	51	18	0	51	0	0	26161	39	0.0	NA	0.0	NA	0	0	26200	0	NA	NA	0.0	NA	0	0	26194	6	0.0	NA	0.0	NA	0	0	26167	33	0.0	NA	0.0	NA	33	0	6	0	0	0	26200	0	NA	NA	0.0	NA
40	20	2	0.001999	0.3	1e-06	1e-07	0.0	0007	sciphin	candidate_snvs	NA	NA	no_cnv	/raid/kang/DelSIEVE/simulation_results/IndelSIEVE_benchmark_pipeline_sa_001/benchmark_results/simulated_data/results/cell_names	/raid/kang/DelSIEVE/simulation_results/IndelSIEVE_benchmark_pipeline_sa_001/benchmark_results/sciphin/no_cnv/0007/post_processed/sciphin.cell_names	/raid/kang/DelSIEVE/simulation_results/IndelSIEVE_benchmark_pipeline_sa_001/benchmark_results/simulated_data/results/data_type/no_cnv/0007/true_evo_events_sites_names	/raid/kang/DelSIEVE/simulation_results/IndelSIEVE_benchmark_pipeline_sa_001/benchmark_results/sciphin/no_cnv/0007/post_processed/sciphin.loci_info	/raid/kang/DelSIEVE/simulation_results/IndelSIEVE_benchmark_pipeline_sa_001/benchmark_results/simulated_data/results/data_type/no_cnv/0007/true_evo_events_genotypes_numeric	/raid/kang/DelSIEVE/simulation_results/IndelSIEVE_benchmark_pipeline_sa_001/benchmark_results/sciphin/no_cnv/0007/post_processed/sciphin.genotypes	/raid/kang/DelSIEVE/simulation_results/IndelSIEVE_benchmark_pipeline_sa_001/benchmark_results/simulated_data/results/data_type/no_cnv/0007/true_evo_events_ternary_matrix.simple	/raid/kang/DelSIEVE/simulation_results/IndelSIEVE_benchmark_pipeline_sa_001/benchmark_results/sciphin/no_cnv/0007/post_processed/sciphin.ternary	/raid/kang/DelSIEVE/simulation_results/IndelSIEVE_benchmark_pipeline_sa_001/benchmark_results/sciphin/no_cnv/0007/post_processed/sciphin.genotype_probs	5379	10	28371	1080	0.8327914537854157	0.9981443681573576	0.9080013504388929	0.0003523484020999	5379	10	28954	497	0.9154186521443158	0.9981443681573576	0.954993342210386	0.0003452561800856	5343	46	28954	497	0.9148972602739726	0.9914640935238448	0.9516430670585092	0.0015862068965517	0	0	34812	28	0.0	NA	NA	0.0	28	10	0	28	0	0	17341	19	0.0	NA	0.0	NA	0	0	17360	0	NA	NA	0.0	NA	0	0	17352	8	0.0	NA	0.0	NA	0	0	17349	11	0.0	NA	0.0	NA	11	0	8	0	0	0	17360	0	NA	NA	0.0	NA
40	20	2	0.001999	0.3	1e-06	1e-07	0.0	0008	sciphin	candidate_snvs	NA	NA	no_cnv	/raid/kang/DelSIEVE/simulation_results/IndelSIEVE_benchmark_pipeline_sa_001/benchmark_results/simulated_data/results/cell_names	/raid/kang/DelSIEVE/simulation_results/IndelSIEVE_benchmark_pipeline_sa_001/benchmark_results/sciphin/no_cnv/0008/post_processed/sciphin.cell_names	/raid/kang/DelSIEVE/simulation_results/IndelSIEVE_benchmark_pipeline_sa_001/benchmark_results/simulated_data/results/data_type/no_cnv/0008/true_evo_events_sites_names	/raid/kang/DelSIEVE/simulation_results/IndelSIEVE_benchmark_pipeline_sa_001/benchmark_results/sciphin/no_cnv/0008/post_processed/sciphin.loci_info	/raid/kang/DelSIEVE/simulation_results/IndelSIEVE_benchmark_pipeline_sa_001/benchmark_results/simulated_data/results/data_type/no_cnv/0008/true_evo_events_genotypes_numeric	/raid/kang/DelSIEVE/simulation_results/IndelSIEVE_benchmark_pipeline_sa_001/benchmark_results/sciphin/no_cnv/0008/post_processed/sciphin.genotypes	/raid/kang/DelSIEVE/simulation_results/IndelSIEVE_benchmark_pipeline_sa_001/benchmark_results/simulated_data/results/data_type/no_cnv/0008/true_evo_events_ternary_matrix.simple	/raid/kang/DelSIEVE/simulation_results/IndelSIEVE_benchmark_pipeline_sa_001/benchmark_results/sciphin/no_cnv/0008/post_processed/sciphin.ternary	/raid/kang/DelSIEVE/simulation_results/IndelSIEVE_benchmark_pipeline_sa_001/benchmark_results/sciphin/no_cnv/0008/post_processed/sciphin.genotype_probs	6483	2	37411	1264	0.8368400671227572	0.999691595990748	0.911045531197302	5.345735439553097e-05	6483	2	38085	590	0.916584193411565	0.999691595990748	0.9563357427349166	5.251135558064432e-05	6431	54	38085	590	0.9159663865546218	0.9916730917501928	0.9523174885236192	0.0014158735152993	0	0	45127	33	0.0	NA	NA	0.0	33	2	0	33	0	0	26666	54	0.0	NA	0.0	NA	0	0	26720	0	NA	NA	0.0	NA	0	0	26701	19	0.0	NA	0.0	NA	0	0	26685	35	0.0	NA	0.0	NA	35	0	19	0	0	0	26720	0	NA	NA	0.0	NA
40	20	2	0.001999	0.3	1e-06	1e-07	0.0	0009	sciphin	candidate_snvs	NA	NA	no_cnv	/raid/kang/DelSIEVE/simulation_results/IndelSIEVE_benchmark_pipeline_sa_001/benchmark_results/simulated_data/results/cell_names	/raid/kang/DelSIEVE/simulation_results/IndelSIEVE_benchmark_pipeline_sa_001/benchmark_results/sciphin/no_cnv/0009/post_processed/sciphin.cell_names	/raid/kang/DelSIEVE/simulation_results/IndelSIEVE_benchmark_pipeline_sa_001/benchmark_results/simulated_data/results/data_type/no_cnv/0009/true_evo_events_sites_names	/raid/kang/DelSIEVE/simulation_results/IndelSIEVE_benchmark_pipeline_sa_001/benchmark_results/sciphin/no_cnv/0009/post_processed/sciphin.loci_info	/raid/kang/DelSIEVE/simulation_results/IndelSIEVE_benchmark_pipeline_sa_001/benchmark_results/simulated_data/results/data_type/no_cnv/0009/true_evo_events_genotypes_numeric	/raid/kang/DelSIEVE/simulation_results/IndelSIEVE_benchmark_pipeline_sa_001/benchmark_results/sciphin/no_cnv/0009/post_processed/sciphin.genotypes	/raid/kang/DelSIEVE/simulation_results/IndelSIEVE_benchmark_pipeline_sa_001/benchmark_results/simulated_data/results/data_type/no_cnv/0009/true_evo_events_ternary_matrix.simple	/raid/kang/DelSIEVE/simulation_results/IndelSIEVE_benchmark_pipeline_sa_001/benchmark_results/sciphin/no_cnv/0009/post_processed/sciphin.ternary	/raid/kang/DelSIEVE/simulation_results/IndelSIEVE_benchmark_pipeline_sa_001/benchmark_results/sciphin/no_cnv/0009/post_processed/sciphin.genotype_probs	8018	2	33097	1363	0.8547063212877092	0.9997506234413964	0.9215562324004368	6.042478624731865e-05	8018	2	33924	535	0.9374488483573016	0.9997506234413964	0.9675979001991192	5.895183634970229e-05	7993	27	33927	532	0.9375953079178886	0.9966334164588528	0.9662133575098218	0.0007951934970842	0	0	42454	25	0.0	NA	NA	0.0	25	2	0	25	0	0	26462	18	0.0	NA	0.0	NA	0	0	26480	0	NA	NA	0.0	NA	0	0	26477	3	0.0	NA	0.0	NA	0	0	26465	15	0.0	NA	0.0	NA	15	0	0	0	0	0	26480	0	NA	NA	0.0	NA
40	20	2	0.001999	0.3	1e-06	1e-07	0.0	0010	sciphin	candidate_snvs	NA	NA	no_cnv	/raid/kang/DelSIEVE/simulation_results/IndelSIEVE_benchmark_pipeline_sa_001/benchmark_results/simulated_data/results/cell_names	/raid/kang/DelSIEVE/simulation_results/IndelSIEVE_benchmark_pipeline_sa_001/benchmark_results/sciphin/no_cnv/0010/post_processed/sciphin.cell_names	/raid/kang/DelSIEVE/simulation_results/IndelSIEVE_benchmark_pipeline_sa_001/benchmark_results/simulated_data/results/data_type/no_cnv/0010/true_evo_events_sites_names	/raid/kang/DelSIEVE/simulation_results/IndelSIEVE_benchmark_pipeline_sa_001/benchmark_results/sciphin/no_cnv/0010/post_processed/sciphin.loci_info	/raid/kang/DelSIEVE/simulation_results/IndelSIEVE_benchmark_pipeline_sa_001/benchmark_results/simulated_data/results/data_type/no_cnv/0010/true_evo_events_genotypes_numeric	/raid/kang/DelSIEVE/simulation_results/IndelSIEVE_benchmark_pipeline_sa_001/benchmark_results/sciphin/no_cnv/0010/post_processed/sciphin.genotypes	/raid/kang/DelSIEVE/simulation_results/IndelSIEVE_benchmark_pipeline_sa_001/benchmark_results/simulated_data/results/data_type/no_cnv/0010/true_evo_events_ternary_matrix.simple	/raid/kang/DelSIEVE/simulation_results/IndelSIEVE_benchmark_pipeline_sa_001/benchmark_results/sciphin/no_cnv/0010/post_processed/sciphin.ternary	/raid/kang/DelSIEVE/simulation_results/IndelSIEVE_benchmark_pipeline_sa_001/benchmark_results/sciphin/no_cnv/0010/post_processed/sciphin.genotype_probs	10496	15	40428	1821	0.8521555573597467	0.9985729236038436	0.919572454879972	0.000370892367035	10495	16	41459	790	0.9299955693398316	0.9984777851774332	0.963020737750046	0.0003857745629897	10434	77	41460	789	0.929697941726811	0.9926743411663972	0.9601545964847704	0.0018537689289067	0	0	52702	58	0.0	NA	NA	0.0	58	15	1	57	0	0	28980	20	0.0	NA	0.0	NA	0	0	29000	0	NA	NA	0.0	NA	0	0	28996	4	0.0	NA	0.0	NA	0	0	28984	16	0.0	NA	0.0	NA	15	1	4	0	0	0	29000	0	NA	NA	0.0	NA
40	20	2	0.001999	0.3	1e-06	1e-07	0.0	0001	sieve	candidate_snvs	smc_mu_sa_stage_1	mt	no_cnv	/raid/kang/DelSIEVE/simulation_results/IndelSIEVE_benchmark_pipeline_sa_001/benchmark_results/simulated_data/results/cell_names	/raid/kang/DelSIEVE/simulation_results/IndelSIEVE_benchmark_pipeline_sa_001/benchmark_results/indelsieve/from_candidate/variant_calling/mt/no_cnv/smc_mu_sa_stage_1/0001/indelsieve_median.cell_names	/raid/kang/DelSIEVE/simulation_results/IndelSIEVE_benchmark_pipeline_sa_001/benchmark_results/simulated_data/results/data_type/no_cnv/0001/true_evo_events_sites_names	/raid/kang/DelSIEVE/simulation_results/IndelSIEVE_benchmark_pipeline_sa_001/benchmark_results/indelsieve/from_candidate/variant_calling/mt/no_cnv/smc_mu_sa_stage_1/0001/indelsieve_median.loci_info	/raid/kang/DelSIEVE/simulation_results/IndelSIEVE_benchmark_pipeline_sa_001/benchmark_results/simulated_data/results/data_type/no_cnv/0001/true_evo_events_genotypes_numeric	/raid/kang/DelSIEVE/simulation_results/IndelSIEVE_benchmark_pipeline_sa_001/benchmark_results/indelsieve/from_candidate/variant_calling/mt/no_cnv/smc_mu_sa_stage_1/0001/indelsieve_median.genotypes	/raid/kang/DelSIEVE/simulation_results/IndelSIEVE_benchmark_pipeline_sa_001/benchmark_results/simulated_data/results/data_type/no_cnv/0001/true_evo_events_ternary_matrix.simple	/raid/kang/DelSIEVE/simulation_results/IndelSIEVE_benchmark_pipeline_sa_001/benchmark_results/indelsieve/from_candidate/variant_calling/mt/no_cnv/smc_mu_sa_stage_1/0001/indelsieve_median.ternary	/raid/kang/DelSIEVE/simulation_results/IndelSIEVE_benchmark_pipeline_sa_001/benchmark_results/indelsieve/from_candidate/variant_calling/mt/no_cnv/smc_mu_sa_stage_1/0001/indelsieve_median.probs	9433	56	40612	1619	0.8535106768005791	0.9940984297607756	0.9184557713840612	0.0013770040326546	9432	57	41661	570	0.943011397720456	0.9939930445779324	0.9678313067569648	0.0013663166978282	9369	67	41703	581	0.941608040201005	0.9928995337007206	0.9665738161559888	0.001604022025377	42	11	51661	6	0.875	0.7924528301886793	0.8316831683168316	0.0002128812509676	48	56	0	6	0	0	28312	48	0.0	NA	0.0	NA	0	0	28360	0	NA	NA	0.0	NA	0	0	28356	4	0.0	NA	0.0	NA	0	0	28316	44	0.0	NA	0.0	NA	43	1	4	0	0	0	28360	0	NA	NA	0.0	NA
40	20	2	0.001999	0.3	1e-06	1e-07	0.0	0002	sieve	candidate_snvs	smc_mu_sa_stage_1	mt	no_cnv	/raid/kang/DelSIEVE/simulation_results/IndelSIEVE_benchmark_pipeline_sa_001/benchmark_results/simulated_data/results/cell_names	/raid/kang/DelSIEVE/simulation_results/IndelSIEVE_benchmark_pipeline_sa_001/benchmark_results/indelsieve/from_candidate/variant_calling/mt/no_cnv/smc_mu_sa_stage_1/0002/indelsieve_median.cell_names	/raid/kang/DelSIEVE/simulation_results/IndelSIEVE_benchmark_pipeline_sa_001/benchmark_results/simulated_data/results/data_type/no_cnv/0002/true_evo_events_sites_names	/raid/kang/DelSIEVE/simulation_results/IndelSIEVE_benchmark_pipeline_sa_001/benchmark_results/indelsieve/from_candidate/variant_calling/mt/no_cnv/smc_mu_sa_stage_1/0002/indelsieve_median.loci_info	/raid/kang/DelSIEVE/simulation_results/IndelSIEVE_benchmark_pipeline_sa_001/benchmark_results/simulated_data/results/data_type/no_cnv/0002/true_evo_events_genotypes_numeric	/raid/kang/DelSIEVE/simulation_results/IndelSIEVE_benchmark_pipeline_sa_001/benchmark_results/indelsieve/from_candidate/variant_calling/mt/no_cnv/smc_mu_sa_stage_1/0002/indelsieve_median.genotypes	/raid/kang/DelSIEVE/simulation_results/IndelSIEVE_benchmark_pipeline_sa_001/benchmark_results/simulated_data/results/data_type/no_cnv/0002/true_evo_events_ternary_matrix.simple	/raid/kang/DelSIEVE/simulation_results/IndelSIEVE_benchmark_pipeline_sa_001/benchmark_results/indelsieve/from_candidate/variant_calling/mt/no_cnv/smc_mu_sa_stage_1/0002/indelsieve_median.ternary	/raid/kang/DelSIEVE/simulation_results/IndelSIEVE_benchmark_pipeline_sa_001/benchmark_results/indelsieve/from_candidate/variant_calling/mt/no_cnv/smc_mu_sa_stage_1/0002/indelsieve_median.probs	9953	30	32872	1585	0.8626278384468712	0.996994891315236	0.9249570187258956	0.0009117986748525	9951	32	34064	393	0.9620069605568444	0.9967945507362516	0.979091848280612	0.000938526513374	9888	45	34114	393	0.9617741464838052	0.9954696466324372	0.9783318492134164	0.0013173687754325	49	1	44385	5	0.9074074074074074	0.98	0.9423076923076924	2.2529626458793312e-05	54	30	1	4	0	0	27439	81	0.0	NA	0.0	NA	0	0	27520	0	NA	NA	0.0	NA	0	0	27511	9	0.0	NA	0.0	NA	0	0	27448	72	0.0	NA	0.0	NA	70	2	9	0	0	0	27520	0	NA	NA	0.0	NA
40	20	2	0.001999	0.3	1e-06	1e-07	0.0	0003	sieve	candidate_snvs	smc_mu_sa_stage_1	mt	no_cnv	/raid/kang/DelSIEVE/simulation_results/IndelSIEVE_benchmark_pipeline_sa_001/benchmark_results/simulated_data/results/cell_names	/raid/kang/DelSIEVE/simulation_results/IndelSIEVE_benchmark_pipeline_sa_001/benchmark_results/indelsieve/from_candidate/variant_calling/mt/no_cnv/smc_mu_sa_stage_1/0003/indelsieve_median.cell_names	/raid/kang/DelSIEVE/simulation_results/IndelSIEVE_benchmark_pipeline_sa_001/benchmark_results/simulated_data/results/data_type/no_cnv/0003/true_evo_events_sites_names	/raid/kang/DelSIEVE/simulation_results/IndelSIEVE_benchmark_pipeline_sa_001/benchmark_results/indelsieve/from_candidate/variant_calling/mt/no_cnv/smc_mu_sa_stage_1/0003/indelsieve_median.loci_info	/raid/kang/DelSIEVE/simulation_results/IndelSIEVE_benchmark_pipeline_sa_001/benchmark_results/simulated_data/results/data_type/no_cnv/0003/true_evo_events_genotypes_numeric	/raid/kang/DelSIEVE/simulation_results/IndelSIEVE_benchmark_pipeline_sa_001/benchmark_results/indelsieve/from_candidate/variant_calling/mt/no_cnv/smc_mu_sa_stage_1/0003/indelsieve_median.genotypes	/raid/kang/DelSIEVE/simulation_results/IndelSIEVE_benchmark_pipeline_sa_001/benchmark_results/simulated_data/results/data_type/no_cnv/0003/true_evo_events_ternary_matrix.simple	/raid/kang/DelSIEVE/simulation_results/IndelSIEVE_benchmark_pipeline_sa_001/benchmark_results/indelsieve/from_candidate/variant_calling/mt/no_cnv/smc_mu_sa_stage_1/0003/indelsieve_median.ternary	/raid/kang/DelSIEVE/simulation_results/IndelSIEVE_benchmark_pipeline_sa_001/benchmark_results/indelsieve/from_candidate/variant_calling/mt/no_cnv/smc_mu_sa_stage_1/0003/indelsieve_median.probs	4144	32	31691	1053	0.797383105637868	0.992337164750958	0.8842419716206124	0.0010087318349462	4142	34	32162	582	0.8767993226079593	0.9918582375478928	0.9307865168539324	0.0010560318051931	4130	35	32169	586	0.8757421543681085	0.9915966386554622	0.9300754419547348	0.0010868215128555	7	4	36908	1	0.875	0.6363636363636364	0.7368421052631579	0.0001083658430862	8	32	0	1	0	0	14675	5	0.0	NA	0.0	NA	0	0	14680	0	NA	NA	0.0	NA	0	0	14680	0	NA	NA	0.0	NA	0	0	14675	5	0.0	NA	0.0	NA	3	2	0	0	0	0	14680	0	NA	NA	0.0	NA
40	20	2	0.001999	0.3	1e-06	1e-07	0.0	0004	sieve	candidate_snvs	smc_mu_sa_stage_1	mt	no_cnv	/raid/kang/DelSIEVE/simulation_results/IndelSIEVE_benchmark_pipeline_sa_001/benchmark_results/simulated_data/results/cell_names	/raid/kang/DelSIEVE/simulation_results/IndelSIEVE_benchmark_pipeline_sa_001/benchmark_results/indelsieve/from_candidate/variant_calling/mt/no_cnv/smc_mu_sa_stage_1/0004/indelsieve_median.cell_names	/raid/kang/DelSIEVE/simulation_results/IndelSIEVE_benchmark_pipeline_sa_001/benchmark_results/simulated_data/results/data_type/no_cnv/0004/true_evo_events_sites_names	/raid/kang/DelSIEVE/simulation_results/IndelSIEVE_benchmark_pipeline_sa_001/benchmark_results/indelsieve/from_candidate/variant_calling/mt/no_cnv/smc_mu_sa_stage_1/0004/indelsieve_median.loci_info	/raid/kang/DelSIEVE/simulation_results/IndelSIEVE_benchmark_pipeline_sa_001/benchmark_results/simulated_data/results/data_type/no_cnv/0004/true_evo_events_genotypes_numeric	/raid/kang/DelSIEVE/simulation_results/IndelSIEVE_benchmark_pipeline_sa_001/benchmark_results/indelsieve/from_candidate/variant_calling/mt/no_cnv/smc_mu_sa_stage_1/0004/indelsieve_median.genotypes	/raid/kang/DelSIEVE/simulation_results/IndelSIEVE_benchmark_pipeline_sa_001/benchmark_results/simulated_data/results/data_type/no_cnv/0004/true_evo_events_ternary_matrix.simple	/raid/kang/DelSIEVE/simulation_results/IndelSIEVE_benchmark_pipeline_sa_001/benchmark_results/indelsieve/from_candidate/variant_calling/mt/no_cnv/smc_mu_sa_stage_1/0004/indelsieve_median.ternary	/raid/kang/DelSIEVE/simulation_results/IndelSIEVE_benchmark_pipeline_sa_001/benchmark_results/indelsieve/from_candidate/variant_calling/mt/no_cnv/smc_mu_sa_stage_1/0004/indelsieve_median.probs	7109	49	37355	1287	0.8467127203430205	0.9931545124336408	0.914105696283914	0.0013100203186824	7109	49	38093	548	0.9284315005876976	0.9931545124336408	0.9597030037124537	0.0012846730638141	7084	50	38111	554	0.9274679235401938	0.992991309223437	0.959111833197942	0.0013102382013049	18	6	45774	1	0.9473684210526316	0.75	0.8372093023255814	0.0001310615989515	19	49	0	1	0	0	23465	15	0.0	NA	0.0	NA	0	0	23480	0	NA	NA	0.0	NA	0	0	23480	0	NA	NA	0.0	NA	0	0	23465	15	0.0	NA	0.0	NA	15	0	0	0	0	0	23480	0	NA	NA	0.0	NA
40	20	2	0.001999	0.3	1e-06	1e-07	0.0	0005	sieve	candidate_snvs	smc_mu_sa_stage_1	mt	no_cnv	/raid/kang/DelSIEVE/simulation_results/IndelSIEVE_benchmark_pipeline_sa_001/benchmark_results/simulated_data/results/cell_names	/raid/kang/DelSIEVE/simulation_results/IndelSIEVE_benchmark_pipeline_sa_001/benchmark_results/indelsieve/from_candidate/variant_calling/mt/no_cnv/smc_mu_sa_stage_1/0005/indelsieve_median.cell_names	/raid/kang/DelSIEVE/simulation_results/IndelSIEVE_benchmark_pipeline_sa_001/benchmark_results/simulated_data/results/data_type/no_cnv/0005/true_evo_events_sites_names	/raid/kang/DelSIEVE/simulation_results/IndelSIEVE_benchmark_pipeline_sa_001/benchmark_results/indelsieve/from_candidate/variant_calling/mt/no_cnv/smc_mu_sa_stage_1/0005/indelsieve_median.loci_info	/raid/kang/DelSIEVE/simulation_results/IndelSIEVE_benchmark_pipeline_sa_001/benchmark_results/simulated_data/results/data_type/no_cnv/0005/true_evo_events_genotypes_numeric	/raid/kang/DelSIEVE/simulation_results/IndelSIEVE_benchmark_pipeline_sa_001/benchmark_results/indelsieve/from_candidate/variant_calling/mt/no_cnv/smc_mu_sa_stage_1/0005/indelsieve_median.genotypes	/raid/kang/DelSIEVE/simulation_results/IndelSIEVE_benchmark_pipeline_sa_001/benchmark_results/simulated_data/results/data_type/no_cnv/0005/true_evo_events_ternary_matrix.simple	/raid/kang/DelSIEVE/simulation_results/IndelSIEVE_benchmark_pipeline_sa_001/benchmark_results/indelsieve/from_candidate/variant_calling/mt/no_cnv/smc_mu_sa_stage_1/0005/indelsieve_median.ternary	/raid/kang/DelSIEVE/simulation_results/IndelSIEVE_benchmark_pipeline_sa_001/benchmark_results/indelsieve/from_candidate/variant_calling/mt/no_cnv/smc_mu_sa_stage_1/0005/indelsieve_median.probs	8071	30	31537	1162	0.8741470811220622	0.9962967534872238	0.9312334140994576	0.0009503595526974	8068	33	32282	417	0.950854449027696	0.9959264288359462	0.972868684432654	0.0010211975862602	7980	52	32350	418	0.9502262443438914	0.9935258964143426	0.9713937918441876	0.0016048392074563	68	1	40718	13	0.8395061728395061	0.9855072463768116	0.9066666666666666	2.455855988604828e-05	81	30	0	13	0	0	24789	51	0.0	NA	0.0	NA	0	0	24840	0	NA	NA	0.0	NA	0	0	24834	6	0.0	NA	0.0	NA	0	0	24795	45	0.0	NA	0.0	NA	42	3	6	0	0	0	24840	0	NA	NA	0.0	NA
40	20	2	0.001999	0.3	1e-06	1e-07	0.0	0006	sieve	candidate_snvs	smc_mu_sa_stage_1	mt	no_cnv	/raid/kang/DelSIEVE/simulation_results/IndelSIEVE_benchmark_pipeline_sa_001/benchmark_results/simulated_data/results/cell_names	/raid/kang/DelSIEVE/simulation_results/IndelSIEVE_benchmark_pipeline_sa_001/benchmark_results/indelsieve/from_candidate/variant_calling/mt/no_cnv/smc_mu_sa_stage_1/0006/indelsieve_median.cell_names	/raid/kang/DelSIEVE/simulation_results/IndelSIEVE_benchmark_pipeline_sa_001/benchmark_results/simulated_data/results/data_type/no_cnv/0006/true_evo_events_sites_names	/raid/kang/DelSIEVE/simulation_results/IndelSIEVE_benchmark_pipeline_sa_001/benchmark_results/indelsieve/from_candidate/variant_calling/mt/no_cnv/smc_mu_sa_stage_1/0006/indelsieve_median.loci_info	/raid/kang/DelSIEVE/simulation_results/IndelSIEVE_benchmark_pipeline_sa_001/benchmark_results/simulated_data/results/data_type/no_cnv/0006/true_evo_events_genotypes_numeric	/raid/kang/DelSIEVE/simulation_results/IndelSIEVE_benchmark_pipeline_sa_001/benchmark_results/indelsieve/from_candidate/variant_calling/mt/no_cnv/smc_mu_sa_stage_1/0006/indelsieve_median.genotypes	/raid/kang/DelSIEVE/simulation_results/IndelSIEVE_benchmark_pipeline_sa_001/benchmark_results/simulated_data/results/data_type/no_cnv/0006/true_evo_events_ternary_matrix.simple	/raid/kang/DelSIEVE/simulation_results/IndelSIEVE_benchmark_pipeline_sa_001/benchmark_results/indelsieve/from_candidate/variant_calling/mt/no_cnv/smc_mu_sa_stage_1/0006/indelsieve_median.ternary	/raid/kang/DelSIEVE/simulation_results/IndelSIEVE_benchmark_pipeline_sa_001/benchmark_results/indelsieve/from_candidate/variant_calling/mt/no_cnv/smc_mu_sa_stage_1/0006/indelsieve_median.probs	6780	20	37255	1305	0.8385899814471243	0.9970588235294118	0.910984212294256	0.0005365526492287	6780	20	38100	459	0.9365934521342728	0.9970588235294118	0.9658807607379444	0.0005246589716684	6723	31	38146	459	0.9360902255639098	0.9954101273319514	0.9648392652123996	0.0008120072294837	46	0	45308	5	0.9019607843137256	1.0	0.9484536082474228	0.0	51	20	0	5	0	0	26081	39	0.0	NA	0.0	NA	0	0	26120	0	NA	NA	0.0	NA	0	0	26114	6	0.0	NA	0.0	NA	0	0	26087	33	0.0	NA	0.0	NA	33	0	6	0	0	0	26120	0	NA	NA	0.0	NA
40	20	2	0.001999	0.3	1e-06	1e-07	0.0	0007	sieve	candidate_snvs	smc_mu_sa_stage_1	mt	no_cnv	/raid/kang/DelSIEVE/simulation_results/IndelSIEVE_benchmark_pipeline_sa_001/benchmark_results/simulated_data/results/cell_names	/raid/kang/DelSIEVE/simulation_results/IndelSIEVE_benchmark_pipeline_sa_001/benchmark_results/indelsieve/from_candidate/variant_calling/mt/no_cnv/smc_mu_sa_stage_1/0007/indelsieve_median.cell_names	/raid/kang/DelSIEVE/simulation_results/IndelSIEVE_benchmark_pipeline_sa_001/benchmark_results/simulated_data/results/data_type/no_cnv/0007/true_evo_events_sites_names	/raid/kang/DelSIEVE/simulation_results/IndelSIEVE_benchmark_pipeline_sa_001/benchmark_results/indelsieve/from_candidate/variant_calling/mt/no_cnv/smc_mu_sa_stage_1/0007/indelsieve_median.loci_info	/raid/kang/DelSIEVE/simulation_results/IndelSIEVE_benchmark_pipeline_sa_001/benchmark_results/simulated_data/results/data_type/no_cnv/0007/true_evo_events_genotypes_numeric	/raid/kang/DelSIEVE/simulation_results/IndelSIEVE_benchmark_pipeline_sa_001/benchmark_results/indelsieve/from_candidate/variant_calling/mt/no_cnv/smc_mu_sa_stage_1/0007/indelsieve_median.genotypes	/raid/kang/DelSIEVE/simulation_results/IndelSIEVE_benchmark_pipeline_sa_001/benchmark_results/simulated_data/results/data_type/no_cnv/0007/true_evo_events_ternary_matrix.simple	/raid/kang/DelSIEVE/simulation_results/IndelSIEVE_benchmark_pipeline_sa_001/benchmark_results/indelsieve/from_candidate/variant_calling/mt/no_cnv/smc_mu_sa_stage_1/0007/indelsieve_median.ternary	/raid/kang/DelSIEVE/simulation_results/IndelSIEVE_benchmark_pipeline_sa_001/benchmark_results/indelsieve/from_candidate/variant_calling/mt/no_cnv/smc_mu_sa_stage_1/0007/indelsieve_median.probs	5451	17	28364	1008	0.8439386901997213	0.9968910021945868	0.914060534920768	0.0005989922835699	5451	17	28947	425	0.9276718856364874	0.9968910021945868	0.961036671368124	0.0005869355061455	5408	23	28977	432	0.926027397260274	0.9957650524765236	0.9596309111880048	0.0007931034482758	23	14	34798	5	0.8214285714285714	0.6216216216216216	0.7076923076923075	0.0004021601746524	28	17	0	5	0	0	17261	19	0.0	NA	0.0	NA	0	0	17280	0	NA	NA	0.0	NA	0	0	17272	8	0.0	NA	0.0	NA	0	0	17269	11	0.0	NA	0.0	NA	11	0	1	7	0	0	17280	0	NA	NA	0.0	NA
40	20	2	0.001999	0.3	1e-06	1e-07	0.0	0008	sieve	candidate_snvs	smc_mu_sa_stage_1	mt	no_cnv	/raid/kang/DelSIEVE/simulation_results/IndelSIEVE_benchmark_pipeline_sa_001/benchmark_results/simulated_data/results/cell_names	/raid/kang/DelSIEVE/simulation_results/IndelSIEVE_benchmark_pipeline_sa_001/benchmark_results/indelsieve/from_candidate/variant_calling/mt/no_cnv/smc_mu_sa_stage_1/0008/indelsieve_median.cell_names	/raid/kang/DelSIEVE/simulation_results/IndelSIEVE_benchmark_pipeline_sa_001/benchmark_results/simulated_data/results/data_type/no_cnv/0008/true_evo_events_sites_names	/raid/kang/DelSIEVE/simulation_results/IndelSIEVE_benchmark_pipeline_sa_001/benchmark_results/indelsieve/from_candidate/variant_calling/mt/no_cnv/smc_mu_sa_stage_1/0008/indelsieve_median.loci_info	/raid/kang/DelSIEVE/simulation_results/IndelSIEVE_benchmark_pipeline_sa_001/benchmark_results/simulated_data/results/data_type/no_cnv/0008/true_evo_events_genotypes_numeric	/raid/kang/DelSIEVE/simulation_results/IndelSIEVE_benchmark_pipeline_sa_001/benchmark_results/indelsieve/from_candidate/variant_calling/mt/no_cnv/smc_mu_sa_stage_1/0008/indelsieve_median.genotypes	/raid/kang/DelSIEVE/simulation_results/IndelSIEVE_benchmark_pipeline_sa_001/benchmark_results/simulated_data/results/data_type/no_cnv/0008/true_evo_events_ternary_matrix.simple	/raid/kang/DelSIEVE/simulation_results/IndelSIEVE_benchmark_pipeline_sa_001/benchmark_results/indelsieve/from_candidate/variant_calling/mt/no_cnv/smc_mu_sa_stage_1/0008/indelsieve_median.ternary	/raid/kang/DelSIEVE/simulation_results/IndelSIEVE_benchmark_pipeline_sa_001/benchmark_results/indelsieve/from_candidate/variant_calling/mt/no_cnv/smc_mu_sa_stage_1/0008/indelsieve_median.probs	6607	23	37390	1140	0.8528462630695753	0.9965309200603318	0.9191069068651316	0.0006147595755486	6606	24	38063	467	0.9339742683444084	0.9963800904977376	0.9641684302707436	0.0006301362669677	6552	33	38106	469	0.9332003988035892	0.99498861047836	0.9631045127149788	0.0008652560371273	26	19	45108	7	0.7878787878787878	0.5777777777777777	0.6666666666666666	0.0004210339707935	33	23	0	7	0	0	26506	54	0.0	NA	0.0	NA	0	0	26560	0	NA	NA	0.0	NA	0	0	26541	19	0.0	NA	0.0	NA	0	0	26525	35	0.0	NA	0.0	NA	34	1	2	17	0	0	26560	0	NA	NA	0.0	NA
40	20	2	0.001999	0.3	1e-06	1e-07	0.0	0009	sieve	candidate_snvs	smc_mu_sa_stage_1	mt	no_cnv	/raid/kang/DelSIEVE/simulation_results/IndelSIEVE_benchmark_pipeline_sa_001/benchmark_results/simulated_data/results/cell_names	/raid/kang/DelSIEVE/simulation_results/IndelSIEVE_benchmark_pipeline_sa_001/benchmark_results/indelsieve/from_candidate/variant_calling/mt/no_cnv/smc_mu_sa_stage_1/0009/indelsieve_median.cell_names	/raid/kang/DelSIEVE/simulation_results/IndelSIEVE_benchmark_pipeline_sa_001/benchmark_results/simulated_data/results/data_type/no_cnv/0009/true_evo_events_sites_names	/raid/kang/DelSIEVE/simulation_results/IndelSIEVE_benchmark_pipeline_sa_001/benchmark_results/indelsieve/from_candidate/variant_calling/mt/no_cnv/smc_mu_sa_stage_1/0009/indelsieve_median.loci_info	/raid/kang/DelSIEVE/simulation_results/IndelSIEVE_benchmark_pipeline_sa_001/benchmark_results/simulated_data/results/data_type/no_cnv/0009/true_evo_events_genotypes_numeric	/raid/kang/DelSIEVE/simulation_results/IndelSIEVE_benchmark_pipeline_sa_001/benchmark_results/indelsieve/from_candidate/variant_calling/mt/no_cnv/smc_mu_sa_stage_1/0009/indelsieve_median.genotypes	/raid/kang/DelSIEVE/simulation_results/IndelSIEVE_benchmark_pipeline_sa_001/benchmark_results/simulated_data/results/data_type/no_cnv/0009/true_evo_events_ternary_matrix.simple	/raid/kang/DelSIEVE/simulation_results/IndelSIEVE_benchmark_pipeline_sa_001/benchmark_results/indelsieve/from_candidate/variant_calling/mt/no_cnv/smc_mu_sa_stage_1/0009/indelsieve_median.ternary	/raid/kang/DelSIEVE/simulation_results/IndelSIEVE_benchmark_pipeline_sa_001/benchmark_results/indelsieve/from_candidate/variant_calling/mt/no_cnv/smc_mu_sa_stage_1/0009/indelsieve_median.probs	8104	28	33071	1277	0.8638737874427034	0.9965568125922284	0.925483926226232	0.0008459470074624	8104	28	33898	449	0.9475037998363148	0.9965568125922284	0.9714114474078516	0.0008253257088958	8070	36	33918	455	0.9466275659824048	0.995558845299778	0.9704768203956468	0.0010602579961123	20	6	42448	5	0.8	0.7692307692307693	0.7843137254901961	0.0001413294389221	25	28	0	5	0	0	26342	18	0.0	NA	0.0	NA	0	0	26360	0	NA	NA	0.0	NA	0	0	26357	3	0.0	NA	0.0	NA	0	0	26345	15	0.0	NA	0.0	NA	15	0	3	0	0	0	26360	0	NA	NA	0.0	NA
40	20	2	0.001999	0.3	1e-06	1e-07	0.0	0010	sieve	candidate_snvs	smc_mu_sa_stage_1	mt	no_cnv	/raid/kang/DelSIEVE/simulation_results/IndelSIEVE_benchmark_pipeline_sa_001/benchmark_results/simulated_data/results/cell_names	/raid/kang/DelSIEVE/simulation_results/IndelSIEVE_benchmark_pipeline_sa_001/benchmark_results/indelsieve/from_candidate/variant_calling/mt/no_cnv/smc_mu_sa_stage_1/0010/indelsieve_median.cell_names	/raid/kang/DelSIEVE/simulation_results/IndelSIEVE_benchmark_pipeline_sa_001/benchmark_results/simulated_data/results/data_type/no_cnv/0010/true_evo_events_sites_names	/raid/kang/DelSIEVE/simulation_results/IndelSIEVE_benchmark_pipeline_sa_001/benchmark_results/indelsieve/from_candidate/variant_calling/mt/no_cnv/smc_mu_sa_stage_1/0010/indelsieve_median.loci_info	/raid/kang/DelSIEVE/simulation_results/IndelSIEVE_benchmark_pipeline_sa_001/benchmark_results/simulated_data/results/data_type/no_cnv/0010/true_evo_events_genotypes_numeric	/raid/kang/DelSIEVE/simulation_results/IndelSIEVE_benchmark_pipeline_sa_001/benchmark_results/indelsieve/from_candidate/variant_calling/mt/no_cnv/smc_mu_sa_stage_1/0010/indelsieve_median.genotypes	/raid/kang/DelSIEVE/simulation_results/IndelSIEVE_benchmark_pipeline_sa_001/benchmark_results/simulated_data/results/data_type/no_cnv/0010/true_evo_events_ternary_matrix.simple	/raid/kang/DelSIEVE/simulation_results/IndelSIEVE_benchmark_pipeline_sa_001/benchmark_results/indelsieve/from_candidate/variant_calling/mt/no_cnv/smc_mu_sa_stage_1/0010/indelsieve_median.ternary	/raid/kang/DelSIEVE/simulation_results/IndelSIEVE_benchmark_pipeline_sa_001/benchmark_results/indelsieve/from_candidate/variant_calling/mt/no_cnv/smc_mu_sa_stage_1/0010/indelsieve_median.probs	10626	41	40402	1691	0.862710075505399	0.996156370113434	0.9246432300730943	0.0010137724698959	10623	44	41431	662	0.9413380593708462	0.995875128902222	0.9678389212827988	0.0010608800482218	10550	51	41486	673	0.9400338590394726	0.9951891331006508	0.966825513196481	0.0012278209788862	54	12	52690	4	0.9310344827586208	0.8181818181818182	0.8709677419354839	0.0002276953436302	58	41	1	3	0	0	28620	20	0.0	NA	0.0	NA	0	0	28640	0	NA	NA	0.0	NA	0	0	28636	4	0.0	NA	0.0	NA	0	0	28624	16	0.0	NA	0.0	NA	13	3	4	0	0	0	28640	0	NA	NA	0.0	NA
40	20	2	0.001999	0.3	1e-06	1e-07	0.0	0001	indelsieve	candidate_snvs	smc_mudel_sa_stage_1	mt	no_cnv	/raid/kang/DelSIEVE/simulation_results/IndelSIEVE_benchmark_pipeline_sa_001/benchmark_results/simulated_data/results/cell_names	/raid/kang/DelSIEVE/simulation_results/IndelSIEVE_benchmark_pipeline_sa_001/benchmark_results/indelsieve/from_candidate/variant_calling/mt/no_cnv/smc_mudel_sa_stage_1/0001/indelsieve_mode_gaussian.cell_names	/raid/kang/DelSIEVE/simulation_results/IndelSIEVE_benchmark_pipeline_sa_001/benchmark_results/simulated_data/results/data_type/no_cnv/0001/true_evo_events_sites_names	/raid/kang/DelSIEVE/simulation_results/IndelSIEVE_benchmark_pipeline_sa_001/benchmark_results/indelsieve/from_candidate/variant_calling/mt/no_cnv/smc_mudel_sa_stage_1/0001/indelsieve_mode_gaussian.loci_info	/raid/kang/DelSIEVE/simulation_results/IndelSIEVE_benchmark_pipeline_sa_001/benchmark_results/simulated_data/results/data_type/no_cnv/0001/true_evo_events_genotypes_numeric	/raid/kang/DelSIEVE/simulation_results/IndelSIEVE_benchmark_pipeline_sa_001/benchmark_results/indelsieve/from_candidate/variant_calling/mt/no_cnv/smc_mudel_sa_stage_1/0001/indelsieve_mode_gaussian.genotypes	/raid/kang/DelSIEVE/simulation_results/IndelSIEVE_benchmark_pipeline_sa_001/benchmark_results/simulated_data/results/data_type/no_cnv/0001/true_evo_events_ternary_matrix.simple	/raid/kang/DelSIEVE/simulation_results/IndelSIEVE_benchmark_pipeline_sa_001/benchmark_results/indelsieve/from_candidate/variant_calling/mt/no_cnv/smc_mudel_sa_stage_1/0001/indelsieve_mode_gaussian.ternary	/raid/kang/DelSIEVE/simulation_results/IndelSIEVE_benchmark_pipeline_sa_001/benchmark_results/indelsieve/from_candidate/variant_calling/mt/no_cnv/smc_mudel_sa_stage_1/0001/indelsieve_mode_gaussian.probs	9471	60	40608	1581	0.8569489685124865	0.9937047529115518	0.920274012534616	0.0014753614635585	9430	57	41661	572	0.9428114377124576	0.9939917782228312	0.9677253835496948	0.0013663166978282	9364	64	41706	586	0.941105527638191	0.993211709800594	0.9664568066879968	0.0015322001436437	42	11	51661	6	0.875	0.7924528301886793	0.8316831683168316	0.0002128812509676	48	56	0	6	41	9	28303	7	0.8541666666666666	0.82	0.0003178864085899	0.836734693877551	0	0	28360	0	NA	NA	0.0	NA	3	3	28353	1	0.75	0.5	0.0001057977147693	0.6	38	6	28310	6	0.8636363636363636	0.8636363636363636	0.0002118943353581	0.8636363636363636	5	1	1	0	0	0	28360	0	NA	NA	0.0	NA
40	20	2	0.001999	0.3	1e-06	1e-07	0.0	0002	indelsieve	candidate_snvs	smc_mudel_sa_stage_1	mt	no_cnv	/raid/kang/DelSIEVE/simulation_results/IndelSIEVE_benchmark_pipeline_sa_001/benchmark_results/simulated_data/results/cell_names	/raid/kang/DelSIEVE/simulation_results/IndelSIEVE_benchmark_pipeline_sa_001/benchmark_results/indelsieve/from_candidate/variant_calling/mt/no_cnv/smc_mudel_sa_stage_1/0002/indelsieve_mode_gaussian.cell_names	/raid/kang/DelSIEVE/simulation_results/IndelSIEVE_benchmark_pipeline_sa_001/benchmark_results/simulated_data/results/data_type/no_cnv/0002/true_evo_events_sites_names	/raid/kang/DelSIEVE/simulation_results/IndelSIEVE_benchmark_pipeline_sa_001/benchmark_results/indelsieve/from_candidate/variant_calling/mt/no_cnv/smc_mudel_sa_stage_1/0002/indelsieve_mode_gaussian.loci_info	/raid/kang/DelSIEVE/simulation_results/IndelSIEVE_benchmark_pipeline_sa_001/benchmark_results/simulated_data/results/data_type/no_cnv/0002/true_evo_events_genotypes_numeric	/raid/kang/DelSIEVE/simulation_results/IndelSIEVE_benchmark_pipeline_sa_001/benchmark_results/indelsieve/from_candidate/variant_calling/mt/no_cnv/smc_mudel_sa_stage_1/0002/indelsieve_mode_gaussian.genotypes	/raid/kang/DelSIEVE/simulation_results/IndelSIEVE_benchmark_pipeline_sa_001/benchmark_results/simulated_data/results/data_type/no_cnv/0002/true_evo_events_ternary_matrix.simple	/raid/kang/DelSIEVE/simulation_results/IndelSIEVE_benchmark_pipeline_sa_001/benchmark_results/indelsieve/from_candidate/variant_calling/mt/no_cnv/smc_mudel_sa_stage_1/0002/indelsieve_mode_gaussian.ternary	/raid/kang/DelSIEVE/simulation_results/IndelSIEVE_benchmark_pipeline_sa_001/benchmark_results/indelsieve/from_candidate/variant_calling/mt/no_cnv/smc_mudel_sa_stage_1/0002/indelsieve_mode_gaussian.probs	10023	29	32873	1515	0.8686947477899116	0.9971150019896536	0.9284854099119962	0.0008814053856908	9951	31	34065	393	0.9620069605568444	0.9968944099378882	0.9791400177113058	0.000909197559831	9888	35	34124	393	0.9617741464838052	0.9964728408747354	0.9788160760245496	0.0010246201586697	49	1	44385	5	0.9074074074074074	0.98	0.9423076923076924	2.2529626458793312e-05	54	29	1	4	79	0	27439	2	0.9753086419753086	1.0	0.0	0.9875	0	0	27520	0	NA	NA	0.0	NA	9	0	27511	0	1.0	1.0	0.0	1.0	70	0	27448	2	0.9722222222222222	1.0	0.0	0.9859154929577464	0	2	0	0	0	0	27520	0	NA	NA	0.0	NA
40	20	2	0.001999	0.3	1e-06	1e-07	0.0	0003	indelsieve	candidate_snvs	smc_mudel_sa_stage_1	mt	no_cnv	/raid/kang/DelSIEVE/simulation_results/IndelSIEVE_benchmark_pipeline_sa_001/benchmark_results/simulated_data/results/cell_names	/raid/kang/DelSIEVE/simulation_results/IndelSIEVE_benchmark_pipeline_sa_001/benchmark_results/indelsieve/from_candidate/variant_calling/mt/no_cnv/smc_mudel_sa_stage_1/0003/indelsieve_median.cell_names	/raid/kang/DelSIEVE/simulation_results/IndelSIEVE_benchmark_pipeline_sa_001/benchmark_results/simulated_data/results/data_type/no_cnv/0003/true_evo_events_sites_names	/raid/kang/DelSIEVE/simulation_results/IndelSIEVE_benchmark_pipeline_sa_001/benchmark_results/indelsieve/from_candidate/variant_calling/mt/no_cnv/smc_mudel_sa_stage_1/0003/indelsieve_median.loci_info	/raid/kang/DelSIEVE/simulation_results/IndelSIEVE_benchmark_pipeline_sa_001/benchmark_results/simulated_data/results/data_type/no_cnv/0003/true_evo_events_genotypes_numeric	/raid/kang/DelSIEVE/simulation_results/IndelSIEVE_benchmark_pipeline_sa_001/benchmark_results/indelsieve/from_candidate/variant_calling/mt/no_cnv/smc_mudel_sa_stage_1/0003/indelsieve_median.genotypes	/raid/kang/DelSIEVE/simulation_results/IndelSIEVE_benchmark_pipeline_sa_001/benchmark_results/simulated_data/results/data_type/no_cnv/0003/true_evo_events_ternary_matrix.simple	/raid/kang/DelSIEVE/simulation_results/IndelSIEVE_benchmark_pipeline_sa_001/benchmark_results/indelsieve/from_candidate/variant_calling/mt/no_cnv/smc_mudel_sa_stage_1/0003/indelsieve_median.ternary	/raid/kang/DelSIEVE/simulation_results/IndelSIEVE_benchmark_pipeline_sa_001/benchmark_results/indelsieve/from_candidate/variant_calling/mt/no_cnv/smc_mudel_sa_stage_1/0003/indelsieve_median.probs	4146	33	31690	1051	0.7977679430440638	0.9921033740129216	0.8843856655290102	0.0010402547047883	4142	34	32162	582	0.8767993226079593	0.9918582375478928	0.9307865168539324	0.0010560318051931	4130	34	32170	586	0.8757421543681085	0.9918347742555236	0.93018018018018	0.0010557694696311	7	4	36908	1	0.875	0.6363636363636364	0.7368421052631579	0.0001083658430862	8	32	0	1	3	1	14674	2	0.6	0.75	6.814310051107325e-05	0.6666666666666665	0	0	14680	0	NA	NA	0.0	NA	0	1	14679	0	NA	0.0	6.811989100817439e-05	NA	2	1	14674	3	0.4	0.6666666666666666	6.814310051107325e-05	0.5	1	1	0	0	0	0	14680	0	NA	NA	0.0	NA
40	20	2	0.001999	0.3	1e-06	1e-07	0.0	0004	indelsieve	candidate_snvs	smc_mudel_sa_stage_1	mt	no_cnv	/raid/kang/DelSIEVE/simulation_results/IndelSIEVE_benchmark_pipeline_sa_001/benchmark_results/simulated_data/results/cell_names	/raid/kang/DelSIEVE/simulation_results/IndelSIEVE_benchmark_pipeline_sa_001/benchmark_results/indelsieve/from_candidate/variant_calling/mt/no_cnv/smc_mudel_sa_stage_1/0004/indelsieve_mode_gaussian.cell_names	/raid/kang/DelSIEVE/simulation_results/IndelSIEVE_benchmark_pipeline_sa_001/benchmark_results/simulated_data/results/data_type/no_cnv/0004/true_evo_events_sites_names	/raid/kang/DelSIEVE/simulation_results/IndelSIEVE_benchmark_pipeline_sa_001/benchmark_results/indelsieve/from_candidate/variant_calling/mt/no_cnv/smc_mudel_sa_stage_1/0004/indelsieve_mode_gaussian.loci_info	/raid/kang/DelSIEVE/simulation_results/IndelSIEVE_benchmark_pipeline_sa_001/benchmark_results/simulated_data/results/data_type/no_cnv/0004/true_evo_events_genotypes_numeric	/raid/kang/DelSIEVE/simulation_results/IndelSIEVE_benchmark_pipeline_sa_001/benchmark_results/indelsieve/from_candidate/variant_calling/mt/no_cnv/smc_mudel_sa_stage_1/0004/indelsieve_mode_gaussian.genotypes	/raid/kang/DelSIEVE/simulation_results/IndelSIEVE_benchmark_pipeline_sa_001/benchmark_results/simulated_data/results/data_type/no_cnv/0004/true_evo_events_ternary_matrix.simple	/raid/kang/DelSIEVE/simulation_results/IndelSIEVE_benchmark_pipeline_sa_001/benchmark_results/indelsieve/from_candidate/variant_calling/mt/no_cnv/smc_mudel_sa_stage_1/0004/indelsieve_mode_gaussian.ternary	/raid/kang/DelSIEVE/simulation_results/IndelSIEVE_benchmark_pipeline_sa_001/benchmark_results/indelsieve/from_candidate/variant_calling/mt/no_cnv/smc_mudel_sa_stage_1/0004/indelsieve_mode_gaussian.probs	7125	49	37355	1271	0.8486183897093854	0.9931697797602452	0.9152215799614644	0.0013100203186824	7110	49	38093	547	0.9285621000391798	0.9931554686408716	0.9597732181425486	0.0012846730638141	7085	50	38111	553	0.9275988478659336	0.9929922915206728	0.9591822920192242	0.0013102382013049	18	6	45774	1	0.9473684210526316	0.75	0.8372093023255814	0.0001310615989515	19	49	0	1	15	0	23465	0	1.0	1.0	0.0	1.0	0	0	23480	0	NA	NA	0.0	NA	0	0	23480	0	NA	NA	0.0	NA	15	0	23465	0	1.0	1.0	0.0	1.0	0	0	0	0	0	0	23480	0	NA	NA	0.0	NA
40	20	2	0.001999	0.3	1e-06	1e-07	0.0	0005	indelsieve	candidate_snvs	smc_mudel_sa_stage_1	mt	no_cnv	/raid/kang/DelSIEVE/simulation_results/IndelSIEVE_benchmark_pipeline_sa_001/benchmark_results/simulated_data/results/cell_names	/raid/kang/DelSIEVE/simulation_results/IndelSIEVE_benchmark_pipeline_sa_001/benchmark_results/indelsieve/from_candidate/variant_calling/mt/no_cnv/smc_mudel_sa_stage_1/0005/indelsieve_median.cell_names	/raid/kang/DelSIEVE/simulation_results/IndelSIEVE_benchmark_pipeline_sa_001/benchmark_results/simulated_data/results/data_type/no_cnv/0005/true_evo_events_sites_names	/raid/kang/DelSIEVE/simulation_results/IndelSIEVE_benchmark_pipeline_sa_001/benchmark_results/indelsieve/from_candidate/variant_calling/mt/no_cnv/smc_mudel_sa_stage_1/0005/indelsieve_median.loci_info	/raid/kang/DelSIEVE/simulation_results/IndelSIEVE_benchmark_pipeline_sa_001/benchmark_results/simulated_data/results/data_type/no_cnv/0005/true_evo_events_genotypes_numeric	/raid/kang/DelSIEVE/simulation_results/IndelSIEVE_benchmark_pipeline_sa_001/benchmark_results/indelsieve/from_candidate/variant_calling/mt/no_cnv/smc_mudel_sa_stage_1/0005/indelsieve_median.genotypes	/raid/kang/DelSIEVE/simulation_results/IndelSIEVE_benchmark_pipeline_sa_001/benchmark_results/simulated_data/results/data_type/no_cnv/0005/true_evo_events_ternary_matrix.simple	/raid/kang/DelSIEVE/simulation_results/IndelSIEVE_benchmark_pipeline_sa_001/benchmark_results/indelsieve/from_candidate/variant_calling/mt/no_cnv/smc_mudel_sa_stage_1/0005/indelsieve_median.ternary	/raid/kang/DelSIEVE/simulation_results/IndelSIEVE_benchmark_pipeline_sa_001/benchmark_results/indelsieve/from_candidate/variant_calling/mt/no_cnv/smc_mudel_sa_stage_1/0005/indelsieve_median.probs	8110	30	31537	1123	0.8783710603270877	0.9963144963144964	0.9336326483624016	0.0009503595526974	8070	33	32282	415	0.9510901591043016	0.9959274342835986	0.9729925247166626	0.0010211975862602	7982	45	32357	416	0.9504643962848296	0.9943939205182508	0.9719330289193304	0.0013888031602987	68	1	40718	13	0.8395061728395061	0.9855072463768116	0.9066666666666666	2.455855988604828e-05	81	30	0	13	44	0	24789	7	0.8627450980392157	1.0	0.0	0.9263157894736842	0	0	24840	0	NA	NA	0.0	NA	6	1	24833	0	1.0	0.8571428571428571	4.026737537247322e-05	0.923076923076923	37	0	24795	8	0.8222222222222222	1.0	0.0	0.902439024390244	5	2	0	0	0	0	24840	0	NA	NA	0.0	NA
40	20	2	0.001999	0.3	1e-06	1e-07	0.0	0006	indelsieve	candidate_snvs	smc_mudel_sa_stage_1	mt	no_cnv	/raid/kang/DelSIEVE/simulation_results/IndelSIEVE_benchmark_pipeline_sa_001/benchmark_results/simulated_data/results/cell_names	/raid/kang/DelSIEVE/simulation_results/IndelSIEVE_benchmark_pipeline_sa_001/benchmark_results/indelsieve/from_candidate/variant_calling/mt/no_cnv/smc_mudel_sa_stage_1/0006/indelsieve_median.cell_names	/raid/kang/DelSIEVE/simulation_results/IndelSIEVE_benchmark_pipeline_sa_001/benchmark_results/simulated_data/results/data_type/no_cnv/0006/true_evo_events_sites_names	/raid/kang/DelSIEVE/simulation_results/IndelSIEVE_benchmark_pipeline_sa_001/benchmark_results/indelsieve/from_candidate/variant_calling/mt/no_cnv/smc_mudel_sa_stage_1/0006/indelsieve_median.loci_info	/raid/kang/DelSIEVE/simulation_results/IndelSIEVE_benchmark_pipeline_sa_001/benchmark_results/simulated_data/results/data_type/no_cnv/0006/true_evo_events_genotypes_numeric	/raid/kang/DelSIEVE/simulation_results/IndelSIEVE_benchmark_pipeline_sa_001/benchmark_results/indelsieve/from_candidate/variant_calling/mt/no_cnv/smc_mudel_sa_stage_1/0006/indelsieve_median.genotypes	/raid/kang/DelSIEVE/simulation_results/IndelSIEVE_benchmark_pipeline_sa_001/benchmark_results/simulated_data/results/data_type/no_cnv/0006/true_evo_events_ternary_matrix.simple	/raid/kang/DelSIEVE/simulation_results/IndelSIEVE_benchmark_pipeline_sa_001/benchmark_results/indelsieve/from_candidate/variant_calling/mt/no_cnv/smc_mudel_sa_stage_1/0006/indelsieve_median.ternary	/raid/kang/DelSIEVE/simulation_results/IndelSIEVE_benchmark_pipeline_sa_001/benchmark_results/indelsieve/from_candidate/variant_calling/mt/no_cnv/smc_mudel_sa_stage_1/0006/indelsieve_median.probs	6813	20	37255	1272	0.8426716141001855	0.997073027952583	0.9133932162488267	0.0005365526492287	6780	20	38100	459	0.9365934521342728	0.9970588235294118	0.9658807607379444	0.0005246589716684	6723	27	38150	459	0.9360902255639098	0.996	0.9651162790697674	0.0007072321030987	46	0	45308	5	0.9019607843137256	1.0	0.9484536082474228	0.0	51	20	0	5	37	0	26081	2	0.9487179487179488	1.0	0.0	0.9736842105263158	0	0	26120	0	NA	NA	0.0	NA	4	0	26114	2	0.6666666666666666	1.0	0.0	0.8	33	0	26087	0	1.0	1.0	0.0	1.0	0	0	2	0	0	0	26120	0	NA	NA	0.0	NA
40	20	2	0.001999	0.3	1e-06	1e-07	0.0	0007	indelsieve	candidate_snvs	smc_mudel_sa_stage_1	mt	no_cnv	/raid/kang/DelSIEVE/simulation_results/IndelSIEVE_benchmark_pipeline_sa_001/benchmark_results/simulated_data/results/cell_names	/raid/kang/DelSIEVE/simulation_results/IndelSIEVE_benchmark_pipeline_sa_001/benchmark_results/indelsieve/from_candidate/variant_calling/mt/no_cnv/smc_mudel_sa_stage_1/0007/indelsieve_median.cell_names	/raid/kang/DelSIEVE/simulation_results/IndelSIEVE_benchmark_pipeline_sa_001/benchmark_results/simulated_data/results/data_type/no_cnv/0007/true_evo_events_sites_names	/raid/kang/DelSIEVE/simulation_results/IndelSIEVE_benchmark_pipeline_sa_001/benchmark_results/indelsieve/from_candidate/variant_calling/mt/no_cnv/smc_mudel_sa_stage_1/0007/indelsieve_median.loci_info	/raid/kang/DelSIEVE/simulation_results/IndelSIEVE_benchmark_pipeline_sa_001/benchmark_results/simulated_data/results/data_type/no_cnv/0007/true_evo_events_genotypes_numeric	/raid/kang/DelSIEVE/simulation_results/IndelSIEVE_benchmark_pipeline_sa_001/benchmark_results/indelsieve/from_candidate/variant_calling/mt/no_cnv/smc_mudel_sa_stage_1/0007/indelsieve_median.genotypes	/raid/kang/DelSIEVE/simulation_results/IndelSIEVE_benchmark_pipeline_sa_001/benchmark_results/simulated_data/results/data_type/no_cnv/0007/true_evo_events_ternary_matrix.simple	/raid/kang/DelSIEVE/simulation_results/IndelSIEVE_benchmark_pipeline_sa_001/benchmark_results/indelsieve/from_candidate/variant_calling/mt/no_cnv/smc_mudel_sa_stage_1/0007/indelsieve_median.ternary	/raid/kang/DelSIEVE/simulation_results/IndelSIEVE_benchmark_pipeline_sa_001/benchmark_results/indelsieve/from_candidate/variant_calling/mt/no_cnv/smc_mudel_sa_stage_1/0007/indelsieve_median.probs	5460	22	28359	999	0.8453320947515095	0.9959868661072602	0.9144962733439412	0.0007751664846199	5451	19	28945	425	0.9276718856364874	0.9965265082266912	0.960867265996827	0.0006559867421626	5408	25	28975	432	0.926027397260274	0.9953984907049512	0.959460658209882	0.0008620689655172	23	7	34805	5	0.8214285714285714	0.7666666666666667	0.793103448275862	0.0002010800873262	28	19	0	5	16	3	17258	3	0.8421052631578947	0.8421052631578947	0.0001738022130815	0.8421052631578947	0	0	17280	0	NA	NA	0.0	NA	7	0	17272	1	0.875	1.0	0.0	0.9333333333333332	9	3	17266	2	0.8181818181818182	0.75	0.00017372169784	0.7826086956521738	2	0	1	0	0	0	17280	0	NA	NA	0.0	NA
40	20	2	0.001999	0.3	1e-06	1e-07	0.0	0008	indelsieve	candidate_snvs	smc_mudel_sa_stage_1	mt	no_cnv	/raid/kang/DelSIEVE/simulation_results/IndelSIEVE_benchmark_pipeline_sa_001/benchmark_results/simulated_data/results/cell_names	/raid/kang/DelSIEVE/simulation_results/IndelSIEVE_benchmark_pipeline_sa_001/benchmark_results/indelsieve/from_candidate/variant_calling/mt/no_cnv/smc_mudel_sa_stage_1/0008/indelsieve_median.cell_names	/raid/kang/DelSIEVE/simulation_results/IndelSIEVE_benchmark_pipeline_sa_001/benchmark_results/simulated_data/results/data_type/no_cnv/0008/true_evo_events_sites_names	/raid/kang/DelSIEVE/simulation_results/IndelSIEVE_benchmark_pipeline_sa_001/benchmark_results/indelsieve/from_candidate/variant_calling/mt/no_cnv/smc_mudel_sa_stage_1/0008/indelsieve_median.loci_info	/raid/kang/DelSIEVE/simulation_results/IndelSIEVE_benchmark_pipeline_sa_001/benchmark_results/simulated_data/results/data_type/no_cnv/0008/true_evo_events_genotypes_numeric	/raid/kang/DelSIEVE/simulation_results/IndelSIEVE_benchmark_pipeline_sa_001/benchmark_results/indelsieve/from_candidate/variant_calling/mt/no_cnv/smc_mudel_sa_stage_1/0008/indelsieve_median.genotypes	/raid/kang/DelSIEVE/simulation_results/IndelSIEVE_benchmark_pipeline_sa_001/benchmark_results/simulated_data/results/data_type/no_cnv/0008/true_evo_events_ternary_matrix.simple	/raid/kang/DelSIEVE/simulation_results/IndelSIEVE_benchmark_pipeline_sa_001/benchmark_results/indelsieve/from_candidate/variant_calling/mt/no_cnv/smc_mudel_sa_stage_1/0008/indelsieve_median.ternary	/raid/kang/DelSIEVE/simulation_results/IndelSIEVE_benchmark_pipeline_sa_001/benchmark_results/indelsieve/from_candidate/variant_calling/mt/no_cnv/smc_mudel_sa_stage_1/0008/indelsieve_median.probs	6639	28	37385	1108	0.8569768942816575	0.9958002099895004	0.9211877341473568	0.0007484029615374	6606	23	38064	467	0.9339742683444084	0.99653039674159	0.9642387972558752	0.0006038805891774	6552	30	38109	469	0.9332003988035892	0.9954421148587056	0.9633169153863118	0.0007865963973885	26	2	45125	7	0.7878787878787878	0.9285714285714286	0.8524590163934426	4.431936534668823e-05	33	22	0	7	51	6	26500	3	0.9444444444444444	0.8947368421052632	0.0002263638421489	0.918918918918919	0	0	26560	0	NA	NA	0.0	NA	19	0	26541	0	1.0	1.0	0.0	1.0	32	6	26519	3	0.9142857142857144	0.8421052631578947	0.0002262016965127	0.8767123287671234	2	1	0	0	0	0	26560	0	NA	NA	0.0	NA
40	20	2	0.001999	0.3	1e-06	1e-07	0.0	0009	indelsieve	candidate_snvs	smc_mudel_sa_stage_1	mt	no_cnv	/raid/kang/DelSIEVE/simulation_results/IndelSIEVE_benchmark_pipeline_sa_001/benchmark_results/simulated_data/results/cell_names	/raid/kang/DelSIEVE/simulation_results/IndelSIEVE_benchmark_pipeline_sa_001/benchmark_results/indelsieve/from_candidate/variant_calling/mt/no_cnv/smc_mudel_sa_stage_1/0009/indelsieve_median.cell_names	/raid/kang/DelSIEVE/simulation_results/IndelSIEVE_benchmark_pipeline_sa_001/benchmark_results/simulated_data/results/data_type/no_cnv/0009/true_evo_events_sites_names	/raid/kang/DelSIEVE/simulation_results/IndelSIEVE_benchmark_pipeline_sa_001/benchmark_results/indelsieve/from_candidate/variant_calling/mt/no_cnv/smc_mudel_sa_stage_1/0009/indelsieve_median.loci_info	/raid/kang/DelSIEVE/simulation_results/IndelSIEVE_benchmark_pipeline_sa_001/benchmark_results/simulated_data/results/data_type/no_cnv/0009/true_evo_events_genotypes_numeric	/raid/kang/DelSIEVE/simulation_results/IndelSIEVE_benchmark_pipeline_sa_001/benchmark_results/indelsieve/from_candidate/variant_calling/mt/no_cnv/smc_mudel_sa_stage_1/0009/indelsieve_median.genotypes	/raid/kang/DelSIEVE/simulation_results/IndelSIEVE_benchmark_pipeline_sa_001/benchmark_results/simulated_data/results/data_type/no_cnv/0009/true_evo_events_ternary_matrix.simple	/raid/kang/DelSIEVE/simulation_results/IndelSIEVE_benchmark_pipeline_sa_001/benchmark_results/indelsieve/from_candidate/variant_calling/mt/no_cnv/smc_mudel_sa_stage_1/0009/indelsieve_median.ternary	/raid/kang/DelSIEVE/simulation_results/IndelSIEVE_benchmark_pipeline_sa_001/benchmark_results/indelsieve/from_candidate/variant_calling/mt/no_cnv/smc_mudel_sa_stage_1/0009/indelsieve_median.probs	8118	33	33066	1263	0.8653661656539815	0.9959514170040484	0.9260780287474334	0.0009970089730807	8104	28	33898	449	0.9475037998363148	0.9965568125922284	0.9714114474078516	0.0008253257088958	8070	33	33921	455	0.9466275659824048	0.9959274342835986	0.9706519124368536	0.000971903163103	20	6	42448	5	0.8	0.7692307692307693	0.7843137254901961	0.0001413294389221	25	28	0	5	17	5	26337	1	0.9444444444444444	0.7727272727272727	0.0001898109482954	0.85	0	0	26360	0	NA	NA	0.0	NA	3	0	26357	0	1.0	1.0	0.0	1.0	14	5	26340	1	0.9333333333333332	0.7368421052631579	0.0001897893338394	0.8235294117647058	1	0	0	0	0	0	26360	0	NA	NA	0.0	NA
40	20	2	0.001999	0.3	1e-06	1e-07	0.0	0010	indelsieve	candidate_snvs	smc_mudel_sa_stage_1	mt	no_cnv	/raid/kang/DelSIEVE/simulation_results/IndelSIEVE_benchmark_pipeline_sa_001/benchmark_results/simulated_data/results/cell_names	/raid/kang/DelSIEVE/simulation_results/IndelSIEVE_benchmark_pipeline_sa_001/benchmark_results/indelsieve/from_candidate/variant_calling/mt/no_cnv/smc_mudel_sa_stage_1/0010/indelsieve_median.cell_names	/raid/kang/DelSIEVE/simulation_results/IndelSIEVE_benchmark_pipeline_sa_001/benchmark_results/simulated_data/results/data_type/no_cnv/0010/true_evo_events_sites_names	/raid/kang/DelSIEVE/simulation_results/IndelSIEVE_benchmark_pipeline_sa_001/benchmark_results/indelsieve/from_candidate/variant_calling/mt/no_cnv/smc_mudel_sa_stage_1/0010/indelsieve_median.loci_info	/raid/kang/DelSIEVE/simulation_results/IndelSIEVE_benchmark_pipeline_sa_001/benchmark_results/simulated_data/results/data_type/no_cnv/0010/true_evo_events_genotypes_numeric	/raid/kang/DelSIEVE/simulation_results/IndelSIEVE_benchmark_pipeline_sa_001/benchmark_results/indelsieve/from_candidate/variant_calling/mt/no_cnv/smc_mudel_sa_stage_1/0010/indelsieve_median.genotypes	/raid/kang/DelSIEVE/simulation_results/IndelSIEVE_benchmark_pipeline_sa_001/benchmark_results/simulated_data/results/data_type/no_cnv/0010/true_evo_events_ternary_matrix.simple	/raid/kang/DelSIEVE/simulation_results/IndelSIEVE_benchmark_pipeline_sa_001/benchmark_results/indelsieve/from_candidate/variant_calling/mt/no_cnv/smc_mudel_sa_stage_1/0010/indelsieve_median.ternary	/raid/kang/DelSIEVE/simulation_results/IndelSIEVE_benchmark_pipeline_sa_001/benchmark_results/indelsieve/from_candidate/variant_calling/mt/no_cnv/smc_mudel_sa_stage_1/0010/indelsieve_median.probs	10633	41	40402	1684	0.8632783957132418	0.9961588907626008	0.9249706406854856	0.0010137724698959	10623	44	41431	662	0.9413380593708462	0.995875128902222	0.9678389212827988	0.0010608800482218	10550	48	41489	673	0.9400338590394726	0.9954708435553878	0.9669584345355392	0.0011555962154223	54	12	52690	4	0.9310344827586208	0.8181818181818182	0.8709677419354839	0.0002276953436302	58	41	1	3	10	0	28620	10	0.5	1.0	0.0	0.6666666666666666	0	0	28640	0	NA	NA	0.0	NA	3	0	28636	1	0.75	1.0	0.0	0.8571428571428571	7	0	28624	9	0.4375	1.0	0.0	0.6086956521739131	6	3	1	0	0	0	28640	0	NA	NA	0.0	NA
40	20	2	0.001999	0.3	1e-06	1e-07	0.0	0001	sieve	candidate_snvs	smc_mu_sa_stage_1-smc_mu_sa_stage_2	mt	no_cnv	/raid/kang/DelSIEVE/simulation_results/IndelSIEVE_benchmark_pipeline_sa_001/benchmark_results/simulated_data/results/cell_names	/raid/kang/DelSIEVE/simulation_results/IndelSIEVE_benchmark_pipeline_sa_001/benchmark_results/indelsieve/from_candidate/variant_calling/stage2/mt/no_cnv/smc_mu_sa_stage_1-smc_mu_sa_stage_2/0001/indelsieve_median.cell_names	/raid/kang/DelSIEVE/simulation_results/IndelSIEVE_benchmark_pipeline_sa_001/benchmark_results/simulated_data/results/data_type/no_cnv/0001/true_evo_events_sites_names	/raid/kang/DelSIEVE/simulation_results/IndelSIEVE_benchmark_pipeline_sa_001/benchmark_results/indelsieve/from_candidate/variant_calling/stage2/mt/no_cnv/smc_mu_sa_stage_1-smc_mu_sa_stage_2/0001/indelsieve_median.loci_info	/raid/kang/DelSIEVE/simulation_results/IndelSIEVE_benchmark_pipeline_sa_001/benchmark_results/simulated_data/results/data_type/no_cnv/0001/true_evo_events_genotypes_numeric	/raid/kang/DelSIEVE/simulation_results/IndelSIEVE_benchmark_pipeline_sa_001/benchmark_results/indelsieve/from_candidate/variant_calling/stage2/mt/no_cnv/smc_mu_sa_stage_1-smc_mu_sa_stage_2/0001/indelsieve_median.genotypes	/raid/kang/DelSIEVE/simulation_results/IndelSIEVE_benchmark_pipeline_sa_001/benchmark_results/simulated_data/results/data_type/no_cnv/0001/true_evo_events_ternary_matrix.simple	/raid/kang/DelSIEVE/simulation_results/IndelSIEVE_benchmark_pipeline_sa_001/benchmark_results/indelsieve/from_candidate/variant_calling/stage2/mt/no_cnv/smc_mu_sa_stage_1-smc_mu_sa_stage_2/0001/indelsieve_median.ternary	/raid/kang/DelSIEVE/simulation_results/IndelSIEVE_benchmark_pipeline_sa_001/benchmark_results/indelsieve/from_candidate/variant_calling/stage2/mt/no_cnv/smc_mu_sa_stage_1-smc_mu_sa_stage_2/0001/indelsieve_median.probs	9436	59	40609	1616	0.8537821208830981	0.9937862032648762	0.9184795833941696	0.0014507721058325	9435	60	41658	567	0.9433113377324536	0.9936808846761452	0.9678412063394368	0.0014382281029771	9383	69	41701	567	0.9430150753768844	0.992699957680914	0.9672198742397692	0.0016519032798659	43	0	51672	5	0.8958333333333334	1.0	0.945054945054945	0.0	48	59	0	5	0	0	28312	48	0.0	NA	0.0	NA	0	0	28360	0	NA	NA	0.0	NA	0	0	28356	4	0.0	NA	0.0	NA	0	0	28316	44	0.0	NA	0.0	NA	43	1	4	0	0	0	28360	0	NA	NA	0.0	NA
40	20	2	0.001999	0.3	1e-06	1e-07	0.0	0001	indelsieve	candidate_snvs	smc_mudel_sa_stage_1-smc_mudel_sa_stage_2	mt	no_cnv	/raid/kang/DelSIEVE/simulation_results/IndelSIEVE_benchmark_pipeline_sa_001/benchmark_results/simulated_data/results/cell_names	/raid/kang/DelSIEVE/simulation_results/IndelSIEVE_benchmark_pipeline_sa_001/benchmark_results/indelsieve/from_candidate/variant_calling/stage2/mt/no_cnv/smc_mudel_sa_stage_1-smc_mudel_sa_stage_2/0001/indelsieve_median.cell_names	/raid/kang/DelSIEVE/simulation_results/IndelSIEVE_benchmark_pipeline_sa_001/benchmark_results/simulated_data/results/data_type/no_cnv/0001/true_evo_events_sites_names	/raid/kang/DelSIEVE/simulation_results/IndelSIEVE_benchmark_pipeline_sa_001/benchmark_results/indelsieve/from_candidate/variant_calling/stage2/mt/no_cnv/smc_mudel_sa_stage_1-smc_mudel_sa_stage_2/0001/indelsieve_median.loci_info	/raid/kang/DelSIEVE/simulation_results/IndelSIEVE_benchmark_pipeline_sa_001/benchmark_results/simulated_data/results/data_type/no_cnv/0001/true_evo_events_genotypes_numeric	/raid/kang/DelSIEVE/simulation_results/IndelSIEVE_benchmark_pipeline_sa_001/benchmark_results/indelsieve/from_candidate/variant_calling/stage2/mt/no_cnv/smc_mudel_sa_stage_1-smc_mudel_sa_stage_2/0001/indelsieve_median.genotypes	/raid/kang/DelSIEVE/simulation_results/IndelSIEVE_benchmark_pipeline_sa_001/benchmark_results/simulated_data/results/data_type/no_cnv/0001/true_evo_events_ternary_matrix.simple	/raid/kang/DelSIEVE/simulation_results/IndelSIEVE_benchmark_pipeline_sa_001/benchmark_results/indelsieve/from_candidate/variant_calling/stage2/mt/no_cnv/smc_mudel_sa_stage_1-smc_mudel_sa_stage_2/0001/indelsieve_median.ternary	/raid/kang/DelSIEVE/simulation_results/IndelSIEVE_benchmark_pipeline_sa_001/benchmark_results/indelsieve/from_candidate/variant_calling/stage2/mt/no_cnv/smc_mudel_sa_stage_1-smc_mudel_sa_stage_2/0001/indelsieve_median.probs	9474	59	40609	1578	0.8572204125950055	0.9938109724116228	0.9204760748117562	0.0014507721058325	9435	60	41658	567	0.9433113377324536	0.9936808846761452	0.9678412063394368	0.0014382281029771	9383	66	41704	567	0.9430150753768844	0.9930151338766008	0.96736945203361	0.0015800813981326	43	0	51672	5	0.8958333333333334	1.0	0.945054945054945	0.0	48	59	0	5	41	0	28312	7	0.8541666666666666	1.0	0.0	0.9213483146067416	0	0	28360	0	NA	NA	0.0	NA	3	0	28356	1	0.75	1.0	0.0	0.8571428571428571	38	0	28316	6	0.8636363636363636	1.0	0.0	0.9268292682926828	5	1	1	0	0	0	28360	0	NA	NA	0.0	NA
40	20	2	0.001999	0.3	1e-06	1e-07	0.0	0002	sieve	candidate_snvs	smc_mu_sa_stage_1-smc_mu_sa_stage_2	mt	no_cnv	/raid/kang/DelSIEVE/simulation_results/IndelSIEVE_benchmark_pipeline_sa_001/benchmark_results/simulated_data/results/cell_names	/raid/kang/DelSIEVE/simulation_results/IndelSIEVE_benchmark_pipeline_sa_001/benchmark_results/indelsieve/from_candidate/variant_calling/stage2/mt/no_cnv/smc_mu_sa_stage_1-smc_mu_sa_stage_2/0002/indelsieve_median.cell_names	/raid/kang/DelSIEVE/simulation_results/IndelSIEVE_benchmark_pipeline_sa_001/benchmark_results/simulated_data/results/data_type/no_cnv/0002/true_evo_events_sites_names	/raid/kang/DelSIEVE/simulation_results/IndelSIEVE_benchmark_pipeline_sa_001/benchmark_results/indelsieve/from_candidate/variant_calling/stage2/mt/no_cnv/smc_mu_sa_stage_1-smc_mu_sa_stage_2/0002/indelsieve_median.loci_info	/raid/kang/DelSIEVE/simulation_results/IndelSIEVE_benchmark_pipeline_sa_001/benchmark_results/simulated_data/results/data_type/no_cnv/0002/true_evo_events_genotypes_numeric	/raid/kang/DelSIEVE/simulation_results/IndelSIEVE_benchmark_pipeline_sa_001/benchmark_results/indelsieve/from_candidate/variant_calling/stage2/mt/no_cnv/smc_mu_sa_stage_1-smc_mu_sa_stage_2/0002/indelsieve_median.genotypes	/raid/kang/DelSIEVE/simulation_results/IndelSIEVE_benchmark_pipeline_sa_001/benchmark_results/simulated_data/results/data_type/no_cnv/0002/true_evo_events_ternary_matrix.simple	/raid/kang/DelSIEVE/simulation_results/IndelSIEVE_benchmark_pipeline_sa_001/benchmark_results/indelsieve/from_candidate/variant_calling/stage2/mt/no_cnv/smc_mu_sa_stage_1-smc_mu_sa_stage_2/0002/indelsieve_median.ternary	/raid/kang/DelSIEVE/simulation_results/IndelSIEVE_benchmark_pipeline_sa_001/benchmark_results/indelsieve/from_candidate/variant_calling/stage2/mt/no_cnv/smc_mu_sa_stage_1-smc_mu_sa_stage_2/0002/indelsieve_median.probs	9955	35	32867	1583	0.8628011787138152	0.9964964964964964	0.9248420661464138	0.0010637651206613	9953	37	34059	391	0.962200309358082	0.9962962962962963	0.9789515097865644	0.0010851712810886	9891	53	34106	390	0.9620659468923256	0.9946701528559936	0.9780964153275647	0.0015515676688427	46	0	44386	8	0.8518518518518519	1.0	0.92	0.0	54	35	1	7	0	0	27439	81	0.0	NA	0.0	NA	0	0	27520	0	NA	NA	0.0	NA	0	0	27511	9	0.0	NA	0.0	NA	0	0	27448	72	0.0	NA	0.0	NA	70	2	9	0	0	0	27520	0	NA	NA	0.0	NA
40	20	2	0.001999	0.3	1e-06	1e-07	0.0	0002	indelsieve	candidate_snvs	smc_mudel_sa_stage_1-smc_mudel_sa_stage_2	mt	no_cnv	/raid/kang/DelSIEVE/simulation_results/IndelSIEVE_benchmark_pipeline_sa_001/benchmark_results/simulated_data/results/cell_names	/raid/kang/DelSIEVE/simulation_results/IndelSIEVE_benchmark_pipeline_sa_001/benchmark_results/indelsieve/from_candidate/variant_calling/stage2/mt/no_cnv/smc_mudel_sa_stage_1-smc_mudel_sa_stage_2/0002/indelsieve_median.cell_names	/raid/kang/DelSIEVE/simulation_results/IndelSIEVE_benchmark_pipeline_sa_001/benchmark_results/simulated_data/results/data_type/no_cnv/0002/true_evo_events_sites_names	/raid/kang/DelSIEVE/simulation_results/IndelSIEVE_benchmark_pipeline_sa_001/benchmark_results/indelsieve/from_candidate/variant_calling/stage2/mt/no_cnv/smc_mudel_sa_stage_1-smc_mudel_sa_stage_2/0002/indelsieve_median.loci_info	/raid/kang/DelSIEVE/simulation_results/IndelSIEVE_benchmark_pipeline_sa_001/benchmark_results/simulated_data/results/data_type/no_cnv/0002/true_evo_events_genotypes_numeric	/raid/kang/DelSIEVE/simulation_results/IndelSIEVE_benchmark_pipeline_sa_001/benchmark_results/indelsieve/from_candidate/variant_calling/stage2/mt/no_cnv/smc_mudel_sa_stage_1-smc_mudel_sa_stage_2/0002/indelsieve_median.genotypes	/raid/kang/DelSIEVE/simulation_results/IndelSIEVE_benchmark_pipeline_sa_001/benchmark_results/simulated_data/results/data_type/no_cnv/0002/true_evo_events_ternary_matrix.simple	/raid/kang/DelSIEVE/simulation_results/IndelSIEVE_benchmark_pipeline_sa_001/benchmark_results/indelsieve/from_candidate/variant_calling/stage2/mt/no_cnv/smc_mudel_sa_stage_1-smc_mudel_sa_stage_2/0002/indelsieve_median.ternary	/raid/kang/DelSIEVE/simulation_results/IndelSIEVE_benchmark_pipeline_sa_001/benchmark_results/indelsieve/from_candidate/variant_calling/stage2/mt/no_cnv/smc_mudel_sa_stage_1-smc_mudel_sa_stage_2/0002/indelsieve_median.probs	10025	35	32867	1513	0.8688680880568556	0.9965208747514912	0.9283266969163813	0.0010637651206613	9953	37	34059	391	0.962200309358082	0.9962962962962963	0.9789515097865644	0.0010851712810886	9891	44	34115	390	0.9620659468923256	0.9955712128837444	0.9785318559556788	0.0012880939137562	46	0	44386	8	0.8518518518518519	1.0	0.92	0.0	54	35	1	7	79	0	27439	2	0.9753086419753086	1.0	0.0	0.9875	0	0	27520	0	NA	NA	0.0	NA	9	0	27511	0	1.0	1.0	0.0	1.0	70	0	27448	2	0.9722222222222222	1.0	0.0	0.9859154929577464	0	2	0	0	0	0	27520	0	NA	NA	0.0	NA
40	20	2	0.001999	0.3	1e-06	1e-07	0.0	0003	sieve	candidate_snvs	smc_mu_sa_stage_1-smc_mu_sa_stage_2	mt	no_cnv	/raid/kang/DelSIEVE/simulation_results/IndelSIEVE_benchmark_pipeline_sa_001/benchmark_results/simulated_data/results/cell_names	/raid/kang/DelSIEVE/simulation_results/IndelSIEVE_benchmark_pipeline_sa_001/benchmark_results/indelsieve/from_candidate/variant_calling/stage2/mt/no_cnv/smc_mu_sa_stage_1-smc_mu_sa_stage_2/0003/indelsieve_median.cell_names	/raid/kang/DelSIEVE/simulation_results/IndelSIEVE_benchmark_pipeline_sa_001/benchmark_results/simulated_data/results/data_type/no_cnv/0003/true_evo_events_sites_names	/raid/kang/DelSIEVE/simulation_results/IndelSIEVE_benchmark_pipeline_sa_001/benchmark_results/indelsieve/from_candidate/variant_calling/stage2/mt/no_cnv/smc_mu_sa_stage_1-smc_mu_sa_stage_2/0003/indelsieve_median.loci_info	/raid/kang/DelSIEVE/simulation_results/IndelSIEVE_benchmark_pipeline_sa_001/benchmark_results/simulated_data/results/data_type/no_cnv/0003/true_evo_events_genotypes_numeric	/raid/kang/DelSIEVE/simulation_results/IndelSIEVE_benchmark_pipeline_sa_001/benchmark_results/indelsieve/from_candidate/variant_calling/stage2/mt/no_cnv/smc_mu_sa_stage_1-smc_mu_sa_stage_2/0003/indelsieve_median.genotypes	/raid/kang/DelSIEVE/simulation_results/IndelSIEVE_benchmark_pipeline_sa_001/benchmark_results/simulated_data/results/data_type/no_cnv/0003/true_evo_events_ternary_matrix.simple	/raid/kang/DelSIEVE/simulation_results/IndelSIEVE_benchmark_pipeline_sa_001/benchmark_results/indelsieve/from_candidate/variant_calling/stage2/mt/no_cnv/smc_mu_sa_stage_1-smc_mu_sa_stage_2/0003/indelsieve_median.ternary	/raid/kang/DelSIEVE/simulation_results/IndelSIEVE_benchmark_pipeline_sa_001/benchmark_results/indelsieve/from_candidate/variant_calling/stage2/mt/no_cnv/smc_mu_sa_stage_1-smc_mu_sa_stage_2/0003/indelsieve_median.probs	4144	34	31689	1053	0.797383105637868	0.9918621349928196	0.8840533333333332	0.0010717775746303	4142	36	32160	582	0.8767993226079593	0.9913834370512208	0.9305773983374522	0.0011181513231457	4134	38	32166	582	0.8765903307888041	0.9908916586768935	0.9302430243024302	0.0011799776425288	6	0	36912	2	0.75	1.0	0.8571428571428571	0.0	8	34	0	2	0	0	14675	5	0.0	NA	0.0	NA	0	0	14680	0	NA	NA	0.0	NA	0	0	14680	0	NA	NA	0.0	NA	0	0	14675	5	0.0	NA	0.0	NA	3	2	0	0	0	0	14680	0	NA	NA	0.0	NA
40	20	2	0.001999	0.3	1e-06	1e-07	0.0	0003	indelsieve	candidate_snvs	smc_mudel_sa_stage_1-smc_mudel_sa_stage_2	mt	no_cnv	/raid/kang/DelSIEVE/simulation_results/IndelSIEVE_benchmark_pipeline_sa_001/benchmark_results/simulated_data/results/cell_names	/raid/kang/DelSIEVE/simulation_results/IndelSIEVE_benchmark_pipeline_sa_001/benchmark_results/indelsieve/from_candidate/variant_calling/stage2/mt/no_cnv/smc_mudel_sa_stage_1-smc_mudel_sa_stage_2/0003/indelsieve_median.cell_names	/raid/kang/DelSIEVE/simulation_results/IndelSIEVE_benchmark_pipeline_sa_001/benchmark_results/simulated_data/results/data_type/no_cnv/0003/true_evo_events_sites_names	/raid/kang/DelSIEVE/simulation_results/IndelSIEVE_benchmark_pipeline_sa_001/benchmark_results/indelsieve/from_candidate/variant_calling/stage2/mt/no_cnv/smc_mudel_sa_stage_1-smc_mudel_sa_stage_2/0003/indelsieve_median.loci_info	/raid/kang/DelSIEVE/simulation_results/IndelSIEVE_benchmark_pipeline_sa_001/benchmark_results/simulated_data/results/data_type/no_cnv/0003/true_evo_events_genotypes_numeric	/raid/kang/DelSIEVE/simulation_results/IndelSIEVE_benchmark_pipeline_sa_001/benchmark_results/indelsieve/from_candidate/variant_calling/stage2/mt/no_cnv/smc_mudel_sa_stage_1-smc_mudel_sa_stage_2/0003/indelsieve_median.genotypes	/raid/kang/DelSIEVE/simulation_results/IndelSIEVE_benchmark_pipeline_sa_001/benchmark_results/simulated_data/results/data_type/no_cnv/0003/true_evo_events_ternary_matrix.simple	/raid/kang/DelSIEVE/simulation_results/IndelSIEVE_benchmark_pipeline_sa_001/benchmark_results/indelsieve/from_candidate/variant_calling/stage2/mt/no_cnv/smc_mudel_sa_stage_1-smc_mudel_sa_stage_2/0003/indelsieve_median.ternary	/raid/kang/DelSIEVE/simulation_results/IndelSIEVE_benchmark_pipeline_sa_001/benchmark_results/indelsieve/from_candidate/variant_calling/stage2/mt/no_cnv/smc_mudel_sa_stage_1-smc_mudel_sa_stage_2/0003/indelsieve_median.probs	4147	28	31695	1050	0.7979603617471618	0.9932934131736528	0.8849765258215962	0.0008826403555779	4143	29	32167	581	0.8770110076206604	0.9930488974113136	0.931429856115108	0.0009007330103118	4135	30	32174	581	0.8768023748939779	0.992797118847539	0.9312014412791352	0.0009315612967333	6	0	36912	2	0.75	1.0	0.8571428571428571	0.0	8	27	0	2	3	1	14674	2	0.6	0.75	6.814310051107325e-05	0.6666666666666665	0	0	14680	0	NA	NA	0.0	NA	0	1	14679	0	NA	0.0	6.811989100817439e-05	NA	2	1	14674	3	0.4	0.6666666666666666	6.814310051107325e-05	0.5	1	1	0	0	0	0	14680	0	NA	NA	0.0	NA
40	20	2	0.001999	0.3	1e-06	1e-07	0.0	0004	sieve	candidate_snvs	smc_mu_sa_stage_1-smc_mu_sa_stage_2	mt	no_cnv	/raid/kang/DelSIEVE/simulation_results/IndelSIEVE_benchmark_pipeline_sa_001/benchmark_results/simulated_data/results/cell_names	/raid/kang/DelSIEVE/simulation_results/IndelSIEVE_benchmark_pipeline_sa_001/benchmark_results/indelsieve/from_candidate/variant_calling/stage2/mt/no_cnv/smc_mu_sa_stage_1-smc_mu_sa_stage_2/0004/indelsieve_median.cell_names	/raid/kang/DelSIEVE/simulation_results/IndelSIEVE_benchmark_pipeline_sa_001/benchmark_results/simulated_data/results/data_type/no_cnv/0004/true_evo_events_sites_names	/raid/kang/DelSIEVE/simulation_results/IndelSIEVE_benchmark_pipeline_sa_001/benchmark_results/indelsieve/from_candidate/variant_calling/stage2/mt/no_cnv/smc_mu_sa_stage_1-smc_mu_sa_stage_2/0004/indelsieve_median.loci_info	/raid/kang/DelSIEVE/simulation_results/IndelSIEVE_benchmark_pipeline_sa_001/benchmark_results/simulated_data/results/data_type/no_cnv/0004/true_evo_events_genotypes_numeric	/raid/kang/DelSIEVE/simulation_results/IndelSIEVE_benchmark_pipeline_sa_001/benchmark_results/indelsieve/from_candidate/variant_calling/stage2/mt/no_cnv/smc_mu_sa_stage_1-smc_mu_sa_stage_2/0004/indelsieve_median.genotypes	/raid/kang/DelSIEVE/simulation_results/IndelSIEVE_benchmark_pipeline_sa_001/benchmark_results/simulated_data/results/data_type/no_cnv/0004/true_evo_events_ternary_matrix.simple	/raid/kang/DelSIEVE/simulation_results/IndelSIEVE_benchmark_pipeline_sa_001/benchmark_results/indelsieve/from_candidate/variant_calling/stage2/mt/no_cnv/smc_mu_sa_stage_1-smc_mu_sa_stage_2/0004/indelsieve_median.ternary	/raid/kang/DelSIEVE/simulation_results/IndelSIEVE_benchmark_pipeline_sa_001/benchmark_results/indelsieve/from_candidate/variant_calling/stage2/mt/no_cnv/smc_mu_sa_stage_1-smc_mu_sa_stage_2/0004/indelsieve_median.probs	7111	49	37355	1285	0.8469509290138161	0.9931564245810056	0.914245307276935	0.0013100203186824	7111	49	38093	546	0.928692699490662	0.9931564245810056	0.9598434230950934	0.0012846730638141	7092	50	38111	546	0.9285153181461115	0.992999159899188	0.9596752368064952	0.0013102382013049	18	0	45780	1	0.9473684210526316	1.0	0.972972972972973	0.0	19	49	0	1	0	0	23465	15	0.0	NA	0.0	NA	0	0	23480	0	NA	NA	0.0	NA	0	0	23480	0	NA	NA	0.0	NA	0	0	23465	15	0.0	NA	0.0	NA	15	0	0	0	0	0	23480	0	NA	NA	0.0	NA
40	20	2	0.001999	0.3	1e-06	1e-07	0.0	0004	indelsieve	candidate_snvs	smc_mudel_sa_stage_1-smc_mudel_sa_stage_2	mt	no_cnv	/raid/kang/DelSIEVE/simulation_results/IndelSIEVE_benchmark_pipeline_sa_001/benchmark_results/simulated_data/results/cell_names	/raid/kang/DelSIEVE/simulation_results/IndelSIEVE_benchmark_pipeline_sa_001/benchmark_results/indelsieve/from_candidate/variant_calling/stage2/mt/no_cnv/smc_mudel_sa_stage_1-smc_mudel_sa_stage_2/0004/indelsieve_median.cell_names	/raid/kang/DelSIEVE/simulation_results/IndelSIEVE_benchmark_pipeline_sa_001/benchmark_results/simulated_data/results/data_type/no_cnv/0004/true_evo_events_sites_names	/raid/kang/DelSIEVE/simulation_results/IndelSIEVE_benchmark_pipeline_sa_001/benchmark_results/indelsieve/from_candidate/variant_calling/stage2/mt/no_cnv/smc_mudel_sa_stage_1-smc_mudel_sa_stage_2/0004/indelsieve_median.loci_info	/raid/kang/DelSIEVE/simulation_results/IndelSIEVE_benchmark_pipeline_sa_001/benchmark_results/simulated_data/results/data_type/no_cnv/0004/true_evo_events_genotypes_numeric	/raid/kang/DelSIEVE/simulation_results/IndelSIEVE_benchmark_pipeline_sa_001/benchmark_results/indelsieve/from_candidate/variant_calling/stage2/mt/no_cnv/smc_mudel_sa_stage_1-smc_mudel_sa_stage_2/0004/indelsieve_median.genotypes	/raid/kang/DelSIEVE/simulation_results/IndelSIEVE_benchmark_pipeline_sa_001/benchmark_results/simulated_data/results/data_type/no_cnv/0004/true_evo_events_ternary_matrix.simple	/raid/kang/DelSIEVE/simulation_results/IndelSIEVE_benchmark_pipeline_sa_001/benchmark_results/indelsieve/from_candidate/variant_calling/stage2/mt/no_cnv/smc_mudel_sa_stage_1-smc_mudel_sa_stage_2/0004/indelsieve_median.ternary	/raid/kang/DelSIEVE/simulation_results/IndelSIEVE_benchmark_pipeline_sa_001/benchmark_results/indelsieve/from_candidate/variant_calling/stage2/mt/no_cnv/smc_mudel_sa_stage_1-smc_mudel_sa_stage_2/0004/indelsieve_median.probs	7126	49	37355	1270	0.8487374940447833	0.9931707317073172	0.9152912465480704	0.0013100203186824	7111	49	38093	546	0.928692699490662	0.9931564245810056	0.9598434230950934	0.0012846730638141	7092	50	38111	546	0.9285153181461115	0.992999159899188	0.9596752368064952	0.0013102382013049	18	0	45780	1	0.9473684210526316	1.0	0.972972972972973	0.0	19	49	0	1	15	0	23465	0	1.0	1.0	0.0	1.0	0	0	23480	0	NA	NA	0.0	NA	0	0	23480	0	NA	NA	0.0	NA	15	0	23465	0	1.0	1.0	0.0	1.0	0	0	0	0	0	0	23480	0	NA	NA	0.0	NA
40	20	2	0.001999	0.3	1e-06	1e-07	0.0	0005	sieve	candidate_snvs	smc_mu_sa_stage_1-smc_mu_sa_stage_2	mt	no_cnv	/raid/kang/DelSIEVE/simulation_results/IndelSIEVE_benchmark_pipeline_sa_001/benchmark_results/simulated_data/results/cell_names	/raid/kang/DelSIEVE/simulation_results/IndelSIEVE_benchmark_pipeline_sa_001/benchmark_results/indelsieve/from_candidate/variant_calling/stage2/mt/no_cnv/smc_mu_sa_stage_1-smc_mu_sa_stage_2/0005/indelsieve_median.cell_names	/raid/kang/DelSIEVE/simulation_results/IndelSIEVE_benchmark_pipeline_sa_001/benchmark_results/simulated_data/results/data_type/no_cnv/0005/true_evo_events_sites_names	/raid/kang/DelSIEVE/simulation_results/IndelSIEVE_benchmark_pipeline_sa_001/benchmark_results/indelsieve/from_candidate/variant_calling/stage2/mt/no_cnv/smc_mu_sa_stage_1-smc_mu_sa_stage_2/0005/indelsieve_median.loci_info	/raid/kang/DelSIEVE/simulation_results/IndelSIEVE_benchmark_pipeline_sa_001/benchmark_results/simulated_data/results/data_type/no_cnv/0005/true_evo_events_genotypes_numeric	/raid/kang/DelSIEVE/simulation_results/IndelSIEVE_benchmark_pipeline_sa_001/benchmark_results/indelsieve/from_candidate/variant_calling/stage2/mt/no_cnv/smc_mu_sa_stage_1-smc_mu_sa_stage_2/0005/indelsieve_median.genotypes	/raid/kang/DelSIEVE/simulation_results/IndelSIEVE_benchmark_pipeline_sa_001/benchmark_results/simulated_data/results/data_type/no_cnv/0005/true_evo_events_ternary_matrix.simple	/raid/kang/DelSIEVE/simulation_results/IndelSIEVE_benchmark_pipeline_sa_001/benchmark_results/indelsieve/from_candidate/variant_calling/stage2/mt/no_cnv/smc_mu_sa_stage_1-smc_mu_sa_stage_2/0005/indelsieve_median.ternary	/raid/kang/DelSIEVE/simulation_results/IndelSIEVE_benchmark_pipeline_sa_001/benchmark_results/indelsieve/from_candidate/variant_calling/stage2/mt/no_cnv/smc_mu_sa_stage_1-smc_mu_sa_stage_2/0005/indelsieve_median.probs	8085	33	31534	1148	0.8756633813495072	0.9959349593495936	0.9319347588035272	0.0010453955079671	8082	36	32279	403	0.9525044195639364	0.9955654101995566	0.973558995362284	0.0011140337304657	7995	55	32347	403	0.9520123839009288	0.993167701863354	0.9721546692607004	0.0016974260848095	68	0	40719	13	0.8395061728395061	1.0	0.912751677852349	0.0	81	33	0	13	0	0	24789	51	0.0	NA	0.0	NA	0	0	24840	0	NA	NA	0.0	NA	0	0	24834	6	0.0	NA	0.0	NA	0	0	24795	45	0.0	NA	0.0	NA	42	3	6	0	0	0	24840	0	NA	NA	0.0	NA
40	20	2	0.001999	0.3	1e-06	1e-07	0.0	0005	indelsieve	candidate_snvs	smc_mudel_sa_stage_1-smc_mudel_sa_stage_2	mt	no_cnv	/raid/kang/DelSIEVE/simulation_results/IndelSIEVE_benchmark_pipeline_sa_001/benchmark_results/simulated_data/results/cell_names	/raid/kang/DelSIEVE/simulation_results/IndelSIEVE_benchmark_pipeline_sa_001/benchmark_results/indelsieve/from_candidate/variant_calling/stage2/mt/no_cnv/smc_mudel_sa_stage_1-smc_mudel_sa_stage_2/0005/indelsieve_median.cell_names	/raid/kang/DelSIEVE/simulation_results/IndelSIEVE_benchmark_pipeline_sa_001/benchmark_results/simulated_data/results/data_type/no_cnv/0005/true_evo_events_sites_names	/raid/kang/DelSIEVE/simulation_results/IndelSIEVE_benchmark_pipeline_sa_001/benchmark_results/indelsieve/from_candidate/variant_calling/stage2/mt/no_cnv/smc_mudel_sa_stage_1-smc_mudel_sa_stage_2/0005/indelsieve_median.loci_info	/raid/kang/DelSIEVE/simulation_results/IndelSIEVE_benchmark_pipeline_sa_001/benchmark_results/simulated_data/results/data_type/no_cnv/0005/true_evo_events_genotypes_numeric	/raid/kang/DelSIEVE/simulation_results/IndelSIEVE_benchmark_pipeline_sa_001/benchmark_results/indelsieve/from_candidate/variant_calling/stage2/mt/no_cnv/smc_mudel_sa_stage_1-smc_mudel_sa_stage_2/0005/indelsieve_median.genotypes	/raid/kang/DelSIEVE/simulation_results/IndelSIEVE_benchmark_pipeline_sa_001/benchmark_results/simulated_data/results/data_type/no_cnv/0005/true_evo_events_ternary_matrix.simple	/raid/kang/DelSIEVE/simulation_results/IndelSIEVE_benchmark_pipeline_sa_001/benchmark_results/indelsieve/from_candidate/variant_calling/stage2/mt/no_cnv/smc_mudel_sa_stage_1-smc_mudel_sa_stage_2/0005/indelsieve_median.ternary	/raid/kang/DelSIEVE/simulation_results/IndelSIEVE_benchmark_pipeline_sa_001/benchmark_results/indelsieve/from_candidate/variant_calling/stage2/mt/no_cnv/smc_mudel_sa_stage_1-smc_mudel_sa_stage_2/0005/indelsieve_median.probs	8120	33	31534	1113	0.8794541319181198	0.9959524101557709	0.9340848958932476	0.0010453955079671	8080	36	32279	405	0.9522687094873306	0.9955643173977328	0.97343533522077	0.0011140337304657	7993	49	32353	405	0.9517742319599904	0.9939069883113654	0.9723844282238444	0.001512252330103	68	0	40719	13	0.8395061728395061	1.0	0.912751677852349	0.0	81	33	0	13	43	0	24789	8	0.8431372549019608	1.0	0.0	0.9148936170212766	0	0	24840	0	NA	NA	0.0	NA	6	0	24834	0	1.0	1.0	0.0	1.0	37	0	24795	8	0.8222222222222222	1.0	0.0	0.902439024390244	5	3	0	0	0	0	24840	0	NA	NA	0.0	NA
40	20	2	0.001999	0.3	1e-06	1e-07	0.0	0006	sieve	candidate_snvs	smc_mu_sa_stage_1-smc_mu_sa_stage_2	mt	no_cnv	/raid/kang/DelSIEVE/simulation_results/IndelSIEVE_benchmark_pipeline_sa_001/benchmark_results/simulated_data/results/cell_names	/raid/kang/DelSIEVE/simulation_results/IndelSIEVE_benchmark_pipeline_sa_001/benchmark_results/indelsieve/from_candidate/variant_calling/stage2/mt/no_cnv/smc_mu_sa_stage_1-smc_mu_sa_stage_2/0006/indelsieve_median.cell_names	/raid/kang/DelSIEVE/simulation_results/IndelSIEVE_benchmark_pipeline_sa_001/benchmark_results/simulated_data/results/data_type/no_cnv/0006/true_evo_events_sites_names	/raid/kang/DelSIEVE/simulation_results/IndelSIEVE_benchmark_pipeline_sa_001/benchmark_results/indelsieve/from_candidate/variant_calling/stage2/mt/no_cnv/smc_mu_sa_stage_1-smc_mu_sa_stage_2/0006/indelsieve_median.loci_info	/raid/kang/DelSIEVE/simulation_results/IndelSIEVE_benchmark_pipeline_sa_001/benchmark_results/simulated_data/results/data_type/no_cnv/0006/true_evo_events_genotypes_numeric	/raid/kang/DelSIEVE/simulation_results/IndelSIEVE_benchmark_pipeline_sa_001/benchmark_results/indelsieve/from_candidate/variant_calling/stage2/mt/no_cnv/smc_mu_sa_stage_1-smc_mu_sa_stage_2/0006/indelsieve_median.genotypes	/raid/kang/DelSIEVE/simulation_results/IndelSIEVE_benchmark_pipeline_sa_001/benchmark_results/simulated_data/results/data_type/no_cnv/0006/true_evo_events_ternary_matrix.simple	/raid/kang/DelSIEVE/simulation_results/IndelSIEVE_benchmark_pipeline_sa_001/benchmark_results/indelsieve/from_candidate/variant_calling/stage2/mt/no_cnv/smc_mu_sa_stage_1-smc_mu_sa_stage_2/0006/indelsieve_median.ternary	/raid/kang/DelSIEVE/simulation_results/IndelSIEVE_benchmark_pipeline_sa_001/benchmark_results/indelsieve/from_candidate/variant_calling/stage2/mt/no_cnv/smc_mu_sa_stage_1-smc_mu_sa_stage_2/0006/indelsieve_median.probs	6784	28	37247	1301	0.8390847247990105	0.9958896065766296	0.9107874068604416	0.0007511737089201	6784	28	38092	455	0.9371460146429064	0.9958896065766296	0.9656252224040992	0.0007345225603357	6727	45	38132	455	0.9366471734892788	0.9933549911399882	0.9641679805073814	0.0011787201718312	40	0	45308	11	0.7843137254901961	1.0	0.8791208791208792	0.0	51	28	0	11	0	0	26081	39	0.0	NA	0.0	NA	0	0	26120	0	NA	NA	0.0	NA	0	0	26114	6	0.0	NA	0.0	NA	0	0	26087	33	0.0	NA	0.0	NA	33	0	6	0	0	0	26120	0	NA	NA	0.0	NA
40	20	2	0.001999	0.3	1e-06	1e-07	0.0	0006	indelsieve	candidate_snvs	smc_mudel_sa_stage_1-smc_mudel_sa_stage_2	mt	no_cnv	/raid/kang/DelSIEVE/simulation_results/IndelSIEVE_benchmark_pipeline_sa_001/benchmark_results/simulated_data/results/cell_names	/raid/kang/DelSIEVE/simulation_results/IndelSIEVE_benchmark_pipeline_sa_001/benchmark_results/indelsieve/from_candidate/variant_calling/stage2/mt/no_cnv/smc_mudel_sa_stage_1-smc_mudel_sa_stage_2/0006/indelsieve_median.cell_names	/raid/kang/DelSIEVE/simulation_results/IndelSIEVE_benchmark_pipeline_sa_001/benchmark_results/simulated_data/results/data_type/no_cnv/0006/true_evo_events_sites_names	/raid/kang/DelSIEVE/simulation_results/IndelSIEVE_benchmark_pipeline_sa_001/benchmark_results/indelsieve/from_candidate/variant_calling/stage2/mt/no_cnv/smc_mudel_sa_stage_1-smc_mudel_sa_stage_2/0006/indelsieve_median.loci_info	/raid/kang/DelSIEVE/simulation_results/IndelSIEVE_benchmark_pipeline_sa_001/benchmark_results/simulated_data/results/data_type/no_cnv/0006/true_evo_events_genotypes_numeric	/raid/kang/DelSIEVE/simulation_results/IndelSIEVE_benchmark_pipeline_sa_001/benchmark_results/indelsieve/from_candidate/variant_calling/stage2/mt/no_cnv/smc_mudel_sa_stage_1-smc_mudel_sa_stage_2/0006/indelsieve_median.genotypes	/raid/kang/DelSIEVE/simulation_results/IndelSIEVE_benchmark_pipeline_sa_001/benchmark_results/simulated_data/results/data_type/no_cnv/0006/true_evo_events_ternary_matrix.simple	/raid/kang/DelSIEVE/simulation_results/IndelSIEVE_benchmark_pipeline_sa_001/benchmark_results/indelsieve/from_candidate/variant_calling/stage2/mt/no_cnv/smc_mudel_sa_stage_1-smc_mudel_sa_stage_2/0006/indelsieve_median.ternary	/raid/kang/DelSIEVE/simulation_results/IndelSIEVE_benchmark_pipeline_sa_001/benchmark_results/indelsieve/from_candidate/variant_calling/stage2/mt/no_cnv/smc_mudel_sa_stage_1-smc_mudel_sa_stage_2/0006/indelsieve_median.probs	6817	28	37247	1268	0.8431663574520717	0.99590942293645	0.913194909578031	0.0007511737089201	6784	28	38092	455	0.9371460146429064	0.9958896065766296	0.9656252224040992	0.0007345225603357	6727	45	38132	455	0.9366471734892788	0.9933549911399882	0.9641679805073814	0.0011787201718312	40	0	45308	11	0.7843137254901961	1.0	0.8791208791208792	0.0	51	28	0	11	33	0	26081	6	0.8461538461538461	1.0	0.0	0.9166666666666666	0	0	26120	0	NA	NA	0.0	NA	0	0	26114	6	0.0	NA	0.0	NA	33	0	26087	0	1.0	1.0	0.0	1.0	0	0	6	0	0	0	26120	0	NA	NA	0.0	NA
40	20	2	0.001999	0.3	1e-06	1e-07	0.0	0007	sieve	candidate_snvs	smc_mu_sa_stage_1-smc_mu_sa_stage_2	mt	no_cnv	/raid/kang/DelSIEVE/simulation_results/IndelSIEVE_benchmark_pipeline_sa_001/benchmark_results/simulated_data/results/cell_names	/raid/kang/DelSIEVE/simulation_results/IndelSIEVE_benchmark_pipeline_sa_001/benchmark_results/indelsieve/from_candidate/variant_calling/stage2/mt/no_cnv/smc_mu_sa_stage_1-smc_mu_sa_stage_2/0007/indelsieve_median.cell_names	/raid/kang/DelSIEVE/simulation_results/IndelSIEVE_benchmark_pipeline_sa_001/benchmark_results/simulated_data/results/data_type/no_cnv/0007/true_evo_events_sites_names	/raid/kang/DelSIEVE/simulation_results/IndelSIEVE_benchmark_pipeline_sa_001/benchmark_results/indelsieve/from_candidate/variant_calling/stage2/mt/no_cnv/smc_mu_sa_stage_1-smc_mu_sa_stage_2/0007/indelsieve_median.loci_info	/raid/kang/DelSIEVE/simulation_results/IndelSIEVE_benchmark_pipeline_sa_001/benchmark_results/simulated_data/results/data_type/no_cnv/0007/true_evo_events_genotypes_numeric	/raid/kang/DelSIEVE/simulation_results/IndelSIEVE_benchmark_pipeline_sa_001/benchmark_results/indelsieve/from_candidate/variant_calling/stage2/mt/no_cnv/smc_mu_sa_stage_1-smc_mu_sa_stage_2/0007/indelsieve_median.genotypes	/raid/kang/DelSIEVE/simulation_results/IndelSIEVE_benchmark_pipeline_sa_001/benchmark_results/simulated_data/results/data_type/no_cnv/0007/true_evo_events_ternary_matrix.simple	/raid/kang/DelSIEVE/simulation_results/IndelSIEVE_benchmark_pipeline_sa_001/benchmark_results/indelsieve/from_candidate/variant_calling/stage2/mt/no_cnv/smc_mu_sa_stage_1-smc_mu_sa_stage_2/0007/indelsieve_median.ternary	/raid/kang/DelSIEVE/simulation_results/IndelSIEVE_benchmark_pipeline_sa_001/benchmark_results/indelsieve/from_candidate/variant_calling/stage2/mt/no_cnv/smc_mu_sa_stage_1-smc_mu_sa_stage_2/0007/indelsieve_median.probs	5452	15	28366	1007	0.8440935129276977	0.9972562648618988	0.9143048800939124	0.0005285226031499	5452	15	28949	424	0.9278420694349898	0.9972562648618988	0.9612977166534428	0.0005178842701284	5416	37	28963	424	0.9273972602739726	0.993214744177517	0.9591782520145222	0.0012758620689655	14	0	34812	14	0.5	1.0	0.6666666666666666	0.0	28	15	0	14	0	0	17261	19	0.0	NA	0.0	NA	0	0	17280	0	NA	NA	0.0	NA	0	0	17272	8	0.0	NA	0.0	NA	0	0	17269	11	0.0	NA	0.0	NA	11	0	8	0	0	0	17280	0	NA	NA	0.0	NA
40	20	2	0.001999	0.3	1e-06	1e-07	0.0	0007	indelsieve	candidate_snvs	smc_mudel_sa_stage_1-smc_mudel_sa_stage_2	mt	no_cnv	/raid/kang/DelSIEVE/simulation_results/IndelSIEVE_benchmark_pipeline_sa_001/benchmark_results/simulated_data/results/cell_names	/raid/kang/DelSIEVE/simulation_results/IndelSIEVE_benchmark_pipeline_sa_001/benchmark_results/indelsieve/from_candidate/variant_calling/stage2/mt/no_cnv/smc_mudel_sa_stage_1-smc_mudel_sa_stage_2/0007/indelsieve_median.cell_names	/raid/kang/DelSIEVE/simulation_results/IndelSIEVE_benchmark_pipeline_sa_001/benchmark_results/simulated_data/results/data_type/no_cnv/0007/true_evo_events_sites_names	/raid/kang/DelSIEVE/simulation_results/IndelSIEVE_benchmark_pipeline_sa_001/benchmark_results/indelsieve/from_candidate/variant_calling/stage2/mt/no_cnv/smc_mudel_sa_stage_1-smc_mudel_sa_stage_2/0007/indelsieve_median.loci_info	/raid/kang/DelSIEVE/simulation_results/IndelSIEVE_benchmark_pipeline_sa_001/benchmark_results/simulated_data/results/data_type/no_cnv/0007/true_evo_events_genotypes_numeric	/raid/kang/DelSIEVE/simulation_results/IndelSIEVE_benchmark_pipeline_sa_001/benchmark_results/indelsieve/from_candidate/variant_calling/stage2/mt/no_cnv/smc_mudel_sa_stage_1-smc_mudel_sa_stage_2/0007/indelsieve_median.genotypes	/raid/kang/DelSIEVE/simulation_results/IndelSIEVE_benchmark_pipeline_sa_001/benchmark_results/simulated_data/results/data_type/no_cnv/0007/true_evo_events_ternary_matrix.simple	/raid/kang/DelSIEVE/simulation_results/IndelSIEVE_benchmark_pipeline_sa_001/benchmark_results/indelsieve/from_candidate/variant_calling/stage2/mt/no_cnv/smc_mudel_sa_stage_1-smc_mudel_sa_stage_2/0007/indelsieve_median.ternary	/raid/kang/DelSIEVE/simulation_results/IndelSIEVE_benchmark_pipeline_sa_001/benchmark_results/indelsieve/from_candidate/variant_calling/stage2/mt/no_cnv/smc_mudel_sa_stage_1-smc_mudel_sa_stage_2/0007/indelsieve_median.probs	5461	22	28359	998	0.845486917479486	0.9959875980302754	0.9145871713280858	0.0007751664846199	5452	19	28945	424	0.9278420694349898	0.99652714311826	0.960958843747246	0.0006559867421626	5416	34	28966	424	0.9273972602739726	0.9937614678899084	0.9594331266607616	0.0011724137931034	14	0	34812	14	0.5	1.0	0.6666666666666666	0.0	28	19	0	14	16	3	17258	3	0.8421052631578947	0.8421052631578947	0.0001738022130815	0.8421052631578947	0	0	17280	0	NA	NA	0.0	NA	7	0	17272	1	0.875	1.0	0.0	0.9333333333333332	9	3	17266	2	0.8181818181818182	0.75	0.00017372169784	0.7826086956521738	2	0	1	0	0	0	17280	0	NA	NA	0.0	NA
40	20	2	0.001999	0.3	1e-06	1e-07	0.0	0008	sieve	candidate_snvs	smc_mu_sa_stage_1-smc_mu_sa_stage_2	mt	no_cnv	/raid/kang/DelSIEVE/simulation_results/IndelSIEVE_benchmark_pipeline_sa_001/benchmark_results/simulated_data/results/cell_names	/raid/kang/DelSIEVE/simulation_results/IndelSIEVE_benchmark_pipeline_sa_001/benchmark_results/indelsieve/from_candidate/variant_calling/stage2/mt/no_cnv/smc_mu_sa_stage_1-smc_mu_sa_stage_2/0008/indelsieve_median.cell_names	/raid/kang/DelSIEVE/simulation_results/IndelSIEVE_benchmark_pipeline_sa_001/benchmark_results/simulated_data/results/data_type/no_cnv/0008/true_evo_events_sites_names	/raid/kang/DelSIEVE/simulation_results/IndelSIEVE_benchmark_pipeline_sa_001/benchmark_results/indelsieve/from_candidate/variant_calling/stage2/mt/no_cnv/smc_mu_sa_stage_1-smc_mu_sa_stage_2/0008/indelsieve_median.loci_info	/raid/kang/DelSIEVE/simulation_results/IndelSIEVE_benchmark_pipeline_sa_001/benchmark_results/simulated_data/results/data_type/no_cnv/0008/true_evo_events_genotypes_numeric	/raid/kang/DelSIEVE/simulation_results/IndelSIEVE_benchmark_pipeline_sa_001/benchmark_results/indelsieve/from_candidate/variant_calling/stage2/mt/no_cnv/smc_mu_sa_stage_1-smc_mu_sa_stage_2/0008/indelsieve_median.genotypes	/raid/kang/DelSIEVE/simulation_results/IndelSIEVE_benchmark_pipeline_sa_001/benchmark_results/simulated_data/results/data_type/no_cnv/0008/true_evo_events_ternary_matrix.simple	/raid/kang/DelSIEVE/simulation_results/IndelSIEVE_benchmark_pipeline_sa_001/benchmark_results/indelsieve/from_candidate/variant_calling/stage2/mt/no_cnv/smc_mu_sa_stage_1-smc_mu_sa_stage_2/0008/indelsieve_median.ternary	/raid/kang/DelSIEVE/simulation_results/IndelSIEVE_benchmark_pipeline_sa_001/benchmark_results/indelsieve/from_candidate/variant_calling/stage2/mt/no_cnv/smc_mu_sa_stage_1-smc_mu_sa_stage_2/0008/indelsieve_median.probs	6608	27	37386	1139	0.8529753452949529	0.9959306706857574	0.918926435822556	0.0007216742843396	6607	28	38059	466	0.9341156510674395	0.9957799547852298	0.9639626495477092	0.000735158978129	6555	54	38085	466	0.933627688363481	0.9918293236495688	0.9618488628026411	0.0014158735152993	26	0	45127	7	0.7878787878787878	1.0	0.8813559322033898	0.0	33	27	0	7	0	0	26506	54	0.0	NA	0.0	NA	0	0	26560	0	NA	NA	0.0	NA	0	0	26541	19	0.0	NA	0.0	NA	0	0	26525	35	0.0	NA	0.0	NA	34	1	19	0	0	0	26560	0	NA	NA	0.0	NA
40	20	2	0.001999	0.3	1e-06	1e-07	0.0	0008	indelsieve	candidate_snvs	smc_mudel_sa_stage_1-smc_mudel_sa_stage_2	mt	no_cnv	/raid/kang/DelSIEVE/simulation_results/IndelSIEVE_benchmark_pipeline_sa_001/benchmark_results/simulated_data/results/cell_names	/raid/kang/DelSIEVE/simulation_results/IndelSIEVE_benchmark_pipeline_sa_001/benchmark_results/indelsieve/from_candidate/variant_calling/stage2/mt/no_cnv/smc_mudel_sa_stage_1-smc_mudel_sa_stage_2/0008/indelsieve_median.cell_names	/raid/kang/DelSIEVE/simulation_results/IndelSIEVE_benchmark_pipeline_sa_001/benchmark_results/simulated_data/results/data_type/no_cnv/0008/true_evo_events_sites_names	/raid/kang/DelSIEVE/simulation_results/IndelSIEVE_benchmark_pipeline_sa_001/benchmark_results/indelsieve/from_candidate/variant_calling/stage2/mt/no_cnv/smc_mudel_sa_stage_1-smc_mudel_sa_stage_2/0008/indelsieve_median.loci_info	/raid/kang/DelSIEVE/simulation_results/IndelSIEVE_benchmark_pipeline_sa_001/benchmark_results/simulated_data/results/data_type/no_cnv/0008/true_evo_events_genotypes_numeric	/raid/kang/DelSIEVE/simulation_results/IndelSIEVE_benchmark_pipeline_sa_001/benchmark_results/indelsieve/from_candidate/variant_calling/stage2/mt/no_cnv/smc_mudel_sa_stage_1-smc_mudel_sa_stage_2/0008/indelsieve_median.genotypes	/raid/kang/DelSIEVE/simulation_results/IndelSIEVE_benchmark_pipeline_sa_001/benchmark_results/simulated_data/results/data_type/no_cnv/0008/true_evo_events_ternary_matrix.simple	/raid/kang/DelSIEVE/simulation_results/IndelSIEVE_benchmark_pipeline_sa_001/benchmark_results/indelsieve/from_candidate/variant_calling/stage2/mt/no_cnv/smc_mudel_sa_stage_1-smc_mudel_sa_stage_2/0008/indelsieve_median.ternary	/raid/kang/DelSIEVE/simulation_results/IndelSIEVE_benchmark_pipeline_sa_001/benchmark_results/indelsieve/from_candidate/variant_calling/stage2/mt/no_cnv/smc_mudel_sa_stage_1-smc_mudel_sa_stage_2/0008/indelsieve_median.probs	6638	27	37386	1109	0.8568478120562798	0.9959489872468116	0.9211767971135164	0.0007216742843396	6607	28	38059	466	0.9341156510674395	0.9957799547852298	0.9639626495477092	0.000735158978129	6555	35	38104	466	0.933627688363481	0.9946889226100152	0.9631915362574388	0.0009176957969532	26	0	45127	7	0.7878787878787878	1.0	0.8813559322033898	0.0	33	27	0	7	49	0	26506	5	0.9074074074074074	1.0	0.0	0.9514563106796116	0	0	26560	0	NA	NA	0.0	NA	19	0	26541	0	1.0	1.0	0.0	1.0	30	0	26525	5	0.8571428571428571	1.0	0.0	0.923076923076923	4	1	0	0	0	0	26560	0	NA	NA	0.0	NA
40	20	2	0.001999	0.3	1e-06	1e-07	0.0	0009	sieve	candidate_snvs	smc_mu_sa_stage_1-smc_mu_sa_stage_2	mt	no_cnv	/raid/kang/DelSIEVE/simulation_results/IndelSIEVE_benchmark_pipeline_sa_001/benchmark_results/simulated_data/results/cell_names	/raid/kang/DelSIEVE/simulation_results/IndelSIEVE_benchmark_pipeline_sa_001/benchmark_results/indelsieve/from_candidate/variant_calling/stage2/mt/no_cnv/smc_mu_sa_stage_1-smc_mu_sa_stage_2/0009/indelsieve_median.cell_names	/raid/kang/DelSIEVE/simulation_results/IndelSIEVE_benchmark_pipeline_sa_001/benchmark_results/simulated_data/results/data_type/no_cnv/0009/true_evo_events_sites_names	/raid/kang/DelSIEVE/simulation_results/IndelSIEVE_benchmark_pipeline_sa_001/benchmark_results/indelsieve/from_candidate/variant_calling/stage2/mt/no_cnv/smc_mu_sa_stage_1-smc_mu_sa_stage_2/0009/indelsieve_median.loci_info	/raid/kang/DelSIEVE/simulation_results/IndelSIEVE_benchmark_pipeline_sa_001/benchmark_results/simulated_data/results/data_type/no_cnv/0009/true_evo_events_genotypes_numeric	/raid/kang/DelSIEVE/simulation_results/IndelSIEVE_benchmark_pipeline_sa_001/benchmark_results/indelsieve/from_candidate/variant_calling/stage2/mt/no_cnv/smc_mu_sa_stage_1-smc_mu_sa_stage_2/0009/indelsieve_median.genotypes	/raid/kang/DelSIEVE/simulation_results/IndelSIEVE_benchmark_pipeline_sa_001/benchmark_results/simulated_data/results/data_type/no_cnv/0009/true_evo_events_ternary_matrix.simple	/raid/kang/DelSIEVE/simulation_results/IndelSIEVE_benchmark_pipeline_sa_001/benchmark_results/indelsieve/from_candidate/variant_calling/stage2/mt/no_cnv/smc_mu_sa_stage_1-smc_mu_sa_stage_2/0009/indelsieve_median.ternary	/raid/kang/DelSIEVE/simulation_results/IndelSIEVE_benchmark_pipeline_sa_001/benchmark_results/indelsieve/from_candidate/variant_calling/stage2/mt/no_cnv/smc_mu_sa_stage_1-smc_mu_sa_stage_2/0009/indelsieve_median.probs	8109	30	33069	1272	0.864406779661017	0.9963140434942868	0.9256849315068494	0.0009063717937097	8109	30	33896	444	0.9480883900385828	0.9963140434942868	0.9716031631919482	0.0008842775452455	8081	40	33914	444	0.9479178885630498	0.9950744982145056	0.9709239456926588	0.0011780644401248	18	0	42454	7	0.72	1.0	0.8372093023255813	0.0	25	30	0	7	0	0	26342	18	0.0	NA	0.0	NA	0	0	26360	0	NA	NA	0.0	NA	0	0	26357	3	0.0	NA	0.0	NA	0	0	26345	15	0.0	NA	0.0	NA	15	0	3	0	0	0	26360	0	NA	NA	0.0	NA
40	20	2	0.001999	0.3	1e-06	1e-07	0.0	0009	indelsieve	candidate_snvs	smc_mudel_sa_stage_1-smc_mudel_sa_stage_2	mt	no_cnv	/raid/kang/DelSIEVE/simulation_results/IndelSIEVE_benchmark_pipeline_sa_001/benchmark_results/simulated_data/results/cell_names	/raid/kang/DelSIEVE/simulation_results/IndelSIEVE_benchmark_pipeline_sa_001/benchmark_results/indelsieve/from_candidate/variant_calling/stage2/mt/no_cnv/smc_mudel_sa_stage_1-smc_mudel_sa_stage_2/0009/indelsieve_median.cell_names	/raid/kang/DelSIEVE/simulation_results/IndelSIEVE_benchmark_pipeline_sa_001/benchmark_results/simulated_data/results/data_type/no_cnv/0009/true_evo_events_sites_names	/raid/kang/DelSIEVE/simulation_results/IndelSIEVE_benchmark_pipeline_sa_001/benchmark_results/indelsieve/from_candidate/variant_calling/stage2/mt/no_cnv/smc_mudel_sa_stage_1-smc_mudel_sa_stage_2/0009/indelsieve_median.loci_info	/raid/kang/DelSIEVE/simulation_results/IndelSIEVE_benchmark_pipeline_sa_001/benchmark_results/simulated_data/results/data_type/no_cnv/0009/true_evo_events_genotypes_numeric	/raid/kang/DelSIEVE/simulation_results/IndelSIEVE_benchmark_pipeline_sa_001/benchmark_results/indelsieve/from_candidate/variant_calling/stage2/mt/no_cnv/smc_mudel_sa_stage_1-smc_mudel_sa_stage_2/0009/indelsieve_median.genotypes	/raid/kang/DelSIEVE/simulation_results/IndelSIEVE_benchmark_pipeline_sa_001/benchmark_results/simulated_data/results/data_type/no_cnv/0009/true_evo_events_ternary_matrix.simple	/raid/kang/DelSIEVE/simulation_results/IndelSIEVE_benchmark_pipeline_sa_001/benchmark_results/indelsieve/from_candidate/variant_calling/stage2/mt/no_cnv/smc_mudel_sa_stage_1-smc_mudel_sa_stage_2/0009/indelsieve_median.ternary	/raid/kang/DelSIEVE/simulation_results/IndelSIEVE_benchmark_pipeline_sa_001/benchmark_results/indelsieve/from_candidate/variant_calling/stage2/mt/no_cnv/smc_mudel_sa_stage_1-smc_mudel_sa_stage_2/0009/indelsieve_median.probs	8123	35	33064	1258	0.8658991578722951	0.9957097327776416	0.9262785791664292	0.001057433759328	8109	30	33896	444	0.9480883900385828	0.9963140434942868	0.9716031631919482	0.0008842775452455	8081	37	33917	444	0.9479178885630498	0.9954422271495442	0.971098960523944	0.0010897096071155	18	0	42454	7	0.72	1.0	0.8372093023255813	0.0	25	30	0	7	17	5	26337	1	0.9444444444444444	0.7727272727272727	0.0001898109482954	0.85	0	0	26360	0	NA	NA	0.0	NA	3	0	26357	0	1.0	1.0	0.0	1.0	14	5	26340	1	0.9333333333333332	0.7368421052631579	0.0001897893338394	0.8235294117647058	1	0	0	0	0	0	26360	0	NA	NA	0.0	NA
40	20	2	0.001999	0.3	1e-06	1e-07	0.0	0010	sieve	candidate_snvs	smc_mu_sa_stage_1-smc_mu_sa_stage_2	mt	no_cnv	/raid/kang/DelSIEVE/simulation_results/IndelSIEVE_benchmark_pipeline_sa_001/benchmark_results/simulated_data/results/cell_names	/raid/kang/DelSIEVE/simulation_results/IndelSIEVE_benchmark_pipeline_sa_001/benchmark_results/indelsieve/from_candidate/variant_calling/stage2/mt/no_cnv/smc_mu_sa_stage_1-smc_mu_sa_stage_2/0010/indelsieve_median.cell_names	/raid/kang/DelSIEVE/simulation_results/IndelSIEVE_benchmark_pipeline_sa_001/benchmark_results/simulated_data/results/data_type/no_cnv/0010/true_evo_events_sites_names	/raid/kang/DelSIEVE/simulation_results/IndelSIEVE_benchmark_pipeline_sa_001/benchmark_results/indelsieve/from_candidate/variant_calling/stage2/mt/no_cnv/smc_mu_sa_stage_1-smc_mu_sa_stage_2/0010/indelsieve_median.loci_info	/raid/kang/DelSIEVE/simulation_results/IndelSIEVE_benchmark_pipeline_sa_001/benchmark_results/simulated_data/results/data_type/no_cnv/0010/true_evo_events_genotypes_numeric	/raid/kang/DelSIEVE/simulation_results/IndelSIEVE_benchmark_pipeline_sa_001/benchmark_results/indelsieve/from_candidate/variant_calling/stage2/mt/no_cnv/smc_mu_sa_stage_1-smc_mu_sa_stage_2/0010/indelsieve_median.genotypes	/raid/kang/DelSIEVE/simulation_results/IndelSIEVE_benchmark_pipeline_sa_001/benchmark_results/simulated_data/results/data_type/no_cnv/0010/true_evo_events_ternary_matrix.simple	/raid/kang/DelSIEVE/simulation_results/IndelSIEVE_benchmark_pipeline_sa_001/benchmark_results/indelsieve/from_candidate/variant_calling/stage2/mt/no_cnv/smc_mu_sa_stage_1-smc_mu_sa_stage_2/0010/indelsieve_median.ternary	/raid/kang/DelSIEVE/simulation_results/IndelSIEVE_benchmark_pipeline_sa_001/benchmark_results/indelsieve/from_candidate/variant_calling/stage2/mt/no_cnv/smc_mu_sa_stage_1-smc_mu_sa_stage_2/0010/indelsieve_median.probs	10631	38	40405	1686	0.8631160185110011	0.9964382791264412	0.9249978247628992	0.0009395939964888	10628	41	41434	657	0.9417811253876828	0.9961570906364232	0.9682062494306276	0.0009885473176612	10566	54	41483	657	0.9414595028067362	0.994915254237288	0.9674495261639884	0.0013000457423501	48	1	52701	10	0.8275862068965517	0.979591836734694	0.897196261682243	1.8974611969185232e-05	58	38	1	9	0	0	28620	20	0.0	NA	0.0	NA	0	0	28640	0	NA	NA	0.0	NA	0	0	28636	4	0.0	NA	0.0	NA	0	0	28624	16	0.0	NA	0.0	NA	13	3	4	0	0	0	28640	0	NA	NA	0.0	NA
40	20	2	0.001999	0.3	1e-06	1e-07	0.0	0010	indelsieve	candidate_snvs	smc_mudel_sa_stage_1-smc_mudel_sa_stage_2	mt	no_cnv	/raid/kang/DelSIEVE/simulation_results/IndelSIEVE_benchmark_pipeline_sa_001/benchmark_results/simulated_data/results/cell_names	/raid/kang/DelSIEVE/simulation_results/IndelSIEVE_benchmark_pipeline_sa_001/benchmark_results/indelsieve/from_candidate/variant_calling/stage2/mt/no_cnv/smc_mudel_sa_stage_1-smc_mudel_sa_stage_2/0010/indelsieve_median.cell_names	/raid/kang/DelSIEVE/simulation_results/IndelSIEVE_benchmark_pipeline_sa_001/benchmark_results/simulated_data/results/data_type/no_cnv/0010/true_evo_events_sites_names	/raid/kang/DelSIEVE/simulation_results/IndelSIEVE_benchmark_pipeline_sa_001/benchmark_results/indelsieve/from_candidate/variant_calling/stage2/mt/no_cnv/smc_mudel_sa_stage_1-smc_mudel_sa_stage_2/0010/indelsieve_median.loci_info	/raid/kang/DelSIEVE/simulation_results/IndelSIEVE_benchmark_pipeline_sa_001/benchmark_results/simulated_data/results/data_type/no_cnv/0010/true_evo_events_genotypes_numeric	/raid/kang/DelSIEVE/simulation_results/IndelSIEVE_benchmark_pipeline_sa_001/benchmark_results/indelsieve/from_candidate/variant_calling/stage2/mt/no_cnv/smc_mudel_sa_stage_1-smc_mudel_sa_stage_2/0010/indelsieve_median.genotypes	/raid/kang/DelSIEVE/simulation_results/IndelSIEVE_benchmark_pipeline_sa_001/benchmark_results/simulated_data/results/data_type/no_cnv/0010/true_evo_events_ternary_matrix.simple	/raid/kang/DelSIEVE/simulation_results/IndelSIEVE_benchmark_pipeline_sa_001/benchmark_results/indelsieve/from_candidate/variant_calling/stage2/mt/no_cnv/smc_mudel_sa_stage_1-smc_mudel_sa_stage_2/0010/indelsieve_median.ternary	/raid/kang/DelSIEVE/simulation_results/IndelSIEVE_benchmark_pipeline_sa_001/benchmark_results/indelsieve/from_candidate/variant_calling/stage2/mt/no_cnv/smc_mudel_sa_stage_1-smc_mudel_sa_stage_2/0010/indelsieve_median.probs	10638	38	40405	1679	0.8636843387188439	0.9964406144623454	0.9253250989431564	0.0009395939964888	10628	41	41434	657	0.9417811253876828	0.9961570906364232	0.9682062494306276	0.0009885473176612	10566	51	41486	657	0.9414595028067362	0.9951963831590844	0.9675824175824176	0.0012278209788862	48	1	52701	10	0.8275862068965517	0.979591836734694	0.897196261682243	1.8974611969185232e-05	58	38	1	9	10	0	28620	10	0.5	1.0	0.0	0.6666666666666666	0	0	28640	0	NA	NA	0.0	NA	3	0	28636	1	0.75	1.0	0.0	0.8571428571428571	7	0	28624	9	0.4375	1.0	0.0	0.6086956521739131	6	3	1	0	0	0	28640	0	NA	NA	0.0	NA
