cell_num	coverage_mean	coverage_variance	eff_seq_err_rate	ado_rate	mutation_rate	deletion_rate	insertion_rate	dataset	tool	snv_type	tool_setup	fine_tune_type	data_type	true_cell_names	cell_names	true_loci_info	loci_info	true_genotypes	genotypes	true_ternary	ternary	genotype_probs	true_positive	false_positive	true_negative	false_negative	recall	precision	f1_score	fall_out	true_positive_mu	false_positive_mu	true_negative_mu	false_negative_mu	recall_mu	precision_mu	f1_score_mu	fall_out_mu	true_positive_hetero_mu	false_positive_hetero_mu	true_negative_hetero_mu	false_negative_hetero_mu	recall_hetero_mu	precision_hetero_mu	f1_score_hetero_mu	fall_out_hetero_mu	true_positive_homo_mu	false_positive_homo_mu	true_negative_homo_mu	false_negative_homo_mu	recall_homo_mu	precision_homo_mu	f1_score_homo_mu	fall_out_homo_mu	true_homo_mu	true_homo_ref_as_hetero_mu	true_homo_mu_as_homo_ref	true_homo_mu_as_hetero_mu	true_positive_del	false_positive_del	true_negative_del	false_negative_del	recall_del	precision_del	fall_out_del	f1_score_del	true_positive_all_del	false_positive_all_del	true_negative_all_del	false_negative_all_del	recall_all_del	precision_all_del	fall_out_all_del	f1_score_all_del	true_positive_del_alt_left	false_positive_del_alt_left	true_negative_del_alt_left	false_negative_del_alt_left	recall_del_alt_left	precision_del_alt_left	fall_out_del_alt_left	f1_score_del_alt_left	true_positive_del_ref_left	false_positive_del_ref_left	true_negative_del_ref_left	false_negative_del_ref_left	recall_del_ref_left	precision_del_ref_left	fall_out_del_ref_left	f1_score_del_ref_left	true_del_ref_left_as_homo_ref	true_del_ref_left_as_hetero_mu	true_del_alt_left_as_hetero_mu	true_del_alt_left_as_homo_mu	true_positive_amp	false_positive_amp	true_negative_amp	false_negative_amp	recall_amp	precision_amp	fall_out_amp	f1_score_amp
40	20	10	0.001999	0.16334	8e-06	8e-07	0.0	0001	monovar	NA	true_parameters	NA	no_cnv	/raid/kang/DelSIEVE/simulation_results/IndelSIEVE_benchmark_pipeline_ld_102/benchmark_results/simulated_data/results/cell_names	/raid/kang/DelSIEVE/simulation_results/IndelSIEVE_benchmark_pipeline_ld_102/benchmark_results/monovar/from_true_params/no_cnv/0001/post_processed/filtered.cell_names	/raid/kang/DelSIEVE/simulation_results/IndelSIEVE_benchmark_pipeline_ld_102/benchmark_results/simulated_data/results/data_type/no_cnv/0001/true_evo_events_sites_names	/raid/kang/DelSIEVE/simulation_results/IndelSIEVE_benchmark_pipeline_ld_102/benchmark_results/monovar/from_true_params/no_cnv/0001/post_processed/filtered.loci_info	/raid/kang/DelSIEVE/simulation_results/IndelSIEVE_benchmark_pipeline_ld_102/benchmark_results/simulated_data/results/data_type/no_cnv/0001/true_evo_events_genotypes_numeric	/raid/kang/DelSIEVE/simulation_results/IndelSIEVE_benchmark_pipeline_ld_102/benchmark_results/monovar/from_true_params/no_cnv/0001/post_processed/filtered.genotypes	/raid/kang/DelSIEVE/simulation_results/IndelSIEVE_benchmark_pipeline_ld_102/benchmark_results/simulated_data/results/data_type/no_cnv/0001/true_evo_events_ternary_matrix.simple	/raid/kang/DelSIEVE/simulation_results/IndelSIEVE_benchmark_pipeline_ld_102/benchmark_results/monovar/from_true_params/no_cnv/0001/post_processed/filtered.ternary	/raid/kang/DelSIEVE/simulation_results/IndelSIEVE_benchmark_pipeline_ld_102/benchmark_results/monovar/from_true_params/no_cnv/0001/post_processed/filtered.genotype_probs	5546	363	21321	2730	0.6701304978250362	0.9385682856659332	0.7819527670074021	0.0167404537908135	5310	1	22338	2310	0.6968503937007874	0.9998117115420824	0.8212821900858402	4.4764761179999104e-05	3984	58	22748	3169	0.5569691038725011	0.9856506679861454	0.711746315319339	0.0025431903884942	326	943	28626	64	0.8358974358974359	0.2568951930654058	0.3930078360458107	0.0318915079982414	390	1	7	51	52	546	28681	681	0.0709413369713506	0.0869565217391304	0.0186813562801519	0.078136739293764	0	598	29360	2	0.0	0.0	0.019961279124107	NA	0	0	29882	78	0.0	NA	0.0	NA	0	0	29307	653	0.0	NA	0.0	NA	611	0	6	59	0	0	29960	0	NA	NA	0.0	NA
40	20	10	0.001999	0.16334	8e-06	8e-07	0.0	0002	monovar	NA	true_parameters	NA	no_cnv	/raid/kang/DelSIEVE/simulation_results/IndelSIEVE_benchmark_pipeline_ld_102/benchmark_results/simulated_data/results/cell_names	/raid/kang/DelSIEVE/simulation_results/IndelSIEVE_benchmark_pipeline_ld_102/benchmark_results/monovar/from_true_params/no_cnv/0002/post_processed/filtered.cell_names	/raid/kang/DelSIEVE/simulation_results/IndelSIEVE_benchmark_pipeline_ld_102/benchmark_results/simulated_data/results/data_type/no_cnv/0002/true_evo_events_sites_names	/raid/kang/DelSIEVE/simulation_results/IndelSIEVE_benchmark_pipeline_ld_102/benchmark_results/monovar/from_true_params/no_cnv/0002/post_processed/filtered.loci_info	/raid/kang/DelSIEVE/simulation_results/IndelSIEVE_benchmark_pipeline_ld_102/benchmark_results/simulated_data/results/data_type/no_cnv/0002/true_evo_events_genotypes_numeric	/raid/kang/DelSIEVE/simulation_results/IndelSIEVE_benchmark_pipeline_ld_102/benchmark_results/monovar/from_true_params/no_cnv/0002/post_processed/filtered.genotypes	/raid/kang/DelSIEVE/simulation_results/IndelSIEVE_benchmark_pipeline_ld_102/benchmark_results/simulated_data/results/data_type/no_cnv/0002/true_evo_events_ternary_matrix.simple	/raid/kang/DelSIEVE/simulation_results/IndelSIEVE_benchmark_pipeline_ld_102/benchmark_results/monovar/from_true_params/no_cnv/0002/post_processed/filtered.ternary	/raid/kang/DelSIEVE/simulation_results/IndelSIEVE_benchmark_pipeline_ld_102/benchmark_results/monovar/from_true_params/no_cnv/0002/post_processed/filtered.genotype_probs	7397	333	18652	3738	0.664301751234845	0.9569210866752912	0.7842035515504903	0.0175401632868053	7081	2	20041	2995	0.7027590313616514	0.999717633771001	0.8253394719972026	9.978546125829468e-05	5053	96	20645	4325	0.5388142461079122	0.9813556030297144	0.6956701314793144	0.0046285135721517	477	1457	28085	100	0.8266897746967071	0.2466390899689762	0.3799283154121863	0.049319612754722	577	2	13	74	62	585	28355	1118	0.0525423728813559	0.0958268933539412	0.0202142363510711	0.0678708264915161	0	647	29473	0	NA	0.0	0.021480743691899	NA	0	0	29998	122	0.0	NA	0.0	NA	0	0	29062	1058	0.0	NA	0.0	NA	1012	0	20	84	0	0	30120	0	NA	NA	0.0	NA
40	20	10	0.001999	0.16334	8e-06	8e-07	0.0	0003	monovar	NA	true_parameters	NA	no_cnv	/raid/kang/DelSIEVE/simulation_results/IndelSIEVE_benchmark_pipeline_ld_102/benchmark_results/simulated_data/results/cell_names	/raid/kang/DelSIEVE/simulation_results/IndelSIEVE_benchmark_pipeline_ld_102/benchmark_results/monovar/from_true_params/no_cnv/0003/post_processed/filtered.cell_names	/raid/kang/DelSIEVE/simulation_results/IndelSIEVE_benchmark_pipeline_ld_102/benchmark_results/simulated_data/results/data_type/no_cnv/0003/true_evo_events_sites_names	/raid/kang/DelSIEVE/simulation_results/IndelSIEVE_benchmark_pipeline_ld_102/benchmark_results/monovar/from_true_params/no_cnv/0003/post_processed/filtered.loci_info	/raid/kang/DelSIEVE/simulation_results/IndelSIEVE_benchmark_pipeline_ld_102/benchmark_results/simulated_data/results/data_type/no_cnv/0003/true_evo_events_genotypes_numeric	/raid/kang/DelSIEVE/simulation_results/IndelSIEVE_benchmark_pipeline_ld_102/benchmark_results/monovar/from_true_params/no_cnv/0003/post_processed/filtered.genotypes	/raid/kang/DelSIEVE/simulation_results/IndelSIEVE_benchmark_pipeline_ld_102/benchmark_results/simulated_data/results/data_type/no_cnv/0003/true_evo_events_ternary_matrix.simple	/raid/kang/DelSIEVE/simulation_results/IndelSIEVE_benchmark_pipeline_ld_102/benchmark_results/monovar/from_true_params/no_cnv/0003/post_processed/filtered.ternary	/raid/kang/DelSIEVE/simulation_results/IndelSIEVE_benchmark_pipeline_ld_102/benchmark_results/monovar/from_true_params/no_cnv/0003/post_processed/filtered.genotype_probs	6123	376	20281	3020	0.6696926610521711	0.9421449453762116	0.7828922132719601	0.0182020622549256	5826	1	21573	2400	0.7082421590080233	0.999828385103827	0.82914680139472	4.6352090479280616e-05	4372	92	21901	3435	0.5600102472140387	0.9793906810035844	0.7125743623176596	0.0041831491838312	264	1099	28345	92	0.7415730337078652	0.1936903888481291	0.3071553228621291	0.0373250916994973	356	1	3	74	76	596	28224	904	0.0775510204081632	0.1130952380952381	0.0206800832755031	0.0920096852300242	9	663	29128	0	1.0	0.0133928571428571	0.0222550434695042	0.026431718061674	0	0	29737	63	0.0	NA	0.0	NA	0	0	28892	908	0.0	NA	0.0	NA	852	0	17	32	0	0	29800	0	NA	NA	0.0	NA
40	20	10	0.001999	0.16334	8e-06	8e-07	0.0	0004	monovar	NA	true_parameters	NA	no_cnv	/raid/kang/DelSIEVE/simulation_results/IndelSIEVE_benchmark_pipeline_ld_102/benchmark_results/simulated_data/results/cell_names	/raid/kang/DelSIEVE/simulation_results/IndelSIEVE_benchmark_pipeline_ld_102/benchmark_results/monovar/from_true_params/no_cnv/0004/post_processed/filtered.cell_names	/raid/kang/DelSIEVE/simulation_results/IndelSIEVE_benchmark_pipeline_ld_102/benchmark_results/simulated_data/results/data_type/no_cnv/0004/true_evo_events_sites_names	/raid/kang/DelSIEVE/simulation_results/IndelSIEVE_benchmark_pipeline_ld_102/benchmark_results/monovar/from_true_params/no_cnv/0004/post_processed/filtered.loci_info	/raid/kang/DelSIEVE/simulation_results/IndelSIEVE_benchmark_pipeline_ld_102/benchmark_results/simulated_data/results/data_type/no_cnv/0004/true_evo_events_genotypes_numeric	/raid/kang/DelSIEVE/simulation_results/IndelSIEVE_benchmark_pipeline_ld_102/benchmark_results/monovar/from_true_params/no_cnv/0004/post_processed/filtered.genotypes	/raid/kang/DelSIEVE/simulation_results/IndelSIEVE_benchmark_pipeline_ld_102/benchmark_results/simulated_data/results/data_type/no_cnv/0004/true_evo_events_ternary_matrix.simple	/raid/kang/DelSIEVE/simulation_results/IndelSIEVE_benchmark_pipeline_ld_102/benchmark_results/monovar/from_true_params/no_cnv/0004/post_processed/filtered.ternary	/raid/kang/DelSIEVE/simulation_results/IndelSIEVE_benchmark_pipeline_ld_102/benchmark_results/monovar/from_true_params/no_cnv/0004/post_processed/filtered.genotype_probs	3666	312	23591	2231	0.6216720366287943	0.9215686274509804	0.7424810126582279	0.0130527548843241	3487	1	24634	1677	0.6752517428350117	0.9997133027522936	0.8060564031437817	4.05926527298559e-05	2748	50	24781	2220	0.5531400966183575	0.9821300929235168	0.7077002317795519	0.0020136120172365	122	568	29074	35	0.7770700636942676	0.1768115942028985	0.2880755608028335	0.0191619998650563	157	1	5	29	43	447	28581	729	0.0556994818652849	0.0877551020408163	0.0153989251756924	0.0681458003169572	8	482	29310	0	1.0	0.0163265306122449	0.0161788399570354	0.0321285140562249	0	0	29760	40	0.0	NA	0.0	NA	0	0	29076	724	0.0	NA	0.0	NA	692	0	20	16	0	0	29800	0	NA	NA	0.0	NA
40	20	10	0.001999	0.16334	8e-06	8e-07	0.0	0005	monovar	NA	true_parameters	NA	no_cnv	/raid/kang/DelSIEVE/simulation_results/IndelSIEVE_benchmark_pipeline_ld_102/benchmark_results/simulated_data/results/cell_names	/raid/kang/DelSIEVE/simulation_results/IndelSIEVE_benchmark_pipeline_ld_102/benchmark_results/monovar/from_true_params/no_cnv/0005/post_processed/filtered.cell_names	/raid/kang/DelSIEVE/simulation_results/IndelSIEVE_benchmark_pipeline_ld_102/benchmark_results/simulated_data/results/data_type/no_cnv/0005/true_evo_events_sites_names	/raid/kang/DelSIEVE/simulation_results/IndelSIEVE_benchmark_pipeline_ld_102/benchmark_results/monovar/from_true_params/no_cnv/0005/post_processed/filtered.loci_info	/raid/kang/DelSIEVE/simulation_results/IndelSIEVE_benchmark_pipeline_ld_102/benchmark_results/simulated_data/results/data_type/no_cnv/0005/true_evo_events_genotypes_numeric	/raid/kang/DelSIEVE/simulation_results/IndelSIEVE_benchmark_pipeline_ld_102/benchmark_results/monovar/from_true_params/no_cnv/0005/post_processed/filtered.genotypes	/raid/kang/DelSIEVE/simulation_results/IndelSIEVE_benchmark_pipeline_ld_102/benchmark_results/simulated_data/results/data_type/no_cnv/0005/true_evo_events_ternary_matrix.simple	/raid/kang/DelSIEVE/simulation_results/IndelSIEVE_benchmark_pipeline_ld_102/benchmark_results/monovar/from_true_params/no_cnv/0005/post_processed/filtered.ternary	/raid/kang/DelSIEVE/simulation_results/IndelSIEVE_benchmark_pipeline_ld_102/benchmark_results/monovar/from_true_params/no_cnv/0005/post_processed/filtered.genotype_probs	6925	343	18852	3600	0.6579572446555819	0.9528068244358832	0.7783959984263474	0.0178692367804115	6603	4	20343	2766	0.7047710534742235	0.9993945815044648	0.8266149223835754	0.0001965891777657	4874	71	20815	3956	0.5519818799546999	0.9856420626895854	0.7076588021778586	0.0033994063008713	387	1275	27984	70	0.8468271334792122	0.2328519855595668	0.3652666352052854	0.0435763354865169	457	4	4	58	74	587	27895	1164	0.0597738287560581	0.1119515885022692	0.0206095077592865	0.0779357556608741	0	661	29059	0	NA	0.0	0.0222409152086137	NA	0	0	29634	86	0.0	NA	0.0	NA	0	0	28568	1152	0.0	NA	0.0	NA	1091	0	9	55	0	0	29720	0	NA	NA	0.0	NA
40	20	10	0.001999	0.16334	8e-06	8e-07	0.0	0006	monovar	NA	true_parameters	NA	no_cnv	/raid/kang/DelSIEVE/simulation_results/IndelSIEVE_benchmark_pipeline_ld_102/benchmark_results/simulated_data/results/cell_names	/raid/kang/DelSIEVE/simulation_results/IndelSIEVE_benchmark_pipeline_ld_102/benchmark_results/monovar/from_true_params/no_cnv/0006/post_processed/filtered.cell_names	/raid/kang/DelSIEVE/simulation_results/IndelSIEVE_benchmark_pipeline_ld_102/benchmark_results/simulated_data/results/data_type/no_cnv/0006/true_evo_events_sites_names	/raid/kang/DelSIEVE/simulation_results/IndelSIEVE_benchmark_pipeline_ld_102/benchmark_results/monovar/from_true_params/no_cnv/0006/post_processed/filtered.loci_info	/raid/kang/DelSIEVE/simulation_results/IndelSIEVE_benchmark_pipeline_ld_102/benchmark_results/simulated_data/results/data_type/no_cnv/0006/true_evo_events_genotypes_numeric	/raid/kang/DelSIEVE/simulation_results/IndelSIEVE_benchmark_pipeline_ld_102/benchmark_results/monovar/from_true_params/no_cnv/0006/post_processed/filtered.genotypes	/raid/kang/DelSIEVE/simulation_results/IndelSIEVE_benchmark_pipeline_ld_102/benchmark_results/simulated_data/results/data_type/no_cnv/0006/true_evo_events_ternary_matrix.simple	/raid/kang/DelSIEVE/simulation_results/IndelSIEVE_benchmark_pipeline_ld_102/benchmark_results/monovar/from_true_params/no_cnv/0006/post_processed/filtered.ternary	/raid/kang/DelSIEVE/simulation_results/IndelSIEVE_benchmark_pipeline_ld_102/benchmark_results/monovar/from_true_params/no_cnv/0006/post_processed/filtered.genotype_probs	6401	288	18705	2686	0.7044128975459447	0.9569442368066976	0.8114858012170385	0.0151634812825777	6144	4	19651	2278	0.7295179292329613	0.9993493819128172	0.8433768016472203	0.0002035105571101	4247	120	20198	3512	0.5473643510761697	0.9725211815891917	0.7004783110671284	0.0059060931194015	437	1344	26169	127	0.774822695035461	0.2453677709152161	0.3727078891257996	0.0488496347181332	564	4	8	99	49	492	26824	715	0.0641361256544502	0.0905730129390018	0.018011421877288	0.075095785440613	0	541	27533	6	0.0	0.0	0.0192704993944575	NA	0	0	27978	102	0.0	NA	0.0	NA	0	0	27424	656	0.0	NA	0.0	NA	624	0	17	61	0	0	28080	0	NA	NA	0.0	NA
40	20	10	0.001999	0.16334	8e-06	8e-07	0.0	0007	monovar	NA	true_parameters	NA	no_cnv	/raid/kang/DelSIEVE/simulation_results/IndelSIEVE_benchmark_pipeline_ld_102/benchmark_results/simulated_data/results/cell_names	/raid/kang/DelSIEVE/simulation_results/IndelSIEVE_benchmark_pipeline_ld_102/benchmark_results/monovar/from_true_params/no_cnv/0007/post_processed/filtered.cell_names	/raid/kang/DelSIEVE/simulation_results/IndelSIEVE_benchmark_pipeline_ld_102/benchmark_results/simulated_data/results/data_type/no_cnv/0007/true_evo_events_sites_names	/raid/kang/DelSIEVE/simulation_results/IndelSIEVE_benchmark_pipeline_ld_102/benchmark_results/monovar/from_true_params/no_cnv/0007/post_processed/filtered.loci_info	/raid/kang/DelSIEVE/simulation_results/IndelSIEVE_benchmark_pipeline_ld_102/benchmark_results/simulated_data/results/data_type/no_cnv/0007/true_evo_events_genotypes_numeric	/raid/kang/DelSIEVE/simulation_results/IndelSIEVE_benchmark_pipeline_ld_102/benchmark_results/monovar/from_true_params/no_cnv/0007/post_processed/filtered.genotypes	/raid/kang/DelSIEVE/simulation_results/IndelSIEVE_benchmark_pipeline_ld_102/benchmark_results/simulated_data/results/data_type/no_cnv/0007/true_evo_events_ternary_matrix.simple	/raid/kang/DelSIEVE/simulation_results/IndelSIEVE_benchmark_pipeline_ld_102/benchmark_results/monovar/from_true_params/no_cnv/0007/post_processed/filtered.ternary	/raid/kang/DelSIEVE/simulation_results/IndelSIEVE_benchmark_pipeline_ld_102/benchmark_results/monovar/from_true_params/no_cnv/0007/post_processed/filtered.genotype_probs	4441	341	22543	2355	0.6534726309593879	0.9286909242994564	0.7671445845569184	0.0149012410417759	4274	1	23524	1879	0.694620510320169	0.9997660818713452	0.8197161488300728	4.250797024442083e-05	3335	60	23686	2597	0.5622049898853675	0.9823269513991164	0.7151281226546585	0.0025267413459108	127	753	28739	59	0.6827956989247311	0.1443181818181818	0.2382739212007504	0.0255323477553234	186	1	6	44	37	470	28532	641	0.0545722713864306	0.0729783037475345	0.0162057789117991	0.0624472573839662	0	507	29173	0	NA	0.0	0.0170822102425876	NA	0	0	29643	37	0.0	NA	0.0	NA	0	0	29039	641	0.0	NA	0.0	NA	606	0	15	18	0	0	29680	0	NA	NA	0.0	NA
40	20	10	0.001999	0.16334	8e-06	8e-07	0.0	0008	monovar	NA	true_parameters	NA	no_cnv	/raid/kang/DelSIEVE/simulation_results/IndelSIEVE_benchmark_pipeline_ld_102/benchmark_results/simulated_data/results/cell_names	/raid/kang/DelSIEVE/simulation_results/IndelSIEVE_benchmark_pipeline_ld_102/benchmark_results/monovar/from_true_params/no_cnv/0008/post_processed/filtered.cell_names	/raid/kang/DelSIEVE/simulation_results/IndelSIEVE_benchmark_pipeline_ld_102/benchmark_results/simulated_data/results/data_type/no_cnv/0008/true_evo_events_sites_names	/raid/kang/DelSIEVE/simulation_results/IndelSIEVE_benchmark_pipeline_ld_102/benchmark_results/monovar/from_true_params/no_cnv/0008/post_processed/filtered.loci_info	/raid/kang/DelSIEVE/simulation_results/IndelSIEVE_benchmark_pipeline_ld_102/benchmark_results/simulated_data/results/data_type/no_cnv/0008/true_evo_events_genotypes_numeric	/raid/kang/DelSIEVE/simulation_results/IndelSIEVE_benchmark_pipeline_ld_102/benchmark_results/monovar/from_true_params/no_cnv/0008/post_processed/filtered.genotypes	/raid/kang/DelSIEVE/simulation_results/IndelSIEVE_benchmark_pipeline_ld_102/benchmark_results/simulated_data/results/data_type/no_cnv/0008/true_evo_events_ternary_matrix.simple	/raid/kang/DelSIEVE/simulation_results/IndelSIEVE_benchmark_pipeline_ld_102/benchmark_results/monovar/from_true_params/no_cnv/0008/post_processed/filtered.ternary	/raid/kang/DelSIEVE/simulation_results/IndelSIEVE_benchmark_pipeline_ld_102/benchmark_results/monovar/from_true_params/no_cnv/0008/post_processed/filtered.genotype_probs	6403	353	20159	2845	0.6923659169550173	0.947750148016578	0.8001749562609348	0.0172094383775351	6143	5	21201	2411	0.7181435585690905	0.9991867273910214	0.8356686165147599	0.0002357823257568	4623	83	21612	3442	0.5732176069435834	0.9823629409264768	0.7239840263096077	0.0038257663056003	343	1099	28230	88	0.7958236658932715	0.2378640776699029	0.3662573411639082	0.0374714446452316	431	5	5	70	21	587	28421	731	0.0279255319148936	0.0345394736842105	0.0202357970215113	0.0308823529411764	0	608	29152	0	NA	0.0	0.0204301075268817	NA	0	0	29702	58	0.0	NA	0.0	NA	0	0	29066	694	0.0	NA	0.0	NA	682	0	8	41	0	0	29760	0	NA	NA	0.0	NA
40	20	10	0.001999	0.16334	8e-06	8e-07	0.0	0009	monovar	NA	true_parameters	NA	no_cnv	/raid/kang/DelSIEVE/simulation_results/IndelSIEVE_benchmark_pipeline_ld_102/benchmark_results/simulated_data/results/cell_names	/raid/kang/DelSIEVE/simulation_results/IndelSIEVE_benchmark_pipeline_ld_102/benchmark_results/monovar/from_true_params/no_cnv/0009/post_processed/filtered.cell_names	/raid/kang/DelSIEVE/simulation_results/IndelSIEVE_benchmark_pipeline_ld_102/benchmark_results/simulated_data/results/data_type/no_cnv/0009/true_evo_events_sites_names	/raid/kang/DelSIEVE/simulation_results/IndelSIEVE_benchmark_pipeline_ld_102/benchmark_results/monovar/from_true_params/no_cnv/0009/post_processed/filtered.loci_info	/raid/kang/DelSIEVE/simulation_results/IndelSIEVE_benchmark_pipeline_ld_102/benchmark_results/simulated_data/results/data_type/no_cnv/0009/true_evo_events_genotypes_numeric	/raid/kang/DelSIEVE/simulation_results/IndelSIEVE_benchmark_pipeline_ld_102/benchmark_results/monovar/from_true_params/no_cnv/0009/post_processed/filtered.genotypes	/raid/kang/DelSIEVE/simulation_results/IndelSIEVE_benchmark_pipeline_ld_102/benchmark_results/simulated_data/results/data_type/no_cnv/0009/true_evo_events_ternary_matrix.simple	/raid/kang/DelSIEVE/simulation_results/IndelSIEVE_benchmark_pipeline_ld_102/benchmark_results/monovar/from_true_params/no_cnv/0009/post_processed/filtered.ternary	/raid/kang/DelSIEVE/simulation_results/IndelSIEVE_benchmark_pipeline_ld_102/benchmark_results/monovar/from_true_params/no_cnv/0009/post_processed/filtered.genotype_probs	4900	290	22130	2440	0.667574931880109	0.9441233140655106	0.7821229050279329	0.0129348795718108	4726	3	23150	1878	0.7156268927922471	0.9993656164093888	0.8340245301332393	0.0001295728415324	3526	73	23396	2762	0.5607506361323156	0.9797165879410948	0.7132598361484779	0.0031104861732498	210	920	28556	71	0.7473309608540926	0.1858407079646017	0.297661233167966	0.0312118333559506	281	3	6	60	37	424	28565	734	0.0479896238651102	0.0802603036876355	0.0146262375383766	0.060064935064935	0	461	29299	0	NA	0.0	0.0154905913978494	NA	0	0	29722	38	0.0	NA	0.0	NA	0	0	29027	733	0.0	NA	0.0	NA	701	0	10	18	0	0	29760	0	NA	NA	0.0	NA
40	20	10	0.001999	0.16334	8e-06	8e-07	0.0	0010	monovar	NA	true_parameters	NA	no_cnv	/raid/kang/DelSIEVE/simulation_results/IndelSIEVE_benchmark_pipeline_ld_102/benchmark_results/simulated_data/results/cell_names	/raid/kang/DelSIEVE/simulation_results/IndelSIEVE_benchmark_pipeline_ld_102/benchmark_results/monovar/from_true_params/no_cnv/0010/post_processed/filtered.cell_names	/raid/kang/DelSIEVE/simulation_results/IndelSIEVE_benchmark_pipeline_ld_102/benchmark_results/simulated_data/results/data_type/no_cnv/0010/true_evo_events_sites_names	/raid/kang/DelSIEVE/simulation_results/IndelSIEVE_benchmark_pipeline_ld_102/benchmark_results/monovar/from_true_params/no_cnv/0010/post_processed/filtered.loci_info	/raid/kang/DelSIEVE/simulation_results/IndelSIEVE_benchmark_pipeline_ld_102/benchmark_results/simulated_data/results/data_type/no_cnv/0010/true_evo_events_genotypes_numeric	/raid/kang/DelSIEVE/simulation_results/IndelSIEVE_benchmark_pipeline_ld_102/benchmark_results/monovar/from_true_params/no_cnv/0010/post_processed/filtered.genotypes	/raid/kang/DelSIEVE/simulation_results/IndelSIEVE_benchmark_pipeline_ld_102/benchmark_results/simulated_data/results/data_type/no_cnv/0010/true_evo_events_ternary_matrix.simple	/raid/kang/DelSIEVE/simulation_results/IndelSIEVE_benchmark_pipeline_ld_102/benchmark_results/monovar/from_true_params/no_cnv/0010/post_processed/filtered.ternary	/raid/kang/DelSIEVE/simulation_results/IndelSIEVE_benchmark_pipeline_ld_102/benchmark_results/monovar/from_true_params/no_cnv/0010/post_processed/filtered.genotype_probs	4513	265	16556	2506	0.6429690839150877	0.9445374633737964	0.7651097736712723	0.0157541168777123	4308	0	17596	1931	0.6904952716781535	1.0	0.8169147624917037	0.0	3206	47	17890	2692	0.5435740929128519	0.9855517983399938	0.7006884493497978	0.0026202820984557	190	865	22725	55	0.7755102040816326	0.1800947867298578	0.2923076923076923	0.0366680796947859	245	0	7	45	54	416	22548	822	0.0616438356164383	0.1148936170212766	0.0181153109214422	0.0802377414561664	0	470	23370	0	NA	0.0	0.0197147651006711	NA	0	0	23739	101	0.0	NA	0.0	NA	0	0	23065	775	0.0	NA	0.0	NA	737	0	2	77	0	0	23840	0	NA	NA	0.0	NA
40	20	10	0.001999	0.16334	8e-06	8e-07	0.0	0001	sciphi	candidate_snvs	NA	NA	no_cnv	/raid/kang/DelSIEVE/simulation_results/IndelSIEVE_benchmark_pipeline_ld_102/benchmark_results/simulated_data/results/cell_names	/raid/kang/DelSIEVE/simulation_results/IndelSIEVE_benchmark_pipeline_ld_102/benchmark_results/sciphi/no_cnv/0001/post_processed/sciphi.cell_names	/raid/kang/DelSIEVE/simulation_results/IndelSIEVE_benchmark_pipeline_ld_102/benchmark_results/simulated_data/results/data_type/no_cnv/0001/true_evo_events_sites_names	/raid/kang/DelSIEVE/simulation_results/IndelSIEVE_benchmark_pipeline_ld_102/benchmark_results/sciphi/no_cnv/0001/post_processed/sciphi.loci_info	/raid/kang/DelSIEVE/simulation_results/IndelSIEVE_benchmark_pipeline_ld_102/benchmark_results/simulated_data/results/data_type/no_cnv/0001/true_evo_events_genotypes_numeric	/raid/kang/DelSIEVE/simulation_results/IndelSIEVE_benchmark_pipeline_ld_102/benchmark_results/sciphi/no_cnv/0001/post_processed/sciphi.genotypes	/raid/kang/DelSIEVE/simulation_results/IndelSIEVE_benchmark_pipeline_ld_102/benchmark_results/simulated_data/results/data_type/no_cnv/0001/true_evo_events_ternary_matrix.simple	/raid/kang/DelSIEVE/simulation_results/IndelSIEVE_benchmark_pipeline_ld_102/benchmark_results/sciphi/no_cnv/0001/post_processed/sciphi.ternary	/raid/kang/DelSIEVE/simulation_results/IndelSIEVE_benchmark_pipeline_ld_102/benchmark_results/sciphi/no_cnv/0001/post_processed/sciphi.genotype_probs	7128	372	21312	1148	0.861285645239246	0.9504	0.9036511156186612	0.0171555063641394	7102	398	21941	518	0.932020997375328	0.9469333333333332	0.9394179894179896	0.0178163749496396	6636	864	21942	517	0.9277226338599188	0.8848	0.905753088104825	0.0378847671665351	0	0	29569	390	0.0	NA	NA	0.0	390	372	1	389	0	0	20608	312	0.0	NA	0.0	NA	0	0	20920	0	NA	NA	0.0	NA	0	0	20843	77	0.0	NA	0.0	NA	0	0	20685	235	0.0	NA	0.0	NA	209	26	77	0	0	0	20920	0	NA	NA	0.0	NA
40	20	10	0.001999	0.16334	8e-06	8e-07	0.0	0002	sciphi	candidate_snvs	NA	NA	no_cnv	/raid/kang/DelSIEVE/simulation_results/IndelSIEVE_benchmark_pipeline_ld_102/benchmark_results/simulated_data/results/cell_names	/raid/kang/DelSIEVE/simulation_results/IndelSIEVE_benchmark_pipeline_ld_102/benchmark_results/sciphi/no_cnv/0002/post_processed/sciphi.cell_names	/raid/kang/DelSIEVE/simulation_results/IndelSIEVE_benchmark_pipeline_ld_102/benchmark_results/simulated_data/results/data_type/no_cnv/0002/true_evo_events_sites_names	/raid/kang/DelSIEVE/simulation_results/IndelSIEVE_benchmark_pipeline_ld_102/benchmark_results/sciphi/no_cnv/0002/post_processed/sciphi.loci_info	/raid/kang/DelSIEVE/simulation_results/IndelSIEVE_benchmark_pipeline_ld_102/benchmark_results/simulated_data/results/data_type/no_cnv/0002/true_evo_events_genotypes_numeric	/raid/kang/DelSIEVE/simulation_results/IndelSIEVE_benchmark_pipeline_ld_102/benchmark_results/sciphi/no_cnv/0002/post_processed/sciphi.genotypes	/raid/kang/DelSIEVE/simulation_results/IndelSIEVE_benchmark_pipeline_ld_102/benchmark_results/simulated_data/results/data_type/no_cnv/0002/true_evo_events_ternary_matrix.simple	/raid/kang/DelSIEVE/simulation_results/IndelSIEVE_benchmark_pipeline_ld_102/benchmark_results/sciphi/no_cnv/0002/post_processed/sciphi.ternary	/raid/kang/DelSIEVE/simulation_results/IndelSIEVE_benchmark_pipeline_ld_102/benchmark_results/sciphi/no_cnv/0002/post_processed/sciphi.genotype_probs	9682	346	18639	1453	0.869510552312528	0.9654966094934184	0.9149931484194112	0.01822491440611	9652	376	19667	424	0.9579198094481938	0.9625049860390904	0.9602069239952248	0.0187596667165593	8957	1071	19670	421	0.955107698869695	0.8931990426804947	0.9231165618880758	0.0516368545393182	0	0	29542	577	0.0	NA	NA	0.0	577	346	1	576	0	0	22277	403	0.0	NA	0.0	NA	0	0	22680	0	NA	NA	0.0	NA	0	0	22559	121	0.0	NA	0.0	NA	0	0	22398	282	0.0	NA	0.0	NA	252	30	119	0	0	0	22680	0	NA	NA	0.0	NA
40	20	10	0.001999	0.16334	8e-06	8e-07	0.0	0003	sciphi	candidate_snvs	NA	NA	no_cnv	/raid/kang/DelSIEVE/simulation_results/IndelSIEVE_benchmark_pipeline_ld_102/benchmark_results/simulated_data/results/cell_names	/raid/kang/DelSIEVE/simulation_results/IndelSIEVE_benchmark_pipeline_ld_102/benchmark_results/sciphi/no_cnv/0003/post_processed/sciphi.cell_names	/raid/kang/DelSIEVE/simulation_results/IndelSIEVE_benchmark_pipeline_ld_102/benchmark_results/simulated_data/results/data_type/no_cnv/0003/true_evo_events_sites_names	/raid/kang/DelSIEVE/simulation_results/IndelSIEVE_benchmark_pipeline_ld_102/benchmark_results/sciphi/no_cnv/0003/post_processed/sciphi.loci_info	/raid/kang/DelSIEVE/simulation_results/IndelSIEVE_benchmark_pipeline_ld_102/benchmark_results/simulated_data/results/data_type/no_cnv/0003/true_evo_events_genotypes_numeric	/raid/kang/DelSIEVE/simulation_results/IndelSIEVE_benchmark_pipeline_ld_102/benchmark_results/sciphi/no_cnv/0003/post_processed/sciphi.genotypes	/raid/kang/DelSIEVE/simulation_results/IndelSIEVE_benchmark_pipeline_ld_102/benchmark_results/simulated_data/results/data_type/no_cnv/0003/true_evo_events_ternary_matrix.simple	/raid/kang/DelSIEVE/simulation_results/IndelSIEVE_benchmark_pipeline_ld_102/benchmark_results/sciphi/no_cnv/0003/post_processed/sciphi.ternary	/raid/kang/DelSIEVE/simulation_results/IndelSIEVE_benchmark_pipeline_ld_102/benchmark_results/sciphi/no_cnv/0003/post_processed/sciphi.genotype_probs	7698	468	20189	1445	0.8419555944438368	0.9426891991182954	0.8894794615517939	0.0226557583385777	7668	498	21076	558	0.9321663019693656	0.9390154298310066	0.9355783308931186	0.0230833410586817	7249	917	21076	558	0.9285256820801844	0.887705118785207	0.9076566706316912	0.041695084799709	0	0	29444	356	0.0	NA	NA	0.0	356	468	0	356	0	0	21530	390	0.0	NA	0.0	NA	0	0	21911	9	0.0	NA	0.0	NA	0	0	21857	63	0.0	NA	0.0	NA	0	0	21602	318	0.0	NA	0.0	NA	291	27	63	0	0	0	21920	0	NA	NA	0.0	NA
40	20	10	0.001999	0.16334	8e-06	8e-07	0.0	0004	sciphi	candidate_snvs	NA	NA	no_cnv	/raid/kang/DelSIEVE/simulation_results/IndelSIEVE_benchmark_pipeline_ld_102/benchmark_results/simulated_data/results/cell_names	/raid/kang/DelSIEVE/simulation_results/IndelSIEVE_benchmark_pipeline_ld_102/benchmark_results/sciphi/no_cnv/0004/post_processed/sciphi.cell_names	/raid/kang/DelSIEVE/simulation_results/IndelSIEVE_benchmark_pipeline_ld_102/benchmark_results/simulated_data/results/data_type/no_cnv/0004/true_evo_events_sites_names	/raid/kang/DelSIEVE/simulation_results/IndelSIEVE_benchmark_pipeline_ld_102/benchmark_results/sciphi/no_cnv/0004/post_processed/sciphi.loci_info	/raid/kang/DelSIEVE/simulation_results/IndelSIEVE_benchmark_pipeline_ld_102/benchmark_results/simulated_data/results/data_type/no_cnv/0004/true_evo_events_genotypes_numeric	/raid/kang/DelSIEVE/simulation_results/IndelSIEVE_benchmark_pipeline_ld_102/benchmark_results/sciphi/no_cnv/0004/post_processed/sciphi.genotypes	/raid/kang/DelSIEVE/simulation_results/IndelSIEVE_benchmark_pipeline_ld_102/benchmark_results/simulated_data/results/data_type/no_cnv/0004/true_evo_events_ternary_matrix.simple	/raid/kang/DelSIEVE/simulation_results/IndelSIEVE_benchmark_pipeline_ld_102/benchmark_results/sciphi/no_cnv/0004/post_processed/sciphi.ternary	/raid/kang/DelSIEVE/simulation_results/IndelSIEVE_benchmark_pipeline_ld_102/benchmark_results/sciphi/no_cnv/0004/post_processed/sciphi.genotype_probs	4465	342	23561	1432	0.7571646599966084	0.9288537549407114	0.8342675635276532	0.0143078274693553	4453	354	24281	711	0.8623160340821069	0.926357395464947	0.893190251730017	0.0143697990663689	4260	547	24284	708	0.857487922705314	0.8862076138964011	0.871611253196931	0.0220289154685675	0	0	29642	157	0.0	NA	NA	0.0	157	342	3	154	0	0	16368	272	0.0	NA	0.0	NA	0	0	16632	8	0.0	NA	0.0	NA	0	0	16601	39	0.0	NA	0.0	NA	0	0	16415	225	0.0	NA	0.0	NA	213	12	39	0	0	0	16640	0	NA	NA	0.0	NA
40	20	10	0.001999	0.16334	8e-06	8e-07	0.0	0005	sciphi	candidate_snvs	NA	NA	no_cnv	/raid/kang/DelSIEVE/simulation_results/IndelSIEVE_benchmark_pipeline_ld_102/benchmark_results/simulated_data/results/cell_names	/raid/kang/DelSIEVE/simulation_results/IndelSIEVE_benchmark_pipeline_ld_102/benchmark_results/sciphi/no_cnv/0005/post_processed/sciphi.cell_names	/raid/kang/DelSIEVE/simulation_results/IndelSIEVE_benchmark_pipeline_ld_102/benchmark_results/simulated_data/results/data_type/no_cnv/0005/true_evo_events_sites_names	/raid/kang/DelSIEVE/simulation_results/IndelSIEVE_benchmark_pipeline_ld_102/benchmark_results/sciphi/no_cnv/0005/post_processed/sciphi.loci_info	/raid/kang/DelSIEVE/simulation_results/IndelSIEVE_benchmark_pipeline_ld_102/benchmark_results/simulated_data/results/data_type/no_cnv/0005/true_evo_events_genotypes_numeric	/raid/kang/DelSIEVE/simulation_results/IndelSIEVE_benchmark_pipeline_ld_102/benchmark_results/sciphi/no_cnv/0005/post_processed/sciphi.genotypes	/raid/kang/DelSIEVE/simulation_results/IndelSIEVE_benchmark_pipeline_ld_102/benchmark_results/simulated_data/results/data_type/no_cnv/0005/true_evo_events_ternary_matrix.simple	/raid/kang/DelSIEVE/simulation_results/IndelSIEVE_benchmark_pipeline_ld_102/benchmark_results/sciphi/no_cnv/0005/post_processed/sciphi.ternary	/raid/kang/DelSIEVE/simulation_results/IndelSIEVE_benchmark_pipeline_ld_102/benchmark_results/sciphi/no_cnv/0005/post_processed/sciphi.genotype_probs	8881	317	18878	1644	0.8438004750593824	0.9655359860839312	0.9005729351518531	0.0165147173743162	8844	354	19993	525	0.9439641370477104	0.9615133724722764	0.9526579415091292	0.0173981422322701	8307	891	19995	523	0.9407701019252548	0.9031311154598826	0.9215664521854892	0.0426601551278368	0	0	29259	457	0.0	NA	NA	0.0	457	317	2	455	0	0	21602	478	0.0	NA	0.0	NA	0	0	22080	0	NA	NA	0.0	NA	0	0	21998	82	0.0	NA	0.0	NA	0	0	21684	396	0.0	NA	0.0	NA	359	37	82	0	0	0	22080	0	NA	NA	0.0	NA
40	20	10	0.001999	0.16334	8e-06	8e-07	0.0	0006	sciphi	candidate_snvs	NA	NA	no_cnv	/raid/kang/DelSIEVE/simulation_results/IndelSIEVE_benchmark_pipeline_ld_102/benchmark_results/simulated_data/results/cell_names	/raid/kang/DelSIEVE/simulation_results/IndelSIEVE_benchmark_pipeline_ld_102/benchmark_results/sciphi/no_cnv/0006/post_processed/sciphi.cell_names	/raid/kang/DelSIEVE/simulation_results/IndelSIEVE_benchmark_pipeline_ld_102/benchmark_results/simulated_data/results/data_type/no_cnv/0006/true_evo_events_sites_names	/raid/kang/DelSIEVE/simulation_results/IndelSIEVE_benchmark_pipeline_ld_102/benchmark_results/sciphi/no_cnv/0006/post_processed/sciphi.loci_info	/raid/kang/DelSIEVE/simulation_results/IndelSIEVE_benchmark_pipeline_ld_102/benchmark_results/simulated_data/results/data_type/no_cnv/0006/true_evo_events_genotypes_numeric	/raid/kang/DelSIEVE/simulation_results/IndelSIEVE_benchmark_pipeline_ld_102/benchmark_results/sciphi/no_cnv/0006/post_processed/sciphi.genotypes	/raid/kang/DelSIEVE/simulation_results/IndelSIEVE_benchmark_pipeline_ld_102/benchmark_results/simulated_data/results/data_type/no_cnv/0006/true_evo_events_ternary_matrix.simple	/raid/kang/DelSIEVE/simulation_results/IndelSIEVE_benchmark_pipeline_ld_102/benchmark_results/sciphi/no_cnv/0006/post_processed/sciphi.ternary	/raid/kang/DelSIEVE/simulation_results/IndelSIEVE_benchmark_pipeline_ld_102/benchmark_results/sciphi/no_cnv/0006/post_processed/sciphi.genotype_probs	7920	296	18697	1167	0.8715747771541763	0.9639727361246349	0.915448188175461	0.0155846890959827	7894	322	19333	528	0.9373070529565424	0.9608081791626096	0.948912128861642	0.016382599847367	7234	982	19336	525	0.9323366413197576	0.8804771178188899	0.9056651017214395	0.048331528693769	0	0	27513	564	0.0	NA	NA	0.0	564	296	2	562	0	0	19332	308	0.0	NA	0.0	NA	0	0	19640	0	NA	NA	0.0	NA	0	0	19541	99	0.0	NA	0.0	NA	0	0	19431	209	0.0	NA	0.0	NA	183	26	98	0	0	0	19640	0	NA	NA	0.0	NA
40	20	10	0.001999	0.16334	8e-06	8e-07	0.0	0007	sciphi	candidate_snvs	NA	NA	no_cnv	/raid/kang/DelSIEVE/simulation_results/IndelSIEVE_benchmark_pipeline_ld_102/benchmark_results/simulated_data/results/cell_names	/raid/kang/DelSIEVE/simulation_results/IndelSIEVE_benchmark_pipeline_ld_102/benchmark_results/sciphi/no_cnv/0007/post_processed/sciphi.cell_names	/raid/kang/DelSIEVE/simulation_results/IndelSIEVE_benchmark_pipeline_ld_102/benchmark_results/simulated_data/results/data_type/no_cnv/0007/true_evo_events_sites_names	/raid/kang/DelSIEVE/simulation_results/IndelSIEVE_benchmark_pipeline_ld_102/benchmark_results/sciphi/no_cnv/0007/post_processed/sciphi.loci_info	/raid/kang/DelSIEVE/simulation_results/IndelSIEVE_benchmark_pipeline_ld_102/benchmark_results/simulated_data/results/data_type/no_cnv/0007/true_evo_events_genotypes_numeric	/raid/kang/DelSIEVE/simulation_results/IndelSIEVE_benchmark_pipeline_ld_102/benchmark_results/sciphi/no_cnv/0007/post_processed/sciphi.genotypes	/raid/kang/DelSIEVE/simulation_results/IndelSIEVE_benchmark_pipeline_ld_102/benchmark_results/simulated_data/results/data_type/no_cnv/0007/true_evo_events_ternary_matrix.simple	/raid/kang/DelSIEVE/simulation_results/IndelSIEVE_benchmark_pipeline_ld_102/benchmark_results/sciphi/no_cnv/0007/post_processed/sciphi.ternary	/raid/kang/DelSIEVE/simulation_results/IndelSIEVE_benchmark_pipeline_ld_102/benchmark_results/sciphi/no_cnv/0007/post_processed/sciphi.genotype_probs	5539	295	22589	1257	0.8150382577987051	0.9494343503599588	0.8771179730799683	0.012891102954029	5516	318	23207	637	0.8964732650739476	0.945491943777854	0.9203303578877116	0.0135175345377258	5296	538	23208	636	0.8927848954821308	0.9077819677751114	0.9002209756926738	0.0226564474016676	0	0	29492	186	0.0	NA	NA	0.0	186	295	1	185	0	0	18881	239	0.0	NA	0.0	NA	0	0	19120	0	NA	NA	0.0	NA	0	0	19085	35	0.0	NA	0.0	NA	0	0	18916	204	0.0	NA	0.0	NA	181	23	35	0	0	0	19120	0	NA	NA	0.0	NA
40	20	10	0.001999	0.16334	8e-06	8e-07	0.0	0008	sciphi	candidate_snvs	NA	NA	no_cnv	/raid/kang/DelSIEVE/simulation_results/IndelSIEVE_benchmark_pipeline_ld_102/benchmark_results/simulated_data/results/cell_names	/raid/kang/DelSIEVE/simulation_results/IndelSIEVE_benchmark_pipeline_ld_102/benchmark_results/sciphi/no_cnv/0008/post_processed/sciphi.cell_names	/raid/kang/DelSIEVE/simulation_results/IndelSIEVE_benchmark_pipeline_ld_102/benchmark_results/simulated_data/results/data_type/no_cnv/0008/true_evo_events_sites_names	/raid/kang/DelSIEVE/simulation_results/IndelSIEVE_benchmark_pipeline_ld_102/benchmark_results/sciphi/no_cnv/0008/post_processed/sciphi.loci_info	/raid/kang/DelSIEVE/simulation_results/IndelSIEVE_benchmark_pipeline_ld_102/benchmark_results/simulated_data/results/data_type/no_cnv/0008/true_evo_events_genotypes_numeric	/raid/kang/DelSIEVE/simulation_results/IndelSIEVE_benchmark_pipeline_ld_102/benchmark_results/sciphi/no_cnv/0008/post_processed/sciphi.genotypes	/raid/kang/DelSIEVE/simulation_results/IndelSIEVE_benchmark_pipeline_ld_102/benchmark_results/simulated_data/results/data_type/no_cnv/0008/true_evo_events_ternary_matrix.simple	/raid/kang/DelSIEVE/simulation_results/IndelSIEVE_benchmark_pipeline_ld_102/benchmark_results/sciphi/no_cnv/0008/post_processed/sciphi.ternary	/raid/kang/DelSIEVE/simulation_results/IndelSIEVE_benchmark_pipeline_ld_102/benchmark_results/sciphi/no_cnv/0008/post_processed/sciphi.genotype_probs	7990	243	20269	1258	0.8639705882352942	0.9704846350054658	0.9141353469481152	0.0118467238689547	7980	253	20953	574	0.9328968903436988	0.9692700109316168	0.9507356883302556	0.0119305856832971	7496	737	20958	569	0.9294482331060137	0.910482205757318	0.9198674684010308	0.0339709610509334	0	0	29329	431	0.0	NA	NA	0.0	431	243	1	430	0	0	21155	125	0.0	NA	0.0	NA	0	0	21280	0	NA	NA	0.0	NA	0	0	21222	58	0.0	NA	0.0	NA	0	0	21213	67	0.0	NA	0.0	NA	57	10	54	0	0	0	21280	0	NA	NA	0.0	NA
40	20	10	0.001999	0.16334	8e-06	8e-07	0.0	0009	sciphi	candidate_snvs	NA	NA	no_cnv	/raid/kang/DelSIEVE/simulation_results/IndelSIEVE_benchmark_pipeline_ld_102/benchmark_results/simulated_data/results/cell_names	/raid/kang/DelSIEVE/simulation_results/IndelSIEVE_benchmark_pipeline_ld_102/benchmark_results/sciphi/no_cnv/0009/post_processed/sciphi.cell_names	/raid/kang/DelSIEVE/simulation_results/IndelSIEVE_benchmark_pipeline_ld_102/benchmark_results/simulated_data/results/data_type/no_cnv/0009/true_evo_events_sites_names	/raid/kang/DelSIEVE/simulation_results/IndelSIEVE_benchmark_pipeline_ld_102/benchmark_results/sciphi/no_cnv/0009/post_processed/sciphi.loci_info	/raid/kang/DelSIEVE/simulation_results/IndelSIEVE_benchmark_pipeline_ld_102/benchmark_results/simulated_data/results/data_type/no_cnv/0009/true_evo_events_genotypes_numeric	/raid/kang/DelSIEVE/simulation_results/IndelSIEVE_benchmark_pipeline_ld_102/benchmark_results/sciphi/no_cnv/0009/post_processed/sciphi.genotypes	/raid/kang/DelSIEVE/simulation_results/IndelSIEVE_benchmark_pipeline_ld_102/benchmark_results/simulated_data/results/data_type/no_cnv/0009/true_evo_events_ternary_matrix.simple	/raid/kang/DelSIEVE/simulation_results/IndelSIEVE_benchmark_pipeline_ld_102/benchmark_results/sciphi/no_cnv/0009/post_processed/sciphi.ternary	/raid/kang/DelSIEVE/simulation_results/IndelSIEVE_benchmark_pipeline_ld_102/benchmark_results/sciphi/no_cnv/0009/post_processed/sciphi.genotype_probs	5981	133	22287	1359	0.814850136239782	0.9782466470395812	0.889103612308607	0.0059322033898305	5976	138	23015	628	0.9049061175045428	0.9774288518155054	0.9397704041515964	0.005960350710491	5663	451	23018	625	0.9006043256997456	0.9262348707883546	0.9132398000322528	0.0192168392347351	0	0	29476	281	0.0	NA	NA	0.0	281	133	0	281	0	0	18390	250	0.0	NA	0.0	NA	0	0	18640	0	NA	NA	0.0	NA	0	0	18605	35	0.0	NA	0.0	NA	0	0	18425	215	0.0	NA	0.0	NA	210	5	32	0	0	0	18640	0	NA	NA	0.0	NA
40	20	10	0.001999	0.16334	8e-06	8e-07	0.0	0010	sciphi	candidate_snvs	NA	NA	no_cnv	/raid/kang/DelSIEVE/simulation_results/IndelSIEVE_benchmark_pipeline_ld_102/benchmark_results/simulated_data/results/cell_names	/raid/kang/DelSIEVE/simulation_results/IndelSIEVE_benchmark_pipeline_ld_102/benchmark_results/sciphi/no_cnv/0010/post_processed/sciphi.cell_names	/raid/kang/DelSIEVE/simulation_results/IndelSIEVE_benchmark_pipeline_ld_102/benchmark_results/simulated_data/results/data_type/no_cnv/0010/true_evo_events_sites_names	/raid/kang/DelSIEVE/simulation_results/IndelSIEVE_benchmark_pipeline_ld_102/benchmark_results/sciphi/no_cnv/0010/post_processed/sciphi.loci_info	/raid/kang/DelSIEVE/simulation_results/IndelSIEVE_benchmark_pipeline_ld_102/benchmark_results/simulated_data/results/data_type/no_cnv/0010/true_evo_events_genotypes_numeric	/raid/kang/DelSIEVE/simulation_results/IndelSIEVE_benchmark_pipeline_ld_102/benchmark_results/sciphi/no_cnv/0010/post_processed/sciphi.genotypes	/raid/kang/DelSIEVE/simulation_results/IndelSIEVE_benchmark_pipeline_ld_102/benchmark_results/simulated_data/results/data_type/no_cnv/0010/true_evo_events_ternary_matrix.simple	/raid/kang/DelSIEVE/simulation_results/IndelSIEVE_benchmark_pipeline_ld_102/benchmark_results/sciphi/no_cnv/0010/post_processed/sciphi.ternary	/raid/kang/DelSIEVE/simulation_results/IndelSIEVE_benchmark_pipeline_ld_102/benchmark_results/sciphi/no_cnv/0010/post_processed/sciphi.genotype_probs	5792	311	16510	1227	0.8251887733295341	0.9490414550221202	0.8827922572778539	0.0184887937696926	5764	339	17257	475	0.9238660041673346	0.9444535474356872	0.9340463458110516	0.0192657422141395	5428	675	17262	470	0.920311970159376	0.8893986563984926	0.9045912840596616	0.0376317109884596	0	0	23590	245	0.0	NA	NA	0.0	245	311	4	241	0	0	16721	319	0.0	NA	0.0	NA	0	0	17040	0	NA	NA	0.0	NA	0	0	16944	96	0.0	NA	0.0	NA	0	0	16817	223	0.0	NA	0.0	NA	195	28	95	0	0	0	17040	0	NA	NA	0.0	NA
40	20	10	0.001999	0.16334	8e-06	8e-07	0.0	0001	sciphin	candidate_snvs	NA	NA	no_cnv	/raid/kang/DelSIEVE/simulation_results/IndelSIEVE_benchmark_pipeline_ld_102/benchmark_results/simulated_data/results/cell_names	/raid/kang/DelSIEVE/simulation_results/IndelSIEVE_benchmark_pipeline_ld_102/benchmark_results/sciphin/no_cnv/0001/post_processed/sciphin.cell_names	/raid/kang/DelSIEVE/simulation_results/IndelSIEVE_benchmark_pipeline_ld_102/benchmark_results/simulated_data/results/data_type/no_cnv/0001/true_evo_events_sites_names	/raid/kang/DelSIEVE/simulation_results/IndelSIEVE_benchmark_pipeline_ld_102/benchmark_results/sciphin/no_cnv/0001/post_processed/sciphin.loci_info	/raid/kang/DelSIEVE/simulation_results/IndelSIEVE_benchmark_pipeline_ld_102/benchmark_results/simulated_data/results/data_type/no_cnv/0001/true_evo_events_genotypes_numeric	/raid/kang/DelSIEVE/simulation_results/IndelSIEVE_benchmark_pipeline_ld_102/benchmark_results/sciphin/no_cnv/0001/post_processed/sciphin.genotypes	/raid/kang/DelSIEVE/simulation_results/IndelSIEVE_benchmark_pipeline_ld_102/benchmark_results/simulated_data/results/data_type/no_cnv/0001/true_evo_events_ternary_matrix.simple	/raid/kang/DelSIEVE/simulation_results/IndelSIEVE_benchmark_pipeline_ld_102/benchmark_results/sciphin/no_cnv/0001/post_processed/sciphin.ternary	/raid/kang/DelSIEVE/simulation_results/IndelSIEVE_benchmark_pipeline_ld_102/benchmark_results/sciphin/no_cnv/0001/post_processed/sciphin.genotype_probs	7008	39	21645	1268	0.8467858869018849	0.994465730097914	0.9147033870651962	0.0017985611510791	7005	42	22297	615	0.9192913385826772	0.9940400170285228	0.9552055635099204	0.0018801199695599	6539	508	22298	614	0.9141618901160352	0.9279125869164184	0.9209859154929576	0.0222748399543979	0	0	29569	390	0.0	NA	NA	0.0	390	39	1	389	0	0	20608	312	0.0	NA	0.0	NA	0	0	20920	0	NA	NA	0.0	NA	0	0	20843	77	0.0	NA	0.0	NA	0	0	20685	235	0.0	NA	0.0	NA	232	3	77	0	0	0	20920	0	NA	NA	0.0	NA
40	20	10	0.001999	0.16334	8e-06	8e-07	0.0	0002	sciphin	candidate_snvs	NA	NA	no_cnv	/raid/kang/DelSIEVE/simulation_results/IndelSIEVE_benchmark_pipeline_ld_102/benchmark_results/simulated_data/results/cell_names	/raid/kang/DelSIEVE/simulation_results/IndelSIEVE_benchmark_pipeline_ld_102/benchmark_results/sciphin/no_cnv/0002/post_processed/sciphin.cell_names	/raid/kang/DelSIEVE/simulation_results/IndelSIEVE_benchmark_pipeline_ld_102/benchmark_results/simulated_data/results/data_type/no_cnv/0002/true_evo_events_sites_names	/raid/kang/DelSIEVE/simulation_results/IndelSIEVE_benchmark_pipeline_ld_102/benchmark_results/sciphin/no_cnv/0002/post_processed/sciphin.loci_info	/raid/kang/DelSIEVE/simulation_results/IndelSIEVE_benchmark_pipeline_ld_102/benchmark_results/simulated_data/results/data_type/no_cnv/0002/true_evo_events_genotypes_numeric	/raid/kang/DelSIEVE/simulation_results/IndelSIEVE_benchmark_pipeline_ld_102/benchmark_results/sciphin/no_cnv/0002/post_processed/sciphin.genotypes	/raid/kang/DelSIEVE/simulation_results/IndelSIEVE_benchmark_pipeline_ld_102/benchmark_results/simulated_data/results/data_type/no_cnv/0002/true_evo_events_ternary_matrix.simple	/raid/kang/DelSIEVE/simulation_results/IndelSIEVE_benchmark_pipeline_ld_102/benchmark_results/sciphin/no_cnv/0002/post_processed/sciphin.ternary	/raid/kang/DelSIEVE/simulation_results/IndelSIEVE_benchmark_pipeline_ld_102/benchmark_results/sciphin/no_cnv/0002/post_processed/sciphin.genotype_probs	9460	28	18957	1675	0.8495734171531207	0.9970489038785836	0.9174222954953208	0.0014748485646563	9456	32	20011	620	0.9384676458912268	0.9966273187183812	0.9666734819055408	0.0015965673801327	8761	727	20014	617	0.934207720196204	0.9233768971332208	0.9287607335948268	0.035051347572441	0	0	29542	577	0.0	NA	NA	0.0	577	28	1	576	0	0	22277	403	0.0	NA	0.0	NA	0	0	22680	0	NA	NA	0.0	NA	0	0	22559	121	0.0	NA	0.0	NA	0	0	22398	282	0.0	NA	0.0	NA	278	4	119	0	0	0	22680	0	NA	NA	0.0	NA
40	20	10	0.001999	0.16334	8e-06	8e-07	0.0	0003	sciphin	candidate_snvs	NA	NA	no_cnv	/raid/kang/DelSIEVE/simulation_results/IndelSIEVE_benchmark_pipeline_ld_102/benchmark_results/simulated_data/results/cell_names	/raid/kang/DelSIEVE/simulation_results/IndelSIEVE_benchmark_pipeline_ld_102/benchmark_results/sciphin/no_cnv/0003/post_processed/sciphin.cell_names	/raid/kang/DelSIEVE/simulation_results/IndelSIEVE_benchmark_pipeline_ld_102/benchmark_results/simulated_data/results/data_type/no_cnv/0003/true_evo_events_sites_names	/raid/kang/DelSIEVE/simulation_results/IndelSIEVE_benchmark_pipeline_ld_102/benchmark_results/sciphin/no_cnv/0003/post_processed/sciphin.loci_info	/raid/kang/DelSIEVE/simulation_results/IndelSIEVE_benchmark_pipeline_ld_102/benchmark_results/simulated_data/results/data_type/no_cnv/0003/true_evo_events_genotypes_numeric	/raid/kang/DelSIEVE/simulation_results/IndelSIEVE_benchmark_pipeline_ld_102/benchmark_results/sciphin/no_cnv/0003/post_processed/sciphin.genotypes	/raid/kang/DelSIEVE/simulation_results/IndelSIEVE_benchmark_pipeline_ld_102/benchmark_results/simulated_data/results/data_type/no_cnv/0003/true_evo_events_ternary_matrix.simple	/raid/kang/DelSIEVE/simulation_results/IndelSIEVE_benchmark_pipeline_ld_102/benchmark_results/sciphin/no_cnv/0003/post_processed/sciphin.ternary	/raid/kang/DelSIEVE/simulation_results/IndelSIEVE_benchmark_pipeline_ld_102/benchmark_results/sciphin/no_cnv/0003/post_processed/sciphin.genotype_probs	7551	26	20631	1592	0.8258777206606147	0.996568562755708	0.9032296650717704	0.001258653241032	7545	32	21542	681	0.9172137126185266	0.99577669262241	0.9548819844333354	0.0014832668953369	7127	450	21543	680	0.9128986806711924	0.9406097400026396	0.9265470618824754	0.0204610557904787	0	0	29444	356	0.0	NA	NA	0.0	356	26	0	356	0	0	21530	390	0.0	NA	0.0	NA	0	0	21911	9	0.0	NA	0.0	NA	0	0	21857	63	0.0	NA	0.0	NA	0	0	21602	318	0.0	NA	0.0	NA	315	3	62	0	0	0	21920	0	NA	NA	0.0	NA
40	20	10	0.001999	0.16334	8e-06	8e-07	0.0	0004	sciphin	candidate_snvs	NA	NA	no_cnv	/raid/kang/DelSIEVE/simulation_results/IndelSIEVE_benchmark_pipeline_ld_102/benchmark_results/simulated_data/results/cell_names	/raid/kang/DelSIEVE/simulation_results/IndelSIEVE_benchmark_pipeline_ld_102/benchmark_results/sciphin/no_cnv/0004/post_processed/sciphin.cell_names	/raid/kang/DelSIEVE/simulation_results/IndelSIEVE_benchmark_pipeline_ld_102/benchmark_results/simulated_data/results/data_type/no_cnv/0004/true_evo_events_sites_names	/raid/kang/DelSIEVE/simulation_results/IndelSIEVE_benchmark_pipeline_ld_102/benchmark_results/sciphin/no_cnv/0004/post_processed/sciphin.loci_info	/raid/kang/DelSIEVE/simulation_results/IndelSIEVE_benchmark_pipeline_ld_102/benchmark_results/simulated_data/results/data_type/no_cnv/0004/true_evo_events_genotypes_numeric	/raid/kang/DelSIEVE/simulation_results/IndelSIEVE_benchmark_pipeline_ld_102/benchmark_results/sciphin/no_cnv/0004/post_processed/sciphin.genotypes	/raid/kang/DelSIEVE/simulation_results/IndelSIEVE_benchmark_pipeline_ld_102/benchmark_results/simulated_data/results/data_type/no_cnv/0004/true_evo_events_ternary_matrix.simple	/raid/kang/DelSIEVE/simulation_results/IndelSIEVE_benchmark_pipeline_ld_102/benchmark_results/sciphin/no_cnv/0004/post_processed/sciphin.ternary	/raid/kang/DelSIEVE/simulation_results/IndelSIEVE_benchmark_pipeline_ld_102/benchmark_results/sciphin/no_cnv/0004/post_processed/sciphin.genotype_probs	4407	28	23875	1490	0.7473291504154654	0.9936865839909808	0.8530778164924506	0.0011714010793624	4401	34	24601	763	0.8522463206816422	0.9923337091319052	0.916970517762267	0.0013801501928151	4209	226	24605	759	0.8472222222222222	0.949041713641488	0.895246198021908	0.009101526317909	0	0	29642	157	0.0	NA	NA	0.0	157	28	3	154	0	0	16368	272	0.0	NA	0.0	NA	0	0	16632	8	0.0	NA	0.0	NA	0	0	16601	39	0.0	NA	0.0	NA	0	0	16415	225	0.0	NA	0.0	NA	219	6	38	0	0	0	16640	0	NA	NA	0.0	NA
40	20	10	0.001999	0.16334	8e-06	8e-07	0.0	0005	sciphin	candidate_snvs	NA	NA	no_cnv	/raid/kang/DelSIEVE/simulation_results/IndelSIEVE_benchmark_pipeline_ld_102/benchmark_results/simulated_data/results/cell_names	/raid/kang/DelSIEVE/simulation_results/IndelSIEVE_benchmark_pipeline_ld_102/benchmark_results/sciphin/no_cnv/0005/post_processed/sciphin.cell_names	/raid/kang/DelSIEVE/simulation_results/IndelSIEVE_benchmark_pipeline_ld_102/benchmark_results/simulated_data/results/data_type/no_cnv/0005/true_evo_events_sites_names	/raid/kang/DelSIEVE/simulation_results/IndelSIEVE_benchmark_pipeline_ld_102/benchmark_results/sciphin/no_cnv/0005/post_processed/sciphin.loci_info	/raid/kang/DelSIEVE/simulation_results/IndelSIEVE_benchmark_pipeline_ld_102/benchmark_results/simulated_data/results/data_type/no_cnv/0005/true_evo_events_genotypes_numeric	/raid/kang/DelSIEVE/simulation_results/IndelSIEVE_benchmark_pipeline_ld_102/benchmark_results/sciphin/no_cnv/0005/post_processed/sciphin.genotypes	/raid/kang/DelSIEVE/simulation_results/IndelSIEVE_benchmark_pipeline_ld_102/benchmark_results/simulated_data/results/data_type/no_cnv/0005/true_evo_events_ternary_matrix.simple	/raid/kang/DelSIEVE/simulation_results/IndelSIEVE_benchmark_pipeline_ld_102/benchmark_results/sciphin/no_cnv/0005/post_processed/sciphin.ternary	/raid/kang/DelSIEVE/simulation_results/IndelSIEVE_benchmark_pipeline_ld_102/benchmark_results/sciphin/no_cnv/0005/post_processed/sciphin.genotype_probs	8756	23	19172	1769	0.8319239904988124	0.9973801116300262	0.9071694985495234	0.001198228705392	8751	28	20319	618	0.9340377841818764	0.996810570680032	0.9644037910513557	0.0013761242443603	8213	566	20320	617	0.9301245753114384	0.9355279644606448	0.9328184451132944	0.0270994924830029	0	0	29259	457	0.0	NA	NA	0.0	457	23	1	456	0	0	21602	478	0.0	NA	0.0	NA	0	0	22080	0	NA	NA	0.0	NA	0	0	21998	82	0.0	NA	0.0	NA	0	0	21684	396	0.0	NA	0.0	NA	391	5	82	0	0	0	22080	0	NA	NA	0.0	NA
40	20	10	0.001999	0.16334	8e-06	8e-07	0.0	0006	sciphin	candidate_snvs	NA	NA	no_cnv	/raid/kang/DelSIEVE/simulation_results/IndelSIEVE_benchmark_pipeline_ld_102/benchmark_results/simulated_data/results/cell_names	/raid/kang/DelSIEVE/simulation_results/IndelSIEVE_benchmark_pipeline_ld_102/benchmark_results/sciphin/no_cnv/0006/post_processed/sciphin.cell_names	/raid/kang/DelSIEVE/simulation_results/IndelSIEVE_benchmark_pipeline_ld_102/benchmark_results/simulated_data/results/data_type/no_cnv/0006/true_evo_events_sites_names	/raid/kang/DelSIEVE/simulation_results/IndelSIEVE_benchmark_pipeline_ld_102/benchmark_results/sciphin/no_cnv/0006/post_processed/sciphin.loci_info	/raid/kang/DelSIEVE/simulation_results/IndelSIEVE_benchmark_pipeline_ld_102/benchmark_results/simulated_data/results/data_type/no_cnv/0006/true_evo_events_genotypes_numeric	/raid/kang/DelSIEVE/simulation_results/IndelSIEVE_benchmark_pipeline_ld_102/benchmark_results/sciphin/no_cnv/0006/post_processed/sciphin.genotypes	/raid/kang/DelSIEVE/simulation_results/IndelSIEVE_benchmark_pipeline_ld_102/benchmark_results/simulated_data/results/data_type/no_cnv/0006/true_evo_events_ternary_matrix.simple	/raid/kang/DelSIEVE/simulation_results/IndelSIEVE_benchmark_pipeline_ld_102/benchmark_results/sciphin/no_cnv/0006/post_processed/sciphin.ternary	/raid/kang/DelSIEVE/simulation_results/IndelSIEVE_benchmark_pipeline_ld_102/benchmark_results/sciphin/no_cnv/0006/post_processed/sciphin.genotype_probs	7789	39	18954	1298	0.8571585781886211	0.995017884517118	0.9209577298255984	0.002053388090349	7785	43	19612	637	0.9243647589646165	0.9945068983137456	0.958153846153846	0.0021877384889341	7124	704	19614	635	0.9181595566438974	0.9100664282064383	0.914095079232694	0.0346490796338222	0	0	27513	564	0.0	NA	NA	0.0	564	39	2	562	0	0	19332	308	0.0	NA	0.0	NA	0	0	19640	0	NA	NA	0.0	NA	0	0	19541	99	0.0	NA	0.0	NA	0	0	19431	209	0.0	NA	0.0	NA	205	4	99	0	0	0	19640	0	NA	NA	0.0	NA
40	20	10	0.001999	0.16334	8e-06	8e-07	0.0	0007	sciphin	candidate_snvs	NA	NA	no_cnv	/raid/kang/DelSIEVE/simulation_results/IndelSIEVE_benchmark_pipeline_ld_102/benchmark_results/simulated_data/results/cell_names	/raid/kang/DelSIEVE/simulation_results/IndelSIEVE_benchmark_pipeline_ld_102/benchmark_results/sciphin/no_cnv/0007/post_processed/sciphin.cell_names	/raid/kang/DelSIEVE/simulation_results/IndelSIEVE_benchmark_pipeline_ld_102/benchmark_results/simulated_data/results/data_type/no_cnv/0007/true_evo_events_sites_names	/raid/kang/DelSIEVE/simulation_results/IndelSIEVE_benchmark_pipeline_ld_102/benchmark_results/sciphin/no_cnv/0007/post_processed/sciphin.loci_info	/raid/kang/DelSIEVE/simulation_results/IndelSIEVE_benchmark_pipeline_ld_102/benchmark_results/simulated_data/results/data_type/no_cnv/0007/true_evo_events_genotypes_numeric	/raid/kang/DelSIEVE/simulation_results/IndelSIEVE_benchmark_pipeline_ld_102/benchmark_results/sciphin/no_cnv/0007/post_processed/sciphin.genotypes	/raid/kang/DelSIEVE/simulation_results/IndelSIEVE_benchmark_pipeline_ld_102/benchmark_results/simulated_data/results/data_type/no_cnv/0007/true_evo_events_ternary_matrix.simple	/raid/kang/DelSIEVE/simulation_results/IndelSIEVE_benchmark_pipeline_ld_102/benchmark_results/sciphin/no_cnv/0007/post_processed/sciphin.ternary	/raid/kang/DelSIEVE/simulation_results/IndelSIEVE_benchmark_pipeline_ld_102/benchmark_results/sciphin/no_cnv/0007/post_processed/sciphin.genotype_probs	5524	68	22816	1272	0.8128310771041789	0.9878397711015736	0.8918308040038747	0.0029715084775388	5522	70	23455	631	0.8974483991548838	0.9874821173104434	0.9403150276713496	0.0029755579171094	5303	289	23457	629	0.8939649359406608	0.948319027181688	0.9203401596667824	0.0121704708161374	0	0	29492	186	0.0	NA	NA	0.0	186	68	2	184	0	0	18881	239	0.0	NA	0.0	NA	0	0	19120	0	NA	NA	0.0	NA	0	0	19085	35	0.0	NA	0.0	NA	0	0	18916	204	0.0	NA	0.0	NA	202	2	35	0	0	0	19120	0	NA	NA	0.0	NA
40	20	10	0.001999	0.16334	8e-06	8e-07	0.0	0008	sciphin	candidate_snvs	NA	NA	no_cnv	/raid/kang/DelSIEVE/simulation_results/IndelSIEVE_benchmark_pipeline_ld_102/benchmark_results/simulated_data/results/cell_names	/raid/kang/DelSIEVE/simulation_results/IndelSIEVE_benchmark_pipeline_ld_102/benchmark_results/sciphin/no_cnv/0008/post_processed/sciphin.cell_names	/raid/kang/DelSIEVE/simulation_results/IndelSIEVE_benchmark_pipeline_ld_102/benchmark_results/simulated_data/results/data_type/no_cnv/0008/true_evo_events_sites_names	/raid/kang/DelSIEVE/simulation_results/IndelSIEVE_benchmark_pipeline_ld_102/benchmark_results/sciphin/no_cnv/0008/post_processed/sciphin.loci_info	/raid/kang/DelSIEVE/simulation_results/IndelSIEVE_benchmark_pipeline_ld_102/benchmark_results/simulated_data/results/data_type/no_cnv/0008/true_evo_events_genotypes_numeric	/raid/kang/DelSIEVE/simulation_results/IndelSIEVE_benchmark_pipeline_ld_102/benchmark_results/sciphin/no_cnv/0008/post_processed/sciphin.genotypes	/raid/kang/DelSIEVE/simulation_results/IndelSIEVE_benchmark_pipeline_ld_102/benchmark_results/simulated_data/results/data_type/no_cnv/0008/true_evo_events_ternary_matrix.simple	/raid/kang/DelSIEVE/simulation_results/IndelSIEVE_benchmark_pipeline_ld_102/benchmark_results/sciphin/no_cnv/0008/post_processed/sciphin.ternary	/raid/kang/DelSIEVE/simulation_results/IndelSIEVE_benchmark_pipeline_ld_102/benchmark_results/sciphin/no_cnv/0008/post_processed/sciphin.genotype_probs	7907	24	20488	1341	0.8549956747404844	0.9969738998865212	0.9205425228476628	0.001170046801872	7898	33	21173	656	0.92331073182137	0.9958391123439668	0.9582044282681228	0.0015561633499952	7415	516	21179	650	0.9194048357098574	0.9349388475602068	0.9271067766941736	0.023784282092648	0	0	29329	431	0.0	NA	NA	0.0	431	24	3	428	0	0	21155	125	0.0	NA	0.0	NA	0	0	21280	0	NA	NA	0.0	NA	0	0	21222	58	0.0	NA	0.0	NA	0	0	21213	67	0.0	NA	0.0	NA	58	9	55	0	0	0	21280	0	NA	NA	0.0	NA
40	20	10	0.001999	0.16334	8e-06	8e-07	0.0	0009	sciphin	candidate_snvs	NA	NA	no_cnv	/raid/kang/DelSIEVE/simulation_results/IndelSIEVE_benchmark_pipeline_ld_102/benchmark_results/simulated_data/results/cell_names	/raid/kang/DelSIEVE/simulation_results/IndelSIEVE_benchmark_pipeline_ld_102/benchmark_results/sciphin/no_cnv/0009/post_processed/sciphin.cell_names	/raid/kang/DelSIEVE/simulation_results/IndelSIEVE_benchmark_pipeline_ld_102/benchmark_results/simulated_data/results/data_type/no_cnv/0009/true_evo_events_sites_names	/raid/kang/DelSIEVE/simulation_results/IndelSIEVE_benchmark_pipeline_ld_102/benchmark_results/sciphin/no_cnv/0009/post_processed/sciphin.loci_info	/raid/kang/DelSIEVE/simulation_results/IndelSIEVE_benchmark_pipeline_ld_102/benchmark_results/simulated_data/results/data_type/no_cnv/0009/true_evo_events_genotypes_numeric	/raid/kang/DelSIEVE/simulation_results/IndelSIEVE_benchmark_pipeline_ld_102/benchmark_results/sciphin/no_cnv/0009/post_processed/sciphin.genotypes	/raid/kang/DelSIEVE/simulation_results/IndelSIEVE_benchmark_pipeline_ld_102/benchmark_results/simulated_data/results/data_type/no_cnv/0009/true_evo_events_ternary_matrix.simple	/raid/kang/DelSIEVE/simulation_results/IndelSIEVE_benchmark_pipeline_ld_102/benchmark_results/sciphin/no_cnv/0009/post_processed/sciphin.ternary	/raid/kang/DelSIEVE/simulation_results/IndelSIEVE_benchmark_pipeline_ld_102/benchmark_results/sciphin/no_cnv/0009/post_processed/sciphin.genotype_probs	5962	27	22393	1378	0.8122615803814713	0.99549173484722	0.8945907419911472	0.0012042818911685	5960	29	23124	644	0.9024833434282252	0.9951577892803471	0.9465576113713968	0.0012525374681466	5647	342	23127	641	0.898059796437659	0.9428953080647854	0.919931579376069	0.0145724146746772	0	0	29476	281	0.0	NA	NA	0.0	281	27	0	281	0	0	18390	250	0.0	NA	0.0	NA	0	0	18640	0	NA	NA	0.0	NA	0	0	18605	35	0.0	NA	0.0	NA	0	0	18425	215	0.0	NA	0.0	NA	213	2	32	0	0	0	18640	0	NA	NA	0.0	NA
40	20	10	0.001999	0.16334	8e-06	8e-07	0.0	0010	sciphin	candidate_snvs	NA	NA	no_cnv	/raid/kang/DelSIEVE/simulation_results/IndelSIEVE_benchmark_pipeline_ld_102/benchmark_results/simulated_data/results/cell_names	/raid/kang/DelSIEVE/simulation_results/IndelSIEVE_benchmark_pipeline_ld_102/benchmark_results/sciphin/no_cnv/0010/post_processed/sciphin.cell_names	/raid/kang/DelSIEVE/simulation_results/IndelSIEVE_benchmark_pipeline_ld_102/benchmark_results/simulated_data/results/data_type/no_cnv/0010/true_evo_events_sites_names	/raid/kang/DelSIEVE/simulation_results/IndelSIEVE_benchmark_pipeline_ld_102/benchmark_results/sciphin/no_cnv/0010/post_processed/sciphin.loci_info	/raid/kang/DelSIEVE/simulation_results/IndelSIEVE_benchmark_pipeline_ld_102/benchmark_results/simulated_data/results/data_type/no_cnv/0010/true_evo_events_genotypes_numeric	/raid/kang/DelSIEVE/simulation_results/IndelSIEVE_benchmark_pipeline_ld_102/benchmark_results/sciphin/no_cnv/0010/post_processed/sciphin.genotypes	/raid/kang/DelSIEVE/simulation_results/IndelSIEVE_benchmark_pipeline_ld_102/benchmark_results/simulated_data/results/data_type/no_cnv/0010/true_evo_events_ternary_matrix.simple	/raid/kang/DelSIEVE/simulation_results/IndelSIEVE_benchmark_pipeline_ld_102/benchmark_results/sciphin/no_cnv/0010/post_processed/sciphin.ternary	/raid/kang/DelSIEVE/simulation_results/IndelSIEVE_benchmark_pipeline_ld_102/benchmark_results/sciphin/no_cnv/0010/post_processed/sciphin.genotype_probs	5702	66	16755	1317	0.8123664339649522	0.9885575589459084	0.8918432783295533	0.0039236668450151	5700	68	17528	539	0.913607949991986	0.9882108183079056	0.9494461564087616	0.0038645146624232	5364	404	17533	534	0.9094608341810784	0.9299583911234396	0.91959540545174	0.0225232759101298	0	0	23590	245	0.0	NA	NA	0.0	245	66	3	242	0	0	16721	319	0.0	NA	0.0	NA	0	0	17040	0	NA	NA	0.0	NA	0	0	16944	96	0.0	NA	0.0	NA	0	0	16817	223	0.0	NA	0.0	NA	221	2	94	0	0	0	17040	0	NA	NA	0.0	NA
40	20	10	0.001999	0.16334	8e-06	8e-07	0.0	0001	sieve	candidate_snvs	smc_mu_ld_stage_1	mt	no_cnv	/raid/kang/DelSIEVE/simulation_results/IndelSIEVE_benchmark_pipeline_ld_102/benchmark_results/simulated_data/results/cell_names	/raid/kang/DelSIEVE/simulation_results/IndelSIEVE_benchmark_pipeline_ld_102/benchmark_results/indelsieve/from_candidate/variant_calling/mt/no_cnv/smc_mu_ld_stage_1/0001/indelsieve_median.cell_names	/raid/kang/DelSIEVE/simulation_results/IndelSIEVE_benchmark_pipeline_ld_102/benchmark_results/simulated_data/results/data_type/no_cnv/0001/true_evo_events_sites_names	/raid/kang/DelSIEVE/simulation_results/IndelSIEVE_benchmark_pipeline_ld_102/benchmark_results/indelsieve/from_candidate/variant_calling/mt/no_cnv/smc_mu_ld_stage_1/0001/indelsieve_median.loci_info	/raid/kang/DelSIEVE/simulation_results/IndelSIEVE_benchmark_pipeline_ld_102/benchmark_results/simulated_data/results/data_type/no_cnv/0001/true_evo_events_genotypes_numeric	/raid/kang/DelSIEVE/simulation_results/IndelSIEVE_benchmark_pipeline_ld_102/benchmark_results/indelsieve/from_candidate/variant_calling/mt/no_cnv/smc_mu_ld_stage_1/0001/indelsieve_median.genotypes	/raid/kang/DelSIEVE/simulation_results/IndelSIEVE_benchmark_pipeline_ld_102/benchmark_results/simulated_data/results/data_type/no_cnv/0001/true_evo_events_ternary_matrix.simple	/raid/kang/DelSIEVE/simulation_results/IndelSIEVE_benchmark_pipeline_ld_102/benchmark_results/indelsieve/from_candidate/variant_calling/mt/no_cnv/smc_mu_ld_stage_1/0001/indelsieve_median.ternary	/raid/kang/DelSIEVE/simulation_results/IndelSIEVE_benchmark_pipeline_ld_102/benchmark_results/indelsieve/from_candidate/variant_calling/mt/no_cnv/smc_mu_ld_stage_1/0001/indelsieve_median.probs	7298	42	21642	978	0.8818269695505075	0.9942779291553132	0.9346823770491804	0.0019369120088544	7287	53	22286	333	0.9562992125984252	0.9927792915531336	0.9741978609625668	0.0023725323425399	6801	104	22702	352	0.9507898783727108	0.984938450398262	0.9675629534784465	0.004560203455231	351	84	29485	39	0.9	0.8068965517241379	0.8509090909090908	0.0028408130136291	390	42	1	38	0	0	20408	312	0.0	NA	0.0	NA	0	0	20720	0	NA	NA	0.0	NA	0	0	20643	77	0.0	NA	0.0	NA	0	0	20485	235	0.0	NA	0.0	NA	224	11	13	64	0	0	20720	0	NA	NA	0.0	NA
40	20	10	0.001999	0.16334	8e-06	8e-07	0.0	0002	sieve	candidate_snvs	smc_mu_ld_stage_1	mt	no_cnv	/raid/kang/DelSIEVE/simulation_results/IndelSIEVE_benchmark_pipeline_ld_102/benchmark_results/simulated_data/results/cell_names	/raid/kang/DelSIEVE/simulation_results/IndelSIEVE_benchmark_pipeline_ld_102/benchmark_results/indelsieve/from_candidate/variant_calling/mt/no_cnv/smc_mu_ld_stage_1/0002/indelsieve_mode_gaussian.cell_names	/raid/kang/DelSIEVE/simulation_results/IndelSIEVE_benchmark_pipeline_ld_102/benchmark_results/simulated_data/results/data_type/no_cnv/0002/true_evo_events_sites_names	/raid/kang/DelSIEVE/simulation_results/IndelSIEVE_benchmark_pipeline_ld_102/benchmark_results/indelsieve/from_candidate/variant_calling/mt/no_cnv/smc_mu_ld_stage_1/0002/indelsieve_mode_gaussian.loci_info	/raid/kang/DelSIEVE/simulation_results/IndelSIEVE_benchmark_pipeline_ld_102/benchmark_results/simulated_data/results/data_type/no_cnv/0002/true_evo_events_genotypes_numeric	/raid/kang/DelSIEVE/simulation_results/IndelSIEVE_benchmark_pipeline_ld_102/benchmark_results/indelsieve/from_candidate/variant_calling/mt/no_cnv/smc_mu_ld_stage_1/0002/indelsieve_mode_gaussian.genotypes	/raid/kang/DelSIEVE/simulation_results/IndelSIEVE_benchmark_pipeline_ld_102/benchmark_results/simulated_data/results/data_type/no_cnv/0002/true_evo_events_ternary_matrix.simple	/raid/kang/DelSIEVE/simulation_results/IndelSIEVE_benchmark_pipeline_ld_102/benchmark_results/indelsieve/from_candidate/variant_calling/mt/no_cnv/smc_mu_ld_stage_1/0002/indelsieve_mode_gaussian.ternary	/raid/kang/DelSIEVE/simulation_results/IndelSIEVE_benchmark_pipeline_ld_102/benchmark_results/indelsieve/from_candidate/variant_calling/mt/no_cnv/smc_mu_ld_stage_1/0002/indelsieve_mode_gaussian.probs	9817	34	18951	1318	0.8816344858554108	0.996548573748858	0.9355760983512816	0.0017908875427969	9805	46	19997	271	0.97310440651052	0.9953304233072784	0.9840919355648116	0.0022950656089407	9095	99	20642	283	0.9698229899765408	0.9892321078964542	0.9794314021107045	0.0047731546212815	543	114	29428	34	0.9410745233968804	0.8264840182648402	0.8800648298217181	0.003858912734412	577	34	0	34	0	0	22077	403	0.0	NA	0.0	NA	0	0	22480	0	NA	NA	0.0	NA	0	0	22359	121	0.0	NA	0.0	NA	0	0	22198	282	0.0	NA	0.0	NA	270	12	19	102	0	0	22480	0	NA	NA	0.0	NA
40	20	10	0.001999	0.16334	8e-06	8e-07	0.0	0003	sieve	candidate_snvs	smc_mu_ld_stage_1	mt	no_cnv	/raid/kang/DelSIEVE/simulation_results/IndelSIEVE_benchmark_pipeline_ld_102/benchmark_results/simulated_data/results/cell_names	/raid/kang/DelSIEVE/simulation_results/IndelSIEVE_benchmark_pipeline_ld_102/benchmark_results/indelsieve/from_candidate/variant_calling/mt/no_cnv/smc_mu_ld_stage_1/0003/indelsieve_median.cell_names	/raid/kang/DelSIEVE/simulation_results/IndelSIEVE_benchmark_pipeline_ld_102/benchmark_results/simulated_data/results/data_type/no_cnv/0003/true_evo_events_sites_names	/raid/kang/DelSIEVE/simulation_results/IndelSIEVE_benchmark_pipeline_ld_102/benchmark_results/indelsieve/from_candidate/variant_calling/mt/no_cnv/smc_mu_ld_stage_1/0003/indelsieve_median.loci_info	/raid/kang/DelSIEVE/simulation_results/IndelSIEVE_benchmark_pipeline_ld_102/benchmark_results/simulated_data/results/data_type/no_cnv/0003/true_evo_events_genotypes_numeric	/raid/kang/DelSIEVE/simulation_results/IndelSIEVE_benchmark_pipeline_ld_102/benchmark_results/indelsieve/from_candidate/variant_calling/mt/no_cnv/smc_mu_ld_stage_1/0003/indelsieve_median.genotypes	/raid/kang/DelSIEVE/simulation_results/IndelSIEVE_benchmark_pipeline_ld_102/benchmark_results/simulated_data/results/data_type/no_cnv/0003/true_evo_events_ternary_matrix.simple	/raid/kang/DelSIEVE/simulation_results/IndelSIEVE_benchmark_pipeline_ld_102/benchmark_results/indelsieve/from_candidate/variant_calling/mt/no_cnv/smc_mu_ld_stage_1/0003/indelsieve_median.ternary	/raid/kang/DelSIEVE/simulation_results/IndelSIEVE_benchmark_pipeline_ld_102/benchmark_results/indelsieve/from_candidate/variant_calling/mt/no_cnv/smc_mu_ld_stage_1/0003/indelsieve_median.probs	7908	39	20618	1235	0.8649239855627255	0.9950924877312192	0.9254534815681684	0.0018879798615481	7899	48	21526	327	0.9602479941648432	0.9939599848999624	0.9768132071971805	0.0022249003430054	7462	109	21884	345	0.9558088894581784	0.9856029586580372	0.9704773052412536	0.0049561224025826	317	59	29385	39	0.8904494382022472	0.8430851063829787	0.8661202185792349	0.0020038038310012	356	39	0	39	0	0	21250	390	0.0	NA	0.0	NA	0	0	21631	9	0.0	NA	0.0	NA	0	0	21577	63	0.0	NA	0.0	NA	0	0	21322	318	0.0	NA	0.0	NA	312	6	25	38	0	0	21640	0	NA	NA	0.0	NA
40	20	10	0.001999	0.16334	8e-06	8e-07	0.0	0004	sieve	candidate_snvs	smc_mu_ld_stage_1	mt	no_cnv	/raid/kang/DelSIEVE/simulation_results/IndelSIEVE_benchmark_pipeline_ld_102/benchmark_results/simulated_data/results/cell_names	/raid/kang/DelSIEVE/simulation_results/IndelSIEVE_benchmark_pipeline_ld_102/benchmark_results/indelsieve/from_candidate/variant_calling/mt/no_cnv/smc_mu_ld_stage_1/0004/indelsieve_mode_gaussian.cell_names	/raid/kang/DelSIEVE/simulation_results/IndelSIEVE_benchmark_pipeline_ld_102/benchmark_results/simulated_data/results/data_type/no_cnv/0004/true_evo_events_sites_names	/raid/kang/DelSIEVE/simulation_results/IndelSIEVE_benchmark_pipeline_ld_102/benchmark_results/indelsieve/from_candidate/variant_calling/mt/no_cnv/smc_mu_ld_stage_1/0004/indelsieve_mode_gaussian.loci_info	/raid/kang/DelSIEVE/simulation_results/IndelSIEVE_benchmark_pipeline_ld_102/benchmark_results/simulated_data/results/data_type/no_cnv/0004/true_evo_events_genotypes_numeric	/raid/kang/DelSIEVE/simulation_results/IndelSIEVE_benchmark_pipeline_ld_102/benchmark_results/indelsieve/from_candidate/variant_calling/mt/no_cnv/smc_mu_ld_stage_1/0004/indelsieve_mode_gaussian.genotypes	/raid/kang/DelSIEVE/simulation_results/IndelSIEVE_benchmark_pipeline_ld_102/benchmark_results/simulated_data/results/data_type/no_cnv/0004/true_evo_events_ternary_matrix.simple	/raid/kang/DelSIEVE/simulation_results/IndelSIEVE_benchmark_pipeline_ld_102/benchmark_results/indelsieve/from_candidate/variant_calling/mt/no_cnv/smc_mu_ld_stage_1/0004/indelsieve_mode_gaussian.ternary	/raid/kang/DelSIEVE/simulation_results/IndelSIEVE_benchmark_pipeline_ld_102/benchmark_results/indelsieve/from_candidate/variant_calling/mt/no_cnv/smc_mu_ld_stage_1/0004/indelsieve_mode_gaussian.probs	4721	35	23868	1176	0.8005765643547567	0.9926408746846088	0.8863231014737633	0.001464251349203	4713	43	24592	451	0.9126646010844308	0.990958788898234	0.950201612903226	0.0017454840673838	4514	80	24751	454	0.9086151368760064	0.9825859817152808	0.944153942689814	0.0032217792275784	132	30	29612	25	0.8407643312101911	0.8148148148148148	0.8275862068965518	0.0010120774576614	157	35	3	22	0	0	16248	272	0.0	NA	0.0	NA	0	0	16512	8	0.0	NA	0.0	NA	0	0	16481	39	0.0	NA	0.0	NA	0	0	16295	225	0.0	NA	0.0	NA	217	8	15	24	0	0	16520	0	NA	NA	0.0	NA
40	20	10	0.001999	0.16334	8e-06	8e-07	0.0	0005	sieve	candidate_snvs	smc_mu_ld_stage_1	mt	no_cnv	/raid/kang/DelSIEVE/simulation_results/IndelSIEVE_benchmark_pipeline_ld_102/benchmark_results/simulated_data/results/cell_names	/raid/kang/DelSIEVE/simulation_results/IndelSIEVE_benchmark_pipeline_ld_102/benchmark_results/indelsieve/from_candidate/variant_calling/mt/no_cnv/smc_mu_ld_stage_1/0005/indelsieve_mode_gaussian.cell_names	/raid/kang/DelSIEVE/simulation_results/IndelSIEVE_benchmark_pipeline_ld_102/benchmark_results/simulated_data/results/data_type/no_cnv/0005/true_evo_events_sites_names	/raid/kang/DelSIEVE/simulation_results/IndelSIEVE_benchmark_pipeline_ld_102/benchmark_results/indelsieve/from_candidate/variant_calling/mt/no_cnv/smc_mu_ld_stage_1/0005/indelsieve_mode_gaussian.loci_info	/raid/kang/DelSIEVE/simulation_results/IndelSIEVE_benchmark_pipeline_ld_102/benchmark_results/simulated_data/results/data_type/no_cnv/0005/true_evo_events_genotypes_numeric	/raid/kang/DelSIEVE/simulation_results/IndelSIEVE_benchmark_pipeline_ld_102/benchmark_results/indelsieve/from_candidate/variant_calling/mt/no_cnv/smc_mu_ld_stage_1/0005/indelsieve_mode_gaussian.genotypes	/raid/kang/DelSIEVE/simulation_results/IndelSIEVE_benchmark_pipeline_ld_102/benchmark_results/simulated_data/results/data_type/no_cnv/0005/true_evo_events_ternary_matrix.simple	/raid/kang/DelSIEVE/simulation_results/IndelSIEVE_benchmark_pipeline_ld_102/benchmark_results/indelsieve/from_candidate/variant_calling/mt/no_cnv/smc_mu_ld_stage_1/0005/indelsieve_mode_gaussian.ternary	/raid/kang/DelSIEVE/simulation_results/IndelSIEVE_benchmark_pipeline_ld_102/benchmark_results/indelsieve/from_candidate/variant_calling/mt/no_cnv/smc_mu_ld_stage_1/0005/indelsieve_mode_gaussian.probs	9073	42	19153	1452	0.8620427553444181	0.9953922106417992	0.9239307535641548	0.0021880698098463	9063	52	20295	306	0.967339097022094	0.9942951179374656	0.9806318978576066	0.0025556593109549	8498	117	20769	332	0.962400906002265	0.9864190365641324	0.9742619661794212	0.0056018385521401	421	79	29180	36	0.9212253829321664	0.842	0.8798328108672936	0.0027000239242626	457	42	1	35	0	0	21482	478	0.0	NA	0.0	NA	0	0	21960	0	NA	NA	0.0	NA	0	0	21878	82	0.0	NA	0.0	NA	0	0	21564	396	0.0	NA	0.0	NA	386	10	30	52	0	0	21960	0	NA	NA	0.0	NA
40	20	10	0.001999	0.16334	8e-06	8e-07	0.0	0006	sieve	candidate_snvs	smc_mu_ld_stage_1	mt	no_cnv	/raid/kang/DelSIEVE/simulation_results/IndelSIEVE_benchmark_pipeline_ld_102/benchmark_results/simulated_data/results/cell_names	/raid/kang/DelSIEVE/simulation_results/IndelSIEVE_benchmark_pipeline_ld_102/benchmark_results/indelsieve/from_candidate/variant_calling/mt/no_cnv/smc_mu_ld_stage_1/0006/indelsieve_mode_gaussian.cell_names	/raid/kang/DelSIEVE/simulation_results/IndelSIEVE_benchmark_pipeline_ld_102/benchmark_results/simulated_data/results/data_type/no_cnv/0006/true_evo_events_sites_names	/raid/kang/DelSIEVE/simulation_results/IndelSIEVE_benchmark_pipeline_ld_102/benchmark_results/indelsieve/from_candidate/variant_calling/mt/no_cnv/smc_mu_ld_stage_1/0006/indelsieve_mode_gaussian.loci_info	/raid/kang/DelSIEVE/simulation_results/IndelSIEVE_benchmark_pipeline_ld_102/benchmark_results/simulated_data/results/data_type/no_cnv/0006/true_evo_events_genotypes_numeric	/raid/kang/DelSIEVE/simulation_results/IndelSIEVE_benchmark_pipeline_ld_102/benchmark_results/indelsieve/from_candidate/variant_calling/mt/no_cnv/smc_mu_ld_stage_1/0006/indelsieve_mode_gaussian.genotypes	/raid/kang/DelSIEVE/simulation_results/IndelSIEVE_benchmark_pipeline_ld_102/benchmark_results/simulated_data/results/data_type/no_cnv/0006/true_evo_events_ternary_matrix.simple	/raid/kang/DelSIEVE/simulation_results/IndelSIEVE_benchmark_pipeline_ld_102/benchmark_results/indelsieve/from_candidate/variant_calling/mt/no_cnv/smc_mu_ld_stage_1/0006/indelsieve_mode_gaussian.ternary	/raid/kang/DelSIEVE/simulation_results/IndelSIEVE_benchmark_pipeline_ld_102/benchmark_results/indelsieve/from_candidate/variant_calling/mt/no_cnv/smc_mu_ld_stage_1/0006/indelsieve_mode_gaussian.probs	8116	33	18960	971	0.8931440519423351	0.99595042336483	0.941749825945695	0.0017374822302953	8107	42	19613	315	0.9625979577297554	0.99484599337342	0.9784563393880876	0.0021368608496565	7434	108	20210	325	0.9581131589122308	0.9856801909307876	0.9717011960002614	0.0053154838074613	530	77	27436	34	0.9397163120567376	0.8731466227347611	0.9052092228864218	0.0027986769890597	564	33	0	34	0	0	19173	307	0.0	NA	0.0	NA	0	0	19480	0	NA	NA	0.0	NA	0	0	19381	99	0.0	NA	0.0	NA	0	0	19272	208	0.0	NA	0.0	NA	199	9	32	67	0	0	19480	0	NA	NA	0.0	NA
40	20	10	0.001999	0.16334	8e-06	8e-07	0.0	0007	sieve	candidate_snvs	smc_mu_ld_stage_1	mt	no_cnv	/raid/kang/DelSIEVE/simulation_results/IndelSIEVE_benchmark_pipeline_ld_102/benchmark_results/simulated_data/results/cell_names	/raid/kang/DelSIEVE/simulation_results/IndelSIEVE_benchmark_pipeline_ld_102/benchmark_results/indelsieve/from_candidate/variant_calling/mt/no_cnv/smc_mu_ld_stage_1/0007/indelsieve_median.cell_names	/raid/kang/DelSIEVE/simulation_results/IndelSIEVE_benchmark_pipeline_ld_102/benchmark_results/simulated_data/results/data_type/no_cnv/0007/true_evo_events_sites_names	/raid/kang/DelSIEVE/simulation_results/IndelSIEVE_benchmark_pipeline_ld_102/benchmark_results/indelsieve/from_candidate/variant_calling/mt/no_cnv/smc_mu_ld_stage_1/0007/indelsieve_median.loci_info	/raid/kang/DelSIEVE/simulation_results/IndelSIEVE_benchmark_pipeline_ld_102/benchmark_results/simulated_data/results/data_type/no_cnv/0007/true_evo_events_genotypes_numeric	/raid/kang/DelSIEVE/simulation_results/IndelSIEVE_benchmark_pipeline_ld_102/benchmark_results/indelsieve/from_candidate/variant_calling/mt/no_cnv/smc_mu_ld_stage_1/0007/indelsieve_median.genotypes	/raid/kang/DelSIEVE/simulation_results/IndelSIEVE_benchmark_pipeline_ld_102/benchmark_results/simulated_data/results/data_type/no_cnv/0007/true_evo_events_ternary_matrix.simple	/raid/kang/DelSIEVE/simulation_results/IndelSIEVE_benchmark_pipeline_ld_102/benchmark_results/indelsieve/from_candidate/variant_calling/mt/no_cnv/smc_mu_ld_stage_1/0007/indelsieve_median.ternary	/raid/kang/DelSIEVE/simulation_results/IndelSIEVE_benchmark_pipeline_ld_102/benchmark_results/indelsieve/from_candidate/variant_calling/mt/no_cnv/smc_mu_ld_stage_1/0007/indelsieve_median.probs	5749	54	22830	1047	0.8459387875220719	0.9906944683784248	0.9126121120723868	0.0023597273203985	5740	63	23462	413	0.9328782707622298	0.9891435464414958	0.9601873536299766	0.0026780021253985	5515	111	23635	417	0.9297033041132838	0.9802701741912548	0.954317355943935	0.0046744714899351	147	30	29462	39	0.7903225806451613	0.8305084745762712	0.8099173553719008	0.0010172250101722	186	54	2	37	0	0	18761	239	0.0	NA	0.0	NA	0	0	19000	0	NA	NA	0.0	NA	0	0	18965	35	0.0	NA	0.0	NA	0	0	18796	204	0.0	NA	0.0	NA	195	9	11	24	0	0	19000	0	NA	NA	0.0	NA
40	20	10	0.001999	0.16334	8e-06	8e-07	0.0	0008	sieve	candidate_snvs	smc_mu_ld_stage_1	mt	no_cnv	/raid/kang/DelSIEVE/simulation_results/IndelSIEVE_benchmark_pipeline_ld_102/benchmark_results/simulated_data/results/cell_names	/raid/kang/DelSIEVE/simulation_results/IndelSIEVE_benchmark_pipeline_ld_102/benchmark_results/indelsieve/from_candidate/variant_calling/mt/no_cnv/smc_mu_ld_stage_1/0008/indelsieve_mode_gaussian.cell_names	/raid/kang/DelSIEVE/simulation_results/IndelSIEVE_benchmark_pipeline_ld_102/benchmark_results/simulated_data/results/data_type/no_cnv/0008/true_evo_events_sites_names	/raid/kang/DelSIEVE/simulation_results/IndelSIEVE_benchmark_pipeline_ld_102/benchmark_results/indelsieve/from_candidate/variant_calling/mt/no_cnv/smc_mu_ld_stage_1/0008/indelsieve_mode_gaussian.loci_info	/raid/kang/DelSIEVE/simulation_results/IndelSIEVE_benchmark_pipeline_ld_102/benchmark_results/simulated_data/results/data_type/no_cnv/0008/true_evo_events_genotypes_numeric	/raid/kang/DelSIEVE/simulation_results/IndelSIEVE_benchmark_pipeline_ld_102/benchmark_results/indelsieve/from_candidate/variant_calling/mt/no_cnv/smc_mu_ld_stage_1/0008/indelsieve_mode_gaussian.genotypes	/raid/kang/DelSIEVE/simulation_results/IndelSIEVE_benchmark_pipeline_ld_102/benchmark_results/simulated_data/results/data_type/no_cnv/0008/true_evo_events_ternary_matrix.simple	/raid/kang/DelSIEVE/simulation_results/IndelSIEVE_benchmark_pipeline_ld_102/benchmark_results/indelsieve/from_candidate/variant_calling/mt/no_cnv/smc_mu_ld_stage_1/0008/indelsieve_mode_gaussian.ternary	/raid/kang/DelSIEVE/simulation_results/IndelSIEVE_benchmark_pipeline_ld_102/benchmark_results/indelsieve/from_candidate/variant_calling/mt/no_cnv/smc_mu_ld_stage_1/0008/indelsieve_mode_gaussian.probs	8244	30	20482	1004	0.8914359861591695	0.9963741841914432	0.940988471635658	0.00146255850234	8230	44	21162	324	0.9621229833995792	0.9946821368141164	0.9781316852864276	0.0020748844666603	7727	81	21614	338	0.958090514569126	0.989626024590164	0.9736029736029737	0.0037335791657063	402	64	29265	29	0.9327146171693736	0.8626609442060086	0.8963210702341137	0.0021821405434893	431	30	1	28	0	0	21035	125	0.0	NA	0.0	NA	0	0	21160	0	NA	NA	0.0	NA	0	0	21102	58	0.0	NA	0.0	NA	0	0	21093	67	0.0	NA	0.0	NA	53	14	9	46	0	0	21160	0	NA	NA	0.0	NA
40	20	10	0.001999	0.16334	8e-06	8e-07	0.0	0009	sieve	candidate_snvs	smc_mu_ld_stage_1	mt	no_cnv	/raid/kang/DelSIEVE/simulation_results/IndelSIEVE_benchmark_pipeline_ld_102/benchmark_results/simulated_data/results/cell_names	/raid/kang/DelSIEVE/simulation_results/IndelSIEVE_benchmark_pipeline_ld_102/benchmark_results/indelsieve/from_candidate/variant_calling/mt/no_cnv/smc_mu_ld_stage_1/0009/indelsieve_median.cell_names	/raid/kang/DelSIEVE/simulation_results/IndelSIEVE_benchmark_pipeline_ld_102/benchmark_results/simulated_data/results/data_type/no_cnv/0009/true_evo_events_sites_names	/raid/kang/DelSIEVE/simulation_results/IndelSIEVE_benchmark_pipeline_ld_102/benchmark_results/indelsieve/from_candidate/variant_calling/mt/no_cnv/smc_mu_ld_stage_1/0009/indelsieve_median.loci_info	/raid/kang/DelSIEVE/simulation_results/IndelSIEVE_benchmark_pipeline_ld_102/benchmark_results/simulated_data/results/data_type/no_cnv/0009/true_evo_events_genotypes_numeric	/raid/kang/DelSIEVE/simulation_results/IndelSIEVE_benchmark_pipeline_ld_102/benchmark_results/indelsieve/from_candidate/variant_calling/mt/no_cnv/smc_mu_ld_stage_1/0009/indelsieve_median.genotypes	/raid/kang/DelSIEVE/simulation_results/IndelSIEVE_benchmark_pipeline_ld_102/benchmark_results/simulated_data/results/data_type/no_cnv/0009/true_evo_events_ternary_matrix.simple	/raid/kang/DelSIEVE/simulation_results/IndelSIEVE_benchmark_pipeline_ld_102/benchmark_results/indelsieve/from_candidate/variant_calling/mt/no_cnv/smc_mu_ld_stage_1/0009/indelsieve_median.ternary	/raid/kang/DelSIEVE/simulation_results/IndelSIEVE_benchmark_pipeline_ld_102/benchmark_results/indelsieve/from_candidate/variant_calling/mt/no_cnv/smc_mu_ld_stage_1/0009/indelsieve_median.probs	6197	40	22380	1143	0.8442779291553133	0.9935866602533268	0.9128673491934888	0.0017841213202497	6191	46	23107	413	0.9374621441550576	0.992624659291326	0.9642551203177324	0.0019867835701636	5854	80	23389	434	0.9309796437659033	0.9865183687226154	0.9579446899034528	0.0034087519706847	265	38	29438	16	0.9430604982206404	0.8745874587458746	0.9075342465753424	0.001289184421224	281	40	0	16	0	0	18350	250	0.0	NA	0.0	NA	0	0	18600	0	NA	NA	0.0	NA	0	0	18565	35	0.0	NA	0.0	NA	0	0	18385	215	0.0	NA	0.0	NA	209	6	18	17	0	0	18600	0	NA	NA	0.0	NA
40	20	10	0.001999	0.16334	8e-06	8e-07	0.0	0010	sieve	candidate_snvs	smc_mu_ld_stage_1	mt	no_cnv	/raid/kang/DelSIEVE/simulation_results/IndelSIEVE_benchmark_pipeline_ld_102/benchmark_results/simulated_data/results/cell_names	/raid/kang/DelSIEVE/simulation_results/IndelSIEVE_benchmark_pipeline_ld_102/benchmark_results/indelsieve/from_candidate/variant_calling/mt/no_cnv/smc_mu_ld_stage_1/0010/indelsieve_median.cell_names	/raid/kang/DelSIEVE/simulation_results/IndelSIEVE_benchmark_pipeline_ld_102/benchmark_results/simulated_data/results/data_type/no_cnv/0010/true_evo_events_sites_names	/raid/kang/DelSIEVE/simulation_results/IndelSIEVE_benchmark_pipeline_ld_102/benchmark_results/indelsieve/from_candidate/variant_calling/mt/no_cnv/smc_mu_ld_stage_1/0010/indelsieve_median.loci_info	/raid/kang/DelSIEVE/simulation_results/IndelSIEVE_benchmark_pipeline_ld_102/benchmark_results/simulated_data/results/data_type/no_cnv/0010/true_evo_events_genotypes_numeric	/raid/kang/DelSIEVE/simulation_results/IndelSIEVE_benchmark_pipeline_ld_102/benchmark_results/indelsieve/from_candidate/variant_calling/mt/no_cnv/smc_mu_ld_stage_1/0010/indelsieve_median.genotypes	/raid/kang/DelSIEVE/simulation_results/IndelSIEVE_benchmark_pipeline_ld_102/benchmark_results/simulated_data/results/data_type/no_cnv/0010/true_evo_events_ternary_matrix.simple	/raid/kang/DelSIEVE/simulation_results/IndelSIEVE_benchmark_pipeline_ld_102/benchmark_results/indelsieve/from_candidate/variant_calling/mt/no_cnv/smc_mu_ld_stage_1/0010/indelsieve_median.ternary	/raid/kang/DelSIEVE/simulation_results/IndelSIEVE_benchmark_pipeline_ld_102/benchmark_results/indelsieve/from_candidate/variant_calling/mt/no_cnv/smc_mu_ld_stage_1/0010/indelsieve_median.probs	5963	42	16779	1056	0.8495512181222397	0.9930058284762696	0.9156941031941032	0.0024968789013732	5958	47	17549	281	0.95496073088636	0.9921731890091592	0.9732113688337144	0.0026710616049102	5611	89	17848	287	0.9513394370973212	0.9843859649122808	0.9675806173478186	0.004961810782182	209	96	23494	36	0.8530612244897959	0.6852459016393443	0.7600000000000001	0.0040695209834675	245	42	2	34	0	0	16641	319	0.0	NA	0.0	NA	0	0	16960	0	NA	NA	0.0	NA	0	0	16864	96	0.0	NA	0.0	NA	0	0	16737	223	0.0	NA	0.0	NA	218	5	8	87	0	0	16960	0	NA	NA	0.0	NA
40	20	10	0.001999	0.16334	8e-06	8e-07	0.0	0001	indelsieve	candidate_snvs	smc_mudel_ld_stage_1	mt	no_cnv	/raid/kang/DelSIEVE/simulation_results/IndelSIEVE_benchmark_pipeline_ld_102/benchmark_results/simulated_data/results/cell_names	/raid/kang/DelSIEVE/simulation_results/IndelSIEVE_benchmark_pipeline_ld_102/benchmark_results/indelsieve/from_candidate/variant_calling/mt/no_cnv/smc_mudel_ld_stage_1/0001/indelsieve_median.cell_names	/raid/kang/DelSIEVE/simulation_results/IndelSIEVE_benchmark_pipeline_ld_102/benchmark_results/simulated_data/results/data_type/no_cnv/0001/true_evo_events_sites_names	/raid/kang/DelSIEVE/simulation_results/IndelSIEVE_benchmark_pipeline_ld_102/benchmark_results/indelsieve/from_candidate/variant_calling/mt/no_cnv/smc_mudel_ld_stage_1/0001/indelsieve_median.loci_info	/raid/kang/DelSIEVE/simulation_results/IndelSIEVE_benchmark_pipeline_ld_102/benchmark_results/simulated_data/results/data_type/no_cnv/0001/true_evo_events_genotypes_numeric	/raid/kang/DelSIEVE/simulation_results/IndelSIEVE_benchmark_pipeline_ld_102/benchmark_results/indelsieve/from_candidate/variant_calling/mt/no_cnv/smc_mudel_ld_stage_1/0001/indelsieve_median.genotypes	/raid/kang/DelSIEVE/simulation_results/IndelSIEVE_benchmark_pipeline_ld_102/benchmark_results/simulated_data/results/data_type/no_cnv/0001/true_evo_events_ternary_matrix.simple	/raid/kang/DelSIEVE/simulation_results/IndelSIEVE_benchmark_pipeline_ld_102/benchmark_results/indelsieve/from_candidate/variant_calling/mt/no_cnv/smc_mudel_ld_stage_1/0001/indelsieve_median.ternary	/raid/kang/DelSIEVE/simulation_results/IndelSIEVE_benchmark_pipeline_ld_102/benchmark_results/indelsieve/from_candidate/variant_calling/mt/no_cnv/smc_mudel_ld_stage_1/0001/indelsieve_median.probs	7488	54	21630	788	0.9047849202513292	0.9928400954653938	0.9467695030977368	0.0024903154399557	7287	46	22293	333	0.9562992125984252	0.9937269875903452	0.9746539156022204	0.0020591790142799	6801	87	22719	352	0.9507898783727108	0.987369337979094	0.9687344206253116	0.0038147855827413	351	22	29547	39	0.9	0.941018766756032	0.9200524246395806	0.0007440224559504	390	40	1	38	265	16	20392	47	0.8493589743589743	0.9430604982206404	0.0007840062720501	0.893760539629005	0	0	20720	0	NA	NA	0.0	NA	72	0	20643	5	0.935064935064935	1.0	0.0	0.9664429530201344	193	16	20469	42	0.8212765957446808	0.9234449760765552	0.0007810593116914	0.8693693693693694	36	6	3	2	0	0	20720	0	NA	NA	0.0	NA
40	20	10	0.001999	0.16334	8e-06	8e-07	0.0	0002	indelsieve	candidate_snvs	smc_mudel_ld_stage_1	mt	no_cnv	/raid/kang/DelSIEVE/simulation_results/IndelSIEVE_benchmark_pipeline_ld_102/benchmark_results/simulated_data/results/cell_names	/raid/kang/DelSIEVE/simulation_results/IndelSIEVE_benchmark_pipeline_ld_102/benchmark_results/indelsieve/from_candidate/variant_calling/mt/no_cnv/smc_mudel_ld_stage_1/0002/indelsieve_median.cell_names	/raid/kang/DelSIEVE/simulation_results/IndelSIEVE_benchmark_pipeline_ld_102/benchmark_results/simulated_data/results/data_type/no_cnv/0002/true_evo_events_sites_names	/raid/kang/DelSIEVE/simulation_results/IndelSIEVE_benchmark_pipeline_ld_102/benchmark_results/indelsieve/from_candidate/variant_calling/mt/no_cnv/smc_mudel_ld_stage_1/0002/indelsieve_median.loci_info	/raid/kang/DelSIEVE/simulation_results/IndelSIEVE_benchmark_pipeline_ld_102/benchmark_results/simulated_data/results/data_type/no_cnv/0002/true_evo_events_genotypes_numeric	/raid/kang/DelSIEVE/simulation_results/IndelSIEVE_benchmark_pipeline_ld_102/benchmark_results/indelsieve/from_candidate/variant_calling/mt/no_cnv/smc_mudel_ld_stage_1/0002/indelsieve_median.genotypes	/raid/kang/DelSIEVE/simulation_results/IndelSIEVE_benchmark_pipeline_ld_102/benchmark_results/simulated_data/results/data_type/no_cnv/0002/true_evo_events_ternary_matrix.simple	/raid/kang/DelSIEVE/simulation_results/IndelSIEVE_benchmark_pipeline_ld_102/benchmark_results/indelsieve/from_candidate/variant_calling/mt/no_cnv/smc_mudel_ld_stage_1/0002/indelsieve_median.ternary	/raid/kang/DelSIEVE/simulation_results/IndelSIEVE_benchmark_pipeline_ld_102/benchmark_results/indelsieve/from_candidate/variant_calling/mt/no_cnv/smc_mudel_ld_stage_1/0002/indelsieve_median.probs	10042	57	18928	1093	0.9018410417602156	0.9943558768194872	0.9458415748328152	0.003002370292336	9796	41	20002	280	0.9722111949186184	0.9958320626207176	0.9838798774669814	0.002045601955795	9087	80	20661	291	0.9689699296225208	0.9912730446165594	0.9799946077109734	0.0038570946434598	543	13	29529	34	0.9410745233968804	0.9766187050359711	0.9585172109443956	0.0004400514521697	577	35	0	34	348	28	22049	55	0.8635235732009926	0.925531914893617	0.0012682882638039	0.8934531450577664	0	0	22480	0	NA	NA	0.0	NA	112	2	22357	9	0.9256198347107438	0.9824561403508772	8.944943870477213e-05	0.953191489361702	236	26	22172	46	0.8368794326241135	0.900763358778626	0.0011712766915938	0.8676470588235293	40	6	5	4	0	0	22480	0	NA	NA	0.0	NA
40	20	10	0.001999	0.16334	8e-06	8e-07	0.0	0003	indelsieve	candidate_snvs	smc_mudel_ld_stage_1	mt	no_cnv	/raid/kang/DelSIEVE/simulation_results/IndelSIEVE_benchmark_pipeline_ld_102/benchmark_results/simulated_data/results/cell_names	/raid/kang/DelSIEVE/simulation_results/IndelSIEVE_benchmark_pipeline_ld_102/benchmark_results/indelsieve/from_candidate/variant_calling/mt/no_cnv/smc_mudel_ld_stage_1/0003/indelsieve_median.cell_names	/raid/kang/DelSIEVE/simulation_results/IndelSIEVE_benchmark_pipeline_ld_102/benchmark_results/simulated_data/results/data_type/no_cnv/0003/true_evo_events_sites_names	/raid/kang/DelSIEVE/simulation_results/IndelSIEVE_benchmark_pipeline_ld_102/benchmark_results/indelsieve/from_candidate/variant_calling/mt/no_cnv/smc_mudel_ld_stage_1/0003/indelsieve_median.loci_info	/raid/kang/DelSIEVE/simulation_results/IndelSIEVE_benchmark_pipeline_ld_102/benchmark_results/simulated_data/results/data_type/no_cnv/0003/true_evo_events_genotypes_numeric	/raid/kang/DelSIEVE/simulation_results/IndelSIEVE_benchmark_pipeline_ld_102/benchmark_results/indelsieve/from_candidate/variant_calling/mt/no_cnv/smc_mudel_ld_stage_1/0003/indelsieve_median.genotypes	/raid/kang/DelSIEVE/simulation_results/IndelSIEVE_benchmark_pipeline_ld_102/benchmark_results/simulated_data/results/data_type/no_cnv/0003/true_evo_events_ternary_matrix.simple	/raid/kang/DelSIEVE/simulation_results/IndelSIEVE_benchmark_pipeline_ld_102/benchmark_results/indelsieve/from_candidate/variant_calling/mt/no_cnv/smc_mudel_ld_stage_1/0003/indelsieve_median.ternary	/raid/kang/DelSIEVE/simulation_results/IndelSIEVE_benchmark_pipeline_ld_102/benchmark_results/indelsieve/from_candidate/variant_calling/mt/no_cnv/smc_mudel_ld_stage_1/0003/indelsieve_median.probs	8178	39	20618	965	0.894454774144154	0.995253742241694	0.9421658986175114	0.0018879798615481	7892	46	21528	334	0.9593970337952832	0.9942050894431846	0.9764909675822816	0.0021321961620469	7454	87	21906	353	0.9547841680543102	0.9884630685585466	0.9713317696116758	0.0039558041194925	317	18	29426	39	0.8904494382022472	0.946268656716418	0.9175108538350216	0.0006113299823393	356	39	0	39	340	1	21249	50	0.8717948717948718	0.997067448680352	4.705882352941177e-05	0.930232558139535	5	0	21631	4	0.5555555555555556	1.0	0.0	0.7142857142857143	58	4	21573	5	0.9206349206349206	0.935483870967742	0.0001853825833062	0.928	273	1	21321	45	0.8584905660377359	0.9963503649635036	4.689991558015196e-05	0.9222972972972971	41	4	5	0	0	0	21640	0	NA	NA	0.0	NA
40	20	10	0.001999	0.16334	8e-06	8e-07	0.0	0004	indelsieve	candidate_snvs	smc_mudel_ld_stage_1	mt	no_cnv	/raid/kang/DelSIEVE/simulation_results/IndelSIEVE_benchmark_pipeline_ld_102/benchmark_results/simulated_data/results/cell_names	/raid/kang/DelSIEVE/simulation_results/IndelSIEVE_benchmark_pipeline_ld_102/benchmark_results/indelsieve/from_candidate/variant_calling/mt/no_cnv/smc_mudel_ld_stage_1/0004/indelsieve_median.cell_names	/raid/kang/DelSIEVE/simulation_results/IndelSIEVE_benchmark_pipeline_ld_102/benchmark_results/simulated_data/results/data_type/no_cnv/0004/true_evo_events_sites_names	/raid/kang/DelSIEVE/simulation_results/IndelSIEVE_benchmark_pipeline_ld_102/benchmark_results/indelsieve/from_candidate/variant_calling/mt/no_cnv/smc_mudel_ld_stage_1/0004/indelsieve_median.loci_info	/raid/kang/DelSIEVE/simulation_results/IndelSIEVE_benchmark_pipeline_ld_102/benchmark_results/simulated_data/results/data_type/no_cnv/0004/true_evo_events_genotypes_numeric	/raid/kang/DelSIEVE/simulation_results/IndelSIEVE_benchmark_pipeline_ld_102/benchmark_results/indelsieve/from_candidate/variant_calling/mt/no_cnv/smc_mudel_ld_stage_1/0004/indelsieve_median.genotypes	/raid/kang/DelSIEVE/simulation_results/IndelSIEVE_benchmark_pipeline_ld_102/benchmark_results/simulated_data/results/data_type/no_cnv/0004/true_evo_events_ternary_matrix.simple	/raid/kang/DelSIEVE/simulation_results/IndelSIEVE_benchmark_pipeline_ld_102/benchmark_results/indelsieve/from_candidate/variant_calling/mt/no_cnv/smc_mudel_ld_stage_1/0004/indelsieve_median.ternary	/raid/kang/DelSIEVE/simulation_results/IndelSIEVE_benchmark_pipeline_ld_102/benchmark_results/indelsieve/from_candidate/variant_calling/mt/no_cnv/smc_mudel_ld_stage_1/0004/indelsieve_median.probs	4899	51	23852	998	0.8307614041037816	0.9896969696969696	0.9032912325988752	0.0021336233945529	4712	39	24596	452	0.9124709527498064	0.9917912018522416	0.95047907211296	0.0015831134564643	4495	60	24761	483	0.902973081558859	0.986827661909989	0.9430399664323929	0.0024173079247411	123	6	29646	24	0.8367346938775511	0.9534883720930232	0.8913043478260869	0.0002023472278429	147	33	3	21	218	48	16200	54	0.8014705882352942	0.8195488721804511	0.0029542097488921	0.8104089219330856	8	0	16512	0	1.0	1.0	0.0	1.0	38	29	16452	1	0.9743589743589745	0.5671641791044776	0.0017596019659001	0.7169811320754718	171	20	16275	54	0.76	0.8952879581151832	0.0012273703590058	0.8221153846153847	48	5	1	0	0	0	16520	0	NA	NA	0.0	NA
40	20	10	0.001999	0.16334	8e-06	8e-07	0.0	0005	indelsieve	candidate_snvs	smc_mudel_ld_stage_1	mt	no_cnv	/raid/kang/DelSIEVE/simulation_results/IndelSIEVE_benchmark_pipeline_ld_102/benchmark_results/simulated_data/results/cell_names	/raid/kang/DelSIEVE/simulation_results/IndelSIEVE_benchmark_pipeline_ld_102/benchmark_results/indelsieve/from_candidate/variant_calling/mt/no_cnv/smc_mudel_ld_stage_1/0005/indelsieve_median.cell_names	/raid/kang/DelSIEVE/simulation_results/IndelSIEVE_benchmark_pipeline_ld_102/benchmark_results/simulated_data/results/data_type/no_cnv/0005/true_evo_events_sites_names	/raid/kang/DelSIEVE/simulation_results/IndelSIEVE_benchmark_pipeline_ld_102/benchmark_results/indelsieve/from_candidate/variant_calling/mt/no_cnv/smc_mudel_ld_stage_1/0005/indelsieve_median.loci_info	/raid/kang/DelSIEVE/simulation_results/IndelSIEVE_benchmark_pipeline_ld_102/benchmark_results/simulated_data/results/data_type/no_cnv/0005/true_evo_events_genotypes_numeric	/raid/kang/DelSIEVE/simulation_results/IndelSIEVE_benchmark_pipeline_ld_102/benchmark_results/indelsieve/from_candidate/variant_calling/mt/no_cnv/smc_mudel_ld_stage_1/0005/indelsieve_median.genotypes	/raid/kang/DelSIEVE/simulation_results/IndelSIEVE_benchmark_pipeline_ld_102/benchmark_results/simulated_data/results/data_type/no_cnv/0005/true_evo_events_ternary_matrix.simple	/raid/kang/DelSIEVE/simulation_results/IndelSIEVE_benchmark_pipeline_ld_102/benchmark_results/indelsieve/from_candidate/variant_calling/mt/no_cnv/smc_mudel_ld_stage_1/0005/indelsieve_median.ternary	/raid/kang/DelSIEVE/simulation_results/IndelSIEVE_benchmark_pipeline_ld_102/benchmark_results/indelsieve/from_candidate/variant_calling/mt/no_cnv/smc_mudel_ld_stage_1/0005/indelsieve_median.probs	9414	47	19148	1111	0.8944418052256532	0.9950322376070184	0.9420594416091264	0.0024485543110184	9048	48	20299	321	0.9657380723663144	0.9947229551451188	0.9800162469536964	0.0023590701331891	8477	89	20797	353	0.9600226500566252	0.9896100863880458	0.9745918601977468	0.0042612276165852	421	25	29234	36	0.9212253829321664	0.9439461883408072	0.9324473975636766	0.000854437950716	457	42	1	35	420	29	21453	58	0.8786610878661087	0.935412026726058	0.0013499674145796	0.906148867313916	0	0	21960	0	NA	NA	0.0	NA	73	11	21867	9	0.8902439024390244	0.8690476190476191	0.0005027881890483	0.8795180722891567	346	19	21545	50	0.8737373737373737	0.947945205479452	0.0008810981265071	0.909329829172142	44	5	7	2	0	0	21960	0	NA	NA	0.0	NA
40	20	10	0.001999	0.16334	8e-06	8e-07	0.0	0006	indelsieve	candidate_snvs	smc_mudel_ld_stage_1	mt	no_cnv	/raid/kang/DelSIEVE/simulation_results/IndelSIEVE_benchmark_pipeline_ld_102/benchmark_results/simulated_data/results/cell_names	/raid/kang/DelSIEVE/simulation_results/IndelSIEVE_benchmark_pipeline_ld_102/benchmark_results/indelsieve/from_candidate/variant_calling/mt/no_cnv/smc_mudel_ld_stage_1/0006/indelsieve_median.cell_names	/raid/kang/DelSIEVE/simulation_results/IndelSIEVE_benchmark_pipeline_ld_102/benchmark_results/simulated_data/results/data_type/no_cnv/0006/true_evo_events_sites_names	/raid/kang/DelSIEVE/simulation_results/IndelSIEVE_benchmark_pipeline_ld_102/benchmark_results/indelsieve/from_candidate/variant_calling/mt/no_cnv/smc_mudel_ld_stage_1/0006/indelsieve_median.loci_info	/raid/kang/DelSIEVE/simulation_results/IndelSIEVE_benchmark_pipeline_ld_102/benchmark_results/simulated_data/results/data_type/no_cnv/0006/true_evo_events_genotypes_numeric	/raid/kang/DelSIEVE/simulation_results/IndelSIEVE_benchmark_pipeline_ld_102/benchmark_results/indelsieve/from_candidate/variant_calling/mt/no_cnv/smc_mudel_ld_stage_1/0006/indelsieve_median.genotypes	/raid/kang/DelSIEVE/simulation_results/IndelSIEVE_benchmark_pipeline_ld_102/benchmark_results/simulated_data/results/data_type/no_cnv/0006/true_evo_events_ternary_matrix.simple	/raid/kang/DelSIEVE/simulation_results/IndelSIEVE_benchmark_pipeline_ld_102/benchmark_results/indelsieve/from_candidate/variant_calling/mt/no_cnv/smc_mudel_ld_stage_1/0006/indelsieve_median.ternary	/raid/kang/DelSIEVE/simulation_results/IndelSIEVE_benchmark_pipeline_ld_102/benchmark_results/indelsieve/from_candidate/variant_calling/mt/no_cnv/smc_mudel_ld_stage_1/0006/indelsieve_median.probs	8281	51	18942	806	0.911301859799714	0.9938790206433028	0.9508008496469372	0.0026851998104564	8107	43	19612	315	0.9625979577297554	0.994723926380368	0.9783972966449432	0.0021877384889341	7428	92	20225	332	0.9572164948453608	0.9877659574468084	0.9722513089005236	0.0045282275926563	530	16	27498	33	0.9413854351687388	0.9706959706959708	0.9558160504959422	0.0005815221341862	563	34	0	33	242	24	19149	65	0.7882736156351792	0.9097744360902256	0.0012517602879048	0.8446771378708551	0	0	19480	0	NA	NA	0.0	NA	77	7	19374	22	0.7777777777777778	0.9166666666666666	0.0003611784737629	0.8415300546448087	165	17	19255	43	0.7932692307692307	0.9065934065934066	0.000882108758821	0.8461538461538461	34	9	16	6	0	0	19480	0	NA	NA	0.0	NA
40	20	10	0.001999	0.16334	8e-06	8e-07	0.0	0007	indelsieve	candidate_snvs	smc_mudel_ld_stage_1	mt	no_cnv	/raid/kang/DelSIEVE/simulation_results/IndelSIEVE_benchmark_pipeline_ld_102/benchmark_results/simulated_data/results/cell_names	/raid/kang/DelSIEVE/simulation_results/IndelSIEVE_benchmark_pipeline_ld_102/benchmark_results/indelsieve/from_candidate/variant_calling/mt/no_cnv/smc_mudel_ld_stage_1/0007/indelsieve_median.cell_names	/raid/kang/DelSIEVE/simulation_results/IndelSIEVE_benchmark_pipeline_ld_102/benchmark_results/simulated_data/results/data_type/no_cnv/0007/true_evo_events_sites_names	/raid/kang/DelSIEVE/simulation_results/IndelSIEVE_benchmark_pipeline_ld_102/benchmark_results/indelsieve/from_candidate/variant_calling/mt/no_cnv/smc_mudel_ld_stage_1/0007/indelsieve_median.loci_info	/raid/kang/DelSIEVE/simulation_results/IndelSIEVE_benchmark_pipeline_ld_102/benchmark_results/simulated_data/results/data_type/no_cnv/0007/true_evo_events_genotypes_numeric	/raid/kang/DelSIEVE/simulation_results/IndelSIEVE_benchmark_pipeline_ld_102/benchmark_results/indelsieve/from_candidate/variant_calling/mt/no_cnv/smc_mudel_ld_stage_1/0007/indelsieve_median.genotypes	/raid/kang/DelSIEVE/simulation_results/IndelSIEVE_benchmark_pipeline_ld_102/benchmark_results/simulated_data/results/data_type/no_cnv/0007/true_evo_events_ternary_matrix.simple	/raid/kang/DelSIEVE/simulation_results/IndelSIEVE_benchmark_pipeline_ld_102/benchmark_results/indelsieve/from_candidate/variant_calling/mt/no_cnv/smc_mudel_ld_stage_1/0007/indelsieve_median.ternary	/raid/kang/DelSIEVE/simulation_results/IndelSIEVE_benchmark_pipeline_ld_102/benchmark_results/indelsieve/from_candidate/variant_calling/mt/no_cnv/smc_mudel_ld_stage_1/0007/indelsieve_median.probs	5893	63	22821	903	0.8671277221895233	0.9894224311618536	0.9242471769134252	0.0027530152071316	5735	60	23465	418	0.9320656590281164	0.989646246764452	0.9599933043187144	0.0025504782146652	5505	98	23648	427	0.9280175320296696	0.9825093699803676	0.9544863459037712	0.0041270108649877	149	11	29481	37	0.8010752688172043	0.93125	0.861271676300578	0.0003729825037298	186	56	2	35	176	17	18744	63	0.7364016736401674	0.911917098445596	0.0009061350674271	0.8148148148148149	0	0	19000	0	NA	NA	0.0	NA	27	5	18960	8	0.7714285714285715	0.84375	0.0002636435539151	0.8059701492537314	149	12	18784	55	0.7303921568627451	0.9254658385093169	0.0006384337092998	0.8164383561643835	51	4	3	5	0	0	19000	0	NA	NA	0.0	NA
40	20	10	0.001999	0.16334	8e-06	8e-07	0.0	0008	indelsieve	candidate_snvs	smc_mudel_ld_stage_1	mt	no_cnv	/raid/kang/DelSIEVE/simulation_results/IndelSIEVE_benchmark_pipeline_ld_102/benchmark_results/simulated_data/results/cell_names	/raid/kang/DelSIEVE/simulation_results/IndelSIEVE_benchmark_pipeline_ld_102/benchmark_results/indelsieve/from_candidate/variant_calling/mt/no_cnv/smc_mudel_ld_stage_1/0008/indelsieve_median.cell_names	/raid/kang/DelSIEVE/simulation_results/IndelSIEVE_benchmark_pipeline_ld_102/benchmark_results/simulated_data/results/data_type/no_cnv/0008/true_evo_events_sites_names	/raid/kang/DelSIEVE/simulation_results/IndelSIEVE_benchmark_pipeline_ld_102/benchmark_results/indelsieve/from_candidate/variant_calling/mt/no_cnv/smc_mudel_ld_stage_1/0008/indelsieve_median.loci_info	/raid/kang/DelSIEVE/simulation_results/IndelSIEVE_benchmark_pipeline_ld_102/benchmark_results/simulated_data/results/data_type/no_cnv/0008/true_evo_events_genotypes_numeric	/raid/kang/DelSIEVE/simulation_results/IndelSIEVE_benchmark_pipeline_ld_102/benchmark_results/indelsieve/from_candidate/variant_calling/mt/no_cnv/smc_mudel_ld_stage_1/0008/indelsieve_median.genotypes	/raid/kang/DelSIEVE/simulation_results/IndelSIEVE_benchmark_pipeline_ld_102/benchmark_results/simulated_data/results/data_type/no_cnv/0008/true_evo_events_ternary_matrix.simple	/raid/kang/DelSIEVE/simulation_results/IndelSIEVE_benchmark_pipeline_ld_102/benchmark_results/indelsieve/from_candidate/variant_calling/mt/no_cnv/smc_mudel_ld_stage_1/0008/indelsieve_median.ternary	/raid/kang/DelSIEVE/simulation_results/IndelSIEVE_benchmark_pipeline_ld_102/benchmark_results/indelsieve/from_candidate/variant_calling/mt/no_cnv/smc_mudel_ld_stage_1/0008/indelsieve_median.probs	8259	44	20468	989	0.8930579584775087	0.994700710586535	0.9411429548173894	0.0021450858034321	8221	37	21169	333	0.9610708440495674	0.9955194962460644	0.9779919105400904	0.0017447892106007	7710	70	21625	355	0.9559826410415376	0.9910025706940874	0.9731776585673714	0.0032265498962894	402	17	29312	29	0.9327146171693736	0.9594272076372315	0.9458823529411764	0.0005796310818643	431	27	1	28	65	39	20996	60	0.52	0.625	0.0018540527691942	0.5676855895196506	0	0	21160	0	NA	NA	0.0	NA	46	13	21089	12	0.7931034482758621	0.7796610169491526	0.0006160553502037	0.7863247863247863	19	26	21067	48	0.2835820895522388	0.4222222222222222	0.0012326364196652	0.3392857142857143	38	10	5	4	0	0	21160	0	NA	NA	0.0	NA
40	20	10	0.001999	0.16334	8e-06	8e-07	0.0	0009	indelsieve	candidate_snvs	smc_mudel_ld_stage_1	mt	no_cnv	/raid/kang/DelSIEVE/simulation_results/IndelSIEVE_benchmark_pipeline_ld_102/benchmark_results/simulated_data/results/cell_names	/raid/kang/DelSIEVE/simulation_results/IndelSIEVE_benchmark_pipeline_ld_102/benchmark_results/indelsieve/from_candidate/variant_calling/mt/no_cnv/smc_mudel_ld_stage_1/0009/indelsieve_median.cell_names	/raid/kang/DelSIEVE/simulation_results/IndelSIEVE_benchmark_pipeline_ld_102/benchmark_results/simulated_data/results/data_type/no_cnv/0009/true_evo_events_sites_names	/raid/kang/DelSIEVE/simulation_results/IndelSIEVE_benchmark_pipeline_ld_102/benchmark_results/indelsieve/from_candidate/variant_calling/mt/no_cnv/smc_mudel_ld_stage_1/0009/indelsieve_median.loci_info	/raid/kang/DelSIEVE/simulation_results/IndelSIEVE_benchmark_pipeline_ld_102/benchmark_results/simulated_data/results/data_type/no_cnv/0009/true_evo_events_genotypes_numeric	/raid/kang/DelSIEVE/simulation_results/IndelSIEVE_benchmark_pipeline_ld_102/benchmark_results/indelsieve/from_candidate/variant_calling/mt/no_cnv/smc_mudel_ld_stage_1/0009/indelsieve_median.genotypes	/raid/kang/DelSIEVE/simulation_results/IndelSIEVE_benchmark_pipeline_ld_102/benchmark_results/simulated_data/results/data_type/no_cnv/0009/true_evo_events_ternary_matrix.simple	/raid/kang/DelSIEVE/simulation_results/IndelSIEVE_benchmark_pipeline_ld_102/benchmark_results/indelsieve/from_candidate/variant_calling/mt/no_cnv/smc_mudel_ld_stage_1/0009/indelsieve_median.ternary	/raid/kang/DelSIEVE/simulation_results/IndelSIEVE_benchmark_pipeline_ld_102/benchmark_results/indelsieve/from_candidate/variant_calling/mt/no_cnv/smc_mudel_ld_stage_1/0009/indelsieve_median.probs	6370	43	22377	970	0.8678474114441417	0.9932948697957276	0.9263433432705592	0.0019179304192685	6191	44	23109	413	0.9374621441550576	0.9929430633520449	0.9644053275177192	0.0019004016758087	5833	66	23403	455	0.9276399491094148	0.9888116629937278	0.9572495281857718	0.0028122203758149	265	14	29462	16	0.9430604982206404	0.949820788530466	0.9464285714285714	0.0004749626815035	281	39	0	16	203	32	18318	47	0.812	0.8638297872340426	0.0017438692098092	0.8371134020618557	0	0	18600	0	NA	NA	0.0	NA	29	28	18537	6	0.8285714285714286	0.5087719298245614	0.0015082143819014	0.6304347826086958	174	4	18381	41	0.8093023255813954	0.9775280898876404	0.0002175686701115	0.8854961832061069	36	5	6	0	0	0	18600	0	NA	NA	0.0	NA
40	20	10	0.001999	0.16334	8e-06	8e-07	0.0	0010	indelsieve	candidate_snvs	smc_mudel_ld_stage_1	mt	no_cnv	/raid/kang/DelSIEVE/simulation_results/IndelSIEVE_benchmark_pipeline_ld_102/benchmark_results/simulated_data/results/cell_names	/raid/kang/DelSIEVE/simulation_results/IndelSIEVE_benchmark_pipeline_ld_102/benchmark_results/indelsieve/from_candidate/variant_calling/mt/no_cnv/smc_mudel_ld_stage_1/0010/indelsieve_mode_gaussian.cell_names	/raid/kang/DelSIEVE/simulation_results/IndelSIEVE_benchmark_pipeline_ld_102/benchmark_results/simulated_data/results/data_type/no_cnv/0010/true_evo_events_sites_names	/raid/kang/DelSIEVE/simulation_results/IndelSIEVE_benchmark_pipeline_ld_102/benchmark_results/indelsieve/from_candidate/variant_calling/mt/no_cnv/smc_mudel_ld_stage_1/0010/indelsieve_mode_gaussian.loci_info	/raid/kang/DelSIEVE/simulation_results/IndelSIEVE_benchmark_pipeline_ld_102/benchmark_results/simulated_data/results/data_type/no_cnv/0010/true_evo_events_genotypes_numeric	/raid/kang/DelSIEVE/simulation_results/IndelSIEVE_benchmark_pipeline_ld_102/benchmark_results/indelsieve/from_candidate/variant_calling/mt/no_cnv/smc_mudel_ld_stage_1/0010/indelsieve_mode_gaussian.genotypes	/raid/kang/DelSIEVE/simulation_results/IndelSIEVE_benchmark_pipeline_ld_102/benchmark_results/simulated_data/results/data_type/no_cnv/0010/true_evo_events_ternary_matrix.simple	/raid/kang/DelSIEVE/simulation_results/IndelSIEVE_benchmark_pipeline_ld_102/benchmark_results/indelsieve/from_candidate/variant_calling/mt/no_cnv/smc_mudel_ld_stage_1/0010/indelsieve_mode_gaussian.ternary	/raid/kang/DelSIEVE/simulation_results/IndelSIEVE_benchmark_pipeline_ld_102/benchmark_results/indelsieve/from_candidate/variant_calling/mt/no_cnv/smc_mudel_ld_stage_1/0010/indelsieve_mode_gaussian.probs	6151	44	16777	868	0.8763356603504773	0.9928974979822436	0.9309822915090056	0.0026157778966767	5950	46	17550	289	0.9536784741144414	0.9923282188125416	0.9726195341234164	0.0026142305069333	5597	86	17851	301	0.9489657511020684	0.9848671476332924	0.9665831966151456	0.0047945587333444	209	10	23580	36	0.8530612244897959	0.954337899543379	0.9008620689655172	0.0004239084357778	245	44	2	34	282	11	16630	37	0.8840125391849529	0.962457337883959	0.0006610179676702	0.9215686274509802	0	0	16960	0	NA	NA	0.0	NA	89	5	16859	7	0.9270833333333334	0.946808510638298	0.0002964895635673	0.9368421052631578	193	6	16731	30	0.8654708520179372	0.9698492462311558	0.0003584871840831	0.914691943127962	28	2	6	0	0	0	16960	0	NA	NA	0.0	NA
40	20	10	0.001999	0.16334	8e-06	8e-07	0.0	0001	sieve	candidate_snvs	smc_mu_ld_stage_1-smc_mu_ld_stage_2	mt	no_cnv	/raid/kang/DelSIEVE/simulation_results/IndelSIEVE_benchmark_pipeline_ld_102/benchmark_results/simulated_data/results/cell_names	/raid/kang/DelSIEVE/simulation_results/IndelSIEVE_benchmark_pipeline_ld_102/benchmark_results/indelsieve/from_candidate/variant_calling/stage2/mt/no_cnv/smc_mu_ld_stage_1-smc_mu_ld_stage_2/0001/indelsieve_median.cell_names	/raid/kang/DelSIEVE/simulation_results/IndelSIEVE_benchmark_pipeline_ld_102/benchmark_results/simulated_data/results/data_type/no_cnv/0001/true_evo_events_sites_names	/raid/kang/DelSIEVE/simulation_results/IndelSIEVE_benchmark_pipeline_ld_102/benchmark_results/indelsieve/from_candidate/variant_calling/stage2/mt/no_cnv/smc_mu_ld_stage_1-smc_mu_ld_stage_2/0001/indelsieve_median.loci_info	/raid/kang/DelSIEVE/simulation_results/IndelSIEVE_benchmark_pipeline_ld_102/benchmark_results/simulated_data/results/data_type/no_cnv/0001/true_evo_events_genotypes_numeric	/raid/kang/DelSIEVE/simulation_results/IndelSIEVE_benchmark_pipeline_ld_102/benchmark_results/indelsieve/from_candidate/variant_calling/stage2/mt/no_cnv/smc_mu_ld_stage_1-smc_mu_ld_stage_2/0001/indelsieve_median.genotypes	/raid/kang/DelSIEVE/simulation_results/IndelSIEVE_benchmark_pipeline_ld_102/benchmark_results/simulated_data/results/data_type/no_cnv/0001/true_evo_events_ternary_matrix.simple	/raid/kang/DelSIEVE/simulation_results/IndelSIEVE_benchmark_pipeline_ld_102/benchmark_results/indelsieve/from_candidate/variant_calling/stage2/mt/no_cnv/smc_mu_ld_stage_1-smc_mu_ld_stage_2/0001/indelsieve_median.ternary	/raid/kang/DelSIEVE/simulation_results/IndelSIEVE_benchmark_pipeline_ld_102/benchmark_results/indelsieve/from_candidate/variant_calling/stage2/mt/no_cnv/smc_mu_ld_stage_1-smc_mu_ld_stage_2/0001/indelsieve_median.probs	7303	49	21635	973	0.8824311261478975	0.9933351468988032	0.9346045559252624	0.0022597306769968	7292	60	22279	328	0.9569553805774278	0.9918389553862894	0.9740849585893668	0.0026858856707999	6820	114	22692	333	0.9534461065287292	0.9835592731468128	0.9682686164548876	0.0049986845566956	348	70	29499	42	0.8923076923076924	0.8325358851674641	0.8613861386138615	0.0023673441780242	390	49	1	41	0	0	20408	312	0.0	NA	0.0	NA	0	0	20720	0	NA	NA	0.0	NA	0	0	20643	77	0.0	NA	0.0	NA	0	0	20485	235	0.0	NA	0.0	NA	224	11	13	64	0	0	20720	0	NA	NA	0.0	NA
40	20	10	0.001999	0.16334	8e-06	8e-07	0.0	0001	indelsieve	candidate_snvs	smc_mudel_ld_stage_1-smc_mudel_ld_stage_2	mt	no_cnv	/raid/kang/DelSIEVE/simulation_results/IndelSIEVE_benchmark_pipeline_ld_102/benchmark_results/simulated_data/results/cell_names	/raid/kang/DelSIEVE/simulation_results/IndelSIEVE_benchmark_pipeline_ld_102/benchmark_results/indelsieve/from_candidate/variant_calling/stage2/mt/no_cnv/smc_mudel_ld_stage_1-smc_mudel_ld_stage_2/0001/indelsieve_median.cell_names	/raid/kang/DelSIEVE/simulation_results/IndelSIEVE_benchmark_pipeline_ld_102/benchmark_results/simulated_data/results/data_type/no_cnv/0001/true_evo_events_sites_names	/raid/kang/DelSIEVE/simulation_results/IndelSIEVE_benchmark_pipeline_ld_102/benchmark_results/indelsieve/from_candidate/variant_calling/stage2/mt/no_cnv/smc_mudel_ld_stage_1-smc_mudel_ld_stage_2/0001/indelsieve_median.loci_info	/raid/kang/DelSIEVE/simulation_results/IndelSIEVE_benchmark_pipeline_ld_102/benchmark_results/simulated_data/results/data_type/no_cnv/0001/true_evo_events_genotypes_numeric	/raid/kang/DelSIEVE/simulation_results/IndelSIEVE_benchmark_pipeline_ld_102/benchmark_results/indelsieve/from_candidate/variant_calling/stage2/mt/no_cnv/smc_mudel_ld_stage_1-smc_mudel_ld_stage_2/0001/indelsieve_median.genotypes	/raid/kang/DelSIEVE/simulation_results/IndelSIEVE_benchmark_pipeline_ld_102/benchmark_results/simulated_data/results/data_type/no_cnv/0001/true_evo_events_ternary_matrix.simple	/raid/kang/DelSIEVE/simulation_results/IndelSIEVE_benchmark_pipeline_ld_102/benchmark_results/indelsieve/from_candidate/variant_calling/stage2/mt/no_cnv/smc_mudel_ld_stage_1-smc_mudel_ld_stage_2/0001/indelsieve_median.ternary	/raid/kang/DelSIEVE/simulation_results/IndelSIEVE_benchmark_pipeline_ld_102/benchmark_results/indelsieve/from_candidate/variant_calling/stage2/mt/no_cnv/smc_mudel_ld_stage_1-smc_mudel_ld_stage_2/0001/indelsieve_median.probs	7451	50	21634	825	0.9003141614306428	0.9933342221037196	0.9445395195537808	0.0023058476295886	7292	61	22278	328	0.9569553805774278	0.9917040663674692	0.9740199024911508	0.0027306504319799	6820	105	22701	333	0.9534461065287292	0.9848375451263538	0.9688876260832504	0.0046040515653775	348	8	29561	42	0.8923076923076924	0.9775280898876404	0.932975871313673	0.0002705536203456	390	50	1	41	220	0	20408	92	0.7051282051282052	1.0	0.0	0.8270676691729323	0	0	20720	0	NA	NA	0.0	NA	72	0	20643	5	0.935064935064935	1.0	0.0	0.9664429530201344	148	0	20485	87	0.6297872340425532	1.0	0.0	0.7728459530026109	76	11	3	2	0	0	20720	0	NA	NA	0.0	NA
40	20	10	0.001999	0.16334	8e-06	8e-07	0.0	0002	sieve	candidate_snvs	smc_mu_ld_stage_1-smc_mu_ld_stage_2	mt	no_cnv	/raid/kang/DelSIEVE/simulation_results/IndelSIEVE_benchmark_pipeline_ld_102/benchmark_results/simulated_data/results/cell_names	/raid/kang/DelSIEVE/simulation_results/IndelSIEVE_benchmark_pipeline_ld_102/benchmark_results/indelsieve/from_candidate/variant_calling/stage2/mt/no_cnv/smc_mu_ld_stage_1-smc_mu_ld_stage_2/0002/indelsieve_median.cell_names	/raid/kang/DelSIEVE/simulation_results/IndelSIEVE_benchmark_pipeline_ld_102/benchmark_results/simulated_data/results/data_type/no_cnv/0002/true_evo_events_sites_names	/raid/kang/DelSIEVE/simulation_results/IndelSIEVE_benchmark_pipeline_ld_102/benchmark_results/indelsieve/from_candidate/variant_calling/stage2/mt/no_cnv/smc_mu_ld_stage_1-smc_mu_ld_stage_2/0002/indelsieve_median.loci_info	/raid/kang/DelSIEVE/simulation_results/IndelSIEVE_benchmark_pipeline_ld_102/benchmark_results/simulated_data/results/data_type/no_cnv/0002/true_evo_events_genotypes_numeric	/raid/kang/DelSIEVE/simulation_results/IndelSIEVE_benchmark_pipeline_ld_102/benchmark_results/indelsieve/from_candidate/variant_calling/stage2/mt/no_cnv/smc_mu_ld_stage_1-smc_mu_ld_stage_2/0002/indelsieve_median.genotypes	/raid/kang/DelSIEVE/simulation_results/IndelSIEVE_benchmark_pipeline_ld_102/benchmark_results/simulated_data/results/data_type/no_cnv/0002/true_evo_events_ternary_matrix.simple	/raid/kang/DelSIEVE/simulation_results/IndelSIEVE_benchmark_pipeline_ld_102/benchmark_results/indelsieve/from_candidate/variant_calling/stage2/mt/no_cnv/smc_mu_ld_stage_1-smc_mu_ld_stage_2/0002/indelsieve_median.ternary	/raid/kang/DelSIEVE/simulation_results/IndelSIEVE_benchmark_pipeline_ld_102/benchmark_results/indelsieve/from_candidate/variant_calling/stage2/mt/no_cnv/smc_mu_ld_stage_1-smc_mu_ld_stage_2/0002/indelsieve_median.probs	9841	46	18939	1294	0.88378985181859	0.9953474259128148	0.9362572543050138	0.0024229654990782	9811	76	19967	265	0.973699880905121	0.9923131384646504	0.9829183990382206	0.0037918475278151	9110	138	20603	268	0.9714224781403284	0.9850778546712804	0.9782025126167724	0.0066534882599681	543	96	29446	34	0.9410745233968804	0.8497652582159625	0.893092105263158	0.0032496107237153	577	46	0	34	0	0	22077	403	0.0	NA	0.0	NA	0	0	22480	0	NA	NA	0.0	NA	0	0	22359	121	0.0	NA	0.0	NA	0	0	22198	282	0.0	NA	0.0	NA	252	30	28	93	0	0	22480	0	NA	NA	0.0	NA
40	20	10	0.001999	0.16334	8e-06	8e-07	0.0	0002	indelsieve	candidate_snvs	smc_mudel_ld_stage_1-smc_mudel_ld_stage_2	mt	no_cnv	/raid/kang/DelSIEVE/simulation_results/IndelSIEVE_benchmark_pipeline_ld_102/benchmark_results/simulated_data/results/cell_names	/raid/kang/DelSIEVE/simulation_results/IndelSIEVE_benchmark_pipeline_ld_102/benchmark_results/indelsieve/from_candidate/variant_calling/stage2/mt/no_cnv/smc_mudel_ld_stage_1-smc_mudel_ld_stage_2/0002/indelsieve_median.cell_names	/raid/kang/DelSIEVE/simulation_results/IndelSIEVE_benchmark_pipeline_ld_102/benchmark_results/simulated_data/results/data_type/no_cnv/0002/true_evo_events_sites_names	/raid/kang/DelSIEVE/simulation_results/IndelSIEVE_benchmark_pipeline_ld_102/benchmark_results/indelsieve/from_candidate/variant_calling/stage2/mt/no_cnv/smc_mudel_ld_stage_1-smc_mudel_ld_stage_2/0002/indelsieve_median.loci_info	/raid/kang/DelSIEVE/simulation_results/IndelSIEVE_benchmark_pipeline_ld_102/benchmark_results/simulated_data/results/data_type/no_cnv/0002/true_evo_events_genotypes_numeric	/raid/kang/DelSIEVE/simulation_results/IndelSIEVE_benchmark_pipeline_ld_102/benchmark_results/indelsieve/from_candidate/variant_calling/stage2/mt/no_cnv/smc_mudel_ld_stage_1-smc_mudel_ld_stage_2/0002/indelsieve_median.genotypes	/raid/kang/DelSIEVE/simulation_results/IndelSIEVE_benchmark_pipeline_ld_102/benchmark_results/simulated_data/results/data_type/no_cnv/0002/true_evo_events_ternary_matrix.simple	/raid/kang/DelSIEVE/simulation_results/IndelSIEVE_benchmark_pipeline_ld_102/benchmark_results/indelsieve/from_candidate/variant_calling/stage2/mt/no_cnv/smc_mudel_ld_stage_1-smc_mudel_ld_stage_2/0002/indelsieve_median.ternary	/raid/kang/DelSIEVE/simulation_results/IndelSIEVE_benchmark_pipeline_ld_102/benchmark_results/indelsieve/from_candidate/variant_calling/stage2/mt/no_cnv/smc_mudel_ld_stage_1-smc_mudel_ld_stage_2/0002/indelsieve_median.probs	10053	52	18933	1082	0.9028289178266726	0.9948540326571004	0.9466101694915252	0.0027390044772188	9811	47	19996	265	0.973699880905121	0.995232298640698	0.9843483495535268	0.0023449583395699	9110	95	20646	268	0.9714224781403284	0.9896795219989136	0.9804660173276653	0.0045802998891085	543	3	29539	34	0.9410745233968804	0.9945054945054944	0.967052537845058	0.0001015503351161	577	37	0	34	339	15	22062	64	0.8411910669975186	0.9576271186440678	0.0006794401413235	0.8956406869220608	0	0	22480	0	NA	NA	0.0	NA	107	0	22359	14	0.8842975206611571	1.0	0.0	0.9385964912280702	232	15	22183	50	0.8226950354609929	0.9392712550607288	0.0006757365528425	0.8771266540642723	40	10	14	0	0	0	22480	0	NA	NA	0.0	NA
40	20	10	0.001999	0.16334	8e-06	8e-07	0.0	0003	sieve	candidate_snvs	smc_mu_ld_stage_1-smc_mu_ld_stage_2	mt	no_cnv	/raid/kang/DelSIEVE/simulation_results/IndelSIEVE_benchmark_pipeline_ld_102/benchmark_results/simulated_data/results/cell_names	/raid/kang/DelSIEVE/simulation_results/IndelSIEVE_benchmark_pipeline_ld_102/benchmark_results/indelsieve/from_candidate/variant_calling/stage2/mt/no_cnv/smc_mu_ld_stage_1-smc_mu_ld_stage_2/0003/indelsieve_median.cell_names	/raid/kang/DelSIEVE/simulation_results/IndelSIEVE_benchmark_pipeline_ld_102/benchmark_results/simulated_data/results/data_type/no_cnv/0003/true_evo_events_sites_names	/raid/kang/DelSIEVE/simulation_results/IndelSIEVE_benchmark_pipeline_ld_102/benchmark_results/indelsieve/from_candidate/variant_calling/stage2/mt/no_cnv/smc_mu_ld_stage_1-smc_mu_ld_stage_2/0003/indelsieve_median.loci_info	/raid/kang/DelSIEVE/simulation_results/IndelSIEVE_benchmark_pipeline_ld_102/benchmark_results/simulated_data/results/data_type/no_cnv/0003/true_evo_events_genotypes_numeric	/raid/kang/DelSIEVE/simulation_results/IndelSIEVE_benchmark_pipeline_ld_102/benchmark_results/indelsieve/from_candidate/variant_calling/stage2/mt/no_cnv/smc_mu_ld_stage_1-smc_mu_ld_stage_2/0003/indelsieve_median.genotypes	/raid/kang/DelSIEVE/simulation_results/IndelSIEVE_benchmark_pipeline_ld_102/benchmark_results/simulated_data/results/data_type/no_cnv/0003/true_evo_events_ternary_matrix.simple	/raid/kang/DelSIEVE/simulation_results/IndelSIEVE_benchmark_pipeline_ld_102/benchmark_results/indelsieve/from_candidate/variant_calling/stage2/mt/no_cnv/smc_mu_ld_stage_1-smc_mu_ld_stage_2/0003/indelsieve_median.ternary	/raid/kang/DelSIEVE/simulation_results/IndelSIEVE_benchmark_pipeline_ld_102/benchmark_results/indelsieve/from_candidate/variant_calling/stage2/mt/no_cnv/smc_mu_ld_stage_1-smc_mu_ld_stage_2/0003/indelsieve_median.probs	7932	55	20602	1211	0.8675489445477415	0.9931138099411544	0.926094570928196	0.0026625357021832	7922	65	21509	304	0.963044006807683	0.9918617753850006	0.9772404860297292	0.0030128858811532	7501	130	21863	306	0.9608044063020368	0.9829642248722316	0.9717579997408992	0.0059109716728049	313	43	29401	43	0.8792134831460674	0.8792134831460674	0.8792134831460674	0.0014603994022551	356	55	0	43	0	0	21250	390	0.0	NA	0.0	NA	0	0	21631	9	0.0	NA	0.0	NA	0	0	21577	63	0.0	NA	0.0	NA	0	0	21322	318	0.0	NA	0.0	NA	311	7	25	38	0	0	21640	0	NA	NA	0.0	NA
40	20	10	0.001999	0.16334	8e-06	8e-07	0.0	0003	indelsieve	candidate_snvs	smc_mudel_ld_stage_1-smc_mudel_ld_stage_2	mt	no_cnv	/raid/kang/DelSIEVE/simulation_results/IndelSIEVE_benchmark_pipeline_ld_102/benchmark_results/simulated_data/results/cell_names	/raid/kang/DelSIEVE/simulation_results/IndelSIEVE_benchmark_pipeline_ld_102/benchmark_results/indelsieve/from_candidate/variant_calling/stage2/mt/no_cnv/smc_mudel_ld_stage_1-smc_mudel_ld_stage_2/0003/indelsieve_median.cell_names	/raid/kang/DelSIEVE/simulation_results/IndelSIEVE_benchmark_pipeline_ld_102/benchmark_results/simulated_data/results/data_type/no_cnv/0003/true_evo_events_sites_names	/raid/kang/DelSIEVE/simulation_results/IndelSIEVE_benchmark_pipeline_ld_102/benchmark_results/indelsieve/from_candidate/variant_calling/stage2/mt/no_cnv/smc_mudel_ld_stage_1-smc_mudel_ld_stage_2/0003/indelsieve_median.loci_info	/raid/kang/DelSIEVE/simulation_results/IndelSIEVE_benchmark_pipeline_ld_102/benchmark_results/simulated_data/results/data_type/no_cnv/0003/true_evo_events_genotypes_numeric	/raid/kang/DelSIEVE/simulation_results/IndelSIEVE_benchmark_pipeline_ld_102/benchmark_results/indelsieve/from_candidate/variant_calling/stage2/mt/no_cnv/smc_mudel_ld_stage_1-smc_mudel_ld_stage_2/0003/indelsieve_median.genotypes	/raid/kang/DelSIEVE/simulation_results/IndelSIEVE_benchmark_pipeline_ld_102/benchmark_results/simulated_data/results/data_type/no_cnv/0003/true_evo_events_ternary_matrix.simple	/raid/kang/DelSIEVE/simulation_results/IndelSIEVE_benchmark_pipeline_ld_102/benchmark_results/indelsieve/from_candidate/variant_calling/stage2/mt/no_cnv/smc_mudel_ld_stage_1-smc_mudel_ld_stage_2/0003/indelsieve_median.ternary	/raid/kang/DelSIEVE/simulation_results/IndelSIEVE_benchmark_pipeline_ld_102/benchmark_results/indelsieve/from_candidate/variant_calling/stage2/mt/no_cnv/smc_mudel_ld_stage_1-smc_mudel_ld_stage_2/0003/indelsieve_median.probs	8178	54	20603	965	0.894454774144154	0.9934402332361516	0.9413525179856116	0.0026141259621435	7920	63	21511	306	0.962800875273523	0.992108229988726	0.9772348695169352	0.0029201817001946	7499	119	21874	308	0.9605482259510696	0.9843791021265424	0.972317666126418	0.0054108125312599	313	2	29442	43	0.8792134831460674	0.9936507936507936	0.932935916542474	6.792555359326178e-05	356	54	0	43	299	0	21250	91	0.7666666666666667	1.0	0.0	0.8679245283018869	5	0	21631	4	0.5555555555555556	1.0	0.0	0.7142857142857143	47	3	21574	16	0.746031746031746	0.94	0.0001390369374797	0.831858407079646	243	1	21321	75	0.7641509433962265	0.9959016393442623	4.689991558015196e-05	0.8647686832740215	69	6	16	0	0	0	21640	0	NA	NA	0.0	NA
40	20	10	0.001999	0.16334	8e-06	8e-07	0.0	0004	sieve	candidate_snvs	smc_mu_ld_stage_1-smc_mu_ld_stage_2	mt	no_cnv	/raid/kang/DelSIEVE/simulation_results/IndelSIEVE_benchmark_pipeline_ld_102/benchmark_results/simulated_data/results/cell_names	/raid/kang/DelSIEVE/simulation_results/IndelSIEVE_benchmark_pipeline_ld_102/benchmark_results/indelsieve/from_candidate/variant_calling/stage2/mt/no_cnv/smc_mu_ld_stage_1-smc_mu_ld_stage_2/0004/indelsieve_median.cell_names	/raid/kang/DelSIEVE/simulation_results/IndelSIEVE_benchmark_pipeline_ld_102/benchmark_results/simulated_data/results/data_type/no_cnv/0004/true_evo_events_sites_names	/raid/kang/DelSIEVE/simulation_results/IndelSIEVE_benchmark_pipeline_ld_102/benchmark_results/indelsieve/from_candidate/variant_calling/stage2/mt/no_cnv/smc_mu_ld_stage_1-smc_mu_ld_stage_2/0004/indelsieve_median.loci_info	/raid/kang/DelSIEVE/simulation_results/IndelSIEVE_benchmark_pipeline_ld_102/benchmark_results/simulated_data/results/data_type/no_cnv/0004/true_evo_events_genotypes_numeric	/raid/kang/DelSIEVE/simulation_results/IndelSIEVE_benchmark_pipeline_ld_102/benchmark_results/indelsieve/from_candidate/variant_calling/stage2/mt/no_cnv/smc_mu_ld_stage_1-smc_mu_ld_stage_2/0004/indelsieve_median.genotypes	/raid/kang/DelSIEVE/simulation_results/IndelSIEVE_benchmark_pipeline_ld_102/benchmark_results/simulated_data/results/data_type/no_cnv/0004/true_evo_events_ternary_matrix.simple	/raid/kang/DelSIEVE/simulation_results/IndelSIEVE_benchmark_pipeline_ld_102/benchmark_results/indelsieve/from_candidate/variant_calling/stage2/mt/no_cnv/smc_mu_ld_stage_1-smc_mu_ld_stage_2/0004/indelsieve_median.ternary	/raid/kang/DelSIEVE/simulation_results/IndelSIEVE_benchmark_pipeline_ld_102/benchmark_results/indelsieve/from_candidate/variant_calling/stage2/mt/no_cnv/smc_mu_ld_stage_1-smc_mu_ld_stage_2/0004/indelsieve_median.probs	4735	51	23852	1162	0.8029506528743429	0.989343919765984	0.8864551156042311	0.0021336233945529	4722	64	24571	442	0.9144074360960496	0.9866276640200584	0.949145728643216	0.0025979297747107	4524	108	24723	444	0.9106280193236715	0.9766839378238342	0.9425	0.0043494019572308	125	29	29613	32	0.7961783439490446	0.8116883116883117	0.8038585209003215	0.000978341542406	157	51	3	29	0	0	16248	272	0.0	NA	0.0	NA	0	0	16512	8	0.0	NA	0.0	NA	0	0	16481	39	0.0	NA	0.0	NA	0	0	16295	225	0.0	NA	0.0	NA	212	13	15	24	0	0	16520	0	NA	NA	0.0	NA
40	20	10	0.001999	0.16334	8e-06	8e-07	0.0	0004	indelsieve	candidate_snvs	smc_mudel_ld_stage_1-smc_mudel_ld_stage_2	mt	no_cnv	/raid/kang/DelSIEVE/simulation_results/IndelSIEVE_benchmark_pipeline_ld_102/benchmark_results/simulated_data/results/cell_names	/raid/kang/DelSIEVE/simulation_results/IndelSIEVE_benchmark_pipeline_ld_102/benchmark_results/indelsieve/from_candidate/variant_calling/stage2/mt/no_cnv/smc_mudel_ld_stage_1-smc_mudel_ld_stage_2/0004/indelsieve_median.cell_names	/raid/kang/DelSIEVE/simulation_results/IndelSIEVE_benchmark_pipeline_ld_102/benchmark_results/simulated_data/results/data_type/no_cnv/0004/true_evo_events_sites_names	/raid/kang/DelSIEVE/simulation_results/IndelSIEVE_benchmark_pipeline_ld_102/benchmark_results/indelsieve/from_candidate/variant_calling/stage2/mt/no_cnv/smc_mudel_ld_stage_1-smc_mudel_ld_stage_2/0004/indelsieve_median.loci_info	/raid/kang/DelSIEVE/simulation_results/IndelSIEVE_benchmark_pipeline_ld_102/benchmark_results/simulated_data/results/data_type/no_cnv/0004/true_evo_events_genotypes_numeric	/raid/kang/DelSIEVE/simulation_results/IndelSIEVE_benchmark_pipeline_ld_102/benchmark_results/indelsieve/from_candidate/variant_calling/stage2/mt/no_cnv/smc_mudel_ld_stage_1-smc_mudel_ld_stage_2/0004/indelsieve_median.genotypes	/raid/kang/DelSIEVE/simulation_results/IndelSIEVE_benchmark_pipeline_ld_102/benchmark_results/simulated_data/results/data_type/no_cnv/0004/true_evo_events_ternary_matrix.simple	/raid/kang/DelSIEVE/simulation_results/IndelSIEVE_benchmark_pipeline_ld_102/benchmark_results/indelsieve/from_candidate/variant_calling/stage2/mt/no_cnv/smc_mudel_ld_stage_1-smc_mudel_ld_stage_2/0004/indelsieve_median.ternary	/raid/kang/DelSIEVE/simulation_results/IndelSIEVE_benchmark_pipeline_ld_102/benchmark_results/indelsieve/from_candidate/variant_calling/stage2/mt/no_cnv/smc_mudel_ld_stage_1-smc_mudel_ld_stage_2/0004/indelsieve_median.probs	4906	53	23850	991	0.8319484483635747	0.989312361363178	0.9038319823139278	0.0022172949002217	4722	62	24573	442	0.9144074360960496	0.9870401337792644	0.9493365500603136	0.002516744469251	4524	91	24740	444	0.9106280193236715	0.9802816901408452	0.9441719711989982	0.0036647738713704	125	5	29637	32	0.7961783439490446	0.9615384615384616	0.8710801393728222	0.0001686795762769	157	51	3	29	210	4	16244	62	0.7720588235294118	0.9813084112149532	0.000246184145741	0.8641975308641975	8	0	16512	0	1.0	1.0	0.0	1.0	38	1	16480	1	0.9743589743589745	0.9743589743589745	6.067592985862509e-05	0.9743589743589745	163	4	16291	62	0.7244444444444444	0.9760479041916168	0.0002454740718011	0.8316326530612246	51	10	1	0	0	0	16520	0	NA	NA	0.0	NA
40	20	10	0.001999	0.16334	8e-06	8e-07	0.0	0005	sieve	candidate_snvs	smc_mu_ld_stage_1-smc_mu_ld_stage_2	mt	no_cnv	/raid/kang/DelSIEVE/simulation_results/IndelSIEVE_benchmark_pipeline_ld_102/benchmark_results/simulated_data/results/cell_names	/raid/kang/DelSIEVE/simulation_results/IndelSIEVE_benchmark_pipeline_ld_102/benchmark_results/indelsieve/from_candidate/variant_calling/stage2/mt/no_cnv/smc_mu_ld_stage_1-smc_mu_ld_stage_2/0005/indelsieve_median.cell_names	/raid/kang/DelSIEVE/simulation_results/IndelSIEVE_benchmark_pipeline_ld_102/benchmark_results/simulated_data/results/data_type/no_cnv/0005/true_evo_events_sites_names	/raid/kang/DelSIEVE/simulation_results/IndelSIEVE_benchmark_pipeline_ld_102/benchmark_results/indelsieve/from_candidate/variant_calling/stage2/mt/no_cnv/smc_mu_ld_stage_1-smc_mu_ld_stage_2/0005/indelsieve_median.loci_info	/raid/kang/DelSIEVE/simulation_results/IndelSIEVE_benchmark_pipeline_ld_102/benchmark_results/simulated_data/results/data_type/no_cnv/0005/true_evo_events_genotypes_numeric	/raid/kang/DelSIEVE/simulation_results/IndelSIEVE_benchmark_pipeline_ld_102/benchmark_results/indelsieve/from_candidate/variant_calling/stage2/mt/no_cnv/smc_mu_ld_stage_1-smc_mu_ld_stage_2/0005/indelsieve_median.genotypes	/raid/kang/DelSIEVE/simulation_results/IndelSIEVE_benchmark_pipeline_ld_102/benchmark_results/simulated_data/results/data_type/no_cnv/0005/true_evo_events_ternary_matrix.simple	/raid/kang/DelSIEVE/simulation_results/IndelSIEVE_benchmark_pipeline_ld_102/benchmark_results/indelsieve/from_candidate/variant_calling/stage2/mt/no_cnv/smc_mu_ld_stage_1-smc_mu_ld_stage_2/0005/indelsieve_median.ternary	/raid/kang/DelSIEVE/simulation_results/IndelSIEVE_benchmark_pipeline_ld_102/benchmark_results/indelsieve/from_candidate/variant_calling/stage2/mt/no_cnv/smc_mu_ld_stage_1-smc_mu_ld_stage_2/0005/indelsieve_median.probs	9099	44	19151	1426	0.8645130641330167	0.9951875751941376	0.9252593044539352	0.0022922636103151	9086	57	20290	283	0.9697940014942896	0.9937657224105874	0.9816335350043216	0.0028013957831621	8535	132	20754	295	0.9665911664779162	0.9847698165455174	0.975595816425673	0.0063200229819017	413	63	29196	44	0.9037199124726476	0.8676470588235294	0.8853161843515541	0.0021531836358043	457	44	1	43	0	0	21482	478	0.0	NA	0.0	NA	0	0	21960	0	NA	NA	0.0	NA	0	0	21878	82	0.0	NA	0.0	NA	0	0	21564	396	0.0	NA	0.0	NA	383	13	32	50	0	0	21960	0	NA	NA	0.0	NA
40	20	10	0.001999	0.16334	8e-06	8e-07	0.0	0005	indelsieve	candidate_snvs	smc_mudel_ld_stage_1-smc_mudel_ld_stage_2	mt	no_cnv	/raid/kang/DelSIEVE/simulation_results/IndelSIEVE_benchmark_pipeline_ld_102/benchmark_results/simulated_data/results/cell_names	/raid/kang/DelSIEVE/simulation_results/IndelSIEVE_benchmark_pipeline_ld_102/benchmark_results/indelsieve/from_candidate/variant_calling/stage2/mt/no_cnv/smc_mudel_ld_stage_1-smc_mudel_ld_stage_2/0005/indelsieve_median.cell_names	/raid/kang/DelSIEVE/simulation_results/IndelSIEVE_benchmark_pipeline_ld_102/benchmark_results/simulated_data/results/data_type/no_cnv/0005/true_evo_events_sites_names	/raid/kang/DelSIEVE/simulation_results/IndelSIEVE_benchmark_pipeline_ld_102/benchmark_results/indelsieve/from_candidate/variant_calling/stage2/mt/no_cnv/smc_mudel_ld_stage_1-smc_mudel_ld_stage_2/0005/indelsieve_median.loci_info	/raid/kang/DelSIEVE/simulation_results/IndelSIEVE_benchmark_pipeline_ld_102/benchmark_results/simulated_data/results/data_type/no_cnv/0005/true_evo_events_genotypes_numeric	/raid/kang/DelSIEVE/simulation_results/IndelSIEVE_benchmark_pipeline_ld_102/benchmark_results/indelsieve/from_candidate/variant_calling/stage2/mt/no_cnv/smc_mudel_ld_stage_1-smc_mudel_ld_stage_2/0005/indelsieve_median.genotypes	/raid/kang/DelSIEVE/simulation_results/IndelSIEVE_benchmark_pipeline_ld_102/benchmark_results/simulated_data/results/data_type/no_cnv/0005/true_evo_events_ternary_matrix.simple	/raid/kang/DelSIEVE/simulation_results/IndelSIEVE_benchmark_pipeline_ld_102/benchmark_results/indelsieve/from_candidate/variant_calling/stage2/mt/no_cnv/smc_mudel_ld_stage_1-smc_mudel_ld_stage_2/0005/indelsieve_median.ternary	/raid/kang/DelSIEVE/simulation_results/IndelSIEVE_benchmark_pipeline_ld_102/benchmark_results/indelsieve/from_candidate/variant_calling/stage2/mt/no_cnv/smc_mudel_ld_stage_1-smc_mudel_ld_stage_2/0005/indelsieve_median.probs	9435	49	19146	1090	0.896437054631829	0.9948334036271615	0.9430756159728124	0.0025527481114873	9083	50	20297	286	0.9694737965631336	0.9945253476404248	0.9818398011025836	0.002457364722072	8532	106	20780	298	0.9662514156285392	0.9877286408890948	0.9768719945042365	0.005075169970315	413	13	29246	44	0.9037199124726476	0.9694835680751174	0.9354473386183464	0.0004443077343723	457	44	1	43	415	5	21477	63	0.8682008368200836	0.988095238095238	0.0002327530025137	0.9242761692650332	0	0	21960	0	NA	NA	0.0	NA	68	1	21877	14	0.8292682926829268	0.9855072463768116	4.5708017186214464e-05	0.9006622516556291	346	5	21559	50	0.8737373737373737	0.9857549857549858	0.0002318679280281	0.926372155287818	44	5	14	0	0	0	21960	0	NA	NA	0.0	NA
40	20	10	0.001999	0.16334	8e-06	8e-07	0.0	0006	sieve	candidate_snvs	smc_mu_ld_stage_1-smc_mu_ld_stage_2	mt	no_cnv	/raid/kang/DelSIEVE/simulation_results/IndelSIEVE_benchmark_pipeline_ld_102/benchmark_results/simulated_data/results/cell_names	/raid/kang/DelSIEVE/simulation_results/IndelSIEVE_benchmark_pipeline_ld_102/benchmark_results/indelsieve/from_candidate/variant_calling/stage2/mt/no_cnv/smc_mu_ld_stage_1-smc_mu_ld_stage_2/0006/indelsieve_median.cell_names	/raid/kang/DelSIEVE/simulation_results/IndelSIEVE_benchmark_pipeline_ld_102/benchmark_results/simulated_data/results/data_type/no_cnv/0006/true_evo_events_sites_names	/raid/kang/DelSIEVE/simulation_results/IndelSIEVE_benchmark_pipeline_ld_102/benchmark_results/indelsieve/from_candidate/variant_calling/stage2/mt/no_cnv/smc_mu_ld_stage_1-smc_mu_ld_stage_2/0006/indelsieve_median.loci_info	/raid/kang/DelSIEVE/simulation_results/IndelSIEVE_benchmark_pipeline_ld_102/benchmark_results/simulated_data/results/data_type/no_cnv/0006/true_evo_events_genotypes_numeric	/raid/kang/DelSIEVE/simulation_results/IndelSIEVE_benchmark_pipeline_ld_102/benchmark_results/indelsieve/from_candidate/variant_calling/stage2/mt/no_cnv/smc_mu_ld_stage_1-smc_mu_ld_stage_2/0006/indelsieve_median.genotypes	/raid/kang/DelSIEVE/simulation_results/IndelSIEVE_benchmark_pipeline_ld_102/benchmark_results/simulated_data/results/data_type/no_cnv/0006/true_evo_events_ternary_matrix.simple	/raid/kang/DelSIEVE/simulation_results/IndelSIEVE_benchmark_pipeline_ld_102/benchmark_results/indelsieve/from_candidate/variant_calling/stage2/mt/no_cnv/smc_mu_ld_stage_1-smc_mu_ld_stage_2/0006/indelsieve_median.ternary	/raid/kang/DelSIEVE/simulation_results/IndelSIEVE_benchmark_pipeline_ld_102/benchmark_results/indelsieve/from_candidate/variant_calling/stage2/mt/no_cnv/smc_mu_ld_stage_1-smc_mu_ld_stage_2/0006/indelsieve_median.probs	8129	43	18950	958	0.894574667106856	0.9947381302006852	0.9420012746972594	0.0022639919970515	8120	52	19603	302	0.9641415340774164	0.9936368086147822	0.9786669880679764	0.0026456372424319	7456	143	20175	303	0.960948575847403	0.981181734438742	0.9709597603854668	0.0070380943006201	515	58	27455	49	0.9131205673758864	0.8987783595113438	0.9058927000879508	0.0021080943553956	564	43	0	49	0	0	19173	307	0.0	NA	0.0	NA	0	0	19480	0	NA	NA	0.0	NA	0	0	19381	99	0.0	NA	0.0	NA	0	0	19272	208	0.0	NA	0.0	NA	199	9	42	57	0	0	19480	0	NA	NA	0.0	NA
40	20	10	0.001999	0.16334	8e-06	8e-07	0.0	0006	indelsieve	candidate_snvs	smc_mudel_ld_stage_1-smc_mudel_ld_stage_2	mt	no_cnv	/raid/kang/DelSIEVE/simulation_results/IndelSIEVE_benchmark_pipeline_ld_102/benchmark_results/simulated_data/results/cell_names	/raid/kang/DelSIEVE/simulation_results/IndelSIEVE_benchmark_pipeline_ld_102/benchmark_results/indelsieve/from_candidate/variant_calling/stage2/mt/no_cnv/smc_mudel_ld_stage_1-smc_mudel_ld_stage_2/0006/indelsieve_median.cell_names	/raid/kang/DelSIEVE/simulation_results/IndelSIEVE_benchmark_pipeline_ld_102/benchmark_results/simulated_data/results/data_type/no_cnv/0006/true_evo_events_sites_names	/raid/kang/DelSIEVE/simulation_results/IndelSIEVE_benchmark_pipeline_ld_102/benchmark_results/indelsieve/from_candidate/variant_calling/stage2/mt/no_cnv/smc_mudel_ld_stage_1-smc_mudel_ld_stage_2/0006/indelsieve_median.loci_info	/raid/kang/DelSIEVE/simulation_results/IndelSIEVE_benchmark_pipeline_ld_102/benchmark_results/simulated_data/results/data_type/no_cnv/0006/true_evo_events_genotypes_numeric	/raid/kang/DelSIEVE/simulation_results/IndelSIEVE_benchmark_pipeline_ld_102/benchmark_results/indelsieve/from_candidate/variant_calling/stage2/mt/no_cnv/smc_mudel_ld_stage_1-smc_mudel_ld_stage_2/0006/indelsieve_median.genotypes	/raid/kang/DelSIEVE/simulation_results/IndelSIEVE_benchmark_pipeline_ld_102/benchmark_results/simulated_data/results/data_type/no_cnv/0006/true_evo_events_ternary_matrix.simple	/raid/kang/DelSIEVE/simulation_results/IndelSIEVE_benchmark_pipeline_ld_102/benchmark_results/indelsieve/from_candidate/variant_calling/stage2/mt/no_cnv/smc_mudel_ld_stage_1-smc_mudel_ld_stage_2/0006/indelsieve_median.ternary	/raid/kang/DelSIEVE/simulation_results/IndelSIEVE_benchmark_pipeline_ld_102/benchmark_results/indelsieve/from_candidate/variant_calling/stage2/mt/no_cnv/smc_mudel_ld_stage_1-smc_mudel_ld_stage_2/0006/indelsieve_median.probs	8283	39	18954	804	0.9115219544404094	0.9953136265320836	0.951576770635878	0.002053388090349	8120	48	19607	302	0.9641415340774164	0.9941234084231146	0.978902953586498	0.0024421266853218	7456	121	20197	303	0.960948575847403	0.9840306189784876	0.9723526343244652	0.0059553105620631	515	3	27510	49	0.9131205673758864	0.9942084942084942	0.9519408502772644	0.0001090393632101	564	39	0	49	227	0	19173	80	0.739413680781759	1.0	0.0	0.8501872659176031	0	0	19480	0	NA	NA	0.0	NA	73	0	19381	26	0.7373737373737373	1.0	0.0	0.8488372093023255	154	0	19272	54	0.7403846153846154	1.0	0.0	0.850828729281768	45	9	24	2	0	0	19480	0	NA	NA	0.0	NA
40	20	10	0.001999	0.16334	8e-06	8e-07	0.0	0007	sieve	candidate_snvs	smc_mu_ld_stage_1-smc_mu_ld_stage_2	mt	no_cnv	/raid/kang/DelSIEVE/simulation_results/IndelSIEVE_benchmark_pipeline_ld_102/benchmark_results/simulated_data/results/cell_names	/raid/kang/DelSIEVE/simulation_results/IndelSIEVE_benchmark_pipeline_ld_102/benchmark_results/indelsieve/from_candidate/variant_calling/stage2/mt/no_cnv/smc_mu_ld_stage_1-smc_mu_ld_stage_2/0007/indelsieve_median.cell_names	/raid/kang/DelSIEVE/simulation_results/IndelSIEVE_benchmark_pipeline_ld_102/benchmark_results/simulated_data/results/data_type/no_cnv/0007/true_evo_events_sites_names	/raid/kang/DelSIEVE/simulation_results/IndelSIEVE_benchmark_pipeline_ld_102/benchmark_results/indelsieve/from_candidate/variant_calling/stage2/mt/no_cnv/smc_mu_ld_stage_1-smc_mu_ld_stage_2/0007/indelsieve_median.loci_info	/raid/kang/DelSIEVE/simulation_results/IndelSIEVE_benchmark_pipeline_ld_102/benchmark_results/simulated_data/results/data_type/no_cnv/0007/true_evo_events_genotypes_numeric	/raid/kang/DelSIEVE/simulation_results/IndelSIEVE_benchmark_pipeline_ld_102/benchmark_results/indelsieve/from_candidate/variant_calling/stage2/mt/no_cnv/smc_mu_ld_stage_1-smc_mu_ld_stage_2/0007/indelsieve_median.genotypes	/raid/kang/DelSIEVE/simulation_results/IndelSIEVE_benchmark_pipeline_ld_102/benchmark_results/simulated_data/results/data_type/no_cnv/0007/true_evo_events_ternary_matrix.simple	/raid/kang/DelSIEVE/simulation_results/IndelSIEVE_benchmark_pipeline_ld_102/benchmark_results/indelsieve/from_candidate/variant_calling/stage2/mt/no_cnv/smc_mu_ld_stage_1-smc_mu_ld_stage_2/0007/indelsieve_median.ternary	/raid/kang/DelSIEVE/simulation_results/IndelSIEVE_benchmark_pipeline_ld_102/benchmark_results/indelsieve/from_candidate/variant_calling/stage2/mt/no_cnv/smc_mu_ld_stage_1-smc_mu_ld_stage_2/0007/indelsieve_median.probs	5772	71	22813	1024	0.8493231312536786	0.9878487078555536	0.9133633990030856	0.0031026044397832	5763	80	23445	390	0.9366162847391516	0.9863084032175252	0.9608202734244748	0.0034006376195536	5542	144	23602	390	0.9342548887390424	0.9746746394653536	0.954036839387158	0.0060641792301861	143	14	29478	43	0.7688172043010753	0.910828025477707	0.8338192419825073	0.000474705004747	186	71	2	41	0	0	18761	239	0.0	NA	0.0	NA	0	0	19000	0	NA	NA	0.0	NA	0	0	18965	35	0.0	NA	0.0	NA	0	0	18796	204	0.0	NA	0.0	NA	195	9	23	12	0	0	19000	0	NA	NA	0.0	NA
40	20	10	0.001999	0.16334	8e-06	8e-07	0.0	0007	indelsieve	candidate_snvs	smc_mudel_ld_stage_1-smc_mudel_ld_stage_2	mt	no_cnv	/raid/kang/DelSIEVE/simulation_results/IndelSIEVE_benchmark_pipeline_ld_102/benchmark_results/simulated_data/results/cell_names	/raid/kang/DelSIEVE/simulation_results/IndelSIEVE_benchmark_pipeline_ld_102/benchmark_results/indelsieve/from_candidate/variant_calling/stage2/mt/no_cnv/smc_mudel_ld_stage_1-smc_mudel_ld_stage_2/0007/indelsieve_median.cell_names	/raid/kang/DelSIEVE/simulation_results/IndelSIEVE_benchmark_pipeline_ld_102/benchmark_results/simulated_data/results/data_type/no_cnv/0007/true_evo_events_sites_names	/raid/kang/DelSIEVE/simulation_results/IndelSIEVE_benchmark_pipeline_ld_102/benchmark_results/indelsieve/from_candidate/variant_calling/stage2/mt/no_cnv/smc_mudel_ld_stage_1-smc_mudel_ld_stage_2/0007/indelsieve_median.loci_info	/raid/kang/DelSIEVE/simulation_results/IndelSIEVE_benchmark_pipeline_ld_102/benchmark_results/simulated_data/results/data_type/no_cnv/0007/true_evo_events_genotypes_numeric	/raid/kang/DelSIEVE/simulation_results/IndelSIEVE_benchmark_pipeline_ld_102/benchmark_results/indelsieve/from_candidate/variant_calling/stage2/mt/no_cnv/smc_mudel_ld_stage_1-smc_mudel_ld_stage_2/0007/indelsieve_median.genotypes	/raid/kang/DelSIEVE/simulation_results/IndelSIEVE_benchmark_pipeline_ld_102/benchmark_results/simulated_data/results/data_type/no_cnv/0007/true_evo_events_ternary_matrix.simple	/raid/kang/DelSIEVE/simulation_results/IndelSIEVE_benchmark_pipeline_ld_102/benchmark_results/indelsieve/from_candidate/variant_calling/stage2/mt/no_cnv/smc_mudel_ld_stage_1-smc_mudel_ld_stage_2/0007/indelsieve_median.ternary	/raid/kang/DelSIEVE/simulation_results/IndelSIEVE_benchmark_pipeline_ld_102/benchmark_results/indelsieve/from_candidate/variant_calling/stage2/mt/no_cnv/smc_mudel_ld_stage_1-smc_mudel_ld_stage_2/0007/indelsieve_median.probs	5897	74	22810	899	0.8677163037080635	0.98760676603584	0.9237878906555964	0.0032337004020276	5763	76	23449	390	0.9366162847391516	0.9869840726151738	0.9611407605070048	0.0032306057385759	5542	128	23618	390	0.9342548887390424	0.9774250440917108	0.9553525254266506	0.0053903815379432	143	7	29485	43	0.7688172043010753	0.9533333333333334	0.8511904761904763	0.0002373525023735	186	67	2	41	144	7	18754	95	0.602510460251046	0.9536423841059604	0.0003731144395288	0.7384615384615384	0	0	19000	0	NA	NA	0.0	NA	19	0	18965	16	0.5428571428571428	1.0	0.0	0.7037037037037037	125	7	18789	79	0.6127450980392157	0.946969696969697	0.0003724196637582	0.7440476190476191	70	9	11	5	0	0	19000	0	NA	NA	0.0	NA
40	20	10	0.001999	0.16334	8e-06	8e-07	0.0	0008	sieve	candidate_snvs	smc_mu_ld_stage_1-smc_mu_ld_stage_2	mt	no_cnv	/raid/kang/DelSIEVE/simulation_results/IndelSIEVE_benchmark_pipeline_ld_102/benchmark_results/simulated_data/results/cell_names	/raid/kang/DelSIEVE/simulation_results/IndelSIEVE_benchmark_pipeline_ld_102/benchmark_results/indelsieve/from_candidate/variant_calling/stage2/mt/no_cnv/smc_mu_ld_stage_1-smc_mu_ld_stage_2/0008/indelsieve_median.cell_names	/raid/kang/DelSIEVE/simulation_results/IndelSIEVE_benchmark_pipeline_ld_102/benchmark_results/simulated_data/results/data_type/no_cnv/0008/true_evo_events_sites_names	/raid/kang/DelSIEVE/simulation_results/IndelSIEVE_benchmark_pipeline_ld_102/benchmark_results/indelsieve/from_candidate/variant_calling/stage2/mt/no_cnv/smc_mu_ld_stage_1-smc_mu_ld_stage_2/0008/indelsieve_median.loci_info	/raid/kang/DelSIEVE/simulation_results/IndelSIEVE_benchmark_pipeline_ld_102/benchmark_results/simulated_data/results/data_type/no_cnv/0008/true_evo_events_genotypes_numeric	/raid/kang/DelSIEVE/simulation_results/IndelSIEVE_benchmark_pipeline_ld_102/benchmark_results/indelsieve/from_candidate/variant_calling/stage2/mt/no_cnv/smc_mu_ld_stage_1-smc_mu_ld_stage_2/0008/indelsieve_median.genotypes	/raid/kang/DelSIEVE/simulation_results/IndelSIEVE_benchmark_pipeline_ld_102/benchmark_results/simulated_data/results/data_type/no_cnv/0008/true_evo_events_ternary_matrix.simple	/raid/kang/DelSIEVE/simulation_results/IndelSIEVE_benchmark_pipeline_ld_102/benchmark_results/indelsieve/from_candidate/variant_calling/stage2/mt/no_cnv/smc_mu_ld_stage_1-smc_mu_ld_stage_2/0008/indelsieve_median.ternary	/raid/kang/DelSIEVE/simulation_results/IndelSIEVE_benchmark_pipeline_ld_102/benchmark_results/indelsieve/from_candidate/variant_calling/stage2/mt/no_cnv/smc_mu_ld_stage_1-smc_mu_ld_stage_2/0008/indelsieve_median.probs	8258	35	20477	990	0.8929498269896193	0.9957795731339684	0.9415654751724531	0.0017063182527301	8244	49	21157	310	0.9637596446107084	0.9940914023875558	0.9786905680536594	0.0023106667924172	7753	104	21591	312	0.9613143211407316	0.9867633956981036	0.9738726290667002	0.0047937312744872	398	38	29291	33	0.9234338747099768	0.9128440366972476	0.9181084198385236	0.0012956459476968	431	35	1	32	0	0	21035	125	0.0	NA	0.0	NA	0	0	21160	0	NA	NA	0.0	NA	0	0	21102	58	0.0	NA	0.0	NA	0	0	21093	67	0.0	NA	0.0	NA	53	14	23	32	0	0	21160	0	NA	NA	0.0	NA
40	20	10	0.001999	0.16334	8e-06	8e-07	0.0	0008	indelsieve	candidate_snvs	smc_mudel_ld_stage_1-smc_mudel_ld_stage_2	mt	no_cnv	/raid/kang/DelSIEVE/simulation_results/IndelSIEVE_benchmark_pipeline_ld_102/benchmark_results/simulated_data/results/cell_names	/raid/kang/DelSIEVE/simulation_results/IndelSIEVE_benchmark_pipeline_ld_102/benchmark_results/indelsieve/from_candidate/variant_calling/stage2/mt/no_cnv/smc_mudel_ld_stage_1-smc_mudel_ld_stage_2/0008/indelsieve_median.cell_names	/raid/kang/DelSIEVE/simulation_results/IndelSIEVE_benchmark_pipeline_ld_102/benchmark_results/simulated_data/results/data_type/no_cnv/0008/true_evo_events_sites_names	/raid/kang/DelSIEVE/simulation_results/IndelSIEVE_benchmark_pipeline_ld_102/benchmark_results/indelsieve/from_candidate/variant_calling/stage2/mt/no_cnv/smc_mudel_ld_stage_1-smc_mudel_ld_stage_2/0008/indelsieve_median.loci_info	/raid/kang/DelSIEVE/simulation_results/IndelSIEVE_benchmark_pipeline_ld_102/benchmark_results/simulated_data/results/data_type/no_cnv/0008/true_evo_events_genotypes_numeric	/raid/kang/DelSIEVE/simulation_results/IndelSIEVE_benchmark_pipeline_ld_102/benchmark_results/indelsieve/from_candidate/variant_calling/stage2/mt/no_cnv/smc_mudel_ld_stage_1-smc_mudel_ld_stage_2/0008/indelsieve_median.genotypes	/raid/kang/DelSIEVE/simulation_results/IndelSIEVE_benchmark_pipeline_ld_102/benchmark_results/simulated_data/results/data_type/no_cnv/0008/true_evo_events_ternary_matrix.simple	/raid/kang/DelSIEVE/simulation_results/IndelSIEVE_benchmark_pipeline_ld_102/benchmark_results/indelsieve/from_candidate/variant_calling/stage2/mt/no_cnv/smc_mudel_ld_stage_1-smc_mudel_ld_stage_2/0008/indelsieve_median.ternary	/raid/kang/DelSIEVE/simulation_results/IndelSIEVE_benchmark_pipeline_ld_102/benchmark_results/indelsieve/from_candidate/variant_calling/stage2/mt/no_cnv/smc_mudel_ld_stage_1-smc_mudel_ld_stage_2/0008/indelsieve_median.probs	8258	35	20477	990	0.8929498269896193	0.9957795731339684	0.9415654751724531	0.0017063182527301	8236	49	21157	318	0.9628244096329204	0.9940856970428484	0.9782053566126256	0.0023106667924172	7745	99	21596	320	0.9603223806571606	0.9873788883222846	0.973662706644038	0.0045632634247522	398	10	29319	33	0.9234338747099768	0.9754901960784312	0.9487485101311084	0.0003409594599202	431	35	1	32	33	8	21027	92	0.264	0.8048780487804879	0.0003803185167577	0.3975903614457831	0	0	21160	0	NA	NA	0.0	NA	33	0	21102	25	0.5689655172413793	1.0	0.0	0.7252747252747253	0	8	21085	67	0.0	0.0	0.0003792727445123	NA	53	14	18	4	0	0	21160	0	NA	NA	0.0	NA
40	20	10	0.001999	0.16334	8e-06	8e-07	0.0	0009	sieve	candidate_snvs	smc_mu_ld_stage_1-smc_mu_ld_stage_2	mt	no_cnv	/raid/kang/DelSIEVE/simulation_results/IndelSIEVE_benchmark_pipeline_ld_102/benchmark_results/simulated_data/results/cell_names	/raid/kang/DelSIEVE/simulation_results/IndelSIEVE_benchmark_pipeline_ld_102/benchmark_results/indelsieve/from_candidate/variant_calling/stage2/mt/no_cnv/smc_mu_ld_stage_1-smc_mu_ld_stage_2/0009/indelsieve_median.cell_names	/raid/kang/DelSIEVE/simulation_results/IndelSIEVE_benchmark_pipeline_ld_102/benchmark_results/simulated_data/results/data_type/no_cnv/0009/true_evo_events_sites_names	/raid/kang/DelSIEVE/simulation_results/IndelSIEVE_benchmark_pipeline_ld_102/benchmark_results/indelsieve/from_candidate/variant_calling/stage2/mt/no_cnv/smc_mu_ld_stage_1-smc_mu_ld_stage_2/0009/indelsieve_median.loci_info	/raid/kang/DelSIEVE/simulation_results/IndelSIEVE_benchmark_pipeline_ld_102/benchmark_results/simulated_data/results/data_type/no_cnv/0009/true_evo_events_genotypes_numeric	/raid/kang/DelSIEVE/simulation_results/IndelSIEVE_benchmark_pipeline_ld_102/benchmark_results/indelsieve/from_candidate/variant_calling/stage2/mt/no_cnv/smc_mu_ld_stage_1-smc_mu_ld_stage_2/0009/indelsieve_median.genotypes	/raid/kang/DelSIEVE/simulation_results/IndelSIEVE_benchmark_pipeline_ld_102/benchmark_results/simulated_data/results/data_type/no_cnv/0009/true_evo_events_ternary_matrix.simple	/raid/kang/DelSIEVE/simulation_results/IndelSIEVE_benchmark_pipeline_ld_102/benchmark_results/indelsieve/from_candidate/variant_calling/stage2/mt/no_cnv/smc_mu_ld_stage_1-smc_mu_ld_stage_2/0009/indelsieve_median.ternary	/raid/kang/DelSIEVE/simulation_results/IndelSIEVE_benchmark_pipeline_ld_102/benchmark_results/indelsieve/from_candidate/variant_calling/stage2/mt/no_cnv/smc_mu_ld_stage_1-smc_mu_ld_stage_2/0009/indelsieve_median.probs	6222	50	22370	1118	0.8476839237057221	0.9920280612244898	0.914193358801058	0.0022301516503122	6207	65	23088	397	0.9398849182313748	0.9896364795918368	0.9641192917054986	0.0028074115665356	5885	102	23367	403	0.935909669211196	0.9829630866878236	0.9588594704684316	0.004346158762623	262	23	29453	19	0.9323843416370108	0.9192982456140352	0.9257950530035336	0.0007802958338987	281	50	0	19	0	0	18350	250	0.0	NA	0.0	NA	0	0	18600	0	NA	NA	0.0	NA	0	0	18565	35	0.0	NA	0.0	NA	0	0	18385	215	0.0	NA	0.0	NA	200	15	18	17	0	0	18600	0	NA	NA	0.0	NA
40	20	10	0.001999	0.16334	8e-06	8e-07	0.0	0009	indelsieve	candidate_snvs	smc_mudel_ld_stage_1-smc_mudel_ld_stage_2	mt	no_cnv	/raid/kang/DelSIEVE/simulation_results/IndelSIEVE_benchmark_pipeline_ld_102/benchmark_results/simulated_data/results/cell_names	/raid/kang/DelSIEVE/simulation_results/IndelSIEVE_benchmark_pipeline_ld_102/benchmark_results/indelsieve/from_candidate/variant_calling/stage2/mt/no_cnv/smc_mudel_ld_stage_1-smc_mudel_ld_stage_2/0009/indelsieve_median.cell_names	/raid/kang/DelSIEVE/simulation_results/IndelSIEVE_benchmark_pipeline_ld_102/benchmark_results/simulated_data/results/data_type/no_cnv/0009/true_evo_events_sites_names	/raid/kang/DelSIEVE/simulation_results/IndelSIEVE_benchmark_pipeline_ld_102/benchmark_results/indelsieve/from_candidate/variant_calling/stage2/mt/no_cnv/smc_mudel_ld_stage_1-smc_mudel_ld_stage_2/0009/indelsieve_median.loci_info	/raid/kang/DelSIEVE/simulation_results/IndelSIEVE_benchmark_pipeline_ld_102/benchmark_results/simulated_data/results/data_type/no_cnv/0009/true_evo_events_genotypes_numeric	/raid/kang/DelSIEVE/simulation_results/IndelSIEVE_benchmark_pipeline_ld_102/benchmark_results/indelsieve/from_candidate/variant_calling/stage2/mt/no_cnv/smc_mudel_ld_stage_1-smc_mudel_ld_stage_2/0009/indelsieve_median.genotypes	/raid/kang/DelSIEVE/simulation_results/IndelSIEVE_benchmark_pipeline_ld_102/benchmark_results/simulated_data/results/data_type/no_cnv/0009/true_evo_events_ternary_matrix.simple	/raid/kang/DelSIEVE/simulation_results/IndelSIEVE_benchmark_pipeline_ld_102/benchmark_results/indelsieve/from_candidate/variant_calling/stage2/mt/no_cnv/smc_mudel_ld_stage_1-smc_mudel_ld_stage_2/0009/indelsieve_median.ternary	/raid/kang/DelSIEVE/simulation_results/IndelSIEVE_benchmark_pipeline_ld_102/benchmark_results/indelsieve/from_candidate/variant_calling/stage2/mt/no_cnv/smc_mudel_ld_stage_1-smc_mudel_ld_stage_2/0009/indelsieve_median.probs	6374	50	22370	966	0.8683923705722071	0.9922166874221668	0.926184248764894	0.0022301516503122	6206	56	23097	398	0.9397334948516052	0.9910571702331524	0.9647131975750036	0.0024186930419384	5873	80	23389	415	0.934001272264631	0.986561397614648	0.9595621272771832	0.0034087519706847	262	6	29470	19	0.9323843416370108	0.9776119402985076	0.9544626593806924	0.0002035554349301	281	50	0	19	192	11	18339	58	0.768	0.9458128078817734	0.0005994550408719	0.847682119205298	0	0	18600	0	NA	NA	0.0	NA	29	12	18553	6	0.8285714285714286	0.7073170731707317	0.0006463775922434	0.7631578947368421	162	0	18385	53	0.7534883720930232	1.0	0.0	0.8594164456233422	47	5	6	0	0	0	18600	0	NA	NA	0.0	NA
40	20	10	0.001999	0.16334	8e-06	8e-07	0.0	0010	sieve	candidate_snvs	smc_mu_ld_stage_1-smc_mu_ld_stage_2	mt	no_cnv	/raid/kang/DelSIEVE/simulation_results/IndelSIEVE_benchmark_pipeline_ld_102/benchmark_results/simulated_data/results/cell_names	/raid/kang/DelSIEVE/simulation_results/IndelSIEVE_benchmark_pipeline_ld_102/benchmark_results/indelsieve/from_candidate/variant_calling/stage2/mt/no_cnv/smc_mu_ld_stage_1-smc_mu_ld_stage_2/0010/indelsieve_median.cell_names	/raid/kang/DelSIEVE/simulation_results/IndelSIEVE_benchmark_pipeline_ld_102/benchmark_results/simulated_data/results/data_type/no_cnv/0010/true_evo_events_sites_names	/raid/kang/DelSIEVE/simulation_results/IndelSIEVE_benchmark_pipeline_ld_102/benchmark_results/indelsieve/from_candidate/variant_calling/stage2/mt/no_cnv/smc_mu_ld_stage_1-smc_mu_ld_stage_2/0010/indelsieve_median.loci_info	/raid/kang/DelSIEVE/simulation_results/IndelSIEVE_benchmark_pipeline_ld_102/benchmark_results/simulated_data/results/data_type/no_cnv/0010/true_evo_events_genotypes_numeric	/raid/kang/DelSIEVE/simulation_results/IndelSIEVE_benchmark_pipeline_ld_102/benchmark_results/indelsieve/from_candidate/variant_calling/stage2/mt/no_cnv/smc_mu_ld_stage_1-smc_mu_ld_stage_2/0010/indelsieve_median.genotypes	/raid/kang/DelSIEVE/simulation_results/IndelSIEVE_benchmark_pipeline_ld_102/benchmark_results/simulated_data/results/data_type/no_cnv/0010/true_evo_events_ternary_matrix.simple	/raid/kang/DelSIEVE/simulation_results/IndelSIEVE_benchmark_pipeline_ld_102/benchmark_results/indelsieve/from_candidate/variant_calling/stage2/mt/no_cnv/smc_mu_ld_stage_1-smc_mu_ld_stage_2/0010/indelsieve_median.ternary	/raid/kang/DelSIEVE/simulation_results/IndelSIEVE_benchmark_pipeline_ld_102/benchmark_results/indelsieve/from_candidate/variant_calling/stage2/mt/no_cnv/smc_mu_ld_stage_1-smc_mu_ld_stage_2/0010/indelsieve_median.probs	5972	54	16767	1047	0.8508334520586979	0.9910388317291736	0.9155998466845536	0.0032102728731942	5967	59	17537	272	0.9564032697547684	0.9902090939263192	0.9730126375866286	0.0033530347806319	5626	111	17826	272	0.9538826720922348	0.9806519086630644	0.967082079931242	0.0061883258069911	206	83	23507	39	0.8408163265306122	0.71280276816609	0.7715355805243446	0.0035184400169563	245	54	2	37	0	0	16641	319	0.0	NA	0.0	NA	0	0	16960	0	NA	NA	0.0	NA	0	0	16864	96	0.0	NA	0.0	NA	0	0	16737	223	0.0	NA	0.0	NA	218	5	15	80	0	0	16960	0	NA	NA	0.0	NA
40	20	10	0.001999	0.16334	8e-06	8e-07	0.0	0010	indelsieve	candidate_snvs	smc_mudel_ld_stage_1-smc_mudel_ld_stage_2	mt	no_cnv	/raid/kang/DelSIEVE/simulation_results/IndelSIEVE_benchmark_pipeline_ld_102/benchmark_results/simulated_data/results/cell_names	/raid/kang/DelSIEVE/simulation_results/IndelSIEVE_benchmark_pipeline_ld_102/benchmark_results/indelsieve/from_candidate/variant_calling/stage2/mt/no_cnv/smc_mudel_ld_stage_1-smc_mudel_ld_stage_2/0010/indelsieve_median.cell_names	/raid/kang/DelSIEVE/simulation_results/IndelSIEVE_benchmark_pipeline_ld_102/benchmark_results/simulated_data/results/data_type/no_cnv/0010/true_evo_events_sites_names	/raid/kang/DelSIEVE/simulation_results/IndelSIEVE_benchmark_pipeline_ld_102/benchmark_results/indelsieve/from_candidate/variant_calling/stage2/mt/no_cnv/smc_mudel_ld_stage_1-smc_mudel_ld_stage_2/0010/indelsieve_median.loci_info	/raid/kang/DelSIEVE/simulation_results/IndelSIEVE_benchmark_pipeline_ld_102/benchmark_results/simulated_data/results/data_type/no_cnv/0010/true_evo_events_genotypes_numeric	/raid/kang/DelSIEVE/simulation_results/IndelSIEVE_benchmark_pipeline_ld_102/benchmark_results/indelsieve/from_candidate/variant_calling/stage2/mt/no_cnv/smc_mudel_ld_stage_1-smc_mudel_ld_stage_2/0010/indelsieve_median.genotypes	/raid/kang/DelSIEVE/simulation_results/IndelSIEVE_benchmark_pipeline_ld_102/benchmark_results/simulated_data/results/data_type/no_cnv/0010/true_evo_events_ternary_matrix.simple	/raid/kang/DelSIEVE/simulation_results/IndelSIEVE_benchmark_pipeline_ld_102/benchmark_results/indelsieve/from_candidate/variant_calling/stage2/mt/no_cnv/smc_mudel_ld_stage_1-smc_mudel_ld_stage_2/0010/indelsieve_median.ternary	/raid/kang/DelSIEVE/simulation_results/IndelSIEVE_benchmark_pipeline_ld_102/benchmark_results/indelsieve/from_candidate/variant_calling/stage2/mt/no_cnv/smc_mudel_ld_stage_1-smc_mudel_ld_stage_2/0010/indelsieve_median.probs	6128	51	16770	891	0.8730588402906397	0.9917462372552192	0.9286255493256554	0.0030319243802389	5967	56	17540	272	0.9564032697547684	0.9907023078200232	0.9732506931984994	0.0031825414867015	5626	102	17835	272	0.9538826720922348	0.9821927374301676	0.9678307242387753	0.0056865696604783	205	3	23587	40	0.8367346938775511	0.9855769230769232	0.9050772626931568	0.0001271725307333	245	51	2	38	242	1	16640	77	0.7586206896551724	0.9958847736625516	6.009254251547383e-05	0.8612099644128114	0	0	16960	0	NA	NA	0.0	NA	87	0	16864	9	0.90625	1.0	0.0	0.9508196721311476	155	1	16736	68	0.695067264573991	0.9935897435897436	5.9747864013861504e-05	0.8179419525065963	63	5	8	0	0	0	16960	0	NA	NA	0.0	NA
