cell_num	coverage_mean	coverage_variance	eff_seq_err_rate	ado_rate	mutation_rate	deletion_rate	insertion_rate	dataset	tool	snv_type	tool_setup	fine_tune_type	data_type	true_cell_names	cell_names	true_loci_info	loci_info	true_genotypes	genotypes	true_ternary	ternary	genotype_probs	true_positive	false_positive	true_negative	false_negative	recall	precision	f1_score	fall_out	true_positive_mu	false_positive_mu	true_negative_mu	false_negative_mu	recall_mu	precision_mu	f1_score_mu	fall_out_mu	true_positive_hetero_mu	false_positive_hetero_mu	true_negative_hetero_mu	false_negative_hetero_mu	recall_hetero_mu	precision_hetero_mu	f1_score_hetero_mu	fall_out_hetero_mu	true_positive_homo_mu	false_positive_homo_mu	true_negative_homo_mu	false_negative_homo_mu	recall_homo_mu	precision_homo_mu	f1_score_homo_mu	fall_out_homo_mu	true_homo_mu	true_homo_ref_as_hetero_mu	true_homo_mu_as_homo_ref	true_homo_mu_as_hetero_mu	true_positive_del	false_positive_del	true_negative_del	false_negative_del	recall_del	precision_del	fall_out_del	f1_score_del	true_positive_all_del	false_positive_all_del	true_negative_all_del	false_negative_all_del	recall_all_del	precision_all_del	fall_out_all_del	f1_score_all_del	true_positive_del_alt_left	false_positive_del_alt_left	true_negative_del_alt_left	false_negative_del_alt_left	recall_del_alt_left	precision_del_alt_left	fall_out_del_alt_left	f1_score_del_alt_left	true_positive_del_ref_left	false_positive_del_ref_left	true_negative_del_ref_left	false_negative_del_ref_left	recall_del_ref_left	precision_del_ref_left	fall_out_del_ref_left	f1_score_del_ref_left	true_del_ref_left_as_homo_ref	true_del_ref_left_as_hetero_mu	true_del_alt_left_as_hetero_mu	true_del_alt_left_as_homo_mu	true_positive_amp	false_positive_amp	true_negative_amp	false_negative_amp	recall_amp	precision_amp	fall_out_amp	f1_score_amp
40	20	10	0.001999	0.3	3e-05	3e-06	0.0	0001	monovar	NA	true_parameters	NA	no_cnv	/raid/kang/DelSIEVE/simulation_results/IndelSIEVE_benchmark_pipeline_sa_103/benchmark_results/simulated_data/results/cell_names	/raid/kang/DelSIEVE/simulation_results/IndelSIEVE_benchmark_pipeline_sa_103/benchmark_results/monovar/from_true_params/no_cnv/0001/post_processed/filtered.cell_names	/raid/kang/DelSIEVE/simulation_results/IndelSIEVE_benchmark_pipeline_sa_103/benchmark_results/simulated_data/results/data_type/no_cnv/0001/true_evo_events_sites_names	/raid/kang/DelSIEVE/simulation_results/IndelSIEVE_benchmark_pipeline_sa_103/benchmark_results/monovar/from_true_params/no_cnv/0001/post_processed/filtered.loci_info	/raid/kang/DelSIEVE/simulation_results/IndelSIEVE_benchmark_pipeline_sa_103/benchmark_results/simulated_data/results/data_type/no_cnv/0001/true_evo_events_genotypes_numeric	/raid/kang/DelSIEVE/simulation_results/IndelSIEVE_benchmark_pipeline_sa_103/benchmark_results/monovar/from_true_params/no_cnv/0001/post_processed/filtered.genotypes	/raid/kang/DelSIEVE/simulation_results/IndelSIEVE_benchmark_pipeline_sa_103/benchmark_results/simulated_data/results/data_type/no_cnv/0001/true_evo_events_ternary_matrix.simple	/raid/kang/DelSIEVE/simulation_results/IndelSIEVE_benchmark_pipeline_sa_103/benchmark_results/monovar/from_true_params/no_cnv/0001/post_processed/filtered.ternary	/raid/kang/DelSIEVE/simulation_results/IndelSIEVE_benchmark_pipeline_sa_103/benchmark_results/monovar/from_true_params/no_cnv/0001/post_processed/filtered.genotype_probs	8266	1	15832	4181	0.6640957660480437	0.9998790371355992	0.7981075601042773	6.31592244047243e-05	7944	2	17081	3231	0.7108724832214766	0.9997483010319658	0.8309188849955547	0.0001170754551308	4859	299	18454	4646	0.5112046291425566	0.9420317952694844	0.6627565982404692	0.0159441156081693	1120	1668	25157	313	0.7815771109560363	0.4017216642754663	0.5306799336650083	0.0621808014911463	1433	1	52	261	321	0	26771	1188	0.2127236580516898	1.0	0.0	0.3508196721311475	9	312	27928	31	0.225	0.02803738317757	0.0110481586402266	0.0498614958448753	0	0	28021	259	0.0	NA	0.0	NA	0	0	27070	1210	0.0	NA	0.0	NA	955	1	36	131	0	0	28280	0	NA	NA	0.0	NA
40	20	10	0.001999	0.3	3e-05	3e-06	0.0	0002	monovar	NA	true_parameters	NA	no_cnv	/raid/kang/DelSIEVE/simulation_results/IndelSIEVE_benchmark_pipeline_sa_103/benchmark_results/simulated_data/results/cell_names	/raid/kang/DelSIEVE/simulation_results/IndelSIEVE_benchmark_pipeline_sa_103/benchmark_results/monovar/from_true_params/no_cnv/0002/post_processed/filtered.cell_names	/raid/kang/DelSIEVE/simulation_results/IndelSIEVE_benchmark_pipeline_sa_103/benchmark_results/simulated_data/results/data_type/no_cnv/0002/true_evo_events_sites_names	/raid/kang/DelSIEVE/simulation_results/IndelSIEVE_benchmark_pipeline_sa_103/benchmark_results/monovar/from_true_params/no_cnv/0002/post_processed/filtered.loci_info	/raid/kang/DelSIEVE/simulation_results/IndelSIEVE_benchmark_pipeline_sa_103/benchmark_results/simulated_data/results/data_type/no_cnv/0002/true_evo_events_genotypes_numeric	/raid/kang/DelSIEVE/simulation_results/IndelSIEVE_benchmark_pipeline_sa_103/benchmark_results/monovar/from_true_params/no_cnv/0002/post_processed/filtered.genotypes	/raid/kang/DelSIEVE/simulation_results/IndelSIEVE_benchmark_pipeline_sa_103/benchmark_results/simulated_data/results/data_type/no_cnv/0002/true_evo_events_ternary_matrix.simple	/raid/kang/DelSIEVE/simulation_results/IndelSIEVE_benchmark_pipeline_sa_103/benchmark_results/monovar/from_true_params/no_cnv/0002/post_processed/filtered.ternary	/raid/kang/DelSIEVE/simulation_results/IndelSIEVE_benchmark_pipeline_sa_103/benchmark_results/monovar/from_true_params/no_cnv/0002/post_processed/filtered.genotype_probs	8227	1	15576	4756	0.6336748055149041	0.9998784637822072	0.7757295742774974	6.41972138409193e-05	7830	1	16957	3765	0.6752910737386805	0.9998723023879452	0.8061361062493565	5.896921806816842e-05	4753	252	18210	5338	0.4710137746506788	0.9496503496503496	0.6297032326444091	0.013649658758531	979	1847	25514	213	0.8213087248322147	0.3464260438782732	0.4873071179691388	0.0675048426592595	1192	1	28	185	397	0	26860	1303	0.2335294117647058	1.0	0.0	0.3786361468764902	8	389	28149	14	0.3636363636363636	0.0201511335012594	0.013630948209405	0.0381861575178997	0	0	28241	319	0.0	NA	0.0	NA	0	0	27201	1359	0.0	NA	0.0	NA	1059	0	66	148	0	0	28560	0	NA	NA	0.0	NA
40	20	10	0.001999	0.3	3e-05	3e-06	0.0	0003	monovar	NA	true_parameters	NA	no_cnv	/raid/kang/DelSIEVE/simulation_results/IndelSIEVE_benchmark_pipeline_sa_103/benchmark_results/simulated_data/results/cell_names	/raid/kang/DelSIEVE/simulation_results/IndelSIEVE_benchmark_pipeline_sa_103/benchmark_results/monovar/from_true_params/no_cnv/0003/post_processed/filtered.cell_names	/raid/kang/DelSIEVE/simulation_results/IndelSIEVE_benchmark_pipeline_sa_103/benchmark_results/simulated_data/results/data_type/no_cnv/0003/true_evo_events_sites_names	/raid/kang/DelSIEVE/simulation_results/IndelSIEVE_benchmark_pipeline_sa_103/benchmark_results/monovar/from_true_params/no_cnv/0003/post_processed/filtered.loci_info	/raid/kang/DelSIEVE/simulation_results/IndelSIEVE_benchmark_pipeline_sa_103/benchmark_results/simulated_data/results/data_type/no_cnv/0003/true_evo_events_genotypes_numeric	/raid/kang/DelSIEVE/simulation_results/IndelSIEVE_benchmark_pipeline_sa_103/benchmark_results/monovar/from_true_params/no_cnv/0003/post_processed/filtered.genotypes	/raid/kang/DelSIEVE/simulation_results/IndelSIEVE_benchmark_pipeline_sa_103/benchmark_results/simulated_data/results/data_type/no_cnv/0003/true_evo_events_ternary_matrix.simple	/raid/kang/DelSIEVE/simulation_results/IndelSIEVE_benchmark_pipeline_sa_103/benchmark_results/monovar/from_true_params/no_cnv/0003/post_processed/filtered.ternary	/raid/kang/DelSIEVE/simulation_results/IndelSIEVE_benchmark_pipeline_sa_103/benchmark_results/monovar/from_true_params/no_cnv/0003/post_processed/filtered.genotype_probs	9252	150	13534	4904	0.6535744560610341	0.9840459476707084	0.7854656592240428	0.0109617071031862	8545	4	15286	3993	0.6815281544105918	0.9995321090185988	0.8104519372125005	0.0002616088947024	4777	276	17441	5334	0.4724557412718821	0.9453789827825054	0.6300448430493274	0.015578258170119	1472	2024	24024	308	0.8269662921348314	0.4210526315789473	0.5579984836997725	0.0777027027027027	1780	4	59	225	550	303	25272	1715	0.2428256070640176	0.6447831184056272	0.0118475073313783	0.3527902501603591	44	809	26945	42	0.5116279069767442	0.0515826494724501	0.0291489515024861	0.0937167199148029	0	0	27181	659	0.0	NA	0.0	NA	0	0	26320	1520	0.0	NA	0.0	NA	1201	0	47	399	0	0	27840	0	NA	NA	0.0	NA
40	20	10	0.001999	0.3	3e-05	3e-06	0.0	0004	monovar	NA	true_parameters	NA	no_cnv	/raid/kang/DelSIEVE/simulation_results/IndelSIEVE_benchmark_pipeline_sa_103/benchmark_results/simulated_data/results/cell_names	/raid/kang/DelSIEVE/simulation_results/IndelSIEVE_benchmark_pipeline_sa_103/benchmark_results/monovar/from_true_params/no_cnv/0004/post_processed/filtered.cell_names	/raid/kang/DelSIEVE/simulation_results/IndelSIEVE_benchmark_pipeline_sa_103/benchmark_results/simulated_data/results/data_type/no_cnv/0004/true_evo_events_sites_names	/raid/kang/DelSIEVE/simulation_results/IndelSIEVE_benchmark_pipeline_sa_103/benchmark_results/monovar/from_true_params/no_cnv/0004/post_processed/filtered.loci_info	/raid/kang/DelSIEVE/simulation_results/IndelSIEVE_benchmark_pipeline_sa_103/benchmark_results/simulated_data/results/data_type/no_cnv/0004/true_evo_events_genotypes_numeric	/raid/kang/DelSIEVE/simulation_results/IndelSIEVE_benchmark_pipeline_sa_103/benchmark_results/monovar/from_true_params/no_cnv/0004/post_processed/filtered.genotypes	/raid/kang/DelSIEVE/simulation_results/IndelSIEVE_benchmark_pipeline_sa_103/benchmark_results/simulated_data/results/data_type/no_cnv/0004/true_evo_events_ternary_matrix.simple	/raid/kang/DelSIEVE/simulation_results/IndelSIEVE_benchmark_pipeline_sa_103/benchmark_results/monovar/from_true_params/no_cnv/0004/post_processed/filtered.ternary	/raid/kang/DelSIEVE/simulation_results/IndelSIEVE_benchmark_pipeline_sa_103/benchmark_results/monovar/from_true_params/no_cnv/0004/post_processed/filtered.genotype_probs	7256	0	9584	3560	0.6708579881656804	1.0	0.8030101814962373	0.0	6915	0	10496	2980	0.6988377968671046	1.0	0.8227245687091017	0.0	3662	265	12302	4162	0.4680470347648262	0.9325184619302266	0.6232661050123394	0.021086973820323	1354	1634	17143	260	0.838909541511772	0.4531459170013386	0.5884398087787919	0.0870213559141502	1614	0	53	207	340	1	19021	1038	0.2467343976777939	0.997067448680352	5.257070760172432e-05	0.3955788248981967	14	327	20053	6	0.7	0.0410557184750733	0.0160451422963689	0.077562326869806	0	0	19934	466	0.0	NA	0.0	NA	0	0	19508	892	0.0	NA	0.0	NA	690	0	58	267	0	0	20400	0	NA	NA	0.0	NA
40	20	10	0.001999	0.3	3e-05	3e-06	0.0	0005	monovar	NA	true_parameters	NA	no_cnv	/raid/kang/DelSIEVE/simulation_results/IndelSIEVE_benchmark_pipeline_sa_103/benchmark_results/simulated_data/results/cell_names	/raid/kang/DelSIEVE/simulation_results/IndelSIEVE_benchmark_pipeline_sa_103/benchmark_results/monovar/from_true_params/no_cnv/0005/post_processed/filtered.cell_names	/raid/kang/DelSIEVE/simulation_results/IndelSIEVE_benchmark_pipeline_sa_103/benchmark_results/simulated_data/results/data_type/no_cnv/0005/true_evo_events_sites_names	/raid/kang/DelSIEVE/simulation_results/IndelSIEVE_benchmark_pipeline_sa_103/benchmark_results/monovar/from_true_params/no_cnv/0005/post_processed/filtered.loci_info	/raid/kang/DelSIEVE/simulation_results/IndelSIEVE_benchmark_pipeline_sa_103/benchmark_results/simulated_data/results/data_type/no_cnv/0005/true_evo_events_genotypes_numeric	/raid/kang/DelSIEVE/simulation_results/IndelSIEVE_benchmark_pipeline_sa_103/benchmark_results/monovar/from_true_params/no_cnv/0005/post_processed/filtered.genotypes	/raid/kang/DelSIEVE/simulation_results/IndelSIEVE_benchmark_pipeline_sa_103/benchmark_results/simulated_data/results/data_type/no_cnv/0005/true_evo_events_ternary_matrix.simple	/raid/kang/DelSIEVE/simulation_results/IndelSIEVE_benchmark_pipeline_sa_103/benchmark_results/monovar/from_true_params/no_cnv/0005/post_processed/filtered.ternary	/raid/kang/DelSIEVE/simulation_results/IndelSIEVE_benchmark_pipeline_sa_103/benchmark_results/monovar/from_true_params/no_cnv/0005/post_processed/filtered.genotype_probs	6655	1	11997	3507	0.6548907695335564	0.9998497596153846	0.7914139612320134	8.33472245374229e-05	6452	2	12810	2887	0.6908662597708534	0.9996901146575768	0.8170708541759008	0.0001561036528254	3881	188	13958	4124	0.4848219862585883	0.9537970017203244	0.6428689746562862	0.013289975964937	927	1458	19597	169	0.8458029197080292	0.3886792452830189	0.5326055731111748	0.06924720968891	1096	1	25	144	201	1	21098	860	0.1894439208294062	0.995049504950495	4.739561116640599e-05	0.3182897862232779	2	200	21957	1	0.6666666666666666	0.0099009900990099	0.0090264927562395	0.0195121951219512	0	0	21913	247	0.0	NA	0.0	NA	0	0	21349	811	0.0	NA	0.0	NA	673	1	42	131	0	0	22160	0	NA	NA	0.0	NA
40	20	10	0.001999	0.3	3e-05	3e-06	0.0	0006	monovar	NA	true_parameters	NA	no_cnv	/raid/kang/DelSIEVE/simulation_results/IndelSIEVE_benchmark_pipeline_sa_103/benchmark_results/simulated_data/results/cell_names	/raid/kang/DelSIEVE/simulation_results/IndelSIEVE_benchmark_pipeline_sa_103/benchmark_results/monovar/from_true_params/no_cnv/0006/post_processed/filtered.cell_names	/raid/kang/DelSIEVE/simulation_results/IndelSIEVE_benchmark_pipeline_sa_103/benchmark_results/simulated_data/results/data_type/no_cnv/0006/true_evo_events_sites_names	/raid/kang/DelSIEVE/simulation_results/IndelSIEVE_benchmark_pipeline_sa_103/benchmark_results/monovar/from_true_params/no_cnv/0006/post_processed/filtered.loci_info	/raid/kang/DelSIEVE/simulation_results/IndelSIEVE_benchmark_pipeline_sa_103/benchmark_results/simulated_data/results/data_type/no_cnv/0006/true_evo_events_genotypes_numeric	/raid/kang/DelSIEVE/simulation_results/IndelSIEVE_benchmark_pipeline_sa_103/benchmark_results/monovar/from_true_params/no_cnv/0006/post_processed/filtered.genotypes	/raid/kang/DelSIEVE/simulation_results/IndelSIEVE_benchmark_pipeline_sa_103/benchmark_results/simulated_data/results/data_type/no_cnv/0006/true_evo_events_ternary_matrix.simple	/raid/kang/DelSIEVE/simulation_results/IndelSIEVE_benchmark_pipeline_sa_103/benchmark_results/monovar/from_true_params/no_cnv/0006/post_processed/filtered.ternary	/raid/kang/DelSIEVE/simulation_results/IndelSIEVE_benchmark_pipeline_sa_103/benchmark_results/monovar/from_true_params/no_cnv/0006/post_processed/filtered.genotype_probs	6002	0	18983	3535	0.6293383663625878	1.0	0.7725078833901795	0.0	5767	0	19890	2860	0.6684826706850585	1.0	0.8013060997637904	0.0	3995	142	20499	3881	0.5072371762315896	0.9656756103456612	0.6651127944726546	0.0068795116515672	498	1132	26750	137	0.784251968503937	0.305521472392638	0.4397350993377484	0.0405996700380173	635	0	25	112	235	0	27494	791	0.2290448343079922	1.0	0.0	0.3727200634417129	6	229	28285	0	1.0	0.025531914893617	0.0080311425966192	0.0497925311203319	0	0	28401	119	0.0	NA	0.0	NA	0	0	27619	901	0.0	NA	0.0	NA	697	0	30	56	0	0	28520	0	NA	NA	0.0	NA
40	20	10	0.001999	0.3	3e-05	3e-06	0.0	0007	monovar	NA	true_parameters	NA	no_cnv	/raid/kang/DelSIEVE/simulation_results/IndelSIEVE_benchmark_pipeline_sa_103/benchmark_results/simulated_data/results/cell_names	/raid/kang/DelSIEVE/simulation_results/IndelSIEVE_benchmark_pipeline_sa_103/benchmark_results/monovar/from_true_params/no_cnv/0007/post_processed/filtered.cell_names	/raid/kang/DelSIEVE/simulation_results/IndelSIEVE_benchmark_pipeline_sa_103/benchmark_results/simulated_data/results/data_type/no_cnv/0007/true_evo_events_sites_names	/raid/kang/DelSIEVE/simulation_results/IndelSIEVE_benchmark_pipeline_sa_103/benchmark_results/monovar/from_true_params/no_cnv/0007/post_processed/filtered.loci_info	/raid/kang/DelSIEVE/simulation_results/IndelSIEVE_benchmark_pipeline_sa_103/benchmark_results/simulated_data/results/data_type/no_cnv/0007/true_evo_events_genotypes_numeric	/raid/kang/DelSIEVE/simulation_results/IndelSIEVE_benchmark_pipeline_sa_103/benchmark_results/monovar/from_true_params/no_cnv/0007/post_processed/filtered.genotypes	/raid/kang/DelSIEVE/simulation_results/IndelSIEVE_benchmark_pipeline_sa_103/benchmark_results/simulated_data/results/data_type/no_cnv/0007/true_evo_events_ternary_matrix.simple	/raid/kang/DelSIEVE/simulation_results/IndelSIEVE_benchmark_pipeline_sa_103/benchmark_results/monovar/from_true_params/no_cnv/0007/post_processed/filtered.ternary	/raid/kang/DelSIEVE/simulation_results/IndelSIEVE_benchmark_pipeline_sa_103/benchmark_results/monovar/from_true_params/no_cnv/0007/post_processed/filtered.genotype_probs	8296	6	14298	4080	0.6703296703296703	0.9992772825825104	0.8023986845923203	0.0004194630872483	8000	5	15426	3235	0.7120605251446372	0.999375390381012	0.8316008316008316	0.0003240230704426	4726	255	16995	4690	0.5019116397621071	0.9488054607508531	0.6565256650691117	0.0147826086956521	1202	1822	23387	255	0.8249828414550446	0.3974867724867725	0.5364873912073198	0.0722757745249712	1457	5	37	218	296	1	25176	1207	0.1969394544244843	0.9966329966329966	3.971879096000318e-05	0.3288888888888889	7	290	26379	4	0.6363636363636364	0.0235690235690235	0.0108740485207544	0.0454545454545454	0	0	26304	376	0.0	NA	0.0	NA	0	0	25564	1116	0.0	NA	0.0	NA	926	0	32	217	0	0	26680	0	NA	NA	0.0	NA
40	20	10	0.001999	0.3	3e-05	3e-06	0.0	0008	monovar	NA	true_parameters	NA	no_cnv	/raid/kang/DelSIEVE/simulation_results/IndelSIEVE_benchmark_pipeline_sa_103/benchmark_results/simulated_data/results/cell_names	/raid/kang/DelSIEVE/simulation_results/IndelSIEVE_benchmark_pipeline_sa_103/benchmark_results/monovar/from_true_params/no_cnv/0008/post_processed/filtered.cell_names	/raid/kang/DelSIEVE/simulation_results/IndelSIEVE_benchmark_pipeline_sa_103/benchmark_results/simulated_data/results/data_type/no_cnv/0008/true_evo_events_sites_names	/raid/kang/DelSIEVE/simulation_results/IndelSIEVE_benchmark_pipeline_sa_103/benchmark_results/monovar/from_true_params/no_cnv/0008/post_processed/filtered.loci_info	/raid/kang/DelSIEVE/simulation_results/IndelSIEVE_benchmark_pipeline_sa_103/benchmark_results/simulated_data/results/data_type/no_cnv/0008/true_evo_events_genotypes_numeric	/raid/kang/DelSIEVE/simulation_results/IndelSIEVE_benchmark_pipeline_sa_103/benchmark_results/monovar/from_true_params/no_cnv/0008/post_processed/filtered.genotypes	/raid/kang/DelSIEVE/simulation_results/IndelSIEVE_benchmark_pipeline_sa_103/benchmark_results/simulated_data/results/data_type/no_cnv/0008/true_evo_events_ternary_matrix.simple	/raid/kang/DelSIEVE/simulation_results/IndelSIEVE_benchmark_pipeline_sa_103/benchmark_results/monovar/from_true_params/no_cnv/0008/post_processed/filtered.ternary	/raid/kang/DelSIEVE/simulation_results/IndelSIEVE_benchmark_pipeline_sa_103/benchmark_results/monovar/from_true_params/no_cnv/0008/post_processed/filtered.genotype_probs	6632	3	18217	3628	0.6463937621832359	0.9995478522984176	0.7850843444806157	0.0001646542261251	6443	3	19100	2922	0.6879871863320876	0.999534595097735	0.8150022136487256	0.0001570433963251	4357	181	19846	4084	0.5161710697784623	0.9601145879241956	0.6713922490176439	0.0090377989713886	592	1316	26378	182	0.7648578811369509	0.310272536687631	0.4414615958240119	0.0475193182638838	774	3	23	159	189	0	27435	856	0.1808612440191387	1.0	0.0	0.306320907617504	0	189	28288	3	0.0	0.0	0.0066369350704076	NA	0	0	28318	162	0.0	NA	0.0	NA	0	0	27600	880	0.0	NA	0.0	NA	732	0	19	82	0	0	28480	0	NA	NA	0.0	NA
40	20	10	0.001999	0.3	3e-05	3e-06	0.0	0009	monovar	NA	true_parameters	NA	no_cnv	/raid/kang/DelSIEVE/simulation_results/IndelSIEVE_benchmark_pipeline_sa_103/benchmark_results/simulated_data/results/cell_names	/raid/kang/DelSIEVE/simulation_results/IndelSIEVE_benchmark_pipeline_sa_103/benchmark_results/monovar/from_true_params/no_cnv/0009/post_processed/filtered.cell_names	/raid/kang/DelSIEVE/simulation_results/IndelSIEVE_benchmark_pipeline_sa_103/benchmark_results/simulated_data/results/data_type/no_cnv/0009/true_evo_events_sites_names	/raid/kang/DelSIEVE/simulation_results/IndelSIEVE_benchmark_pipeline_sa_103/benchmark_results/monovar/from_true_params/no_cnv/0009/post_processed/filtered.loci_info	/raid/kang/DelSIEVE/simulation_results/IndelSIEVE_benchmark_pipeline_sa_103/benchmark_results/simulated_data/results/data_type/no_cnv/0009/true_evo_events_genotypes_numeric	/raid/kang/DelSIEVE/simulation_results/IndelSIEVE_benchmark_pipeline_sa_103/benchmark_results/monovar/from_true_params/no_cnv/0009/post_processed/filtered.genotypes	/raid/kang/DelSIEVE/simulation_results/IndelSIEVE_benchmark_pipeline_sa_103/benchmark_results/simulated_data/results/data_type/no_cnv/0009/true_evo_events_ternary_matrix.simple	/raid/kang/DelSIEVE/simulation_results/IndelSIEVE_benchmark_pipeline_sa_103/benchmark_results/monovar/from_true_params/no_cnv/0009/post_processed/filtered.ternary	/raid/kang/DelSIEVE/simulation_results/IndelSIEVE_benchmark_pipeline_sa_103/benchmark_results/monovar/from_true_params/no_cnv/0009/post_processed/filtered.genotype_probs	9891	8	13881	4700	0.6778836268932904	0.9991918375593496	0.8077582686810945	0.0005759953920368	9390	3	14958	4129	0.6945780013314594	0.9996806132226126	0.8196578212290502	0.0002005213555243	5283	298	17005	5894	0.4726670841907489	0.9466045511557069	0.6305048335123523	0.017222446974513	1434	2378	24351	317	0.8189605939463164	0.3761804826862539	0.5155491641200791	0.0889670395450634	1751	2	67	250	496	10	26807	1167	0.2982561635598316	0.9802371541501976	0.0003728977887161	0.4573536191793453	24	482	27974	0	1.0	0.0474308300395256	0.0169384312622996	0.090566037735849	0	0	27889	591	0.0	NA	0.0	NA	0	0	27432	1048	0.0	NA	0.0	NA	768	1	45	343	0	0	28480	0	NA	NA	0.0	NA
40	20	10	0.001999	0.3	3e-05	3e-06	0.0	0010	monovar	NA	true_parameters	NA	no_cnv	/raid/kang/DelSIEVE/simulation_results/IndelSIEVE_benchmark_pipeline_sa_103/benchmark_results/simulated_data/results/cell_names	/raid/kang/DelSIEVE/simulation_results/IndelSIEVE_benchmark_pipeline_sa_103/benchmark_results/monovar/from_true_params/no_cnv/0010/post_processed/filtered.cell_names	/raid/kang/DelSIEVE/simulation_results/IndelSIEVE_benchmark_pipeline_sa_103/benchmark_results/simulated_data/results/data_type/no_cnv/0010/true_evo_events_sites_names	/raid/kang/DelSIEVE/simulation_results/IndelSIEVE_benchmark_pipeline_sa_103/benchmark_results/monovar/from_true_params/no_cnv/0010/post_processed/filtered.loci_info	/raid/kang/DelSIEVE/simulation_results/IndelSIEVE_benchmark_pipeline_sa_103/benchmark_results/simulated_data/results/data_type/no_cnv/0010/true_evo_events_genotypes_numeric	/raid/kang/DelSIEVE/simulation_results/IndelSIEVE_benchmark_pipeline_sa_103/benchmark_results/monovar/from_true_params/no_cnv/0010/post_processed/filtered.genotypes	/raid/kang/DelSIEVE/simulation_results/IndelSIEVE_benchmark_pipeline_sa_103/benchmark_results/simulated_data/results/data_type/no_cnv/0010/true_evo_events_ternary_matrix.simple	/raid/kang/DelSIEVE/simulation_results/IndelSIEVE_benchmark_pipeline_sa_103/benchmark_results/monovar/from_true_params/no_cnv/0010/post_processed/filtered.ternary	/raid/kang/DelSIEVE/simulation_results/IndelSIEVE_benchmark_pipeline_sa_103/benchmark_results/monovar/from_true_params/no_cnv/0010/post_processed/filtered.genotype_probs	7465	7	17028	3900	0.656841179058513	0.9990631691648822	0.7925890534586187	0.0004109186968007	7165	4	18053	3168	0.6934094648214458	0.9994420421258196	0.8187635698777284	0.0002215207398792	4411	208	19325	4446	0.4980241616800271	0.954968607923793	0.6546452953398635	0.010648645881329	911	1639	25635	205	0.8163082437275986	0.3572549019607843	0.496999454446263	0.0600938622864266	1116	3	40	162	293	10	26998	1099	0.2104885057471264	0.966996699669967	0.0003702606635071	0.3457227138643067	1	302	28074	23	0.0416666666666666	0.0033003300330033	0.0106427967296306	0.0061162079510703	0	0	28030	370	0.0	NA	0.0	NA	0	0	27402	998	0.0	NA	0.0	NA	816	1	42	201	0	0	28400	0	NA	NA	0.0	NA
40	20	10	0.001999	0.3	3e-05	3e-06	0.0	0001	sciphi	candidate_snvs	NA	NA	no_cnv	/raid/kang/DelSIEVE/simulation_results/IndelSIEVE_benchmark_pipeline_sa_103/benchmark_results/simulated_data/results/cell_names	/raid/kang/DelSIEVE/simulation_results/IndelSIEVE_benchmark_pipeline_sa_103/benchmark_results/sciphi/no_cnv/0001/post_processed/sciphi.cell_names	/raid/kang/DelSIEVE/simulation_results/IndelSIEVE_benchmark_pipeline_sa_103/benchmark_results/simulated_data/results/data_type/no_cnv/0001/true_evo_events_sites_names	/raid/kang/DelSIEVE/simulation_results/IndelSIEVE_benchmark_pipeline_sa_103/benchmark_results/sciphi/no_cnv/0001/post_processed/sciphi.loci_info	/raid/kang/DelSIEVE/simulation_results/IndelSIEVE_benchmark_pipeline_sa_103/benchmark_results/simulated_data/results/data_type/no_cnv/0001/true_evo_events_genotypes_numeric	/raid/kang/DelSIEVE/simulation_results/IndelSIEVE_benchmark_pipeline_sa_103/benchmark_results/sciphi/no_cnv/0001/post_processed/sciphi.genotypes	/raid/kang/DelSIEVE/simulation_results/IndelSIEVE_benchmark_pipeline_sa_103/benchmark_results/simulated_data/results/data_type/no_cnv/0001/true_evo_events_ternary_matrix.simple	/raid/kang/DelSIEVE/simulation_results/IndelSIEVE_benchmark_pipeline_sa_103/benchmark_results/sciphi/no_cnv/0001/post_processed/sciphi.ternary	/raid/kang/DelSIEVE/simulation_results/IndelSIEVE_benchmark_pipeline_sa_103/benchmark_results/sciphi/no_cnv/0001/post_processed/sciphi.genotype_probs	10319	1386	14447	2128	0.8290351088615731	0.8815890645023494	0.8545048029148725	0.0875386850249479	10187	1518	15565	993	0.9111806797853308	0.8703118325501922	0.8902774743281625	0.0888602704443013	8550	3155	15603	955	0.8995265649658075	0.730457069628364	0.8062234794908062	0.1681949035078366	0	0	26830	1433	0.0	NA	NA	0.0	1433	1386	19	1414	0	0	23531	1069	0.0	NA	0.0	NA	0	0	24591	9	0.0	NA	0.0	NA	0	0	24358	242	0.0	NA	0.0	NA	0	0	23782	818	0.0	NA	0.0	NA	695	123	223	0	0	0	24600	0	NA	NA	0.0	NA
40	20	10	0.001999	0.3	3e-05	3e-06	0.0	0002	sciphi	candidate_snvs	NA	NA	no_cnv	/raid/kang/DelSIEVE/simulation_results/IndelSIEVE_benchmark_pipeline_sa_103/benchmark_results/simulated_data/results/cell_names	/raid/kang/DelSIEVE/simulation_results/IndelSIEVE_benchmark_pipeline_sa_103/benchmark_results/sciphi/no_cnv/0002/post_processed/sciphi.cell_names	/raid/kang/DelSIEVE/simulation_results/IndelSIEVE_benchmark_pipeline_sa_103/benchmark_results/simulated_data/results/data_type/no_cnv/0002/true_evo_events_sites_names	/raid/kang/DelSIEVE/simulation_results/IndelSIEVE_benchmark_pipeline_sa_103/benchmark_results/sciphi/no_cnv/0002/post_processed/sciphi.loci_info	/raid/kang/DelSIEVE/simulation_results/IndelSIEVE_benchmark_pipeline_sa_103/benchmark_results/simulated_data/results/data_type/no_cnv/0002/true_evo_events_genotypes_numeric	/raid/kang/DelSIEVE/simulation_results/IndelSIEVE_benchmark_pipeline_sa_103/benchmark_results/sciphi/no_cnv/0002/post_processed/sciphi.genotypes	/raid/kang/DelSIEVE/simulation_results/IndelSIEVE_benchmark_pipeline_sa_103/benchmark_results/simulated_data/results/data_type/no_cnv/0002/true_evo_events_ternary_matrix.simple	/raid/kang/DelSIEVE/simulation_results/IndelSIEVE_benchmark_pipeline_sa_103/benchmark_results/sciphi/no_cnv/0002/post_processed/sciphi.ternary	/raid/kang/DelSIEVE/simulation_results/IndelSIEVE_benchmark_pipeline_sa_103/benchmark_results/sciphi/no_cnv/0002/post_processed/sciphi.genotype_probs	11530	3616	11961	1453	0.8880844180851883	0.7612570975835204	0.8197945181129794	0.2321371252487642	11225	3921	13037	370	0.9680896938335488	0.7411197675954048	0.8395347967540481	0.2312183040452883	9739	5407	13055	352	0.965117431374492	0.6430080549319952	0.7718033046717121	0.2928718448705449	0	0	27361	1192	0.0	NA	NA	0.0	1192	3616	3	1189	0	0	25500	1340	0.0	NA	0.0	NA	0	0	26832	8	0.0	NA	0.0	NA	0	0	26528	312	0.0	NA	0.0	NA	0	0	25820	1020	0.0	NA	0.0	NA	723	297	297	0	0	0	26840	0	NA	NA	0.0	NA
40	20	10	0.001999	0.3	3e-05	3e-06	0.0	0003	sciphi	candidate_snvs	NA	NA	no_cnv	/raid/kang/DelSIEVE/simulation_results/IndelSIEVE_benchmark_pipeline_sa_103/benchmark_results/simulated_data/results/cell_names	/raid/kang/DelSIEVE/simulation_results/IndelSIEVE_benchmark_pipeline_sa_103/benchmark_results/sciphi/no_cnv/0003/post_processed/sciphi.cell_names	/raid/kang/DelSIEVE/simulation_results/IndelSIEVE_benchmark_pipeline_sa_103/benchmark_results/simulated_data/results/data_type/no_cnv/0003/true_evo_events_sites_names	/raid/kang/DelSIEVE/simulation_results/IndelSIEVE_benchmark_pipeline_sa_103/benchmark_results/sciphi/no_cnv/0003/post_processed/sciphi.loci_info	/raid/kang/DelSIEVE/simulation_results/IndelSIEVE_benchmark_pipeline_sa_103/benchmark_results/simulated_data/results/data_type/no_cnv/0003/true_evo_events_genotypes_numeric	/raid/kang/DelSIEVE/simulation_results/IndelSIEVE_benchmark_pipeline_sa_103/benchmark_results/sciphi/no_cnv/0003/post_processed/sciphi.genotypes	/raid/kang/DelSIEVE/simulation_results/IndelSIEVE_benchmark_pipeline_sa_103/benchmark_results/simulated_data/results/data_type/no_cnv/0003/true_evo_events_ternary_matrix.simple	/raid/kang/DelSIEVE/simulation_results/IndelSIEVE_benchmark_pipeline_sa_103/benchmark_results/sciphi/no_cnv/0003/post_processed/sciphi.ternary	/raid/kang/DelSIEVE/simulation_results/IndelSIEVE_benchmark_pipeline_sa_103/benchmark_results/sciphi/no_cnv/0003/post_processed/sciphi.genotype_probs	11945	1181	12503	2211	0.8438118112461147	0.9100259027883588	0.8756689392273294	0.0863051739257527	11749	1377	13913	785	0.937370352640817	0.8950937071461222	0.9157443491816056	0.090058862001308	9354	3772	13941	757	0.9251310453961032	0.712631418558586	0.8050953221155915	0.2129509399875797	0	0	26044	1780	0.0	NA	NA	0.0	1780	1181	11	1769	0	0	22966	1794	0.0	NA	0.0	NA	0	0	24716	44	0.0	NA	0.0	NA	0	0	24117	643	0.0	NA	0.0	NA	0	0	23653	1107	0.0	NA	0.0	NA	914	193	626	0	0	0	24760	0	NA	NA	0.0	NA
40	20	10	0.001999	0.3	3e-05	3e-06	0.0	0004	sciphi	candidate_snvs	NA	NA	no_cnv	/raid/kang/DelSIEVE/simulation_results/IndelSIEVE_benchmark_pipeline_sa_103/benchmark_results/simulated_data/results/cell_names	/raid/kang/DelSIEVE/simulation_results/IndelSIEVE_benchmark_pipeline_sa_103/benchmark_results/sciphi/no_cnv/0004/post_processed/sciphi.cell_names	/raid/kang/DelSIEVE/simulation_results/IndelSIEVE_benchmark_pipeline_sa_103/benchmark_results/simulated_data/results/data_type/no_cnv/0004/true_evo_events_sites_names	/raid/kang/DelSIEVE/simulation_results/IndelSIEVE_benchmark_pipeline_sa_103/benchmark_results/sciphi/no_cnv/0004/post_processed/sciphi.loci_info	/raid/kang/DelSIEVE/simulation_results/IndelSIEVE_benchmark_pipeline_sa_103/benchmark_results/simulated_data/results/data_type/no_cnv/0004/true_evo_events_genotypes_numeric	/raid/kang/DelSIEVE/simulation_results/IndelSIEVE_benchmark_pipeline_sa_103/benchmark_results/sciphi/no_cnv/0004/post_processed/sciphi.genotypes	/raid/kang/DelSIEVE/simulation_results/IndelSIEVE_benchmark_pipeline_sa_103/benchmark_results/simulated_data/results/data_type/no_cnv/0004/true_evo_events_ternary_matrix.simple	/raid/kang/DelSIEVE/simulation_results/IndelSIEVE_benchmark_pipeline_sa_103/benchmark_results/sciphi/no_cnv/0004/post_processed/sciphi.ternary	/raid/kang/DelSIEVE/simulation_results/IndelSIEVE_benchmark_pipeline_sa_103/benchmark_results/sciphi/no_cnv/0004/post_processed/sciphi.genotype_probs	9512	1322	8262	1304	0.8794378698224852	0.8779767398929297	0.8787066974595843	0.1379382303839733	9347	1487	9009	548	0.9446184941889844	0.8627469078825919	0.9018283564088958	0.1416730182926829	7296	3538	9029	528	0.9325153374233128	0.6734354808934835	0.7820773930753564	0.2815309938728416	0	0	18777	1614	0.0	NA	NA	0.0	1614	1322	8	1606	0	0	17896	1144	0.0	NA	0.0	NA	0	0	19026	14	0.0	NA	0.0	NA	0	0	18583	457	0.0	NA	0.0	NA	0	0	18367	673	0.0	NA	0.0	NA	510	163	445	0	0	0	19040	0	NA	NA	0.0	NA
40	20	10	0.001999	0.3	3e-05	3e-06	0.0	0005	sciphi	candidate_snvs	NA	NA	no_cnv	/raid/kang/DelSIEVE/simulation_results/IndelSIEVE_benchmark_pipeline_sa_103/benchmark_results/simulated_data/results/cell_names	/raid/kang/DelSIEVE/simulation_results/IndelSIEVE_benchmark_pipeline_sa_103/benchmark_results/sciphi/no_cnv/0005/post_processed/sciphi.cell_names	/raid/kang/DelSIEVE/simulation_results/IndelSIEVE_benchmark_pipeline_sa_103/benchmark_results/simulated_data/results/data_type/no_cnv/0005/true_evo_events_sites_names	/raid/kang/DelSIEVE/simulation_results/IndelSIEVE_benchmark_pipeline_sa_103/benchmark_results/sciphi/no_cnv/0005/post_processed/sciphi.loci_info	/raid/kang/DelSIEVE/simulation_results/IndelSIEVE_benchmark_pipeline_sa_103/benchmark_results/simulated_data/results/data_type/no_cnv/0005/true_evo_events_genotypes_numeric	/raid/kang/DelSIEVE/simulation_results/IndelSIEVE_benchmark_pipeline_sa_103/benchmark_results/sciphi/no_cnv/0005/post_processed/sciphi.genotypes	/raid/kang/DelSIEVE/simulation_results/IndelSIEVE_benchmark_pipeline_sa_103/benchmark_results/simulated_data/results/data_type/no_cnv/0005/true_evo_events_ternary_matrix.simple	/raid/kang/DelSIEVE/simulation_results/IndelSIEVE_benchmark_pipeline_sa_103/benchmark_results/sciphi/no_cnv/0005/post_processed/sciphi.ternary	/raid/kang/DelSIEVE/simulation_results/IndelSIEVE_benchmark_pipeline_sa_103/benchmark_results/sciphi/no_cnv/0005/post_processed/sciphi.genotype_probs	8548	1070	10928	1614	0.8411729974414486	0.8887502599292992	0.8643073811931244	0.0891815302550425	8475	1143	11669	864	0.9074847414070027	0.8811603243917654	0.8941288178509258	0.0892132375897596	7163	2455	11691	842	0.8948157401623985	0.7447494281555417	0.812914940702491	0.1735472925208539	0	0	21055	1096	0.0	NA	NA	0.0	1096	1070	13	1083	0	0	19137	743	0.0	NA	0.0	NA	0	0	19878	2	0.0	NA	0.0	NA	0	0	19642	238	0.0	NA	0.0	NA	0	0	19377	503	0.0	NA	0.0	NA	431	72	229	0	0	0	19880	0	NA	NA	0.0	NA
40	20	10	0.001999	0.3	3e-05	3e-06	0.0	0006	sciphi	candidate_snvs	NA	NA	no_cnv	/raid/kang/DelSIEVE/simulation_results/IndelSIEVE_benchmark_pipeline_sa_103/benchmark_results/simulated_data/results/cell_names	/raid/kang/DelSIEVE/simulation_results/IndelSIEVE_benchmark_pipeline_sa_103/benchmark_results/sciphi/no_cnv/0006/post_processed/sciphi.cell_names	/raid/kang/DelSIEVE/simulation_results/IndelSIEVE_benchmark_pipeline_sa_103/benchmark_results/simulated_data/results/data_type/no_cnv/0006/true_evo_events_sites_names	/raid/kang/DelSIEVE/simulation_results/IndelSIEVE_benchmark_pipeline_sa_103/benchmark_results/sciphi/no_cnv/0006/post_processed/sciphi.loci_info	/raid/kang/DelSIEVE/simulation_results/IndelSIEVE_benchmark_pipeline_sa_103/benchmark_results/simulated_data/results/data_type/no_cnv/0006/true_evo_events_genotypes_numeric	/raid/kang/DelSIEVE/simulation_results/IndelSIEVE_benchmark_pipeline_sa_103/benchmark_results/sciphi/no_cnv/0006/post_processed/sciphi.genotypes	/raid/kang/DelSIEVE/simulation_results/IndelSIEVE_benchmark_pipeline_sa_103/benchmark_results/simulated_data/results/data_type/no_cnv/0006/true_evo_events_ternary_matrix.simple	/raid/kang/DelSIEVE/simulation_results/IndelSIEVE_benchmark_pipeline_sa_103/benchmark_results/sciphi/no_cnv/0006/post_processed/sciphi.ternary	/raid/kang/DelSIEVE/simulation_results/IndelSIEVE_benchmark_pipeline_sa_103/benchmark_results/sciphi/no_cnv/0006/post_processed/sciphi.genotype_probs	7826	1844	17139	1711	0.8205934780329244	0.8093071354705274	0.8149112302806268	0.0971395459094979	7692	1978	17912	935	0.8916193346470384	0.7954498448810755	0.8407935727168389	0.0994469582704876	6952	2718	17923	924	0.88268156424581	0.7189245087900724	0.7924313233785477	0.1316796666828157	0	0	27882	635	0.0	NA	NA	0.0	635	1844	8	627	0	0	22947	773	0.0	NA	0.0	NA	0	0	23714	6	0.0	NA	0.0	NA	0	0	23604	116	0.0	NA	0.0	NA	0	0	23069	651	0.0	NA	0.0	NA	520	131	113	0	0	0	23720	0	NA	NA	0.0	NA
40	20	10	0.001999	0.3	3e-05	3e-06	0.0	0007	sciphi	candidate_snvs	NA	NA	no_cnv	/raid/kang/DelSIEVE/simulation_results/IndelSIEVE_benchmark_pipeline_sa_103/benchmark_results/simulated_data/results/cell_names	/raid/kang/DelSIEVE/simulation_results/IndelSIEVE_benchmark_pipeline_sa_103/benchmark_results/sciphi/no_cnv/0007/post_processed/sciphi.cell_names	/raid/kang/DelSIEVE/simulation_results/IndelSIEVE_benchmark_pipeline_sa_103/benchmark_results/simulated_data/results/data_type/no_cnv/0007/true_evo_events_sites_names	/raid/kang/DelSIEVE/simulation_results/IndelSIEVE_benchmark_pipeline_sa_103/benchmark_results/sciphi/no_cnv/0007/post_processed/sciphi.loci_info	/raid/kang/DelSIEVE/simulation_results/IndelSIEVE_benchmark_pipeline_sa_103/benchmark_results/simulated_data/results/data_type/no_cnv/0007/true_evo_events_genotypes_numeric	/raid/kang/DelSIEVE/simulation_results/IndelSIEVE_benchmark_pipeline_sa_103/benchmark_results/sciphi/no_cnv/0007/post_processed/sciphi.genotypes	/raid/kang/DelSIEVE/simulation_results/IndelSIEVE_benchmark_pipeline_sa_103/benchmark_results/simulated_data/results/data_type/no_cnv/0007/true_evo_events_ternary_matrix.simple	/raid/kang/DelSIEVE/simulation_results/IndelSIEVE_benchmark_pipeline_sa_103/benchmark_results/sciphi/no_cnv/0007/post_processed/sciphi.ternary	/raid/kang/DelSIEVE/simulation_results/IndelSIEVE_benchmark_pipeline_sa_103/benchmark_results/sciphi/no_cnv/0007/post_processed/sciphi.genotype_probs	10348	769	13535	2028	0.8361344537815126	0.9308266618692094	0.880943259694377	0.0537611856823266	10244	873	14558	994	0.9115500978821854	0.921471620041378	0.91648400805189	0.0565744280992806	8462	2655	14598	954	0.8986830926083262	0.7611765764145003	0.8242341596454489	0.153886280646844	0	0	25212	1457	0.0	NA	NA	0.0	1457	769	23	1434	0	0	22450	1030	0.0	NA	0.0	NA	0	0	23473	7	0.0	NA	0.0	NA	0	0	23115	365	0.0	NA	0.0	NA	0	0	22822	658	0.0	NA	0.0	NA	555	103	348	0	0	0	23480	0	NA	NA	0.0	NA
40	20	10	0.001999	0.3	3e-05	3e-06	0.0	0008	sciphi	candidate_snvs	NA	NA	no_cnv	/raid/kang/DelSIEVE/simulation_results/IndelSIEVE_benchmark_pipeline_sa_103/benchmark_results/simulated_data/results/cell_names	/raid/kang/DelSIEVE/simulation_results/IndelSIEVE_benchmark_pipeline_sa_103/benchmark_results/sciphi/no_cnv/0008/post_processed/sciphi.cell_names	/raid/kang/DelSIEVE/simulation_results/IndelSIEVE_benchmark_pipeline_sa_103/benchmark_results/simulated_data/results/data_type/no_cnv/0008/true_evo_events_sites_names	/raid/kang/DelSIEVE/simulation_results/IndelSIEVE_benchmark_pipeline_sa_103/benchmark_results/sciphi/no_cnv/0008/post_processed/sciphi.loci_info	/raid/kang/DelSIEVE/simulation_results/IndelSIEVE_benchmark_pipeline_sa_103/benchmark_results/simulated_data/results/data_type/no_cnv/0008/true_evo_events_genotypes_numeric	/raid/kang/DelSIEVE/simulation_results/IndelSIEVE_benchmark_pipeline_sa_103/benchmark_results/sciphi/no_cnv/0008/post_processed/sciphi.genotypes	/raid/kang/DelSIEVE/simulation_results/IndelSIEVE_benchmark_pipeline_sa_103/benchmark_results/simulated_data/results/data_type/no_cnv/0008/true_evo_events_ternary_matrix.simple	/raid/kang/DelSIEVE/simulation_results/IndelSIEVE_benchmark_pipeline_sa_103/benchmark_results/sciphi/no_cnv/0008/post_processed/sciphi.ternary	/raid/kang/DelSIEVE/simulation_results/IndelSIEVE_benchmark_pipeline_sa_103/benchmark_results/sciphi/no_cnv/0008/post_processed/sciphi.genotype_probs	8755	2665	15555	1505	0.8533138401559455	0.7666374781085814	0.8076568265682658	0.1462678375411635	8615	2805	16298	751	0.919816357036088	0.7543782837127846	0.828923313768883	0.1468355755640475	7706	3714	16314	735	0.9129250088852032	0.6747810858143608	0.7759931524092444	0.1854403834631516	0	0	27695	774	0.0	NA	NA	0.0	774	2665	5	769	0	0	23573	747	0.0	NA	0.0	NA	0	0	24320	0	NA	NA	0.0	NA	0	0	24169	151	0.0	NA	0.0	NA	0	0	23724	596	0.0	NA	0.0	NA	456	140	140	0	0	0	24320	0	NA	NA	0.0	NA
40	20	10	0.001999	0.3	3e-05	3e-06	0.0	0009	sciphi	candidate_snvs	NA	NA	no_cnv	/raid/kang/DelSIEVE/simulation_results/IndelSIEVE_benchmark_pipeline_sa_103/benchmark_results/simulated_data/results/cell_names	/raid/kang/DelSIEVE/simulation_results/IndelSIEVE_benchmark_pipeline_sa_103/benchmark_results/sciphi/no_cnv/0009/post_processed/sciphi.cell_names	/raid/kang/DelSIEVE/simulation_results/IndelSIEVE_benchmark_pipeline_sa_103/benchmark_results/simulated_data/results/data_type/no_cnv/0009/true_evo_events_sites_names	/raid/kang/DelSIEVE/simulation_results/IndelSIEVE_benchmark_pipeline_sa_103/benchmark_results/sciphi/no_cnv/0009/post_processed/sciphi.loci_info	/raid/kang/DelSIEVE/simulation_results/IndelSIEVE_benchmark_pipeline_sa_103/benchmark_results/simulated_data/results/data_type/no_cnv/0009/true_evo_events_genotypes_numeric	/raid/kang/DelSIEVE/simulation_results/IndelSIEVE_benchmark_pipeline_sa_103/benchmark_results/sciphi/no_cnv/0009/post_processed/sciphi.genotypes	/raid/kang/DelSIEVE/simulation_results/IndelSIEVE_benchmark_pipeline_sa_103/benchmark_results/simulated_data/results/data_type/no_cnv/0009/true_evo_events_ternary_matrix.simple	/raid/kang/DelSIEVE/simulation_results/IndelSIEVE_benchmark_pipeline_sa_103/benchmark_results/sciphi/no_cnv/0009/post_processed/sciphi.ternary	/raid/kang/DelSIEVE/simulation_results/IndelSIEVE_benchmark_pipeline_sa_103/benchmark_results/sciphi/no_cnv/0009/post_processed/sciphi.genotype_probs	12530	582	13307	2061	0.8587485436227812	0.9556131787675411	0.9045951701981736	0.0419036647706818	12453	659	14302	1066	0.921148013906354	0.9497406955460648	0.9352258645938945	0.0440478577635184	10142	2970	14333	1035	0.9073991231994274	0.7734899328859061	0.8351105438675944	0.1716465352828989	0	0	26729	1751	0.0	NA	NA	0.0	1751	582	14	1737	0	0	24362	1518	0.0	NA	0.0	NA	0	0	25856	24	0.0	NA	0.0	NA	0	0	25289	591	0.0	NA	0.0	NA	0	0	24977	903	0.0	NA	0.0	NA	833	70	574	0	0	0	25880	0	NA	NA	0.0	NA
40	20	10	0.001999	0.3	3e-05	3e-06	0.0	0010	sciphi	candidate_snvs	NA	NA	no_cnv	/raid/kang/DelSIEVE/simulation_results/IndelSIEVE_benchmark_pipeline_sa_103/benchmark_results/simulated_data/results/cell_names	/raid/kang/DelSIEVE/simulation_results/IndelSIEVE_benchmark_pipeline_sa_103/benchmark_results/sciphi/no_cnv/0010/post_processed/sciphi.cell_names	/raid/kang/DelSIEVE/simulation_results/IndelSIEVE_benchmark_pipeline_sa_103/benchmark_results/simulated_data/results/data_type/no_cnv/0010/true_evo_events_sites_names	/raid/kang/DelSIEVE/simulation_results/IndelSIEVE_benchmark_pipeline_sa_103/benchmark_results/sciphi/no_cnv/0010/post_processed/sciphi.loci_info	/raid/kang/DelSIEVE/simulation_results/IndelSIEVE_benchmark_pipeline_sa_103/benchmark_results/simulated_data/results/data_type/no_cnv/0010/true_evo_events_genotypes_numeric	/raid/kang/DelSIEVE/simulation_results/IndelSIEVE_benchmark_pipeline_sa_103/benchmark_results/sciphi/no_cnv/0010/post_processed/sciphi.genotypes	/raid/kang/DelSIEVE/simulation_results/IndelSIEVE_benchmark_pipeline_sa_103/benchmark_results/simulated_data/results/data_type/no_cnv/0010/true_evo_events_ternary_matrix.simple	/raid/kang/DelSIEVE/simulation_results/IndelSIEVE_benchmark_pipeline_sa_103/benchmark_results/sciphi/no_cnv/0010/post_processed/sciphi.ternary	/raid/kang/DelSIEVE/simulation_results/IndelSIEVE_benchmark_pipeline_sa_103/benchmark_results/sciphi/no_cnv/0010/post_processed/sciphi.genotype_probs	9416	817	16218	1949	0.8285085789705235	0.9201602658067038	0.871932586350588	0.0479600821837393	9279	954	17103	1054	0.8979967095712765	0.9067722075637644	0.9023631236020616	0.0528326964612061	7838	2395	17138	1019	0.8849497572541493	0.7659532883807291	0.8211629125196438	0.1226130138739569	0	0	27274	1116	0.0	NA	NA	0.0	1116	817	16	1100	0	0	21979	1021	0.0	NA	0.0	NA	0	0	22999	1	0.0	NA	0.0	NA	0	0	22640	360	0.0	NA	0.0	NA	0	0	22340	660	0.0	NA	0.0	NA	524	136	341	0	0	0	23000	0	NA	NA	0.0	NA
40	20	10	0.001999	0.3	3e-05	3e-06	0.0	0001	sciphin	candidate_snvs	NA	NA	no_cnv	/raid/kang/DelSIEVE/simulation_results/IndelSIEVE_benchmark_pipeline_sa_103/benchmark_results/simulated_data/results/cell_names	/raid/kang/DelSIEVE/simulation_results/IndelSIEVE_benchmark_pipeline_sa_103/benchmark_results/sciphin/no_cnv/0001/post_processed/sciphin.cell_names	/raid/kang/DelSIEVE/simulation_results/IndelSIEVE_benchmark_pipeline_sa_103/benchmark_results/simulated_data/results/data_type/no_cnv/0001/true_evo_events_sites_names	/raid/kang/DelSIEVE/simulation_results/IndelSIEVE_benchmark_pipeline_sa_103/benchmark_results/sciphin/no_cnv/0001/post_processed/sciphin.loci_info	/raid/kang/DelSIEVE/simulation_results/IndelSIEVE_benchmark_pipeline_sa_103/benchmark_results/simulated_data/results/data_type/no_cnv/0001/true_evo_events_genotypes_numeric	/raid/kang/DelSIEVE/simulation_results/IndelSIEVE_benchmark_pipeline_sa_103/benchmark_results/sciphin/no_cnv/0001/post_processed/sciphin.genotypes	/raid/kang/DelSIEVE/simulation_results/IndelSIEVE_benchmark_pipeline_sa_103/benchmark_results/simulated_data/results/data_type/no_cnv/0001/true_evo_events_ternary_matrix.simple	/raid/kang/DelSIEVE/simulation_results/IndelSIEVE_benchmark_pipeline_sa_103/benchmark_results/sciphin/no_cnv/0001/post_processed/sciphin.ternary	/raid/kang/DelSIEVE/simulation_results/IndelSIEVE_benchmark_pipeline_sa_103/benchmark_results/sciphin/no_cnv/0001/post_processed/sciphin.genotype_probs	10358	400	15433	2089	0.8321683939905198	0.9628183677263432	0.8927386339151044	0.0252636897618897	10331	427	16656	849	0.9240608228980322	0.9603086075478714	0.941836083508068	0.0249956096704325	8685	2073	16685	820	0.9137296159915834	0.8073061907417736	0.8572274589152643	0.1105128478515833	0	0	26830	1433	0.0	NA	NA	0.0	1433	400	10	1423	0	0	23531	1069	0.0	NA	0.0	NA	0	0	24591	9	0.0	NA	0.0	NA	0	0	24358	242	0.0	NA	0.0	NA	0	0	23782	818	0.0	NA	0.0	NA	791	27	223	0	0	0	24600	0	NA	NA	0.0	NA
40	20	10	0.001999	0.3	3e-05	3e-06	0.0	0002	sciphin	candidate_snvs	NA	NA	no_cnv	/raid/kang/DelSIEVE/simulation_results/IndelSIEVE_benchmark_pipeline_sa_103/benchmark_results/simulated_data/results/cell_names	/raid/kang/DelSIEVE/simulation_results/IndelSIEVE_benchmark_pipeline_sa_103/benchmark_results/sciphin/no_cnv/0002/post_processed/sciphin.cell_names	/raid/kang/DelSIEVE/simulation_results/IndelSIEVE_benchmark_pipeline_sa_103/benchmark_results/simulated_data/results/data_type/no_cnv/0002/true_evo_events_sites_names	/raid/kang/DelSIEVE/simulation_results/IndelSIEVE_benchmark_pipeline_sa_103/benchmark_results/sciphin/no_cnv/0002/post_processed/sciphin.loci_info	/raid/kang/DelSIEVE/simulation_results/IndelSIEVE_benchmark_pipeline_sa_103/benchmark_results/simulated_data/results/data_type/no_cnv/0002/true_evo_events_genotypes_numeric	/raid/kang/DelSIEVE/simulation_results/IndelSIEVE_benchmark_pipeline_sa_103/benchmark_results/sciphin/no_cnv/0002/post_processed/sciphin.genotypes	/raid/kang/DelSIEVE/simulation_results/IndelSIEVE_benchmark_pipeline_sa_103/benchmark_results/simulated_data/results/data_type/no_cnv/0002/true_evo_events_ternary_matrix.simple	/raid/kang/DelSIEVE/simulation_results/IndelSIEVE_benchmark_pipeline_sa_103/benchmark_results/sciphin/no_cnv/0002/post_processed/sciphin.ternary	/raid/kang/DelSIEVE/simulation_results/IndelSIEVE_benchmark_pipeline_sa_103/benchmark_results/sciphin/no_cnv/0002/post_processed/sciphin.genotype_probs	11161	391	15186	1822	0.8596626357544481	0.9661530470914128	0.9098023232117384	0.0251011106117994	11114	438	16520	481	0.9585166019836135	0.962084487534626	0.9602972307426448	0.0258285175138577	9632	1920	16542	459	0.9545139232979885	0.8337950138504155	0.8900799334657857	0.1039974000649983	0	0	27361	1192	0.0	NA	NA	0.0	1192	391	3	1189	0	0	25500	1340	0.0	NA	0.0	NA	0	0	26832	8	0.0	NA	0.0	NA	0	0	26528	312	0.0	NA	0.0	NA	0	0	25820	1020	0.0	NA	0.0	NA	973	47	293	0	0	0	26840	0	NA	NA	0.0	NA
40	20	10	0.001999	0.3	3e-05	3e-06	0.0	0003	sciphin	candidate_snvs	NA	NA	no_cnv	/raid/kang/DelSIEVE/simulation_results/IndelSIEVE_benchmark_pipeline_sa_103/benchmark_results/simulated_data/results/cell_names	/raid/kang/DelSIEVE/simulation_results/IndelSIEVE_benchmark_pipeline_sa_103/benchmark_results/sciphin/no_cnv/0003/post_processed/sciphin.cell_names	/raid/kang/DelSIEVE/simulation_results/IndelSIEVE_benchmark_pipeline_sa_103/benchmark_results/simulated_data/results/data_type/no_cnv/0003/true_evo_events_sites_names	/raid/kang/DelSIEVE/simulation_results/IndelSIEVE_benchmark_pipeline_sa_103/benchmark_results/sciphin/no_cnv/0003/post_processed/sciphin.loci_info	/raid/kang/DelSIEVE/simulation_results/IndelSIEVE_benchmark_pipeline_sa_103/benchmark_results/simulated_data/results/data_type/no_cnv/0003/true_evo_events_genotypes_numeric	/raid/kang/DelSIEVE/simulation_results/IndelSIEVE_benchmark_pipeline_sa_103/benchmark_results/sciphin/no_cnv/0003/post_processed/sciphin.genotypes	/raid/kang/DelSIEVE/simulation_results/IndelSIEVE_benchmark_pipeline_sa_103/benchmark_results/simulated_data/results/data_type/no_cnv/0003/true_evo_events_ternary_matrix.simple	/raid/kang/DelSIEVE/simulation_results/IndelSIEVE_benchmark_pipeline_sa_103/benchmark_results/sciphin/no_cnv/0003/post_processed/sciphin.ternary	/raid/kang/DelSIEVE/simulation_results/IndelSIEVE_benchmark_pipeline_sa_103/benchmark_results/sciphin/no_cnv/0003/post_processed/sciphin.genotype_probs	11926	269	13415	2230	0.8424696241876236	0.977941779417794	0.9051648893780122	0.0196579947383805	11893	302	14988	641	0.9488591032391894	0.9752357523575236	0.9618666343159852	0.0197514715500327	9492	2703	15010	619	0.9387795470279892	0.7783517835178352	0.8510714605935622	0.1525997854683001	0	0	26044	1780	0.0	NA	NA	0.0	1780	269	5	1775	0	0	22966	1794	0.0	NA	0.0	NA	0	0	24716	44	0.0	NA	0.0	NA	0	0	24117	643	0.0	NA	0.0	NA	0	0	23653	1107	0.0	NA	0.0	NA	1075	32	626	0	0	0	24760	0	NA	NA	0.0	NA
40	20	10	0.001999	0.3	3e-05	3e-06	0.0	0004	sciphin	candidate_snvs	NA	NA	no_cnv	/raid/kang/DelSIEVE/simulation_results/IndelSIEVE_benchmark_pipeline_sa_103/benchmark_results/simulated_data/results/cell_names	/raid/kang/DelSIEVE/simulation_results/IndelSIEVE_benchmark_pipeline_sa_103/benchmark_results/sciphin/no_cnv/0004/post_processed/sciphin.cell_names	/raid/kang/DelSIEVE/simulation_results/IndelSIEVE_benchmark_pipeline_sa_103/benchmark_results/simulated_data/results/data_type/no_cnv/0004/true_evo_events_sites_names	/raid/kang/DelSIEVE/simulation_results/IndelSIEVE_benchmark_pipeline_sa_103/benchmark_results/sciphin/no_cnv/0004/post_processed/sciphin.loci_info	/raid/kang/DelSIEVE/simulation_results/IndelSIEVE_benchmark_pipeline_sa_103/benchmark_results/simulated_data/results/data_type/no_cnv/0004/true_evo_events_genotypes_numeric	/raid/kang/DelSIEVE/simulation_results/IndelSIEVE_benchmark_pipeline_sa_103/benchmark_results/sciphin/no_cnv/0004/post_processed/sciphin.genotypes	/raid/kang/DelSIEVE/simulation_results/IndelSIEVE_benchmark_pipeline_sa_103/benchmark_results/simulated_data/results/data_type/no_cnv/0004/true_evo_events_ternary_matrix.simple	/raid/kang/DelSIEVE/simulation_results/IndelSIEVE_benchmark_pipeline_sa_103/benchmark_results/sciphin/no_cnv/0004/post_processed/sciphin.ternary	/raid/kang/DelSIEVE/simulation_results/IndelSIEVE_benchmark_pipeline_sa_103/benchmark_results/sciphin/no_cnv/0004/post_processed/sciphin.genotype_probs	9478	266	9318	1338	0.8762943786982249	0.9727011494252874	0.9219844357976652	0.0277545909849749	9428	316	10180	467	0.9528044466902476	0.9675697865353038	0.9601303528692908	0.0301067073170731	7370	2374	10193	454	0.9419734151329244	0.7563628899835796	0.8390255009107467	0.1889074560356489	0	0	18777	1614	0.0	NA	NA	0.0	1614	266	4	1610	0	0	17896	1144	0.0	NA	0.0	NA	0	0	19026	14	0.0	NA	0.0	NA	0	0	18583	457	0.0	NA	0.0	NA	0	0	18367	673	0.0	NA	0.0	NA	624	49	448	0	0	0	19040	0	NA	NA	0.0	NA
40	20	10	0.001999	0.3	3e-05	3e-06	0.0	0005	sciphin	candidate_snvs	NA	NA	no_cnv	/raid/kang/DelSIEVE/simulation_results/IndelSIEVE_benchmark_pipeline_sa_103/benchmark_results/simulated_data/results/cell_names	/raid/kang/DelSIEVE/simulation_results/IndelSIEVE_benchmark_pipeline_sa_103/benchmark_results/sciphin/no_cnv/0005/post_processed/sciphin.cell_names	/raid/kang/DelSIEVE/simulation_results/IndelSIEVE_benchmark_pipeline_sa_103/benchmark_results/simulated_data/results/data_type/no_cnv/0005/true_evo_events_sites_names	/raid/kang/DelSIEVE/simulation_results/IndelSIEVE_benchmark_pipeline_sa_103/benchmark_results/sciphin/no_cnv/0005/post_processed/sciphin.loci_info	/raid/kang/DelSIEVE/simulation_results/IndelSIEVE_benchmark_pipeline_sa_103/benchmark_results/simulated_data/results/data_type/no_cnv/0005/true_evo_events_genotypes_numeric	/raid/kang/DelSIEVE/simulation_results/IndelSIEVE_benchmark_pipeline_sa_103/benchmark_results/sciphin/no_cnv/0005/post_processed/sciphin.genotypes	/raid/kang/DelSIEVE/simulation_results/IndelSIEVE_benchmark_pipeline_sa_103/benchmark_results/simulated_data/results/data_type/no_cnv/0005/true_evo_events_ternary_matrix.simple	/raid/kang/DelSIEVE/simulation_results/IndelSIEVE_benchmark_pipeline_sa_103/benchmark_results/sciphin/no_cnv/0005/post_processed/sciphin.ternary	/raid/kang/DelSIEVE/simulation_results/IndelSIEVE_benchmark_pipeline_sa_103/benchmark_results/sciphin/no_cnv/0005/post_processed/sciphin.genotype_probs	8800	367	11631	1362	0.8659712654989176	0.9599650921784664	0.9105489161363756	0.0305884314052342	8767	400	12412	572	0.9387514723203768	0.956365223082797	0.9474764941100184	0.0312207305650952	7442	1725	12421	563	0.9296689569019364	0.8118250245445621	0.8667598416026088	0.1219425986144493	0	0	21055	1096	0.0	NA	NA	0.0	1096	367	5	1091	0	0	19137	743	0.0	NA	0.0	NA	0	0	19878	2	0.0	NA	0.0	NA	0	0	19642	238	0.0	NA	0.0	NA	0	0	19377	503	0.0	NA	0.0	NA	472	31	234	0	0	0	19880	0	NA	NA	0.0	NA
40	20	10	0.001999	0.3	3e-05	3e-06	0.0	0006	sciphin	candidate_snvs	NA	NA	no_cnv	/raid/kang/DelSIEVE/simulation_results/IndelSIEVE_benchmark_pipeline_sa_103/benchmark_results/simulated_data/results/cell_names	/raid/kang/DelSIEVE/simulation_results/IndelSIEVE_benchmark_pipeline_sa_103/benchmark_results/sciphin/no_cnv/0006/post_processed/sciphin.cell_names	/raid/kang/DelSIEVE/simulation_results/IndelSIEVE_benchmark_pipeline_sa_103/benchmark_results/simulated_data/results/data_type/no_cnv/0006/true_evo_events_sites_names	/raid/kang/DelSIEVE/simulation_results/IndelSIEVE_benchmark_pipeline_sa_103/benchmark_results/sciphin/no_cnv/0006/post_processed/sciphin.loci_info	/raid/kang/DelSIEVE/simulation_results/IndelSIEVE_benchmark_pipeline_sa_103/benchmark_results/simulated_data/results/data_type/no_cnv/0006/true_evo_events_genotypes_numeric	/raid/kang/DelSIEVE/simulation_results/IndelSIEVE_benchmark_pipeline_sa_103/benchmark_results/sciphin/no_cnv/0006/post_processed/sciphin.genotypes	/raid/kang/DelSIEVE/simulation_results/IndelSIEVE_benchmark_pipeline_sa_103/benchmark_results/simulated_data/results/data_type/no_cnv/0006/true_evo_events_ternary_matrix.simple	/raid/kang/DelSIEVE/simulation_results/IndelSIEVE_benchmark_pipeline_sa_103/benchmark_results/sciphin/no_cnv/0006/post_processed/sciphin.ternary	/raid/kang/DelSIEVE/simulation_results/IndelSIEVE_benchmark_pipeline_sa_103/benchmark_results/sciphin/no_cnv/0006/post_processed/sciphin.genotype_probs	7881	577	18406	1656	0.8263604907203523	0.9317805627807992	0.8759099749930536	0.0303956171311173	7843	615	19275	784	0.9091225223136664	0.9272877748876804	0.918115305823822	0.030920060331825	7106	1352	19289	770	0.9022346368715084	0.8401513360132419	0.8700869352271335	0.0655007024853447	0	0	27882	635	0.0	NA	NA	0.0	635	577	6	629	0	0	22947	773	0.0	NA	0.0	NA	0	0	23714	6	0.0	NA	0.0	NA	0	0	23604	116	0.0	NA	0.0	NA	0	0	23069	651	0.0	NA	0.0	NA	613	38	108	0	0	0	23720	0	NA	NA	0.0	NA
40	20	10	0.001999	0.3	3e-05	3e-06	0.0	0007	sciphin	candidate_snvs	NA	NA	no_cnv	/raid/kang/DelSIEVE/simulation_results/IndelSIEVE_benchmark_pipeline_sa_103/benchmark_results/simulated_data/results/cell_names	/raid/kang/DelSIEVE/simulation_results/IndelSIEVE_benchmark_pipeline_sa_103/benchmark_results/sciphin/no_cnv/0007/post_processed/sciphin.cell_names	/raid/kang/DelSIEVE/simulation_results/IndelSIEVE_benchmark_pipeline_sa_103/benchmark_results/simulated_data/results/data_type/no_cnv/0007/true_evo_events_sites_names	/raid/kang/DelSIEVE/simulation_results/IndelSIEVE_benchmark_pipeline_sa_103/benchmark_results/sciphin/no_cnv/0007/post_processed/sciphin.loci_info	/raid/kang/DelSIEVE/simulation_results/IndelSIEVE_benchmark_pipeline_sa_103/benchmark_results/simulated_data/results/data_type/no_cnv/0007/true_evo_events_genotypes_numeric	/raid/kang/DelSIEVE/simulation_results/IndelSIEVE_benchmark_pipeline_sa_103/benchmark_results/sciphin/no_cnv/0007/post_processed/sciphin.genotypes	/raid/kang/DelSIEVE/simulation_results/IndelSIEVE_benchmark_pipeline_sa_103/benchmark_results/simulated_data/results/data_type/no_cnv/0007/true_evo_events_ternary_matrix.simple	/raid/kang/DelSIEVE/simulation_results/IndelSIEVE_benchmark_pipeline_sa_103/benchmark_results/sciphin/no_cnv/0007/post_processed/sciphin.ternary	/raid/kang/DelSIEVE/simulation_results/IndelSIEVE_benchmark_pipeline_sa_103/benchmark_results/sciphin/no_cnv/0007/post_processed/sciphin.genotype_probs	10359	230	14074	2017	0.8370232708468003	0.9782793464916424	0.9021554539516656	0.016079418344519	10325	264	15167	913	0.9187577860829328	0.9750684672773632	0.9460759609657764	0.0171084181193701	8528	2061	15192	888	0.9056924384027188	0.8053640570403249	0.8525868532866783	0.1194574856546687	0	0	25212	1457	0.0	NA	NA	0.0	1457	230	8	1449	0	0	22450	1030	0.0	NA	0.0	NA	0	0	23473	7	0.0	NA	0.0	NA	0	0	23115	365	0.0	NA	0.0	NA	0	0	22822	658	0.0	NA	0.0	NA	625	33	348	0	0	0	23480	0	NA	NA	0.0	NA
40	20	10	0.001999	0.3	3e-05	3e-06	0.0	0008	sciphin	candidate_snvs	NA	NA	no_cnv	/raid/kang/DelSIEVE/simulation_results/IndelSIEVE_benchmark_pipeline_sa_103/benchmark_results/simulated_data/results/cell_names	/raid/kang/DelSIEVE/simulation_results/IndelSIEVE_benchmark_pipeline_sa_103/benchmark_results/sciphin/no_cnv/0008/post_processed/sciphin.cell_names	/raid/kang/DelSIEVE/simulation_results/IndelSIEVE_benchmark_pipeline_sa_103/benchmark_results/simulated_data/results/data_type/no_cnv/0008/true_evo_events_sites_names	/raid/kang/DelSIEVE/simulation_results/IndelSIEVE_benchmark_pipeline_sa_103/benchmark_results/sciphin/no_cnv/0008/post_processed/sciphin.loci_info	/raid/kang/DelSIEVE/simulation_results/IndelSIEVE_benchmark_pipeline_sa_103/benchmark_results/simulated_data/results/data_type/no_cnv/0008/true_evo_events_genotypes_numeric	/raid/kang/DelSIEVE/simulation_results/IndelSIEVE_benchmark_pipeline_sa_103/benchmark_results/sciphin/no_cnv/0008/post_processed/sciphin.genotypes	/raid/kang/DelSIEVE/simulation_results/IndelSIEVE_benchmark_pipeline_sa_103/benchmark_results/simulated_data/results/data_type/no_cnv/0008/true_evo_events_ternary_matrix.simple	/raid/kang/DelSIEVE/simulation_results/IndelSIEVE_benchmark_pipeline_sa_103/benchmark_results/sciphin/no_cnv/0008/post_processed/sciphin.ternary	/raid/kang/DelSIEVE/simulation_results/IndelSIEVE_benchmark_pipeline_sa_103/benchmark_results/sciphin/no_cnv/0008/post_processed/sciphin.genotype_probs	8654	465	17755	1606	0.8434697855750487	0.9490075666191468	0.8931317405438878	0.0255214050493962	8614	505	18598	752	0.9197095878710227	0.944621120736923	0.9319989180416554	0.026435638381406	7705	1414	18614	736	0.9128065395095368	0.8449391380633842	0.8775626423690205	0.0706011583782704	0	0	27695	774	0.0	NA	NA	0.0	774	465	3	771	0	0	23573	747	0.0	NA	0.0	NA	0	0	24320	0	NA	NA	0.0	NA	0	0	24169	151	0.0	NA	0.0	NA	0	0	23724	596	0.0	NA	0.0	NA	556	40	138	0	0	0	24320	0	NA	NA	0.0	NA
40	20	10	0.001999	0.3	3e-05	3e-06	0.0	0009	sciphin	candidate_snvs	NA	NA	no_cnv	/raid/kang/DelSIEVE/simulation_results/IndelSIEVE_benchmark_pipeline_sa_103/benchmark_results/simulated_data/results/cell_names	/raid/kang/DelSIEVE/simulation_results/IndelSIEVE_benchmark_pipeline_sa_103/benchmark_results/sciphin/no_cnv/0009/post_processed/sciphin.cell_names	/raid/kang/DelSIEVE/simulation_results/IndelSIEVE_benchmark_pipeline_sa_103/benchmark_results/simulated_data/results/data_type/no_cnv/0009/true_evo_events_sites_names	/raid/kang/DelSIEVE/simulation_results/IndelSIEVE_benchmark_pipeline_sa_103/benchmark_results/sciphin/no_cnv/0009/post_processed/sciphin.loci_info	/raid/kang/DelSIEVE/simulation_results/IndelSIEVE_benchmark_pipeline_sa_103/benchmark_results/simulated_data/results/data_type/no_cnv/0009/true_evo_events_genotypes_numeric	/raid/kang/DelSIEVE/simulation_results/IndelSIEVE_benchmark_pipeline_sa_103/benchmark_results/sciphin/no_cnv/0009/post_processed/sciphin.genotypes	/raid/kang/DelSIEVE/simulation_results/IndelSIEVE_benchmark_pipeline_sa_103/benchmark_results/simulated_data/results/data_type/no_cnv/0009/true_evo_events_ternary_matrix.simple	/raid/kang/DelSIEVE/simulation_results/IndelSIEVE_benchmark_pipeline_sa_103/benchmark_results/sciphin/no_cnv/0009/post_processed/sciphin.ternary	/raid/kang/DelSIEVE/simulation_results/IndelSIEVE_benchmark_pipeline_sa_103/benchmark_results/sciphin/no_cnv/0009/post_processed/sciphin.genotype_probs	12904	308	13581	1687	0.8843807826742512	0.9766878595216468	0.928245153400712	0.0221758225934192	12867	345	14616	652	0.9517715807382204	0.9738873751135332	0.9627024802663574	0.0230599558853017	10538	2674	14629	639	0.942829023888342	0.7976082349379352	0.8641600721636803	0.1545396752008322	0	0	26729	1751	0.0	NA	NA	0.0	1751	308	3	1748	0	0	24362	1518	0.0	NA	0.0	NA	0	0	25856	24	0.0	NA	0.0	NA	0	0	25289	591	0.0	NA	0.0	NA	0	0	24977	903	0.0	NA	0.0	NA	873	30	581	0	0	0	25880	0	NA	NA	0.0	NA
40	20	10	0.001999	0.3	3e-05	3e-06	0.0	0010	sciphin	candidate_snvs	NA	NA	no_cnv	/raid/kang/DelSIEVE/simulation_results/IndelSIEVE_benchmark_pipeline_sa_103/benchmark_results/simulated_data/results/cell_names	/raid/kang/DelSIEVE/simulation_results/IndelSIEVE_benchmark_pipeline_sa_103/benchmark_results/sciphin/no_cnv/0010/post_processed/sciphin.cell_names	/raid/kang/DelSIEVE/simulation_results/IndelSIEVE_benchmark_pipeline_sa_103/benchmark_results/simulated_data/results/data_type/no_cnv/0010/true_evo_events_sites_names	/raid/kang/DelSIEVE/simulation_results/IndelSIEVE_benchmark_pipeline_sa_103/benchmark_results/sciphin/no_cnv/0010/post_processed/sciphin.loci_info	/raid/kang/DelSIEVE/simulation_results/IndelSIEVE_benchmark_pipeline_sa_103/benchmark_results/simulated_data/results/data_type/no_cnv/0010/true_evo_events_genotypes_numeric	/raid/kang/DelSIEVE/simulation_results/IndelSIEVE_benchmark_pipeline_sa_103/benchmark_results/sciphin/no_cnv/0010/post_processed/sciphin.genotypes	/raid/kang/DelSIEVE/simulation_results/IndelSIEVE_benchmark_pipeline_sa_103/benchmark_results/simulated_data/results/data_type/no_cnv/0010/true_evo_events_ternary_matrix.simple	/raid/kang/DelSIEVE/simulation_results/IndelSIEVE_benchmark_pipeline_sa_103/benchmark_results/sciphin/no_cnv/0010/post_processed/sciphin.ternary	/raid/kang/DelSIEVE/simulation_results/IndelSIEVE_benchmark_pipeline_sa_103/benchmark_results/sciphin/no_cnv/0010/post_processed/sciphin.genotype_probs	9432	300	16735	1933	0.8299164100307963	0.969173859432799	0.8941555671422478	0.0176108012914587	9383	349	17708	950	0.9080615503725926	0.964138923140156	0.9352604036880138	0.0193276845544664	7936	1796	17737	921	0.8960144518459975	0.8154541718043568	0.853838291462693	0.0919469615522449	0	0	27274	1116	0.0	NA	NA	0.0	1116	300	10	1106	0	0	21979	1021	0.0	NA	0.0	NA	0	0	22999	1	0.0	NA	0.0	NA	0	0	22640	360	0.0	NA	0.0	NA	0	0	22340	660	0.0	NA	0.0	NA	612	48	341	0	0	0	23000	0	NA	NA	0.0	NA
40	20	10	0.001999	0.3	3e-05	3e-06	0.0	0001	sieve	candidate_snvs	smc_mu_sa_stage_1	mt	no_cnv	/raid/kang/DelSIEVE/simulation_results/IndelSIEVE_benchmark_pipeline_sa_103/benchmark_results/simulated_data/results/cell_names	/raid/kang/DelSIEVE/simulation_results/IndelSIEVE_benchmark_pipeline_sa_103/benchmark_results/indelsieve/from_candidate/variant_calling/mt/no_cnv/smc_mu_sa_stage_1/0001/indelsieve_mode_gaussian.cell_names	/raid/kang/DelSIEVE/simulation_results/IndelSIEVE_benchmark_pipeline_sa_103/benchmark_results/simulated_data/results/data_type/no_cnv/0001/true_evo_events_sites_names	/raid/kang/DelSIEVE/simulation_results/IndelSIEVE_benchmark_pipeline_sa_103/benchmark_results/indelsieve/from_candidate/variant_calling/mt/no_cnv/smc_mu_sa_stage_1/0001/indelsieve_mode_gaussian.loci_info	/raid/kang/DelSIEVE/simulation_results/IndelSIEVE_benchmark_pipeline_sa_103/benchmark_results/simulated_data/results/data_type/no_cnv/0001/true_evo_events_genotypes_numeric	/raid/kang/DelSIEVE/simulation_results/IndelSIEVE_benchmark_pipeline_sa_103/benchmark_results/indelsieve/from_candidate/variant_calling/mt/no_cnv/smc_mu_sa_stage_1/0001/indelsieve_mode_gaussian.genotypes	/raid/kang/DelSIEVE/simulation_results/IndelSIEVE_benchmark_pipeline_sa_103/benchmark_results/simulated_data/results/data_type/no_cnv/0001/true_evo_events_ternary_matrix.simple	/raid/kang/DelSIEVE/simulation_results/IndelSIEVE_benchmark_pipeline_sa_103/benchmark_results/indelsieve/from_candidate/variant_calling/mt/no_cnv/smc_mu_sa_stage_1/0001/indelsieve_mode_gaussian.ternary	/raid/kang/DelSIEVE/simulation_results/IndelSIEVE_benchmark_pipeline_sa_103/benchmark_results/indelsieve/from_candidate/variant_calling/mt/no_cnv/smc_mu_sa_stage_1/0001/indelsieve_mode_gaussian.probs	10864	79	15754	1583	0.8728207600224954	0.992780773096957	0.92894399315947	0.0049895787279732	10804	139	16944	376	0.9663685152057244	0.9872978159554052	0.9767210595308052	0.0081367441315928	9104	361	18397	401	0.9578116780641768	0.9618594823032224	0.9598313125988402	0.0192451220812453	1285	193	26637	148	0.8967201674808095	0.8694181326116374	0.8828581243558915	0.0071934401789042	1433	79	2	146	0	0	23172	1068	0.0	NA	0.0	NA	0	0	24231	9	0.0	NA	0.0	NA	0	0	23998	242	0.0	NA	0.0	NA	0	0	23423	817	0.0	NA	0.0	NA	757	55	81	158	0	0	24240	0	NA	NA	0.0	NA
40	20	10	0.001999	0.3	3e-05	3e-06	0.0	0002	sieve	candidate_snvs	smc_mu_sa_stage_1	mt	no_cnv	/raid/kang/DelSIEVE/simulation_results/IndelSIEVE_benchmark_pipeline_sa_103/benchmark_results/simulated_data/results/cell_names	/raid/kang/DelSIEVE/simulation_results/IndelSIEVE_benchmark_pipeline_sa_103/benchmark_results/indelsieve/from_candidate/variant_calling/mt/no_cnv/smc_mu_sa_stage_1/0002/indelsieve_median.cell_names	/raid/kang/DelSIEVE/simulation_results/IndelSIEVE_benchmark_pipeline_sa_103/benchmark_results/simulated_data/results/data_type/no_cnv/0002/true_evo_events_sites_names	/raid/kang/DelSIEVE/simulation_results/IndelSIEVE_benchmark_pipeline_sa_103/benchmark_results/indelsieve/from_candidate/variant_calling/mt/no_cnv/smc_mu_sa_stage_1/0002/indelsieve_median.loci_info	/raid/kang/DelSIEVE/simulation_results/IndelSIEVE_benchmark_pipeline_sa_103/benchmark_results/simulated_data/results/data_type/no_cnv/0002/true_evo_events_genotypes_numeric	/raid/kang/DelSIEVE/simulation_results/IndelSIEVE_benchmark_pipeline_sa_103/benchmark_results/indelsieve/from_candidate/variant_calling/mt/no_cnv/smc_mu_sa_stage_1/0002/indelsieve_median.genotypes	/raid/kang/DelSIEVE/simulation_results/IndelSIEVE_benchmark_pipeline_sa_103/benchmark_results/simulated_data/results/data_type/no_cnv/0002/true_evo_events_ternary_matrix.simple	/raid/kang/DelSIEVE/simulation_results/IndelSIEVE_benchmark_pipeline_sa_103/benchmark_results/indelsieve/from_candidate/variant_calling/mt/no_cnv/smc_mu_sa_stage_1/0002/indelsieve_median.ternary	/raid/kang/DelSIEVE/simulation_results/IndelSIEVE_benchmark_pipeline_sa_103/benchmark_results/indelsieve/from_candidate/variant_calling/mt/no_cnv/smc_mu_sa_stage_1/0002/indelsieve_median.probs	11516	86	15491	1467	0.887006084880228	0.9925874849163936	0.9368314012609316	0.005520960390319	11458	144	16814	137	0.9881845623113412	0.9875883468367522	0.987886364616114	0.0084915674018162	9942	366	18096	149	0.9852343672579528	0.9644935972060537	0.9747536643953136	0.0198245043873903	1084	210	27151	108	0.9093959731543624	0.8377125193199382	0.8720836685438456	0.0076751580717079	1192	86	0	108	0	0	25341	1339	0.0	NA	0.0	NA	0	0	26672	8	0.0	NA	0.0	NA	0	0	26368	312	0.0	NA	0.0	NA	0	0	25661	1019	0.0	NA	0.0	NA	969	50	114	192	0	0	26680	0	NA	NA	0.0	NA
40	20	10	0.001999	0.3	3e-05	3e-06	0.0	0003	sieve	candidate_snvs	smc_mu_sa_stage_1	mt	no_cnv	/raid/kang/DelSIEVE/simulation_results/IndelSIEVE_benchmark_pipeline_sa_103/benchmark_results/simulated_data/results/cell_names	/raid/kang/DelSIEVE/simulation_results/IndelSIEVE_benchmark_pipeline_sa_103/benchmark_results/indelsieve/from_candidate/variant_calling/mt/no_cnv/smc_mu_sa_stage_1/0003/indelsieve_mode_gaussian.cell_names	/raid/kang/DelSIEVE/simulation_results/IndelSIEVE_benchmark_pipeline_sa_103/benchmark_results/simulated_data/results/data_type/no_cnv/0003/true_evo_events_sites_names	/raid/kang/DelSIEVE/simulation_results/IndelSIEVE_benchmark_pipeline_sa_103/benchmark_results/indelsieve/from_candidate/variant_calling/mt/no_cnv/smc_mu_sa_stage_1/0003/indelsieve_mode_gaussian.loci_info	/raid/kang/DelSIEVE/simulation_results/IndelSIEVE_benchmark_pipeline_sa_103/benchmark_results/simulated_data/results/data_type/no_cnv/0003/true_evo_events_genotypes_numeric	/raid/kang/DelSIEVE/simulation_results/IndelSIEVE_benchmark_pipeline_sa_103/benchmark_results/indelsieve/from_candidate/variant_calling/mt/no_cnv/smc_mu_sa_stage_1/0003/indelsieve_mode_gaussian.genotypes	/raid/kang/DelSIEVE/simulation_results/IndelSIEVE_benchmark_pipeline_sa_103/benchmark_results/simulated_data/results/data_type/no_cnv/0003/true_evo_events_ternary_matrix.simple	/raid/kang/DelSIEVE/simulation_results/IndelSIEVE_benchmark_pipeline_sa_103/benchmark_results/indelsieve/from_candidate/variant_calling/mt/no_cnv/smc_mu_sa_stage_1/0003/indelsieve_mode_gaussian.ternary	/raid/kang/DelSIEVE/simulation_results/IndelSIEVE_benchmark_pipeline_sa_103/benchmark_results/indelsieve/from_candidate/variant_calling/mt/no_cnv/smc_mu_sa_stage_1/0003/indelsieve_mode_gaussian.probs	12326	98	13586	1830	0.8707261938400678	0.9921120412105602	0.927464258841234	0.0071616486407483	12290	134	15156	244	0.98053295037498	0.9892144236960722	0.984854555653498	0.008763897972531	9836	416	17297	275	0.9728018989219662	0.9594225516972298	0.9660659038452096	0.0234855755659685	1610	562	25482	170	0.904494382022472	0.7412523020257827	0.8147773279352226	0.0215788665335585	1780	98	1	169	0	0	22767	1793	0.0	NA	0.0	NA	0	0	24516	44	0.0	NA	0.0	NA	0	0	23917	643	0.0	NA	0.0	NA	0	0	23454	1106	0.0	NA	0.0	NA	1071	33	115	525	0	0	24560	0	NA	NA	0.0	NA
40	20	10	0.001999	0.3	3e-05	3e-06	0.0	0004	sieve	candidate_snvs	smc_mu_sa_stage_1	mt	no_cnv	/raid/kang/DelSIEVE/simulation_results/IndelSIEVE_benchmark_pipeline_sa_103/benchmark_results/simulated_data/results/cell_names	/raid/kang/DelSIEVE/simulation_results/IndelSIEVE_benchmark_pipeline_sa_103/benchmark_results/indelsieve/from_candidate/variant_calling/mt/no_cnv/smc_mu_sa_stage_1/0004/indelsieve_median.cell_names	/raid/kang/DelSIEVE/simulation_results/IndelSIEVE_benchmark_pipeline_sa_103/benchmark_results/simulated_data/results/data_type/no_cnv/0004/true_evo_events_sites_names	/raid/kang/DelSIEVE/simulation_results/IndelSIEVE_benchmark_pipeline_sa_103/benchmark_results/indelsieve/from_candidate/variant_calling/mt/no_cnv/smc_mu_sa_stage_1/0004/indelsieve_median.loci_info	/raid/kang/DelSIEVE/simulation_results/IndelSIEVE_benchmark_pipeline_sa_103/benchmark_results/simulated_data/results/data_type/no_cnv/0004/true_evo_events_genotypes_numeric	/raid/kang/DelSIEVE/simulation_results/IndelSIEVE_benchmark_pipeline_sa_103/benchmark_results/indelsieve/from_candidate/variant_calling/mt/no_cnv/smc_mu_sa_stage_1/0004/indelsieve_median.genotypes	/raid/kang/DelSIEVE/simulation_results/IndelSIEVE_benchmark_pipeline_sa_103/benchmark_results/simulated_data/results/data_type/no_cnv/0004/true_evo_events_ternary_matrix.simple	/raid/kang/DelSIEVE/simulation_results/IndelSIEVE_benchmark_pipeline_sa_103/benchmark_results/indelsieve/from_candidate/variant_calling/mt/no_cnv/smc_mu_sa_stage_1/0004/indelsieve_median.ternary	/raid/kang/DelSIEVE/simulation_results/IndelSIEVE_benchmark_pipeline_sa_103/benchmark_results/indelsieve/from_candidate/variant_calling/mt/no_cnv/smc_mu_sa_stage_1/0004/indelsieve_median.probs	9781	76	9508	1035	0.9043084319526628	0.9922897433296136	0.9462584046824362	0.0079298831385642	9754	103	10393	141	0.9857503789792824	0.989550573196713	0.9876468205751316	0.0098132621951219	7667	322	12245	157	0.9799335378323109	0.9596945800475654	0.969708467716436	0.0256226625288453	1475	393	18384	139	0.9138785625774474	0.7896145610278372	0.8472142446869616	0.0209298610001597	1614	76	2	137	0	0	17856	1144	0.0	NA	0.0	NA	0	0	18986	14	0.0	NA	0.0	NA	0	0	18543	457	0.0	NA	0.0	NA	0	0	18327	673	0.0	NA	0.0	NA	646	27	82	373	0	0	19000	0	NA	NA	0.0	NA
40	20	10	0.001999	0.3	3e-05	3e-06	0.0	0005	sieve	candidate_snvs	smc_mu_sa_stage_1	mt	no_cnv	/raid/kang/DelSIEVE/simulation_results/IndelSIEVE_benchmark_pipeline_sa_103/benchmark_results/simulated_data/results/cell_names	/raid/kang/DelSIEVE/simulation_results/IndelSIEVE_benchmark_pipeline_sa_103/benchmark_results/indelsieve/from_candidate/variant_calling/mt/no_cnv/smc_mu_sa_stage_1/0005/indelsieve_median.cell_names	/raid/kang/DelSIEVE/simulation_results/IndelSIEVE_benchmark_pipeline_sa_103/benchmark_results/simulated_data/results/data_type/no_cnv/0005/true_evo_events_sites_names	/raid/kang/DelSIEVE/simulation_results/IndelSIEVE_benchmark_pipeline_sa_103/benchmark_results/indelsieve/from_candidate/variant_calling/mt/no_cnv/smc_mu_sa_stage_1/0005/indelsieve_median.loci_info	/raid/kang/DelSIEVE/simulation_results/IndelSIEVE_benchmark_pipeline_sa_103/benchmark_results/simulated_data/results/data_type/no_cnv/0005/true_evo_events_genotypes_numeric	/raid/kang/DelSIEVE/simulation_results/IndelSIEVE_benchmark_pipeline_sa_103/benchmark_results/indelsieve/from_candidate/variant_calling/mt/no_cnv/smc_mu_sa_stage_1/0005/indelsieve_median.genotypes	/raid/kang/DelSIEVE/simulation_results/IndelSIEVE_benchmark_pipeline_sa_103/benchmark_results/simulated_data/results/data_type/no_cnv/0005/true_evo_events_ternary_matrix.simple	/raid/kang/DelSIEVE/simulation_results/IndelSIEVE_benchmark_pipeline_sa_103/benchmark_results/indelsieve/from_candidate/variant_calling/mt/no_cnv/smc_mu_sa_stage_1/0005/indelsieve_median.ternary	/raid/kang/DelSIEVE/simulation_results/IndelSIEVE_benchmark_pipeline_sa_103/benchmark_results/indelsieve/from_candidate/variant_calling/mt/no_cnv/smc_mu_sa_stage_1/0005/indelsieve_median.probs	9172	78	11920	990	0.9025782326313718	0.9915675675675676	0.9449824850607872	0.0065010835139189	9122	128	12684	216	0.9768687085028914	0.986162162162162	0.98149343662578	0.0099906337808304	7770	304	13841	235	0.9706433479075578	0.9623482784245728	0.9664780148019156	0.0214916931778013	988	188	20866	108	0.9014598540145984	0.8401360544217688	0.869718309859155	0.0089294195877267	1096	78	2	106	0	0	18981	739	0.0	NA	0.0	NA	0	0	19718	2	0.0	NA	0.0	NA	0	0	19483	237	0.0	NA	0.0	NA	0	0	19220	500	0.0	NA	0.0	NA	452	47	72	163	0	0	19720	0	NA	NA	0.0	NA
40	20	10	0.001999	0.3	3e-05	3e-06	0.0	0006	sieve	candidate_snvs	smc_mu_sa_stage_1	mt	no_cnv	/raid/kang/DelSIEVE/simulation_results/IndelSIEVE_benchmark_pipeline_sa_103/benchmark_results/simulated_data/results/cell_names	/raid/kang/DelSIEVE/simulation_results/IndelSIEVE_benchmark_pipeline_sa_103/benchmark_results/indelsieve/from_candidate/variant_calling/mt/no_cnv/smc_mu_sa_stage_1/0006/indelsieve_median.cell_names	/raid/kang/DelSIEVE/simulation_results/IndelSIEVE_benchmark_pipeline_sa_103/benchmark_results/simulated_data/results/data_type/no_cnv/0006/true_evo_events_sites_names	/raid/kang/DelSIEVE/simulation_results/IndelSIEVE_benchmark_pipeline_sa_103/benchmark_results/indelsieve/from_candidate/variant_calling/mt/no_cnv/smc_mu_sa_stage_1/0006/indelsieve_median.loci_info	/raid/kang/DelSIEVE/simulation_results/IndelSIEVE_benchmark_pipeline_sa_103/benchmark_results/simulated_data/results/data_type/no_cnv/0006/true_evo_events_genotypes_numeric	/raid/kang/DelSIEVE/simulation_results/IndelSIEVE_benchmark_pipeline_sa_103/benchmark_results/indelsieve/from_candidate/variant_calling/mt/no_cnv/smc_mu_sa_stage_1/0006/indelsieve_median.genotypes	/raid/kang/DelSIEVE/simulation_results/IndelSIEVE_benchmark_pipeline_sa_103/benchmark_results/simulated_data/results/data_type/no_cnv/0006/true_evo_events_ternary_matrix.simple	/raid/kang/DelSIEVE/simulation_results/IndelSIEVE_benchmark_pipeline_sa_103/benchmark_results/indelsieve/from_candidate/variant_calling/mt/no_cnv/smc_mu_sa_stage_1/0006/indelsieve_median.ternary	/raid/kang/DelSIEVE/simulation_results/IndelSIEVE_benchmark_pipeline_sa_103/benchmark_results/indelsieve/from_candidate/variant_calling/mt/no_cnv/smc_mu_sa_stage_1/0006/indelsieve_median.probs	8301	84	18899	1236	0.8703994966970745	0.9899821109123434	0.926347505858721	0.0044250118527103	8265	120	19770	362	0.9580387156601368	0.9856887298747764	0.971667058546908	0.0060331825037707	7495	290	20351	381	0.951625190452006	0.9627488760436738	0.9571547155354064	0.0140497068940458	535	65	27817	100	0.84251968503937	0.8916666666666667	0.8663967611336032	0.0023312531382253	635	84	2	98	0	0	22827	773	0.0	NA	0.0	NA	0	0	23594	6	0.0	NA	0.0	NA	0	0	23484	116	0.0	NA	0.0	NA	0	0	22949	651	0.0	NA	0.0	NA	618	33	75	40	0	0	23600	0	NA	NA	0.0	NA
40	20	10	0.001999	0.3	3e-05	3e-06	0.0	0007	sieve	candidate_snvs	smc_mu_sa_stage_1	mt	no_cnv	/raid/kang/DelSIEVE/simulation_results/IndelSIEVE_benchmark_pipeline_sa_103/benchmark_results/simulated_data/results/cell_names	/raid/kang/DelSIEVE/simulation_results/IndelSIEVE_benchmark_pipeline_sa_103/benchmark_results/indelsieve/from_candidate/variant_calling/mt/no_cnv/smc_mu_sa_stage_1/0007/indelsieve_median.cell_names	/raid/kang/DelSIEVE/simulation_results/IndelSIEVE_benchmark_pipeline_sa_103/benchmark_results/simulated_data/results/data_type/no_cnv/0007/true_evo_events_sites_names	/raid/kang/DelSIEVE/simulation_results/IndelSIEVE_benchmark_pipeline_sa_103/benchmark_results/indelsieve/from_candidate/variant_calling/mt/no_cnv/smc_mu_sa_stage_1/0007/indelsieve_median.loci_info	/raid/kang/DelSIEVE/simulation_results/IndelSIEVE_benchmark_pipeline_sa_103/benchmark_results/simulated_data/results/data_type/no_cnv/0007/true_evo_events_genotypes_numeric	/raid/kang/DelSIEVE/simulation_results/IndelSIEVE_benchmark_pipeline_sa_103/benchmark_results/indelsieve/from_candidate/variant_calling/mt/no_cnv/smc_mu_sa_stage_1/0007/indelsieve_median.genotypes	/raid/kang/DelSIEVE/simulation_results/IndelSIEVE_benchmark_pipeline_sa_103/benchmark_results/simulated_data/results/data_type/no_cnv/0007/true_evo_events_ternary_matrix.simple	/raid/kang/DelSIEVE/simulation_results/IndelSIEVE_benchmark_pipeline_sa_103/benchmark_results/indelsieve/from_candidate/variant_calling/mt/no_cnv/smc_mu_sa_stage_1/0007/indelsieve_median.ternary	/raid/kang/DelSIEVE/simulation_results/IndelSIEVE_benchmark_pipeline_sa_103/benchmark_results/indelsieve/from_candidate/variant_calling/mt/no_cnv/smc_mu_sa_stage_1/0007/indelsieve_median.probs	10970	95	14209	1406	0.8863930187459599	0.991414369633981	0.9359668956102556	0.0066414988814317	10918	147	15284	320	0.9715251824168002	0.9867148666967916	0.9790611128547728	0.0095262782710128	9063	438	16815	353	0.9625106202209006	0.9538995895168928	0.9581857588412538	0.0253868892366544	1276	288	24924	181	0.8757721345229924	0.8158567774936062	0.844753392916253	0.01142313184198	1457	95	2	179	0	0	22096	1024	0.0	NA	0.0	NA	0	0	23113	7	0.0	NA	0.0	NA	0	0	22755	365	0.0	NA	0.0	NA	0	0	22468	652	0.0	NA	0.0	NA	601	51	113	247	0	0	23120	0	NA	NA	0.0	NA
40	20	10	0.001999	0.3	3e-05	3e-06	0.0	0008	sieve	candidate_snvs	smc_mu_sa_stage_1	mt	no_cnv	/raid/kang/DelSIEVE/simulation_results/IndelSIEVE_benchmark_pipeline_sa_103/benchmark_results/simulated_data/results/cell_names	/raid/kang/DelSIEVE/simulation_results/IndelSIEVE_benchmark_pipeline_sa_103/benchmark_results/indelsieve/from_candidate/variant_calling/mt/no_cnv/smc_mu_sa_stage_1/0008/indelsieve_median.cell_names	/raid/kang/DelSIEVE/simulation_results/IndelSIEVE_benchmark_pipeline_sa_103/benchmark_results/simulated_data/results/data_type/no_cnv/0008/true_evo_events_sites_names	/raid/kang/DelSIEVE/simulation_results/IndelSIEVE_benchmark_pipeline_sa_103/benchmark_results/indelsieve/from_candidate/variant_calling/mt/no_cnv/smc_mu_sa_stage_1/0008/indelsieve_median.loci_info	/raid/kang/DelSIEVE/simulation_results/IndelSIEVE_benchmark_pipeline_sa_103/benchmark_results/simulated_data/results/data_type/no_cnv/0008/true_evo_events_genotypes_numeric	/raid/kang/DelSIEVE/simulation_results/IndelSIEVE_benchmark_pipeline_sa_103/benchmark_results/indelsieve/from_candidate/variant_calling/mt/no_cnv/smc_mu_sa_stage_1/0008/indelsieve_median.genotypes	/raid/kang/DelSIEVE/simulation_results/IndelSIEVE_benchmark_pipeline_sa_103/benchmark_results/simulated_data/results/data_type/no_cnv/0008/true_evo_events_ternary_matrix.simple	/raid/kang/DelSIEVE/simulation_results/IndelSIEVE_benchmark_pipeline_sa_103/benchmark_results/indelsieve/from_candidate/variant_calling/mt/no_cnv/smc_mu_sa_stage_1/0008/indelsieve_median.ternary	/raid/kang/DelSIEVE/simulation_results/IndelSIEVE_benchmark_pipeline_sa_103/benchmark_results/indelsieve/from_candidate/variant_calling/mt/no_cnv/smc_mu_sa_stage_1/0008/indelsieve_median.probs	9085	89	18131	1175	0.8854775828460039	0.9902986701547852	0.9349593495934958	0.0048847420417124	9054	120	18983	312	0.9666880204996796	0.986919555264879	0.9766990291262136	0.0062817358530073	8117	310	19718	324	0.9616159222840897	0.9632134804794116	0.9624140384159354	0.0154783303375274	636	111	27584	138	0.8217054263565892	0.8514056224899599	0.8362919132149902	0.0040079436721429	774	89	0	138	0	0	23573	747	0.0	NA	0.0	NA	0	0	24320	0	NA	NA	0.0	NA	0	0	24169	151	0.0	NA	0.0	NA	0	0	23724	596	0.0	NA	0.0	NA	565	31	52	94	0	0	24320	0	NA	NA	0.0	NA
40	20	10	0.001999	0.3	3e-05	3e-06	0.0	0009	sieve	candidate_snvs	smc_mu_sa_stage_1	mt	no_cnv	/raid/kang/DelSIEVE/simulation_results/IndelSIEVE_benchmark_pipeline_sa_103/benchmark_results/simulated_data/results/cell_names	/raid/kang/DelSIEVE/simulation_results/IndelSIEVE_benchmark_pipeline_sa_103/benchmark_results/indelsieve/from_candidate/variant_calling/mt/no_cnv/smc_mu_sa_stage_1/0009/indelsieve_mode_gaussian.cell_names	/raid/kang/DelSIEVE/simulation_results/IndelSIEVE_benchmark_pipeline_sa_103/benchmark_results/simulated_data/results/data_type/no_cnv/0009/true_evo_events_sites_names	/raid/kang/DelSIEVE/simulation_results/IndelSIEVE_benchmark_pipeline_sa_103/benchmark_results/indelsieve/from_candidate/variant_calling/mt/no_cnv/smc_mu_sa_stage_1/0009/indelsieve_mode_gaussian.loci_info	/raid/kang/DelSIEVE/simulation_results/IndelSIEVE_benchmark_pipeline_sa_103/benchmark_results/simulated_data/results/data_type/no_cnv/0009/true_evo_events_genotypes_numeric	/raid/kang/DelSIEVE/simulation_results/IndelSIEVE_benchmark_pipeline_sa_103/benchmark_results/indelsieve/from_candidate/variant_calling/mt/no_cnv/smc_mu_sa_stage_1/0009/indelsieve_mode_gaussian.genotypes	/raid/kang/DelSIEVE/simulation_results/IndelSIEVE_benchmark_pipeline_sa_103/benchmark_results/simulated_data/results/data_type/no_cnv/0009/true_evo_events_ternary_matrix.simple	/raid/kang/DelSIEVE/simulation_results/IndelSIEVE_benchmark_pipeline_sa_103/benchmark_results/indelsieve/from_candidate/variant_calling/mt/no_cnv/smc_mu_sa_stage_1/0009/indelsieve_mode_gaussian.ternary	/raid/kang/DelSIEVE/simulation_results/IndelSIEVE_benchmark_pipeline_sa_103/benchmark_results/indelsieve/from_candidate/variant_calling/mt/no_cnv/smc_mu_sa_stage_1/0009/indelsieve_mode_gaussian.probs	13321	94	13795	1270	0.9129600438626552	0.9929929183749534	0.9512961508248232	0.0067679458564331	13247	168	14793	272	0.9798801686515276	0.9874767051807678	0.9836637706987452	0.0112291959093643	10872	422	16881	305	0.972711818913841	0.9626350274482026	0.9676471897111834	0.0243888343061896	1583	538	26191	168	0.9040548258138208	0.7463460631777463	0.8176652892561984	0.0201279509147368	1751	94	1	167	0	0	24202	1518	0.0	NA	0.0	NA	0	0	25696	24	0.0	NA	0.0	NA	0	0	25129	591	0.0	NA	0.0	NA	0	0	24817	903	0.0	NA	0.0	NA	847	56	93	492	0	0	25720	0	NA	NA	0.0	NA
40	20	10	0.001999	0.3	3e-05	3e-06	0.0	0010	sieve	candidate_snvs	smc_mu_sa_stage_1	mt	no_cnv	/raid/kang/DelSIEVE/simulation_results/IndelSIEVE_benchmark_pipeline_sa_103/benchmark_results/simulated_data/results/cell_names	/raid/kang/DelSIEVE/simulation_results/IndelSIEVE_benchmark_pipeline_sa_103/benchmark_results/indelsieve/from_candidate/variant_calling/mt/no_cnv/smc_mu_sa_stage_1/0010/indelsieve_mode_gaussian.cell_names	/raid/kang/DelSIEVE/simulation_results/IndelSIEVE_benchmark_pipeline_sa_103/benchmark_results/simulated_data/results/data_type/no_cnv/0010/true_evo_events_sites_names	/raid/kang/DelSIEVE/simulation_results/IndelSIEVE_benchmark_pipeline_sa_103/benchmark_results/indelsieve/from_candidate/variant_calling/mt/no_cnv/smc_mu_sa_stage_1/0010/indelsieve_mode_gaussian.loci_info	/raid/kang/DelSIEVE/simulation_results/IndelSIEVE_benchmark_pipeline_sa_103/benchmark_results/simulated_data/results/data_type/no_cnv/0010/true_evo_events_genotypes_numeric	/raid/kang/DelSIEVE/simulation_results/IndelSIEVE_benchmark_pipeline_sa_103/benchmark_results/indelsieve/from_candidate/variant_calling/mt/no_cnv/smc_mu_sa_stage_1/0010/indelsieve_mode_gaussian.genotypes	/raid/kang/DelSIEVE/simulation_results/IndelSIEVE_benchmark_pipeline_sa_103/benchmark_results/simulated_data/results/data_type/no_cnv/0010/true_evo_events_ternary_matrix.simple	/raid/kang/DelSIEVE/simulation_results/IndelSIEVE_benchmark_pipeline_sa_103/benchmark_results/indelsieve/from_candidate/variant_calling/mt/no_cnv/smc_mu_sa_stage_1/0010/indelsieve_mode_gaussian.ternary	/raid/kang/DelSIEVE/simulation_results/IndelSIEVE_benchmark_pipeline_sa_103/benchmark_results/indelsieve/from_candidate/variant_calling/mt/no_cnv/smc_mu_sa_stage_1/0010/indelsieve_mode_gaussian.probs	9968	93	16942	1397	0.877078750549934	0.9907563860451248	0.9304583216652664	0.0054593484003522	9917	144	17913	416	0.9597406367947352	0.9856873074247092	0.97254094341473	0.0079747466356537	8425	365	19168	432	0.9512250197583833	0.9584755403868032	0.9548365161217204	0.0186863257052168	977	294	26980	139	0.8754480286738351	0.7686860739575138	0.818600754084625	0.0107794969568086	1116	93	4	135	0	0	21838	1002	0.0	NA	0.0	NA	0	0	22839	1	0.0	NA	0.0	NA	0	0	22480	360	0.0	NA	0.0	NA	0	0	22199	641	0.0	NA	0.0	NA	591	49	88	264	0	0	22840	0	NA	NA	0.0	NA
40	20	10	0.001999	0.3	3e-05	3e-06	0.0	0001	indelsieve	candidate_snvs	smc_mudel_sa_stage_1	mt	no_cnv	/raid/kang/DelSIEVE/simulation_results/IndelSIEVE_benchmark_pipeline_sa_103/benchmark_results/simulated_data/results/cell_names	/raid/kang/DelSIEVE/simulation_results/IndelSIEVE_benchmark_pipeline_sa_103/benchmark_results/indelsieve/from_candidate/variant_calling/mt/no_cnv/smc_mudel_sa_stage_1/0001/indelsieve_mode_gaussian.cell_names	/raid/kang/DelSIEVE/simulation_results/IndelSIEVE_benchmark_pipeline_sa_103/benchmark_results/simulated_data/results/data_type/no_cnv/0001/true_evo_events_sites_names	/raid/kang/DelSIEVE/simulation_results/IndelSIEVE_benchmark_pipeline_sa_103/benchmark_results/indelsieve/from_candidate/variant_calling/mt/no_cnv/smc_mudel_sa_stage_1/0001/indelsieve_mode_gaussian.loci_info	/raid/kang/DelSIEVE/simulation_results/IndelSIEVE_benchmark_pipeline_sa_103/benchmark_results/simulated_data/results/data_type/no_cnv/0001/true_evo_events_genotypes_numeric	/raid/kang/DelSIEVE/simulation_results/IndelSIEVE_benchmark_pipeline_sa_103/benchmark_results/indelsieve/from_candidate/variant_calling/mt/no_cnv/smc_mudel_sa_stage_1/0001/indelsieve_mode_gaussian.genotypes	/raid/kang/DelSIEVE/simulation_results/IndelSIEVE_benchmark_pipeline_sa_103/benchmark_results/simulated_data/results/data_type/no_cnv/0001/true_evo_events_ternary_matrix.simple	/raid/kang/DelSIEVE/simulation_results/IndelSIEVE_benchmark_pipeline_sa_103/benchmark_results/indelsieve/from_candidate/variant_calling/mt/no_cnv/smc_mudel_sa_stage_1/0001/indelsieve_mode_gaussian.ternary	/raid/kang/DelSIEVE/simulation_results/IndelSIEVE_benchmark_pipeline_sa_103/benchmark_results/indelsieve/from_candidate/variant_calling/mt/no_cnv/smc_mudel_sa_stage_1/0001/indelsieve_mode_gaussian.probs	11575	110	15723	872	0.9299429581425244	0.9905862216516902	0.9593071440411072	0.0069475146845196	10810	98	16985	370	0.9669051878354205	0.991015768243491	0.9788120246287576	0.0057366973014107	9101	255	18501	406	0.9572946250131482	0.9727447627191108	0.964957853999894	0.0135956493921944	1284	36	26796	147	0.8972746331236897	0.9727272727272728	0.9334787350054524	0.0013416815742397	1431	79	2	145	967	42	23130	101	0.9054307116104868	0.958374628344896	0.0018125323666494	0.9311506981222918	9	7	24224	0	1.0	0.5625	0.0002888861375923	0.72	216	16	23982	26	0.8925619834710744	0.9310344827586208	0.0006667222268522	0.9113924050632912	726	35	23388	91	0.8886168910648715	0.9540078843626808	0.0014942577808137	0.9201520912547528	65	14	17	5	0	0	24240	0	NA	NA	0.0	NA
40	20	10	0.001999	0.3	3e-05	3e-06	0.0	0002	indelsieve	candidate_snvs	smc_mudel_sa_stage_1	mt	no_cnv	/raid/kang/DelSIEVE/simulation_results/IndelSIEVE_benchmark_pipeline_sa_103/benchmark_results/simulated_data/results/cell_names	/raid/kang/DelSIEVE/simulation_results/IndelSIEVE_benchmark_pipeline_sa_103/benchmark_results/indelsieve/from_candidate/variant_calling/mt/no_cnv/smc_mudel_sa_stage_1/0002/indelsieve_median.cell_names	/raid/kang/DelSIEVE/simulation_results/IndelSIEVE_benchmark_pipeline_sa_103/benchmark_results/simulated_data/results/data_type/no_cnv/0002/true_evo_events_sites_names	/raid/kang/DelSIEVE/simulation_results/IndelSIEVE_benchmark_pipeline_sa_103/benchmark_results/indelsieve/from_candidate/variant_calling/mt/no_cnv/smc_mudel_sa_stage_1/0002/indelsieve_median.loci_info	/raid/kang/DelSIEVE/simulation_results/IndelSIEVE_benchmark_pipeline_sa_103/benchmark_results/simulated_data/results/data_type/no_cnv/0002/true_evo_events_genotypes_numeric	/raid/kang/DelSIEVE/simulation_results/IndelSIEVE_benchmark_pipeline_sa_103/benchmark_results/indelsieve/from_candidate/variant_calling/mt/no_cnv/smc_mudel_sa_stage_1/0002/indelsieve_median.genotypes	/raid/kang/DelSIEVE/simulation_results/IndelSIEVE_benchmark_pipeline_sa_103/benchmark_results/simulated_data/results/data_type/no_cnv/0002/true_evo_events_ternary_matrix.simple	/raid/kang/DelSIEVE/simulation_results/IndelSIEVE_benchmark_pipeline_sa_103/benchmark_results/indelsieve/from_candidate/variant_calling/mt/no_cnv/smc_mudel_sa_stage_1/0002/indelsieve_median.ternary	/raid/kang/DelSIEVE/simulation_results/IndelSIEVE_benchmark_pipeline_sa_103/benchmark_results/indelsieve/from_candidate/variant_calling/mt/no_cnv/smc_mudel_sa_stage_1/0002/indelsieve_median.probs	12441	102	15475	542	0.9582531002079644	0.9918679741688592	0.9747708219070752	0.0065481158117737	11456	109	16849	139	0.9880120741699008	0.990575010808474	0.9892918825561312	0.0064276447694303	9936	222	18235	160	0.9841521394611727	0.9781453041937388	0.9811395279944702	0.0120279568727312	1080	16	27350	107	0.9098567818028644	0.9854014598540146	0.9461235216819972	0.0005846671051669	1187	87	0	107	1260	29	25312	79	0.9410007468259896	0.9775019394879751	0.0011443905133972	0.958904109589041	8	4	26668	0	1.0	0.6666666666666666	0.0001499700059988	0.8	295	16	26352	17	0.9455128205128204	0.9485530546623794	0.0006067961165048	0.9470304975922954	946	20	25641	73	0.928361138370952	0.979296066252588	0.0007793928529675	0.953148614609572	51	17	11	0	0	0	26680	0	NA	NA	0.0	NA
40	20	10	0.001999	0.3	3e-05	3e-06	0.0	0003	indelsieve	candidate_snvs	smc_mudel_sa_stage_1	mt	no_cnv	/raid/kang/DelSIEVE/simulation_results/IndelSIEVE_benchmark_pipeline_sa_103/benchmark_results/simulated_data/results/cell_names	/raid/kang/DelSIEVE/simulation_results/IndelSIEVE_benchmark_pipeline_sa_103/benchmark_results/indelsieve/from_candidate/variant_calling/mt/no_cnv/smc_mudel_sa_stage_1/0003/indelsieve_mode_gaussian.cell_names	/raid/kang/DelSIEVE/simulation_results/IndelSIEVE_benchmark_pipeline_sa_103/benchmark_results/simulated_data/results/data_type/no_cnv/0003/true_evo_events_sites_names	/raid/kang/DelSIEVE/simulation_results/IndelSIEVE_benchmark_pipeline_sa_103/benchmark_results/indelsieve/from_candidate/variant_calling/mt/no_cnv/smc_mudel_sa_stage_1/0003/indelsieve_mode_gaussian.loci_info	/raid/kang/DelSIEVE/simulation_results/IndelSIEVE_benchmark_pipeline_sa_103/benchmark_results/simulated_data/results/data_type/no_cnv/0003/true_evo_events_genotypes_numeric	/raid/kang/DelSIEVE/simulation_results/IndelSIEVE_benchmark_pipeline_sa_103/benchmark_results/indelsieve/from_candidate/variant_calling/mt/no_cnv/smc_mudel_sa_stage_1/0003/indelsieve_mode_gaussian.genotypes	/raid/kang/DelSIEVE/simulation_results/IndelSIEVE_benchmark_pipeline_sa_103/benchmark_results/simulated_data/results/data_type/no_cnv/0003/true_evo_events_ternary_matrix.simple	/raid/kang/DelSIEVE/simulation_results/IndelSIEVE_benchmark_pipeline_sa_103/benchmark_results/indelsieve/from_candidate/variant_calling/mt/no_cnv/smc_mudel_sa_stage_1/0003/indelsieve_mode_gaussian.ternary	/raid/kang/DelSIEVE/simulation_results/IndelSIEVE_benchmark_pipeline_sa_103/benchmark_results/indelsieve/from_candidate/variant_calling/mt/no_cnv/smc_mudel_sa_stage_1/0003/indelsieve_mode_gaussian.probs	13407	109	13575	749	0.9470895733257982	0.9919354838709676	0.9689939288811796	0.0079655071616486	12297	112	15178	237	0.9810914313068454	0.9909742928519624	0.986008098464499	0.0073250490516677	9833	294	17403	294	0.9709686975412264	0.9709686975412264	0.9709686975412264	0.0166129852517375	1595	37	26023	169	0.9041950113378684	0.977328431372549	0.9393404004711424	0.0014198004604758	1764	98	1	168	1721	36	22731	72	0.9598438371444508	0.979510529311326	0.0015812359994729	0.9695774647887324	39	0	24516	5	0.8863636363636364	1.0	0.0	0.9397590361445785	621	29	23888	22	0.9657853810264384	0.9553846153846154	0.0012125266546807	0.9605568445475636	1049	19	23435	57	0.9484629294755876	0.9822097378277154	0.00081009635883	0.965041398344066	43	10	18	1	0	0	24560	0	NA	NA	0.0	NA
40	20	10	0.001999	0.3	3e-05	3e-06	0.0	0004	indelsieve	candidate_snvs	smc_mudel_sa_stage_1	mt	no_cnv	/raid/kang/DelSIEVE/simulation_results/IndelSIEVE_benchmark_pipeline_sa_103/benchmark_results/simulated_data/results/cell_names	/raid/kang/DelSIEVE/simulation_results/IndelSIEVE_benchmark_pipeline_sa_103/benchmark_results/indelsieve/from_candidate/variant_calling/mt/no_cnv/smc_mudel_sa_stage_1/0004/indelsieve_median.cell_names	/raid/kang/DelSIEVE/simulation_results/IndelSIEVE_benchmark_pipeline_sa_103/benchmark_results/simulated_data/results/data_type/no_cnv/0004/true_evo_events_sites_names	/raid/kang/DelSIEVE/simulation_results/IndelSIEVE_benchmark_pipeline_sa_103/benchmark_results/indelsieve/from_candidate/variant_calling/mt/no_cnv/smc_mudel_sa_stage_1/0004/indelsieve_median.loci_info	/raid/kang/DelSIEVE/simulation_results/IndelSIEVE_benchmark_pipeline_sa_103/benchmark_results/simulated_data/results/data_type/no_cnv/0004/true_evo_events_genotypes_numeric	/raid/kang/DelSIEVE/simulation_results/IndelSIEVE_benchmark_pipeline_sa_103/benchmark_results/indelsieve/from_candidate/variant_calling/mt/no_cnv/smc_mudel_sa_stage_1/0004/indelsieve_median.genotypes	/raid/kang/DelSIEVE/simulation_results/IndelSIEVE_benchmark_pipeline_sa_103/benchmark_results/simulated_data/results/data_type/no_cnv/0004/true_evo_events_ternary_matrix.simple	/raid/kang/DelSIEVE/simulation_results/IndelSIEVE_benchmark_pipeline_sa_103/benchmark_results/indelsieve/from_candidate/variant_calling/mt/no_cnv/smc_mudel_sa_stage_1/0004/indelsieve_median.ternary	/raid/kang/DelSIEVE/simulation_results/IndelSIEVE_benchmark_pipeline_sa_103/benchmark_results/indelsieve/from_candidate/variant_calling/mt/no_cnv/smc_mudel_sa_stage_1/0004/indelsieve_median.probs	10404	90	9494	412	0.9619082840236688	0.9914236706689536	0.9764429845143126	0.0093906510851419	9749	85	10411	146	0.985245073269328	0.9913565182021558	0.9882913477621774	0.0080983231707317	7655	238	12307	191	0.975656385419322	0.9698466996072468	0.972742868034818	0.0189717018732562	1455	26	18773	137	0.9139447236180904	0.9824442943956786	0.9469573706475756	0.0013830522900154	1592	70	2	135	1070	50	17806	74	0.9353146853146852	0.9553571428571428	0.0028001792114695	0.9452296819787986	11	4	18982	3	0.7857142857142857	0.7333333333333333	0.0002106815548298	0.7586206896551724	427	33	18510	30	0.9343544857768052	0.9282608695652174	0.0017796473062611	0.931297709923664	616	29	18298	57	0.9153046062407132	0.9550387596899224	0.0015823648169367	0.9347496206373292	38	9	24	3	0	0	19000	0	NA	NA	0.0	NA
40	20	10	0.001999	0.3	3e-05	3e-06	0.0	0005	indelsieve	candidate_snvs	smc_mudel_sa_stage_1	mt	no_cnv	/raid/kang/DelSIEVE/simulation_results/IndelSIEVE_benchmark_pipeline_sa_103/benchmark_results/simulated_data/results/cell_names	/raid/kang/DelSIEVE/simulation_results/IndelSIEVE_benchmark_pipeline_sa_103/benchmark_results/indelsieve/from_candidate/variant_calling/mt/no_cnv/smc_mudel_sa_stage_1/0005/indelsieve_mode_gaussian.cell_names	/raid/kang/DelSIEVE/simulation_results/IndelSIEVE_benchmark_pipeline_sa_103/benchmark_results/simulated_data/results/data_type/no_cnv/0005/true_evo_events_sites_names	/raid/kang/DelSIEVE/simulation_results/IndelSIEVE_benchmark_pipeline_sa_103/benchmark_results/indelsieve/from_candidate/variant_calling/mt/no_cnv/smc_mudel_sa_stage_1/0005/indelsieve_mode_gaussian.loci_info	/raid/kang/DelSIEVE/simulation_results/IndelSIEVE_benchmark_pipeline_sa_103/benchmark_results/simulated_data/results/data_type/no_cnv/0005/true_evo_events_genotypes_numeric	/raid/kang/DelSIEVE/simulation_results/IndelSIEVE_benchmark_pipeline_sa_103/benchmark_results/indelsieve/from_candidate/variant_calling/mt/no_cnv/smc_mudel_sa_stage_1/0005/indelsieve_mode_gaussian.genotypes	/raid/kang/DelSIEVE/simulation_results/IndelSIEVE_benchmark_pipeline_sa_103/benchmark_results/simulated_data/results/data_type/no_cnv/0005/true_evo_events_ternary_matrix.simple	/raid/kang/DelSIEVE/simulation_results/IndelSIEVE_benchmark_pipeline_sa_103/benchmark_results/indelsieve/from_candidate/variant_calling/mt/no_cnv/smc_mudel_sa_stage_1/0005/indelsieve_mode_gaussian.ternary	/raid/kang/DelSIEVE/simulation_results/IndelSIEVE_benchmark_pipeline_sa_103/benchmark_results/indelsieve/from_candidate/variant_calling/mt/no_cnv/smc_mudel_sa_stage_1/0005/indelsieve_mode_gaussian.probs	9582	103	11895	580	0.9429246211375714	0.9893649974186888	0.9655867385499068	0.0085847641273545	9122	103	12709	216	0.9768687085028914	0.9888346883468836	0.9828152777029576	0.008039338120512	7764	221	13921	244	0.9695304695304696	0.972323105823419	0.970924779591071	0.0156272097298826	986	28	21029	107	0.9021043000914912	0.9723865877712032	0.9359278595158994	0.0013297240822529	1093	78	2	105	652	34	18947	87	0.8822733423545331	0.9504373177842566	0.0017912649491596	0.9150877192982456	0	3	19715	2	0.0	0.0	0.0001521452479967	NA	213	13	19470	24	0.8987341772151899	0.9424778761061948	0.0006672483703741	0.9200863930885528	425	32	19188	75	0.85	0.9299781181619255	0.0016649323621227	0.8881922675026124	48	18	20	1	0	0	19720	0	NA	NA	0.0	NA
40	20	10	0.001999	0.3	3e-05	3e-06	0.0	0006	indelsieve	candidate_snvs	smc_mudel_sa_stage_1	mt	no_cnv	/raid/kang/DelSIEVE/simulation_results/IndelSIEVE_benchmark_pipeline_sa_103/benchmark_results/simulated_data/results/cell_names	/raid/kang/DelSIEVE/simulation_results/IndelSIEVE_benchmark_pipeline_sa_103/benchmark_results/indelsieve/from_candidate/variant_calling/mt/no_cnv/smc_mudel_sa_stage_1/0006/indelsieve_median.cell_names	/raid/kang/DelSIEVE/simulation_results/IndelSIEVE_benchmark_pipeline_sa_103/benchmark_results/simulated_data/results/data_type/no_cnv/0006/true_evo_events_sites_names	/raid/kang/DelSIEVE/simulation_results/IndelSIEVE_benchmark_pipeline_sa_103/benchmark_results/indelsieve/from_candidate/variant_calling/mt/no_cnv/smc_mudel_sa_stage_1/0006/indelsieve_median.loci_info	/raid/kang/DelSIEVE/simulation_results/IndelSIEVE_benchmark_pipeline_sa_103/benchmark_results/simulated_data/results/data_type/no_cnv/0006/true_evo_events_genotypes_numeric	/raid/kang/DelSIEVE/simulation_results/IndelSIEVE_benchmark_pipeline_sa_103/benchmark_results/indelsieve/from_candidate/variant_calling/mt/no_cnv/smc_mudel_sa_stage_1/0006/indelsieve_median.genotypes	/raid/kang/DelSIEVE/simulation_results/IndelSIEVE_benchmark_pipeline_sa_103/benchmark_results/simulated_data/results/data_type/no_cnv/0006/true_evo_events_ternary_matrix.simple	/raid/kang/DelSIEVE/simulation_results/IndelSIEVE_benchmark_pipeline_sa_103/benchmark_results/indelsieve/from_candidate/variant_calling/mt/no_cnv/smc_mudel_sa_stage_1/0006/indelsieve_median.ternary	/raid/kang/DelSIEVE/simulation_results/IndelSIEVE_benchmark_pipeline_sa_103/benchmark_results/indelsieve/from_candidate/variant_calling/mt/no_cnv/smc_mudel_sa_stage_1/0006/indelsieve_median.probs	8856	110	18873	681	0.9285938974520288	0.9877314298460852	0.9572501756471924	0.0057946583785492	8263	95	19795	364	0.9578068853599164	0.9886336444125388	0.9729761554312628	0.0047762694821518	7489	211	20420	397	0.9496576211006847	0.9725974025974026	0.9609906326190172	0.010227327807668	525	24	27868	100	0.84	0.9562841530054644	0.8943781942078365	0.0008604617811558	625	86	2	98	675	42	22785	98	0.8732212160413971	0.9414225941422594	0.0018399264029438	0.906040268456376	3	0	23594	3	0.5	1.0	0.0	0.6666666666666666	95	14	23470	21	0.8189655172413793	0.8715596330275229	0.0005961505706012	0.8444444444444444	572	33	22916	79	0.8786482334869432	0.9454545454545454	0.0014379711534271	0.910828025477707	70	8	19	1	0	0	23600	0	NA	NA	0.0	NA
40	20	10	0.001999	0.3	3e-05	3e-06	0.0	0007	indelsieve	candidate_snvs	smc_mudel_sa_stage_1	mt	no_cnv	/raid/kang/DelSIEVE/simulation_results/IndelSIEVE_benchmark_pipeline_sa_103/benchmark_results/simulated_data/results/cell_names	/raid/kang/DelSIEVE/simulation_results/IndelSIEVE_benchmark_pipeline_sa_103/benchmark_results/indelsieve/from_candidate/variant_calling/mt/no_cnv/smc_mudel_sa_stage_1/0007/indelsieve_mode_gaussian.cell_names	/raid/kang/DelSIEVE/simulation_results/IndelSIEVE_benchmark_pipeline_sa_103/benchmark_results/simulated_data/results/data_type/no_cnv/0007/true_evo_events_sites_names	/raid/kang/DelSIEVE/simulation_results/IndelSIEVE_benchmark_pipeline_sa_103/benchmark_results/indelsieve/from_candidate/variant_calling/mt/no_cnv/smc_mudel_sa_stage_1/0007/indelsieve_mode_gaussian.loci_info	/raid/kang/DelSIEVE/simulation_results/IndelSIEVE_benchmark_pipeline_sa_103/benchmark_results/simulated_data/results/data_type/no_cnv/0007/true_evo_events_genotypes_numeric	/raid/kang/DelSIEVE/simulation_results/IndelSIEVE_benchmark_pipeline_sa_103/benchmark_results/indelsieve/from_candidate/variant_calling/mt/no_cnv/smc_mudel_sa_stage_1/0007/indelsieve_mode_gaussian.genotypes	/raid/kang/DelSIEVE/simulation_results/IndelSIEVE_benchmark_pipeline_sa_103/benchmark_results/simulated_data/results/data_type/no_cnv/0007/true_evo_events_ternary_matrix.simple	/raid/kang/DelSIEVE/simulation_results/IndelSIEVE_benchmark_pipeline_sa_103/benchmark_results/indelsieve/from_candidate/variant_calling/mt/no_cnv/smc_mudel_sa_stage_1/0007/indelsieve_mode_gaussian.ternary	/raid/kang/DelSIEVE/simulation_results/IndelSIEVE_benchmark_pipeline_sa_103/benchmark_results/indelsieve/from_candidate/variant_calling/mt/no_cnv/smc_mudel_sa_stage_1/0007/indelsieve_mode_gaussian.probs	11533	103	14201	843	0.9318842921784098	0.9911481608800276	0.9606030318174246	0.0072007829977628	10916	111	15320	322	0.9713472148069052	0.98993379885735	0.9805524365596228	0.007193312163826	9055	286	16961	367	0.9610486096370198	0.9693822931163688	0.9651974630922562	0.0165825940743317	1284	49	25169	167	0.8849069607167471	0.9632408102025506	0.9224137931034484	0.0019430565469109	1451	95	2	165	933	29	22067	91	0.9111328125	0.96985446985447	0.0013124547429398	0.9395770392749244	2	12	23101	5	0.2857142857142857	0.1428571428571428	0.0005191883355687	0.1904761904761904	334	19	22736	31	0.915068493150685	0.9461756373937678	0.0008349813227862	0.9303621169916436	572	23	22445	80	0.8773006134969326	0.961344537815126	0.0010236781199928	0.917401764234162	58	12	14	7	0	0	23120	0	NA	NA	0.0	NA
40	20	10	0.001999	0.3	3e-05	3e-06	0.0	0008	indelsieve	candidate_snvs	smc_mudel_sa_stage_1	mt	no_cnv	/raid/kang/DelSIEVE/simulation_results/IndelSIEVE_benchmark_pipeline_sa_103/benchmark_results/simulated_data/results/cell_names	/raid/kang/DelSIEVE/simulation_results/IndelSIEVE_benchmark_pipeline_sa_103/benchmark_results/indelsieve/from_candidate/variant_calling/mt/no_cnv/smc_mudel_sa_stage_1/0008/indelsieve_mode_gaussian.cell_names	/raid/kang/DelSIEVE/simulation_results/IndelSIEVE_benchmark_pipeline_sa_103/benchmark_results/simulated_data/results/data_type/no_cnv/0008/true_evo_events_sites_names	/raid/kang/DelSIEVE/simulation_results/IndelSIEVE_benchmark_pipeline_sa_103/benchmark_results/indelsieve/from_candidate/variant_calling/mt/no_cnv/smc_mudel_sa_stage_1/0008/indelsieve_mode_gaussian.loci_info	/raid/kang/DelSIEVE/simulation_results/IndelSIEVE_benchmark_pipeline_sa_103/benchmark_results/simulated_data/results/data_type/no_cnv/0008/true_evo_events_genotypes_numeric	/raid/kang/DelSIEVE/simulation_results/IndelSIEVE_benchmark_pipeline_sa_103/benchmark_results/indelsieve/from_candidate/variant_calling/mt/no_cnv/smc_mudel_sa_stage_1/0008/indelsieve_mode_gaussian.genotypes	/raid/kang/DelSIEVE/simulation_results/IndelSIEVE_benchmark_pipeline_sa_103/benchmark_results/simulated_data/results/data_type/no_cnv/0008/true_evo_events_ternary_matrix.simple	/raid/kang/DelSIEVE/simulation_results/IndelSIEVE_benchmark_pipeline_sa_103/benchmark_results/indelsieve/from_candidate/variant_calling/mt/no_cnv/smc_mudel_sa_stage_1/0008/indelsieve_mode_gaussian.ternary	/raid/kang/DelSIEVE/simulation_results/IndelSIEVE_benchmark_pipeline_sa_103/benchmark_results/indelsieve/from_candidate/variant_calling/mt/no_cnv/smc_mudel_sa_stage_1/0008/indelsieve_mode_gaussian.probs	9586	120	18100	674	0.9343079922027292	0.987636513496806	0.9602323950716218	0.0065861690450054	9056	108	18995	310	0.96690155882981	0.9882147533828024	0.9774419859686996	0.0056535622677066	8111	256	19771	331	0.960791281686804	0.9694036094179516	0.9650782318995776	0.0127827432965496	637	20	27676	136	0.8240620957309185	0.969558599695586	0.8909090909090909	0.0007221259387637	773	91	0	136	642	40	23533	105	0.8594377510040161	0.9413489736070382	0.0016968565731981	0.8985304408677397	0	6	24314	0	NA	0.0	0.0002467105263157	NA	129	11	24158	22	0.8543046357615894	0.9214285714285714	0.0004551284703545	0.88659793814433	499	37	23687	97	0.837248322147651	0.9309701492537312	0.0015596020907098	0.881625441696113	74	16	13	2	0	0	24320	0	NA	NA	0.0	NA
40	20	10	0.001999	0.3	3e-05	3e-06	0.0	0009	indelsieve	candidate_snvs	smc_mudel_sa_stage_1	mt	no_cnv	/raid/kang/DelSIEVE/simulation_results/IndelSIEVE_benchmark_pipeline_sa_103/benchmark_results/simulated_data/results/cell_names	/raid/kang/DelSIEVE/simulation_results/IndelSIEVE_benchmark_pipeline_sa_103/benchmark_results/indelsieve/from_candidate/variant_calling/mt/no_cnv/smc_mudel_sa_stage_1/0009/indelsieve_mode_gaussian.cell_names	/raid/kang/DelSIEVE/simulation_results/IndelSIEVE_benchmark_pipeline_sa_103/benchmark_results/simulated_data/results/data_type/no_cnv/0009/true_evo_events_sites_names	/raid/kang/DelSIEVE/simulation_results/IndelSIEVE_benchmark_pipeline_sa_103/benchmark_results/indelsieve/from_candidate/variant_calling/mt/no_cnv/smc_mudel_sa_stage_1/0009/indelsieve_mode_gaussian.loci_info	/raid/kang/DelSIEVE/simulation_results/IndelSIEVE_benchmark_pipeline_sa_103/benchmark_results/simulated_data/results/data_type/no_cnv/0009/true_evo_events_genotypes_numeric	/raid/kang/DelSIEVE/simulation_results/IndelSIEVE_benchmark_pipeline_sa_103/benchmark_results/indelsieve/from_candidate/variant_calling/mt/no_cnv/smc_mudel_sa_stage_1/0009/indelsieve_mode_gaussian.genotypes	/raid/kang/DelSIEVE/simulation_results/IndelSIEVE_benchmark_pipeline_sa_103/benchmark_results/simulated_data/results/data_type/no_cnv/0009/true_evo_events_ternary_matrix.simple	/raid/kang/DelSIEVE/simulation_results/IndelSIEVE_benchmark_pipeline_sa_103/benchmark_results/indelsieve/from_candidate/variant_calling/mt/no_cnv/smc_mudel_sa_stage_1/0009/indelsieve_mode_gaussian.ternary	/raid/kang/DelSIEVE/simulation_results/IndelSIEVE_benchmark_pipeline_sa_103/benchmark_results/indelsieve/from_candidate/variant_calling/mt/no_cnv/smc_mudel_sa_stage_1/0009/indelsieve_mode_gaussian.probs	14127	122	13767	464	0.9681995750805292	0.9914379956488176	0.9796809986130376	0.0087839297285621	13224	108	14853	295	0.9781788593830903	0.991899189918992	0.9849912479982124	0.007218768798877	10857	278	17020	325	0.970935431944196	0.9750336775931748	0.9729802392794732	0.0160712221066019	1588	38	26696	158	0.9095074455899198	0.976629766297663	0.9418742586002372	0.0014214109373831	1746	91	1	157	1436	52	24150	82	0.9459815546772068	0.9650537634408602	0.0021485827617552	0.9554224883566202	19	27	25669	5	0.7916666666666666	0.4130434782608695	0.0010507471980074	0.5428571428571429	547	24	25105	44	0.9255499153976312	0.957968476357268	0.0009550718293604	0.9414802065404474	826	45	24772	77	0.9147286821705426	0.9483352468427096	0.0018132731595277	0.931228861330327	52	9	21	0	0	0	25720	0	NA	NA	0.0	NA
40	20	10	0.001999	0.3	3e-05	3e-06	0.0	0010	indelsieve	candidate_snvs	smc_mudel_sa_stage_1	mt	no_cnv	/raid/kang/DelSIEVE/simulation_results/IndelSIEVE_benchmark_pipeline_sa_103/benchmark_results/simulated_data/results/cell_names	/raid/kang/DelSIEVE/simulation_results/IndelSIEVE_benchmark_pipeline_sa_103/benchmark_results/indelsieve/from_candidate/variant_calling/mt/no_cnv/smc_mudel_sa_stage_1/0010/indelsieve_median.cell_names	/raid/kang/DelSIEVE/simulation_results/IndelSIEVE_benchmark_pipeline_sa_103/benchmark_results/simulated_data/results/data_type/no_cnv/0010/true_evo_events_sites_names	/raid/kang/DelSIEVE/simulation_results/IndelSIEVE_benchmark_pipeline_sa_103/benchmark_results/indelsieve/from_candidate/variant_calling/mt/no_cnv/smc_mudel_sa_stage_1/0010/indelsieve_median.loci_info	/raid/kang/DelSIEVE/simulation_results/IndelSIEVE_benchmark_pipeline_sa_103/benchmark_results/simulated_data/results/data_type/no_cnv/0010/true_evo_events_genotypes_numeric	/raid/kang/DelSIEVE/simulation_results/IndelSIEVE_benchmark_pipeline_sa_103/benchmark_results/indelsieve/from_candidate/variant_calling/mt/no_cnv/smc_mudel_sa_stage_1/0010/indelsieve_median.genotypes	/raid/kang/DelSIEVE/simulation_results/IndelSIEVE_benchmark_pipeline_sa_103/benchmark_results/simulated_data/results/data_type/no_cnv/0010/true_evo_events_ternary_matrix.simple	/raid/kang/DelSIEVE/simulation_results/IndelSIEVE_benchmark_pipeline_sa_103/benchmark_results/indelsieve/from_candidate/variant_calling/mt/no_cnv/smc_mudel_sa_stage_1/0010/indelsieve_median.ternary	/raid/kang/DelSIEVE/simulation_results/IndelSIEVE_benchmark_pipeline_sa_103/benchmark_results/indelsieve/from_candidate/variant_calling/mt/no_cnv/smc_mudel_sa_stage_1/0010/indelsieve_median.probs	10484	135	16900	881	0.9224813022437308	0.9872869385064508	0.9537845705967976	0.0079248605811564	9915	120	17937	418	0.9595470821639408	0.9880418535127056	0.9735860172820108	0.0066456221963781	8405	253	19276	456	0.948538539668209	0.9707784707784708	0.9595296535190364	0.0129550924266475	974	38	27240	138	0.8758992805755396	0.9624505928853756	0.9171374764595104	0.0013930640076251	1112	93	4	134	889	60	21778	113	0.8872255489021956	0.9367755532139094	0.0027475043502152	0.9113275243464892	0	6	22833	1	0.0	0.0	0.0002627085248916	NA	332	33	22447	28	0.9222222222222224	0.9095890410958904	0.0014679715302491	0.9158620689655174	527	51	22148	114	0.8221528861154446	0.9117647058823528	0.002297400783819	0.8646431501230517	82	11	15	5	0	0	22840	0	NA	NA	0.0	NA
40	20	10	0.001999	0.3	3e-05	3e-06	0.0	0001	sieve	candidate_snvs	smc_mu_sa_stage_1-smc_mu_sa_stage_2	mt	no_cnv	/raid/kang/DelSIEVE/simulation_results/IndelSIEVE_benchmark_pipeline_sa_103/benchmark_results/simulated_data/results/cell_names	/raid/kang/DelSIEVE/simulation_results/IndelSIEVE_benchmark_pipeline_sa_103/benchmark_results/indelsieve/from_candidate/variant_calling/stage2/mt/no_cnv/smc_mu_sa_stage_1-smc_mu_sa_stage_2/0001/indelsieve_median.cell_names	/raid/kang/DelSIEVE/simulation_results/IndelSIEVE_benchmark_pipeline_sa_103/benchmark_results/simulated_data/results/data_type/no_cnv/0001/true_evo_events_sites_names	/raid/kang/DelSIEVE/simulation_results/IndelSIEVE_benchmark_pipeline_sa_103/benchmark_results/indelsieve/from_candidate/variant_calling/stage2/mt/no_cnv/smc_mu_sa_stage_1-smc_mu_sa_stage_2/0001/indelsieve_median.loci_info	/raid/kang/DelSIEVE/simulation_results/IndelSIEVE_benchmark_pipeline_sa_103/benchmark_results/simulated_data/results/data_type/no_cnv/0001/true_evo_events_genotypes_numeric	/raid/kang/DelSIEVE/simulation_results/IndelSIEVE_benchmark_pipeline_sa_103/benchmark_results/indelsieve/from_candidate/variant_calling/stage2/mt/no_cnv/smc_mu_sa_stage_1-smc_mu_sa_stage_2/0001/indelsieve_median.genotypes	/raid/kang/DelSIEVE/simulation_results/IndelSIEVE_benchmark_pipeline_sa_103/benchmark_results/simulated_data/results/data_type/no_cnv/0001/true_evo_events_ternary_matrix.simple	/raid/kang/DelSIEVE/simulation_results/IndelSIEVE_benchmark_pipeline_sa_103/benchmark_results/indelsieve/from_candidate/variant_calling/stage2/mt/no_cnv/smc_mu_sa_stage_1-smc_mu_sa_stage_2/0001/indelsieve_median.ternary	/raid/kang/DelSIEVE/simulation_results/IndelSIEVE_benchmark_pipeline_sa_103/benchmark_results/indelsieve/from_candidate/variant_calling/stage2/mt/no_cnv/smc_mu_sa_stage_1-smc_mu_sa_stage_2/0001/indelsieve_median.probs	10907	150	15683	1540	0.87627540772877	0.9864339332549515	0.9280973451327434	0.0094738836607086	10832	225	16858	348	0.9688729874776386	0.9796508998824274	0.974232135629806	0.0131709887022185	9152	519	18239	353	0.9628616517622304	0.9463344018198738	0.9545264914476428	0.0276681949035078	1226	160	26670	207	0.8555478018143754	0.8845598845598845	0.8698119900673997	0.0059634737234439	1433	150	2	205	0	0	23172	1068	0.0	NA	0.0	NA	0	0	24231	9	0.0	NA	0.0	NA	0	0	23998	242	0.0	NA	0.0	NA	0	0	23423	817	0.0	NA	0.0	NA	742	70	94	145	0	0	24240	0	NA	NA	0.0	NA
40	20	10	0.001999	0.3	3e-05	3e-06	0.0	0001	indelsieve	candidate_snvs	smc_mudel_sa_stage_1-smc_mudel_sa_stage_2	mt	no_cnv	/raid/kang/DelSIEVE/simulation_results/IndelSIEVE_benchmark_pipeline_sa_103/benchmark_results/simulated_data/results/cell_names	/raid/kang/DelSIEVE/simulation_results/IndelSIEVE_benchmark_pipeline_sa_103/benchmark_results/indelsieve/from_candidate/variant_calling/stage2/mt/no_cnv/smc_mudel_sa_stage_1-smc_mudel_sa_stage_2/0001/indelsieve_median.cell_names	/raid/kang/DelSIEVE/simulation_results/IndelSIEVE_benchmark_pipeline_sa_103/benchmark_results/simulated_data/results/data_type/no_cnv/0001/true_evo_events_sites_names	/raid/kang/DelSIEVE/simulation_results/IndelSIEVE_benchmark_pipeline_sa_103/benchmark_results/indelsieve/from_candidate/variant_calling/stage2/mt/no_cnv/smc_mudel_sa_stage_1-smc_mudel_sa_stage_2/0001/indelsieve_median.loci_info	/raid/kang/DelSIEVE/simulation_results/IndelSIEVE_benchmark_pipeline_sa_103/benchmark_results/simulated_data/results/data_type/no_cnv/0001/true_evo_events_genotypes_numeric	/raid/kang/DelSIEVE/simulation_results/IndelSIEVE_benchmark_pipeline_sa_103/benchmark_results/indelsieve/from_candidate/variant_calling/stage2/mt/no_cnv/smc_mudel_sa_stage_1-smc_mudel_sa_stage_2/0001/indelsieve_median.genotypes	/raid/kang/DelSIEVE/simulation_results/IndelSIEVE_benchmark_pipeline_sa_103/benchmark_results/simulated_data/results/data_type/no_cnv/0001/true_evo_events_ternary_matrix.simple	/raid/kang/DelSIEVE/simulation_results/IndelSIEVE_benchmark_pipeline_sa_103/benchmark_results/indelsieve/from_candidate/variant_calling/stage2/mt/no_cnv/smc_mudel_sa_stage_1-smc_mudel_sa_stage_2/0001/indelsieve_median.ternary	/raid/kang/DelSIEVE/simulation_results/IndelSIEVE_benchmark_pipeline_sa_103/benchmark_results/indelsieve/from_candidate/variant_calling/stage2/mt/no_cnv/smc_mudel_sa_stage_1-smc_mudel_sa_stage_2/0001/indelsieve_median.probs	11607	165	15668	840	0.9325138587611472	0.9859836901121304	0.958503654155828	0.0104212720267795	10841	168	16915	339	0.9696779964221824	0.9847397583795076	0.9771508405065572	0.0098343382309898	9160	383	18374	346	0.9636019356196088	0.9598658702714032	0.9617302745550949	0.020419043557072	1227	17	26814	205	0.8568435754189944	0.9863344051446944	0.9170403587443946	0.0006335954679288	1432	145	2	203	962	23	23149	106	0.900749063670412	0.9766497461928934	0.0009925772484032	0.9371651242084754	9	4	24227	0	1.0	0.6923076923076923	0.0001650777929099	0.8181818181818181	211	11	23987	31	0.871900826446281	0.9504504504504504	0.0004583715309609	0.9094827586206896	725	25	23398	92	0.8873929008567931	0.9666666666666668	0.0010673269862955	0.9253350350989152	65	14	21	6	0	0	24240	0	NA	NA	0.0	NA
40	20	10	0.001999	0.3	3e-05	3e-06	0.0	0002	sieve	candidate_snvs	smc_mu_sa_stage_1-smc_mu_sa_stage_2	mt	no_cnv	/raid/kang/DelSIEVE/simulation_results/IndelSIEVE_benchmark_pipeline_sa_103/benchmark_results/simulated_data/results/cell_names	/raid/kang/DelSIEVE/simulation_results/IndelSIEVE_benchmark_pipeline_sa_103/benchmark_results/indelsieve/from_candidate/variant_calling/stage2/mt/no_cnv/smc_mu_sa_stage_1-smc_mu_sa_stage_2/0002/indelsieve_median.cell_names	/raid/kang/DelSIEVE/simulation_results/IndelSIEVE_benchmark_pipeline_sa_103/benchmark_results/simulated_data/results/data_type/no_cnv/0002/true_evo_events_sites_names	/raid/kang/DelSIEVE/simulation_results/IndelSIEVE_benchmark_pipeline_sa_103/benchmark_results/indelsieve/from_candidate/variant_calling/stage2/mt/no_cnv/smc_mu_sa_stage_1-smc_mu_sa_stage_2/0002/indelsieve_median.loci_info	/raid/kang/DelSIEVE/simulation_results/IndelSIEVE_benchmark_pipeline_sa_103/benchmark_results/simulated_data/results/data_type/no_cnv/0002/true_evo_events_genotypes_numeric	/raid/kang/DelSIEVE/simulation_results/IndelSIEVE_benchmark_pipeline_sa_103/benchmark_results/indelsieve/from_candidate/variant_calling/stage2/mt/no_cnv/smc_mu_sa_stage_1-smc_mu_sa_stage_2/0002/indelsieve_median.genotypes	/raid/kang/DelSIEVE/simulation_results/IndelSIEVE_benchmark_pipeline_sa_103/benchmark_results/simulated_data/results/data_type/no_cnv/0002/true_evo_events_ternary_matrix.simple	/raid/kang/DelSIEVE/simulation_results/IndelSIEVE_benchmark_pipeline_sa_103/benchmark_results/indelsieve/from_candidate/variant_calling/stage2/mt/no_cnv/smc_mu_sa_stage_1-smc_mu_sa_stage_2/0002/indelsieve_median.ternary	/raid/kang/DelSIEVE/simulation_results/IndelSIEVE_benchmark_pipeline_sa_103/benchmark_results/indelsieve/from_candidate/variant_calling/stage2/mt/no_cnv/smc_mu_sa_stage_1-smc_mu_sa_stage_2/0002/indelsieve_median.probs	11550	144	15433	1433	0.8896248940922745	0.9876859928168292	0.936094338858046	0.0092443987930923	11465	229	16729	130	0.988788270806382	0.9804173080212074	0.9845849972089828	0.0135039509376105	9955	532	17930	136	0.9865226439401448	0.9492705254124154	0.9675381475362036	0.0288159462680099	1033	174	27187	159	0.8666107382550335	0.855840927920464	0.8611921634014174	0.0063594166879865	1192	144	0	159	0	0	25341	1339	0.0	NA	0.0	NA	0	0	26672	8	0.0	NA	0.0	NA	0	0	26368	312	0.0	NA	0.0	NA	0	0	25661	1019	0.0	NA	0.0	NA	942	77	144	162	0	0	26680	0	NA	NA	0.0	NA
40	20	10	0.001999	0.3	3e-05	3e-06	0.0	0002	indelsieve	candidate_snvs	smc_mudel_sa_stage_1-smc_mudel_sa_stage_2	mt	no_cnv	/raid/kang/DelSIEVE/simulation_results/IndelSIEVE_benchmark_pipeline_sa_103/benchmark_results/simulated_data/results/cell_names	/raid/kang/DelSIEVE/simulation_results/IndelSIEVE_benchmark_pipeline_sa_103/benchmark_results/indelsieve/from_candidate/variant_calling/stage2/mt/no_cnv/smc_mudel_sa_stage_1-smc_mudel_sa_stage_2/0002/indelsieve_median.cell_names	/raid/kang/DelSIEVE/simulation_results/IndelSIEVE_benchmark_pipeline_sa_103/benchmark_results/simulated_data/results/data_type/no_cnv/0002/true_evo_events_sites_names	/raid/kang/DelSIEVE/simulation_results/IndelSIEVE_benchmark_pipeline_sa_103/benchmark_results/indelsieve/from_candidate/variant_calling/stage2/mt/no_cnv/smc_mudel_sa_stage_1-smc_mudel_sa_stage_2/0002/indelsieve_median.loci_info	/raid/kang/DelSIEVE/simulation_results/IndelSIEVE_benchmark_pipeline_sa_103/benchmark_results/simulated_data/results/data_type/no_cnv/0002/true_evo_events_genotypes_numeric	/raid/kang/DelSIEVE/simulation_results/IndelSIEVE_benchmark_pipeline_sa_103/benchmark_results/indelsieve/from_candidate/variant_calling/stage2/mt/no_cnv/smc_mudel_sa_stage_1-smc_mudel_sa_stage_2/0002/indelsieve_median.genotypes	/raid/kang/DelSIEVE/simulation_results/IndelSIEVE_benchmark_pipeline_sa_103/benchmark_results/simulated_data/results/data_type/no_cnv/0002/true_evo_events_ternary_matrix.simple	/raid/kang/DelSIEVE/simulation_results/IndelSIEVE_benchmark_pipeline_sa_103/benchmark_results/indelsieve/from_candidate/variant_calling/stage2/mt/no_cnv/smc_mudel_sa_stage_1-smc_mudel_sa_stage_2/0002/indelsieve_median.ternary	/raid/kang/DelSIEVE/simulation_results/IndelSIEVE_benchmark_pipeline_sa_103/benchmark_results/indelsieve/from_candidate/variant_calling/stage2/mt/no_cnv/smc_mudel_sa_stage_1-smc_mudel_sa_stage_2/0002/indelsieve_median.probs	12425	148	15429	558	0.9570207194022952	0.988228744134256	0.9723743934888088	0.009501187648456	11470	163	16795	125	0.9892194911599828	0.9859881371959082	0.9876011710005164	0.0096119825451114	9961	337	18121	134	0.9867261020307084	0.96727519906778	0.9769038395527876	0.01825766605266	1028	10	27355	160	0.8653198653198653	0.9903660886319846	0.9236298292902066	0.0003654302941713	1188	139	0	160	1223	14	25327	116	0.9133681852128454	0.988682295877122	0.0005524643857779	0.9495341614906831	8	4	26668	0	1.0	0.6666666666666666	0.0001499700059988	0.8	287	10	26358	25	0.9198717948717948	0.9663299663299664	0.0003792475728155	0.942528735632184	917	11	25650	102	0.8999018645731109	0.988146551724138	0.0004286660691321	0.9419619928094504	78	19	19	0	0	0	26680	0	NA	NA	0.0	NA
40	20	10	0.001999	0.3	3e-05	3e-06	0.0	0003	sieve	candidate_snvs	smc_mu_sa_stage_1-smc_mu_sa_stage_2	mt	no_cnv	/raid/kang/DelSIEVE/simulation_results/IndelSIEVE_benchmark_pipeline_sa_103/benchmark_results/simulated_data/results/cell_names	/raid/kang/DelSIEVE/simulation_results/IndelSIEVE_benchmark_pipeline_sa_103/benchmark_results/indelsieve/from_candidate/variant_calling/stage2/mt/no_cnv/smc_mu_sa_stage_1-smc_mu_sa_stage_2/0003/indelsieve_median.cell_names	/raid/kang/DelSIEVE/simulation_results/IndelSIEVE_benchmark_pipeline_sa_103/benchmark_results/simulated_data/results/data_type/no_cnv/0003/true_evo_events_sites_names	/raid/kang/DelSIEVE/simulation_results/IndelSIEVE_benchmark_pipeline_sa_103/benchmark_results/indelsieve/from_candidate/variant_calling/stage2/mt/no_cnv/smc_mu_sa_stage_1-smc_mu_sa_stage_2/0003/indelsieve_median.loci_info	/raid/kang/DelSIEVE/simulation_results/IndelSIEVE_benchmark_pipeline_sa_103/benchmark_results/simulated_data/results/data_type/no_cnv/0003/true_evo_events_genotypes_numeric	/raid/kang/DelSIEVE/simulation_results/IndelSIEVE_benchmark_pipeline_sa_103/benchmark_results/indelsieve/from_candidate/variant_calling/stage2/mt/no_cnv/smc_mu_sa_stage_1-smc_mu_sa_stage_2/0003/indelsieve_median.genotypes	/raid/kang/DelSIEVE/simulation_results/IndelSIEVE_benchmark_pipeline_sa_103/benchmark_results/simulated_data/results/data_type/no_cnv/0003/true_evo_events_ternary_matrix.simple	/raid/kang/DelSIEVE/simulation_results/IndelSIEVE_benchmark_pipeline_sa_103/benchmark_results/indelsieve/from_candidate/variant_calling/stage2/mt/no_cnv/smc_mu_sa_stage_1-smc_mu_sa_stage_2/0003/indelsieve_median.ternary	/raid/kang/DelSIEVE/simulation_results/IndelSIEVE_benchmark_pipeline_sa_103/benchmark_results/indelsieve/from_candidate/variant_calling/stage2/mt/no_cnv/smc_mu_sa_stage_1-smc_mu_sa_stage_2/0003/indelsieve_median.probs	12344	171	13513	1812	0.8719977394744278	0.9863363963244108	0.9256495819429345	0.0124963460976322	12300	215	15075	234	0.9813307802776448	0.982820615261686	0.9820751327398298	0.014061478090255	9866	579	17134	245	0.9757689644941152	0.9445667783628532	0.9599143802296166	0.0326878563766725	1567	503	25541	213	0.8803370786516854	0.7570048309178744	0.8140259740259741	0.0193134695131316	1780	171	1	212	0	0	22767	1793	0.0	NA	0.0	NA	0	0	24516	44	0.0	NA	0.0	NA	0	0	23917	643	0.0	NA	0.0	NA	0	0	23454	1106	0.0	NA	0.0	NA	1063	42	153	488	0	0	24560	0	NA	NA	0.0	NA
40	20	10	0.001999	0.3	3e-05	3e-06	0.0	0003	indelsieve	candidate_snvs	smc_mudel_sa_stage_1-smc_mudel_sa_stage_2	mt	no_cnv	/raid/kang/DelSIEVE/simulation_results/IndelSIEVE_benchmark_pipeline_sa_103/benchmark_results/simulated_data/results/cell_names	/raid/kang/DelSIEVE/simulation_results/IndelSIEVE_benchmark_pipeline_sa_103/benchmark_results/indelsieve/from_candidate/variant_calling/stage2/mt/no_cnv/smc_mudel_sa_stage_1-smc_mudel_sa_stage_2/0003/indelsieve_median.cell_names	/raid/kang/DelSIEVE/simulation_results/IndelSIEVE_benchmark_pipeline_sa_103/benchmark_results/simulated_data/results/data_type/no_cnv/0003/true_evo_events_sites_names	/raid/kang/DelSIEVE/simulation_results/IndelSIEVE_benchmark_pipeline_sa_103/benchmark_results/indelsieve/from_candidate/variant_calling/stage2/mt/no_cnv/smc_mudel_sa_stage_1-smc_mudel_sa_stage_2/0003/indelsieve_median.loci_info	/raid/kang/DelSIEVE/simulation_results/IndelSIEVE_benchmark_pipeline_sa_103/benchmark_results/simulated_data/results/data_type/no_cnv/0003/true_evo_events_genotypes_numeric	/raid/kang/DelSIEVE/simulation_results/IndelSIEVE_benchmark_pipeline_sa_103/benchmark_results/indelsieve/from_candidate/variant_calling/stage2/mt/no_cnv/smc_mudel_sa_stage_1-smc_mudel_sa_stage_2/0003/indelsieve_median.genotypes	/raid/kang/DelSIEVE/simulation_results/IndelSIEVE_benchmark_pipeline_sa_103/benchmark_results/simulated_data/results/data_type/no_cnv/0003/true_evo_events_ternary_matrix.simple	/raid/kang/DelSIEVE/simulation_results/IndelSIEVE_benchmark_pipeline_sa_103/benchmark_results/indelsieve/from_candidate/variant_calling/stage2/mt/no_cnv/smc_mudel_sa_stage_1-smc_mudel_sa_stage_2/0003/indelsieve_median.ternary	/raid/kang/DelSIEVE/simulation_results/IndelSIEVE_benchmark_pipeline_sa_103/benchmark_results/indelsieve/from_candidate/variant_calling/stage2/mt/no_cnv/smc_mudel_sa_stage_1-smc_mudel_sa_stage_2/0003/indelsieve_median.probs	13395	174	13510	761	0.9462418762362248	0.987176652664161	0.9662759242560868	0.0127155802396959	12303	178	15112	231	0.9815701292484442	0.9857383222498196	0.9836498101139316	0.0116415958142576	9865	405	17305	249	0.9753806604706348	0.9605647517039922	0.9679160125588696	0.0228684359119141	1564	15	26032	213	0.8801350590883511	0.9905003166561116	0.932061978545888	0.0005758820593542	1777	163	1	212	1701	19	22748	92	0.9486893474623536	0.9889534883720932	0.000834541221944	0.968403074295474	39	0	24516	5	0.8863636363636364	1.0	0.0	0.9397590361445785	620	12	23905	23	0.9642301710730948	0.981012658227848	0.0005017351674541	0.9725490196078432	1030	19	23435	76	0.9312839059674504	0.9818875119161106	0.00081009635883	0.9559164733178652	61	11	19	1	0	0	24560	0	NA	NA	0.0	NA
40	20	10	0.001999	0.3	3e-05	3e-06	0.0	0004	sieve	candidate_snvs	smc_mu_sa_stage_1-smc_mu_sa_stage_2	mt	no_cnv	/raid/kang/DelSIEVE/simulation_results/IndelSIEVE_benchmark_pipeline_sa_103/benchmark_results/simulated_data/results/cell_names	/raid/kang/DelSIEVE/simulation_results/IndelSIEVE_benchmark_pipeline_sa_103/benchmark_results/indelsieve/from_candidate/variant_calling/stage2/mt/no_cnv/smc_mu_sa_stage_1-smc_mu_sa_stage_2/0004/indelsieve_median.cell_names	/raid/kang/DelSIEVE/simulation_results/IndelSIEVE_benchmark_pipeline_sa_103/benchmark_results/simulated_data/results/data_type/no_cnv/0004/true_evo_events_sites_names	/raid/kang/DelSIEVE/simulation_results/IndelSIEVE_benchmark_pipeline_sa_103/benchmark_results/indelsieve/from_candidate/variant_calling/stage2/mt/no_cnv/smc_mu_sa_stage_1-smc_mu_sa_stage_2/0004/indelsieve_median.loci_info	/raid/kang/DelSIEVE/simulation_results/IndelSIEVE_benchmark_pipeline_sa_103/benchmark_results/simulated_data/results/data_type/no_cnv/0004/true_evo_events_genotypes_numeric	/raid/kang/DelSIEVE/simulation_results/IndelSIEVE_benchmark_pipeline_sa_103/benchmark_results/indelsieve/from_candidate/variant_calling/stage2/mt/no_cnv/smc_mu_sa_stage_1-smc_mu_sa_stage_2/0004/indelsieve_median.genotypes	/raid/kang/DelSIEVE/simulation_results/IndelSIEVE_benchmark_pipeline_sa_103/benchmark_results/simulated_data/results/data_type/no_cnv/0004/true_evo_events_ternary_matrix.simple	/raid/kang/DelSIEVE/simulation_results/IndelSIEVE_benchmark_pipeline_sa_103/benchmark_results/indelsieve/from_candidate/variant_calling/stage2/mt/no_cnv/smc_mu_sa_stage_1-smc_mu_sa_stage_2/0004/indelsieve_median.ternary	/raid/kang/DelSIEVE/simulation_results/IndelSIEVE_benchmark_pipeline_sa_103/benchmark_results/indelsieve/from_candidate/variant_calling/stage2/mt/no_cnv/smc_mu_sa_stage_1-smc_mu_sa_stage_2/0004/indelsieve_median.probs	9813	121	9463	1003	0.9072670118343196	0.9878196094221864	0.9458313253012048	0.0126252086811352	9766	168	10328	129	0.9869631126831732	0.9830883833299778	0.9850219375661908	0.0160060975609756	7690	499	12068	134	0.9828732106339468	0.9390645988521188	0.9604696184350217	0.0397071695710989	1419	326	18451	195	0.879182156133829	0.8131805157593123	0.8448943137838643	0.017361665867817	1614	121	2	193	0	0	17856	1144	0.0	NA	0.0	NA	0	0	18986	14	0.0	NA	0.0	NA	0	0	18543	457	0.0	NA	0.0	NA	0	0	18327	673	0.0	NA	0.0	NA	627	46	138	317	0	0	19000	0	NA	NA	0.0	NA
40	20	10	0.001999	0.3	3e-05	3e-06	0.0	0004	indelsieve	candidate_snvs	smc_mudel_sa_stage_1-smc_mudel_sa_stage_2	mt	no_cnv	/raid/kang/DelSIEVE/simulation_results/IndelSIEVE_benchmark_pipeline_sa_103/benchmark_results/simulated_data/results/cell_names	/raid/kang/DelSIEVE/simulation_results/IndelSIEVE_benchmark_pipeline_sa_103/benchmark_results/indelsieve/from_candidate/variant_calling/stage2/mt/no_cnv/smc_mudel_sa_stage_1-smc_mudel_sa_stage_2/0004/indelsieve_median.cell_names	/raid/kang/DelSIEVE/simulation_results/IndelSIEVE_benchmark_pipeline_sa_103/benchmark_results/simulated_data/results/data_type/no_cnv/0004/true_evo_events_sites_names	/raid/kang/DelSIEVE/simulation_results/IndelSIEVE_benchmark_pipeline_sa_103/benchmark_results/indelsieve/from_candidate/variant_calling/stage2/mt/no_cnv/smc_mudel_sa_stage_1-smc_mudel_sa_stage_2/0004/indelsieve_median.loci_info	/raid/kang/DelSIEVE/simulation_results/IndelSIEVE_benchmark_pipeline_sa_103/benchmark_results/simulated_data/results/data_type/no_cnv/0004/true_evo_events_genotypes_numeric	/raid/kang/DelSIEVE/simulation_results/IndelSIEVE_benchmark_pipeline_sa_103/benchmark_results/indelsieve/from_candidate/variant_calling/stage2/mt/no_cnv/smc_mudel_sa_stage_1-smc_mudel_sa_stage_2/0004/indelsieve_median.genotypes	/raid/kang/DelSIEVE/simulation_results/IndelSIEVE_benchmark_pipeline_sa_103/benchmark_results/simulated_data/results/data_type/no_cnv/0004/true_evo_events_ternary_matrix.simple	/raid/kang/DelSIEVE/simulation_results/IndelSIEVE_benchmark_pipeline_sa_103/benchmark_results/indelsieve/from_candidate/variant_calling/stage2/mt/no_cnv/smc_mudel_sa_stage_1-smc_mudel_sa_stage_2/0004/indelsieve_median.ternary	/raid/kang/DelSIEVE/simulation_results/IndelSIEVE_benchmark_pipeline_sa_103/benchmark_results/indelsieve/from_candidate/variant_calling/stage2/mt/no_cnv/smc_mudel_sa_stage_1-smc_mudel_sa_stage_2/0004/indelsieve_median.probs	10407	128	9456	409	0.962185650887574	0.9878500237304224	0.9748489532106226	0.013355592654424	9763	142	10354	132	0.9866599292572006	0.9856638061585058	0.986161616161616	0.0135289634146341	7687	349	12201	154	0.9803596480040812	0.9565704330512692	0.9683189519430624	0.027808764940239	1407	12	18782	190	0.8810269254852849	0.9915433403805496	0.9330238726790452	0.0006385016494625	1597	124	2	188	1056	24	17832	88	0.9230769230769232	0.9777777777777776	0.0013440860215053	0.9496402877697844	11	0	18986	3	0.7857142857142857	1.0	0.0	0.88	427	23	18520	30	0.9343544857768052	0.9488888888888888	0.0012403602437577	0.9415656008820286	607	12	18315	66	0.9019316493313522	0.9806138933764136	0.0006547716483876	0.9396284829721364	48	13	24	3	0	0	19000	0	NA	NA	0.0	NA
40	20	10	0.001999	0.3	3e-05	3e-06	0.0	0005	sieve	candidate_snvs	smc_mu_sa_stage_1-smc_mu_sa_stage_2	mt	no_cnv	/raid/kang/DelSIEVE/simulation_results/IndelSIEVE_benchmark_pipeline_sa_103/benchmark_results/simulated_data/results/cell_names	/raid/kang/DelSIEVE/simulation_results/IndelSIEVE_benchmark_pipeline_sa_103/benchmark_results/indelsieve/from_candidate/variant_calling/stage2/mt/no_cnv/smc_mu_sa_stage_1-smc_mu_sa_stage_2/0005/indelsieve_median.cell_names	/raid/kang/DelSIEVE/simulation_results/IndelSIEVE_benchmark_pipeline_sa_103/benchmark_results/simulated_data/results/data_type/no_cnv/0005/true_evo_events_sites_names	/raid/kang/DelSIEVE/simulation_results/IndelSIEVE_benchmark_pipeline_sa_103/benchmark_results/indelsieve/from_candidate/variant_calling/stage2/mt/no_cnv/smc_mu_sa_stage_1-smc_mu_sa_stage_2/0005/indelsieve_median.loci_info	/raid/kang/DelSIEVE/simulation_results/IndelSIEVE_benchmark_pipeline_sa_103/benchmark_results/simulated_data/results/data_type/no_cnv/0005/true_evo_events_genotypes_numeric	/raid/kang/DelSIEVE/simulation_results/IndelSIEVE_benchmark_pipeline_sa_103/benchmark_results/indelsieve/from_candidate/variant_calling/stage2/mt/no_cnv/smc_mu_sa_stage_1-smc_mu_sa_stage_2/0005/indelsieve_median.genotypes	/raid/kang/DelSIEVE/simulation_results/IndelSIEVE_benchmark_pipeline_sa_103/benchmark_results/simulated_data/results/data_type/no_cnv/0005/true_evo_events_ternary_matrix.simple	/raid/kang/DelSIEVE/simulation_results/IndelSIEVE_benchmark_pipeline_sa_103/benchmark_results/indelsieve/from_candidate/variant_calling/stage2/mt/no_cnv/smc_mu_sa_stage_1-smc_mu_sa_stage_2/0005/indelsieve_median.ternary	/raid/kang/DelSIEVE/simulation_results/IndelSIEVE_benchmark_pipeline_sa_103/benchmark_results/indelsieve/from_candidate/variant_calling/stage2/mt/no_cnv/smc_mu_sa_stage_1-smc_mu_sa_stage_2/0005/indelsieve_median.probs	9195	141	11857	967	0.904841566620744	0.984897172236504	0.943173658836804	0.0117519586597766	9143	193	12619	195	0.9791175840651104	0.9793273350471294	0.9792224483238728	0.0150640024976584	7796	439	13706	209	0.973891317926296	0.9466909532483304	0.9600985221674876	0.0310357016613644	967	134	20920	129	0.8822992700729927	0.8782924613987284	0.8802913063268092	0.0063645863018903	1096	141	2	127	0	0	18981	739	0.0	NA	0.0	NA	0	0	19718	2	0.0	NA	0.0	NA	0	0	19483	237	0.0	NA	0.0	NA	0	0	19220	500	0.0	NA	0.0	NA	450	49	120	115	0	0	19720	0	NA	NA	0.0	NA
40	20	10	0.001999	0.3	3e-05	3e-06	0.0	0005	indelsieve	candidate_snvs	smc_mudel_sa_stage_1-smc_mudel_sa_stage_2	mt	no_cnv	/raid/kang/DelSIEVE/simulation_results/IndelSIEVE_benchmark_pipeline_sa_103/benchmark_results/simulated_data/results/cell_names	/raid/kang/DelSIEVE/simulation_results/IndelSIEVE_benchmark_pipeline_sa_103/benchmark_results/indelsieve/from_candidate/variant_calling/stage2/mt/no_cnv/smc_mudel_sa_stage_1-smc_mudel_sa_stage_2/0005/indelsieve_median.cell_names	/raid/kang/DelSIEVE/simulation_results/IndelSIEVE_benchmark_pipeline_sa_103/benchmark_results/simulated_data/results/data_type/no_cnv/0005/true_evo_events_sites_names	/raid/kang/DelSIEVE/simulation_results/IndelSIEVE_benchmark_pipeline_sa_103/benchmark_results/indelsieve/from_candidate/variant_calling/stage2/mt/no_cnv/smc_mudel_sa_stage_1-smc_mudel_sa_stage_2/0005/indelsieve_median.loci_info	/raid/kang/DelSIEVE/simulation_results/IndelSIEVE_benchmark_pipeline_sa_103/benchmark_results/simulated_data/results/data_type/no_cnv/0005/true_evo_events_genotypes_numeric	/raid/kang/DelSIEVE/simulation_results/IndelSIEVE_benchmark_pipeline_sa_103/benchmark_results/indelsieve/from_candidate/variant_calling/stage2/mt/no_cnv/smc_mudel_sa_stage_1-smc_mudel_sa_stage_2/0005/indelsieve_median.genotypes	/raid/kang/DelSIEVE/simulation_results/IndelSIEVE_benchmark_pipeline_sa_103/benchmark_results/simulated_data/results/data_type/no_cnv/0005/true_evo_events_ternary_matrix.simple	/raid/kang/DelSIEVE/simulation_results/IndelSIEVE_benchmark_pipeline_sa_103/benchmark_results/indelsieve/from_candidate/variant_calling/stage2/mt/no_cnv/smc_mudel_sa_stage_1-smc_mudel_sa_stage_2/0005/indelsieve_median.ternary	/raid/kang/DelSIEVE/simulation_results/IndelSIEVE_benchmark_pipeline_sa_103/benchmark_results/indelsieve/from_candidate/variant_calling/stage2/mt/no_cnv/smc_mudel_sa_stage_1-smc_mudel_sa_stage_2/0005/indelsieve_median.probs	9599	158	11840	563	0.9445975201731942	0.9838064978989444	0.9638034037853306	0.0131688614769128	9141	171	12641	197	0.9789034054401372	0.9816365979381444	0.9802680965147452	0.0133468623165782	7791	323	13822	214	0.973266708307308	0.9601922602908554	0.9666852782430672	0.0228349240014139	970	21	21033	126	0.885036496350365	0.9788092835519676	0.9295639674173456	0.0009974351667141	1096	142	2	124	631	21	18960	108	0.8538565629228687	0.9677914110429447	0.0011063695274221	0.9072609633357296	0	0	19718	2	0.0	NA	0.0	NA	199	8	19475	38	0.8396624472573839	0.961352657004831	0.0004106143817687	0.8963963963963965	423	22	19198	77	0.846	0.950561797752809	0.0011446409989594	0.8952380952380952	49	23	34	1	0	0	19720	0	NA	NA	0.0	NA
40	20	10	0.001999	0.3	3e-05	3e-06	0.0	0006	sieve	candidate_snvs	smc_mu_sa_stage_1-smc_mu_sa_stage_2	mt	no_cnv	/raid/kang/DelSIEVE/simulation_results/IndelSIEVE_benchmark_pipeline_sa_103/benchmark_results/simulated_data/results/cell_names	/raid/kang/DelSIEVE/simulation_results/IndelSIEVE_benchmark_pipeline_sa_103/benchmark_results/indelsieve/from_candidate/variant_calling/stage2/mt/no_cnv/smc_mu_sa_stage_1-smc_mu_sa_stage_2/0006/indelsieve_median.cell_names	/raid/kang/DelSIEVE/simulation_results/IndelSIEVE_benchmark_pipeline_sa_103/benchmark_results/simulated_data/results/data_type/no_cnv/0006/true_evo_events_sites_names	/raid/kang/DelSIEVE/simulation_results/IndelSIEVE_benchmark_pipeline_sa_103/benchmark_results/indelsieve/from_candidate/variant_calling/stage2/mt/no_cnv/smc_mu_sa_stage_1-smc_mu_sa_stage_2/0006/indelsieve_median.loci_info	/raid/kang/DelSIEVE/simulation_results/IndelSIEVE_benchmark_pipeline_sa_103/benchmark_results/simulated_data/results/data_type/no_cnv/0006/true_evo_events_genotypes_numeric	/raid/kang/DelSIEVE/simulation_results/IndelSIEVE_benchmark_pipeline_sa_103/benchmark_results/indelsieve/from_candidate/variant_calling/stage2/mt/no_cnv/smc_mu_sa_stage_1-smc_mu_sa_stage_2/0006/indelsieve_median.genotypes	/raid/kang/DelSIEVE/simulation_results/IndelSIEVE_benchmark_pipeline_sa_103/benchmark_results/simulated_data/results/data_type/no_cnv/0006/true_evo_events_ternary_matrix.simple	/raid/kang/DelSIEVE/simulation_results/IndelSIEVE_benchmark_pipeline_sa_103/benchmark_results/indelsieve/from_candidate/variant_calling/stage2/mt/no_cnv/smc_mu_sa_stage_1-smc_mu_sa_stage_2/0006/indelsieve_median.ternary	/raid/kang/DelSIEVE/simulation_results/IndelSIEVE_benchmark_pipeline_sa_103/benchmark_results/indelsieve/from_candidate/variant_calling/stage2/mt/no_cnv/smc_mu_sa_stage_1-smc_mu_sa_stage_2/0006/indelsieve_median.probs	8332	148	18835	1205	0.8736499947572612	0.9825471698113208	0.9249042570905256	0.0077964494547753	8267	213	19677	360	0.958270545960357	0.974882075471698	0.966504939498451	0.010708898944193	7514	451	20190	362	0.9540375825292028	0.9433772755806654	0.9486774824821664	0.0218497165834988	479	36	27846	156	0.7543307086614173	0.9300970873786408	0.8330434782608696	0.0012911555842479	635	148	2	154	0	0	22827	773	0.0	NA	0.0	NA	0	0	23594	6	0.0	NA	0.0	NA	0	0	23484	116	0.0	NA	0.0	NA	0	0	22949	651	0.0	NA	0.0	NA	589	62	87	28	0	0	23600	0	NA	NA	0.0	NA
40	20	10	0.001999	0.3	3e-05	3e-06	0.0	0006	indelsieve	candidate_snvs	smc_mudel_sa_stage_1-smc_mudel_sa_stage_2	mt	no_cnv	/raid/kang/DelSIEVE/simulation_results/IndelSIEVE_benchmark_pipeline_sa_103/benchmark_results/simulated_data/results/cell_names	/raid/kang/DelSIEVE/simulation_results/IndelSIEVE_benchmark_pipeline_sa_103/benchmark_results/indelsieve/from_candidate/variant_calling/stage2/mt/no_cnv/smc_mudel_sa_stage_1-smc_mudel_sa_stage_2/0006/indelsieve_median.cell_names	/raid/kang/DelSIEVE/simulation_results/IndelSIEVE_benchmark_pipeline_sa_103/benchmark_results/simulated_data/results/data_type/no_cnv/0006/true_evo_events_sites_names	/raid/kang/DelSIEVE/simulation_results/IndelSIEVE_benchmark_pipeline_sa_103/benchmark_results/indelsieve/from_candidate/variant_calling/stage2/mt/no_cnv/smc_mudel_sa_stage_1-smc_mudel_sa_stage_2/0006/indelsieve_median.loci_info	/raid/kang/DelSIEVE/simulation_results/IndelSIEVE_benchmark_pipeline_sa_103/benchmark_results/simulated_data/results/data_type/no_cnv/0006/true_evo_events_genotypes_numeric	/raid/kang/DelSIEVE/simulation_results/IndelSIEVE_benchmark_pipeline_sa_103/benchmark_results/indelsieve/from_candidate/variant_calling/stage2/mt/no_cnv/smc_mudel_sa_stage_1-smc_mudel_sa_stage_2/0006/indelsieve_median.genotypes	/raid/kang/DelSIEVE/simulation_results/IndelSIEVE_benchmark_pipeline_sa_103/benchmark_results/simulated_data/results/data_type/no_cnv/0006/true_evo_events_ternary_matrix.simple	/raid/kang/DelSIEVE/simulation_results/IndelSIEVE_benchmark_pipeline_sa_103/benchmark_results/indelsieve/from_candidate/variant_calling/stage2/mt/no_cnv/smc_mudel_sa_stage_1-smc_mudel_sa_stage_2/0006/indelsieve_median.ternary	/raid/kang/DelSIEVE/simulation_results/IndelSIEVE_benchmark_pipeline_sa_103/benchmark_results/indelsieve/from_candidate/variant_calling/stage2/mt/no_cnv/smc_mudel_sa_stage_1-smc_mudel_sa_stage_2/0006/indelsieve_median.probs	8861	168	18815	676	0.9291181713327042	0.9813932882932772	0.9545405580092644	0.0088500237054206	8271	168	19722	356	0.9587342065607974	0.9800924280127976	0.9692956756123284	0.008446455505279	7518	332	20309	358	0.9545454545454546	0.9577070063694268	0.9561236169400992	0.0160844920304248	482	7	27875	153	0.7590551181102362	0.985685071574642	0.8576512455516014	0.0002510580302704	635	151	2	151	670	20	22807	103	0.8667529107373868	0.9710144927536232	0.0008761554299732	0.915926179084074	0	0	23594	6	0.0	NA	0.0	NA	95	5	23479	21	0.8189655172413793	0.95	0.0002129109180718	0.8796296296296298	566	24	22925	85	0.869431643625192	0.9593220338983052	0.0010457972024924	0.9121676067687348	71	12	18	2	0	0	23600	0	NA	NA	0.0	NA
40	20	10	0.001999	0.3	3e-05	3e-06	0.0	0007	sieve	candidate_snvs	smc_mu_sa_stage_1-smc_mu_sa_stage_2	mt	no_cnv	/raid/kang/DelSIEVE/simulation_results/IndelSIEVE_benchmark_pipeline_sa_103/benchmark_results/simulated_data/results/cell_names	/raid/kang/DelSIEVE/simulation_results/IndelSIEVE_benchmark_pipeline_sa_103/benchmark_results/indelsieve/from_candidate/variant_calling/stage2/mt/no_cnv/smc_mu_sa_stage_1-smc_mu_sa_stage_2/0007/indelsieve_median.cell_names	/raid/kang/DelSIEVE/simulation_results/IndelSIEVE_benchmark_pipeline_sa_103/benchmark_results/simulated_data/results/data_type/no_cnv/0007/true_evo_events_sites_names	/raid/kang/DelSIEVE/simulation_results/IndelSIEVE_benchmark_pipeline_sa_103/benchmark_results/indelsieve/from_candidate/variant_calling/stage2/mt/no_cnv/smc_mu_sa_stage_1-smc_mu_sa_stage_2/0007/indelsieve_median.loci_info	/raid/kang/DelSIEVE/simulation_results/IndelSIEVE_benchmark_pipeline_sa_103/benchmark_results/simulated_data/results/data_type/no_cnv/0007/true_evo_events_genotypes_numeric	/raid/kang/DelSIEVE/simulation_results/IndelSIEVE_benchmark_pipeline_sa_103/benchmark_results/indelsieve/from_candidate/variant_calling/stage2/mt/no_cnv/smc_mu_sa_stage_1-smc_mu_sa_stage_2/0007/indelsieve_median.genotypes	/raid/kang/DelSIEVE/simulation_results/IndelSIEVE_benchmark_pipeline_sa_103/benchmark_results/simulated_data/results/data_type/no_cnv/0007/true_evo_events_ternary_matrix.simple	/raid/kang/DelSIEVE/simulation_results/IndelSIEVE_benchmark_pipeline_sa_103/benchmark_results/indelsieve/from_candidate/variant_calling/stage2/mt/no_cnv/smc_mu_sa_stage_1-smc_mu_sa_stage_2/0007/indelsieve_median.ternary	/raid/kang/DelSIEVE/simulation_results/IndelSIEVE_benchmark_pipeline_sa_103/benchmark_results/indelsieve/from_candidate/variant_calling/stage2/mt/no_cnv/smc_mu_sa_stage_1-smc_mu_sa_stage_2/0007/indelsieve_median.probs	10995	182	14122	1381	0.8884130575307045	0.9837165607944888	0.9336390268755572	0.0127237136465324	10936	241	15190	302	0.9731268909058552	0.9784378634696252	0.9757751505688156	0.015617911995334	9105	604	16649	311	0.9669711129991504	0.9377896796786488	0.952156862745098	0.0350084043354778	1218	250	24962	239	0.8359643102264928	0.829700272479564	0.8328205128205128	0.0099159130572743	1457	182	2	237	0	0	22096	1024	0.0	NA	0.0	NA	0	0	23113	7	0.0	NA	0.0	NA	0	0	22755	365	0.0	NA	0.0	NA	0	0	22468	652	0.0	NA	0.0	NA	594	58	127	233	0	0	23120	0	NA	NA	0.0	NA
40	20	10	0.001999	0.3	3e-05	3e-06	0.0	0007	indelsieve	candidate_snvs	smc_mudel_sa_stage_1-smc_mudel_sa_stage_2	mt	no_cnv	/raid/kang/DelSIEVE/simulation_results/IndelSIEVE_benchmark_pipeline_sa_103/benchmark_results/simulated_data/results/cell_names	/raid/kang/DelSIEVE/simulation_results/IndelSIEVE_benchmark_pipeline_sa_103/benchmark_results/indelsieve/from_candidate/variant_calling/stage2/mt/no_cnv/smc_mudel_sa_stage_1-smc_mudel_sa_stage_2/0007/indelsieve_median.cell_names	/raid/kang/DelSIEVE/simulation_results/IndelSIEVE_benchmark_pipeline_sa_103/benchmark_results/simulated_data/results/data_type/no_cnv/0007/true_evo_events_sites_names	/raid/kang/DelSIEVE/simulation_results/IndelSIEVE_benchmark_pipeline_sa_103/benchmark_results/indelsieve/from_candidate/variant_calling/stage2/mt/no_cnv/smc_mudel_sa_stage_1-smc_mudel_sa_stage_2/0007/indelsieve_median.loci_info	/raid/kang/DelSIEVE/simulation_results/IndelSIEVE_benchmark_pipeline_sa_103/benchmark_results/simulated_data/results/data_type/no_cnv/0007/true_evo_events_genotypes_numeric	/raid/kang/DelSIEVE/simulation_results/IndelSIEVE_benchmark_pipeline_sa_103/benchmark_results/indelsieve/from_candidate/variant_calling/stage2/mt/no_cnv/smc_mudel_sa_stage_1-smc_mudel_sa_stage_2/0007/indelsieve_median.genotypes	/raid/kang/DelSIEVE/simulation_results/IndelSIEVE_benchmark_pipeline_sa_103/benchmark_results/simulated_data/results/data_type/no_cnv/0007/true_evo_events_ternary_matrix.simple	/raid/kang/DelSIEVE/simulation_results/IndelSIEVE_benchmark_pipeline_sa_103/benchmark_results/indelsieve/from_candidate/variant_calling/stage2/mt/no_cnv/smc_mudel_sa_stage_1-smc_mudel_sa_stage_2/0007/indelsieve_median.ternary	/raid/kang/DelSIEVE/simulation_results/IndelSIEVE_benchmark_pipeline_sa_103/benchmark_results/indelsieve/from_candidate/variant_calling/stage2/mt/no_cnv/smc_mudel_sa_stage_1-smc_mudel_sa_stage_2/0007/indelsieve_median.probs	11533	184	14120	843	0.9318842921784098	0.9842963215840232	0.9573735109782924	0.0128635346756152	10931	205	15226	307	0.9726819718811176	0.981591235632184	0.9771162957003664	0.0132849458881472	9103	461	16790	315	0.9665534083669568	0.9517984107068173	0.9591191655252346	0.0267230885166077	1223	25	25189	232	0.8405498281786942	0.9799679487179488	0.9049204587495376	0.0009915126517014	1455	180	2	230	895	10	22086	129	0.8740234375	0.988950276243094	0.0004525706010137	0.9279419388284086	0	5	23108	7	0.0	0.0	0.0002163284731536	NA	314	10	22745	51	0.8602739726027397	0.9691358024691358	0.000439463854098	0.911465892597968	557	19	22449	95	0.8542944785276073	0.9670138888888888	0.0008456471426028	0.9071661237785016	71	17	34	7	0	0	23120	0	NA	NA	0.0	NA
40	20	10	0.001999	0.3	3e-05	3e-06	0.0	0008	sieve	candidate_snvs	smc_mu_sa_stage_1-smc_mu_sa_stage_2	mt	no_cnv	/raid/kang/DelSIEVE/simulation_results/IndelSIEVE_benchmark_pipeline_sa_103/benchmark_results/simulated_data/results/cell_names	/raid/kang/DelSIEVE/simulation_results/IndelSIEVE_benchmark_pipeline_sa_103/benchmark_results/indelsieve/from_candidate/variant_calling/stage2/mt/no_cnv/smc_mu_sa_stage_1-smc_mu_sa_stage_2/0008/indelsieve_median.cell_names	/raid/kang/DelSIEVE/simulation_results/IndelSIEVE_benchmark_pipeline_sa_103/benchmark_results/simulated_data/results/data_type/no_cnv/0008/true_evo_events_sites_names	/raid/kang/DelSIEVE/simulation_results/IndelSIEVE_benchmark_pipeline_sa_103/benchmark_results/indelsieve/from_candidate/variant_calling/stage2/mt/no_cnv/smc_mu_sa_stage_1-smc_mu_sa_stage_2/0008/indelsieve_median.loci_info	/raid/kang/DelSIEVE/simulation_results/IndelSIEVE_benchmark_pipeline_sa_103/benchmark_results/simulated_data/results/data_type/no_cnv/0008/true_evo_events_genotypes_numeric	/raid/kang/DelSIEVE/simulation_results/IndelSIEVE_benchmark_pipeline_sa_103/benchmark_results/indelsieve/from_candidate/variant_calling/stage2/mt/no_cnv/smc_mu_sa_stage_1-smc_mu_sa_stage_2/0008/indelsieve_median.genotypes	/raid/kang/DelSIEVE/simulation_results/IndelSIEVE_benchmark_pipeline_sa_103/benchmark_results/simulated_data/results/data_type/no_cnv/0008/true_evo_events_ternary_matrix.simple	/raid/kang/DelSIEVE/simulation_results/IndelSIEVE_benchmark_pipeline_sa_103/benchmark_results/indelsieve/from_candidate/variant_calling/stage2/mt/no_cnv/smc_mu_sa_stage_1-smc_mu_sa_stage_2/0008/indelsieve_median.ternary	/raid/kang/DelSIEVE/simulation_results/IndelSIEVE_benchmark_pipeline_sa_103/benchmark_results/indelsieve/from_candidate/variant_calling/stage2/mt/no_cnv/smc_mu_sa_stage_1-smc_mu_sa_stage_2/0008/indelsieve_median.probs	9137	144	18076	1123	0.8905458089668616	0.984484430557052	0.9351619671460006	0.0079034028540065	9071	210	18893	295	0.9685030963057868	0.9773731278957009	0.9729178956400492	0.0109930377427629	8142	474	19554	299	0.9645776566757494	0.9449860724233984	0.9546813624904732	0.0236668663870581	604	61	27634	170	0.7803617571059431	0.9082706766917292	0.8394718554551771	0.0022025636396461	774	144	0	170	0	0	23573	747	0.0	NA	0.0	NA	0	0	24320	0	NA	NA	0.0	NA	0	0	24169	151	0.0	NA	0.0	NA	0	0	23724	596	0.0	NA	0.0	NA	530	66	94	52	0	0	24320	0	NA	NA	0.0	NA
40	20	10	0.001999	0.3	3e-05	3e-06	0.0	0008	indelsieve	candidate_snvs	smc_mudel_sa_stage_1-smc_mudel_sa_stage_2	mt	no_cnv	/raid/kang/DelSIEVE/simulation_results/IndelSIEVE_benchmark_pipeline_sa_103/benchmark_results/simulated_data/results/cell_names	/raid/kang/DelSIEVE/simulation_results/IndelSIEVE_benchmark_pipeline_sa_103/benchmark_results/indelsieve/from_candidate/variant_calling/stage2/mt/no_cnv/smc_mudel_sa_stage_1-smc_mudel_sa_stage_2/0008/indelsieve_median.cell_names	/raid/kang/DelSIEVE/simulation_results/IndelSIEVE_benchmark_pipeline_sa_103/benchmark_results/simulated_data/results/data_type/no_cnv/0008/true_evo_events_sites_names	/raid/kang/DelSIEVE/simulation_results/IndelSIEVE_benchmark_pipeline_sa_103/benchmark_results/indelsieve/from_candidate/variant_calling/stage2/mt/no_cnv/smc_mudel_sa_stage_1-smc_mudel_sa_stage_2/0008/indelsieve_median.loci_info	/raid/kang/DelSIEVE/simulation_results/IndelSIEVE_benchmark_pipeline_sa_103/benchmark_results/simulated_data/results/data_type/no_cnv/0008/true_evo_events_genotypes_numeric	/raid/kang/DelSIEVE/simulation_results/IndelSIEVE_benchmark_pipeline_sa_103/benchmark_results/indelsieve/from_candidate/variant_calling/stage2/mt/no_cnv/smc_mudel_sa_stage_1-smc_mudel_sa_stage_2/0008/indelsieve_median.genotypes	/raid/kang/DelSIEVE/simulation_results/IndelSIEVE_benchmark_pipeline_sa_103/benchmark_results/simulated_data/results/data_type/no_cnv/0008/true_evo_events_ternary_matrix.simple	/raid/kang/DelSIEVE/simulation_results/IndelSIEVE_benchmark_pipeline_sa_103/benchmark_results/indelsieve/from_candidate/variant_calling/stage2/mt/no_cnv/smc_mudel_sa_stage_1-smc_mudel_sa_stage_2/0008/indelsieve_median.ternary	/raid/kang/DelSIEVE/simulation_results/IndelSIEVE_benchmark_pipeline_sa_103/benchmark_results/indelsieve/from_candidate/variant_calling/stage2/mt/no_cnv/smc_mudel_sa_stage_1-smc_mudel_sa_stage_2/0008/indelsieve_median.probs	9578	161	18059	682	0.9335282651072124	0.9834685285963652	0.9578478923946196	0.0088364434687156	9067	164	18939	299	0.9680760196455264	0.982233777488896	0.97510351131903	0.00858503899911	8138	352	19676	303	0.9641037791730838	0.9585394581861012	0.9613135668300752	0.0175753944477731	597	12	27683	177	0.7713178294573644	0.9802955665024632	0.8633405639913233	0.0004332912077992	774	144	0	177	620	20	23553	127	0.8299866131191432	0.96875	0.000848428286599	0.8940158615717375	0	0	24320	0	NA	NA	0.0	NA	126	6	24163	25	0.8344370860927153	0.9545454545454546	0.0002482518929206	0.8904593639575972	483	25	23699	113	0.8104026845637584	0.9507874015748032	0.0010537851964255	0.875	93	16	15	3	0	0	24320	0	NA	NA	0.0	NA
40	20	10	0.001999	0.3	3e-05	3e-06	0.0	0009	sieve	candidate_snvs	smc_mu_sa_stage_1-smc_mu_sa_stage_2	mt	no_cnv	/raid/kang/DelSIEVE/simulation_results/IndelSIEVE_benchmark_pipeline_sa_103/benchmark_results/simulated_data/results/cell_names	/raid/kang/DelSIEVE/simulation_results/IndelSIEVE_benchmark_pipeline_sa_103/benchmark_results/indelsieve/from_candidate/variant_calling/stage2/mt/no_cnv/smc_mu_sa_stage_1-smc_mu_sa_stage_2/0009/indelsieve_median.cell_names	/raid/kang/DelSIEVE/simulation_results/IndelSIEVE_benchmark_pipeline_sa_103/benchmark_results/simulated_data/results/data_type/no_cnv/0009/true_evo_events_sites_names	/raid/kang/DelSIEVE/simulation_results/IndelSIEVE_benchmark_pipeline_sa_103/benchmark_results/indelsieve/from_candidate/variant_calling/stage2/mt/no_cnv/smc_mu_sa_stage_1-smc_mu_sa_stage_2/0009/indelsieve_median.loci_info	/raid/kang/DelSIEVE/simulation_results/IndelSIEVE_benchmark_pipeline_sa_103/benchmark_results/simulated_data/results/data_type/no_cnv/0009/true_evo_events_genotypes_numeric	/raid/kang/DelSIEVE/simulation_results/IndelSIEVE_benchmark_pipeline_sa_103/benchmark_results/indelsieve/from_candidate/variant_calling/stage2/mt/no_cnv/smc_mu_sa_stage_1-smc_mu_sa_stage_2/0009/indelsieve_median.genotypes	/raid/kang/DelSIEVE/simulation_results/IndelSIEVE_benchmark_pipeline_sa_103/benchmark_results/simulated_data/results/data_type/no_cnv/0009/true_evo_events_ternary_matrix.simple	/raid/kang/DelSIEVE/simulation_results/IndelSIEVE_benchmark_pipeline_sa_103/benchmark_results/indelsieve/from_candidate/variant_calling/stage2/mt/no_cnv/smc_mu_sa_stage_1-smc_mu_sa_stage_2/0009/indelsieve_median.ternary	/raid/kang/DelSIEVE/simulation_results/IndelSIEVE_benchmark_pipeline_sa_103/benchmark_results/indelsieve/from_candidate/variant_calling/stage2/mt/no_cnv/smc_mu_sa_stage_1-smc_mu_sa_stage_2/0009/indelsieve_median.probs	13366	151	13738	1225	0.9160441367966554	0.9888288821484056	0.951045965561406	0.0108719130246958	13283	234	14727	236	0.9825430875064723	0.9826884663756752	0.9826157715638408	0.0156406657309003	10924	594	16709	253	0.9773642301154156	0.9484285466226776	0.962679004185944	0.0343293070565797	1539	460	26269	212	0.8789263278126784	0.7698849424712356	0.8208	0.0172097721575816	1751	151	1	211	0	0	24202	1518	0.0	NA	0.0	NA	0	0	25696	24	0.0	NA	0.0	NA	0	0	25129	591	0.0	NA	0.0	NA	0	0	24817	903	0.0	NA	0.0	NA	838	65	155	431	0	0	25720	0	NA	NA	0.0	NA
40	20	10	0.001999	0.3	3e-05	3e-06	0.0	0009	indelsieve	candidate_snvs	smc_mudel_sa_stage_1-smc_mudel_sa_stage_2	mt	no_cnv	/raid/kang/DelSIEVE/simulation_results/IndelSIEVE_benchmark_pipeline_sa_103/benchmark_results/simulated_data/results/cell_names	/raid/kang/DelSIEVE/simulation_results/IndelSIEVE_benchmark_pipeline_sa_103/benchmark_results/indelsieve/from_candidate/variant_calling/stage2/mt/no_cnv/smc_mudel_sa_stage_1-smc_mudel_sa_stage_2/0009/indelsieve_median.cell_names	/raid/kang/DelSIEVE/simulation_results/IndelSIEVE_benchmark_pipeline_sa_103/benchmark_results/simulated_data/results/data_type/no_cnv/0009/true_evo_events_sites_names	/raid/kang/DelSIEVE/simulation_results/IndelSIEVE_benchmark_pipeline_sa_103/benchmark_results/indelsieve/from_candidate/variant_calling/stage2/mt/no_cnv/smc_mudel_sa_stage_1-smc_mudel_sa_stage_2/0009/indelsieve_median.loci_info	/raid/kang/DelSIEVE/simulation_results/IndelSIEVE_benchmark_pipeline_sa_103/benchmark_results/simulated_data/results/data_type/no_cnv/0009/true_evo_events_genotypes_numeric	/raid/kang/DelSIEVE/simulation_results/IndelSIEVE_benchmark_pipeline_sa_103/benchmark_results/indelsieve/from_candidate/variant_calling/stage2/mt/no_cnv/smc_mudel_sa_stage_1-smc_mudel_sa_stage_2/0009/indelsieve_median.genotypes	/raid/kang/DelSIEVE/simulation_results/IndelSIEVE_benchmark_pipeline_sa_103/benchmark_results/simulated_data/results/data_type/no_cnv/0009/true_evo_events_ternary_matrix.simple	/raid/kang/DelSIEVE/simulation_results/IndelSIEVE_benchmark_pipeline_sa_103/benchmark_results/indelsieve/from_candidate/variant_calling/stage2/mt/no_cnv/smc_mudel_sa_stage_1-smc_mudel_sa_stage_2/0009/indelsieve_median.ternary	/raid/kang/DelSIEVE/simulation_results/IndelSIEVE_benchmark_pipeline_sa_103/benchmark_results/indelsieve/from_candidate/variant_calling/stage2/mt/no_cnv/smc_mudel_sa_stage_1-smc_mudel_sa_stage_2/0009/indelsieve_median.probs	14162	183	13706	429	0.970598314029196	0.987242941791565	0.9788498755875034	0.0131758945928432	13280	192	14769	239	0.9823211776018936	0.985748218527316	0.9840317142751288	0.0128333667535592	10913	414	16887	266	0.976205385097057	0.9634501633265647	0.9697858348884744	0.0239292526443558	1545	25	26706	204	0.8833619210977701	0.9840764331210192	0.9310033142512804	0.0009352437245146	1749	170	1	203	1422	26	24176	96	0.9367588932806324	0.9820441988950276	0.0010742913808776	0.9588671611598112	19	0	25696	5	0.7916666666666666	1.0	0.0	0.8837209302325582	557	18	25111	34	0.9424703891708968	0.9686956521739132	0.0007163038720203	0.9554030874785592	829	25	24792	74	0.9180509413067552	0.9707259953161592	0.0010073739775154	0.9436539556061468	55	13	28	0	0	0	25720	0	NA	NA	0.0	NA
40	20	10	0.001999	0.3	3e-05	3e-06	0.0	0010	sieve	candidate_snvs	smc_mu_sa_stage_1-smc_mu_sa_stage_2	mt	no_cnv	/raid/kang/DelSIEVE/simulation_results/IndelSIEVE_benchmark_pipeline_sa_103/benchmark_results/simulated_data/results/cell_names	/raid/kang/DelSIEVE/simulation_results/IndelSIEVE_benchmark_pipeline_sa_103/benchmark_results/indelsieve/from_candidate/variant_calling/stage2/mt/no_cnv/smc_mu_sa_stage_1-smc_mu_sa_stage_2/0010/indelsieve_median.cell_names	/raid/kang/DelSIEVE/simulation_results/IndelSIEVE_benchmark_pipeline_sa_103/benchmark_results/simulated_data/results/data_type/no_cnv/0010/true_evo_events_sites_names	/raid/kang/DelSIEVE/simulation_results/IndelSIEVE_benchmark_pipeline_sa_103/benchmark_results/indelsieve/from_candidate/variant_calling/stage2/mt/no_cnv/smc_mu_sa_stage_1-smc_mu_sa_stage_2/0010/indelsieve_median.loci_info	/raid/kang/DelSIEVE/simulation_results/IndelSIEVE_benchmark_pipeline_sa_103/benchmark_results/simulated_data/results/data_type/no_cnv/0010/true_evo_events_genotypes_numeric	/raid/kang/DelSIEVE/simulation_results/IndelSIEVE_benchmark_pipeline_sa_103/benchmark_results/indelsieve/from_candidate/variant_calling/stage2/mt/no_cnv/smc_mu_sa_stage_1-smc_mu_sa_stage_2/0010/indelsieve_median.genotypes	/raid/kang/DelSIEVE/simulation_results/IndelSIEVE_benchmark_pipeline_sa_103/benchmark_results/simulated_data/results/data_type/no_cnv/0010/true_evo_events_ternary_matrix.simple	/raid/kang/DelSIEVE/simulation_results/IndelSIEVE_benchmark_pipeline_sa_103/benchmark_results/indelsieve/from_candidate/variant_calling/stage2/mt/no_cnv/smc_mu_sa_stage_1-smc_mu_sa_stage_2/0010/indelsieve_median.ternary	/raid/kang/DelSIEVE/simulation_results/IndelSIEVE_benchmark_pipeline_sa_103/benchmark_results/indelsieve/from_candidate/variant_calling/stage2/mt/no_cnv/smc_mu_sa_stage_1-smc_mu_sa_stage_2/0010/indelsieve_median.probs	9997	187	16848	1368	0.8796304443466784	0.981637863315004	0.9278388788342846	0.0109773994716759	9920	264	17793	413	0.9600309687409272	0.974076983503535	0.967002973144222	0.0146203688320318	8444	591	18942	413	0.9533702156486394	0.9345877144438296	0.9438855354348312	0.0302564890185839	938	211	27063	178	0.8405017921146953	0.8163620539599652	0.8282560706401766	0.0077363056390701	1116	187	4	174	0	0	21838	1002	0.0	NA	0.0	NA	0	0	22839	1	0.0	NA	0.0	NA	0	0	22480	360	0.0	NA	0.0	NA	0	0	22199	641	0.0	NA	0.0	NA	565	75	155	198	0	0	22840	0	NA	NA	0.0	NA
40	20	10	0.001999	0.3	3e-05	3e-06	0.0	0010	indelsieve	candidate_snvs	smc_mudel_sa_stage_1-smc_mudel_sa_stage_2	mt	no_cnv	/raid/kang/DelSIEVE/simulation_results/IndelSIEVE_benchmark_pipeline_sa_103/benchmark_results/simulated_data/results/cell_names	/raid/kang/DelSIEVE/simulation_results/IndelSIEVE_benchmark_pipeline_sa_103/benchmark_results/indelsieve/from_candidate/variant_calling/stage2/mt/no_cnv/smc_mudel_sa_stage_1-smc_mudel_sa_stage_2/0010/indelsieve_median.cell_names	/raid/kang/DelSIEVE/simulation_results/IndelSIEVE_benchmark_pipeline_sa_103/benchmark_results/simulated_data/results/data_type/no_cnv/0010/true_evo_events_sites_names	/raid/kang/DelSIEVE/simulation_results/IndelSIEVE_benchmark_pipeline_sa_103/benchmark_results/indelsieve/from_candidate/variant_calling/stage2/mt/no_cnv/smc_mudel_sa_stage_1-smc_mudel_sa_stage_2/0010/indelsieve_median.loci_info	/raid/kang/DelSIEVE/simulation_results/IndelSIEVE_benchmark_pipeline_sa_103/benchmark_results/simulated_data/results/data_type/no_cnv/0010/true_evo_events_genotypes_numeric	/raid/kang/DelSIEVE/simulation_results/IndelSIEVE_benchmark_pipeline_sa_103/benchmark_results/indelsieve/from_candidate/variant_calling/stage2/mt/no_cnv/smc_mudel_sa_stage_1-smc_mudel_sa_stage_2/0010/indelsieve_median.genotypes	/raid/kang/DelSIEVE/simulation_results/IndelSIEVE_benchmark_pipeline_sa_103/benchmark_results/simulated_data/results/data_type/no_cnv/0010/true_evo_events_ternary_matrix.simple	/raid/kang/DelSIEVE/simulation_results/IndelSIEVE_benchmark_pipeline_sa_103/benchmark_results/indelsieve/from_candidate/variant_calling/stage2/mt/no_cnv/smc_mudel_sa_stage_1-smc_mudel_sa_stage_2/0010/indelsieve_median.ternary	/raid/kang/DelSIEVE/simulation_results/IndelSIEVE_benchmark_pipeline_sa_103/benchmark_results/indelsieve/from_candidate/variant_calling/stage2/mt/no_cnv/smc_mudel_sa_stage_1-smc_mudel_sa_stage_2/0010/indelsieve_median.probs	10499	192	16843	866	0.9238011438627364	0.9820409690393788	0.952031193326079	0.0112709128265336	9923	212	17845	410	0.960321300687119	0.9790823877651702	0.9696111002540552	0.0117405992136013	8444	386	19147	413	0.9533702156486394	0.9562853907134768	0.954825578108215	0.0197614293759279	945	15	27259	171	0.8467741935483871	0.984375	0.9104046242774568	0.000549974334531	1116	177	4	167	878	23	21815	124	0.8762475049900199	0.974472807991121	0.0010532100009158	0.9227535470310037	0	0	22839	1	0.0	NA	0.0	NA	324	21	22459	36	0.9	0.9391304347826088	0.0009341637010676	0.9191489361702128	530	26	22173	111	0.8268330733229329	0.9532374100719424	0.0011712239290058	0.8855472013366751	77	19	23	5	0	0	22840	0	NA	NA	0.0	NA
