cell_num	coverage_mean	coverage_variance	eff_seq_err_rate	ado_rate	mutation_rate	deletion_rate	insertion_rate	dataset	tool	snv_type	tool_setup	fine_tune_type	data_type	true_cell_names	cell_names	true_loci_info	loci_info	true_genotypes	genotypes	true_ternary	ternary	genotype_probs	true_positive	false_positive	true_negative	false_negative	recall	precision	f1_score	fall_out	true_positive_mu	false_positive_mu	true_negative_mu	false_negative_mu	recall_mu	precision_mu	f1_score_mu	fall_out_mu	true_positive_hetero_mu	false_positive_hetero_mu	true_negative_hetero_mu	false_negative_hetero_mu	recall_hetero_mu	precision_hetero_mu	f1_score_hetero_mu	fall_out_hetero_mu	true_positive_homo_mu	false_positive_homo_mu	true_negative_homo_mu	false_negative_homo_mu	recall_homo_mu	precision_homo_mu	f1_score_homo_mu	fall_out_homo_mu	true_homo_mu	true_homo_ref_as_hetero_mu	true_homo_mu_as_homo_ref	true_homo_mu_as_hetero_mu	true_positive_del	false_positive_del	true_negative_del	false_negative_del	recall_del	precision_del	fall_out_del	f1_score_del	true_positive_all_del	false_positive_all_del	true_negative_all_del	false_negative_all_del	recall_all_del	precision_all_del	fall_out_all_del	f1_score_all_del	true_positive_del_alt_left	false_positive_del_alt_left	true_negative_del_alt_left	false_negative_del_alt_left	recall_del_alt_left	precision_del_alt_left	fall_out_del_alt_left	f1_score_del_alt_left	true_positive_del_ref_left	false_positive_del_ref_left	true_negative_del_ref_left	false_negative_del_ref_left	recall_del_ref_left	precision_del_ref_left	fall_out_del_ref_left	f1_score_del_ref_left	true_del_ref_left_as_homo_ref	true_del_ref_left_as_hetero_mu	true_del_alt_left_as_hetero_mu	true_del_alt_left_as_homo_mu	true_positive_amp	false_positive_amp	true_negative_amp	false_negative_amp	recall_amp	precision_amp	fall_out_amp	f1_score_amp
40	5	20	0.001999	0.3	1e-06	1e-07	0.0	0001	monovar	NA	true_parameters	NA	no_cnv	/raid/kang/DelSIEVE/simulation_results/IndelSIEVE_benchmark_pipeline_sa_201/benchmark_results/simulated_data/results/cell_names	/raid/kang/DelSIEVE/simulation_results/IndelSIEVE_benchmark_pipeline_sa_201/benchmark_results/monovar/from_true_params/no_cnv/0001/post_processed/filtered.cell_names	/raid/kang/DelSIEVE/simulation_results/IndelSIEVE_benchmark_pipeline_sa_201/benchmark_results/simulated_data/results/data_type/no_cnv/0001/true_evo_events_sites_names	/raid/kang/DelSIEVE/simulation_results/IndelSIEVE_benchmark_pipeline_sa_201/benchmark_results/monovar/from_true_params/no_cnv/0001/post_processed/filtered.loci_info	/raid/kang/DelSIEVE/simulation_results/IndelSIEVE_benchmark_pipeline_sa_201/benchmark_results/simulated_data/results/data_type/no_cnv/0001/true_evo_events_genotypes_numeric	/raid/kang/DelSIEVE/simulation_results/IndelSIEVE_benchmark_pipeline_sa_201/benchmark_results/monovar/from_true_params/no_cnv/0001/post_processed/filtered.genotypes	/raid/kang/DelSIEVE/simulation_results/IndelSIEVE_benchmark_pipeline_sa_201/benchmark_results/simulated_data/results/data_type/no_cnv/0001/true_evo_events_ternary_matrix.simple	/raid/kang/DelSIEVE/simulation_results/IndelSIEVE_benchmark_pipeline_sa_201/benchmark_results/monovar/from_true_params/no_cnv/0001/post_processed/filtered.ternary	/raid/kang/DelSIEVE/simulation_results/IndelSIEVE_benchmark_pipeline_sa_201/benchmark_results/monovar/from_true_params/no_cnv/0001/post_processed/filtered.genotype_probs	6967	1640	39028	4085	0.6303836409699601	0.8094574183803881	0.7087847805076556	0.0403265466706009	6001	13	41705	3998	0.6001600160016002	0.9978383771200532	0.7495160182351838	0.0003116160889783	5051	39	41728	4899	0.5076381909547739	0.9923379174852652	0.6716755319148937	0.0009337515263246	13	911	50758	35	0.2708333333333333	0.014069264069264	0.0267489711934156	0.0176314618049507	48	13	1	26	2	2591	48075	1052	0.0018975332068311	0.0007713073659853	0.0511388307740891	0.00109679188374	0	2593	49127	0	NA	0.0	0.0501353441608662	NA	0	0	51716	4	0.0	NA	0.0	NA	0	0	50670	1050	0.0	NA	0.0	NA	1048	0	0	1	0	0	51720	0	NA	NA	0.0	NA
40	5	20	0.001999	0.3	1e-06	1e-07	0.0	0002	monovar	NA	true_parameters	NA	no_cnv	/raid/kang/DelSIEVE/simulation_results/IndelSIEVE_benchmark_pipeline_sa_201/benchmark_results/simulated_data/results/cell_names	/raid/kang/DelSIEVE/simulation_results/IndelSIEVE_benchmark_pipeline_sa_201/benchmark_results/monovar/from_true_params/no_cnv/0002/post_processed/filtered.cell_names	/raid/kang/DelSIEVE/simulation_results/IndelSIEVE_benchmark_pipeline_sa_201/benchmark_results/simulated_data/results/data_type/no_cnv/0002/true_evo_events_sites_names	/raid/kang/DelSIEVE/simulation_results/IndelSIEVE_benchmark_pipeline_sa_201/benchmark_results/monovar/from_true_params/no_cnv/0002/post_processed/filtered.loci_info	/raid/kang/DelSIEVE/simulation_results/IndelSIEVE_benchmark_pipeline_sa_201/benchmark_results/simulated_data/results/data_type/no_cnv/0002/true_evo_events_genotypes_numeric	/raid/kang/DelSIEVE/simulation_results/IndelSIEVE_benchmark_pipeline_sa_201/benchmark_results/monovar/from_true_params/no_cnv/0002/post_processed/filtered.genotypes	/raid/kang/DelSIEVE/simulation_results/IndelSIEVE_benchmark_pipeline_sa_201/benchmark_results/simulated_data/results/data_type/no_cnv/0002/true_evo_events_ternary_matrix.simple	/raid/kang/DelSIEVE/simulation_results/IndelSIEVE_benchmark_pipeline_sa_201/benchmark_results/monovar/from_true_params/no_cnv/0002/post_processed/filtered.ternary	/raid/kang/DelSIEVE/simulation_results/IndelSIEVE_benchmark_pipeline_sa_201/benchmark_results/monovar/from_true_params/no_cnv/0002/post_processed/filtered.genotype_probs	5606	1425	26102	3147	0.6404661258996915	0.7973261271511876	0.7103395843892548	0.0517673556871435	4636	12	28370	3262	0.5869840465940744	0.9974182444061962	0.7390403315797863	0.0004228031851173	3867	22	28376	4015	0.4906115199188023	0.9943430187708924	0.6570384844108402	0.000774702443834	1	758	35507	14	0.0666666666666666	0.0013175230566534	0.0025839793281653	0.0209016958499931	15	12	5	9	4	2379	33045	852	0.0046728971962616	0.0016785564414603	0.0671578590785907	0.0024698981167026	0	2383	33897	0	NA	0.0	0.065683572216097	NA	0	0	36279	1	0.0	NA	0.0	NA	0	0	35425	855	0.0	NA	0.0	NA	851	0	1	0	0	0	36280	0	NA	NA	0.0	NA
40	5	20	0.001999	0.3	1e-06	1e-07	0.0	0003	monovar	NA	true_parameters	NA	no_cnv	/raid/kang/DelSIEVE/simulation_results/IndelSIEVE_benchmark_pipeline_sa_201/benchmark_results/simulated_data/results/cell_names	/raid/kang/DelSIEVE/simulation_results/IndelSIEVE_benchmark_pipeline_sa_201/benchmark_results/monovar/from_true_params/no_cnv/0003/post_processed/filtered.cell_names	/raid/kang/DelSIEVE/simulation_results/IndelSIEVE_benchmark_pipeline_sa_201/benchmark_results/simulated_data/results/data_type/no_cnv/0003/true_evo_events_sites_names	/raid/kang/DelSIEVE/simulation_results/IndelSIEVE_benchmark_pipeline_sa_201/benchmark_results/monovar/from_true_params/no_cnv/0003/post_processed/filtered.loci_info	/raid/kang/DelSIEVE/simulation_results/IndelSIEVE_benchmark_pipeline_sa_201/benchmark_results/simulated_data/results/data_type/no_cnv/0003/true_evo_events_genotypes_numeric	/raid/kang/DelSIEVE/simulation_results/IndelSIEVE_benchmark_pipeline_sa_201/benchmark_results/monovar/from_true_params/no_cnv/0003/post_processed/filtered.genotypes	/raid/kang/DelSIEVE/simulation_results/IndelSIEVE_benchmark_pipeline_sa_201/benchmark_results/simulated_data/results/data_type/no_cnv/0003/true_evo_events_ternary_matrix.simple	/raid/kang/DelSIEVE/simulation_results/IndelSIEVE_benchmark_pipeline_sa_201/benchmark_results/monovar/from_true_params/no_cnv/0003/post_processed/filtered.ternary	/raid/kang/DelSIEVE/simulation_results/IndelSIEVE_benchmark_pipeline_sa_201/benchmark_results/monovar/from_true_params/no_cnv/0003/post_processed/filtered.genotype_probs	6496	1206	35914	3584	0.6444444444444445	0.8434172942092963	0.7306264762118997	0.032489224137931	5793	16	37982	3408	0.6296054776654711	0.9972456532966087	0.7718854097268487	0.0004210747934101	4765	23	38014	4397	0.5200829513206724	0.9951963241436924	0.6831541218637993	0.0006046743959828	28	993	46168	10	0.7368421052631579	0.0274240940254652	0.052880075542965	0.0210555331735968	38	16	2	7	8	1885	44435	872	0.009090909090909	0.0042260961436872	0.040695164075993	0.0057699242697439	0	1893	45307	0	NA	0.0	0.0401059322033898	NA	0	0	47198	2	0.0	NA	0.0	NA	0	0	46322	878	0.0	NA	0.0	NA	871	0	0	0	0	0	47200	0	NA	NA	0.0	NA
40	5	20	0.001999	0.3	1e-06	1e-07	0.0	0004	monovar	NA	true_parameters	NA	no_cnv	/raid/kang/DelSIEVE/simulation_results/IndelSIEVE_benchmark_pipeline_sa_201/benchmark_results/simulated_data/results/cell_names	/raid/kang/DelSIEVE/simulation_results/IndelSIEVE_benchmark_pipeline_sa_201/benchmark_results/monovar/from_true_params/no_cnv/0004/post_processed/filtered.cell_names	/raid/kang/DelSIEVE/simulation_results/IndelSIEVE_benchmark_pipeline_sa_201/benchmark_results/simulated_data/results/data_type/no_cnv/0004/true_evo_events_sites_names	/raid/kang/DelSIEVE/simulation_results/IndelSIEVE_benchmark_pipeline_sa_201/benchmark_results/monovar/from_true_params/no_cnv/0004/post_processed/filtered.loci_info	/raid/kang/DelSIEVE/simulation_results/IndelSIEVE_benchmark_pipeline_sa_201/benchmark_results/simulated_data/results/data_type/no_cnv/0004/true_evo_events_genotypes_numeric	/raid/kang/DelSIEVE/simulation_results/IndelSIEVE_benchmark_pipeline_sa_201/benchmark_results/monovar/from_true_params/no_cnv/0004/post_processed/filtered.genotypes	/raid/kang/DelSIEVE/simulation_results/IndelSIEVE_benchmark_pipeline_sa_201/benchmark_results/simulated_data/results/data_type/no_cnv/0004/true_evo_events_ternary_matrix.simple	/raid/kang/DelSIEVE/simulation_results/IndelSIEVE_benchmark_pipeline_sa_201/benchmark_results/monovar/from_true_params/no_cnv/0004/post_processed/filtered.ternary	/raid/kang/DelSIEVE/simulation_results/IndelSIEVE_benchmark_pipeline_sa_201/benchmark_results/monovar/from_true_params/no_cnv/0004/post_processed/filtered.genotype_probs	3840	886	34542	2772	0.5807622504537205	0.8125264494286923	0.6773681425295466	0.0250084678785141	3303	12	36062	2661	0.5538229376257545	0.9963800904977376	0.7119301648884577	0.0003326495536951	2651	12	36066	3309	0.4447986577181208	0.9954938039804732	0.6148672155862229	0.0003326126725428	0	652	41382	4	0.0	0.0	NA	0.0155112527953561	4	12	4	0	2	1409	39983	646	0.0030864197530864	0.0014174344436569	0.0340403942790877	0.0019426906265177	0	1411	40629	0	NA	0.0	0.0335632730732635	NA	0	0	42038	2	0.0	NA	0.0	NA	0	0	41394	646	0.0	NA	0.0	NA	644	0	0	0	0	0	42040	0	NA	NA	0.0	NA
40	5	20	0.001999	0.3	1e-06	1e-07	0.0	0005	monovar	NA	true_parameters	NA	no_cnv	/raid/kang/DelSIEVE/simulation_results/IndelSIEVE_benchmark_pipeline_sa_201/benchmark_results/simulated_data/results/cell_names	/raid/kang/DelSIEVE/simulation_results/IndelSIEVE_benchmark_pipeline_sa_201/benchmark_results/monovar/from_true_params/no_cnv/0005/post_processed/filtered.cell_names	/raid/kang/DelSIEVE/simulation_results/IndelSIEVE_benchmark_pipeline_sa_201/benchmark_results/simulated_data/results/data_type/no_cnv/0005/true_evo_events_sites_names	/raid/kang/DelSIEVE/simulation_results/IndelSIEVE_benchmark_pipeline_sa_201/benchmark_results/monovar/from_true_params/no_cnv/0005/post_processed/filtered.loci_info	/raid/kang/DelSIEVE/simulation_results/IndelSIEVE_benchmark_pipeline_sa_201/benchmark_results/simulated_data/results/data_type/no_cnv/0005/true_evo_events_genotypes_numeric	/raid/kang/DelSIEVE/simulation_results/IndelSIEVE_benchmark_pipeline_sa_201/benchmark_results/monovar/from_true_params/no_cnv/0005/post_processed/filtered.genotypes	/raid/kang/DelSIEVE/simulation_results/IndelSIEVE_benchmark_pipeline_sa_201/benchmark_results/simulated_data/results/data_type/no_cnv/0005/true_evo_events_ternary_matrix.simple	/raid/kang/DelSIEVE/simulation_results/IndelSIEVE_benchmark_pipeline_sa_201/benchmark_results/monovar/from_true_params/no_cnv/0005/post_processed/filtered.ternary	/raid/kang/DelSIEVE/simulation_results/IndelSIEVE_benchmark_pipeline_sa_201/benchmark_results/monovar/from_true_params/no_cnv/0005/post_processed/filtered.genotype_probs	6950	1510	32990	3670	0.6544256120527306	0.8215130023640662	0.7285115303983228	0.0437681159420289	6154	12	35333	3621	0.6295652173913043	0.998053843658774	0.7720971080860674	0.0003395105389729	5448	43	35390	4239	0.5624032208113967	0.99216900382444	0.7178811437607062	0.0012135579826715	37	638	44395	50	0.425287356321839	0.0548148148148148	0.0971128608923884	0.0141673883596473	87	12	11	31	28	2266	42008	818	0.0330969267139479	0.012205754141238	0.0511812802096038	0.0178343949044585	0	2294	42826	0	NA	0.0	0.0508421985815602	NA	0	0	45119	1	0.0	NA	0.0	NA	0	0	44275	845	0.0	NA	0.0	NA	818	0	0	0	0	0	45120	0	NA	NA	0.0	NA
40	5	20	0.001999	0.3	1e-06	1e-07	0.0	0006	monovar	NA	true_parameters	NA	no_cnv	/raid/kang/DelSIEVE/simulation_results/IndelSIEVE_benchmark_pipeline_sa_201/benchmark_results/simulated_data/results/cell_names	/raid/kang/DelSIEVE/simulation_results/IndelSIEVE_benchmark_pipeline_sa_201/benchmark_results/monovar/from_true_params/no_cnv/0006/post_processed/filtered.cell_names	/raid/kang/DelSIEVE/simulation_results/IndelSIEVE_benchmark_pipeline_sa_201/benchmark_results/simulated_data/results/data_type/no_cnv/0006/true_evo_events_sites_names	/raid/kang/DelSIEVE/simulation_results/IndelSIEVE_benchmark_pipeline_sa_201/benchmark_results/monovar/from_true_params/no_cnv/0006/post_processed/filtered.loci_info	/raid/kang/DelSIEVE/simulation_results/IndelSIEVE_benchmark_pipeline_sa_201/benchmark_results/simulated_data/results/data_type/no_cnv/0006/true_evo_events_genotypes_numeric	/raid/kang/DelSIEVE/simulation_results/IndelSIEVE_benchmark_pipeline_sa_201/benchmark_results/monovar/from_true_params/no_cnv/0006/post_processed/filtered.genotypes	/raid/kang/DelSIEVE/simulation_results/IndelSIEVE_benchmark_pipeline_sa_201/benchmark_results/simulated_data/results/data_type/no_cnv/0006/true_evo_events_ternary_matrix.simple	/raid/kang/DelSIEVE/simulation_results/IndelSIEVE_benchmark_pipeline_sa_201/benchmark_results/monovar/from_true_params/no_cnv/0006/post_processed/filtered.ternary	/raid/kang/DelSIEVE/simulation_results/IndelSIEVE_benchmark_pipeline_sa_201/benchmark_results/monovar/from_true_params/no_cnv/0006/post_processed/filtered.genotype_probs	3046	969	28647	1898	0.6161003236245954	0.7586550435865504	0.6799866056479518	0.0327188006482982	2677	13	29969	1901	0.5847531673219747	0.9951672862453532	0.7366538249862411	0.0004335934894269	2371	31	29976	2182	0.520755545793982	0.9870940882597836	0.6818116462976277	0.0010330922784683	1	287	34248	24	0.04	0.0034722222222222	0.0063897763578274	0.0083104097292601	25	13	3	18	0	1325	32869	366	0.0	0.0	0.0387494882143066	NA	0	1325	33235	0	NA	0.0	0.0383391203703703	NA	0	0	34560	0	NA	NA	0.0	NA	0	0	34194	366	0.0	NA	0.0	NA	366	0	0	0	0	0	34560	0	NA	NA	0.0	NA
40	5	20	0.001999	0.3	1e-06	1e-07	0.0	0007	monovar	NA	true_parameters	NA	no_cnv	/raid/kang/DelSIEVE/simulation_results/IndelSIEVE_benchmark_pipeline_sa_201/benchmark_results/simulated_data/results/cell_names	/raid/kang/DelSIEVE/simulation_results/IndelSIEVE_benchmark_pipeline_sa_201/benchmark_results/monovar/from_true_params/no_cnv/0007/post_processed/filtered.cell_names	/raid/kang/DelSIEVE/simulation_results/IndelSIEVE_benchmark_pipeline_sa_201/benchmark_results/simulated_data/results/data_type/no_cnv/0007/true_evo_events_sites_names	/raid/kang/DelSIEVE/simulation_results/IndelSIEVE_benchmark_pipeline_sa_201/benchmark_results/monovar/from_true_params/no_cnv/0007/post_processed/filtered.loci_info	/raid/kang/DelSIEVE/simulation_results/IndelSIEVE_benchmark_pipeline_sa_201/benchmark_results/simulated_data/results/data_type/no_cnv/0007/true_evo_events_genotypes_numeric	/raid/kang/DelSIEVE/simulation_results/IndelSIEVE_benchmark_pipeline_sa_201/benchmark_results/monovar/from_true_params/no_cnv/0007/post_processed/filtered.genotypes	/raid/kang/DelSIEVE/simulation_results/IndelSIEVE_benchmark_pipeline_sa_201/benchmark_results/simulated_data/results/data_type/no_cnv/0007/true_evo_events_ternary_matrix.simple	/raid/kang/DelSIEVE/simulation_results/IndelSIEVE_benchmark_pipeline_sa_201/benchmark_results/monovar/from_true_params/no_cnv/0007/post_processed/filtered.ternary	/raid/kang/DelSIEVE/simulation_results/IndelSIEVE_benchmark_pipeline_sa_201/benchmark_results/monovar/from_true_params/no_cnv/0007/post_processed/filtered.genotype_probs	6055	1353	33165	3307	0.6467635120700705	0.8173596112311015	0.7221228384019082	0.0391969407265774	5244	19	35189	3428	0.6047047970479705	0.9963898916967509	0.7526372443487621	0.0005396500795273	4327	35	35198	4320	0.500404764658263	0.9919761577258138	0.6652317626258744	0.0009933868816166	2	899	42966	13	0.1333333333333333	0.002219755826859	0.0043668122270742	0.0204946996466431	15	19	2	9	5	2140	41040	695	0.0071428571428571	0.0023310023310023	0.0495599814729041	0.0035149384885764	0	2145	41735	0	NA	0.0	0.0488833181403828	NA	0	0	43870	10	0.0	NA	0.0	NA	0	0	43190	690	0.0	NA	0.0	NA	688	0	7	0	0	0	43880	0	NA	NA	0.0	NA
40	5	20	0.001999	0.3	1e-06	1e-07	0.0	0008	monovar	NA	true_parameters	NA	no_cnv	/raid/kang/DelSIEVE/simulation_results/IndelSIEVE_benchmark_pipeline_sa_201/benchmark_results/simulated_data/results/cell_names	/raid/kang/DelSIEVE/simulation_results/IndelSIEVE_benchmark_pipeline_sa_201/benchmark_results/monovar/from_true_params/no_cnv/0008/post_processed/filtered.cell_names	/raid/kang/DelSIEVE/simulation_results/IndelSIEVE_benchmark_pipeline_sa_201/benchmark_results/simulated_data/results/data_type/no_cnv/0008/true_evo_events_sites_names	/raid/kang/DelSIEVE/simulation_results/IndelSIEVE_benchmark_pipeline_sa_201/benchmark_results/monovar/from_true_params/no_cnv/0008/post_processed/filtered.loci_info	/raid/kang/DelSIEVE/simulation_results/IndelSIEVE_benchmark_pipeline_sa_201/benchmark_results/simulated_data/results/data_type/no_cnv/0008/true_evo_events_genotypes_numeric	/raid/kang/DelSIEVE/simulation_results/IndelSIEVE_benchmark_pipeline_sa_201/benchmark_results/monovar/from_true_params/no_cnv/0008/post_processed/filtered.genotypes	/raid/kang/DelSIEVE/simulation_results/IndelSIEVE_benchmark_pipeline_sa_201/benchmark_results/simulated_data/results/data_type/no_cnv/0008/true_evo_events_ternary_matrix.simple	/raid/kang/DelSIEVE/simulation_results/IndelSIEVE_benchmark_pipeline_sa_201/benchmark_results/monovar/from_true_params/no_cnv/0008/post_processed/filtered.ternary	/raid/kang/DelSIEVE/simulation_results/IndelSIEVE_benchmark_pipeline_sa_201/benchmark_results/monovar/from_true_params/no_cnv/0008/post_processed/filtered.genotype_probs	4690	856	26467	2667	0.6374881065651761	0.8456545257843491	0.7269627218476324	0.0313289170296087	4166	10	28071	2433	0.6313077739051371	0.9976053639846744	0.7732714617169374	0.00035611267405	3499	16	28081	3084	0.5315205833206744	0.995448079658606	0.6930085165379282	0.0005694558137879	3	658	34007	12	0.2	0.0045385779122541	0.0088757396449704	0.0189816818116255	15	10	5	6	1	1369	32552	758	0.0013175230566534	0.0007299270072992	0.0403584799976415	0.0009394081728511	0	1370	33310	0	NA	0.0	0.0395040369088812	NA	0	0	34679	1	0.0	NA	0.0	NA	0	0	33922	758	0.0	NA	0.0	NA	757	0	0	1	0	0	34680	0	NA	NA	0.0	NA
40	5	20	0.001999	0.3	1e-06	1e-07	0.0	0009	monovar	NA	true_parameters	NA	no_cnv	/raid/kang/DelSIEVE/simulation_results/IndelSIEVE_benchmark_pipeline_sa_201/benchmark_results/simulated_data/results/cell_names	/raid/kang/DelSIEVE/simulation_results/IndelSIEVE_benchmark_pipeline_sa_201/benchmark_results/monovar/from_true_params/no_cnv/0009/post_processed/filtered.cell_names	/raid/kang/DelSIEVE/simulation_results/IndelSIEVE_benchmark_pipeline_sa_201/benchmark_results/simulated_data/results/data_type/no_cnv/0009/true_evo_events_sites_names	/raid/kang/DelSIEVE/simulation_results/IndelSIEVE_benchmark_pipeline_sa_201/benchmark_results/monovar/from_true_params/no_cnv/0009/post_processed/filtered.loci_info	/raid/kang/DelSIEVE/simulation_results/IndelSIEVE_benchmark_pipeline_sa_201/benchmark_results/simulated_data/results/data_type/no_cnv/0009/true_evo_events_genotypes_numeric	/raid/kang/DelSIEVE/simulation_results/IndelSIEVE_benchmark_pipeline_sa_201/benchmark_results/monovar/from_true_params/no_cnv/0009/post_processed/filtered.genotypes	/raid/kang/DelSIEVE/simulation_results/IndelSIEVE_benchmark_pipeline_sa_201/benchmark_results/simulated_data/results/data_type/no_cnv/0009/true_evo_events_ternary_matrix.simple	/raid/kang/DelSIEVE/simulation_results/IndelSIEVE_benchmark_pipeline_sa_201/benchmark_results/monovar/from_true_params/no_cnv/0009/post_processed/filtered.ternary	/raid/kang/DelSIEVE/simulation_results/IndelSIEVE_benchmark_pipeline_sa_201/benchmark_results/monovar/from_true_params/no_cnv/0009/post_processed/filtered.genotype_probs	5863	1931	35216	3350	0.6363833713231304	0.7522453169104439	0.6894808020226966	0.0519826634721511	4812	13	37939	3595	0.5723801593909837	0.9973056994818652	0.7273276904474002	0.0003425379426644	4143	44	37962	4210	0.4959894648629235	0.989491282541199	0.6607655502392344	0.0011577119402199	7	631	45674	47	0.1296296296296296	0.0109717868338558	0.0202312138728323	0.013627038116834	54	13	8	31	13	2956	42598	793	0.0161290322580645	0.0043785786460087	0.0648900206348509	0.006887417218543	0	2969	43391	0	NA	0.0	0.0640422778257118	NA	0	0	46359	1	0.0	NA	0.0	NA	0	0	45555	805	0.0	NA	0.0	NA	792	0	0	0	0	0	46360	0	NA	NA	0.0	NA
40	5	20	0.001999	0.3	1e-06	1e-07	0.0	0010	monovar	NA	true_parameters	NA	no_cnv	/raid/kang/DelSIEVE/simulation_results/IndelSIEVE_benchmark_pipeline_sa_201/benchmark_results/simulated_data/results/cell_names	/raid/kang/DelSIEVE/simulation_results/IndelSIEVE_benchmark_pipeline_sa_201/benchmark_results/monovar/from_true_params/no_cnv/0010/post_processed/filtered.cell_names	/raid/kang/DelSIEVE/simulation_results/IndelSIEVE_benchmark_pipeline_sa_201/benchmark_results/simulated_data/results/data_type/no_cnv/0010/true_evo_events_sites_names	/raid/kang/DelSIEVE/simulation_results/IndelSIEVE_benchmark_pipeline_sa_201/benchmark_results/monovar/from_true_params/no_cnv/0010/post_processed/filtered.loci_info	/raid/kang/DelSIEVE/simulation_results/IndelSIEVE_benchmark_pipeline_sa_201/benchmark_results/simulated_data/results/data_type/no_cnv/0010/true_evo_events_genotypes_numeric	/raid/kang/DelSIEVE/simulation_results/IndelSIEVE_benchmark_pipeline_sa_201/benchmark_results/monovar/from_true_params/no_cnv/0010/post_processed/filtered.genotypes	/raid/kang/DelSIEVE/simulation_results/IndelSIEVE_benchmark_pipeline_sa_201/benchmark_results/simulated_data/results/data_type/no_cnv/0010/true_evo_events_ternary_matrix.simple	/raid/kang/DelSIEVE/simulation_results/IndelSIEVE_benchmark_pipeline_sa_201/benchmark_results/monovar/from_true_params/no_cnv/0010/post_processed/filtered.ternary	/raid/kang/DelSIEVE/simulation_results/IndelSIEVE_benchmark_pipeline_sa_201/benchmark_results/monovar/from_true_params/no_cnv/0010/post_processed/filtered.genotype_probs	2583	1024	26155	1598	0.6177947859363788	0.7161075686165789	0.6633281972265023	0.0376761470252768	2206	13	27387	1754	0.557070707070707	0.9941415051825148	0.7140313966661271	0.0004744525547445	2087	18	27397	1858	0.5290240811153358	0.9914489311163897	0.6899173553719008	0.0006565748677731	6	108	31237	9	0.4	0.0526315789473684	0.0930232558139534	0.0034455256021694	15	13	3	5	0	1388	29751	221	0.0	0.0	0.0445743280131025	NA	0	1388	29972	0	NA	0.0	0.0442602040816326	NA	0	0	31360	0	NA	NA	0.0	NA	0	0	31139	221	0.0	NA	0.0	NA	221	0	0	0	0	0	31360	0	NA	NA	0.0	NA
40	5	20	0.001999	0.3	1e-06	1e-07	0.0	0001	sciphi	candidate_snvs	NA	NA	no_cnv	/raid/kang/DelSIEVE/simulation_results/IndelSIEVE_benchmark_pipeline_sa_201/benchmark_results/simulated_data/results/cell_names	/raid/kang/DelSIEVE/simulation_results/IndelSIEVE_benchmark_pipeline_sa_201/benchmark_results/sciphi/no_cnv/0001/post_processed/sciphi.cell_names	/raid/kang/DelSIEVE/simulation_results/IndelSIEVE_benchmark_pipeline_sa_201/benchmark_results/simulated_data/results/data_type/no_cnv/0001/true_evo_events_sites_names	/raid/kang/DelSIEVE/simulation_results/IndelSIEVE_benchmark_pipeline_sa_201/benchmark_results/sciphi/no_cnv/0001/post_processed/sciphi.loci_info	/raid/kang/DelSIEVE/simulation_results/IndelSIEVE_benchmark_pipeline_sa_201/benchmark_results/simulated_data/results/data_type/no_cnv/0001/true_evo_events_genotypes_numeric	/raid/kang/DelSIEVE/simulation_results/IndelSIEVE_benchmark_pipeline_sa_201/benchmark_results/sciphi/no_cnv/0001/post_processed/sciphi.genotypes	/raid/kang/DelSIEVE/simulation_results/IndelSIEVE_benchmark_pipeline_sa_201/benchmark_results/simulated_data/results/data_type/no_cnv/0001/true_evo_events_ternary_matrix.simple	/raid/kang/DelSIEVE/simulation_results/IndelSIEVE_benchmark_pipeline_sa_201/benchmark_results/sciphi/no_cnv/0001/post_processed/sciphi.ternary	/raid/kang/DelSIEVE/simulation_results/IndelSIEVE_benchmark_pipeline_sa_201/benchmark_results/sciphi/no_cnv/0001/post_processed/sciphi.genotype_probs	8647	1	40667	2405	0.7823923271806008	0.9998843663274746	0.8778680203045686	2.45893577259762e-05	8647	1	41717	1352	0.8647864786478647	0.9998843663274746	0.9274414114871024	2.3970468382952204e-05	8598	50	41717	1352	0.8641206030150754	0.994218316373728	0.9246155500591462	0.0011971173414418	0	0	51669	48	0.0	NA	NA	0.0	48	1	0	48	0	0	23153	7	0.0	NA	0.0	NA	0	0	23160	0	NA	NA	0.0	NA	0	0	23159	1	0.0	NA	0.0	NA	0	0	23154	6	0.0	NA	0.0	NA	6	0	1	0	0	0	23160	0	NA	NA	0.0	NA
40	5	20	0.001999	0.3	1e-06	1e-07	0.0	0002	sciphi	candidate_snvs	NA	NA	no_cnv	/raid/kang/DelSIEVE/simulation_results/IndelSIEVE_benchmark_pipeline_sa_201/benchmark_results/simulated_data/results/cell_names	/raid/kang/DelSIEVE/simulation_results/IndelSIEVE_benchmark_pipeline_sa_201/benchmark_results/sciphi/no_cnv/0002/post_processed/sciphi.cell_names	/raid/kang/DelSIEVE/simulation_results/IndelSIEVE_benchmark_pipeline_sa_201/benchmark_results/simulated_data/results/data_type/no_cnv/0002/true_evo_events_sites_names	/raid/kang/DelSIEVE/simulation_results/IndelSIEVE_benchmark_pipeline_sa_201/benchmark_results/sciphi/no_cnv/0002/post_processed/sciphi.loci_info	/raid/kang/DelSIEVE/simulation_results/IndelSIEVE_benchmark_pipeline_sa_201/benchmark_results/simulated_data/results/data_type/no_cnv/0002/true_evo_events_genotypes_numeric	/raid/kang/DelSIEVE/simulation_results/IndelSIEVE_benchmark_pipeline_sa_201/benchmark_results/sciphi/no_cnv/0002/post_processed/sciphi.genotypes	/raid/kang/DelSIEVE/simulation_results/IndelSIEVE_benchmark_pipeline_sa_201/benchmark_results/simulated_data/results/data_type/no_cnv/0002/true_evo_events_ternary_matrix.simple	/raid/kang/DelSIEVE/simulation_results/IndelSIEVE_benchmark_pipeline_sa_201/benchmark_results/sciphi/no_cnv/0002/post_processed/sciphi.ternary	/raid/kang/DelSIEVE/simulation_results/IndelSIEVE_benchmark_pipeline_sa_201/benchmark_results/sciphi/no_cnv/0002/post_processed/sciphi.genotype_probs	6918	15	27512	1835	0.7903575916828516	0.9978364344439636	0.882060436057631	0.0005449195335488	6918	15	28367	980	0.8759179539123829	0.9978364344439636	0.93291079495651	0.0005285039813966	6903	30	28368	979	0.8757929459528039	0.9956728688879272	0.9318933513331084	0.00105641242341	0	0	36265	15	0.0	NA	NA	0.0	15	15	1	14	0	0	18149	11	0.0	NA	0.0	NA	0	0	18160	0	NA	NA	0.0	NA	0	0	18159	1	0.0	NA	0.0	NA	0	0	18150	10	0.0	NA	0.0	NA	10	0	1	0	0	0	18160	0	NA	NA	0.0	NA
40	5	20	0.001999	0.3	1e-06	1e-07	0.0	0003	sciphi	candidate_snvs	NA	NA	no_cnv	/raid/kang/DelSIEVE/simulation_results/IndelSIEVE_benchmark_pipeline_sa_201/benchmark_results/simulated_data/results/cell_names	/raid/kang/DelSIEVE/simulation_results/IndelSIEVE_benchmark_pipeline_sa_201/benchmark_results/sciphi/no_cnv/0003/post_processed/sciphi.cell_names	/raid/kang/DelSIEVE/simulation_results/IndelSIEVE_benchmark_pipeline_sa_201/benchmark_results/simulated_data/results/data_type/no_cnv/0003/true_evo_events_sites_names	/raid/kang/DelSIEVE/simulation_results/IndelSIEVE_benchmark_pipeline_sa_201/benchmark_results/sciphi/no_cnv/0003/post_processed/sciphi.loci_info	/raid/kang/DelSIEVE/simulation_results/IndelSIEVE_benchmark_pipeline_sa_201/benchmark_results/simulated_data/results/data_type/no_cnv/0003/true_evo_events_genotypes_numeric	/raid/kang/DelSIEVE/simulation_results/IndelSIEVE_benchmark_pipeline_sa_201/benchmark_results/sciphi/no_cnv/0003/post_processed/sciphi.genotypes	/raid/kang/DelSIEVE/simulation_results/IndelSIEVE_benchmark_pipeline_sa_201/benchmark_results/simulated_data/results/data_type/no_cnv/0003/true_evo_events_ternary_matrix.simple	/raid/kang/DelSIEVE/simulation_results/IndelSIEVE_benchmark_pipeline_sa_201/benchmark_results/sciphi/no_cnv/0003/post_processed/sciphi.ternary	/raid/kang/DelSIEVE/simulation_results/IndelSIEVE_benchmark_pipeline_sa_201/benchmark_results/sciphi/no_cnv/0003/post_processed/sciphi.genotype_probs	8136	35	37085	1944	0.8071428571428572	0.9957165585607636	0.8915675853377898	0.0009428879310344	8134	37	37961	1067	0.8840343440930334	0.9954717904785216	0.9364494588993784	0.000973735459761	8095	76	37961	1067	0.8835407116350142	0.9906988128748012	0.9340564241620032	0.0019980545258564	0	0	47161	38	0.0	NA	NA	0.0	38	35	0	38	0	0	21785	15	0.0	NA	0.0	NA	0	0	21800	0	NA	NA	0.0	NA	0	0	21799	1	0.0	NA	0.0	NA	0	0	21786	14	0.0	NA	0.0	NA	12	2	1	0	0	0	21800	0	NA	NA	0.0	NA
40	5	20	0.001999	0.3	1e-06	1e-07	0.0	0004	sciphi	candidate_snvs	NA	NA	no_cnv	/raid/kang/DelSIEVE/simulation_results/IndelSIEVE_benchmark_pipeline_sa_201/benchmark_results/simulated_data/results/cell_names	/raid/kang/DelSIEVE/simulation_results/IndelSIEVE_benchmark_pipeline_sa_201/benchmark_results/sciphi/no_cnv/0004/post_processed/sciphi.cell_names	/raid/kang/DelSIEVE/simulation_results/IndelSIEVE_benchmark_pipeline_sa_201/benchmark_results/simulated_data/results/data_type/no_cnv/0004/true_evo_events_sites_names	/raid/kang/DelSIEVE/simulation_results/IndelSIEVE_benchmark_pipeline_sa_201/benchmark_results/sciphi/no_cnv/0004/post_processed/sciphi.loci_info	/raid/kang/DelSIEVE/simulation_results/IndelSIEVE_benchmark_pipeline_sa_201/benchmark_results/simulated_data/results/data_type/no_cnv/0004/true_evo_events_genotypes_numeric	/raid/kang/DelSIEVE/simulation_results/IndelSIEVE_benchmark_pipeline_sa_201/benchmark_results/sciphi/no_cnv/0004/post_processed/sciphi.genotypes	/raid/kang/DelSIEVE/simulation_results/IndelSIEVE_benchmark_pipeline_sa_201/benchmark_results/simulated_data/results/data_type/no_cnv/0004/true_evo_events_ternary_matrix.simple	/raid/kang/DelSIEVE/simulation_results/IndelSIEVE_benchmark_pipeline_sa_201/benchmark_results/sciphi/no_cnv/0004/post_processed/sciphi.ternary	/raid/kang/DelSIEVE/simulation_results/IndelSIEVE_benchmark_pipeline_sa_201/benchmark_results/sciphi/no_cnv/0004/post_processed/sciphi.genotype_probs	4713	3	35425	1899	0.7127949183303085	0.9993638676844784	0.8320974576271186	8.467878514169583e-05	4713	3	36071	1251	0.790241448692153	0.9993638676844784	0.8825842696629213	8.316238842379553e-05	4713	3	36075	1247	0.7907718120805369	0.9993638676844784	0.8829149494192583	8.315316813570597e-05	0	0	42034	4	0.0	NA	NA	0.0	4	3	4	0	0	0	12235	5	0.0	NA	0.0	NA	0	0	12240	0	NA	NA	0.0	NA	0	0	12240	0	NA	NA	0.0	NA	0	0	12235	5	0.0	NA	0.0	NA	5	0	0	0	0	0	12240	0	NA	NA	0.0	NA
40	5	20	0.001999	0.3	1e-06	1e-07	0.0	0005	sciphi	candidate_snvs	NA	NA	no_cnv	/raid/kang/DelSIEVE/simulation_results/IndelSIEVE_benchmark_pipeline_sa_201/benchmark_results/simulated_data/results/cell_names	/raid/kang/DelSIEVE/simulation_results/IndelSIEVE_benchmark_pipeline_sa_201/benchmark_results/sciphi/no_cnv/0005/post_processed/sciphi.cell_names	/raid/kang/DelSIEVE/simulation_results/IndelSIEVE_benchmark_pipeline_sa_201/benchmark_results/simulated_data/results/data_type/no_cnv/0005/true_evo_events_sites_names	/raid/kang/DelSIEVE/simulation_results/IndelSIEVE_benchmark_pipeline_sa_201/benchmark_results/sciphi/no_cnv/0005/post_processed/sciphi.loci_info	/raid/kang/DelSIEVE/simulation_results/IndelSIEVE_benchmark_pipeline_sa_201/benchmark_results/simulated_data/results/data_type/no_cnv/0005/true_evo_events_genotypes_numeric	/raid/kang/DelSIEVE/simulation_results/IndelSIEVE_benchmark_pipeline_sa_201/benchmark_results/sciphi/no_cnv/0005/post_processed/sciphi.genotypes	/raid/kang/DelSIEVE/simulation_results/IndelSIEVE_benchmark_pipeline_sa_201/benchmark_results/simulated_data/results/data_type/no_cnv/0005/true_evo_events_ternary_matrix.simple	/raid/kang/DelSIEVE/simulation_results/IndelSIEVE_benchmark_pipeline_sa_201/benchmark_results/sciphi/no_cnv/0005/post_processed/sciphi.ternary	/raid/kang/DelSIEVE/simulation_results/IndelSIEVE_benchmark_pipeline_sa_201/benchmark_results/sciphi/no_cnv/0005/post_processed/sciphi.genotype_probs	8630	39	34461	1990	0.812617702448211	0.995501211212366	0.8948105137643216	0.0011304347826086	8629	40	35305	1146	0.8827621483375959	0.9953858576537086	0.9356972457167644	0.0011317017965766	8541	128	35305	1146	0.8816971198513471	0.9852347444918677	0.9305949008498584	0.0036124516693477	0	0	45033	87	0.0	NA	NA	0.0	87	39	0	87	0	0	23546	54	0.0	NA	0.0	NA	0	0	23600	0	NA	NA	0.0	NA	0	0	23599	1	0.0	NA	0.0	NA	0	0	23547	53	0.0	NA	0.0	NA	52	1	1	0	0	0	23600	0	NA	NA	0.0	NA
40	5	20	0.001999	0.3	1e-06	1e-07	0.0	0006	sciphi	candidate_snvs	NA	NA	no_cnv	/raid/kang/DelSIEVE/simulation_results/IndelSIEVE_benchmark_pipeline_sa_201/benchmark_results/simulated_data/results/cell_names	/raid/kang/DelSIEVE/simulation_results/IndelSIEVE_benchmark_pipeline_sa_201/benchmark_results/sciphi/no_cnv/0006/post_processed/sciphi.cell_names	/raid/kang/DelSIEVE/simulation_results/IndelSIEVE_benchmark_pipeline_sa_201/benchmark_results/simulated_data/results/data_type/no_cnv/0006/true_evo_events_sites_names	/raid/kang/DelSIEVE/simulation_results/IndelSIEVE_benchmark_pipeline_sa_201/benchmark_results/sciphi/no_cnv/0006/post_processed/sciphi.loci_info	/raid/kang/DelSIEVE/simulation_results/IndelSIEVE_benchmark_pipeline_sa_201/benchmark_results/simulated_data/results/data_type/no_cnv/0006/true_evo_events_genotypes_numeric	/raid/kang/DelSIEVE/simulation_results/IndelSIEVE_benchmark_pipeline_sa_201/benchmark_results/sciphi/no_cnv/0006/post_processed/sciphi.genotypes	/raid/kang/DelSIEVE/simulation_results/IndelSIEVE_benchmark_pipeline_sa_201/benchmark_results/simulated_data/results/data_type/no_cnv/0006/true_evo_events_ternary_matrix.simple	/raid/kang/DelSIEVE/simulation_results/IndelSIEVE_benchmark_pipeline_sa_201/benchmark_results/sciphi/no_cnv/0006/post_processed/sciphi.ternary	/raid/kang/DelSIEVE/simulation_results/IndelSIEVE_benchmark_pipeline_sa_201/benchmark_results/sciphi/no_cnv/0006/post_processed/sciphi.genotype_probs	3727	0	29616	1217	0.7538430420711975	1.0	0.8596470995271596	0.0	3727	0	29982	851	0.8141109654871123	1.0	0.8975316074653822	0.0	3704	23	29984	849	0.813529540962003	0.9938288167426884	0.8946859903381643	0.0007664878195087	0	0	34535	25	0.0	NA	NA	0.0	25	0	2	23	0	0	12559	1	0.0	NA	0.0	NA	0	0	12560	0	NA	NA	0.0	NA	0	0	12560	0	NA	NA	0.0	NA	0	0	12559	1	0.0	NA	0.0	NA	1	0	0	0	0	0	12560	0	NA	NA	0.0	NA
40	5	20	0.001999	0.3	1e-06	1e-07	0.0	0007	sciphi	candidate_snvs	NA	NA	no_cnv	/raid/kang/DelSIEVE/simulation_results/IndelSIEVE_benchmark_pipeline_sa_201/benchmark_results/simulated_data/results/cell_names	/raid/kang/DelSIEVE/simulation_results/IndelSIEVE_benchmark_pipeline_sa_201/benchmark_results/sciphi/no_cnv/0007/post_processed/sciphi.cell_names	/raid/kang/DelSIEVE/simulation_results/IndelSIEVE_benchmark_pipeline_sa_201/benchmark_results/simulated_data/results/data_type/no_cnv/0007/true_evo_events_sites_names	/raid/kang/DelSIEVE/simulation_results/IndelSIEVE_benchmark_pipeline_sa_201/benchmark_results/sciphi/no_cnv/0007/post_processed/sciphi.loci_info	/raid/kang/DelSIEVE/simulation_results/IndelSIEVE_benchmark_pipeline_sa_201/benchmark_results/simulated_data/results/data_type/no_cnv/0007/true_evo_events_genotypes_numeric	/raid/kang/DelSIEVE/simulation_results/IndelSIEVE_benchmark_pipeline_sa_201/benchmark_results/sciphi/no_cnv/0007/post_processed/sciphi.genotypes	/raid/kang/DelSIEVE/simulation_results/IndelSIEVE_benchmark_pipeline_sa_201/benchmark_results/simulated_data/results/data_type/no_cnv/0007/true_evo_events_ternary_matrix.simple	/raid/kang/DelSIEVE/simulation_results/IndelSIEVE_benchmark_pipeline_sa_201/benchmark_results/sciphi/no_cnv/0007/post_processed/sciphi.ternary	/raid/kang/DelSIEVE/simulation_results/IndelSIEVE_benchmark_pipeline_sa_201/benchmark_results/sciphi/no_cnv/0007/post_processed/sciphi.genotype_probs	7447	17	34501	1915	0.7954496902371289	0.9977224008574492	0.8851777011767504	0.0004924966684048	7447	17	35191	1225	0.858740774907749	0.9977224008574492	0.9230292513634112	0.0004828448079981	7422	42	35191	1225	0.8583323696079566	0.9943729903536976	0.9213580783315748	0.0011920642579399	0	0	43865	15	0.0	NA	NA	0.0	15	17	0	15	0	0	19704	16	0.0	NA	0.0	NA	0	0	19720	0	NA	NA	0.0	NA	0	0	19710	10	0.0	NA	0.0	NA	0	0	19714	6	0.0	NA	0.0	NA	6	0	10	0	0	0	19720	0	NA	NA	0.0	NA
40	5	20	0.001999	0.3	1e-06	1e-07	0.0	0008	sciphi	candidate_snvs	NA	NA	no_cnv	/raid/kang/DelSIEVE/simulation_results/IndelSIEVE_benchmark_pipeline_sa_201/benchmark_results/simulated_data/results/cell_names	/raid/kang/DelSIEVE/simulation_results/IndelSIEVE_benchmark_pipeline_sa_201/benchmark_results/sciphi/no_cnv/0008/post_processed/sciphi.cell_names	/raid/kang/DelSIEVE/simulation_results/IndelSIEVE_benchmark_pipeline_sa_201/benchmark_results/simulated_data/results/data_type/no_cnv/0008/true_evo_events_sites_names	/raid/kang/DelSIEVE/simulation_results/IndelSIEVE_benchmark_pipeline_sa_201/benchmark_results/sciphi/no_cnv/0008/post_processed/sciphi.loci_info	/raid/kang/DelSIEVE/simulation_results/IndelSIEVE_benchmark_pipeline_sa_201/benchmark_results/simulated_data/results/data_type/no_cnv/0008/true_evo_events_genotypes_numeric	/raid/kang/DelSIEVE/simulation_results/IndelSIEVE_benchmark_pipeline_sa_201/benchmark_results/sciphi/no_cnv/0008/post_processed/sciphi.genotypes	/raid/kang/DelSIEVE/simulation_results/IndelSIEVE_benchmark_pipeline_sa_201/benchmark_results/simulated_data/results/data_type/no_cnv/0008/true_evo_events_ternary_matrix.simple	/raid/kang/DelSIEVE/simulation_results/IndelSIEVE_benchmark_pipeline_sa_201/benchmark_results/sciphi/no_cnv/0008/post_processed/sciphi.ternary	/raid/kang/DelSIEVE/simulation_results/IndelSIEVE_benchmark_pipeline_sa_201/benchmark_results/sciphi/no_cnv/0008/post_processed/sciphi.genotype_probs	5802	10	27313	1555	0.7886366725567486	0.9982794218857536	0.881160300706204	0.0003659920213739	5801	11	28070	798	0.879072586755569	0.998107364074329	0.93481588913061	0.000391723941455	5785	27	28070	798	0.8787786723378399	0.9953544390915348	0.9334409035901572	0.0009609566857671	0	0	34665	15	0.0	NA	NA	0.0	15	10	0	15	0	0	16073	7	0.0	NA	0.0	NA	0	0	16080	0	NA	NA	0.0	NA	0	0	16079	1	0.0	NA	0.0	NA	0	0	16074	6	0.0	NA	0.0	NA	5	1	1	0	0	0	16080	0	NA	NA	0.0	NA
40	5	20	0.001999	0.3	1e-06	1e-07	0.0	0009	sciphi	candidate_snvs	NA	NA	no_cnv	/raid/kang/DelSIEVE/simulation_results/IndelSIEVE_benchmark_pipeline_sa_201/benchmark_results/simulated_data/results/cell_names	/raid/kang/DelSIEVE/simulation_results/IndelSIEVE_benchmark_pipeline_sa_201/benchmark_results/sciphi/no_cnv/0009/post_processed/sciphi.cell_names	/raid/kang/DelSIEVE/simulation_results/IndelSIEVE_benchmark_pipeline_sa_201/benchmark_results/simulated_data/results/data_type/no_cnv/0009/true_evo_events_sites_names	/raid/kang/DelSIEVE/simulation_results/IndelSIEVE_benchmark_pipeline_sa_201/benchmark_results/sciphi/no_cnv/0009/post_processed/sciphi.loci_info	/raid/kang/DelSIEVE/simulation_results/IndelSIEVE_benchmark_pipeline_sa_201/benchmark_results/simulated_data/results/data_type/no_cnv/0009/true_evo_events_genotypes_numeric	/raid/kang/DelSIEVE/simulation_results/IndelSIEVE_benchmark_pipeline_sa_201/benchmark_results/sciphi/no_cnv/0009/post_processed/sciphi.genotypes	/raid/kang/DelSIEVE/simulation_results/IndelSIEVE_benchmark_pipeline_sa_201/benchmark_results/simulated_data/results/data_type/no_cnv/0009/true_evo_events_ternary_matrix.simple	/raid/kang/DelSIEVE/simulation_results/IndelSIEVE_benchmark_pipeline_sa_201/benchmark_results/sciphi/no_cnv/0009/post_processed/sciphi.ternary	/raid/kang/DelSIEVE/simulation_results/IndelSIEVE_benchmark_pipeline_sa_201/benchmark_results/sciphi/no_cnv/0009/post_processed/sciphi.genotype_probs	6990	34	37113	2223	0.7587105177466623	0.9951594533029612	0.8609964894992916	0.0009152825261797	6979	45	37907	1428	0.8301415487094088	0.9935933940774488	0.9045428034476056	0.0011857082630691	6927	97	37909	1426	0.8292828923739973	0.9861902050113897	0.9009559732067374	0.0025522285954849	0	0	46305	54	0.0	NA	NA	0.0	54	34	2	52	0	0	20875	45	0.0	NA	0.0	NA	0	0	20920	0	NA	NA	0.0	NA	0	0	20920	0	NA	NA	0.0	NA	0	0	20875	45	0.0	NA	0.0	NA	34	11	0	0	0	0	20920	0	NA	NA	0.0	NA
40	5	20	0.001999	0.3	1e-06	1e-07	0.0	0010	sciphi	candidate_snvs	NA	NA	no_cnv	/raid/kang/DelSIEVE/simulation_results/IndelSIEVE_benchmark_pipeline_sa_201/benchmark_results/simulated_data/results/cell_names	/raid/kang/DelSIEVE/simulation_results/IndelSIEVE_benchmark_pipeline_sa_201/benchmark_results/sciphi/no_cnv/0010/post_processed/sciphi.cell_names	/raid/kang/DelSIEVE/simulation_results/IndelSIEVE_benchmark_pipeline_sa_201/benchmark_results/simulated_data/results/data_type/no_cnv/0010/true_evo_events_sites_names	/raid/kang/DelSIEVE/simulation_results/IndelSIEVE_benchmark_pipeline_sa_201/benchmark_results/sciphi/no_cnv/0010/post_processed/sciphi.loci_info	/raid/kang/DelSIEVE/simulation_results/IndelSIEVE_benchmark_pipeline_sa_201/benchmark_results/simulated_data/results/data_type/no_cnv/0010/true_evo_events_genotypes_numeric	/raid/kang/DelSIEVE/simulation_results/IndelSIEVE_benchmark_pipeline_sa_201/benchmark_results/sciphi/no_cnv/0010/post_processed/sciphi.genotypes	/raid/kang/DelSIEVE/simulation_results/IndelSIEVE_benchmark_pipeline_sa_201/benchmark_results/simulated_data/results/data_type/no_cnv/0010/true_evo_events_ternary_matrix.simple	/raid/kang/DelSIEVE/simulation_results/IndelSIEVE_benchmark_pipeline_sa_201/benchmark_results/sciphi/no_cnv/0010/post_processed/sciphi.ternary	/raid/kang/DelSIEVE/simulation_results/IndelSIEVE_benchmark_pipeline_sa_201/benchmark_results/sciphi/no_cnv/0010/post_processed/sciphi.genotype_probs	3053	9	27170	1128	0.7302080841903851	0.9970607446113652	0.8430208477150352	0.0003311380109643	3053	9	27391	907	0.770959595959596	0.9970607446113652	0.8695528339504414	0.0003284671532846	3038	24	27391	907	0.7700887198986058	0.992161985630307	0.867132867132867	0.0008754331570308	0	0	31345	15	0.0	NA	NA	0.0	15	9	0	15	0	0	11799	1	0.0	NA	0.0	NA	0	0	11800	0	NA	NA	0.0	NA	0	0	11800	0	NA	NA	0.0	NA	0	0	11799	1	0.0	NA	0.0	NA	1	0	0	0	0	0	11800	0	NA	NA	0.0	NA
40	5	20	0.001999	0.3	1e-06	1e-07	0.0	0001	sciphin	candidate_snvs	NA	NA	no_cnv	/raid/kang/DelSIEVE/simulation_results/IndelSIEVE_benchmark_pipeline_sa_201/benchmark_results/simulated_data/results/cell_names	/raid/kang/DelSIEVE/simulation_results/IndelSIEVE_benchmark_pipeline_sa_201/benchmark_results/sciphin/no_cnv/0001/post_processed/sciphin.cell_names	/raid/kang/DelSIEVE/simulation_results/IndelSIEVE_benchmark_pipeline_sa_201/benchmark_results/simulated_data/results/data_type/no_cnv/0001/true_evo_events_sites_names	/raid/kang/DelSIEVE/simulation_results/IndelSIEVE_benchmark_pipeline_sa_201/benchmark_results/sciphin/no_cnv/0001/post_processed/sciphin.loci_info	/raid/kang/DelSIEVE/simulation_results/IndelSIEVE_benchmark_pipeline_sa_201/benchmark_results/simulated_data/results/data_type/no_cnv/0001/true_evo_events_genotypes_numeric	/raid/kang/DelSIEVE/simulation_results/IndelSIEVE_benchmark_pipeline_sa_201/benchmark_results/sciphin/no_cnv/0001/post_processed/sciphin.genotypes	/raid/kang/DelSIEVE/simulation_results/IndelSIEVE_benchmark_pipeline_sa_201/benchmark_results/simulated_data/results/data_type/no_cnv/0001/true_evo_events_ternary_matrix.simple	/raid/kang/DelSIEVE/simulation_results/IndelSIEVE_benchmark_pipeline_sa_201/benchmark_results/sciphin/no_cnv/0001/post_processed/sciphin.ternary	/raid/kang/DelSIEVE/simulation_results/IndelSIEVE_benchmark_pipeline_sa_201/benchmark_results/sciphin/no_cnv/0001/post_processed/sciphin.genotype_probs	8660	0	40668	2392	0.7835685848715165	1.0	0.8786525974025975	0.0	8660	0	41718	1339	0.8660866086608661	1.0	0.9282383836218446	0.0	8611	49	41718	1339	0.8654271356783919	0.9943418013856812	0.9254164427727029	0.0011731749946129	0	0	51669	48	0.0	NA	NA	0.0	48	0	0	48	0	0	23153	7	0.0	NA	0.0	NA	0	0	23160	0	NA	NA	0.0	NA	0	0	23159	1	0.0	NA	0.0	NA	0	0	23154	6	0.0	NA	0.0	NA	6	0	1	0	0	0	23160	0	NA	NA	0.0	NA
40	5	20	0.001999	0.3	1e-06	1e-07	0.0	0002	sciphin	candidate_snvs	NA	NA	no_cnv	/raid/kang/DelSIEVE/simulation_results/IndelSIEVE_benchmark_pipeline_sa_201/benchmark_results/simulated_data/results/cell_names	/raid/kang/DelSIEVE/simulation_results/IndelSIEVE_benchmark_pipeline_sa_201/benchmark_results/sciphin/no_cnv/0002/post_processed/sciphin.cell_names	/raid/kang/DelSIEVE/simulation_results/IndelSIEVE_benchmark_pipeline_sa_201/benchmark_results/simulated_data/results/data_type/no_cnv/0002/true_evo_events_sites_names	/raid/kang/DelSIEVE/simulation_results/IndelSIEVE_benchmark_pipeline_sa_201/benchmark_results/sciphin/no_cnv/0002/post_processed/sciphin.loci_info	/raid/kang/DelSIEVE/simulation_results/IndelSIEVE_benchmark_pipeline_sa_201/benchmark_results/simulated_data/results/data_type/no_cnv/0002/true_evo_events_genotypes_numeric	/raid/kang/DelSIEVE/simulation_results/IndelSIEVE_benchmark_pipeline_sa_201/benchmark_results/sciphin/no_cnv/0002/post_processed/sciphin.genotypes	/raid/kang/DelSIEVE/simulation_results/IndelSIEVE_benchmark_pipeline_sa_201/benchmark_results/simulated_data/results/data_type/no_cnv/0002/true_evo_events_ternary_matrix.simple	/raid/kang/DelSIEVE/simulation_results/IndelSIEVE_benchmark_pipeline_sa_201/benchmark_results/sciphin/no_cnv/0002/post_processed/sciphin.ternary	/raid/kang/DelSIEVE/simulation_results/IndelSIEVE_benchmark_pipeline_sa_201/benchmark_results/sciphin/no_cnv/0002/post_processed/sciphin.genotype_probs	6906	6	27521	1847	0.788986633154347	0.9991319444444444	0.8817108203000319	0.0002179678134195	6906	6	28376	992	0.8743985819194733	0.9991319444444444	0.9326130992572584	0.0002114015925586	6891	21	28377	991	0.8742704897234205	0.9969618055555556	0.9315938894146276	0.000739488696387	0	0	36265	15	0.0	NA	NA	0.0	15	6	1	14	0	0	18149	11	0.0	NA	0.0	NA	0	0	18160	0	NA	NA	0.0	NA	0	0	18159	1	0.0	NA	0.0	NA	0	0	18150	10	0.0	NA	0.0	NA	10	0	1	0	0	0	18160	0	NA	NA	0.0	NA
40	5	20	0.001999	0.3	1e-06	1e-07	0.0	0003	sciphin	candidate_snvs	NA	NA	no_cnv	/raid/kang/DelSIEVE/simulation_results/IndelSIEVE_benchmark_pipeline_sa_201/benchmark_results/simulated_data/results/cell_names	/raid/kang/DelSIEVE/simulation_results/IndelSIEVE_benchmark_pipeline_sa_201/benchmark_results/sciphin/no_cnv/0003/post_processed/sciphin.cell_names	/raid/kang/DelSIEVE/simulation_results/IndelSIEVE_benchmark_pipeline_sa_201/benchmark_results/simulated_data/results/data_type/no_cnv/0003/true_evo_events_sites_names	/raid/kang/DelSIEVE/simulation_results/IndelSIEVE_benchmark_pipeline_sa_201/benchmark_results/sciphin/no_cnv/0003/post_processed/sciphin.loci_info	/raid/kang/DelSIEVE/simulation_results/IndelSIEVE_benchmark_pipeline_sa_201/benchmark_results/simulated_data/results/data_type/no_cnv/0003/true_evo_events_genotypes_numeric	/raid/kang/DelSIEVE/simulation_results/IndelSIEVE_benchmark_pipeline_sa_201/benchmark_results/sciphin/no_cnv/0003/post_processed/sciphin.genotypes	/raid/kang/DelSIEVE/simulation_results/IndelSIEVE_benchmark_pipeline_sa_201/benchmark_results/simulated_data/results/data_type/no_cnv/0003/true_evo_events_ternary_matrix.simple	/raid/kang/DelSIEVE/simulation_results/IndelSIEVE_benchmark_pipeline_sa_201/benchmark_results/sciphin/no_cnv/0003/post_processed/sciphin.ternary	/raid/kang/DelSIEVE/simulation_results/IndelSIEVE_benchmark_pipeline_sa_201/benchmark_results/sciphin/no_cnv/0003/post_processed/sciphin.genotype_probs	8133	17	37103	1947	0.8068452380952381	0.997914110429448	0.8922654964344487	0.000457974137931	8131	19	37979	1070	0.8837082925768938	0.9976687116564416	0.9372370468560888	0.0005000263171745	8092	58	37979	1070	0.8832132722113075	0.992883435582822	0.9348428835489834	0.0015248310855219	0	0	47161	38	0.0	NA	NA	0.0	38	17	0	38	0	0	21785	15	0.0	NA	0.0	NA	0	0	21800	0	NA	NA	0.0	NA	0	0	21799	1	0.0	NA	0.0	NA	0	0	21786	14	0.0	NA	0.0	NA	12	2	1	0	0	0	21800	0	NA	NA	0.0	NA
40	5	20	0.001999	0.3	1e-06	1e-07	0.0	0004	sciphin	candidate_snvs	NA	NA	no_cnv	/raid/kang/DelSIEVE/simulation_results/IndelSIEVE_benchmark_pipeline_sa_201/benchmark_results/simulated_data/results/cell_names	/raid/kang/DelSIEVE/simulation_results/IndelSIEVE_benchmark_pipeline_sa_201/benchmark_results/sciphin/no_cnv/0004/post_processed/sciphin.cell_names	/raid/kang/DelSIEVE/simulation_results/IndelSIEVE_benchmark_pipeline_sa_201/benchmark_results/simulated_data/results/data_type/no_cnv/0004/true_evo_events_sites_names	/raid/kang/DelSIEVE/simulation_results/IndelSIEVE_benchmark_pipeline_sa_201/benchmark_results/sciphin/no_cnv/0004/post_processed/sciphin.loci_info	/raid/kang/DelSIEVE/simulation_results/IndelSIEVE_benchmark_pipeline_sa_201/benchmark_results/simulated_data/results/data_type/no_cnv/0004/true_evo_events_genotypes_numeric	/raid/kang/DelSIEVE/simulation_results/IndelSIEVE_benchmark_pipeline_sa_201/benchmark_results/sciphin/no_cnv/0004/post_processed/sciphin.genotypes	/raid/kang/DelSIEVE/simulation_results/IndelSIEVE_benchmark_pipeline_sa_201/benchmark_results/simulated_data/results/data_type/no_cnv/0004/true_evo_events_ternary_matrix.simple	/raid/kang/DelSIEVE/simulation_results/IndelSIEVE_benchmark_pipeline_sa_201/benchmark_results/sciphin/no_cnv/0004/post_processed/sciphin.ternary	/raid/kang/DelSIEVE/simulation_results/IndelSIEVE_benchmark_pipeline_sa_201/benchmark_results/sciphin/no_cnv/0004/post_processed/sciphin.genotype_probs	4727	3	35425	1885	0.7149122807017544	0.9993657505285412	0.8335390583671309	8.467878514169583e-05	4727	3	36071	1237	0.7925888665325285	0.9993657505285412	0.8840471292313445	8.316238842379553e-05	4727	3	36075	1233	0.7931208053691275	0.9993657505285412	0.884377923292797	8.315316813570597e-05	0	0	42034	4	0.0	NA	NA	0.0	4	3	4	0	0	0	12235	5	0.0	NA	0.0	NA	0	0	12240	0	NA	NA	0.0	NA	0	0	12240	0	NA	NA	0.0	NA	0	0	12235	5	0.0	NA	0.0	NA	5	0	0	0	0	0	12240	0	NA	NA	0.0	NA
40	5	20	0.001999	0.3	1e-06	1e-07	0.0	0005	sciphin	candidate_snvs	NA	NA	no_cnv	/raid/kang/DelSIEVE/simulation_results/IndelSIEVE_benchmark_pipeline_sa_201/benchmark_results/simulated_data/results/cell_names	/raid/kang/DelSIEVE/simulation_results/IndelSIEVE_benchmark_pipeline_sa_201/benchmark_results/sciphin/no_cnv/0005/post_processed/sciphin.cell_names	/raid/kang/DelSIEVE/simulation_results/IndelSIEVE_benchmark_pipeline_sa_201/benchmark_results/simulated_data/results/data_type/no_cnv/0005/true_evo_events_sites_names	/raid/kang/DelSIEVE/simulation_results/IndelSIEVE_benchmark_pipeline_sa_201/benchmark_results/sciphin/no_cnv/0005/post_processed/sciphin.loci_info	/raid/kang/DelSIEVE/simulation_results/IndelSIEVE_benchmark_pipeline_sa_201/benchmark_results/simulated_data/results/data_type/no_cnv/0005/true_evo_events_genotypes_numeric	/raid/kang/DelSIEVE/simulation_results/IndelSIEVE_benchmark_pipeline_sa_201/benchmark_results/sciphin/no_cnv/0005/post_processed/sciphin.genotypes	/raid/kang/DelSIEVE/simulation_results/IndelSIEVE_benchmark_pipeline_sa_201/benchmark_results/simulated_data/results/data_type/no_cnv/0005/true_evo_events_ternary_matrix.simple	/raid/kang/DelSIEVE/simulation_results/IndelSIEVE_benchmark_pipeline_sa_201/benchmark_results/sciphin/no_cnv/0005/post_processed/sciphin.ternary	/raid/kang/DelSIEVE/simulation_results/IndelSIEVE_benchmark_pipeline_sa_201/benchmark_results/sciphin/no_cnv/0005/post_processed/sciphin.genotype_probs	8611	6	34494	2009	0.8108286252354049	0.9993037019844494	0.8952539377241774	0.0001739130434782	8610	7	35338	1165	0.8808184143222506	0.9991876523151908	0.9362766420182688	0.0001980478144009	8522	95	35338	1165	0.8797357282956539	0.988975281420448	0.9311625874125874	0.002681116473344	0	0	45033	87	0.0	NA	NA	0.0	87	6	0	87	0	0	23546	54	0.0	NA	0.0	NA	0	0	23600	0	NA	NA	0.0	NA	0	0	23599	1	0.0	NA	0.0	NA	0	0	23547	53	0.0	NA	0.0	NA	52	1	1	0	0	0	23600	0	NA	NA	0.0	NA
40	5	20	0.001999	0.3	1e-06	1e-07	0.0	0006	sciphin	candidate_snvs	NA	NA	no_cnv	/raid/kang/DelSIEVE/simulation_results/IndelSIEVE_benchmark_pipeline_sa_201/benchmark_results/simulated_data/results/cell_names	/raid/kang/DelSIEVE/simulation_results/IndelSIEVE_benchmark_pipeline_sa_201/benchmark_results/sciphin/no_cnv/0006/post_processed/sciphin.cell_names	/raid/kang/DelSIEVE/simulation_results/IndelSIEVE_benchmark_pipeline_sa_201/benchmark_results/simulated_data/results/data_type/no_cnv/0006/true_evo_events_sites_names	/raid/kang/DelSIEVE/simulation_results/IndelSIEVE_benchmark_pipeline_sa_201/benchmark_results/sciphin/no_cnv/0006/post_processed/sciphin.loci_info	/raid/kang/DelSIEVE/simulation_results/IndelSIEVE_benchmark_pipeline_sa_201/benchmark_results/simulated_data/results/data_type/no_cnv/0006/true_evo_events_genotypes_numeric	/raid/kang/DelSIEVE/simulation_results/IndelSIEVE_benchmark_pipeline_sa_201/benchmark_results/sciphin/no_cnv/0006/post_processed/sciphin.genotypes	/raid/kang/DelSIEVE/simulation_results/IndelSIEVE_benchmark_pipeline_sa_201/benchmark_results/simulated_data/results/data_type/no_cnv/0006/true_evo_events_ternary_matrix.simple	/raid/kang/DelSIEVE/simulation_results/IndelSIEVE_benchmark_pipeline_sa_201/benchmark_results/sciphin/no_cnv/0006/post_processed/sciphin.ternary	/raid/kang/DelSIEVE/simulation_results/IndelSIEVE_benchmark_pipeline_sa_201/benchmark_results/sciphin/no_cnv/0006/post_processed/sciphin.genotype_probs	3710	1	29615	1234	0.7504045307443366	0.9997305308542171	0.8573079145002889	3.37655321447866e-05	3710	1	29981	868	0.8103975535168195	0.9997305308542171	0.8951622632404392	3.335334534053766e-05	3687	24	29983	866	0.8097957390731386	0.9935327405012128	0.8923039690222652	0.0007998133768787	0	0	34535	25	0.0	NA	NA	0.0	25	1	2	23	0	0	12559	1	0.0	NA	0.0	NA	0	0	12560	0	NA	NA	0.0	NA	0	0	12560	0	NA	NA	0.0	NA	0	0	12559	1	0.0	NA	0.0	NA	1	0	0	0	0	0	12560	0	NA	NA	0.0	NA
40	5	20	0.001999	0.3	1e-06	1e-07	0.0	0007	sciphin	candidate_snvs	NA	NA	no_cnv	/raid/kang/DelSIEVE/simulation_results/IndelSIEVE_benchmark_pipeline_sa_201/benchmark_results/simulated_data/results/cell_names	/raid/kang/DelSIEVE/simulation_results/IndelSIEVE_benchmark_pipeline_sa_201/benchmark_results/sciphin/no_cnv/0007/post_processed/sciphin.cell_names	/raid/kang/DelSIEVE/simulation_results/IndelSIEVE_benchmark_pipeline_sa_201/benchmark_results/simulated_data/results/data_type/no_cnv/0007/true_evo_events_sites_names	/raid/kang/DelSIEVE/simulation_results/IndelSIEVE_benchmark_pipeline_sa_201/benchmark_results/sciphin/no_cnv/0007/post_processed/sciphin.loci_info	/raid/kang/DelSIEVE/simulation_results/IndelSIEVE_benchmark_pipeline_sa_201/benchmark_results/simulated_data/results/data_type/no_cnv/0007/true_evo_events_genotypes_numeric	/raid/kang/DelSIEVE/simulation_results/IndelSIEVE_benchmark_pipeline_sa_201/benchmark_results/sciphin/no_cnv/0007/post_processed/sciphin.genotypes	/raid/kang/DelSIEVE/simulation_results/IndelSIEVE_benchmark_pipeline_sa_201/benchmark_results/simulated_data/results/data_type/no_cnv/0007/true_evo_events_ternary_matrix.simple	/raid/kang/DelSIEVE/simulation_results/IndelSIEVE_benchmark_pipeline_sa_201/benchmark_results/sciphin/no_cnv/0007/post_processed/sciphin.ternary	/raid/kang/DelSIEVE/simulation_results/IndelSIEVE_benchmark_pipeline_sa_201/benchmark_results/sciphin/no_cnv/0007/post_processed/sciphin.genotype_probs	7447	3	34515	1915	0.7954496902371289	0.9995973154362416	0.8859148227456579	8.691117677733357e-05	7447	3	35205	1225	0.858740774907749	0.9995973154362416	0.9238307902245376	8.520790729379687e-05	7422	28	35205	1225	0.8583323696079566	0.996241610738255	0.9221594085854506	0.0007947095052933	0	0	43865	15	0.0	NA	NA	0.0	15	3	0	15	0	0	19704	16	0.0	NA	0.0	NA	0	0	19720	0	NA	NA	0.0	NA	0	0	19710	10	0.0	NA	0.0	NA	0	0	19714	6	0.0	NA	0.0	NA	6	0	10	0	0	0	19720	0	NA	NA	0.0	NA
40	5	20	0.001999	0.3	1e-06	1e-07	0.0	0008	sciphin	candidate_snvs	NA	NA	no_cnv	/raid/kang/DelSIEVE/simulation_results/IndelSIEVE_benchmark_pipeline_sa_201/benchmark_results/simulated_data/results/cell_names	/raid/kang/DelSIEVE/simulation_results/IndelSIEVE_benchmark_pipeline_sa_201/benchmark_results/sciphin/no_cnv/0008/post_processed/sciphin.cell_names	/raid/kang/DelSIEVE/simulation_results/IndelSIEVE_benchmark_pipeline_sa_201/benchmark_results/simulated_data/results/data_type/no_cnv/0008/true_evo_events_sites_names	/raid/kang/DelSIEVE/simulation_results/IndelSIEVE_benchmark_pipeline_sa_201/benchmark_results/sciphin/no_cnv/0008/post_processed/sciphin.loci_info	/raid/kang/DelSIEVE/simulation_results/IndelSIEVE_benchmark_pipeline_sa_201/benchmark_results/simulated_data/results/data_type/no_cnv/0008/true_evo_events_genotypes_numeric	/raid/kang/DelSIEVE/simulation_results/IndelSIEVE_benchmark_pipeline_sa_201/benchmark_results/sciphin/no_cnv/0008/post_processed/sciphin.genotypes	/raid/kang/DelSIEVE/simulation_results/IndelSIEVE_benchmark_pipeline_sa_201/benchmark_results/simulated_data/results/data_type/no_cnv/0008/true_evo_events_ternary_matrix.simple	/raid/kang/DelSIEVE/simulation_results/IndelSIEVE_benchmark_pipeline_sa_201/benchmark_results/sciphin/no_cnv/0008/post_processed/sciphin.ternary	/raid/kang/DelSIEVE/simulation_results/IndelSIEVE_benchmark_pipeline_sa_201/benchmark_results/sciphin/no_cnv/0008/post_processed/sciphin.genotype_probs	5809	5	27318	1548	0.7895881473426668	0.999140006879945	0.8820894389188367	0.0001829960106869	5808	6	28075	791	0.8801333535384149	0.998968008255934	0.9357931201160072	0.00021366760443	5792	22	28075	791	0.8798420173173325	0.996216030271758	0.9344196176494312	0.0007830017439584	0	0	34665	15	0.0	NA	NA	0.0	15	5	0	15	0	0	16073	7	0.0	NA	0.0	NA	0	0	16080	0	NA	NA	0.0	NA	0	0	16079	1	0.0	NA	0.0	NA	0	0	16074	6	0.0	NA	0.0	NA	5	1	1	0	0	0	16080	0	NA	NA	0.0	NA
40	5	20	0.001999	0.3	1e-06	1e-07	0.0	0009	sciphin	candidate_snvs	NA	NA	no_cnv	/raid/kang/DelSIEVE/simulation_results/IndelSIEVE_benchmark_pipeline_sa_201/benchmark_results/simulated_data/results/cell_names	/raid/kang/DelSIEVE/simulation_results/IndelSIEVE_benchmark_pipeline_sa_201/benchmark_results/sciphin/no_cnv/0009/post_processed/sciphin.cell_names	/raid/kang/DelSIEVE/simulation_results/IndelSIEVE_benchmark_pipeline_sa_201/benchmark_results/simulated_data/results/data_type/no_cnv/0009/true_evo_events_sites_names	/raid/kang/DelSIEVE/simulation_results/IndelSIEVE_benchmark_pipeline_sa_201/benchmark_results/sciphin/no_cnv/0009/post_processed/sciphin.loci_info	/raid/kang/DelSIEVE/simulation_results/IndelSIEVE_benchmark_pipeline_sa_201/benchmark_results/simulated_data/results/data_type/no_cnv/0009/true_evo_events_genotypes_numeric	/raid/kang/DelSIEVE/simulation_results/IndelSIEVE_benchmark_pipeline_sa_201/benchmark_results/sciphin/no_cnv/0009/post_processed/sciphin.genotypes	/raid/kang/DelSIEVE/simulation_results/IndelSIEVE_benchmark_pipeline_sa_201/benchmark_results/simulated_data/results/data_type/no_cnv/0009/true_evo_events_ternary_matrix.simple	/raid/kang/DelSIEVE/simulation_results/IndelSIEVE_benchmark_pipeline_sa_201/benchmark_results/sciphin/no_cnv/0009/post_processed/sciphin.ternary	/raid/kang/DelSIEVE/simulation_results/IndelSIEVE_benchmark_pipeline_sa_201/benchmark_results/sciphin/no_cnv/0009/post_processed/sciphin.genotype_probs	7006	12	37135	2207	0.7604471941821339	0.9982901111427758	0.8632863039861992	0.0003230408915928	6995	23	37929	1412	0.8320447246342334	0.9967227130236536	0.906969205834684	0.0006060286677908	6943	75	37931	1410	0.8311983718424518	0.9893131946423482	0.9033894997072408	0.0019733726253749	0	0	46305	54	0.0	NA	NA	0.0	54	12	2	52	0	0	20875	45	0.0	NA	0.0	NA	0	0	20920	0	NA	NA	0.0	NA	0	0	20920	0	NA	NA	0.0	NA	0	0	20875	45	0.0	NA	0.0	NA	34	11	0	0	0	0	20920	0	NA	NA	0.0	NA
40	5	20	0.001999	0.3	1e-06	1e-07	0.0	0010	sciphin	candidate_snvs	NA	NA	no_cnv	/raid/kang/DelSIEVE/simulation_results/IndelSIEVE_benchmark_pipeline_sa_201/benchmark_results/simulated_data/results/cell_names	/raid/kang/DelSIEVE/simulation_results/IndelSIEVE_benchmark_pipeline_sa_201/benchmark_results/sciphin/no_cnv/0010/post_processed/sciphin.cell_names	/raid/kang/DelSIEVE/simulation_results/IndelSIEVE_benchmark_pipeline_sa_201/benchmark_results/simulated_data/results/data_type/no_cnv/0010/true_evo_events_sites_names	/raid/kang/DelSIEVE/simulation_results/IndelSIEVE_benchmark_pipeline_sa_201/benchmark_results/sciphin/no_cnv/0010/post_processed/sciphin.loci_info	/raid/kang/DelSIEVE/simulation_results/IndelSIEVE_benchmark_pipeline_sa_201/benchmark_results/simulated_data/results/data_type/no_cnv/0010/true_evo_events_genotypes_numeric	/raid/kang/DelSIEVE/simulation_results/IndelSIEVE_benchmark_pipeline_sa_201/benchmark_results/sciphin/no_cnv/0010/post_processed/sciphin.genotypes	/raid/kang/DelSIEVE/simulation_results/IndelSIEVE_benchmark_pipeline_sa_201/benchmark_results/simulated_data/results/data_type/no_cnv/0010/true_evo_events_ternary_matrix.simple	/raid/kang/DelSIEVE/simulation_results/IndelSIEVE_benchmark_pipeline_sa_201/benchmark_results/sciphin/no_cnv/0010/post_processed/sciphin.ternary	/raid/kang/DelSIEVE/simulation_results/IndelSIEVE_benchmark_pipeline_sa_201/benchmark_results/sciphin/no_cnv/0010/post_processed/sciphin.genotype_probs	3062	11	27168	1119	0.7323606792633341	0.9964204360559714	0.8442238764819411	0.000404724235623	3062	11	27389	898	0.7732323232323233	0.9964204360559714	0.870752168349211	0.0004014598540145	3047	26	27389	898	0.7723700887198987	0.9915392124959324	0.8683385579937305	0.0009483859201167	0	0	31345	15	0.0	NA	NA	0.0	15	11	0	15	0	0	11799	1	0.0	NA	0.0	NA	0	0	11800	0	NA	NA	0.0	NA	0	0	11800	0	NA	NA	0.0	NA	0	0	11799	1	0.0	NA	0.0	NA	1	0	0	0	0	0	11800	0	NA	NA	0.0	NA
40	5	20	0.001999	0.3	1e-06	1e-07	0.0	0001	sieve	candidate_snvs	smc_mu_sa_stage_1	mt	no_cnv	/raid/kang/DelSIEVE/simulation_results/IndelSIEVE_benchmark_pipeline_sa_201/benchmark_results/simulated_data/results/cell_names	/raid/kang/DelSIEVE/simulation_results/IndelSIEVE_benchmark_pipeline_sa_201/benchmark_results/indelsieve/from_candidate/variant_calling/mt/no_cnv/smc_mu_sa_stage_1/0001/indelsieve_median.cell_names	/raid/kang/DelSIEVE/simulation_results/IndelSIEVE_benchmark_pipeline_sa_201/benchmark_results/simulated_data/results/data_type/no_cnv/0001/true_evo_events_sites_names	/raid/kang/DelSIEVE/simulation_results/IndelSIEVE_benchmark_pipeline_sa_201/benchmark_results/indelsieve/from_candidate/variant_calling/mt/no_cnv/smc_mu_sa_stage_1/0001/indelsieve_median.loci_info	/raid/kang/DelSIEVE/simulation_results/IndelSIEVE_benchmark_pipeline_sa_201/benchmark_results/simulated_data/results/data_type/no_cnv/0001/true_evo_events_genotypes_numeric	/raid/kang/DelSIEVE/simulation_results/IndelSIEVE_benchmark_pipeline_sa_201/benchmark_results/indelsieve/from_candidate/variant_calling/mt/no_cnv/smc_mu_sa_stage_1/0001/indelsieve_median.genotypes	/raid/kang/DelSIEVE/simulation_results/IndelSIEVE_benchmark_pipeline_sa_201/benchmark_results/simulated_data/results/data_type/no_cnv/0001/true_evo_events_ternary_matrix.simple	/raid/kang/DelSIEVE/simulation_results/IndelSIEVE_benchmark_pipeline_sa_201/benchmark_results/indelsieve/from_candidate/variant_calling/mt/no_cnv/smc_mu_sa_stage_1/0001/indelsieve_median.ternary	/raid/kang/DelSIEVE/simulation_results/IndelSIEVE_benchmark_pipeline_sa_201/benchmark_results/indelsieve/from_candidate/variant_calling/mt/no_cnv/smc_mu_sa_stage_1/0001/indelsieve_median.probs	8937	103	40565	2115	0.8086319218241043	0.9886061946902654	0.8896078041011347	0.0025327038457755	8936	104	41614	1063	0.8936893689368937	0.988495575221239	0.9387047639056674	0.002492928711827	8878	114	41653	1072	0.8922613065326633	0.9873220640569396	0.937387815436596	0.0027294275384873	39	9	51660	9	0.8125	0.8125	0.8125	0.0001741856819369	48	103	0	9	0	0	23073	7	0.0	NA	0.0	NA	0	0	23080	0	NA	NA	0.0	NA	0	0	23079	1	0.0	NA	0.0	NA	0	0	23074	6	0.0	NA	0.0	NA	5	1	1	0	0	0	23080	0	NA	NA	0.0	NA
40	5	20	0.001999	0.3	1e-06	1e-07	0.0	0002	sieve	candidate_snvs	smc_mu_sa_stage_1	mt	no_cnv	/raid/kang/DelSIEVE/simulation_results/IndelSIEVE_benchmark_pipeline_sa_201/benchmark_results/simulated_data/results/cell_names	/raid/kang/DelSIEVE/simulation_results/IndelSIEVE_benchmark_pipeline_sa_201/benchmark_results/indelsieve/from_candidate/variant_calling/mt/no_cnv/smc_mu_sa_stage_1/0002/indelsieve_mean.cell_names	/raid/kang/DelSIEVE/simulation_results/IndelSIEVE_benchmark_pipeline_sa_201/benchmark_results/simulated_data/results/data_type/no_cnv/0002/true_evo_events_sites_names	/raid/kang/DelSIEVE/simulation_results/IndelSIEVE_benchmark_pipeline_sa_201/benchmark_results/indelsieve/from_candidate/variant_calling/mt/no_cnv/smc_mu_sa_stage_1/0002/indelsieve_mean.loci_info	/raid/kang/DelSIEVE/simulation_results/IndelSIEVE_benchmark_pipeline_sa_201/benchmark_results/simulated_data/results/data_type/no_cnv/0002/true_evo_events_genotypes_numeric	/raid/kang/DelSIEVE/simulation_results/IndelSIEVE_benchmark_pipeline_sa_201/benchmark_results/indelsieve/from_candidate/variant_calling/mt/no_cnv/smc_mu_sa_stage_1/0002/indelsieve_mean.genotypes	/raid/kang/DelSIEVE/simulation_results/IndelSIEVE_benchmark_pipeline_sa_201/benchmark_results/simulated_data/results/data_type/no_cnv/0002/true_evo_events_ternary_matrix.simple	/raid/kang/DelSIEVE/simulation_results/IndelSIEVE_benchmark_pipeline_sa_201/benchmark_results/indelsieve/from_candidate/variant_calling/mt/no_cnv/smc_mu_sa_stage_1/0002/indelsieve_mean.ternary	/raid/kang/DelSIEVE/simulation_results/IndelSIEVE_benchmark_pipeline_sa_201/benchmark_results/indelsieve/from_candidate/variant_calling/mt/no_cnv/smc_mu_sa_stage_1/0002/indelsieve_mean.probs	7140	36	27491	1613	0.815720324460185	0.9949832775919732	0.8964781216648879	0.0013078068805173	7140	36	28346	758	0.9040263357812104	0.9949832775919732	0.947326522489054	0.0012684095553519	7105	52	28346	777	0.9014209591474244	0.9927343859158866	0.944876654032848	0.0018311148672441	0	19	36246	15	0.0	0.0	NA	0.0005239211360816	15	36	0	15	0	0	18109	11	0.0	NA	0.0	NA	0	0	18120	0	NA	NA	0.0	NA	0	0	18119	1	0.0	NA	0.0	NA	0	0	18110	10	0.0	NA	0.0	NA	10	0	1	0	0	0	18120	0	NA	NA	0.0	NA
40	5	20	0.001999	0.3	1e-06	1e-07	0.0	0003	sieve	candidate_snvs	smc_mu_sa_stage_1	mt	no_cnv	/raid/kang/DelSIEVE/simulation_results/IndelSIEVE_benchmark_pipeline_sa_201/benchmark_results/simulated_data/results/cell_names	/raid/kang/DelSIEVE/simulation_results/IndelSIEVE_benchmark_pipeline_sa_201/benchmark_results/indelsieve/from_candidate/variant_calling/mt/no_cnv/smc_mu_sa_stage_1/0003/indelsieve_median.cell_names	/raid/kang/DelSIEVE/simulation_results/IndelSIEVE_benchmark_pipeline_sa_201/benchmark_results/simulated_data/results/data_type/no_cnv/0003/true_evo_events_sites_names	/raid/kang/DelSIEVE/simulation_results/IndelSIEVE_benchmark_pipeline_sa_201/benchmark_results/indelsieve/from_candidate/variant_calling/mt/no_cnv/smc_mu_sa_stage_1/0003/indelsieve_median.loci_info	/raid/kang/DelSIEVE/simulation_results/IndelSIEVE_benchmark_pipeline_sa_201/benchmark_results/simulated_data/results/data_type/no_cnv/0003/true_evo_events_genotypes_numeric	/raid/kang/DelSIEVE/simulation_results/IndelSIEVE_benchmark_pipeline_sa_201/benchmark_results/indelsieve/from_candidate/variant_calling/mt/no_cnv/smc_mu_sa_stage_1/0003/indelsieve_median.genotypes	/raid/kang/DelSIEVE/simulation_results/IndelSIEVE_benchmark_pipeline_sa_201/benchmark_results/simulated_data/results/data_type/no_cnv/0003/true_evo_events_ternary_matrix.simple	/raid/kang/DelSIEVE/simulation_results/IndelSIEVE_benchmark_pipeline_sa_201/benchmark_results/indelsieve/from_candidate/variant_calling/mt/no_cnv/smc_mu_sa_stage_1/0003/indelsieve_median.ternary	/raid/kang/DelSIEVE/simulation_results/IndelSIEVE_benchmark_pipeline_sa_201/benchmark_results/indelsieve/from_candidate/variant_calling/mt/no_cnv/smc_mu_sa_stage_1/0003/indelsieve_median.probs	8270	105	37015	1810	0.8204365079365079	0.9874626865671642	0.8962340829043619	0.0028286637931034	8267	108	37890	934	0.8984892946418868	0.9871044776119404	0.940714610832954	0.0028422548555187	8215	119	37918	947	0.8966382885832788	0.9857211423086152	0.93907178783722	0.003128532744433	28	13	47148	10	0.7368421052631579	0.6829268292682927	0.7088607594936709	0.0002756514916986	38	105	0	10	0	0	21665	15	0.0	NA	0.0	NA	0	0	21680	0	NA	NA	0.0	NA	0	0	21679	1	0.0	NA	0.0	NA	0	0	21666	14	0.0	NA	0.0	NA	11	3	1	0	0	0	21680	0	NA	NA	0.0	NA
40	5	20	0.001999	0.3	1e-06	1e-07	0.0	0004	sieve	candidate_snvs	smc_mu_sa_stage_1	mt	no_cnv	/raid/kang/DelSIEVE/simulation_results/IndelSIEVE_benchmark_pipeline_sa_201/benchmark_results/simulated_data/results/cell_names	/raid/kang/DelSIEVE/simulation_results/IndelSIEVE_benchmark_pipeline_sa_201/benchmark_results/indelsieve/from_candidate/variant_calling/mt/no_cnv/smc_mu_sa_stage_1/0004/indelsieve_median.cell_names	/raid/kang/DelSIEVE/simulation_results/IndelSIEVE_benchmark_pipeline_sa_201/benchmark_results/simulated_data/results/data_type/no_cnv/0004/true_evo_events_sites_names	/raid/kang/DelSIEVE/simulation_results/IndelSIEVE_benchmark_pipeline_sa_201/benchmark_results/indelsieve/from_candidate/variant_calling/mt/no_cnv/smc_mu_sa_stage_1/0004/indelsieve_median.loci_info	/raid/kang/DelSIEVE/simulation_results/IndelSIEVE_benchmark_pipeline_sa_201/benchmark_results/simulated_data/results/data_type/no_cnv/0004/true_evo_events_genotypes_numeric	/raid/kang/DelSIEVE/simulation_results/IndelSIEVE_benchmark_pipeline_sa_201/benchmark_results/indelsieve/from_candidate/variant_calling/mt/no_cnv/smc_mu_sa_stage_1/0004/indelsieve_median.genotypes	/raid/kang/DelSIEVE/simulation_results/IndelSIEVE_benchmark_pipeline_sa_201/benchmark_results/simulated_data/results/data_type/no_cnv/0004/true_evo_events_ternary_matrix.simple	/raid/kang/DelSIEVE/simulation_results/IndelSIEVE_benchmark_pipeline_sa_201/benchmark_results/indelsieve/from_candidate/variant_calling/mt/no_cnv/smc_mu_sa_stage_1/0004/indelsieve_median.ternary	/raid/kang/DelSIEVE/simulation_results/IndelSIEVE_benchmark_pipeline_sa_201/benchmark_results/indelsieve/from_candidate/variant_calling/mt/no_cnv/smc_mu_sa_stage_1/0004/indelsieve_median.probs	4826	75	35353	1786	0.7298850574712644	0.98469700061212	0.8383566403196386	0.0021169696285423	4826	75	35999	1138	0.8091884641180416	0.98469700061212	0.8883571099861943	0.0020790597105948	4819	75	36003	1141	0.8085570469798657	0.9846751123825092	0.8879675695596093	0.0020788292033926	0	7	42027	4	0.0	0.0	NA	0.0001665318551648	4	75	4	0	0	0	12235	5	0.0	NA	0.0	NA	0	0	12240	0	NA	NA	0.0	NA	0	0	12240	0	NA	NA	0.0	NA	0	0	12235	5	0.0	NA	0.0	NA	5	0	0	0	0	0	12240	0	NA	NA	0.0	NA
40	5	20	0.001999	0.3	1e-06	1e-07	0.0	0005	sieve	candidate_snvs	smc_mu_sa_stage_1	mt	no_cnv	/raid/kang/DelSIEVE/simulation_results/IndelSIEVE_benchmark_pipeline_sa_201/benchmark_results/simulated_data/results/cell_names	/raid/kang/DelSIEVE/simulation_results/IndelSIEVE_benchmark_pipeline_sa_201/benchmark_results/indelsieve/from_candidate/variant_calling/mt/no_cnv/smc_mu_sa_stage_1/0005/indelsieve_median.cell_names	/raid/kang/DelSIEVE/simulation_results/IndelSIEVE_benchmark_pipeline_sa_201/benchmark_results/simulated_data/results/data_type/no_cnv/0005/true_evo_events_sites_names	/raid/kang/DelSIEVE/simulation_results/IndelSIEVE_benchmark_pipeline_sa_201/benchmark_results/indelsieve/from_candidate/variant_calling/mt/no_cnv/smc_mu_sa_stage_1/0005/indelsieve_median.loci_info	/raid/kang/DelSIEVE/simulation_results/IndelSIEVE_benchmark_pipeline_sa_201/benchmark_results/simulated_data/results/data_type/no_cnv/0005/true_evo_events_genotypes_numeric	/raid/kang/DelSIEVE/simulation_results/IndelSIEVE_benchmark_pipeline_sa_201/benchmark_results/indelsieve/from_candidate/variant_calling/mt/no_cnv/smc_mu_sa_stage_1/0005/indelsieve_median.genotypes	/raid/kang/DelSIEVE/simulation_results/IndelSIEVE_benchmark_pipeline_sa_201/benchmark_results/simulated_data/results/data_type/no_cnv/0005/true_evo_events_ternary_matrix.simple	/raid/kang/DelSIEVE/simulation_results/IndelSIEVE_benchmark_pipeline_sa_201/benchmark_results/indelsieve/from_candidate/variant_calling/mt/no_cnv/smc_mu_sa_stage_1/0005/indelsieve_median.ternary	/raid/kang/DelSIEVE/simulation_results/IndelSIEVE_benchmark_pipeline_sa_201/benchmark_results/indelsieve/from_candidate/variant_calling/mt/no_cnv/smc_mu_sa_stage_1/0005/indelsieve_median.probs	8896	74	34426	1724	0.8376647834274953	0.9917502787068004	0.9082184788157224	0.0021449275362318	8895	75	35270	880	0.9099744245524296	0.991638795986622	0.9490530808215524	0.0021219408685811	8795	92	35341	892	0.90791782801693	0.9896478001575336	0.9470227199310866	0.0025964496373437	71	12	45021	16	0.8160919540229885	0.8554216867469879	0.8352941176470587	0.0002664712544134	87	74	0	16	0	0	23546	54	0.0	NA	0.0	NA	0	0	23600	0	NA	NA	0.0	NA	0	0	23599	1	0.0	NA	0.0	NA	0	0	23547	53	0.0	NA	0.0	NA	52	1	1	0	0	0	23600	0	NA	NA	0.0	NA
40	5	20	0.001999	0.3	1e-06	1e-07	0.0	0006	sieve	candidate_snvs	smc_mu_sa_stage_1	mt	no_cnv	/raid/kang/DelSIEVE/simulation_results/IndelSIEVE_benchmark_pipeline_sa_201/benchmark_results/simulated_data/results/cell_names	/raid/kang/DelSIEVE/simulation_results/IndelSIEVE_benchmark_pipeline_sa_201/benchmark_results/indelsieve/from_candidate/variant_calling/mt/no_cnv/smc_mu_sa_stage_1/0006/indelsieve_mean.cell_names	/raid/kang/DelSIEVE/simulation_results/IndelSIEVE_benchmark_pipeline_sa_201/benchmark_results/simulated_data/results/data_type/no_cnv/0006/true_evo_events_sites_names	/raid/kang/DelSIEVE/simulation_results/IndelSIEVE_benchmark_pipeline_sa_201/benchmark_results/indelsieve/from_candidate/variant_calling/mt/no_cnv/smc_mu_sa_stage_1/0006/indelsieve_mean.loci_info	/raid/kang/DelSIEVE/simulation_results/IndelSIEVE_benchmark_pipeline_sa_201/benchmark_results/simulated_data/results/data_type/no_cnv/0006/true_evo_events_genotypes_numeric	/raid/kang/DelSIEVE/simulation_results/IndelSIEVE_benchmark_pipeline_sa_201/benchmark_results/indelsieve/from_candidate/variant_calling/mt/no_cnv/smc_mu_sa_stage_1/0006/indelsieve_mean.genotypes	/raid/kang/DelSIEVE/simulation_results/IndelSIEVE_benchmark_pipeline_sa_201/benchmark_results/simulated_data/results/data_type/no_cnv/0006/true_evo_events_ternary_matrix.simple	/raid/kang/DelSIEVE/simulation_results/IndelSIEVE_benchmark_pipeline_sa_201/benchmark_results/indelsieve/from_candidate/variant_calling/mt/no_cnv/smc_mu_sa_stage_1/0006/indelsieve_mean.ternary	/raid/kang/DelSIEVE/simulation_results/IndelSIEVE_benchmark_pipeline_sa_201/benchmark_results/indelsieve/from_candidate/variant_calling/mt/no_cnv/smc_mu_sa_stage_1/0006/indelsieve_mean.probs	3819	41	29575	1125	0.7724514563106796	0.9893782383419688	0.8675601999091322	0.0013843868179362	3819	41	29941	759	0.8342070773263434	0.9893782383419688	0.90519080350794	0.001367487158962	3793	47	29960	760	0.8330770920272348	0.9877604166666668	0.9038484451328488	0.0015663011963875	17	3	34532	8	0.68	0.85	0.7555555555555556	8.686839438251049e-05	25	41	2	6	0	0	12559	1	0.0	NA	0.0	NA	0	0	12560	0	NA	NA	0.0	NA	0	0	12560	0	NA	NA	0.0	NA	0	0	12559	1	0.0	NA	0.0	NA	1	0	0	0	0	0	12560	0	NA	NA	0.0	NA
40	5	20	0.001999	0.3	1e-06	1e-07	0.0	0007	sieve	candidate_snvs	smc_mu_sa_stage_1	mt	no_cnv	/raid/kang/DelSIEVE/simulation_results/IndelSIEVE_benchmark_pipeline_sa_201/benchmark_results/simulated_data/results/cell_names	/raid/kang/DelSIEVE/simulation_results/IndelSIEVE_benchmark_pipeline_sa_201/benchmark_results/indelsieve/from_candidate/variant_calling/mt/no_cnv/smc_mu_sa_stage_1/0007/indelsieve_median.cell_names	/raid/kang/DelSIEVE/simulation_results/IndelSIEVE_benchmark_pipeline_sa_201/benchmark_results/simulated_data/results/data_type/no_cnv/0007/true_evo_events_sites_names	/raid/kang/DelSIEVE/simulation_results/IndelSIEVE_benchmark_pipeline_sa_201/benchmark_results/indelsieve/from_candidate/variant_calling/mt/no_cnv/smc_mu_sa_stage_1/0007/indelsieve_median.loci_info	/raid/kang/DelSIEVE/simulation_results/IndelSIEVE_benchmark_pipeline_sa_201/benchmark_results/simulated_data/results/data_type/no_cnv/0007/true_evo_events_genotypes_numeric	/raid/kang/DelSIEVE/simulation_results/IndelSIEVE_benchmark_pipeline_sa_201/benchmark_results/indelsieve/from_candidate/variant_calling/mt/no_cnv/smc_mu_sa_stage_1/0007/indelsieve_median.genotypes	/raid/kang/DelSIEVE/simulation_results/IndelSIEVE_benchmark_pipeline_sa_201/benchmark_results/simulated_data/results/data_type/no_cnv/0007/true_evo_events_ternary_matrix.simple	/raid/kang/DelSIEVE/simulation_results/IndelSIEVE_benchmark_pipeline_sa_201/benchmark_results/indelsieve/from_candidate/variant_calling/mt/no_cnv/smc_mu_sa_stage_1/0007/indelsieve_median.ternary	/raid/kang/DelSIEVE/simulation_results/IndelSIEVE_benchmark_pipeline_sa_201/benchmark_results/indelsieve/from_candidate/variant_calling/mt/no_cnv/smc_mu_sa_stage_1/0007/indelsieve_median.probs	7636	83	34435	1726	0.815637684255501	0.989247311827957	0.8940928517065746	0.0024045425575062	7636	83	35125	1036	0.8805350553505535	0.989247311827957	0.9317308278933562	0.0023574187684617	7599	91	35142	1048	0.8788018966115416	0.9881664499349804	0.9302809573361084	0.0025828058922033	11	18	43847	4	0.7333333333333333	0.3793103448275862	0.5	0.0004103499373076	15	83	0	4	0	0	19664	16	0.0	NA	0.0	NA	0	0	19680	0	NA	NA	0.0	NA	0	0	19670	10	0.0	NA	0.0	NA	0	0	19674	6	0.0	NA	0.0	NA	6	0	4	6	0	0	19680	0	NA	NA	0.0	NA
40	5	20	0.001999	0.3	1e-06	1e-07	0.0	0008	sieve	candidate_snvs	smc_mu_sa_stage_1	mt	no_cnv	/raid/kang/DelSIEVE/simulation_results/IndelSIEVE_benchmark_pipeline_sa_201/benchmark_results/simulated_data/results/cell_names	/raid/kang/DelSIEVE/simulation_results/IndelSIEVE_benchmark_pipeline_sa_201/benchmark_results/indelsieve/from_candidate/variant_calling/mt/no_cnv/smc_mu_sa_stage_1/0008/indelsieve_median.cell_names	/raid/kang/DelSIEVE/simulation_results/IndelSIEVE_benchmark_pipeline_sa_201/benchmark_results/simulated_data/results/data_type/no_cnv/0008/true_evo_events_sites_names	/raid/kang/DelSIEVE/simulation_results/IndelSIEVE_benchmark_pipeline_sa_201/benchmark_results/indelsieve/from_candidate/variant_calling/mt/no_cnv/smc_mu_sa_stage_1/0008/indelsieve_median.loci_info	/raid/kang/DelSIEVE/simulation_results/IndelSIEVE_benchmark_pipeline_sa_201/benchmark_results/simulated_data/results/data_type/no_cnv/0008/true_evo_events_genotypes_numeric	/raid/kang/DelSIEVE/simulation_results/IndelSIEVE_benchmark_pipeline_sa_201/benchmark_results/indelsieve/from_candidate/variant_calling/mt/no_cnv/smc_mu_sa_stage_1/0008/indelsieve_median.genotypes	/raid/kang/DelSIEVE/simulation_results/IndelSIEVE_benchmark_pipeline_sa_201/benchmark_results/simulated_data/results/data_type/no_cnv/0008/true_evo_events_ternary_matrix.simple	/raid/kang/DelSIEVE/simulation_results/IndelSIEVE_benchmark_pipeline_sa_201/benchmark_results/indelsieve/from_candidate/variant_calling/mt/no_cnv/smc_mu_sa_stage_1/0008/indelsieve_median.ternary	/raid/kang/DelSIEVE/simulation_results/IndelSIEVE_benchmark_pipeline_sa_201/benchmark_results/indelsieve/from_candidate/variant_calling/mt/no_cnv/smc_mu_sa_stage_1/0008/indelsieve_median.probs	5936	43	27280	1421	0.8068506184586108	0.9928081618999832	0.8902219556088782	0.0015737656919079	5935	44	28037	664	0.8993786937414759	0.9926409098511456	0.9437112418508508	0.0015668957658203	5909	54	28043	674	0.8976150691174236	0.9909441556263626	0.9419735373824326	0.0019219133715343	6	10	34655	9	0.4	0.375	0.3870967741935484	0.0002884754074715	15	43	0	9	0	0	16073	7	0.0	NA	0.0	NA	0	0	16080	0	NA	NA	0.0	NA	0	0	16079	1	0.0	NA	0.0	NA	0	0	16074	6	0.0	NA	0.0	NA	5	1	1	0	0	0	16080	0	NA	NA	0.0	NA
40	5	20	0.001999	0.3	1e-06	1e-07	0.0	0009	sieve	candidate_snvs	smc_mu_sa_stage_1	mt	no_cnv	/raid/kang/DelSIEVE/simulation_results/IndelSIEVE_benchmark_pipeline_sa_201/benchmark_results/simulated_data/results/cell_names	/raid/kang/DelSIEVE/simulation_results/IndelSIEVE_benchmark_pipeline_sa_201/benchmark_results/indelsieve/from_candidate/variant_calling/mt/no_cnv/smc_mu_sa_stage_1/0009/indelsieve_mean.cell_names	/raid/kang/DelSIEVE/simulation_results/IndelSIEVE_benchmark_pipeline_sa_201/benchmark_results/simulated_data/results/data_type/no_cnv/0009/true_evo_events_sites_names	/raid/kang/DelSIEVE/simulation_results/IndelSIEVE_benchmark_pipeline_sa_201/benchmark_results/indelsieve/from_candidate/variant_calling/mt/no_cnv/smc_mu_sa_stage_1/0009/indelsieve_mean.loci_info	/raid/kang/DelSIEVE/simulation_results/IndelSIEVE_benchmark_pipeline_sa_201/benchmark_results/simulated_data/results/data_type/no_cnv/0009/true_evo_events_genotypes_numeric	/raid/kang/DelSIEVE/simulation_results/IndelSIEVE_benchmark_pipeline_sa_201/benchmark_results/indelsieve/from_candidate/variant_calling/mt/no_cnv/smc_mu_sa_stage_1/0009/indelsieve_mean.genotypes	/raid/kang/DelSIEVE/simulation_results/IndelSIEVE_benchmark_pipeline_sa_201/benchmark_results/simulated_data/results/data_type/no_cnv/0009/true_evo_events_ternary_matrix.simple	/raid/kang/DelSIEVE/simulation_results/IndelSIEVE_benchmark_pipeline_sa_201/benchmark_results/indelsieve/from_candidate/variant_calling/mt/no_cnv/smc_mu_sa_stage_1/0009/indelsieve_mean.ternary	/raid/kang/DelSIEVE/simulation_results/IndelSIEVE_benchmark_pipeline_sa_201/benchmark_results/indelsieve/from_candidate/variant_calling/mt/no_cnv/smc_mu_sa_stage_1/0009/indelsieve_mean.probs	7329	81	37066	1884	0.7955063497232172	0.9890688259109311	0.8817902905612705	0.0021805260182518	7324	86	37866	1083	0.8711787795884383	0.9883940620782726	0.9260921793007524	0.0022660202360876	7261	96	37910	1092	0.869268526277984	0.9869512029359794	0.9243793761935074	0.0025259169604799	43	10	46295	11	0.7962962962962963	0.8113207547169812	0.8037383177570094	0.0002159593996328	54	81	1	10	0	0	20755	45	0.0	NA	0.0	NA	0	0	20800	0	NA	NA	0.0	NA	0	0	20800	0	NA	NA	0.0	NA	0	0	20755	45	0.0	NA	0.0	NA	40	5	0	0	0	0	20800	0	NA	NA	0.0	NA
40	5	20	0.001999	0.3	1e-06	1e-07	0.0	0010	sieve	candidate_snvs	smc_mu_sa_stage_1	mt	no_cnv	/raid/kang/DelSIEVE/simulation_results/IndelSIEVE_benchmark_pipeline_sa_201/benchmark_results/simulated_data/results/cell_names	/raid/kang/DelSIEVE/simulation_results/IndelSIEVE_benchmark_pipeline_sa_201/benchmark_results/indelsieve/from_candidate/variant_calling/mt/no_cnv/smc_mu_sa_stage_1/0010/indelsieve_mode_gaussian.cell_names	/raid/kang/DelSIEVE/simulation_results/IndelSIEVE_benchmark_pipeline_sa_201/benchmark_results/simulated_data/results/data_type/no_cnv/0010/true_evo_events_sites_names	/raid/kang/DelSIEVE/simulation_results/IndelSIEVE_benchmark_pipeline_sa_201/benchmark_results/indelsieve/from_candidate/variant_calling/mt/no_cnv/smc_mu_sa_stage_1/0010/indelsieve_mode_gaussian.loci_info	/raid/kang/DelSIEVE/simulation_results/IndelSIEVE_benchmark_pipeline_sa_201/benchmark_results/simulated_data/results/data_type/no_cnv/0010/true_evo_events_genotypes_numeric	/raid/kang/DelSIEVE/simulation_results/IndelSIEVE_benchmark_pipeline_sa_201/benchmark_results/indelsieve/from_candidate/variant_calling/mt/no_cnv/smc_mu_sa_stage_1/0010/indelsieve_mode_gaussian.genotypes	/raid/kang/DelSIEVE/simulation_results/IndelSIEVE_benchmark_pipeline_sa_201/benchmark_results/simulated_data/results/data_type/no_cnv/0010/true_evo_events_ternary_matrix.simple	/raid/kang/DelSIEVE/simulation_results/IndelSIEVE_benchmark_pipeline_sa_201/benchmark_results/indelsieve/from_candidate/variant_calling/mt/no_cnv/smc_mu_sa_stage_1/0010/indelsieve_mode_gaussian.ternary	/raid/kang/DelSIEVE/simulation_results/IndelSIEVE_benchmark_pipeline_sa_201/benchmark_results/indelsieve/from_candidate/variant_calling/mt/no_cnv/smc_mu_sa_stage_1/0010/indelsieve_mode_gaussian.probs	3227	63	27116	954	0.7718249222674002	0.9808510638297872	0.8638736447597377	0.0023179660767504	3227	63	27337	733	0.8148989898989899	0.9808510638297872	0.8902068965517241	0.0022992700729927	3207	64	27351	738	0.8129277566539924	0.9804341180067258	0.8888580931263859	0.0023344884187488	14	5	31340	1	0.9333333333333332	0.7368421052631579	0.8235294117647058	0.0001595150741745	15	63	0	1	0	0	11799	1	0.0	NA	0.0	NA	0	0	11800	0	NA	NA	0.0	NA	0	0	11800	0	NA	NA	0.0	NA	0	0	11799	1	0.0	NA	0.0	NA	1	0	0	0	0	0	11800	0	NA	NA	0.0	NA
40	5	20	0.001999	0.3	1e-06	1e-07	0.0	0001	indelsieve	candidate_snvs	smc_mudel_sa_stage_1	mt	no_cnv	/raid/kang/DelSIEVE/simulation_results/IndelSIEVE_benchmark_pipeline_sa_201/benchmark_results/simulated_data/results/cell_names	/raid/kang/DelSIEVE/simulation_results/IndelSIEVE_benchmark_pipeline_sa_201/benchmark_results/indelsieve/from_candidate/variant_calling/mt/no_cnv/smc_mudel_sa_stage_1/0001/indelsieve_median.cell_names	/raid/kang/DelSIEVE/simulation_results/IndelSIEVE_benchmark_pipeline_sa_201/benchmark_results/simulated_data/results/data_type/no_cnv/0001/true_evo_events_sites_names	/raid/kang/DelSIEVE/simulation_results/IndelSIEVE_benchmark_pipeline_sa_201/benchmark_results/indelsieve/from_candidate/variant_calling/mt/no_cnv/smc_mudel_sa_stage_1/0001/indelsieve_median.loci_info	/raid/kang/DelSIEVE/simulation_results/IndelSIEVE_benchmark_pipeline_sa_201/benchmark_results/simulated_data/results/data_type/no_cnv/0001/true_evo_events_genotypes_numeric	/raid/kang/DelSIEVE/simulation_results/IndelSIEVE_benchmark_pipeline_sa_201/benchmark_results/indelsieve/from_candidate/variant_calling/mt/no_cnv/smc_mudel_sa_stage_1/0001/indelsieve_median.genotypes	/raid/kang/DelSIEVE/simulation_results/IndelSIEVE_benchmark_pipeline_sa_201/benchmark_results/simulated_data/results/data_type/no_cnv/0001/true_evo_events_ternary_matrix.simple	/raid/kang/DelSIEVE/simulation_results/IndelSIEVE_benchmark_pipeline_sa_201/benchmark_results/indelsieve/from_candidate/variant_calling/mt/no_cnv/smc_mudel_sa_stage_1/0001/indelsieve_median.ternary	/raid/kang/DelSIEVE/simulation_results/IndelSIEVE_benchmark_pipeline_sa_201/benchmark_results/indelsieve/from_candidate/variant_calling/mt/no_cnv/smc_mudel_sa_stage_1/0001/indelsieve_median.probs	8937	103	40565	2115	0.8086319218241043	0.9886061946902654	0.8896078041011347	0.0025327038457755	8936	104	41614	1063	0.8936893689368937	0.988495575221239	0.9387047639056674	0.002492928711827	8878	114	41653	1072	0.8922613065326633	0.9873220640569396	0.937387815436596	0.0027294275384873	39	9	51660	9	0.8125	0.8125	0.8125	0.0001741856819369	48	103	0	9	0	0	23073	7	0.0	NA	0.0	NA	0	0	23080	0	NA	NA	0.0	NA	0	0	23079	1	0.0	NA	0.0	NA	0	0	23074	6	0.0	NA	0.0	NA	5	1	1	0	0	0	23080	0	NA	NA	0.0	NA
40	5	20	0.001999	0.3	1e-06	1e-07	0.0	0002	indelsieve	candidate_snvs	smc_mudel_sa_stage_1	mt	no_cnv	/raid/kang/DelSIEVE/simulation_results/IndelSIEVE_benchmark_pipeline_sa_201/benchmark_results/simulated_data/results/cell_names	/raid/kang/DelSIEVE/simulation_results/IndelSIEVE_benchmark_pipeline_sa_201/benchmark_results/indelsieve/from_candidate/variant_calling/mt/no_cnv/smc_mudel_sa_stage_1/0002/indelsieve_mode_gaussian.cell_names	/raid/kang/DelSIEVE/simulation_results/IndelSIEVE_benchmark_pipeline_sa_201/benchmark_results/simulated_data/results/data_type/no_cnv/0002/true_evo_events_sites_names	/raid/kang/DelSIEVE/simulation_results/IndelSIEVE_benchmark_pipeline_sa_201/benchmark_results/indelsieve/from_candidate/variant_calling/mt/no_cnv/smc_mudel_sa_stage_1/0002/indelsieve_mode_gaussian.loci_info	/raid/kang/DelSIEVE/simulation_results/IndelSIEVE_benchmark_pipeline_sa_201/benchmark_results/simulated_data/results/data_type/no_cnv/0002/true_evo_events_genotypes_numeric	/raid/kang/DelSIEVE/simulation_results/IndelSIEVE_benchmark_pipeline_sa_201/benchmark_results/indelsieve/from_candidate/variant_calling/mt/no_cnv/smc_mudel_sa_stage_1/0002/indelsieve_mode_gaussian.genotypes	/raid/kang/DelSIEVE/simulation_results/IndelSIEVE_benchmark_pipeline_sa_201/benchmark_results/simulated_data/results/data_type/no_cnv/0002/true_evo_events_ternary_matrix.simple	/raid/kang/DelSIEVE/simulation_results/IndelSIEVE_benchmark_pipeline_sa_201/benchmark_results/indelsieve/from_candidate/variant_calling/mt/no_cnv/smc_mudel_sa_stage_1/0002/indelsieve_mode_gaussian.ternary	/raid/kang/DelSIEVE/simulation_results/IndelSIEVE_benchmark_pipeline_sa_201/benchmark_results/indelsieve/from_candidate/variant_calling/mt/no_cnv/smc_mudel_sa_stage_1/0002/indelsieve_mode_gaussian.probs	7140	32	27495	1613	0.815720324460185	0.9955382041271612	0.8967032967032967	0.0011624950049042	7140	32	28350	758	0.9040263357812104	0.9955382041271612	0.9475779694757798	0.0011274751603128	7105	48	28350	777	0.9014209591474244	0.993289528869006	0.945128034585966	0.0016902598774561	0	19	36246	15	0.0	0.0	NA	0.0005239211360816	15	32	0	15	0	0	18109	11	0.0	NA	0.0	NA	0	0	18120	0	NA	NA	0.0	NA	0	0	18119	1	0.0	NA	0.0	NA	0	0	18110	10	0.0	NA	0.0	NA	10	0	1	0	0	0	18120	0	NA	NA	0.0	NA
40	5	20	0.001999	0.3	1e-06	1e-07	0.0	0003	indelsieve	candidate_snvs	smc_mudel_sa_stage_1	mt	no_cnv	/raid/kang/DelSIEVE/simulation_results/IndelSIEVE_benchmark_pipeline_sa_201/benchmark_results/simulated_data/results/cell_names	/raid/kang/DelSIEVE/simulation_results/IndelSIEVE_benchmark_pipeline_sa_201/benchmark_results/indelsieve/from_candidate/variant_calling/mt/no_cnv/smc_mudel_sa_stage_1/0003/indelsieve_mode_gaussian.cell_names	/raid/kang/DelSIEVE/simulation_results/IndelSIEVE_benchmark_pipeline_sa_201/benchmark_results/simulated_data/results/data_type/no_cnv/0003/true_evo_events_sites_names	/raid/kang/DelSIEVE/simulation_results/IndelSIEVE_benchmark_pipeline_sa_201/benchmark_results/indelsieve/from_candidate/variant_calling/mt/no_cnv/smc_mudel_sa_stage_1/0003/indelsieve_mode_gaussian.loci_info	/raid/kang/DelSIEVE/simulation_results/IndelSIEVE_benchmark_pipeline_sa_201/benchmark_results/simulated_data/results/data_type/no_cnv/0003/true_evo_events_genotypes_numeric	/raid/kang/DelSIEVE/simulation_results/IndelSIEVE_benchmark_pipeline_sa_201/benchmark_results/indelsieve/from_candidate/variant_calling/mt/no_cnv/smc_mudel_sa_stage_1/0003/indelsieve_mode_gaussian.genotypes	/raid/kang/DelSIEVE/simulation_results/IndelSIEVE_benchmark_pipeline_sa_201/benchmark_results/simulated_data/results/data_type/no_cnv/0003/true_evo_events_ternary_matrix.simple	/raid/kang/DelSIEVE/simulation_results/IndelSIEVE_benchmark_pipeline_sa_201/benchmark_results/indelsieve/from_candidate/variant_calling/mt/no_cnv/smc_mudel_sa_stage_1/0003/indelsieve_mode_gaussian.ternary	/raid/kang/DelSIEVE/simulation_results/IndelSIEVE_benchmark_pipeline_sa_201/benchmark_results/indelsieve/from_candidate/variant_calling/mt/no_cnv/smc_mudel_sa_stage_1/0003/indelsieve_mode_gaussian.probs	8268	168	36952	1812	0.8202380952380952	0.9800853485064012	0.8930654569021387	0.0045258620689655	8265	107	37891	936	0.8982719269644603	0.9872193024366938	0.940647584362374	0.0028159376809305	8213	118	37919	949	0.896419995634141	0.9858360340895452	0.9390041730978106	0.0031022425533033	28	13	47148	10	0.7368421052631579	0.6829268292682927	0.7088607594936709	0.0002756514916986	38	104	0	10	0	64	21601	15	0.0	0.0	0.0029540733902607	NA	0	0	21680	0	NA	NA	0.0	NA	0	0	21679	1	0.0	NA	0.0	NA	0	64	21602	14	0.0	0.0	0.0029539370442167	NA	11	3	1	0	0	0	21680	0	NA	NA	0.0	NA
40	5	20	0.001999	0.3	1e-06	1e-07	0.0	0004	indelsieve	candidate_snvs	smc_mudel_sa_stage_1	mt	no_cnv	/raid/kang/DelSIEVE/simulation_results/IndelSIEVE_benchmark_pipeline_sa_201/benchmark_results/simulated_data/results/cell_names	/raid/kang/DelSIEVE/simulation_results/IndelSIEVE_benchmark_pipeline_sa_201/benchmark_results/indelsieve/from_candidate/variant_calling/mt/no_cnv/smc_mudel_sa_stage_1/0004/indelsieve_median.cell_names	/raid/kang/DelSIEVE/simulation_results/IndelSIEVE_benchmark_pipeline_sa_201/benchmark_results/simulated_data/results/data_type/no_cnv/0004/true_evo_events_sites_names	/raid/kang/DelSIEVE/simulation_results/IndelSIEVE_benchmark_pipeline_sa_201/benchmark_results/indelsieve/from_candidate/variant_calling/mt/no_cnv/smc_mudel_sa_stage_1/0004/indelsieve_median.loci_info	/raid/kang/DelSIEVE/simulation_results/IndelSIEVE_benchmark_pipeline_sa_201/benchmark_results/simulated_data/results/data_type/no_cnv/0004/true_evo_events_genotypes_numeric	/raid/kang/DelSIEVE/simulation_results/IndelSIEVE_benchmark_pipeline_sa_201/benchmark_results/indelsieve/from_candidate/variant_calling/mt/no_cnv/smc_mudel_sa_stage_1/0004/indelsieve_median.genotypes	/raid/kang/DelSIEVE/simulation_results/IndelSIEVE_benchmark_pipeline_sa_201/benchmark_results/simulated_data/results/data_type/no_cnv/0004/true_evo_events_ternary_matrix.simple	/raid/kang/DelSIEVE/simulation_results/IndelSIEVE_benchmark_pipeline_sa_201/benchmark_results/indelsieve/from_candidate/variant_calling/mt/no_cnv/smc_mudel_sa_stage_1/0004/indelsieve_median.ternary	/raid/kang/DelSIEVE/simulation_results/IndelSIEVE_benchmark_pipeline_sa_201/benchmark_results/indelsieve/from_candidate/variant_calling/mt/no_cnv/smc_mudel_sa_stage_1/0004/indelsieve_median.probs	4826	75	35353	1786	0.7298850574712644	0.98469700061212	0.8383566403196386	0.0021169696285423	4826	75	35999	1138	0.8091884641180416	0.98469700061212	0.8883571099861943	0.0020790597105948	4819	75	36003	1141	0.8085570469798657	0.9846751123825092	0.8879675695596093	0.0020788292033926	0	7	42027	4	0.0	0.0	NA	0.0001665318551648	4	75	4	0	0	0	12235	5	0.0	NA	0.0	NA	0	0	12240	0	NA	NA	0.0	NA	0	0	12240	0	NA	NA	0.0	NA	0	0	12235	5	0.0	NA	0.0	NA	5	0	0	0	0	0	12240	0	NA	NA	0.0	NA
40	5	20	0.001999	0.3	1e-06	1e-07	0.0	0005	indelsieve	candidate_snvs	smc_mudel_sa_stage_1	mt	no_cnv	/raid/kang/DelSIEVE/simulation_results/IndelSIEVE_benchmark_pipeline_sa_201/benchmark_results/simulated_data/results/cell_names	/raid/kang/DelSIEVE/simulation_results/IndelSIEVE_benchmark_pipeline_sa_201/benchmark_results/indelsieve/from_candidate/variant_calling/mt/no_cnv/smc_mudel_sa_stage_1/0005/indelsieve_median.cell_names	/raid/kang/DelSIEVE/simulation_results/IndelSIEVE_benchmark_pipeline_sa_201/benchmark_results/simulated_data/results/data_type/no_cnv/0005/true_evo_events_sites_names	/raid/kang/DelSIEVE/simulation_results/IndelSIEVE_benchmark_pipeline_sa_201/benchmark_results/indelsieve/from_candidate/variant_calling/mt/no_cnv/smc_mudel_sa_stage_1/0005/indelsieve_median.loci_info	/raid/kang/DelSIEVE/simulation_results/IndelSIEVE_benchmark_pipeline_sa_201/benchmark_results/simulated_data/results/data_type/no_cnv/0005/true_evo_events_genotypes_numeric	/raid/kang/DelSIEVE/simulation_results/IndelSIEVE_benchmark_pipeline_sa_201/benchmark_results/indelsieve/from_candidate/variant_calling/mt/no_cnv/smc_mudel_sa_stage_1/0005/indelsieve_median.genotypes	/raid/kang/DelSIEVE/simulation_results/IndelSIEVE_benchmark_pipeline_sa_201/benchmark_results/simulated_data/results/data_type/no_cnv/0005/true_evo_events_ternary_matrix.simple	/raid/kang/DelSIEVE/simulation_results/IndelSIEVE_benchmark_pipeline_sa_201/benchmark_results/indelsieve/from_candidate/variant_calling/mt/no_cnv/smc_mudel_sa_stage_1/0005/indelsieve_median.ternary	/raid/kang/DelSIEVE/simulation_results/IndelSIEVE_benchmark_pipeline_sa_201/benchmark_results/indelsieve/from_candidate/variant_calling/mt/no_cnv/smc_mudel_sa_stage_1/0005/indelsieve_median.probs	8936	192	34308	1684	0.8414312617702449	0.978965819456617	0.9050030382823576	0.0055652173913043	8894	74	35271	881	0.9098721227621483	0.9917484388938448	0.9490476444539296	0.0020936483236667	8794	91	35342	893	0.9078145968824196	0.9897580191333708	0.9470170148610813	0.0025682273586769	71	12	45021	16	0.8160919540229885	0.8554216867469879	0.8352941176470587	0.0002664712544134	87	73	0	16	40	120	23426	14	0.7407407407407407	0.25	0.0050964070330417	0.3738317757009345	0	0	23600	0	NA	NA	0.0	NA	0	0	23599	1	0.0	NA	0.0	NA	40	120	23427	13	0.7547169811320755	0.25	0.0050961905975283	0.3755868544600939	12	1	1	0	0	0	23600	0	NA	NA	0.0	NA
40	5	20	0.001999	0.3	1e-06	1e-07	0.0	0006	indelsieve	candidate_snvs	smc_mudel_sa_stage_1	mt	no_cnv	/raid/kang/DelSIEVE/simulation_results/IndelSIEVE_benchmark_pipeline_sa_201/benchmark_results/simulated_data/results/cell_names	/raid/kang/DelSIEVE/simulation_results/IndelSIEVE_benchmark_pipeline_sa_201/benchmark_results/indelsieve/from_candidate/variant_calling/mt/no_cnv/smc_mudel_sa_stage_1/0006/indelsieve_median.cell_names	/raid/kang/DelSIEVE/simulation_results/IndelSIEVE_benchmark_pipeline_sa_201/benchmark_results/simulated_data/results/data_type/no_cnv/0006/true_evo_events_sites_names	/raid/kang/DelSIEVE/simulation_results/IndelSIEVE_benchmark_pipeline_sa_201/benchmark_results/indelsieve/from_candidate/variant_calling/mt/no_cnv/smc_mudel_sa_stage_1/0006/indelsieve_median.loci_info	/raid/kang/DelSIEVE/simulation_results/IndelSIEVE_benchmark_pipeline_sa_201/benchmark_results/simulated_data/results/data_type/no_cnv/0006/true_evo_events_genotypes_numeric	/raid/kang/DelSIEVE/simulation_results/IndelSIEVE_benchmark_pipeline_sa_201/benchmark_results/indelsieve/from_candidate/variant_calling/mt/no_cnv/smc_mudel_sa_stage_1/0006/indelsieve_median.genotypes	/raid/kang/DelSIEVE/simulation_results/IndelSIEVE_benchmark_pipeline_sa_201/benchmark_results/simulated_data/results/data_type/no_cnv/0006/true_evo_events_ternary_matrix.simple	/raid/kang/DelSIEVE/simulation_results/IndelSIEVE_benchmark_pipeline_sa_201/benchmark_results/indelsieve/from_candidate/variant_calling/mt/no_cnv/smc_mudel_sa_stage_1/0006/indelsieve_median.ternary	/raid/kang/DelSIEVE/simulation_results/IndelSIEVE_benchmark_pipeline_sa_201/benchmark_results/indelsieve/from_candidate/variant_calling/mt/no_cnv/smc_mudel_sa_stage_1/0006/indelsieve_median.probs	3819	65	29551	1125	0.7724514563106796	0.983264675592173	0.8652016311735387	0.0021947595894111	3819	42	29940	759	0.8342070773263434	0.9891219891219892	0.9050835407038748	0.0014008405043025	3793	48	29959	760	0.8330770920272348	0.9875032543608436	0.9037407672146772	0.0015996267537574	17	3	34532	8	0.68	0.85	0.7555555555555556	8.686839438251049e-05	25	42	2	6	0	23	12536	1	0.0	0.0	0.0018313559996815	NA	0	0	12560	0	NA	NA	0.0	NA	0	0	12560	0	NA	NA	0.0	NA	0	23	12536	1	0.0	0.0	0.0018313559996815	NA	1	0	0	0	0	0	12560	0	NA	NA	0.0	NA
40	5	20	0.001999	0.3	1e-06	1e-07	0.0	0007	indelsieve	candidate_snvs	smc_mudel_sa_stage_1	mt	no_cnv	/raid/kang/DelSIEVE/simulation_results/IndelSIEVE_benchmark_pipeline_sa_201/benchmark_results/simulated_data/results/cell_names	/raid/kang/DelSIEVE/simulation_results/IndelSIEVE_benchmark_pipeline_sa_201/benchmark_results/indelsieve/from_candidate/variant_calling/mt/no_cnv/smc_mudel_sa_stage_1/0007/indelsieve_mode_gaussian.cell_names	/raid/kang/DelSIEVE/simulation_results/IndelSIEVE_benchmark_pipeline_sa_201/benchmark_results/simulated_data/results/data_type/no_cnv/0007/true_evo_events_sites_names	/raid/kang/DelSIEVE/simulation_results/IndelSIEVE_benchmark_pipeline_sa_201/benchmark_results/indelsieve/from_candidate/variant_calling/mt/no_cnv/smc_mudel_sa_stage_1/0007/indelsieve_mode_gaussian.loci_info	/raid/kang/DelSIEVE/simulation_results/IndelSIEVE_benchmark_pipeline_sa_201/benchmark_results/simulated_data/results/data_type/no_cnv/0007/true_evo_events_genotypes_numeric	/raid/kang/DelSIEVE/simulation_results/IndelSIEVE_benchmark_pipeline_sa_201/benchmark_results/indelsieve/from_candidate/variant_calling/mt/no_cnv/smc_mudel_sa_stage_1/0007/indelsieve_mode_gaussian.genotypes	/raid/kang/DelSIEVE/simulation_results/IndelSIEVE_benchmark_pipeline_sa_201/benchmark_results/simulated_data/results/data_type/no_cnv/0007/true_evo_events_ternary_matrix.simple	/raid/kang/DelSIEVE/simulation_results/IndelSIEVE_benchmark_pipeline_sa_201/benchmark_results/indelsieve/from_candidate/variant_calling/mt/no_cnv/smc_mudel_sa_stage_1/0007/indelsieve_mode_gaussian.ternary	/raid/kang/DelSIEVE/simulation_results/IndelSIEVE_benchmark_pipeline_sa_201/benchmark_results/indelsieve/from_candidate/variant_calling/mt/no_cnv/smc_mudel_sa_stage_1/0007/indelsieve_mode_gaussian.probs	7638	298	34220	1724	0.815851313821833	0.9624495967741936	0.8831078737426293	0.0086331768932151	7634	87	35121	1038	0.8803044280442804	0.9887320295298536	0.931373147074971	0.0024710293115201	7594	95	35138	1053	0.8782236613854516	0.9876446872155028	0.9297257590597454	0.0026963358215309	11	18	43847	4	0.7333333333333333	0.3793103448275862	0.5	0.0004103499373076	15	87	0	4	3	215	19449	13	0.1875	0.0137614678899082	0.010933685923515	0.0256410256410256	0	0	19680	0	NA	NA	0.0	NA	0	3	19667	10	0.0	0.0	0.0001525165226232	NA	3	212	19462	3	0.5	0.013953488372093	0.0107756429805835	0.0271493212669683	3	0	4	6	0	0	19680	0	NA	NA	0.0	NA
40	5	20	0.001999	0.3	1e-06	1e-07	0.0	0008	indelsieve	candidate_snvs	smc_mudel_sa_stage_1	mt	no_cnv	/raid/kang/DelSIEVE/simulation_results/IndelSIEVE_benchmark_pipeline_sa_201/benchmark_results/simulated_data/results/cell_names	/raid/kang/DelSIEVE/simulation_results/IndelSIEVE_benchmark_pipeline_sa_201/benchmark_results/indelsieve/from_candidate/variant_calling/mt/no_cnv/smc_mudel_sa_stage_1/0008/indelsieve_median.cell_names	/raid/kang/DelSIEVE/simulation_results/IndelSIEVE_benchmark_pipeline_sa_201/benchmark_results/simulated_data/results/data_type/no_cnv/0008/true_evo_events_sites_names	/raid/kang/DelSIEVE/simulation_results/IndelSIEVE_benchmark_pipeline_sa_201/benchmark_results/indelsieve/from_candidate/variant_calling/mt/no_cnv/smc_mudel_sa_stage_1/0008/indelsieve_median.loci_info	/raid/kang/DelSIEVE/simulation_results/IndelSIEVE_benchmark_pipeline_sa_201/benchmark_results/simulated_data/results/data_type/no_cnv/0008/true_evo_events_genotypes_numeric	/raid/kang/DelSIEVE/simulation_results/IndelSIEVE_benchmark_pipeline_sa_201/benchmark_results/indelsieve/from_candidate/variant_calling/mt/no_cnv/smc_mudel_sa_stage_1/0008/indelsieve_median.genotypes	/raid/kang/DelSIEVE/simulation_results/IndelSIEVE_benchmark_pipeline_sa_201/benchmark_results/simulated_data/results/data_type/no_cnv/0008/true_evo_events_ternary_matrix.simple	/raid/kang/DelSIEVE/simulation_results/IndelSIEVE_benchmark_pipeline_sa_201/benchmark_results/indelsieve/from_candidate/variant_calling/mt/no_cnv/smc_mudel_sa_stage_1/0008/indelsieve_median.ternary	/raid/kang/DelSIEVE/simulation_results/IndelSIEVE_benchmark_pipeline_sa_201/benchmark_results/indelsieve/from_candidate/variant_calling/mt/no_cnv/smc_mudel_sa_stage_1/0008/indelsieve_median.probs	5934	165	27158	1423	0.8065787685197771	0.9729463846532218	0.8819857312722948	0.0060388683526699	5933	46	28035	666	0.8990756175178057	0.9923064057534704	0.9433932262680872	0.0016381183006303	5907	56	28041	676	0.8973112562661401	0.9906087539828944	0.9416547106647536	0.0019930953482578	6	10	34655	9	0.4	0.375	0.3870967741935484	0.0002884754074715	15	45	0	9	0	120	15953	7	0.0	0.0	0.0074659366639706	NA	0	10	16070	0	NA	0.0	0.0006218905472636	NA	0	0	16079	1	0.0	NA	0.0	NA	0	110	15964	6	0.0	0.0	0.006843349508523	NA	5	1	1	0	0	0	16080	0	NA	NA	0.0	NA
40	5	20	0.001999	0.3	1e-06	1e-07	0.0	0009	indelsieve	candidate_snvs	smc_mudel_sa_stage_1	mt	no_cnv	/raid/kang/DelSIEVE/simulation_results/IndelSIEVE_benchmark_pipeline_sa_201/benchmark_results/simulated_data/results/cell_names	/raid/kang/DelSIEVE/simulation_results/IndelSIEVE_benchmark_pipeline_sa_201/benchmark_results/indelsieve/from_candidate/variant_calling/mt/no_cnv/smc_mudel_sa_stage_1/0009/indelsieve_median.cell_names	/raid/kang/DelSIEVE/simulation_results/IndelSIEVE_benchmark_pipeline_sa_201/benchmark_results/simulated_data/results/data_type/no_cnv/0009/true_evo_events_sites_names	/raid/kang/DelSIEVE/simulation_results/IndelSIEVE_benchmark_pipeline_sa_201/benchmark_results/indelsieve/from_candidate/variant_calling/mt/no_cnv/smc_mudel_sa_stage_1/0009/indelsieve_median.loci_info	/raid/kang/DelSIEVE/simulation_results/IndelSIEVE_benchmark_pipeline_sa_201/benchmark_results/simulated_data/results/data_type/no_cnv/0009/true_evo_events_genotypes_numeric	/raid/kang/DelSIEVE/simulation_results/IndelSIEVE_benchmark_pipeline_sa_201/benchmark_results/indelsieve/from_candidate/variant_calling/mt/no_cnv/smc_mudel_sa_stage_1/0009/indelsieve_median.genotypes	/raid/kang/DelSIEVE/simulation_results/IndelSIEVE_benchmark_pipeline_sa_201/benchmark_results/simulated_data/results/data_type/no_cnv/0009/true_evo_events_ternary_matrix.simple	/raid/kang/DelSIEVE/simulation_results/IndelSIEVE_benchmark_pipeline_sa_201/benchmark_results/indelsieve/from_candidate/variant_calling/mt/no_cnv/smc_mudel_sa_stage_1/0009/indelsieve_median.ternary	/raid/kang/DelSIEVE/simulation_results/IndelSIEVE_benchmark_pipeline_sa_201/benchmark_results/indelsieve/from_candidate/variant_calling/mt/no_cnv/smc_mudel_sa_stage_1/0009/indelsieve_median.probs	7337	68	37079	1876	0.796374687940953	0.9908170155300472	0.8830184137682032	0.0018305650523595	7332	73	37879	1075	0.8721303675508505	0.9901417960837272	0.9273969137364028	0.0019234822934232	7273	83	37923	1080	0.8707051358793247	0.9887166938553562	0.9259660067477242	0.0021838657054149	43	6	46299	11	0.7962962962962963	0.8775510204081632	0.8349514563106796	0.0001295756397797	54	68	1	10	0	0	20755	45	0.0	NA	0.0	NA	0	0	20800	0	NA	NA	0.0	NA	0	0	20800	0	NA	NA	0.0	NA	0	0	20755	45	0.0	NA	0.0	NA	40	5	0	0	0	0	20800	0	NA	NA	0.0	NA
40	5	20	0.001999	0.3	1e-06	1e-07	0.0	0010	indelsieve	candidate_snvs	smc_mudel_sa_stage_1	mt	no_cnv	/raid/kang/DelSIEVE/simulation_results/IndelSIEVE_benchmark_pipeline_sa_201/benchmark_results/simulated_data/results/cell_names	/raid/kang/DelSIEVE/simulation_results/IndelSIEVE_benchmark_pipeline_sa_201/benchmark_results/indelsieve/from_candidate/variant_calling/mt/no_cnv/smc_mudel_sa_stage_1/0010/indelsieve_median.cell_names	/raid/kang/DelSIEVE/simulation_results/IndelSIEVE_benchmark_pipeline_sa_201/benchmark_results/simulated_data/results/data_type/no_cnv/0010/true_evo_events_sites_names	/raid/kang/DelSIEVE/simulation_results/IndelSIEVE_benchmark_pipeline_sa_201/benchmark_results/indelsieve/from_candidate/variant_calling/mt/no_cnv/smc_mudel_sa_stage_1/0010/indelsieve_median.loci_info	/raid/kang/DelSIEVE/simulation_results/IndelSIEVE_benchmark_pipeline_sa_201/benchmark_results/simulated_data/results/data_type/no_cnv/0010/true_evo_events_genotypes_numeric	/raid/kang/DelSIEVE/simulation_results/IndelSIEVE_benchmark_pipeline_sa_201/benchmark_results/indelsieve/from_candidate/variant_calling/mt/no_cnv/smc_mudel_sa_stage_1/0010/indelsieve_median.genotypes	/raid/kang/DelSIEVE/simulation_results/IndelSIEVE_benchmark_pipeline_sa_201/benchmark_results/simulated_data/results/data_type/no_cnv/0010/true_evo_events_ternary_matrix.simple	/raid/kang/DelSIEVE/simulation_results/IndelSIEVE_benchmark_pipeline_sa_201/benchmark_results/indelsieve/from_candidate/variant_calling/mt/no_cnv/smc_mudel_sa_stage_1/0010/indelsieve_median.ternary	/raid/kang/DelSIEVE/simulation_results/IndelSIEVE_benchmark_pipeline_sa_201/benchmark_results/indelsieve/from_candidate/variant_calling/mt/no_cnv/smc_mudel_sa_stage_1/0010/indelsieve_median.probs	3227	115	27064	954	0.7718249222674002	0.9655894673847996	0.8579024325402101	0.0042312079178777	3227	61	27339	733	0.8148989898989899	0.9814476885644768	0.8904525386313465	0.0022262773722627	3207	62	27353	738	0.8129277566539924	0.9810339553380238	0.889104518990851	0.0022615356556629	14	5	31340	1	0.9333333333333332	0.7368421052631579	0.8235294117647058	0.0001595150741745	15	61	0	1	0	54	11745	1	0.0	0.0	0.0045766590389016	NA	0	0	11800	0	NA	NA	0.0	NA	0	0	11800	0	NA	NA	0.0	NA	0	54	11745	1	0.0	0.0	0.0045766590389016	NA	1	0	0	0	0	0	11800	0	NA	NA	0.0	NA
40	5	20	0.001999	0.3	1e-06	1e-07	0.0	0001	sieve	candidate_snvs	smc_mu_sa_stage_1-smc_mu_sa_stage_2	mt	no_cnv	/raid/kang/DelSIEVE/simulation_results/IndelSIEVE_benchmark_pipeline_sa_201/benchmark_results/simulated_data/results/cell_names	/raid/kang/DelSIEVE/simulation_results/IndelSIEVE_benchmark_pipeline_sa_201/benchmark_results/indelsieve/from_candidate/variant_calling/stage2/mt/no_cnv/smc_mu_sa_stage_1-smc_mu_sa_stage_2/0001/indelsieve_median.cell_names	/raid/kang/DelSIEVE/simulation_results/IndelSIEVE_benchmark_pipeline_sa_201/benchmark_results/simulated_data/results/data_type/no_cnv/0001/true_evo_events_sites_names	/raid/kang/DelSIEVE/simulation_results/IndelSIEVE_benchmark_pipeline_sa_201/benchmark_results/indelsieve/from_candidate/variant_calling/stage2/mt/no_cnv/smc_mu_sa_stage_1-smc_mu_sa_stage_2/0001/indelsieve_median.loci_info	/raid/kang/DelSIEVE/simulation_results/IndelSIEVE_benchmark_pipeline_sa_201/benchmark_results/simulated_data/results/data_type/no_cnv/0001/true_evo_events_genotypes_numeric	/raid/kang/DelSIEVE/simulation_results/IndelSIEVE_benchmark_pipeline_sa_201/benchmark_results/indelsieve/from_candidate/variant_calling/stage2/mt/no_cnv/smc_mu_sa_stage_1-smc_mu_sa_stage_2/0001/indelsieve_median.genotypes	/raid/kang/DelSIEVE/simulation_results/IndelSIEVE_benchmark_pipeline_sa_201/benchmark_results/simulated_data/results/data_type/no_cnv/0001/true_evo_events_ternary_matrix.simple	/raid/kang/DelSIEVE/simulation_results/IndelSIEVE_benchmark_pipeline_sa_201/benchmark_results/indelsieve/from_candidate/variant_calling/stage2/mt/no_cnv/smc_mu_sa_stage_1-smc_mu_sa_stage_2/0001/indelsieve_median.ternary	/raid/kang/DelSIEVE/simulation_results/IndelSIEVE_benchmark_pipeline_sa_201/benchmark_results/indelsieve/from_candidate/variant_calling/stage2/mt/no_cnv/smc_mu_sa_stage_1-smc_mu_sa_stage_2/0001/indelsieve_median.probs	8945	97	40571	2107	0.8093557727108216	0.9892722848927228	0.8903155170697721	0.0023851676994196	8944	98	41620	1055	0.8944894489448945	0.9891616898916168	0.9394464576440312	0.0023491059015293	8895	105	41662	1055	0.8939698492462311	0.9883333333333332	0.9387862796833772	0.0025139464170277	42	0	51669	6	0.875	1.0	0.9333333333333332	0.0	48	97	0	6	0	0	23073	7	0.0	NA	0.0	NA	0	0	23080	0	NA	NA	0.0	NA	0	0	23079	1	0.0	NA	0.0	NA	0	0	23074	6	0.0	NA	0.0	NA	5	1	1	0	0	0	23080	0	NA	NA	0.0	NA
40	5	20	0.001999	0.3	1e-06	1e-07	0.0	0001	indelsieve	candidate_snvs	smc_mudel_sa_stage_1-smc_mudel_sa_stage_2	mt	no_cnv	/raid/kang/DelSIEVE/simulation_results/IndelSIEVE_benchmark_pipeline_sa_201/benchmark_results/simulated_data/results/cell_names	/raid/kang/DelSIEVE/simulation_results/IndelSIEVE_benchmark_pipeline_sa_201/benchmark_results/indelsieve/from_candidate/variant_calling/stage2/mt/no_cnv/smc_mudel_sa_stage_1-smc_mudel_sa_stage_2/0001/indelsieve_median.cell_names	/raid/kang/DelSIEVE/simulation_results/IndelSIEVE_benchmark_pipeline_sa_201/benchmark_results/simulated_data/results/data_type/no_cnv/0001/true_evo_events_sites_names	/raid/kang/DelSIEVE/simulation_results/IndelSIEVE_benchmark_pipeline_sa_201/benchmark_results/indelsieve/from_candidate/variant_calling/stage2/mt/no_cnv/smc_mudel_sa_stage_1-smc_mudel_sa_stage_2/0001/indelsieve_median.loci_info	/raid/kang/DelSIEVE/simulation_results/IndelSIEVE_benchmark_pipeline_sa_201/benchmark_results/simulated_data/results/data_type/no_cnv/0001/true_evo_events_genotypes_numeric	/raid/kang/DelSIEVE/simulation_results/IndelSIEVE_benchmark_pipeline_sa_201/benchmark_results/indelsieve/from_candidate/variant_calling/stage2/mt/no_cnv/smc_mudel_sa_stage_1-smc_mudel_sa_stage_2/0001/indelsieve_median.genotypes	/raid/kang/DelSIEVE/simulation_results/IndelSIEVE_benchmark_pipeline_sa_201/benchmark_results/simulated_data/results/data_type/no_cnv/0001/true_evo_events_ternary_matrix.simple	/raid/kang/DelSIEVE/simulation_results/IndelSIEVE_benchmark_pipeline_sa_201/benchmark_results/indelsieve/from_candidate/variant_calling/stage2/mt/no_cnv/smc_mudel_sa_stage_1-smc_mudel_sa_stage_2/0001/indelsieve_median.ternary	/raid/kang/DelSIEVE/simulation_results/IndelSIEVE_benchmark_pipeline_sa_201/benchmark_results/indelsieve/from_candidate/variant_calling/stage2/mt/no_cnv/smc_mudel_sa_stage_1-smc_mudel_sa_stage_2/0001/indelsieve_median.probs	8945	97	40571	2107	0.8093557727108216	0.9892722848927228	0.8903155170697721	0.0023851676994196	8944	98	41620	1055	0.8944894489448945	0.9891616898916168	0.9394464576440312	0.0023491059015293	8895	105	41662	1055	0.8939698492462311	0.9883333333333332	0.9387862796833772	0.0025139464170277	42	0	51669	6	0.875	1.0	0.9333333333333332	0.0	48	97	0	6	0	0	23073	7	0.0	NA	0.0	NA	0	0	23080	0	NA	NA	0.0	NA	0	0	23079	1	0.0	NA	0.0	NA	0	0	23074	6	0.0	NA	0.0	NA	5	1	1	0	0	0	23080	0	NA	NA	0.0	NA
40	5	20	0.001999	0.3	1e-06	1e-07	0.0	0002	sieve	candidate_snvs	smc_mu_sa_stage_1-smc_mu_sa_stage_2	mt	no_cnv	/raid/kang/DelSIEVE/simulation_results/IndelSIEVE_benchmark_pipeline_sa_201/benchmark_results/simulated_data/results/cell_names	/raid/kang/DelSIEVE/simulation_results/IndelSIEVE_benchmark_pipeline_sa_201/benchmark_results/indelsieve/from_candidate/variant_calling/stage2/mt/no_cnv/smc_mu_sa_stage_1-smc_mu_sa_stage_2/0002/indelsieve_median.cell_names	/raid/kang/DelSIEVE/simulation_results/IndelSIEVE_benchmark_pipeline_sa_201/benchmark_results/simulated_data/results/data_type/no_cnv/0002/true_evo_events_sites_names	/raid/kang/DelSIEVE/simulation_results/IndelSIEVE_benchmark_pipeline_sa_201/benchmark_results/indelsieve/from_candidate/variant_calling/stage2/mt/no_cnv/smc_mu_sa_stage_1-smc_mu_sa_stage_2/0002/indelsieve_median.loci_info	/raid/kang/DelSIEVE/simulation_results/IndelSIEVE_benchmark_pipeline_sa_201/benchmark_results/simulated_data/results/data_type/no_cnv/0002/true_evo_events_genotypes_numeric	/raid/kang/DelSIEVE/simulation_results/IndelSIEVE_benchmark_pipeline_sa_201/benchmark_results/indelsieve/from_candidate/variant_calling/stage2/mt/no_cnv/smc_mu_sa_stage_1-smc_mu_sa_stage_2/0002/indelsieve_median.genotypes	/raid/kang/DelSIEVE/simulation_results/IndelSIEVE_benchmark_pipeline_sa_201/benchmark_results/simulated_data/results/data_type/no_cnv/0002/true_evo_events_ternary_matrix.simple	/raid/kang/DelSIEVE/simulation_results/IndelSIEVE_benchmark_pipeline_sa_201/benchmark_results/indelsieve/from_candidate/variant_calling/stage2/mt/no_cnv/smc_mu_sa_stage_1-smc_mu_sa_stage_2/0002/indelsieve_median.ternary	/raid/kang/DelSIEVE/simulation_results/IndelSIEVE_benchmark_pipeline_sa_201/benchmark_results/indelsieve/from_candidate/variant_calling/stage2/mt/no_cnv/smc_mu_sa_stage_1-smc_mu_sa_stage_2/0002/indelsieve_median.probs	7147	52	27475	1606	0.8165200502684794	0.9927767745520212	0.896063189568706	0.0018890543829694	7147	52	28330	751	0.9049126361104076	0.9927767745520212	0.9468106246274096	0.0018321471355084	7131	68	28330	751	0.9047196143110886	0.9905542436449508	0.9456932564153572	0.0023945348263962	0	0	36265	15	0.0	NA	NA	0.0	15	52	0	15	0	0	18109	11	0.0	NA	0.0	NA	0	0	18120	0	NA	NA	0.0	NA	0	0	18119	1	0.0	NA	0.0	NA	0	0	18110	10	0.0	NA	0.0	NA	10	0	1	0	0	0	18120	0	NA	NA	0.0	NA
40	5	20	0.001999	0.3	1e-06	1e-07	0.0	0002	indelsieve	candidate_snvs	smc_mudel_sa_stage_1-smc_mudel_sa_stage_2	mt	no_cnv	/raid/kang/DelSIEVE/simulation_results/IndelSIEVE_benchmark_pipeline_sa_201/benchmark_results/simulated_data/results/cell_names	/raid/kang/DelSIEVE/simulation_results/IndelSIEVE_benchmark_pipeline_sa_201/benchmark_results/indelsieve/from_candidate/variant_calling/stage2/mt/no_cnv/smc_mudel_sa_stage_1-smc_mudel_sa_stage_2/0002/indelsieve_median.cell_names	/raid/kang/DelSIEVE/simulation_results/IndelSIEVE_benchmark_pipeline_sa_201/benchmark_results/simulated_data/results/data_type/no_cnv/0002/true_evo_events_sites_names	/raid/kang/DelSIEVE/simulation_results/IndelSIEVE_benchmark_pipeline_sa_201/benchmark_results/indelsieve/from_candidate/variant_calling/stage2/mt/no_cnv/smc_mudel_sa_stage_1-smc_mudel_sa_stage_2/0002/indelsieve_median.loci_info	/raid/kang/DelSIEVE/simulation_results/IndelSIEVE_benchmark_pipeline_sa_201/benchmark_results/simulated_data/results/data_type/no_cnv/0002/true_evo_events_genotypes_numeric	/raid/kang/DelSIEVE/simulation_results/IndelSIEVE_benchmark_pipeline_sa_201/benchmark_results/indelsieve/from_candidate/variant_calling/stage2/mt/no_cnv/smc_mudel_sa_stage_1-smc_mudel_sa_stage_2/0002/indelsieve_median.genotypes	/raid/kang/DelSIEVE/simulation_results/IndelSIEVE_benchmark_pipeline_sa_201/benchmark_results/simulated_data/results/data_type/no_cnv/0002/true_evo_events_ternary_matrix.simple	/raid/kang/DelSIEVE/simulation_results/IndelSIEVE_benchmark_pipeline_sa_201/benchmark_results/indelsieve/from_candidate/variant_calling/stage2/mt/no_cnv/smc_mudel_sa_stage_1-smc_mudel_sa_stage_2/0002/indelsieve_median.ternary	/raid/kang/DelSIEVE/simulation_results/IndelSIEVE_benchmark_pipeline_sa_201/benchmark_results/indelsieve/from_candidate/variant_calling/stage2/mt/no_cnv/smc_mudel_sa_stage_1-smc_mudel_sa_stage_2/0002/indelsieve_median.probs	7147	53	27474	1606	0.8165200502684794	0.9926388888888888	0.8960070206230802	0.0019253823518727	7147	53	28329	751	0.9049126361104076	0.9926388888888888	0.9467479136309446	0.0018673807342681	7131	69	28329	751	0.9047196143110886	0.9904166666666666	0.9456305529770588	0.0024297485738432	0	0	36265	15	0.0	NA	NA	0.0	15	53	0	15	0	0	18109	11	0.0	NA	0.0	NA	0	0	18120	0	NA	NA	0.0	NA	0	0	18119	1	0.0	NA	0.0	NA	0	0	18110	10	0.0	NA	0.0	NA	10	0	1	0	0	0	18120	0	NA	NA	0.0	NA
40	5	20	0.001999	0.3	1e-06	1e-07	0.0	0003	sieve	candidate_snvs	smc_mu_sa_stage_1-smc_mu_sa_stage_2	mt	no_cnv	/raid/kang/DelSIEVE/simulation_results/IndelSIEVE_benchmark_pipeline_sa_201/benchmark_results/simulated_data/results/cell_names	/raid/kang/DelSIEVE/simulation_results/IndelSIEVE_benchmark_pipeline_sa_201/benchmark_results/indelsieve/from_candidate/variant_calling/stage2/mt/no_cnv/smc_mu_sa_stage_1-smc_mu_sa_stage_2/0003/indelsieve_median.cell_names	/raid/kang/DelSIEVE/simulation_results/IndelSIEVE_benchmark_pipeline_sa_201/benchmark_results/simulated_data/results/data_type/no_cnv/0003/true_evo_events_sites_names	/raid/kang/DelSIEVE/simulation_results/IndelSIEVE_benchmark_pipeline_sa_201/benchmark_results/indelsieve/from_candidate/variant_calling/stage2/mt/no_cnv/smc_mu_sa_stage_1-smc_mu_sa_stage_2/0003/indelsieve_median.loci_info	/raid/kang/DelSIEVE/simulation_results/IndelSIEVE_benchmark_pipeline_sa_201/benchmark_results/simulated_data/results/data_type/no_cnv/0003/true_evo_events_genotypes_numeric	/raid/kang/DelSIEVE/simulation_results/IndelSIEVE_benchmark_pipeline_sa_201/benchmark_results/indelsieve/from_candidate/variant_calling/stage2/mt/no_cnv/smc_mu_sa_stage_1-smc_mu_sa_stage_2/0003/indelsieve_median.genotypes	/raid/kang/DelSIEVE/simulation_results/IndelSIEVE_benchmark_pipeline_sa_201/benchmark_results/simulated_data/results/data_type/no_cnv/0003/true_evo_events_ternary_matrix.simple	/raid/kang/DelSIEVE/simulation_results/IndelSIEVE_benchmark_pipeline_sa_201/benchmark_results/indelsieve/from_candidate/variant_calling/stage2/mt/no_cnv/smc_mu_sa_stage_1-smc_mu_sa_stage_2/0003/indelsieve_median.ternary	/raid/kang/DelSIEVE/simulation_results/IndelSIEVE_benchmark_pipeline_sa_201/benchmark_results/indelsieve/from_candidate/variant_calling/stage2/mt/no_cnv/smc_mu_sa_stage_1-smc_mu_sa_stage_2/0003/indelsieve_median.probs	8275	105	37015	1805	0.8209325396825397	0.9874701670644392	0.8965330444203683	0.0028286637931034	8272	108	37890	929	0.8990327138354527	0.9871121718377088	0.9410158694044708	0.0028422548555187	8233	122	37915	929	0.8986029251255184	0.9853979652902454	0.9400011417480164	0.0032074033178221	25	0	47161	13	0.6578947368421053	1.0	0.7936507936507937	0.0	38	105	0	13	0	0	21665	15	0.0	NA	0.0	NA	0	0	21680	0	NA	NA	0.0	NA	0	0	21679	1	0.0	NA	0.0	NA	0	0	21666	14	0.0	NA	0.0	NA	11	3	1	0	0	0	21680	0	NA	NA	0.0	NA
40	5	20	0.001999	0.3	1e-06	1e-07	0.0	0003	indelsieve	candidate_snvs	smc_mudel_sa_stage_1-smc_mudel_sa_stage_2	mt	no_cnv	/raid/kang/DelSIEVE/simulation_results/IndelSIEVE_benchmark_pipeline_sa_201/benchmark_results/simulated_data/results/cell_names	/raid/kang/DelSIEVE/simulation_results/IndelSIEVE_benchmark_pipeline_sa_201/benchmark_results/indelsieve/from_candidate/variant_calling/stage2/mt/no_cnv/smc_mudel_sa_stage_1-smc_mudel_sa_stage_2/0003/indelsieve_median.cell_names	/raid/kang/DelSIEVE/simulation_results/IndelSIEVE_benchmark_pipeline_sa_201/benchmark_results/simulated_data/results/data_type/no_cnv/0003/true_evo_events_sites_names	/raid/kang/DelSIEVE/simulation_results/IndelSIEVE_benchmark_pipeline_sa_201/benchmark_results/indelsieve/from_candidate/variant_calling/stage2/mt/no_cnv/smc_mudel_sa_stage_1-smc_mudel_sa_stage_2/0003/indelsieve_median.loci_info	/raid/kang/DelSIEVE/simulation_results/IndelSIEVE_benchmark_pipeline_sa_201/benchmark_results/simulated_data/results/data_type/no_cnv/0003/true_evo_events_genotypes_numeric	/raid/kang/DelSIEVE/simulation_results/IndelSIEVE_benchmark_pipeline_sa_201/benchmark_results/indelsieve/from_candidate/variant_calling/stage2/mt/no_cnv/smc_mudel_sa_stage_1-smc_mudel_sa_stage_2/0003/indelsieve_median.genotypes	/raid/kang/DelSIEVE/simulation_results/IndelSIEVE_benchmark_pipeline_sa_201/benchmark_results/simulated_data/results/data_type/no_cnv/0003/true_evo_events_ternary_matrix.simple	/raid/kang/DelSIEVE/simulation_results/IndelSIEVE_benchmark_pipeline_sa_201/benchmark_results/indelsieve/from_candidate/variant_calling/stage2/mt/no_cnv/smc_mudel_sa_stage_1-smc_mudel_sa_stage_2/0003/indelsieve_median.ternary	/raid/kang/DelSIEVE/simulation_results/IndelSIEVE_benchmark_pipeline_sa_201/benchmark_results/indelsieve/from_candidate/variant_calling/stage2/mt/no_cnv/smc_mudel_sa_stage_1-smc_mudel_sa_stage_2/0003/indelsieve_median.probs	8275	136	36984	1805	0.8209325396825397	0.9838306978956128	0.8950300146016981	0.0036637931034482	8272	107	37891	929	0.8990327138354527	0.9872299797111828	0.9410693970420932	0.0028159376809305	8233	121	37916	929	0.8986029251255184	0.9855159205171176	0.9400548070335694	0.0031811131266924	25	0	47161	13	0.6578947368421053	1.0	0.7936507936507937	0.0	38	104	0	13	0	32	21633	15	0.0	0.0	0.0014770366951303	NA	0	0	21680	0	NA	NA	0.0	NA	0	0	21679	1	0.0	NA	0.0	NA	0	32	21634	14	0.0	0.0	0.0014769685221083	NA	11	3	1	0	0	0	21680	0	NA	NA	0.0	NA
40	5	20	0.001999	0.3	1e-06	1e-07	0.0	0004	sieve	candidate_snvs	smc_mu_sa_stage_1-smc_mu_sa_stage_2	mt	no_cnv	/raid/kang/DelSIEVE/simulation_results/IndelSIEVE_benchmark_pipeline_sa_201/benchmark_results/simulated_data/results/cell_names	/raid/kang/DelSIEVE/simulation_results/IndelSIEVE_benchmark_pipeline_sa_201/benchmark_results/indelsieve/from_candidate/variant_calling/stage2/mt/no_cnv/smc_mu_sa_stage_1-smc_mu_sa_stage_2/0004/indelsieve_median.cell_names	/raid/kang/DelSIEVE/simulation_results/IndelSIEVE_benchmark_pipeline_sa_201/benchmark_results/simulated_data/results/data_type/no_cnv/0004/true_evo_events_sites_names	/raid/kang/DelSIEVE/simulation_results/IndelSIEVE_benchmark_pipeline_sa_201/benchmark_results/indelsieve/from_candidate/variant_calling/stage2/mt/no_cnv/smc_mu_sa_stage_1-smc_mu_sa_stage_2/0004/indelsieve_median.loci_info	/raid/kang/DelSIEVE/simulation_results/IndelSIEVE_benchmark_pipeline_sa_201/benchmark_results/simulated_data/results/data_type/no_cnv/0004/true_evo_events_genotypes_numeric	/raid/kang/DelSIEVE/simulation_results/IndelSIEVE_benchmark_pipeline_sa_201/benchmark_results/indelsieve/from_candidate/variant_calling/stage2/mt/no_cnv/smc_mu_sa_stage_1-smc_mu_sa_stage_2/0004/indelsieve_median.genotypes	/raid/kang/DelSIEVE/simulation_results/IndelSIEVE_benchmark_pipeline_sa_201/benchmark_results/simulated_data/results/data_type/no_cnv/0004/true_evo_events_ternary_matrix.simple	/raid/kang/DelSIEVE/simulation_results/IndelSIEVE_benchmark_pipeline_sa_201/benchmark_results/indelsieve/from_candidate/variant_calling/stage2/mt/no_cnv/smc_mu_sa_stage_1-smc_mu_sa_stage_2/0004/indelsieve_median.ternary	/raid/kang/DelSIEVE/simulation_results/IndelSIEVE_benchmark_pipeline_sa_201/benchmark_results/indelsieve/from_candidate/variant_calling/stage2/mt/no_cnv/smc_mu_sa_stage_1-smc_mu_sa_stage_2/0004/indelsieve_median.probs	4837	57	35371	1775	0.7315486993345433	0.988353085410707	0.840778724143925	0.0016088969176922	4835	59	36015	1129	0.8106975184439973	0.9879444217409072	0.8905875851906428	0.0016355269723346	4835	59	36019	1125	0.8112416107382551	0.9879444217409072	0.890915791413304	0.0016353456400022	0	0	42034	4	0.0	NA	NA	0.0	4	57	4	0	0	0	12235	5	0.0	NA	0.0	NA	0	0	12240	0	NA	NA	0.0	NA	0	0	12240	0	NA	NA	0.0	NA	0	0	12235	5	0.0	NA	0.0	NA	3	2	0	0	0	0	12240	0	NA	NA	0.0	NA
40	5	20	0.001999	0.3	1e-06	1e-07	0.0	0004	indelsieve	candidate_snvs	smc_mudel_sa_stage_1-smc_mudel_sa_stage_2	mt	no_cnv	/raid/kang/DelSIEVE/simulation_results/IndelSIEVE_benchmark_pipeline_sa_201/benchmark_results/simulated_data/results/cell_names	/raid/kang/DelSIEVE/simulation_results/IndelSIEVE_benchmark_pipeline_sa_201/benchmark_results/indelsieve/from_candidate/variant_calling/stage2/mt/no_cnv/smc_mudel_sa_stage_1-smc_mudel_sa_stage_2/0004/indelsieve_median.cell_names	/raid/kang/DelSIEVE/simulation_results/IndelSIEVE_benchmark_pipeline_sa_201/benchmark_results/simulated_data/results/data_type/no_cnv/0004/true_evo_events_sites_names	/raid/kang/DelSIEVE/simulation_results/IndelSIEVE_benchmark_pipeline_sa_201/benchmark_results/indelsieve/from_candidate/variant_calling/stage2/mt/no_cnv/smc_mudel_sa_stage_1-smc_mudel_sa_stage_2/0004/indelsieve_median.loci_info	/raid/kang/DelSIEVE/simulation_results/IndelSIEVE_benchmark_pipeline_sa_201/benchmark_results/simulated_data/results/data_type/no_cnv/0004/true_evo_events_genotypes_numeric	/raid/kang/DelSIEVE/simulation_results/IndelSIEVE_benchmark_pipeline_sa_201/benchmark_results/indelsieve/from_candidate/variant_calling/stage2/mt/no_cnv/smc_mudel_sa_stage_1-smc_mudel_sa_stage_2/0004/indelsieve_median.genotypes	/raid/kang/DelSIEVE/simulation_results/IndelSIEVE_benchmark_pipeline_sa_201/benchmark_results/simulated_data/results/data_type/no_cnv/0004/true_evo_events_ternary_matrix.simple	/raid/kang/DelSIEVE/simulation_results/IndelSIEVE_benchmark_pipeline_sa_201/benchmark_results/indelsieve/from_candidate/variant_calling/stage2/mt/no_cnv/smc_mudel_sa_stage_1-smc_mudel_sa_stage_2/0004/indelsieve_median.ternary	/raid/kang/DelSIEVE/simulation_results/IndelSIEVE_benchmark_pipeline_sa_201/benchmark_results/indelsieve/from_candidate/variant_calling/stage2/mt/no_cnv/smc_mudel_sa_stage_1-smc_mudel_sa_stage_2/0004/indelsieve_median.probs	4837	57	35371	1775	0.7315486993345433	0.988353085410707	0.840778724143925	0.0016088969176922	4835	59	36015	1129	0.8106975184439973	0.9879444217409072	0.8905875851906428	0.0016355269723346	4835	59	36019	1125	0.8112416107382551	0.9879444217409072	0.890915791413304	0.0016353456400022	0	0	42034	4	0.0	NA	NA	0.0	4	57	4	0	0	0	12235	5	0.0	NA	0.0	NA	0	0	12240	0	NA	NA	0.0	NA	0	0	12240	0	NA	NA	0.0	NA	0	0	12235	5	0.0	NA	0.0	NA	3	2	0	0	0	0	12240	0	NA	NA	0.0	NA
40	5	20	0.001999	0.3	1e-06	1e-07	0.0	0005	sieve	candidate_snvs	smc_mu_sa_stage_1-smc_mu_sa_stage_2	mt	no_cnv	/raid/kang/DelSIEVE/simulation_results/IndelSIEVE_benchmark_pipeline_sa_201/benchmark_results/simulated_data/results/cell_names	/raid/kang/DelSIEVE/simulation_results/IndelSIEVE_benchmark_pipeline_sa_201/benchmark_results/indelsieve/from_candidate/variant_calling/stage2/mt/no_cnv/smc_mu_sa_stage_1-smc_mu_sa_stage_2/0005/indelsieve_median.cell_names	/raid/kang/DelSIEVE/simulation_results/IndelSIEVE_benchmark_pipeline_sa_201/benchmark_results/simulated_data/results/data_type/no_cnv/0005/true_evo_events_sites_names	/raid/kang/DelSIEVE/simulation_results/IndelSIEVE_benchmark_pipeline_sa_201/benchmark_results/indelsieve/from_candidate/variant_calling/stage2/mt/no_cnv/smc_mu_sa_stage_1-smc_mu_sa_stage_2/0005/indelsieve_median.loci_info	/raid/kang/DelSIEVE/simulation_results/IndelSIEVE_benchmark_pipeline_sa_201/benchmark_results/simulated_data/results/data_type/no_cnv/0005/true_evo_events_genotypes_numeric	/raid/kang/DelSIEVE/simulation_results/IndelSIEVE_benchmark_pipeline_sa_201/benchmark_results/indelsieve/from_candidate/variant_calling/stage2/mt/no_cnv/smc_mu_sa_stage_1-smc_mu_sa_stage_2/0005/indelsieve_median.genotypes	/raid/kang/DelSIEVE/simulation_results/IndelSIEVE_benchmark_pipeline_sa_201/benchmark_results/simulated_data/results/data_type/no_cnv/0005/true_evo_events_ternary_matrix.simple	/raid/kang/DelSIEVE/simulation_results/IndelSIEVE_benchmark_pipeline_sa_201/benchmark_results/indelsieve/from_candidate/variant_calling/stage2/mt/no_cnv/smc_mu_sa_stage_1-smc_mu_sa_stage_2/0005/indelsieve_median.ternary	/raid/kang/DelSIEVE/simulation_results/IndelSIEVE_benchmark_pipeline_sa_201/benchmark_results/indelsieve/from_candidate/variant_calling/stage2/mt/no_cnv/smc_mu_sa_stage_1-smc_mu_sa_stage_2/0005/indelsieve_median.probs	8895	77	34423	1725	0.8375706214689266	0.991417744092733	0.908023683135974	0.002231884057971	8894	78	35267	881	0.9098721227621483	0.9913062862238076	0.9488451485571026	0.0022068185033243	8800	108	35325	887	0.9084339836894808	0.9878760664571172	0.9464909922022048	0.0030480060960121	58	6	45027	29	0.6666666666666666	0.90625	0.7682119205298014	0.0001332356272067	87	77	0	29	0	0	23546	54	0.0	NA	0.0	NA	0	0	23600	0	NA	NA	0.0	NA	0	0	23599	1	0.0	NA	0.0	NA	0	0	23547	53	0.0	NA	0.0	NA	52	1	1	0	0	0	23600	0	NA	NA	0.0	NA
40	5	20	0.001999	0.3	1e-06	1e-07	0.0	0005	indelsieve	candidate_snvs	smc_mudel_sa_stage_1-smc_mudel_sa_stage_2	mt	no_cnv	/raid/kang/DelSIEVE/simulation_results/IndelSIEVE_benchmark_pipeline_sa_201/benchmark_results/simulated_data/results/cell_names	/raid/kang/DelSIEVE/simulation_results/IndelSIEVE_benchmark_pipeline_sa_201/benchmark_results/indelsieve/from_candidate/variant_calling/stage2/mt/no_cnv/smc_mudel_sa_stage_1-smc_mudel_sa_stage_2/0005/indelsieve_median.cell_names	/raid/kang/DelSIEVE/simulation_results/IndelSIEVE_benchmark_pipeline_sa_201/benchmark_results/simulated_data/results/data_type/no_cnv/0005/true_evo_events_sites_names	/raid/kang/DelSIEVE/simulation_results/IndelSIEVE_benchmark_pipeline_sa_201/benchmark_results/indelsieve/from_candidate/variant_calling/stage2/mt/no_cnv/smc_mudel_sa_stage_1-smc_mudel_sa_stage_2/0005/indelsieve_median.loci_info	/raid/kang/DelSIEVE/simulation_results/IndelSIEVE_benchmark_pipeline_sa_201/benchmark_results/simulated_data/results/data_type/no_cnv/0005/true_evo_events_genotypes_numeric	/raid/kang/DelSIEVE/simulation_results/IndelSIEVE_benchmark_pipeline_sa_201/benchmark_results/indelsieve/from_candidate/variant_calling/stage2/mt/no_cnv/smc_mudel_sa_stage_1-smc_mudel_sa_stage_2/0005/indelsieve_median.genotypes	/raid/kang/DelSIEVE/simulation_results/IndelSIEVE_benchmark_pipeline_sa_201/benchmark_results/simulated_data/results/data_type/no_cnv/0005/true_evo_events_ternary_matrix.simple	/raid/kang/DelSIEVE/simulation_results/IndelSIEVE_benchmark_pipeline_sa_201/benchmark_results/indelsieve/from_candidate/variant_calling/stage2/mt/no_cnv/smc_mudel_sa_stage_1-smc_mudel_sa_stage_2/0005/indelsieve_median.ternary	/raid/kang/DelSIEVE/simulation_results/IndelSIEVE_benchmark_pipeline_sa_201/benchmark_results/indelsieve/from_candidate/variant_calling/stage2/mt/no_cnv/smc_mudel_sa_stage_1-smc_mudel_sa_stage_2/0005/indelsieve_median.probs	8895	77	34423	1725	0.8375706214689266	0.991417744092733	0.908023683135974	0.002231884057971	8894	78	35267	881	0.9098721227621483	0.9913062862238076	0.9488451485571026	0.0022068185033243	8800	108	35325	887	0.9084339836894808	0.9878760664571172	0.9464909922022048	0.0030480060960121	58	6	45027	29	0.6666666666666666	0.90625	0.7682119205298014	0.0001332356272067	87	77	0	29	0	0	23546	54	0.0	NA	0.0	NA	0	0	23600	0	NA	NA	0.0	NA	0	0	23599	1	0.0	NA	0.0	NA	0	0	23547	53	0.0	NA	0.0	NA	52	1	1	0	0	0	23600	0	NA	NA	0.0	NA
40	5	20	0.001999	0.3	1e-06	1e-07	0.0	0006	sieve	candidate_snvs	smc_mu_sa_stage_1-smc_mu_sa_stage_2	mt	no_cnv	/raid/kang/DelSIEVE/simulation_results/IndelSIEVE_benchmark_pipeline_sa_201/benchmark_results/simulated_data/results/cell_names	/raid/kang/DelSIEVE/simulation_results/IndelSIEVE_benchmark_pipeline_sa_201/benchmark_results/indelsieve/from_candidate/variant_calling/stage2/mt/no_cnv/smc_mu_sa_stage_1-smc_mu_sa_stage_2/0006/indelsieve_median.cell_names	/raid/kang/DelSIEVE/simulation_results/IndelSIEVE_benchmark_pipeline_sa_201/benchmark_results/simulated_data/results/data_type/no_cnv/0006/true_evo_events_sites_names	/raid/kang/DelSIEVE/simulation_results/IndelSIEVE_benchmark_pipeline_sa_201/benchmark_results/indelsieve/from_candidate/variant_calling/stage2/mt/no_cnv/smc_mu_sa_stage_1-smc_mu_sa_stage_2/0006/indelsieve_median.loci_info	/raid/kang/DelSIEVE/simulation_results/IndelSIEVE_benchmark_pipeline_sa_201/benchmark_results/simulated_data/results/data_type/no_cnv/0006/true_evo_events_genotypes_numeric	/raid/kang/DelSIEVE/simulation_results/IndelSIEVE_benchmark_pipeline_sa_201/benchmark_results/indelsieve/from_candidate/variant_calling/stage2/mt/no_cnv/smc_mu_sa_stage_1-smc_mu_sa_stage_2/0006/indelsieve_median.genotypes	/raid/kang/DelSIEVE/simulation_results/IndelSIEVE_benchmark_pipeline_sa_201/benchmark_results/simulated_data/results/data_type/no_cnv/0006/true_evo_events_ternary_matrix.simple	/raid/kang/DelSIEVE/simulation_results/IndelSIEVE_benchmark_pipeline_sa_201/benchmark_results/indelsieve/from_candidate/variant_calling/stage2/mt/no_cnv/smc_mu_sa_stage_1-smc_mu_sa_stage_2/0006/indelsieve_median.ternary	/raid/kang/DelSIEVE/simulation_results/IndelSIEVE_benchmark_pipeline_sa_201/benchmark_results/indelsieve/from_candidate/variant_calling/stage2/mt/no_cnv/smc_mu_sa_stage_1-smc_mu_sa_stage_2/0006/indelsieve_median.probs	3823	58	29558	1121	0.7732605177993528	0.9850553980932748	0.8664022662889519	0.0019584008643976	3823	58	29924	755	0.8350808213193535	0.9850553980932748	0.9038893486227688	0.0019344940297511	3800	68	29939	753	0.834614539863826	0.9824198552223372	0.902505640660254	0.0022661379011563	13	0	34535	12	0.52	1.0	0.6842105263157895	0.0	25	58	2	10	0	0	12559	1	0.0	NA	0.0	NA	0	0	12560	0	NA	NA	0.0	NA	0	0	12560	0	NA	NA	0.0	NA	0	0	12559	1	0.0	NA	0.0	NA	1	0	0	0	0	0	12560	0	NA	NA	0.0	NA
40	5	20	0.001999	0.3	1e-06	1e-07	0.0	0006	indelsieve	candidate_snvs	smc_mudel_sa_stage_1-smc_mudel_sa_stage_2	mt	no_cnv	/raid/kang/DelSIEVE/simulation_results/IndelSIEVE_benchmark_pipeline_sa_201/benchmark_results/simulated_data/results/cell_names	/raid/kang/DelSIEVE/simulation_results/IndelSIEVE_benchmark_pipeline_sa_201/benchmark_results/indelsieve/from_candidate/variant_calling/stage2/mt/no_cnv/smc_mudel_sa_stage_1-smc_mudel_sa_stage_2/0006/indelsieve_median.cell_names	/raid/kang/DelSIEVE/simulation_results/IndelSIEVE_benchmark_pipeline_sa_201/benchmark_results/simulated_data/results/data_type/no_cnv/0006/true_evo_events_sites_names	/raid/kang/DelSIEVE/simulation_results/IndelSIEVE_benchmark_pipeline_sa_201/benchmark_results/indelsieve/from_candidate/variant_calling/stage2/mt/no_cnv/smc_mudel_sa_stage_1-smc_mudel_sa_stage_2/0006/indelsieve_median.loci_info	/raid/kang/DelSIEVE/simulation_results/IndelSIEVE_benchmark_pipeline_sa_201/benchmark_results/simulated_data/results/data_type/no_cnv/0006/true_evo_events_genotypes_numeric	/raid/kang/DelSIEVE/simulation_results/IndelSIEVE_benchmark_pipeline_sa_201/benchmark_results/indelsieve/from_candidate/variant_calling/stage2/mt/no_cnv/smc_mudel_sa_stage_1-smc_mudel_sa_stage_2/0006/indelsieve_median.genotypes	/raid/kang/DelSIEVE/simulation_results/IndelSIEVE_benchmark_pipeline_sa_201/benchmark_results/simulated_data/results/data_type/no_cnv/0006/true_evo_events_ternary_matrix.simple	/raid/kang/DelSIEVE/simulation_results/IndelSIEVE_benchmark_pipeline_sa_201/benchmark_results/indelsieve/from_candidate/variant_calling/stage2/mt/no_cnv/smc_mudel_sa_stage_1-smc_mudel_sa_stage_2/0006/indelsieve_median.ternary	/raid/kang/DelSIEVE/simulation_results/IndelSIEVE_benchmark_pipeline_sa_201/benchmark_results/indelsieve/from_candidate/variant_calling/stage2/mt/no_cnv/smc_mudel_sa_stage_1-smc_mudel_sa_stage_2/0006/indelsieve_median.probs	3824	58	29558	1120	0.7734627831715211	0.985059247810407	0.8665307047360072	0.0019584008643976	3824	58	29924	754	0.8352992573176059	0.985059247810407	0.9040189125295508	0.0019344940297511	3801	68	29939	752	0.8348341752690533	0.982424399069527	0.9026359534552362	0.0022661379011563	13	0	34535	12	0.52	1.0	0.6842105263157895	0.0	25	58	2	10	0	0	12559	1	0.0	NA	0.0	NA	0	0	12560	0	NA	NA	0.0	NA	0	0	12560	0	NA	NA	0.0	NA	0	0	12559	1	0.0	NA	0.0	NA	1	0	0	0	0	0	12560	0	NA	NA	0.0	NA
40	5	20	0.001999	0.3	1e-06	1e-07	0.0	0007	sieve	candidate_snvs	smc_mu_sa_stage_1-smc_mu_sa_stage_2	mt	no_cnv	/raid/kang/DelSIEVE/simulation_results/IndelSIEVE_benchmark_pipeline_sa_201/benchmark_results/simulated_data/results/cell_names	/raid/kang/DelSIEVE/simulation_results/IndelSIEVE_benchmark_pipeline_sa_201/benchmark_results/indelsieve/from_candidate/variant_calling/stage2/mt/no_cnv/smc_mu_sa_stage_1-smc_mu_sa_stage_2/0007/indelsieve_median.cell_names	/raid/kang/DelSIEVE/simulation_results/IndelSIEVE_benchmark_pipeline_sa_201/benchmark_results/simulated_data/results/data_type/no_cnv/0007/true_evo_events_sites_names	/raid/kang/DelSIEVE/simulation_results/IndelSIEVE_benchmark_pipeline_sa_201/benchmark_results/indelsieve/from_candidate/variant_calling/stage2/mt/no_cnv/smc_mu_sa_stage_1-smc_mu_sa_stage_2/0007/indelsieve_median.loci_info	/raid/kang/DelSIEVE/simulation_results/IndelSIEVE_benchmark_pipeline_sa_201/benchmark_results/simulated_data/results/data_type/no_cnv/0007/true_evo_events_genotypes_numeric	/raid/kang/DelSIEVE/simulation_results/IndelSIEVE_benchmark_pipeline_sa_201/benchmark_results/indelsieve/from_candidate/variant_calling/stage2/mt/no_cnv/smc_mu_sa_stage_1-smc_mu_sa_stage_2/0007/indelsieve_median.genotypes	/raid/kang/DelSIEVE/simulation_results/IndelSIEVE_benchmark_pipeline_sa_201/benchmark_results/simulated_data/results/data_type/no_cnv/0007/true_evo_events_ternary_matrix.simple	/raid/kang/DelSIEVE/simulation_results/IndelSIEVE_benchmark_pipeline_sa_201/benchmark_results/indelsieve/from_candidate/variant_calling/stage2/mt/no_cnv/smc_mu_sa_stage_1-smc_mu_sa_stage_2/0007/indelsieve_median.ternary	/raid/kang/DelSIEVE/simulation_results/IndelSIEVE_benchmark_pipeline_sa_201/benchmark_results/indelsieve/from_candidate/variant_calling/stage2/mt/no_cnv/smc_mu_sa_stage_1-smc_mu_sa_stage_2/0007/indelsieve_median.probs	7666	87	34431	1696	0.8188421277504807	0.9887785373403843	0.8958223780309671	0.0025204241265426	7666	87	35121	1006	0.8839944649446494	0.9887785373403843	0.9334550989345508	0.0024710293115201	7640	109	35124	1007	0.8835434254654794	0.9859336688604982	0.9319346181995608	0.0030936905741776	3	1	43864	12	0.2	0.75	0.3157894736842105	2.2797218739313804e-05	15	87	0	12	0	0	19664	16	0.0	NA	0.0	NA	0	0	19680	0	NA	NA	0.0	NA	0	0	19670	10	0.0	NA	0.0	NA	0	0	19674	6	0.0	NA	0.0	NA	6	0	10	0	0	0	19680	0	NA	NA	0.0	NA
40	5	20	0.001999	0.3	1e-06	1e-07	0.0	0007	indelsieve	candidate_snvs	smc_mudel_sa_stage_1-smc_mudel_sa_stage_2	mt	no_cnv	/raid/kang/DelSIEVE/simulation_results/IndelSIEVE_benchmark_pipeline_sa_201/benchmark_results/simulated_data/results/cell_names	/raid/kang/DelSIEVE/simulation_results/IndelSIEVE_benchmark_pipeline_sa_201/benchmark_results/indelsieve/from_candidate/variant_calling/stage2/mt/no_cnv/smc_mudel_sa_stage_1-smc_mudel_sa_stage_2/0007/indelsieve_median.cell_names	/raid/kang/DelSIEVE/simulation_results/IndelSIEVE_benchmark_pipeline_sa_201/benchmark_results/simulated_data/results/data_type/no_cnv/0007/true_evo_events_sites_names	/raid/kang/DelSIEVE/simulation_results/IndelSIEVE_benchmark_pipeline_sa_201/benchmark_results/indelsieve/from_candidate/variant_calling/stage2/mt/no_cnv/smc_mudel_sa_stage_1-smc_mudel_sa_stage_2/0007/indelsieve_median.loci_info	/raid/kang/DelSIEVE/simulation_results/IndelSIEVE_benchmark_pipeline_sa_201/benchmark_results/simulated_data/results/data_type/no_cnv/0007/true_evo_events_genotypes_numeric	/raid/kang/DelSIEVE/simulation_results/IndelSIEVE_benchmark_pipeline_sa_201/benchmark_results/indelsieve/from_candidate/variant_calling/stage2/mt/no_cnv/smc_mudel_sa_stage_1-smc_mudel_sa_stage_2/0007/indelsieve_median.genotypes	/raid/kang/DelSIEVE/simulation_results/IndelSIEVE_benchmark_pipeline_sa_201/benchmark_results/simulated_data/results/data_type/no_cnv/0007/true_evo_events_ternary_matrix.simple	/raid/kang/DelSIEVE/simulation_results/IndelSIEVE_benchmark_pipeline_sa_201/benchmark_results/indelsieve/from_candidate/variant_calling/stage2/mt/no_cnv/smc_mudel_sa_stage_1-smc_mudel_sa_stage_2/0007/indelsieve_median.ternary	/raid/kang/DelSIEVE/simulation_results/IndelSIEVE_benchmark_pipeline_sa_201/benchmark_results/indelsieve/from_candidate/variant_calling/stage2/mt/no_cnv/smc_mudel_sa_stage_1-smc_mudel_sa_stage_2/0007/indelsieve_median.probs	7665	166	34352	1697	0.8187353129673147	0.9788021963989272	0.8916419473041355	0.0048090851150124	7662	87	35121	1010	0.8835332103321033	0.988772744870306	0.9331952987028804	0.0024710293115201	7636	109	35124	1011	0.8830808372846074	0.985926404131698	0.9316739873108834	0.0030936905741776	3	1	43864	12	0.2	0.75	0.3157894736842105	2.2797218739313804e-05	15	87	0	12	3	79	19585	13	0.1875	0.0365853658536585	0.0040174938974776	0.0612244897959183	0	0	19680	0	NA	NA	0.0	NA	0	0	19670	10	0.0	NA	0.0	NA	3	79	19595	3	0.5	0.0365853658536585	0.0040154518654061	0.0681818181818181	3	0	10	0	0	0	19680	0	NA	NA	0.0	NA
40	5	20	0.001999	0.3	1e-06	1e-07	0.0	0008	sieve	candidate_snvs	smc_mu_sa_stage_1-smc_mu_sa_stage_2	mt	no_cnv	/raid/kang/DelSIEVE/simulation_results/IndelSIEVE_benchmark_pipeline_sa_201/benchmark_results/simulated_data/results/cell_names	/raid/kang/DelSIEVE/simulation_results/IndelSIEVE_benchmark_pipeline_sa_201/benchmark_results/indelsieve/from_candidate/variant_calling/stage2/mt/no_cnv/smc_mu_sa_stage_1-smc_mu_sa_stage_2/0008/indelsieve_median.cell_names	/raid/kang/DelSIEVE/simulation_results/IndelSIEVE_benchmark_pipeline_sa_201/benchmark_results/simulated_data/results/data_type/no_cnv/0008/true_evo_events_sites_names	/raid/kang/DelSIEVE/simulation_results/IndelSIEVE_benchmark_pipeline_sa_201/benchmark_results/indelsieve/from_candidate/variant_calling/stage2/mt/no_cnv/smc_mu_sa_stage_1-smc_mu_sa_stage_2/0008/indelsieve_median.loci_info	/raid/kang/DelSIEVE/simulation_results/IndelSIEVE_benchmark_pipeline_sa_201/benchmark_results/simulated_data/results/data_type/no_cnv/0008/true_evo_events_genotypes_numeric	/raid/kang/DelSIEVE/simulation_results/IndelSIEVE_benchmark_pipeline_sa_201/benchmark_results/indelsieve/from_candidate/variant_calling/stage2/mt/no_cnv/smc_mu_sa_stage_1-smc_mu_sa_stage_2/0008/indelsieve_median.genotypes	/raid/kang/DelSIEVE/simulation_results/IndelSIEVE_benchmark_pipeline_sa_201/benchmark_results/simulated_data/results/data_type/no_cnv/0008/true_evo_events_ternary_matrix.simple	/raid/kang/DelSIEVE/simulation_results/IndelSIEVE_benchmark_pipeline_sa_201/benchmark_results/indelsieve/from_candidate/variant_calling/stage2/mt/no_cnv/smc_mu_sa_stage_1-smc_mu_sa_stage_2/0008/indelsieve_median.ternary	/raid/kang/DelSIEVE/simulation_results/IndelSIEVE_benchmark_pipeline_sa_201/benchmark_results/indelsieve/from_candidate/variant_calling/stage2/mt/no_cnv/smc_mu_sa_stage_1-smc_mu_sa_stage_2/0008/indelsieve_median.probs	5946	44	27279	1411	0.8082098681527796	0.9926544240400668	0.8909867385929422	0.0016103648940453	5945	45	28036	654	0.9008940748598272	0.9924874791318864	0.9444753356104536	0.0016025070332253	5929	61	28036	654	0.9006531976302597	0.9898163606010016	0.9431321084864392	0.0021710502900665	0	0	34665	15	0.0	NA	NA	0.0	15	44	0	15	0	0	16073	7	0.0	NA	0.0	NA	0	0	16080	0	NA	NA	0.0	NA	0	0	16079	1	0.0	NA	0.0	NA	0	0	16074	6	0.0	NA	0.0	NA	5	1	1	0	0	0	16080	0	NA	NA	0.0	NA
40	5	20	0.001999	0.3	1e-06	1e-07	0.0	0008	indelsieve	candidate_snvs	smc_mudel_sa_stage_1-smc_mudel_sa_stage_2	mt	no_cnv	/raid/kang/DelSIEVE/simulation_results/IndelSIEVE_benchmark_pipeline_sa_201/benchmark_results/simulated_data/results/cell_names	/raid/kang/DelSIEVE/simulation_results/IndelSIEVE_benchmark_pipeline_sa_201/benchmark_results/indelsieve/from_candidate/variant_calling/stage2/mt/no_cnv/smc_mudel_sa_stage_1-smc_mudel_sa_stage_2/0008/indelsieve_median.cell_names	/raid/kang/DelSIEVE/simulation_results/IndelSIEVE_benchmark_pipeline_sa_201/benchmark_results/simulated_data/results/data_type/no_cnv/0008/true_evo_events_sites_names	/raid/kang/DelSIEVE/simulation_results/IndelSIEVE_benchmark_pipeline_sa_201/benchmark_results/indelsieve/from_candidate/variant_calling/stage2/mt/no_cnv/smc_mudel_sa_stage_1-smc_mudel_sa_stage_2/0008/indelsieve_median.loci_info	/raid/kang/DelSIEVE/simulation_results/IndelSIEVE_benchmark_pipeline_sa_201/benchmark_results/simulated_data/results/data_type/no_cnv/0008/true_evo_events_genotypes_numeric	/raid/kang/DelSIEVE/simulation_results/IndelSIEVE_benchmark_pipeline_sa_201/benchmark_results/indelsieve/from_candidate/variant_calling/stage2/mt/no_cnv/smc_mudel_sa_stage_1-smc_mudel_sa_stage_2/0008/indelsieve_median.genotypes	/raid/kang/DelSIEVE/simulation_results/IndelSIEVE_benchmark_pipeline_sa_201/benchmark_results/simulated_data/results/data_type/no_cnv/0008/true_evo_events_ternary_matrix.simple	/raid/kang/DelSIEVE/simulation_results/IndelSIEVE_benchmark_pipeline_sa_201/benchmark_results/indelsieve/from_candidate/variant_calling/stage2/mt/no_cnv/smc_mudel_sa_stage_1-smc_mudel_sa_stage_2/0008/indelsieve_median.ternary	/raid/kang/DelSIEVE/simulation_results/IndelSIEVE_benchmark_pipeline_sa_201/benchmark_results/indelsieve/from_candidate/variant_calling/stage2/mt/no_cnv/smc_mudel_sa_stage_1-smc_mudel_sa_stage_2/0008/indelsieve_median.probs	5946	44	27279	1411	0.8082098681527796	0.9926544240400668	0.8909867385929422	0.0016103648940453	5945	45	28036	654	0.9008940748598272	0.9924874791318864	0.9444753356104536	0.0016025070332253	5929	61	28036	654	0.9006531976302597	0.9898163606010016	0.9431321084864392	0.0021710502900665	0	0	34665	15	0.0	NA	NA	0.0	15	44	0	15	0	0	16073	7	0.0	NA	0.0	NA	0	0	16080	0	NA	NA	0.0	NA	0	0	16079	1	0.0	NA	0.0	NA	0	0	16074	6	0.0	NA	0.0	NA	5	1	1	0	0	0	16080	0	NA	NA	0.0	NA
40	5	20	0.001999	0.3	1e-06	1e-07	0.0	0009	sieve	candidate_snvs	smc_mu_sa_stage_1-smc_mu_sa_stage_2	mt	no_cnv	/raid/kang/DelSIEVE/simulation_results/IndelSIEVE_benchmark_pipeline_sa_201/benchmark_results/simulated_data/results/cell_names	/raid/kang/DelSIEVE/simulation_results/IndelSIEVE_benchmark_pipeline_sa_201/benchmark_results/indelsieve/from_candidate/variant_calling/stage2/mt/no_cnv/smc_mu_sa_stage_1-smc_mu_sa_stage_2/0009/indelsieve_median.cell_names	/raid/kang/DelSIEVE/simulation_results/IndelSIEVE_benchmark_pipeline_sa_201/benchmark_results/simulated_data/results/data_type/no_cnv/0009/true_evo_events_sites_names	/raid/kang/DelSIEVE/simulation_results/IndelSIEVE_benchmark_pipeline_sa_201/benchmark_results/indelsieve/from_candidate/variant_calling/stage2/mt/no_cnv/smc_mu_sa_stage_1-smc_mu_sa_stage_2/0009/indelsieve_median.loci_info	/raid/kang/DelSIEVE/simulation_results/IndelSIEVE_benchmark_pipeline_sa_201/benchmark_results/simulated_data/results/data_type/no_cnv/0009/true_evo_events_genotypes_numeric	/raid/kang/DelSIEVE/simulation_results/IndelSIEVE_benchmark_pipeline_sa_201/benchmark_results/indelsieve/from_candidate/variant_calling/stage2/mt/no_cnv/smc_mu_sa_stage_1-smc_mu_sa_stage_2/0009/indelsieve_median.genotypes	/raid/kang/DelSIEVE/simulation_results/IndelSIEVE_benchmark_pipeline_sa_201/benchmark_results/simulated_data/results/data_type/no_cnv/0009/true_evo_events_ternary_matrix.simple	/raid/kang/DelSIEVE/simulation_results/IndelSIEVE_benchmark_pipeline_sa_201/benchmark_results/indelsieve/from_candidate/variant_calling/stage2/mt/no_cnv/smc_mu_sa_stage_1-smc_mu_sa_stage_2/0009/indelsieve_median.ternary	/raid/kang/DelSIEVE/simulation_results/IndelSIEVE_benchmark_pipeline_sa_201/benchmark_results/indelsieve/from_candidate/variant_calling/stage2/mt/no_cnv/smc_mu_sa_stage_1-smc_mu_sa_stage_2/0009/indelsieve_median.probs	7351	93	37054	1862	0.7978942798219907	0.9875067168189146	0.88263192651738	0.0025035669098446	7339	105	37847	1068	0.8729630070179613	0.9858946802794196	0.9259983597249384	0.0027666526138279	7286	119	37887	1067	0.872261462947444	0.9839297771775828	0.9247366417058004	0.0031310845655949	39	0	46305	15	0.7222222222222222	1.0	0.8387096774193548	0.0	54	93	1	14	0	0	20755	45	0.0	NA	0.0	NA	0	0	20800	0	NA	NA	0.0	NA	0	0	20800	0	NA	NA	0.0	NA	0	0	20755	45	0.0	NA	0.0	NA	33	12	0	0	0	0	20800	0	NA	NA	0.0	NA
40	5	20	0.001999	0.3	1e-06	1e-07	0.0	0009	indelsieve	candidate_snvs	smc_mudel_sa_stage_1-smc_mudel_sa_stage_2	mt	no_cnv	/raid/kang/DelSIEVE/simulation_results/IndelSIEVE_benchmark_pipeline_sa_201/benchmark_results/simulated_data/results/cell_names	/raid/kang/DelSIEVE/simulation_results/IndelSIEVE_benchmark_pipeline_sa_201/benchmark_results/indelsieve/from_candidate/variant_calling/stage2/mt/no_cnv/smc_mudel_sa_stage_1-smc_mudel_sa_stage_2/0009/indelsieve_median.cell_names	/raid/kang/DelSIEVE/simulation_results/IndelSIEVE_benchmark_pipeline_sa_201/benchmark_results/simulated_data/results/data_type/no_cnv/0009/true_evo_events_sites_names	/raid/kang/DelSIEVE/simulation_results/IndelSIEVE_benchmark_pipeline_sa_201/benchmark_results/indelsieve/from_candidate/variant_calling/stage2/mt/no_cnv/smc_mudel_sa_stage_1-smc_mudel_sa_stage_2/0009/indelsieve_median.loci_info	/raid/kang/DelSIEVE/simulation_results/IndelSIEVE_benchmark_pipeline_sa_201/benchmark_results/simulated_data/results/data_type/no_cnv/0009/true_evo_events_genotypes_numeric	/raid/kang/DelSIEVE/simulation_results/IndelSIEVE_benchmark_pipeline_sa_201/benchmark_results/indelsieve/from_candidate/variant_calling/stage2/mt/no_cnv/smc_mudel_sa_stage_1-smc_mudel_sa_stage_2/0009/indelsieve_median.genotypes	/raid/kang/DelSIEVE/simulation_results/IndelSIEVE_benchmark_pipeline_sa_201/benchmark_results/simulated_data/results/data_type/no_cnv/0009/true_evo_events_ternary_matrix.simple	/raid/kang/DelSIEVE/simulation_results/IndelSIEVE_benchmark_pipeline_sa_201/benchmark_results/indelsieve/from_candidate/variant_calling/stage2/mt/no_cnv/smc_mudel_sa_stage_1-smc_mudel_sa_stage_2/0009/indelsieve_median.ternary	/raid/kang/DelSIEVE/simulation_results/IndelSIEVE_benchmark_pipeline_sa_201/benchmark_results/indelsieve/from_candidate/variant_calling/stage2/mt/no_cnv/smc_mudel_sa_stage_1-smc_mudel_sa_stage_2/0009/indelsieve_median.probs	7353	83	37064	1860	0.7981113643764246	0.9888380849919312	0.8832962940717161	0.0022343661668506	7341	95	37857	1066	0.8732009040085643	0.9872243141473912	0.9267184245408068	0.0025031618887015	7288	109	37897	1065	0.8725008978810008	0.9852642963363526	0.9254603174603174	0.0028679682155449	39	0	46305	15	0.7222222222222222	1.0	0.8387096774193548	0.0	54	83	1	14	0	0	20755	45	0.0	NA	0.0	NA	0	0	20800	0	NA	NA	0.0	NA	0	0	20800	0	NA	NA	0.0	NA	0	0	20755	45	0.0	NA	0.0	NA	33	12	0	0	0	0	20800	0	NA	NA	0.0	NA
40	5	20	0.001999	0.3	1e-06	1e-07	0.0	0010	sieve	candidate_snvs	smc_mu_sa_stage_1-smc_mu_sa_stage_2	mt	no_cnv	/raid/kang/DelSIEVE/simulation_results/IndelSIEVE_benchmark_pipeline_sa_201/benchmark_results/simulated_data/results/cell_names	/raid/kang/DelSIEVE/simulation_results/IndelSIEVE_benchmark_pipeline_sa_201/benchmark_results/indelsieve/from_candidate/variant_calling/stage2/mt/no_cnv/smc_mu_sa_stage_1-smc_mu_sa_stage_2/0010/indelsieve_median.cell_names	/raid/kang/DelSIEVE/simulation_results/IndelSIEVE_benchmark_pipeline_sa_201/benchmark_results/simulated_data/results/data_type/no_cnv/0010/true_evo_events_sites_names	/raid/kang/DelSIEVE/simulation_results/IndelSIEVE_benchmark_pipeline_sa_201/benchmark_results/indelsieve/from_candidate/variant_calling/stage2/mt/no_cnv/smc_mu_sa_stage_1-smc_mu_sa_stage_2/0010/indelsieve_median.loci_info	/raid/kang/DelSIEVE/simulation_results/IndelSIEVE_benchmark_pipeline_sa_201/benchmark_results/simulated_data/results/data_type/no_cnv/0010/true_evo_events_genotypes_numeric	/raid/kang/DelSIEVE/simulation_results/IndelSIEVE_benchmark_pipeline_sa_201/benchmark_results/indelsieve/from_candidate/variant_calling/stage2/mt/no_cnv/smc_mu_sa_stage_1-smc_mu_sa_stage_2/0010/indelsieve_median.genotypes	/raid/kang/DelSIEVE/simulation_results/IndelSIEVE_benchmark_pipeline_sa_201/benchmark_results/simulated_data/results/data_type/no_cnv/0010/true_evo_events_ternary_matrix.simple	/raid/kang/DelSIEVE/simulation_results/IndelSIEVE_benchmark_pipeline_sa_201/benchmark_results/indelsieve/from_candidate/variant_calling/stage2/mt/no_cnv/smc_mu_sa_stage_1-smc_mu_sa_stage_2/0010/indelsieve_median.ternary	/raid/kang/DelSIEVE/simulation_results/IndelSIEVE_benchmark_pipeline_sa_201/benchmark_results/indelsieve/from_candidate/variant_calling/stage2/mt/no_cnv/smc_mu_sa_stage_1-smc_mu_sa_stage_2/0010/indelsieve_median.probs	3228	76	27103	953	0.7720640994977278	0.976997578692494	0.8625250501002004	0.0027962765370322	3228	76	27324	732	0.8151515151515152	0.976997578692494	0.8887665198237885	0.0027737226277372	3213	79	27336	732	0.8144486692015209	0.9760024301336574	0.8879369904656625	0.0028816341418931	12	0	31345	3	0.8	1.0	0.888888888888889	0.0	15	76	0	3	0	0	11799	1	0.0	NA	0.0	NA	0	0	11800	0	NA	NA	0.0	NA	0	0	11800	0	NA	NA	0.0	NA	0	0	11799	1	0.0	NA	0.0	NA	1	0	0	0	0	0	11800	0	NA	NA	0.0	NA
40	5	20	0.001999	0.3	1e-06	1e-07	0.0	0010	indelsieve	candidate_snvs	smc_mudel_sa_stage_1-smc_mudel_sa_stage_2	mt	no_cnv	/raid/kang/DelSIEVE/simulation_results/IndelSIEVE_benchmark_pipeline_sa_201/benchmark_results/simulated_data/results/cell_names	/raid/kang/DelSIEVE/simulation_results/IndelSIEVE_benchmark_pipeline_sa_201/benchmark_results/indelsieve/from_candidate/variant_calling/stage2/mt/no_cnv/smc_mudel_sa_stage_1-smc_mudel_sa_stage_2/0010/indelsieve_median.cell_names	/raid/kang/DelSIEVE/simulation_results/IndelSIEVE_benchmark_pipeline_sa_201/benchmark_results/simulated_data/results/data_type/no_cnv/0010/true_evo_events_sites_names	/raid/kang/DelSIEVE/simulation_results/IndelSIEVE_benchmark_pipeline_sa_201/benchmark_results/indelsieve/from_candidate/variant_calling/stage2/mt/no_cnv/smc_mudel_sa_stage_1-smc_mudel_sa_stage_2/0010/indelsieve_median.loci_info	/raid/kang/DelSIEVE/simulation_results/IndelSIEVE_benchmark_pipeline_sa_201/benchmark_results/simulated_data/results/data_type/no_cnv/0010/true_evo_events_genotypes_numeric	/raid/kang/DelSIEVE/simulation_results/IndelSIEVE_benchmark_pipeline_sa_201/benchmark_results/indelsieve/from_candidate/variant_calling/stage2/mt/no_cnv/smc_mudel_sa_stage_1-smc_mudel_sa_stage_2/0010/indelsieve_median.genotypes	/raid/kang/DelSIEVE/simulation_results/IndelSIEVE_benchmark_pipeline_sa_201/benchmark_results/simulated_data/results/data_type/no_cnv/0010/true_evo_events_ternary_matrix.simple	/raid/kang/DelSIEVE/simulation_results/IndelSIEVE_benchmark_pipeline_sa_201/benchmark_results/indelsieve/from_candidate/variant_calling/stage2/mt/no_cnv/smc_mudel_sa_stage_1-smc_mudel_sa_stage_2/0010/indelsieve_median.ternary	/raid/kang/DelSIEVE/simulation_results/IndelSIEVE_benchmark_pipeline_sa_201/benchmark_results/indelsieve/from_candidate/variant_calling/stage2/mt/no_cnv/smc_mudel_sa_stage_1-smc_mudel_sa_stage_2/0010/indelsieve_median.probs	3228	70	27109	953	0.7720640994977278	0.9787750151607034	0.8632170076213398	0.002575517863056	3228	70	27330	732	0.8151515151515152	0.9787750151607034	0.8895012400110224	0.0025547445255474	3213	73	27342	732	0.8144486692015209	0.9777845404747412	0.888673765730881	0.0026627758526354	12	0	31345	3	0.8	1.0	0.888888888888889	0.0	15	70	0	3	0	0	11799	1	0.0	NA	0.0	NA	0	0	11800	0	NA	NA	0.0	NA	0	0	11800	0	NA	NA	0.0	NA	0	0	11799	1	0.0	NA	0.0	NA	1	0	0	0	0	0	11800	0	NA	NA	0.0	NA
